run,date,start_time,ebeam,current,target,hms_p,hms_th,shms_p,shms_th,ps1,ps2,ps3,ps4,ps5,ps6,run_type,comment
23834,07/15,23:26,8.5831,5.0,HOLE,2.28,42.0,-7.07,12.465,0,-1,0,-1,-1,-1,HOLE,!First real RSIDIS run!!!
23835,07/15,23:58,8.5831,5.0,HOLE,2.28,42.0,-7.07,12.465,0,-1,0,-1,-1,-1,HOLE,0
23837,07/16,00:43,8.5831,5.0,HOLE,2.28,42.0,-7.07,12.465,0,-1,0,-1,-1,-1,HOLE,EDTM is off; 3x3 raster look good
23838,07/16,00:51,8.5831,5.0,HOLE,2.28,42.0,-7.07,12.465,0,-1,0,-1,-1,-1,HOLE,2X2 raster look good
23839,07/16,05:51,8.5831,5.0,LH2,2.28,42.0,-7.07,12.465,-1,-1,-1,-1,0,-1,SHMSHEEP,"Changed to LH2 target;Beam trips above 5uA, so kept running at 5uA"
23840,07/16,06:46,8.5831,5.0,LH2,2.28,42.0,-7.07,12.465,-1,-1,-1,-1,0,-1,SHMSHEEP,0
23841,07/16,07:22,8.5831,25.0,LH2,2.28,42.0,-7.07,12.465,-1,-1,-1,-1,0,-1,SHMSHEEP,Current changed from 5uA to 25uA  in the middle of the run
23842,07/16,08:37,8.5831,35.0,LH2,2.28,42.0,-7.07,12.465,-1,-1,-1,-1,0,-1,SHMSHEEP,"pushed to max current, current was up to 40uA"
23844,07/16,09:46,8.5831,30.0,LH2,2.28,42.0,-7.07,12.465,-1,-1,-1,-1,0,-1,SHMSHEEP,0
23845,07/16,10:18,8.5831,30.0,LH2,2.28,42.0,-7.07,12.465,-1,-1,-1,-1,0,-1,SHMSHEEP,current 30-50uA
23846,07/16,10:49,8.5831,40.0,LH2,2.28,42.0,-7.07,12.465,-1,-1,-1,-1,0,-1,SHMSHEEP,current vary around 40uA
23847,07/16,11:22,8.5831,40.0,LH2,2.28,42.0,-7.07,12.465,-1,-1,-1,-1,0,-1,SHMSHEEP,current vary from 40-50uA
23848,07/16,11:54,8.5831,40.0,LH2,2.28,42.0,-7.07,12.465,-1,-1,-1,-1,0,-1,SHMSHEEP,current vary from 40-50uA
23849,07/16,13:28,8.5831,40.0,LH2,3.75,29.99,-5.67,19.34,-1,-1,-1,-1,0,-1,SHMSHEEP,"detectors changed to low rate elastic p(e,e'p) setting; current 30-50uA"
23850,07/16,14:01,8.5831,40.0,LH2,3.75,29.99,-5.67,19.34,-1,-1,-1,-1,0,-1,SHMSHEEP,current 30-50uA
23851,07/16,14:33,8.5831,40.0,LH2,3.75,29.99,-5.67,19.34,-1,-1,-1,-1,0,-1,SHMSHEEP,current 30-50uA
23853,07/16,16:12,8.5831,max,LH2,-4.5,14.0,-4.5,13.995,-1,-1,5,-1,-1,-1,HMSDIS,"changed to DIS setting at x=0.3, Q2=2.3, W=2.5;No clear current recorded"
23855,07/16,16:31,8.5831,max,LH2,-4.5,14.0,-4.5,13.995,-1,-1,-1,4,-1,-1,HMSDIS,No clear current recorded
23856,07/16,16:46,8.5831,max,LH2,-4.5,14.0,-4.5,13.995,7,-1,-1,-1,-1,-1,SHMSDIS,SHMS run; No clear current recorded
23857,07/16,17:25,8.5831,max,LH2,-4.5,14.0,-4.5,13.995,-1,-1,5,-1,-1,-1,HMSDIS,No clear current recorded
23858,07/16,18:12,8.5831,max,LH2,-4.5,14.0,-4.5,13.995,-1,-1,5,-1,-1,-1,HMSDIS,No clear current recorded
23859,07/16,18:48,8.5831,35.0,LH2,-4.5,14.0,-4.5,13.995,-1,-1,-1,4,-1,-1,HMSDIS,DIS production run with HMS EL_REAL trigger;
23860,07/16,19:38,8.5831,30.0,Dummy,-4.5,14.0,-4.5,13.995,-1,-1,-1,4,-1,-1,HMSDIS,0
23861,07/17,00:05,8.5831,45.0,LH2,-1.531,29.045,-3.632,11.07,-1,-1,-1,-1,-1,0,PI-SIDIS,First SIDIS runs! cointime not centered in window!
23862,07/17,01:58,8.5831,25.0,LD2,-1.531,29.045,-3.632,11.07,-1,-1,-1,-1,-1,0,PI-SIDIS,0
23864,07/17,03:15,8.5831,40.0,C,-1.531,29.045,-3.632,11.07,-1,-1,-1,-1,-1,0,PI-SIDIS,0
23865,07/17,04:13,8.5831,40.0,Cu,-1.531,29.045,-3.632,11.07,-1,-1,-1,-1,-1,0,PI-SIDIS,0
23866,07/17,04:52,8.5831,40.0,Dummy,-1.531,29.045,-3.632,11.07,-1,-1,-1,-1,-1,0,PI-SIDIS,0
23867,07/17,05:41,8.5831,45.0,LH2,-1.531,29.045,-3.632,11.07,-1,-1,-1,-1,-1,0,PI-SIDIS,0
23868,07/17,06:12,8.5831,45.0,LH2,-1.531,29.045,-3.632,11.07,-1,-1,-1,-1,-1,0,PI-SIDIS,0
23876,07/17,22:59,8.5831,15.0,LH2,-1.531,29.045,-2.615,7.865,-1,-1,-1,-1,-1,0,PI-SIDIS,"First run with cointime centered in window, SHMS S2Y15- missing"
23878,07/17,23:53,8.5831,7.0,LD2,-1.531,29.045,-2.615,7.865,-1,-1,-1,-1,-1,0,PI-SIDIS,10uA->7uA to get good trigger rate. SHMS S2Y15- missing
23879,07/18,00:48,8.5831,15.0,Dummy,-1.531,29.045,-2.615,7.865,-1,-1,-1,-1,-1,0,PI-SIDIS,SHMS S2Y15- missing
23880,07/18,01:31,8.5831,15.0,LH2,-1.531,29.045,-2.615,7.865,-1,-1,-1,-1,0,-1,PI-SIDIS,SHMS S2Y15- missing
23881,07/18,02:06,8.5831,14.0,LH2,-1.531,29.045,-2.615,7.865,-1,-1,-1,-1,-1,0,PI-SIDIS,SHMS S2Y15- missing
23882,07/18,02:39,8.5831,14.0,LH2,-1.531,29.045,-2.615,7.865,-1,-1,-1,-1,-1,0,PI-SIDIS,SHMS S2Y15- missing
23883,07/18,03:12,8.5831,14.0,LH2,-1.531,29.045,-2.615,7.865,-1,-1,-1,-1,-1,0,PI-SIDIS,SHMS S2Y15- missing
23884,07/18,03:43,8.5831,14.0,LH2,-1.531,29.045,-2.615,7.865,-1,-1,-1,-1,-1,0,PI-SIDIS,SHMS S2Y15- missing
23885,07/18,04:16,8.5831,7.0,LH2,-1.531,29.045,-2.615,7.865,-1,-1,-1,-1,-1,0,PI-SIDIS,SHMS S2Y15- missing
23886,07/18,04:56,8.5831,7.0,LD2,-1.531,29.045,-2.615,7.865,-1,-1,-1,-1,-1,0,PI-SIDIS,SHMS S2Y15- missing
23887,07/18,05:29,8.5831,7.0,LD2,-1.531,29.045,-2.615,7.865,-1,-1,-1,-1,-1,0,PI-SIDIS,SHMS S2Y15- missing
23888,07/18,06:00,8.5831,7.0,LD2,-1.531,29.045,-2.615,7.865,-1,-1,-1,-1,-1,0,PI-SIDIS,SHMS S2Y15- missing
23889,07/18,06:36,8.5831,7.0,LD2,-1.531,29.045,-2.615,7.865,-1,-1,-1,-1,-1,0,PI-SIDIS,SHMS S2Y15- missing
23890,07/18,07:18,8.5831,15.0,Dummy,-1.531,29.045,-2.615,7.865,-1,-1,-1,-1,-1,0,PI-SIDIS,SHMS S2Y15- missing
23891,07/18,07:51,8.5831,8.0,Dummy,-1.531,29.045,-2.615,7.865,-1,-1,-1,-1,-1,0,PI-SIDIS,SHMS S2Y15- missing
23892,07/18,08:59,8.5831,20.0,LH2,-1.531,29.045,-2.615,7.865,-1,-1,-1,-1,-1,0,PI-SIDIS,SHMS S2Y15- missing
23893,07/18,09:33,8.5831,20.0,LH2,-1.531,29.045,-2.615,7.865,-1,-1,-1,-1,-1,0,PI-SIDIS,SHMS S2Y15- missing
23894,07/18,10:09,8.5831,20.0,LH2,-1.531,29.045,-2.615,7.865,-1,-1,-1,-1,-1,0,PI-SIDIS,SHMS S2Y15- missing
23895,07/18,10:44,8.5831,20.0,LH2,-1.531,29.045,-2.615,7.865,-1,-1,-1,-1,-1,0,PI-SIDIS,SHMS S2Y15- missing
23896,07/18,11:23,8.5831,10.0,LH2,-1.531,29.045,-2.615,7.865,-1,-1,-1,-1,-1,0,PI-SIDIS,SHMS S2Y15- missing
23897,07/18,12:11,8.5831,10.0,LD2,-1.531,29.045,-2.615,7.865,-1,-1,-1,-1,-1,0,PI-SIDIS,SHMS S2Y15- missing
23898,07/18,12:44,8.5831,10.0,LD2,-1.531,29.045,-2.615,7.865,-1,-1,-1,-1,-1,0,PI-SIDIS,SHMS S2Y15- missing
23899,07/18,13:20,8.5831,10.0,LD2,-1.531,29.045,-2.615,7.865,-1,-1,-1,-1,-1,0,PI-SIDIS,SHMS S2Y15- missing
23900,07/18,13:52,8.5831,10.0,LD2,-1.531,29.045,-2.615,7.865,-1,-1,-1,-1,-1,0,PI-SIDIS,SHMS S2Y15- missing
23901,07/18,14:44,8.5831,10.0,Dummy,-1.531,29.045,-2.615,7.865,-1,-1,-1,-1,-1,0,PI-SIDIS,SHMS S2Y15- missing
23902,07/18,15:10,8.5831,20.0,Dummy,-1.531,29.045,-2.615,7.865,-1,-1,-1,-1,-1,0,PI-SIDIS,SHMS S2Y15- missing
23903,07/18,15:43,8.5831,20.0,Dummy,-1.531,29.045,-2.615,7.865,-1,-1,-1,-1,-1,0,PI-SIDIS,SHMS S2Y15- missing
23904,07/18,16:45,8.5831,20.0,LH2,-1.531,29.045,-2.615,7.865,-1,-1,-1,-1,-1,0,PI-SIDIS,"SHMS FADC lookback window adjusted, SHMS S2Y15- back"
23905,07/18,17:17,8.5831,20.0,LH2,-1.531,29.045,-2.615,7.865,-1,-1,-1,-1,-1,0,PI-SIDIS,0
23906,07/18,17:48,8.5831,20.0,LH2,-1.531,29.045,-2.615,7.865,-1,-1,-1,-1,-1,0,PI-SIDIS,0
23907,07/18,18:18,8.5831,20.0,LH2,-1.531,29.045,-2.615,7.865,-1,-1,-1,-1,-1,0,PI-SIDIS,0
23908,07/18,18:49,8.5831,10.0,LH2,-1.531,29.045,-2.615,7.865,-1,-1,-1,-1,-1,0,PI-SIDIS,0
23909,07/18,19:25,8.5831,10.0,LH2,-1.531,29.045,-2.615,7.865,-1,-1,-1,0,-1,-1,HMSDIS,HMS singles
23911,07/18,20:04,8.5831,10.0,LH2,-1.531,29.045,-2.615,7.865,-1,5,-1,-1,-1,-1,SHMSDIS,SHMS singles
23912,07/18,20:34,8.5831,10.0,LH2,-1.531,29.045,-2.615,7.865,-1,7,-1,-1,-1,-1,SHMSDIS,SHMS singles
23913,07/18,21:45,8.5831,10.0,LH2,-1.531,29.045,-2.615,7.865,-1,7,-1,-1,-1,-1,SHMSDIS,SHMS singles
23915,07/18,22:08,8.5831,10.0,LD2,-1.531,29.045,-2.615,7.865,-1,7,-1,-1,-1,-1,SHMSDIS,SHMS singles
23918,07/18,22:45,8.5831,10.0,LD2,-1.531,29.045,-2.615,7.865,-1,-1,-1,3,-1,-1,HMSDIS,0
23919,07/18,23:05,8.5831,10.0,LD2,-1.531,29.045,-2.615,7.865,-1,-1,-1,2,-1,-1,HMSDIS,HMS singles
23925,07/19,00:41,8.5831,15.0,Dummy,-1.531,29.045,-2.615,7.865,-1,-1,-1,1,-1,-1,HMSDIS,HMS singles
23933,07/19,01:29,8.5831,10.0,Dummy,-1.531,29.045,-2.615,7.865,-1,6,-1,-1,-1,-1,SHMSDIS,0
23934,07/19,02:10,8.5831,10.0,C,-1.531,29.045,-2.615,7.865,-1,-1,-1,0,-1,-1,HMSDIS,0
23937,07/19,02:47,8.5831,10.0,C,-1.531,29.045,-2.615,7.865,-1,7,-1,-1,-1,-1,SHMSDIS,0
23938,07/19,03:26,8.5831,10.0,Cu,-1.531,29.045,-2.615,7.865,-1,-1,-1,0,-1,-1,HMSDIS,0
23941,07/19,04:02,8.5831,10.0,Cu,-1.531,29.045,-2.615,7.865,-1,7,-1,-1,-1,-1,SHMSDIS,0
23942,07/19,04:52,8.5831,10.0,LH2,-1.531,29.045,-2.615,7.865,-1,-1,-1,-1,-1,0,PI-SIDIS,0
23943,07/19,05:25,8.5831,10.0,LH2,-1.531,29.045,-2.615,7.865,-1,-1,-1,-1,-1,0,PI-SIDIS,0
23944,07/19,05:39,8.5831,20.0,LH2,-1.531,29.045,-2.615,7.865,-1,-1,-1,-1,-1,0,PI-SIDIS,0
23945,07/19,06:10,8.5831,20.0,LH2,-1.531,29.045,-2.615,7.865,-1,-1,-1,-1,-1,0,PI-SIDIS,0
23946,07/19,06:41,8.5831,20.0,LH2,-1.531,29.045,-2.615,7.865,-1,-1,-1,-1,-1,0,PI-SIDIS,0
23947,07/19,07:13,8.5831,20.0,LH2,-1.531,29.045,-2.615,7.865,-1,-1,-1,-1,-1,0,PI-SIDIS,0
23948,07/19,08:07,8.5831,20.0,Dummy,-1.531,29.045,-2.615,7.865,-1,-1,-1,-1,-1,0,PI-SIDIS,0
23949,07/19,08:46,8.5831,10.0,Dummy,-1.531,29.045,-2.615,7.865,-1,-1,-1,-1,-1,0,PI-SIDIS,0
23950,07/19,09:15,8.5831,20.0,LH2,-1.531,29.045,-2.615,7.865,-1,-1,-1,-1,-1,0,PI-SIDIS,0
23951,07/19,09:49,8.5831,20.0,LH2,-1.531,29.045,-2.615,7.865,-1,-1,-1,-1,-1,0,PI-SIDIS,0
23952,07/19,10:26,8.5831,20.0,LH2,-1.531,29.045,-2.615,7.865,-1,-1,-1,-1,-1,0,PI-SIDIS,0
23953,07/19,10:59,8.5831,20.0,LH2,-1.531,29.045,-2.615,7.865,-1,-1,-1,-1,-1,0,PI-SIDIS,0
23954,07/19,11:31,8.5831,10.0,LH2,-1.531,29.045,-2.615,7.865,-1,-1,-1,-1,-1,0,PI-SIDIS,0
23955,07/19,12:13,8.5831,20.0,Dummy,-1.531,29.045,-2.615,7.865,-1,-1,-1,-1,-1,0,PI-SIDIS,0
23956,07/19,12:45,8.5831,10.0,Dummy,-1.531,29.045,-2.615,7.865,-1,-1,-1,-1,-1,0,PI-SIDIS,0
23957,07/19,13:47,8.5831,32.0,LH2,-1.531,29.045,-6.538,7.865,-1,-1,-1,-1,-1,0,PI-SIDIS,0
23959,07/19,14:20,8.5831,0-45,NONE,-1.531,29.045,-6.538,7.865,0,-1,0,-1,-1,0,BCM,BCM calibration run; EDTM=10Hz
23960,07/19,15:24,8.5831,32.0,LH2,-1.531,29.045,-6.538,7.865,-1,-1,-1,-1,-1,0,PI-SIDIS,0
23961,07/19,15:56,8.5831,20.0,LH2,-1.531,29.045,-6.538,7.865,-1,-1,-1,-1,-1,0,PI-SIDIS,0
23962,07/19,16:13,8.5831,10.0,LH2,-1.531,29.045,-6.538,7.865,-1,-1,-1,-1,-1,0,PI-SIDIS,0
23963,07/19,16:31,8.5831,10.0,LH2,-1.531,29.045,-6.538,7.865,-1,-1,-1,0,-1,-1,HMSDIS,HMS singles
23964,07/19,17:15,8.5831,20.0,LD2,-1.531,29.045,-6.538,7.865,-1,-1,-1,-1,-1,0,PI-SIDIS,0
23965,07/19,17:47,8.5831,20.0,LD2,-1.531,29.045,-6.538,7.865,-1,-1,-1,-1,-1,0,PI-SIDIS,0
23966,07/19,18:19,8.5831,20.0,LD2,-1.531,29.045,-6.538,7.865,-1,-1,-1,-1,-1,0,PI-SIDIS,0
23967,07/19,19:06,8.5831,40.0,Dummy,-1.531,29.045,-6.538,7.865,-1,-1,-1,-1,-1,0,PI-SIDIS,0
23968,07/19,19:40,8.5831,20.0,Dummy,-1.531,29.045,-6.538,7.865,-1,-1,-1,0,-1,-1,HMSDIS,HMS SINGLE
23969,07/19,20:09,8.5831,30.0,C,-1.531,29.045,-6.538,7.865,-1,-1,-1,-1,-1,0,PI-SIDIS,0
23970,07/19,20:41,8.5831,30.0,C,-1.531,29.045,-6.538,7.865,-1,-1,-1,-1,-1,0,PI-SIDIS,0
23971,07/19,21:14,8.5831,15.0,C,-1.531,29.045,-6.538,7.865,-1,-1,-1,0,-1,-1,HMSDIS,HMS SINGLE
23972,07/19,21:33,8.5831,30.0,Cu,-1.531,29.045,-6.538,7.865,-1,-1,-1,-1,-1,0,PI-SIDIS,0
23973,07/19,22:07,8.5831,30.0,Cu,-1.531,29.045,-6.538,7.865,-1,-1,-1,-1,-1,0,PI-SIDIS,0
23974,07/19,23:09,8.5831,30.0,Cu,-1.531,29.045,-6.538,7.865,-1,-1,-1,-1,-1,0,PI-SIDIS,0
23975,07/19,23:41,8.5831,15.0,Cu,-1.531,29.045,-6.538,7.865,-1,-1,-1,-1,-1,0,PI-SIDIS,0
23976,07/20,00:17,8.5831,15.0,Cu,-1.531,29.045,-6.538,7.865,-1,-1,-1,0,-1,-1,HMSDIS,"HMS SINGLE;current recorded as 10,15uA"
23977,07/20,01:22,8.5831,32.0,LH2,-1.531,29.045,-4.868,7.865,-1,-1,-1,-1,-1,0,PI-SIDIS,0
23979,07/20,01:59,8.5831,32.0,LH2,-1.531,29.045,-4.868,7.865,-1,-1,-1,-1,0,-1,PI-SIDIS,0
23980,07/20,02:49,8.5831,19.0,LD2,-1.531,29.045,-4.868,7.865,-1,-1,-1,-1,-1,0,PI-SIDIS,0
23981,07/20,03:36,8.5831,40.0,Dummy,-1.531,29.045,-4.868,7.865,-1,-1,-1,-1,-1,0,PI-SIDIS,0
23982,07/20,04:19,8.5831,30.0,C,-1.531,29.045,-4.868,7.865,-1,-1,-1,-1,-1,0,PI-SIDIS,0
23983,07/20,05:31,8.5831,30.0,C,-1.531,29.045,-4.868,7.865,-1,-1,-1,-1,-1,0,PI-SIDIS,0
23984,07/20,06:13,8.5831,30.0,Cu,-1.531,29.045,-4.868,7.865,-1,-1,-1,-1,-1,0,PI-SIDIS,0
23985,07/20,07:01,8.5831,32.0,LH2,-1.531,29.045,-4.868,7.865,-1,-1,-1,-1,-1,0,PI-SIDIS,0
23986,07/20,07:33,8.5831,32.0,LH2,-1.531,29.045,-4.868,7.865,-1,-1,-1,-1,-1,0,PI-SIDIS,0
23987,07/20,08:07,8.5831,32.0,LH2,-1.531,29.045,-4.868,7.865,-1,-1,-1,-1,-1,0,PI-SIDIS,0
23988,07/20,08:39,8.5831,32.0,LH2,-1.531,29.045,-4.868,7.865,-1,-1,-1,-1,-1,0,PI-SIDIS,0
23989,07/20,09:37,8.5831,40.0,LH2,-1.531,29.045,-4.868,7.865,-1,-1,-1,-1,-1,0,PI-SIDIS,0
23990,07/20,10:11,8.5831,20.0,LH2,-1.531,29.045,-4.868,7.865,-1,-1,-1,-1,-1,0,PI-SIDIS,0
23991,07/20,10:45,8.5831,10.0,LH2,-1.531,29.045,-4.868,7.865,-1,-1,-1,-1,-1,0,PI-SIDIS,0
23992,07/20,11:22,8.5831,20.0,LD2,-1.531,29.045,-4.868,7.865,-1,-1,-1,-1,-1,0,PI-SIDIS,0
23993,07/20,11:57,8.5831,20.0,LD2,-1.531,29.045,-4.868,7.865,-1,-1,-1,-1,-1,0,PI-SIDIS,0
23994,07/20,12:31,8.5831,20.0,LD2,-1.531,29.045,-4.868,7.865,-1,-1,-1,-1,-1,0,PI-SIDIS,0
23995,07/20,13:11,8.5831,20.0,LD2,-1.531,29.045,-4.868,7.865,-1,-1,-1,-1,-1,0,PI-SIDIS,0
23996,07/20,13:40,8.5831,14.0,LD2,-1.531,29.045,-4.868,7.865,-1,-1,-1,-1,-1,0,PI-SIDIS,0
23998,07/20,14:15,8.5831,10.0,LD2,-1.531,29.045,-4.868,7.865,-1,-1,-1,-1,-1,0,PI-SIDIS,0
23999,07/20,14:55,8.5831,40.0,Dummy,-1.531,29.045,-4.868,7.865,-1,-1,-1,-1,-1,0,PI-SIDIS,0
24001,07/20,15:36,8.5831,35.0,C,-1.531,29.045,-4.868,7.865,-1,-1,-1,-1,-1,0,PI-SIDIS,0
24002,07/20,16:07,8.5831,35.0,C,-1.531,29.045,-4.868,7.865,-1,-1,-1,-1,-1,0,PI-SIDIS,0
24003,07/20,16:37,8.5831,35.0,C,-1.531,29.045,-4.868,7.865,-1,-1,-1,-1,-1,0,PI-SIDIS,0
24004,07/20,17:08,8.5831,18.0,C,-1.531,29.045,-4.868,7.865,-1,-1,-1,-1,-1,0,PI-SIDIS,0
24005,07/20,17:54,8.5831,40.0,Cu,-1.531,29.045,-4.868,7.865,-1,-1,-1,-1,-1,0,PI-SIDIS,0
24006,07/20,18:25,8.5831,40.0,Cu,-1.531,29.045,-4.868,7.865,-1,-1,-1,-1,-1,0,PI-SIDIS,0
24007,07/20,18:56,8.5831,40.0,Cu,-1.531,29.045,-4.868,7.865,-1,-1,-1,-1,-1,0,PI-SIDIS,0
24008,07/20,19:27,8.5831,40.0,Cu,-1.531,29.045,-4.868,7.865,-1,-1,-1,-1,-1,0,PI-SIDIS,0
24009,07/20,19:36,8.5831,40.0,Cu,-1.531,29.045,-4.868,7.865,-1,-1,-1,-1,-1,0,PI-SIDIS,0
24010,07/20,20:18,8.5831,40.0,Cu,-1.531,29.045,-4.868,7.865,-1,-1,-1,-1,-1,0,PI-SIDIS,"After 57k,beam was off about 13min;hMMpi->no events in histogram"
24011,07/20,21:22,8.5831,40.0,LH2,-1.531,29.045,-4.868,7.865,-1,-1,-1,-1,-1,0,PI-SIDIS,0
24012,07/20,21:54,8.5831,40.0,LH2,-1.531,29.045,-4.868,7.865,-1,-1,-1,-1,-1,0,PI-SIDIS,0
24013,07/20,22:25,8.5831,40.0,LH2,-1.531,29.045,-4.868,7.865,-1,-1,-1,-1,-1,0,PI-SIDIS,0
24014,07/20,22:56,8.5831,40.0,LH2,-1.531,29.045,-4.868,7.865,-1,-1,-1,-1,-1,0,PI-SIDIS,0
24015,07/20,23:28,8.5831,27.0,LH2,-1.531,29.045,-4.868,7.865,-1,-1,-1,-1,-1,0,PI-SIDIS,0
24016,07/21,00:02,8.5831,13.0,LH2,-1.531,29.045,-4.868,7.865,-1,-1,-1,-1,-1,0,PI-SIDIS,0
24017,07/21,00:44,8.5831,13.0,LH2,-1.531,29.045,-4.868,7.865,-1,-1,-1,0,-1,-1,HMSDIS,HMS SINGLE
24018,07/21,01:18,8.5831,13.0,LH2,-1.531,29.045,-4.868,7.865,-1,7,-1,-1,-1,-1,SHMSDIS,0
24019,07/21,01:58,8.5831,20.0,LD2,-1.531,29.045,-4.868,7.865,-1,-1,-1,-1,-1,0,PI-SIDIS,0
24020,07/21,02:30,8.5831,20.0,LD2,-1.531,29.045,-4.868,7.865,-1,-1,-1,-1,-1,0,PI-SIDIS,0
24021,07/21,03:07,8.5831,20.0,LD2,-1.531,29.045,-4.868,7.865,-1,-1,-1,-1,-1,0,PI-SIDIS,0
24022,07/21,03:40,8.5831,20.0,LD2,-1.531,29.045,-4.868,7.865,-1,-1,-1,-1,-1,0,PI-SIDIS,0
24023,07/21,04:15,8.5831,14.0,LD2,-1.531,29.045,-4.868,7.865,-1,-1,-1,-1,-1,0,PI-SIDIS,HMS magnets tripped ~ 30s before the run stop!
24024,07/21,05:08,8.5831,14.0,LD2,-1.531,29.045,-4.868,7.865,-1,-1,-1,-1,-1,0,PI-SIDIS,0
24026,07/21,05:42,8.5831,10.0,LD2,-1.531,29.045,-4.868,7.865,-1,-1,-1,-1,-1,0,PI-SIDIS,0
24027,07/21,06:47,8.5831,10.0,LD2,-1.531,29.045,-4.868,7.865,-1,-1,-1,0,-1,-1,HMSDIS,0
24031,07/21,07:26,8.5831,10.0,LD2,-1.531,29.045,-4.868,7.865,-1,8,-1,-1,-1,-1,SHMSDIS,0
24032,07/21,08:08,8.5831,40.0,Dummy,-1.531,29.045,-4.868,7.865,-1,-1,-1,-1,-1,0,PI-SIDIS,0
24038,07/21,13:00,8.5831,20.0,Dummy,-1.531,29.045,-4.868,7.865,-1,8,-1,-1,-1,-1,SHMSDIS,EDTM was on 100Hz
24039,07/21,13:29,8.5831,35.0,C,-1.531,29.045,-4.868,7.865,-1,-1,-1,-1,-1,0,PI-SIDIS,Beam taken away
24040,07/21,14:15,8.5831,30.0,C,-1.531,29.045,-4.868,7.865,-1,-1,-1,-1,-1,0,PI-SIDIS,Current -> 35uA; run ended due to no beam
24041,07/21,17:30,8.5831,35.0,C,-1.531,29.045,-4.868,7.865,-1,-1,-1,-1,-1,0,PI-SIDIS,0
24042,07/21,17:44,8.5831,35.0,C,-1.531,29.045,-4.868,7.865,-1,-1,-1,-1,-1,0,PI-SIDIS,0
24043,07/21,18:16,8.5831,17.0,C,-1.531,29.045,-4.868,7.865,-1,-1,-1,-1,-1,0,PI-SIDIS,0
24044,07/21,18:50,8.5831,17.0,C,-1.531,29.045,-4.868,7.865,-1,-1,-1,0,-1,-1,HMSDIS,0
24046,07/21,19:15,8.5831,17.0,C,-1.531,29.045,-4.868,7.865,-1,8,-1,-1,-1,-1,SHMSDIS,Target was moved ~2mins before run Stop!
24047,07/21,19:44,8.5831,40.0,Cu,-1.531,29.045,-4.868,7.865,-1,-1,-1,-1,-1,0,PI-SIDIS,0
24048,07/21,20:16,8.5831,40.0,Cu,-1.531,29.045,-4.868,7.865,-1,-1,-1,-1,-1,0,PI-SIDIS,0
24049,07/21,20:48,8.5831,40.0,Cu,-1.531,29.045,-4.868,7.865,-1,-1,-1,-1,-1,0,PI-SIDIS,0
24050,07/21,21:20,8.5831,40.0,Cu,-1.531,29.045,-4.868,7.865,-1,-1,-1,-1,-1,0,PI-SIDIS,0
24051,07/21,22:02,8.5831,40.0,Cu,-1.531,29.045,-4.868,7.865,-1,-1,-1,-1,-1,0,PI-SIDIS,0
24052,07/21,22:35,8.5831,20.0,Cu,-1.531,29.045,-4.868,7.865,-1,-1,-1,0,-1,-1,HMSDIS,0
24053,07/21,22:54,8.5831,20.0,Cu,-1.531,29.045,-4.868,7.865,-1,8,-1,-1,-1,-1,SHMSDIS,0
24054,07/21,23:22,8.5831,40.0,LH2,-1.531,29.045,-4.868,7.865,-1,-1,-1,-1,-1,0,PI-SIDIS,0
24055,07/21,23:54,8.5831,40.0,LH2,-1.531,29.045,-4.868,7.865,-1,-1,-1,-1,-1,0,PI-SIDIS,0
24056,07/22,00:29,8.5831,40.0,LH2,-1.531,29.045,-4.868,7.865,-1,-1,-1,-1,-1,0,PI-SIDIS,0
24057,07/22,01:07,8.5831,40.0,LH2,-1.531,29.045,-4.868,7.865,-1,-1,-1,-1,-1,0,PI-SIDIS,0
24058,07/22,01:38,8.5831,27.0,LH2,-1.531,29.045,-4.868,7.865,-1,-1,-1,-1,-1,0,PI-SIDIS,0
24059,07/22,02:09,8.5831,13.0,LH2,-1.531,29.045,-4.868,7.865,-1,-1,-1,-1,-1,0,PI-SIDIS,0
24060,07/22,02:46,8.5831,20.0,LD2,-1.531,29.045,-4.868,7.865,-1,-1,-1,-1,-1,0,PI-SIDIS,0
24061,07/22,03:19,8.5831,20.0,LD2,-1.531,29.045,-4.868,7.865,-1,-1,-1,-1,-1,0,PI-SIDIS,0
24062,07/22,03:50,8.5831,20.0,LD2,-1.531,29.045,-4.868,7.865,-1,-1,-1,-1,-1,0,PI-SIDIS,0
24063,07/22,04:21,8.5831,20.0,LD2,-1.531,29.045,-4.868,7.865,-1,-1,-1,-1,-1,0,PI-SIDIS,0
24064,07/22,04:53,8.5831,14.0,LD2,-1.531,29.045,-4.868,7.865,-1,-1,-1,-1,-1,0,PI-SIDIS,0
24065,07/22,05:24,8.5831,10.0,LD2,-1.531,29.045,-4.868,7.865,-1,-1,-1,-1,-1,0,PI-SIDIS,0
24066,07/22,06:12,8.5831,40.0,Dummy,-1.531,29.045,-4.868,7.865,-1,-1,-1,-1,-1,0,PI-SIDIS,0
24067,07/22,06:49,8.5831,35.0,C,-1.531,29.045,-4.868,7.865,-1,-1,-1,-1,-1,0,PI-SIDIS,0
24068,07/22,07:20,8.5831,35.0,C,-1.531,29.045,-4.868,7.865,-1,-1,-1,-1,-1,0,PI-SIDIS,0
24069,07/22,07:51,8.5831,35.0,C,-1.531,29.045,-4.868,7.865,-1,-1,-1,-1,-1,0,PI-SIDIS,0
24070,07/22,08:34,8.5831,35.0,C,-1.531,29.045,-4.868,7.865,-1,-1,-1,-1,-1,0,PI-SIDIS,0
24071,07/22,14:06,8.5831,40.0,Cu,-1.531,29.045,-4.868,7.865,-1,-1,-1,-1,-1,0,PI-SIDIS,0
24072,07/22,14:45,8.5831,40.0,Cu,-1.531,29.045,-4.868,7.865,-1,-1,-1,-1,-1,0,PI-SIDIS,0
24073,07/22,15:16,8.5831,40.0,Cu,-1.531,29.045,-4.868,7.865,-1,-1,-1,-1,-1,0,PI-SIDIS,0
24074,07/22,15:47,8.5831,40.0,Cu,-1.531,29.045,-4.868,7.865,-1,-1,-1,-1,-1,0,PI-SIDIS,
24075,07/22,16:18,8.5831,40.0,Cu,-1.531,29.045,-4.868,7.865,-1,-1,-1,-1,-1,0,PI-SIDIS,0
24076,07/22,16:50,8.5831,40.0,Cu,-1.531,29.045,-4.868,7.865,-1,-1,-1,-1,-1,0,PI-SIDIS,0
24078,07/22,17:27,8.5831,5.0,Cu,-1.531,29.045,-4.868,7.865,-1,6,-1,-1,-1,-1,SHMSDIS,Low current run for DC calibration
24079,07/22,17:41,8.5831,42.0,Cu,-1.531,29.045,-4.868,7.865,-1,-1,-1,-1,-1,0,PI-SIDIS,0
24080,07/22,18:12,8.5831,42.0,Cu,-1.531,29.045,-4.868,7.865,-1,-1,-1,-1,-1,0,PI-SIDIS,0
24081,07/22,18:54,8.5831,40.0,LH2,-1.531,29.045,-4.868,7.865,-1,-1,-1,-1,-1,0,PI-SIDIS,0
24082,07/22,19:26,8.5831,40.0,LH2,-1.531,29.045,-4.868,7.865,-1,-1,-1,-1,-1,0,PI-SIDIS,0
24083,07/22,20:05,8.5831,30.0,LH2,-1.531,29.045,-4.868,7.865,-1,-1,-1,0,-1,-1,HMSDIS,0
24084,07/22,20:44,8.5831,38.0,Dummy,-1.531,29.045,-4.868,7.865,-1,-1,-1,-1,-1,0,PI-SIDIS,0
24085,07/22,21:16,8.5831,38.0,Dummy,-1.531,29.045,-4.868,7.865,-1,-1,-1,-1,-1,0,PI-SIDIS,0
24086,07/22,21:48,8.5831,38.0,Dummy,-1.531,29.045,-4.868,7.865,-1,-1,-1,-1,-1,0,PI-SIDIS,0
24087,07/22,22:30,8.5831,40.0,C,-1.531,29.045,-4.868,7.865,-1,-1,-1,-1,-1,0,PI-SIDIS,0
24089,07/22,23:31,8.5831,30.0,LH2,-1.531,29.045,-3.632,7.865,-1,-1,-1,-1,-1,0,PI-SIDIS,Starting z=0.5
24091,07/23,00:01,8.5831,30.0,LH2,-1.531,29.045,-3.632,7.865,-1,-1,-1,-1,0,-1,PI-SIDIS,Trigger efficiency check
24092,07/23,00:35,8.5831,30.0,LH2,-1.531,29.045,-3.632,7.865,-1,-1,-1,-1,-1,0,PI-SIDIS,0
24093,07/23,01:08,8.5831,30.0,LH2,-1.531,29.045,-3.632,7.865,-1,-1,-1,-1,-1,0,PI-SIDIS,0
24094,07/23,01:39,8.5831,30.0,LH2,-1.531,29.045,-3.632,7.865,-1,-1,-1,-1,-1,0,PI-SIDIS,0
24095,07/23,02:10,8.5831,20.0,LH2,-1.531,29.045,-3.632,7.865,-1,-1,-1,-1,-1,0,PI-SIDIS,0
24096,07/23,02:42,8.5831,10.0,LH2,-1.531,29.045,-3.632,7.865,-1,-1,-1,-1,-1,0,PI-SIDIS,0
24097,07/23,03:26,8.5831,15.0,LD2,-1.531,29.045,-3.632,7.865,-1,-1,-1,-1,-1,0,PI-SIDIS,PTRIG1 too high
24098,07/23,03:29,8.5831,14.0,LD2,-1.531,29.045,-3.632,7.865,-1,-1,-1,-1,-1,0,PI-SIDIS,0
24099,07/23,04:01,8.5831,14.0,LD2,-1.531,29.045,-3.632,7.865,-1,-1,-1,-1,-1,0,PI-SIDIS,0
24100,07/23,04:32,8.5831,14.0,LD2,-1.531,29.045,-3.632,7.865,-1,-1,-1,-1,-1,0,PI-SIDIS,0
24101,07/23,05:02,8.5831,14.0,LD2,-1.531,29.045,-3.632,7.865,-1,-1,-1,-1,-1,0,PI-SIDIS,0
24103,07/23,05:38,8.5831,10.0,LD2,-1.531,29.045,-3.632,7.865,-1,-1,-1,-1,-1,0,PI-SIDIS,0
24104,07/23,06:19,8.5831,14.0,LD2,-1.531,29.045,-3.632,7.865,-1,-1,-1,-1,-1,0,PI-SIDIS,0
24110,07/23,18:07,8.5831,14.0,LD2,-1.531,29.045,-3.632,7.865,-1,-1,-1,-1,-1,0,PI-SIDIS,EDTM on @ 200Hz
24111,07/23,18:41,8.5831,14.0,LD2,-1.531,29.045,-3.632,7.865,-1,-1,-1,-1,-1,0,PI-SIDIS,EDTM on @ 200Hz
24112,07/23,19:13,8.5831,14.0,LD2,-1.531,29.045,-3.632,7.865,-1,-1,-1,-1,-1,0,PI-SIDIS,EDTM on @ 200Hz
24113,07/23,19:45,8.5831,9.0,LD2,-1.531,29.045,-3.632,7.865,-1,-1,-1,-1,-1,0,PI-SIDIS,EDTM on @ 200Hz
24116,07/23,21:00,8.5831,34.0,Dummy,-1.531,29.045,-3.632,7.865,-1,-1,-1,-1,-1,0,PI-SIDIS,EDTM turned off in middle of run
24117,07/23,21:32,8.5831,34.0,Dummy,-1.531,29.045,-3.632,7.865,-1,-1,-1,-1,-1,0,PI-SIDIS,EDTM off
24118,07/23,22:06,8.5831,20.0,Dummy,-1.531,29.045,-3.632,7.865,-1,-1,-1,0,-1,-1,HMSDIS,0
24119,07/23,22:27,8.5831,20.0,Dummy,-1.531,29.045,-3.632,7.865,-1,7,-1,-1,-1,-1,SHMSDIS,0
24120,07/23,22:56,8.5831,24.0,C,-1.531,29.045,-3.632,7.865,-1,-1,-1,-1,-1,0,PI-SIDIS,0
24121,07/23,23:35,8.5831,24.0,C,-1.531,29.045,-3.632,7.865,-1,-1,-1,-1,-1,0,PI-SIDIS,0
24122,07/24,00:09,8.5831,24.0,C,-1.531,29.045,-3.632,7.865,-1,-1,-1,-1,-1,0,PI-SIDIS,0
24123,07/24,00:42,8.5831,24.0,C,-1.531,29.045,-3.632,7.865,-1,-1,-1,-1,-1,0,PI-SIDIS,0
24125,07/24,01:30,8.5831,30.0,C,-1.531,29.045,-3.632,7.865,-1,-1,-1,-1,-1,0,PI-SIDIS,0
24126,07/24,02:13,8.5831,30.0,Cu,-1.531,29.045,-3.632,7.865,-1,-1,-1,-1,-1,0,PI-SIDIS,0
24127,07/24,02:44,8.5831,30.0,Cu,-1.531,29.045,-3.632,7.865,-1,-1,-1,-1,-1,0,PI-SIDIS,0
24128,07/24,03:16,8.5831,30.0,Cu,-1.531,29.045,-3.632,7.865,-1,-1,-1,-1,-1,0,PI-SIDIS,0
24129,07/24,03:48,8.5831,30.0,Cu,-1.531,29.045,-3.632,7.865,-1,-1,-1,-1,-1,0,PI-SIDIS,0
24130,07/24,04:34,8.5831,30.0,LH2,-1.531,29.045,-3.632,7.865,-1,-1,-1,-1,-1,0,PI-SIDIS,0
24131,07/24,05:11,8.5831,30.0,LH2,-1.531,29.045,-3.632,7.865,-1,-1,-1,-1,-1,0,PI-SIDIS,0
24132,07/24,05:42,8.5831,30.0,LH2,-1.531,29.045,-3.632,7.865,-1,-1,-1,-1,-1,0,PI-SIDIS,0
24133,07/24,06:48,8.5831,30.0,LH2,-1.531,29.045,-3.632,7.865,-1,-1,-1,-1,-1,0,PI-SIDIS,0
24134,07/24,06:52,8.5831,20.0,LH2,-1.531,29.045,-3.632,7.865,-1,-1,-1,-1,-1,0,PI-SIDIS,0
24135,07/24,07:25,8.5831,10.0,LH2,-1.531,29.045,-3.632,7.865,-1,-1,-1,-1,-1,0,PI-SIDIS,0
24136,07/24,07:59,8.5831,10.0,LH2,-1.531,29.045,-3.632,7.865,-1,-1,-1,0,-1,-1,HMSDIS,0
24137,07/24,08:18,8.5831,10.0,LH2,-1.531,29.045,-3.632,7.865,-1,7,-1,-1,-1,-1,SHMSDIS,0
24138,07/24,08:49,8.5831,30.0,C,-1.531,29.045,-3.632,7.865,-1,-1,-1,-1,-1,0,PI-SIDIS,0
24139,07/24,09:23,8.5831,30.0,C,-1.531,29.045,-3.632,7.865,-1,-1,-1,-1,-1,0,PI-SIDIS,0
24140,07/24,09:58,8.5831,30.0,C,-1.531,29.045,-3.632,7.865,-1,-1,-1,-1,-1,0,PI-SIDIS,0
24141,07/24,10:32,8.5831,30.0,C,-1.531,29.045,-3.632,7.865,-1,-1,-1,-1,-1,0,PI-SIDIS,0
24142,07/24,11:13,8.5831,12.0,C,-1.531,29.045,-3.632,7.865,-1,-1,-1,0,-1,-1,HMSDIS,0
24143,07/24,11:33,8.5831,12.0,C,-1.531,29.045,-3.632,7.865,-1,7,-1,-1,-1,-1,SHMSDIS,0
24144,07/24,12:14,8.5831,30.0,Cu,-1.531,29.045,-3.632,7.865,-1,-1,-1,-1,-1,0,PI-SIDIS,0
24145,07/24,12:47,8.5831,30.0,Cu,-1.531,29.045,-3.632,7.865,-1,-1,-1,-1,-1,0,PI-SIDIS,0
24146,07/24,13:22,8.5831,30.0,Cu,-1.531,29.045,-3.632,7.865,-1,-1,-1,-1,-1,0,PI-SIDIS,0
24147,07/24,13:55,8.5831,30.0,Cu,-1.531,29.045,-3.632,7.865,-1,-1,-1,-1,-1,0,PI-SIDIS,0
24148,07/24,14:29,8.5831,15.0,Cu,-1.531,29.045,-3.632,7.865,-1,-1,-1,0,-1,-1,HMSDIS,0
24149,07/24,14:47,8.5831,15.0,Cu,-1.531,29.045,-3.632,7.865,-1,7,-1,-1,-1,-1,SHMSDIS,0
24150,07/24,15:13,8.5831,30.0,LH2,-1.531,29.045,-3.632,7.865,-1,-1,-1,-1,-1,0,PI-SIDIS,0
24151,07/24,15:46,8.5831,30.0,LH2,-1.531,29.045,-3.632,7.865,-1,-1,-1,-1,-1,0,PI-SIDIS,0
24153,07/24,16:26,8.5831,30.0,LH2,-1.531,29.045,-3.632,7.865,-1,-1,-1,-1,-1,0,PI-SIDIS,0
24155,07/24,17:01,8.5831,30.0,LH2,-1.531,29.045,-3.632,7.865,-1,-1,-1,-1,-1,0,PI-SIDIS,0
24156,07/24,17:33,8.5831,20.0,LH2,-1.531,29.045,-3.632,7.865,-1,-1,-1,-1,-1,0,PI-SIDIS,0
24157,07/24,18:05,8.5831,10.0,LH2,-1.531,29.045,-3.632,7.865,-1,-1,-1,-1,-1,0,PI-SIDIS,0
24158,07/24,18:45,8.5831,14.0,LD2,-1.531,29.045,-3.632,7.865,-1,-1,-1,-1,-1,0,PI-SIDIS,0
24159,07/24,19:16,8.5831,14.0,LD2,-1.531,29.045,-3.632,7.865,-1,-1,-1,-1,-1,0,PI-SIDIS,0
24160,07/24,19:47,8.5831,14.0,LD2,-1.531,29.045,-3.632,7.865,-1,-1,-1,-1,-1,0,PI-SIDIS,0
24161,07/24,20:18,8.5831,14.0,LD2,-1.531,29.045,-3.632,7.865,-1,-1,-1,-1,-1,0,PI-SIDIS,0
24162,07/24,21:00,8.5831,24.0,C,-1.531,29.045,-3.632,7.865,-1,-1,-1,-1,-1,0,PI-SIDIS,0
24163,07/24,21:31,8.5831,24.0,C,-1.531,29.045,-3.632,7.865,-1,-1,-1,-1,-1,0,PI-SIDIS,0
24164,07/24,22:02,8.5831,24.0,C,-1.531,29.045,-3.632,7.865,-1,-1,-1,-1,-1,0,PI-SIDIS,0
24165,07/24,22:35,8.5831,24.0,C,-1.531,29.045,-3.632,7.865,-1,-1,-1,-1,-1,0,PI-SIDIS,0
24166,07/24,23:09,8.5831,12.0,C,-1.531,29.045,-3.632,7.865,-1,-1,-1,-1,-1,0,PI-SIDIS,0
24167,07/24,23:47,8.5831,28.0,Cu,-1.531,29.045,-3.632,7.865,-1,-1,-1,-1,-1,0,PI-SIDIS,0
24168,07/25,00:18,8.5831,28.0,Cu,-1.531,29.045,-3.632,7.865,-1,-1,-1,-1,-1,0,PI-SIDIS,0
24169,07/25,00:52,8.5831,28.0,Cu,-1.531,29.045,-3.632,7.865,-1,-1,-1,-1,-1,0,PI-SIDIS,0
24170,07/25,01:25,8.5831,28.0,Cu,-1.531,29.045,-3.632,7.865,-1,-1,-1,-1,-1,0,PI-SIDIS,0
24171,07/25,02:06,8.5831,34.0,Dummy,-1.531,29.045,-3.632,7.865,-1,-1,-1,-1,-1,0,PI-SIDIS,0
24172,07/25,02:36,8.5831,34.0,Dummy,-1.531,29.045,-3.632,7.865,-1,-1,-1,-1,-1,0,PI-SIDIS,0
24173,07/25,03:14,8.5831,28.0,Cu,-1.531,29.045,-3.632,7.865,-1,-1,-1,-1,-1,0,PI-SIDIS,0
24174,07/25,03:45,8.5831,28.0,Cu,-1.531,29.045,-3.632,7.865,-1,-1,-1,-1,-1,0,PI-SIDIS,0
24175,07/25,04:16,8.5831,28.0,Cu,-1.531,29.045,-3.632,7.865,-1,-1,-1,-1,-1,0,PI-SIDIS,0
24176,07/25,04:45,8.5831,28.0,Cu,-1.531,29.045,-3.632,7.865,-1,-1,-1,-1,-1,0,PI-SIDIS,0
24177,07/25,05:17,8.5831,28.0,Cu,-1.531,29.045,-3.632,7.865,-1,-1,-1,-1,-1,0,PI-SIDIS,0
24178,07/25,06:12,8.5831,30.0,LH2,-1.531,29.045,-3.632,7.865,-1,-1,-1,-1,-1,0,PI-SIDIS,0
24179,07/25,06:43,8.5831,30.0,LH2,-1.531,29.045,-3.632,7.865,-1,-1,-1,-1,-1,0,PI-SIDIS,0
24183,07/25,07:22,8.5831,30.0,LH2,-1.531,29.045,-3.632,7.865,-1,-1,-1,0,-1,-1,HMSDIS,0
24184,07/25,07:57,8.5831,10.0,LH2,-1.531,29.045,-3.632,7.865,-1,-1,-1,0,-1,-1,HMSDIS,0
24185,07/25,08:20,8.5831,10.0,LD2,-1.531,29.045,-3.632,7.865,-1,-1,-1,-1,-1,0,PI-SIDIS,0
24187,07/25,10:03,8.5831,50.0,LH2,-1.531,29.045,6.538,7.865,-1,-1,-1,-1,-1,0,PI+SIDIS,0
24188,07/25,10:37,8.5831,50.0,LH2,-1.531,29.045,6.538,7.865,-1,-1,-1,-1,0,-1,PI+SIDIS,0
24189,07/25,11:09,8.5831,50.0,LH2,-1.531,29.045,6.538,7.865,-1,-1,-1,-1,-1,0,PI+SIDIS,0
24190,07/25,11:55,8.5831,50.0,LH2,-1.531,29.045,6.538,7.865,-1,-1,-1,-1,-1,0,PI+SIDIS,0
24191,07/25,12:25,8.5831,50.0,LH2,-1.531,29.045,6.538,7.865,-1,-1,-1,-1,-1,0,PI+SIDIS,0
24192,07/25,13:02,8.5831,50.0,LH2,-1.531,29.045,6.538,7.865,-1,-1,-1,-1,-1,0,PI+SIDIS,0
24193,07/25,13:34,8.5831,50.0,LH2,-1.531,29.045,6.538,7.865,-1,-1,-1,-1,-1,0,PI+SIDIS,0
24194,07/25,14:08,8.5831,50.0,LH2,-1.531,29.045,6.538,7.865,-1,-1,-1,-1,-1,0,PI+SIDIS,0
24195,07/25,14:40,8.5831,50.0,LH2,-1.531,29.045,6.538,7.865,-1,-1,-1,-1,-1,0,PI+SIDIS,0
24196,07/25,15:17,8.5831,33.0,LH2,-1.531,29.045,6.538,7.865,-1,-1,-1,-1,-1,0,PI+SIDIS,0
24197,07/25,15:52,8.5831,17.0,LH2,-1.531,29.045,6.538,7.865,-1,-1,-1,-1,-1,0,PI+SIDIS,0
24198,07/25,16:25,8.5831,17.0,LH2,-1.531,29.045,6.538,7.865,-1,-1,-1,0,-1,-1,HMSDIS,0
24199,07/25,16:45,8.5831,17.0,LH2,-1.531,29.045,6.538,7.865,-1,2,-1,-1,-1,-1,SHMSDIS,0
24200,07/25,17:11,8.5831,50.0,LD2,-1.531,29.045,6.538,7.865,-1,-1,-1,-1,-1,0,PI+SIDIS,0
24201,07/25,17:23,8.5831,50.0,LD2,-1.531,29.045,6.538,7.865,-1,-1,-1,-1,-1,0,PI+SIDIS,0
24203,07/25,18:17,8.5831,50.0,LD2,-1.531,29.045,6.538,7.865,-1,-1,-1,-1,-1,0,PI+SIDIS,0
24204,07/25,18:52,8.5831,25.0,LD2,-1.531,29.045,6.538,7.865,-1,-1,-1,-1,-1,0,PI+SIDIS,0
24205,07/25,19:23,8.5831,25.0,LD2,-1.531,29.045,6.538,7.865,-1,-1,-1,1,-1,-1,HMSDIS,0
24206,07/25,19:43,8.5831,40.0,Dummy,-1.531,29.045,6.538,7.865,-1,-1,-1,-1,-1,0,PI+SIDIS,0
24207,07/25,20:20,8.5831,50.0,C,-1.531,29.045,6.538,7.865,-1,-1,-1,-1,-1,0,PI+SIDIS,0
24208,07/25,20:53,8.5831,50.0,C,-1.531,29.045,6.538,7.865,-1,-1,-1,-1,-1,0,PI+SIDIS,0
24209,07/25,21:24,8.5831,50.0,C,-1.531,29.045,6.538,7.865,-1,-1,-1,2,-1,-1,HMSDIS,0
24210,07/25,21:43,8.5831,50.0,Cu,-1.531,29.045,6.538,7.865,-1,-1,-1,-1,-1,0,PI+SIDIS,0
24211,07/25,22:14,8.5831,50.0,Cu,-1.531,29.045,6.538,7.865,-1,-1,-1,-1,-1,0,PI+SIDIS,0
24212,07/25,22:45,8.5831,50.0,Cu,-1.531,29.045,6.538,7.865,-1,-1,-1,2,-1,-1,HMSDIS,0
24213,07/25,23:24,8.5831,35.0,LD2,-1.531,29.045,4.868,7.865,-1,-1,-1,-1,-1,0,PI+SIDIS,0
24214,07/25,23:55,8.5831,36.0,LD2,-1.531,29.045,4.868,7.865,-1,-1,-1,-1,-1,0,PI+SIDIS,0
24215,07/26,00:26,8.5831,35.0,LD2,-1.531,29.045,4.868,7.865,-1,-1,-1,-1,-1,0,PI+SIDIS,0
24216,07/26,00:56,8.5831,36.0,LD2,-1.531,29.045,4.868,7.865,-1,-1,-1,-1,-1,0,PI+SIDIS,0
24217,07/26,01:26,8.5831,36.0,LD2,-1.531,29.045,4.868,7.865,-1,-1,-1,-1,-1,0,PI+SIDIS,0
24218,07/26,01:56,8.5831,36.0,LD2,-1.531,29.045,4.868,7.865,-1,-1,-1,-1,-1,0,PI+SIDIS,0
24219,07/26,02:27,8.5831,25.0,LD2,-1.531,29.045,4.868,7.865,-1,-1,-1,-1,-1,0,PI+SIDIS,0
24220,07/26,03:00,8.5831,12.0,LD2,-1.531,29.045,4.868,7.865,-1,-1,-1,-1,-1,0,PI+SIDIS,0
24221,07/26,03:30,8.5831,12.0,LD2,-1.531,29.045,4.868,7.865,-1,-1,-1,0,-1,-1,HMSDIS,0
24222,07/26,03:55,8.5831,50.0,LH2,-1.531,29.045,4.868,7.865,-1,-1,-1,-1,-1,0,PI+SIDIS,0
24223,07/26,04:36,8.5831,50.0,LH2,-1.531,29.045,4.868,7.865,-1,-1,-1,-1,0,-1,PI+SIDIS,0
24224,07/26,05:02,8.5831,50.0,LH2,-1.531,29.045,4.868,7.865,-1,-1,-1,-1,-1,0,PI+SIDIS,0
24225,07/26,05:32,8.5831,50.0,LH2,-1.531,29.045,4.868,7.865,-1,-1,-1,-1,-1,0,PI+SIDIS,0
24226,07/26,06:19,8.5831,50.0,LH2,-1.531,29.045,4.868,7.865,-1,-1,-1,-1,-1,0,PI+SIDIS,0
24227,07/26,06:59,8.5831,50.0,LH2,-1.531,29.045,4.868,7.865,-1,-1,-1,-1,-1,0,PI+SIDIS,0
24228,07/26,07:40,8.5831,50.0,LH2,-1.531,29.045,4.868,7.865,-1,-1,-1,-1,-1,0,PI+SIDIS,0
24229,07/26,08:14,8.5831,33.0,LH2,-1.531,29.045,4.868,7.865,-1,-1,-1,-1,-1,0,PI+SIDIS,0
24230,07/26,08:46,8.5831,17.0,LH2,-1.531,29.045,4.868,7.865,-1,-1,-1,-1,-1,0,PI+SIDIS,0
24231,07/26,09:23,8.5831,17.0,LH2,-1.531,29.045,4.868,7.865,-1,-1,-1,0,-1,-1,HMSDIS,0
24232,07/26,09:47,8.5831,40.0,Dummy,-1.531,29.045,4.868,7.865,-1,-1,-1,-1,-1,0,PI+SIDIS,0
24233,07/26,10:14,8.5831,40.0,Dummy,-1.531,29.045,4.868,7.865,-1,-1,-1,-1,-1,0,PI+SIDIS,0
24234,07/26,10:40,8.5831,40.0,Dummy,-1.531,29.045,4.868,7.865,-1,-1,-1,-1,-1,0,PI+SIDIS,0
24235,07/26,11:22,8.5831,20.0,Dummy,-1.531,29.045,4.868,7.865,-1,-1,-1,0,-1,-1,HMSDIS,0
24236,07/26,11:48,8.5831,50.0,C,-1.531,29.045,4.868,7.865,-1,-1,-1,-1,-1,0,PI+SIDIS,0
24237,07/26,12:20,8.5831,50.0,C,-1.531,29.045,4.868,7.865,-1,-1,-1,-1,-1,0,PI+SIDIS,0
24238,07/26,12:50,8.5831,50.0,C,-1.531,29.045,4.868,7.865,-1,-1,-1,-1,-1,0,PI+SIDIS,0
24239,07/26,13:35,8.5831,50.0,C,-1.531,29.045,4.868,7.865,-1,-1,-1,-1,-1,0,PI+SIDIS,0
24240,07/26,14:09,8.5831,50.0,C,-1.531,29.045,4.868,7.865,-1,-1,-1,-1,-1,0,PI+SIDIS,0
24241,07/26,14:41,8.5831,25.0,C,-1.531,29.045,4.868,7.865,-1,-1,-1,-1,-1,0,PI+SIDIS,0
24242,07/26,15:14,8.5831,25.0,C,-1.531,29.045,4.868,7.865,-1,-1,-1,0,-1,-1,HMSDIS,0
24243,07/26,15:38,8.5831,45.0,Cu,-1.531,29.045,4.868,7.865,-1,-1,-1,-1,-1,0,PI+SIDIS,0
24244,07/26,16:09,8.5831,50.0,Cu,-1.531,29.045,4.868,7.865,-1,-1,-1,-1,-1,0,PI+SIDIS,0
24245,07/26,16:41,8.5831,50.0,Cu,-1.531,29.045,4.868,7.865,-1,-1,-1,-1,-1,0,PI+SIDIS,0
24246,07/26,17:11,8.5831,50.0,Cu,-1.531,29.045,4.868,7.865,-1,-1,-1,-1,-1,0,PI+SIDIS,0
24247,07/26,17:43,8.5831,50.0,Cu,-1.531,29.045,4.868,7.865,-1,-1,-1,-1,-1,0,PI+SIDIS,0
24248,07/26,18:14,8.5831,50.0,Cu,-1.531,29.045,4.868,7.865,-1,-1,-1,-1,-1,0,PI+SIDIS,0
24249,07/26,18:46,8.5831,50.0,Cu,-1.531,29.045,4.868,7.865,-1,-1,-1,1,-1,-1,HMSDIS,0
24250,07/26,19:15,8.5831,35.0,LD2,-1.531,29.045,4.868,7.865,-1,-1,-1,-1,-1,0,PI+SIDIS,0
24251,07/26,19:46,8.5831,35.0,LD2,-1.531,29.045,4.868,7.865,-1,-1,-1,-1,-1,0,PI+SIDIS,0
24252,07/26,20:17,8.5831,35.0,LD2,-1.531,29.045,4.868,7.865,-1,-1,-1,-1,-1,0,PI+SIDIS,0
24253,07/26,20:48,8.5831,35.0,LD2,-1.531,29.045,4.868,7.865,-1,-1,-1,-1,-1,0,PI+SIDIS,0
24254,07/26,21:19,8.5831,35.0,LD2,-1.531,29.045,4.868,7.865,-1,-1,-1,-1,-1,0,PI+SIDIS,0
24255,07/26,21:50,8.5831,35.0,LD2,-1.531,29.045,4.868,7.865,-1,-1,-1,-1,-1,0,PI+SIDIS,0
24256,07/26,22:21,8.5831,35.0,LD2,-1.531,29.045,4.868,7.865,-1,-1,-1,2,-1,-1,HMSDIS,0
24257,07/26,22:43,8.5831,50.0,LH2,-1.531,29.045,4.868,7.865,-1,-1,-1,-1,-1,0,PI+SIDIS,0
24258,07/26,23:14,8.5831,50.0,LH2,-1.531,29.045,4.868,7.865,-1,-1,-1,-1,-1,0,PI+SIDIS,0
24259,07/26,23:45,8.5831,50.0,LH2,-1.531,29.045,4.868,7.865,-1,-1,-1,-1,-1,0,PI+SIDIS,0
24260,07/27,00:15,8.5831,50.0,LH2,-1.531,29.045,4.868,7.865,-1,-1,-1,-1,-1,0,PI+SIDIS,0
24261,07/27,00:46,8.5831,50.0,LH2,-1.531,29.045,4.868,7.865,-1,-1,-1,-1,-1,0,PI+SIDIS,0
24262,07/27,01:15,8.5831,50.0,LH2,-1.531,29.045,4.868,7.865,-1,-1,-1,-1,-1,0,PI+SIDIS,0
24263,07/27,01:47,8.5831,33.0,LH2,-1.531,29.045,4.868,7.865,-1,-1,-1,-1,-1,0,PI+SIDIS,0
24264,07/27,02:18,8.5831,17.0,LH2,-1.531,29.045,4.868,7.865,-1,-1,-1,-1,-1,0,PI+SIDIS,0
24265,07/27,02:50,8.5831,17.0,LH2,-1.531,29.045,4.868,7.865,-1,-1,-1,0,-1,-1,HMSDIS,0
24266,07/27,03:11,8.5831,24.0,LD2,-1.531,29.045,4.868,7.865,-1,-1,-1,-1,-1,0,PI+SIDIS,0
24267,07/27,03:41,8.5831,12.0,LD2,-1.531,29.045,4.868,7.865,-1,-1,-1,-1,-1,0,PI+SIDIS,0
24268,07/27,04:20,8.5831,40.0,Dummy,-1.531,29.045,4.868,7.865,-1,-1,-1,-1,-1,0,PI+SIDIS,0
24269,07/27,04:50,8.5831,40.0,Dummy,-1.531,29.045,4.868,7.865,-1,-1,-1,-1,-1,0,PI+SIDIS,0
24270,07/27,05:26,8.5831,50.0,C,-1.531,29.045,4.868,7.865,-1,-1,-1,-1,-1,0,PI+SIDIS,0
24271,07/27,05:55,8.5831,50.0,C,-1.531,29.045,4.868,7.865,-1,-1,-1,-1,-1,0,PI+SIDIS,0
24273,07/27,06:42,8.5831,50.0,C,-1.531,29.045,4.868,7.865,-1,-1,-1,-1,-1,0,PI+SIDIS,0
24274,07/27,07:13,8.5831,50.0,C,-1.531,29.045,4.868,7.865,-1,-1,-1,-1,-1,0,PI+SIDIS,0
24275,07/27,07:44,8.5831,50.0,C,-1.531,29.045,4.868,7.865,-1,-1,-1,-1,-1,0,PI+SIDIS,0
24276,07/27,08:17,8.5831,25.0,C,-1.531,29.045,4.868,7.865,-1,-1,-1,-1,-1,0,PI+SIDIS,0
24277,07/27,08:59,8.5831,50.0,Cu,-1.531,29.045,4.868,7.865,-1,-1,-1,-1,-1,0,PI+SIDIS,0
24278,07/27,09:35,8.5831,50.0,Cu,-1.531,29.045,4.868,7.865,-1,-1,-1,-1,-1,0,PI+SIDIS,0
24279,07/27,10:06,8.5831,50.0,Cu,-1.531,29.045,4.868,7.865,-1,-1,-1,-1,-1,0,PI+SIDIS,0
24280,07/27,10:38,8.5831,50.0,Cu,-1.531,29.045,4.868,7.865,-1,-1,-1,-1,-1,0,PI+SIDIS,0
24281,07/27,11:11,8.5831,50.0,Cu,-1.531,29.045,4.868,7.865,-1,-1,-1,-1,-1,0,PI+SIDIS,0
24282,07/27,11:48,8.5831,50.0,Cu,-1.531,29.045,4.868,7.865,-1,-1,-1,-1,-1,0,PI+SIDIS,0
24283,07/27,12:25,8.5831,50.0,Cu,-1.531,29.045,4.868,7.865,-1,-1,-1,-1,-1,0,PI+SIDIS,Target was moved ~20 sec before run Stop!
24284,07/27,13:30,8.5831,50.0,LD2,-1.531,29.045,4.868,7.865,-1,-1,-1,3,-1,-1,HMSDIS,0
24285,07/27,13:49,8.5831,40.0,LD2,-1.531,29.045,4.868,7.865,-1,-1,-1,2,-1,-1,HMSDIS,0
24286,07/27,14:08,8.5831,30.0,LD2,-1.531,29.045,4.868,7.865,-1,-1,-1,2,-1,-1,HMSDIS,0
24287,07/27,14:28,8.5831,20.0,LD2,-1.531,29.045,4.868,7.865,-1,-1,-1,1,-1,-1,HMSDIS,0
24289,07/27,15:04,8.5831,10.0,LD2,-1.531,29.045,4.868,7.865,-1,-1,-1,0,-1,-1,HMSDIS,0
24290,07/27,15:38,8.5831,7.0,LD2,-1.531,29.045,4.868,7.865,-1,-1,-1,0,-1,-1,HMSDIS,0
24291,07/27,16:09,8.5831,3.0,LD2,-1.531,29.045,4.868,7.865,-1,-1,-1,0,-1,-1,HMSDIS,0
24292,07/27,16:25,8.5831,3.0,LH2,-1.531,29.045,4.868,7.865,-1,-1,-1,0,-1,-1,HMSDIS,0
24293,07/27,16:40,8.5831,7.0,LH2,-1.531,29.045,4.868,7.865,-1,-1,-1,0,-1,-1,HMSDIS,0
24294,07/27,16:53,8.5831,10.0,LH2,-1.531,29.045,4.868,7.865,-1,-1,-1,0,-1,-1,HMSDIS,0
24295,07/27,17:07,8.5831,20.0,LH2,-1.531,29.045,4.868,7.865,-1,-1,-1,0,-1,-1,HMSDIS,0
24296,07/27,17:18,8.5831,30.0,LH2,-1.531,29.045,3.632,7.865,-1,-1,-1,0,-1,-1,HMSDIS,0
24297,07/27,17:30,8.5831,40.0,LH2,-1.531,29.045,3.632,7.865,-1,-1,-1,1,-1,-1,HMSDIS,0
24298,07/27,17:35,8.5831,40.0,LH2,-1.531,29.045,3.632,7.865,-1,-1,-1,1,-1,-1,HMSDIS,0
24299,07/27,17:51,8.5831,50.0,LH2,-1.531,29.045,3.632,7.865,-1,-1,-1,3,-1,-1,HMSDIS,0
24300,07/28,05:14,8.5831,5.0,HOLE,-1.531,29.045,3.632,7.865,0,-1,0,-1,-1,-1,HOLE,0
24301,07/28,05:33,8.5831,50.0,C,-1.531,29.045,3.632,7.865,-1,-1,-1,2,-1,-1,HMSDIS,0
24303,07/28,05:54,8.5831,40.0,C,-1.531,29.045,3.632,7.865,-1,-1,-1,1,-1,-1,HMSDIS,0
24304,07/28,06:13,8.5831,30.0,C,-1.531,29.045,3.632,7.865,-1,-1,-1,1,-1,-1,HMSDIS,0
24306,07/28,06:52,8.5831,20.0,C,-1.531,29.045,3.632,7.865,-1,-1,-1,0,-1,-1,HMSDIS,0
24307,07/28,07:06,8.5831,10.0,C,-1.531,29.045,3.632,7.865,-1,-1,-1,0,-1,-1,HMSDIS,0
24308,07/28,07:19,8.5831,7.0,C,-1.531,29.045,3.632,7.865,-1,-1,-1,0,-1,-1,HMSDIS,0
24309,07/28,07:30,8.5831,3.0,C,-1.531,29.045,3.632,7.865,-1,-1,-1,0,-1,-1,HMSDIS,0
24310,07/28,08:04,8.5831,12.0,LD2,-1.531,29.045,3.632,7.865,-1,-1,-1,-1,-1,0,PI+SIDIS,0
24311,07/28,08:38,8.5831,14.0,LD2,-1.531,29.045,3.632,7.865,-1,-1,-1,-1,-1,0,PI+SIDIS,0
24312,07/28,09:10,8.5831,14.0,LD2,-1.531,29.045,3.632,7.865,-1,-1,-1,-1,-1,0,PI+SIDIS,0
24313,07/28,09:44,8.5831,14.0,LD2,-1.531,29.045,3.632,7.865,-1,-1,-1,-1,-1,0,PI+SIDIS,0
24314,07/28,10:35,8.5831,14.0,LD2,-1.531,29.045,3.632,7.865,-1,-1,-1,-1,-1,0,PI+SIDIS,0
24315,07/28,11:06,8.5831,14.0,LD2,-1.531,29.045,3.632,7.865,-1,-1,-1,-1,-1,0,PI+SIDIS,0
24316,07/28,12:02,8.5831,14.0,LD2,-1.531,29.045,3.632,7.865,-1,-1,-1,-1,-1,0,PI+SIDIS,0
24317,07/28,12:33,8.5831,14.0,LD2,-1.531,29.045,3.632,7.865,-1,-1,-1,-1,-1,0,PI+SIDIS,0
24318,07/28,13:12,8.5831,7.0,LD2,-1.531,29.045,3.632,7.865,-1,-1,-1,-1,-1,0,PI+SIDIS,0
24319,07/28,13:46,8.5831,7.0,LD2,-1.531,29.045,3.632,7.865,-1,-1,-1,0,-1,-1,HMSDIS,0
24321,07/28,14:11,8.5831,7.0,LD2,-1.531,29.045,3.632,7.865,-1,6,-1,-1,-1,-1,SHMSDIS,0
24322,07/28,14:59,8.5831,28.0,LH2,-1.531,29.045,3.632,7.865,-1,-1,-1,-1,-1,0,PI+SIDIS,0
24323,07/28,15:32,8.5831,28.0,LH2,-1.531,29.045,3.632,7.865,-1,-1,-1,-1,0,-1,PI+SIDIS,0
24324,07/28,16:06,8.5831,28.0,LH2,-1.531,29.045,3.632,7.865,-1,-1,-1,-1,-1,0,PI+SIDIS,0
24325,07/28,16:38,8.5831,28.0,LH2,-1.531,29.045,3.632,7.865,-1,-1,-1,-1,-1,0,PI+SIDIS,0
24326,07/28,17:09,8.5831,28.0,LH2,-1.531,29.045,3.632,7.865,-1,-1,-1,-1,-1,0,PI+SIDIS,0
24327,07/28,17:41,8.5831,28.0,LH2,-1.531,29.045,3.632,7.865,-1,-1,-1,-1,-1,0,PI+SIDIS,0
24328,07/28,18:12,8.5831,28.0,LH2,-1.531,29.045,3.632,7.865,-1,-1,-1,-1,-1,0,PI+SIDIS,0
24329,07/28,18:43,8.5831,28.0,LH2,-1.531,29.045,3.632,7.865,-1,-1,-1,-1,-1,0,PI+SIDIS,0
24330,07/28,19:14,8.5831,28.0,LH2,-1.531,29.045,3.632,7.865,-1,-1,-1,-1,-1,0,PI+SIDIS,0
24331,07/28,19:45,8.5831,19.0,LH2,-1.531,29.045,3.632,7.865,-1,-1,-1,-1,-1,0,PI+SIDIS,0
24332,07/28,20:16,8.5831,10.0,LH2,-1.531,29.045,3.632,7.865,-1,-1,-1,-1,-1,0,PI+SIDIS,0
24333,07/28,20:48,8.5831,10.0,LH2,-1.531,29.045,3.632,7.865,-1,-1,-1,0,-1,-1,HMSDIS,0
24334,07/28,21:05,8.5831,10.0,LH2,-1.531,29.045,3.632,7.865,-1,5,-1,-1,-1,-1,SHMSDIS,0
24335,07/28,21:30,8.5831,40.0,Dummy,-1.531,29.045,3.632,7.865,-1,-1,-1,-1,-1,0,PI+SIDIS,0
24336,07/28,22:49,8.5831,40.0,Dummy,-1.531,29.045,3.632,7.865,-1,-1,-1,-1,-1,0,PI+SIDIS,0
24337,07/28,23:22,8.5831,40.0,Dummy,-1.531,29.045,3.632,7.865,-1,-1,-1,-1,-1,0,PI+SIDIS,0
24338,07/28,23:54,8.5831,40.0,Dummy,-1.531,29.045,3.632,7.865,-1,-1,-1,-1,-1,0,PI+SIDIS,0
24339,07/29,00:26,8.5831,40.0,Dummy,-1.531,29.045,3.632,7.865,-1,-1,-1,-1,-1,0,PI+SIDIS,0
24340,07/29,01:00,8.5831,20.0,Dummy,-1.531,29.045,3.632,7.865,-1,-1,-1,0,-1,-1,HMSDIS,0
24341,07/29,01:23,8.5831,20.0,Dummy,-1.531,29.045,3.632,7.865,-1,6,-1,-1,-1,-1,SHMSDIS,0
24342,07/29,01:57,8.5831,26.0,C,-1.531,29.045,3.632,7.865,-1,-1,-1,-1,-1,0,PI+SIDIS,0
24343,07/29,02:29,8.5831,26.0,C,-1.531,29.045,3.632,7.865,-1,-1,-1,-1,-1,0,PI+SIDIS,0
24344,07/29,03:00,8.5831,26.0,C,-1.531,29.045,3.632,7.865,-1,-1,-1,-1,-1,0,PI+SIDIS,0
24345,07/29,03:33,8.5831,26.0,C,-1.531,29.045,3.632,7.865,-1,-1,-1,-1,-1,0,PI+SIDIS,0
24346,07/29,04:04,8.5831,26.0,C,-1.531,29.045,3.632,7.865,-1,-1,-1,-1,-1,0,PI+SIDIS,0
24347,07/29,04:35,8.5831,26.0,C,-1.531,29.045,3.632,7.865,-1,-1,-1,-1,-1,0,PI+SIDIS,0
24348,07/29,05:06,8.5831,26.0,C,-1.531,29.045,3.632,7.865,-1,-1,-1,-1,-1,0,PI+SIDIS,0
24349,07/29,05:38,8.5831,13.0,C,-1.531,29.045,3.632,7.865,-1,-1,-1,-1,-1,0,PI+SIDIS,0
24350,07/29,06:11,8.5831,13.0,C,-1.531,29.045,3.632,7.865,-1,-1,-1,0,-1,-1,HMSDIS,0
24351,07/29,06:31,8.5831,13.0,C,-1.531,29.045,3.632,7.865,-1,6,-1,-1,-1,-1,SHMSDIS,0
24352,07/29,06:55,8.5831,28.0,Cu,-1.531,29.045,3.632,7.865,-1,-1,-1,-1,-1,0,PI+SIDIS,0
24353,07/29,07:27,8.5831,28.0,Cu,-1.531,29.045,3.632,7.865,-1,-1,-1,-1,-1,0,PI+SIDIS,0
24354,07/29,08:00,8.5831,28.0,Cu,-1.531,29.045,3.632,7.865,-1,-1,-1,-1,-1,0,PI+SIDIS,0
24355,07/29,08:34,8.5831,28.0,Cu,-1.531,29.045,3.632,7.865,-1,-1,-1,-1,-1,0,PI+SIDIS,0
24356,07/29,09:06,8.5831,28.0,Cu,-1.531,29.045,3.632,7.865,-1,-1,-1,-1,-1,0,PI+SIDIS,0
24357,07/29,09:39,8.5831,28.0,Cu,-1.531,29.045,3.632,7.865,-1,-1,-1,-1,-1,0,PI+SIDIS,0
24359,07/29,10:55,8.5831,28.0,Cu,-1.531,29.045,3.632,7.865,-1,-1,-1,-1,-1,0,PI+SIDIS,0
24360,07/29,11:28,8.5831,28.0,Cu,-1.531,29.045,3.632,7.865,-1,-1,-1,-1,-1,0,PI+SIDIS,0
24361,07/29,12:06,8.5831,28.0,Cu,-1.531,29.045,3.632,7.865,-1,-1,-1,0,-1,-1,HMSDIS,0
24362,07/29,12:24,8.5831,28.0,Cu,-1.531,29.045,3.632,7.865,-1,6,-1,-1,-1,-1,SHMSDIS,0
24363,07/29,13:19,8.5831,50.0,Al,-1.531,29.045,3.632,7.865,-1,-1,-1,-1,-1,0,PI+SIDIS,0
24364,07/29,13:50,8.5831,50.0,Al,-1.531,29.045,3.632,7.865,-1,-1,-1,-1,-1,0,PI+SIDIS,0
24365,07/29,14:21,8.5831,50.0,Al,-1.531,29.045,3.632,7.865,-1,-1,-1,-1,-1,0,PI+SIDIS,0
24366,07/29,14:52,8.5831,50.0,Al,-1.531,29.045,3.632,7.865,-1,-1,-1,-1,-1,0,PI+SIDIS,0
24367,07/29,15:23,8.5831,50.0,Al,-1.531,29.045,3.632,7.865,-1,-1,-1,-1,-1,0,PI+SIDIS,0
24368,07/29,15:55,8.5831,50.0,Al,-1.531,29.045,3.632,7.865,-1,-1,-1,-1,-1,0,PI+SIDIS,0
24369,07/29,16:27,8.5831,50.0,Al,-1.531,29.045,3.632,7.865,-1,-1,-1,-1,-1,0,PI+SIDIS,0
24370,07/29,16:58,8.5831,50.0,Al,-1.531,29.045,3.632,7.865,-1,-1,-1,-1,-1,0,PI+SIDIS,0
24371,07/29,17:29,8.5831,50.0,Al,-1.531,29.045,3.632,7.865,-1,-1,-1,-1,-1,0,PI+SIDIS,0
24372,07/29,18:00,8.5831,50.0,Al,-1.531,29.045,3.632,7.865,-1,-1,-1,-1,-1,0,PI+SIDIS,0
24373,07/29,18:33,8.5831,25.0,Al,-1.531,29.045,3.632,7.865,-1,-1,-1,0,-1,-1,HMSDIS,0
24375,07/29,19:05,8.5831,25.0,Al,-1.531,29.045,3.632,7.865,-1,-1,3,-1,-1,-1,HMSDIS,0
24376,07/29,19:31,8.5831,14.0,LD2,-1.531,29.045,3.632,7.865,-1,-1,-1,-1,-1,0,PI+SIDIS,0
24377,07/29,20:02,8.5831,14.0,LD2,-1.531,29.045,3.632,7.865,-1,-1,-1,-1,-1,0,PI+SIDIS,0
24378,07/29,20:33,8.5831,14.0,LD2,-1.531,29.045,3.632,7.865,-1,-1,-1,-1,-1,0,PI+SIDIS,0
24379,07/29,21:04,8.5831,14.0,LD2,-1.531,29.045,3.632,7.865,-1,-1,-1,-1,-1,0,PI+SIDIS,0
24380,07/29,21:35,8.5831,14.0,LD2,-1.531,29.045,3.632,7.865,-1,-1,-1,-1,-1,0,PI+SIDIS,0
24381,07/29,22:06,8.5831,14.0,LD2,-1.531,29.045,3.632,7.865,-1,-1,-1,-1,-1,0,PI+SIDIS,0
24382,07/29,22:37,8.5831,14.0,LD2,-1.531,29.045,3.632,7.865,-1,-1,-1,-1,-1,0,PI+SIDIS,"HMS hT3 GoodTDCTime(slot2,channel? 63)empty"
24383,07/29,23:08,8.5831,14.0,LD2,-1.531,29.045,3.632,7.865,-1,-1,-1,-1,-1,0,PI+SIDIS,0
24384,07/29,23:39,8.5831,7.0,LD2,-1.531,29.045,3.632,7.865,-1,-1,-1,-1,-1,0,PI+SIDIS,0
24385,07/30,00:21,8.5831,28.0,LH2,-1.531,29.045,3.632,7.865,-1,-1,-1,-1,-1,0,PI+SIDIS,"Beam down, 15min run"
24386,07/30,01:02,8.5831,28.0,LH2,-1.531,29.045,3.632,7.865,-1,-1,-1,-1,-1,0,PI+SIDIS,0
24387,07/30,01:39,8.5831,28.0,LH2,-1.531,29.045,3.632,7.865,-1,-1,-1,-1,-1,0,PI+SIDIS,HMS magnets tripped ~3mins before the run stop!
24388,07/30,02:56,8.5831,28.0,LH2,-1.531,29.045,3.632,7.865,-1,-1,-1,-1,-1,0,PI+SIDIS,0
24389,07/30,03:35,8.5831,28.0,LH2,-1.531,29.045,3.632,7.865,-1,-1,-1,-1,-1,0,PI+SIDIS,0
24390,07/30,04:08,8.5831,28.0,LH2,-1.531,29.045,3.632,7.865,-1,-1,-1,-1,-1,0,PI+SIDIS,0
24391,07/30,06:03,8.5831,28.0,NONE,-1.531,29.045,3.632,7.865,-1,-1,-1,-1,-1,0,EDTMBCM,EDTM @30 Hz during beam studies (LOG: 4430262)
24396,07/30,21:41,8.5831,28.0,LH2,-1.531,29.045,3.632,7.865,-1,-1,-1,-1,-1,0,PI+SIDIS,aerogel cut changed from 4 to 2 in online counter
24397,07/30,22:12,8.5831,28.0,LH2,-1.531,29.045,3.632,7.865,-1,-1,-1,-1,-1,0,PI+SIDIS,0
24398,07/30,22:43,8.5831,19.0,LH2,-1.531,29.045,3.632,7.865,-1,-1,-1,-1,-1,0,PI+SIDIS,0
24399,07/30,23:14,8.5831,10.0,LH2,-1.531,29.045,3.632,7.865,-1,-1,-1,-1,-1,0,PI+SIDIS,0
24400,07/30,23:53,8.5831,40.0,Dummy,-1.531,29.045,3.632,7.865,-1,-1,-1,-1,-1,0,PI+SIDIS,0
24401,07/31,00:26,8.5831,40.0,Dummy,-1.531,29.045,3.632,7.865,-1,-1,-1,-1,-1,0,PI+SIDIS,0
24402,07/31,00:58,8.5831,40.0,Dummy,-1.531,29.045,3.632,7.865,-1,-1,-1,-1,-1,0,PI+SIDIS,0
24404,07/31,01:39,8.5831,24.0,C,-1.531,29.045,3.632,7.865,-1,-1,-1,-1,-1,0,PI+SIDIS,0
24405,07/31,02:11,8.5831,12.0,C,-1.531,29.045,3.632,7.865,-1,-1,-1,-1,-1,0,PI+SIDIS,0
24406,07/31,02:57,8.5831,28.0,Cu,-1.531,29.045,3.632,7.865,-1,-1,-1,-1,-1,0,PI+SIDIS,0
24407,07/31,03:28,8.5831,28.0,Cu,-1.531,29.045,3.632,7.865,-1,-1,-1,-1,-1,0,PI+SIDIS,0
24408,07/31,03:59,8.5831,28.0,Cu,-1.531,29.045,3.632,7.865,-1,-1,-1,-1,-1,0,PI+SIDIS,0
24409,07/31,04:30,8.5831,28.0,Cu,-1.531,29.045,3.632,7.865,-1,-1,-1,-1,-1,0,PI+SIDIS,0
24410,07/31,05:01,8.5831,28.0,Cu,-1.531,29.045,3.632,7.865,-1,-1,-1,-1,-1,0,PI+SIDIS,0
24411,07/31,05:39,8.5831,50.0,Al,-1.531,29.045,3.632,7.865,-1,-1,-1,-1,-1,0,PI+SIDIS,0
24412,07/31,06:10,8.5831,50.0,Al,-1.531,29.045,3.632,7.865,-1,-1,-1,-1,-1,0,PI+SIDIS,0
24413,07/31,06:41,8.5831,50.0,Al,-1.531,29.045,3.632,7.865,-1,-1,-1,-1,-1,0,PI+SIDIS,0
24414,07/31,07:13,8.5831,50.0,Al,-1.531,29.045,3.632,7.865,-1,-1,-1,-1,-1,0,PI+SIDIS,0
24415,07/31,07:55,8.5831,14.0,LD2,-1.531,29.045,3.632,7.865,-1,-1,-1,-1,-1,0,PI+SIDIS,0
24416,07/31,11:50,8.5831,14.0,LD2,-1.531,29.045,3.632,7.865,-1,-1,-1,-1,-1,0,PI+SIDIS,0
24417,07/31,12:26,8.5831,14.0,LD2,-1.531,29.045,3.632,7.865,-1,-1,-1,-1,-1,0,PI+SIDIS,0
24418,07/31,12:57,8.5831,14.0,LD2,-1.531,29.045,3.632,7.865,-1,-1,-1,-1,-1,0,PI+SIDIS,0
24419,07/31,13:31,8.5831,14.0,LD2,-1.531,29.045,3.632,7.865,-1,-1,-1,-1,-1,0,PI+SIDIS,0
24421,07/31,14:59,8.5831,14.0,LD2,-1.531,29.045,3.632,7.865,-1,-1,-1,-1,-1,0,PI+SIDIS,0
24422,07/31,16:54,8.5831,14.0,LD2,-1.531,29.045,3.632,7.865,-1,-1,-1,-1,-1,0,PI+SIDIS,20min run to complete the previous run(24421)
24423,07/31,17:16,8.5831,7.0,LD2,-1.531,29.045,3.632,7.865,-1,-1,-1,-1,-1,0,PI+SIDIS,0
24424,07/31,17:53,8.5831,28.0,LH2,-1.531,29.045,3.632,7.865,-1,-1,-1,-1,-1,0,PI+SIDIS,0
24425,07/31,18:24,8.5831,28.0,LH2,-1.531,29.045,3.632,7.865,-1,-1,-1,-1,-1,0,PI+SIDIS,0
24426,07/31,18:55,8.5831,19.0,LH2,-1.531,29.045,3.632,7.865,-1,-1,-1,-1,-1,0,PI+SIDIS,0
24427,07/31,19:27,8.5831,10.0,LH2,-1.531,29.045,3.632,7.865,-1,-1,-1,-1,-1,0,PI+SIDIS,0
24428,07/31,21:46,8.5831,8.0,LD2,-1.531,29.045,2.615,7.865,-1,-1,-1,-1,-1,0,PI+SIDIS,0
24429,07/31,22:18,8.5831,8.0,LD2,-1.531,29.045,2.615,7.865,-1,-1,-1,-1,-1,0,PI+SIDIS,0
24430,07/31,22:49,8.5831,8.0,LD2,-1.531,29.045,2.615,7.865,-1,-1,-1,-1,-1,0,PI+SIDIS,0
24431,07/31,23:26,8.5831,8.0,LD2,-1.531,29.045,2.615,7.865,-1,-1,-1,-1,-1,0,PI+SIDIS,0
24432,07/31,23:56,8.5831,8.0,LD2,-1.531,29.045,2.615,7.865,-1,-1,-1,-1,-1,0,PI+SIDIS,0
24433,08/01,00:28,8.5831,8.0,LD2,-1.531,29.045,2.615,7.865,-1,-1,-1,-1,-1,0,PI+SIDIS,0
24434,08/01,01:01,8.5831,8.0,LD2,-1.531,29.045,2.615,7.865,-1,-1,-1,-1,-1,0,PI+SIDIS,0
24435,08/01,01:31,8.5831,8.0,LD2,-1.531,29.045,2.615,7.865,-1,-1,-1,-1,-1,0,PI+SIDIS,0
24436,08/01,02:02,8.5831,8.0,LD2,-1.531,29.045,2.615,7.865,-1,-1,-1,-1,-1,0,PI+SIDIS,0
24437,08/01,02:33,8.5831,8.0,LD2,-1.531,29.045,2.615,7.865,-1,-1,-1,-1,-1,0,PI+SIDIS,0
24438,08/01,03:08,8.5831,8.0,LD2,-1.531,29.045,2.615,7.865,-1,-1,-1,0,-1,-1,HMSDIS,0
24440,08/01,03:28,8.5831,8.0,LD2,-1.531,29.045,2.615,7.865,-1,-1,4,-1,-1,-1,HMSDIS,0
24441,08/01,04:02,8.5831,8.0,LD2,-1.531,29.045,2.615,7.865,-1,6,-1,-1,-1,-1,SHMSDIS,0
24442,08/01,04:39,8.5831,16.0,LH2,-1.531,29.045,2.615,7.865,-1,-1,-1,-1,-1,0,PI+SIDIS,0
24443,08/01,05:11,8.5831,16.0,LH2,-1.531,29.045,2.615,7.865,-1,-1,-1,-1,0,-1,PI+SIDIS,0
24444,08/01,05:42,8.5831,16.0,LH2,-1.531,29.045,2.615,7.865,-1,-1,-1,-1,-1,0,PI+SIDIS,0
24445,08/01,06:13,8.5831,16.0,LH2,-1.531,29.045,2.615,7.865,-1,-1,-1,-1,-1,0,PI+SIDIS,"short run, beam off"
24446,08/01,06:33,8.5831,16.0,LH2,-1.531,29.045,2.615,7.865,-1,-1,-1,-1,-1,0,PI+SIDIS,0
24447,08/01,10:37,8.5831,16.0,LH2,-1.531,29.045,2.615,7.865,-1,-1,-1,-1,-1,0,PI+SIDIS,0
24448,08/01,11:08,8.5831,16.0,LH2,-1.531,29.045,2.615,7.865,-1,-1,-1,-1,-1,0,PI+SIDIS,0
24449,08/01,11:44,8.5831,16.0,LH2,-1.531,29.045,2.615,7.865,-1,-1,-1,-1,-1,0,PI+SIDIS,0
24450,08/01,12:16,8.5831,16.0,LH2,-1.531,29.045,2.615,7.865,-1,-1,-1,-1,-1,0,PI+SIDIS,0
24451,08/01,12:47,8.5831,16.0,LH2,-1.531,29.045,2.615,7.865,-1,-1,-1,-1,-1,0,PI+SIDIS,0
24452,08/01,13:18,8.5831,16.0,LH2,-1.531,29.045,2.615,7.865,-1,-1,-1,-1,-1,0,PI+SIDIS,0
24453,08/01,13:49,8.5831,16.0,LH2,-1.531,29.045,2.615,7.865,-1,-1,-1,-1,-1,0,PI+SIDIS,0
24454,08/01,14:20,8.5831,8.0,LH2,-1.531,29.045,2.615,7.865,-1,-1,-1,-1,-1,0,PI+SIDIS,0
24455,08/01,14:56,8.5831,8.0,LH2,-1.531,29.045,2.615,7.865,-1,-1,-1,0,-1,-1,HMSDIS,0
24456,08/01,15:11,8.5831,8.0,LH2,-1.531,29.045,2.615,7.865,-1,-1,3,-1,-1,-1,HMSDIS,0
24458,08/01,15:59,8.5831,8.0,LH2,-1.531,29.045,2.615,7.865,-1,5,-1,-1,-1,-1,SHMSDIS,0
24460,08/01,16:31,8.5831,20.0,Dummy,-1.531,29.045,2.615,7.865,-1,-1,-1,-1,-1,0,PI+SIDIS,0
24461,08/01,17:02,8.5831,20.0,Dummy,-1.531,29.045,2.615,7.865,-1,-1,-1,-1,-1,0,PI+SIDIS,9min run due to power cycle
24463,08/01,17:24,8.5831,20.0,Dummy,-1.531,29.045,2.615,7.865,-1,-1,-1,-1,-1,0,PI+SIDIS,0
24464,08/01,17:46,8.5831,20.0,Dummy,-1.531,29.045,2.615,7.865,-1,-1,-1,-1,-1,0,PI+SIDIS,0
24465,08/01,18:20,8.5831,10.0,Dummy,-1.531,29.045,2.615,7.865,-1,-1,-1,0,-1,-1,HMSDIS,0
24466,08/01,18:39,8.5831,10.0,Dummy,-1.531,29.045,2.615,7.865,-1,-1,3,-1,-1,-1,HMSDIS,0
24468,08/01,18:57,8.5831,10.0,Dummy,-1.531,29.045,2.615,7.865,-1,5,-1,-1,-1,-1,SHMSDIS,0
24469,08/01,19:24,8.5831,12.0,C,-1.531,29.045,2.615,7.865,-1,-1,-1,-1,-1,0,PI+SIDIS,0
24470,08/01,19:55,8.5831,12.0,C,-1.531,29.045,2.615,7.865,-1,-1,-1,-1,-1,0,PI+SIDIS,0
24471,08/01,20:27,8.5831,12.0,C,-1.531,29.045,2.615,7.865,-1,-1,-1,-1,-1,0,PI+SIDIS,0
24472,08/01,20:58,8.5831,12.0,C,-1.531,29.045,2.615,7.865,-1,-1,-1,-1,-1,0,PI+SIDIS,0
24473,08/01,21:52,8.5831,12.0,C,-1.531,29.045,2.615,7.865,-1,-1,-1,-1,-1,0,PI+SIDIS,0
24474,08/01,22:03,8.5831,12.0,C,-1.531,29.045,2.615,7.865,-1,-1,-1,-1,-1,0,PI+SIDIS,0
24475,08/01,22:39,8.5831,12.0,C,-1.531,29.045,2.615,7.865,-1,-1,-1,-1,-1,0,PI+SIDIS,0
24476,08/01,23:11,8.5831,12.0,C,-1.531,29.045,2.615,7.865,-1,-1,-1,-1,-1,0,PI+SIDIS,0
24477,08/01,23:44,8.5831,12.0,C,-1.531,29.045,2.615,7.865,-1,-1,-1,-1,-1,0,PI+SIDIS,0
24478,08/02,00:13,8.5831,12.0,C,-1.531,29.045,2.615,7.865,-1,-1,-1,-1,-1,0,PI+SIDIS,0
24479,08/02,00:46,8.5831,12.0,C,-1.531,29.045,2.615,7.865,-1,-1,-1,-1,-1,0,PI+SIDIS,0
24480,08/02,01:20,8.5831,12.0,C,-1.531,29.045,2.615,7.865,-1,-1,-1,-1,-1,0,PI+SIDIS,0
24481,08/02,01:54,8.5831,6.0,C,-1.531,29.045,2.615,7.865,-1,-1,-1,0,-1,-1,HMSDIS,0
24482,08/02,02:35,8.5831,6.0,C,-1.531,29.045,2.615,7.865,-1,-1,0,-1,-1,-1,HMSDIS,0
24483,08/02,02:49,8.5831,6.0,C,-1.531,29.045,2.615,7.865,-1,-1,3,-1,-1,-1,HMSDIS,0
24484,08/02,03:11,8.5831,6.0,C,-1.531,29.045,2.615,7.865,-1,0,-1,-1,-1,-1,SHMSDIS,0
24485,08/02,03:40,8.5831,12.0,Cu,-1.531,29.045,2.615,7.865,-1,-1,-1,-1,-1,0,PI+SIDIS,0
24486,08/02,04:11,8.5831,12.0,Cu,-1.531,29.045,2.615,7.865,-1,-1,-1,-1,-1,0,PI+SIDIS,0
24487,08/02,04:42,8.5831,12.0,Cu,-1.531,29.045,2.615,7.865,-1,-1,-1,-1,-1,0,PI+SIDIS,0
24488,08/02,05:13,8.5831,12.0,Cu,-1.531,29.045,2.615,7.865,-1,-1,-1,-1,-1,0,PI+SIDIS,0
24489,08/02,05:45,8.5831,12.0,Cu,-1.531,29.045,2.615,7.865,-1,-1,-1,-1,-1,0,PI+SIDIS,0
24490,08/02,06:15,8.5831,12.0,Cu,-1.531,29.045,2.615,7.865,-1,-1,-1,-1,-1,0,PI+SIDIS,0
24491,08/02,06:46,8.5831,12.0,Cu,-1.531,29.045,2.615,7.865,-1,-1,-1,-1,-1,0,PI+SIDIS,0
24492,08/02,07:16,8.5831,12.0,Cu,-1.531,29.045,2.615,7.865,-1,-1,-1,-1,-1,0,PI+SIDIS,0
24493,08/02,07:46,8.5831,12.0,Cu,-1.531,29.045,2.615,7.865,-1,-1,-1,-1,-1,0,PI+SIDIS,0
24494,08/02,08:18,8.5831,12.0,Cu,-1.531,29.045,2.615,7.865,-1,-1,-1,-1,-1,0,PI+SIDIS,0
24495,08/02,08:18,8.5831,6.0,Cu,-1.531,29.045,2.615,7.865,-1,-1,-1,0,-1,-1,HMSDIS,0
24496,08/02,09:09,8.5831,6.0,Cu,-1.531,29.045,2.615,7.865,-1,-1,0,-1,-1,-1,HMSDIS,0
24497,08/02,09:29,8.5831,6.0,Cu,-1.531,29.045,2.615,7.865,-1,5,-1,-1,-1,-1,SHMSDIS,0
24498,08/02,09:47,8.5831,6.0,Cu,-1.531,29.045,2.615,7.865,-1,-1,3,-1,-1,-1,HMSDIS,0
24499,08/02,10:07,8.5831,14.0,Cu,-1.531,29.045,2.615,7.865,-1,-1,-1,-1,-1,0,PI+SIDIS,0
24500,08/02,10:37,8.5831,14.0,Cu,-1.531,29.045,2.615,7.865,-1,-1,-1,-1,-1,0,PI+SIDIS,0
24501,08/02,11:23,8.5831,8.0,LD2,-1.531,29.045,2.615,7.865,-1,-1,-1,-1,-1,0,PI+SIDIS,0
24502,08/02,11:23,8.5831,8.0,LD2,-1.531,29.045,2.615,7.865,-1,-1,-1,-1,-1,0,PI+SIDIS,0
24503,08/02,11:53,8.5831,8.0,LD2,-1.531,29.045,2.615,7.865,-1,-1,-1,-1,-1,0,PI+SIDIS,0
24504,08/02,12:55,8.5831,8.0,LD2,-1.531,29.045,2.615,7.865,-1,-1,-1,-1,-1,0,PI+SIDIS,0
24505,08/02,13:26,8.5831,8.0,LD2,-1.531,29.045,2.615,7.865,-1,-1,-1,-1,-1,0,PI+SIDIS,0
24506,08/02,13:58,8.5831,8.0,LD2,-1.531,29.045,2.615,7.865,-1,-1,-1,-1,-1,0,PI+SIDIS,0
24507,08/02,14:28,8.5831,8.0,LD2,-1.531,29.045,2.615,7.865,-1,-1,-1,-1,-1,0,PI+SIDIS,0
24508,08/02,15:12,8.5831,16.0,LH2,-1.531,29.045,2.615,7.865,-1,-1,-1,-1,-1,0,PI+SIDIS,0
24509,08/02,17:54,8.5831,16.0,LH2,-1.531,29.045,2.615,7.865,-1,-1,-1,-1,-1,0,PI+SIDIS,0
24510,08/02,18:31,8.5831,16.0,LH2,-1.531,29.045,2.615,7.865,-1,-1,-1,-1,-1,0,PI+SIDIS,0
24511,08/02,19:02,8.5831,16.0,LH2,-1.531,29.045,2.615,7.865,-1,-1,-1,-1,-1,0,PI+SIDIS,0
24512,08/02,19:33,8.5831,8.0,LH2,-1.531,29.045,2.615,7.865,-1,-1,-1,-1,-1,0,PI+SIDIS,0
24513,08/02,20:13,8.5831,20.0,Dummy,-1.531,29.045,2.615,7.865,-1,-1,-1,-1,-1,0,PI+SIDIS,0
24514,08/02,20:44,8.5831,20.0,Dummy,-1.531,29.045,2.615,7.865,-1,-1,-1,-1,-1,0,PI+SIDIS,0
24515,08/02,21:14,8.5831,20.0,Dummy,-1.531,29.045,2.615,7.865,-1,-1,-1,-1,-1,0,PI+SIDIS,0
24516,08/02,21:49,8.5831,12.0,C,-1.531,29.045,2.615,7.865,-1,-1,-1,-1,-1,0,PI+SIDIS,"SHMS S1X rate ~1.2MHz, End run gave DAQ error"
24517,08/02,22:22,8.5831,12.0,C,-1.531,29.045,2.615,7.865,-1,-1,-1,-1,-1,0,PI+SIDIS,"DAQ error, not 50k replay"
24521,08/02,23:02,8.5831,12.0,C,-1.531,29.045,2.615,7.865,-1,-1,-1,-1,-1,0,PI+SIDIS,0
24522,08/02,23:33,8.5831,12.0,C,-1.531,29.045,2.615,7.865,-1,-1,-1,-1,-1,0,PI+SIDIS,0
24523,08/03,00:05,8.5831,12.0,C,-1.531,29.045,2.615,7.865,-1,-1,-1,-1,-1,0,PI+SIDIS,0
24524,08/03,00:37,8.5831,12.0,C,-1.531,29.045,2.615,7.865,-1,-1,-1,-1,-1,0,PI+SIDIS,0
24525,08/03,01:10,8.5831,12.0,C,-1.531,29.045,2.615,7.865,-1,-1,-1,-1,-1,0,PI+SIDIS,0
24526,08/03,01:47,8.5831,14.0,Cu,-1.531,29.045,2.615,7.865,-1,-1,-1,-1,-1,0,PI+SIDIS,0
24527,08/03,02:19,8.5831,14.0,Cu,-1.531,29.045,2.615,7.865,-1,-1,-1,-1,-1,0,PI+SIDIS,0
24528,08/03,02:51,8.5831,14.0,Cu,-1.531,29.045,2.615,7.865,-1,-1,-1,-1,-1,0,PI+SIDIS,0
24529,08/03,03:23,8.5831,14.0,Cu,-1.531,29.045,2.615,7.865,-1,-1,-1,-1,-1,0,PI+SIDIS,0
24530,08/03,04:03,8.5831,14.0,Cu,-1.531,29.045,2.615,7.865,-1,-1,-1,-1,-1,0,PI+SIDIS,0
24531,08/03,04:35,8.5831,14.0,Cu,-1.531,29.045,2.615,7.865,-1,-1,-1,-1,-1,0,PI+SIDIS,0
24532,08/03,05:07,8.5831,14.0,Cu,-1.531,29.045,2.615,7.865,-1,-1,-1,-1,-1,0,PI+SIDIS,0
24533,08/03,05:39,8.5831,14.0,Cu,-1.531,29.045,2.615,7.865,-1,-1,-1,-1,-1,0,PI+SIDIS,0
24534,08/03,06:11,8.5831,14.0,Cu,-1.531,29.045,2.615,7.865,-1,-1,-1,-1,-1,0,PI+SIDIS,0
24535,08/03,06:51,8.5831,14.0,Cu,-1.531,29.045,2.615,7.865,-1,-1,-1,-1,-1,0,PI+SIDIS,0
24536,08/03,11:50,8.5831,35.0,LD2,1.531,29.045,6.538,7.865,-1,-1,-1,-1,-1,0,PI+SIDIS,HMS Dipole set manually.  Momentum/angle not automatically recorded in CODA.
24537,08/03,12:09,8.5831,35.0,LD2,1.531,29.045,6.538,7.865,-1,-1,-1,3,-1,-1,HMSDIS,Only 1 minute of beam time here.  Beam down.  Will return to this setting.
24541,08/03,14:11,8.5831,35.0,LD2,1.531,29.045,6.538,7.865,-1,-1,-1,2,-1,-1,HMSDIS,0
24543,08/03,14:59,8.5831,50.0,LH2,1.531,29.045,6.538,7.865,-1,-1,-1,-1,-1,0,PI+SIDIS,0
24544,08/03,15:17,8.5831,50.0,LH2,1.531,29.045,6.538,7.865,-1,-1,-1,2,-1,-1,HMSDIS,0
24545,08/03,15:51,8.5831,40.0,Dummy,1.531,29.045,6.538,7.865,-1,-1,-1,-1,-1,0,PI+SIDIS,0
24546,08/03,16:11,8.5831,40.0,Dummy,1.531,29.045,6.538,7.865,-1,-1,-1,0,-1,-1,HMSDIS,0
24547,08/03,16:36,8.5831,50.0,C,1.531,29.045,6.538,7.865,-1,-1,-1,-1,-1,0,PI+SIDIS,0
24549,08/03,17:02,8.5831,50.0,C,1.531,29.045,6.538,7.865,-1,-1,-1,2,-1,-1,HMSDIS,0
24550,08/03,17:42,8.5831,50.0,Cu,1.531,29.045,6.538,7.865,-1,-1,-1,-1,-1,0,PI+SIDIS,0
24551,08/03,18:00,8.5831,50.0,Cu,1.531,29.045,6.538,7.865,-1,-1,-1,2,-1,-1,HMSDIS,0
24553,08/03,18:45,8.5831,35.0,LD2,1.531,29.045,4.868,7.865,-1,-1,-1,-1,-1,0,PI+SIDIS,0
24554,08/03,19:19,8.5831,50.0,LH2,1.531,29.045,4.868,7.865,-1,-1,-1,-1,-1,0,PI+SIDIS,0
24555,08/03,19:54,8.5831,40.0,Dummy,1.531,29.045,4.868,7.865,-1,-1,-1,-1,-1,0,PI+SIDIS,0
24556,08/03,20:26,8.5831,50.0,C,1.531,29.045,4.868,7.865,-1,-1,-1,-1,-1,0,PI+SIDIS,0
24557,08/03,20:56,8.5831,50.0,Cu,1.531,29.045,4.868,7.865,-1,-1,-1,-1,-1,0,PI+SIDIS,0
24558,08/03,21:33,8.5831,15.0,LD2,1.531,29.045,3.632,7.865,-1,-1,-1,-1,-1,0,PI+SIDIS,0
24559,08/03,22:21,8.5831,30.0,LH2,1.531,29.045,3.632,7.865,-1,-1,-1,-1,-1,0,PI+SIDIS,0
24560,08/03,23:09,8.5831,40.0,Dummy,1.531,29.045,3.632,7.865,-1,-1,-1,-1,-1,0,PI+SIDIS,0
24561,08/03,23:57,8.5831,28.0,C,1.531,29.045,3.632,7.865,-1,-1,-1,-1,-1,0,PI+SIDIS,0
24562,08/04,00:50,8.5831,28.0,Cu,1.531,29.045,3.632,7.865,-1,-1,-1,-1,-1,0,PI+SIDIS,0
24563,08/04,01:40,8.5831,50.0,Al,1.531,29.045,3.632,7.865,-1,-1,-1,0,-1,-1,HMSDIS,0
24564,08/04,02:21,8.5831,8.0,LD2,1.531,29.045,2.615,7.865,-1,-1,-1,-1,-1,0,PI+SIDIS,0
24566,08/04,03:28,8.5831,16.0,LH2,1.531,29.045,2.615,7.865,-1,-1,-1,-1,-1,0,PI+SIDIS,0
24567,08/04,04:35,8.5831,20.0,Dummy,1.531,29.045,2.615,7.865,-1,-1,-1,-1,-1,0,PI+SIDIS,0
24568,08/04,05:34,8.5831,12.0,C,1.531,29.045,2.615,7.865,-1,-1,-1,-1,-1,0,PI+SIDIS,0
24569,08/04,06:13,8.5831,12.0,C,1.531,29.045,2.615,7.865,-1,-1,-1,-1,-1,0,PI+SIDIS,0
24570,08/04,06:53,8.5831,14.0,Cu,1.531,29.045,2.615,7.865,-1,-1,-1,-1,-1,0,PI+SIDIS,0
24572,08/04,10:55,8.5831,25.0,LD2,1.531,29.045,-6.538,7.865,-1,-1,-1,-1,-1,0,PI-SIDIS,0
24573,08/04,11:16,8.5831,35.0,LD2,1.531,29.045,-6.538,7.865,-1,-1,-1,2,-1,-1,HMSDIS,0
24574,08/04,11:52,8.5831,35.0,LH2,1.531,29.045,-6.538,7.865,-1,-1,-1,-1,-1,0,PI-SIDIS,0
24575,08/04,12:21,8.5831,35.0,LH2,1.531,29.045,-6.538,7.865,-1,-1,-1,1,-1,-1,HMSDIS,0
24576,08/04,13:00,8.5831,40.0,Dummy,1.531,29.045,-6.538,7.865,-1,-1,-1,-1,-1,0,PI-SIDIS,0
24577,08/04,13:18,8.5831,40.0,Dummy,1.531,29.045,-6.538,7.865,-1,-1,-1,1,-1,-1,HMSDIS,0
24578,08/04,13:44,8.5831,35.0,C,1.531,29.045,-6.538,7.865,-1,-1,-1,-1,-1,0,PI-SIDIS,0
24579,08/04,14:09,8.5831,35.0,C,1.531,29.045,-6.538,7.865,-1,-1,-1,1,-1,-1,HMSDIS,0
24580,08/04,14:44,8.5831,35.0,Cu,1.531,29.045,-6.538,7.865,-1,-1,-1,-1,-1,0,PI-SIDIS,0
24581,08/04,15:03,8.5831,35.0,Cu,1.531,29.045,-6.538,7.865,-1,-1,-1,1,-1,-1,HMSDIS,0
24582,08/04,15:39,8.5831,40.0,Cu,1.531,29.045,-4.868,7.865,-1,-1,-1,-1,-1,0,PI-SIDIS,0
24583,08/04,16:17,8.5831,20.0,LD2,1.531,29.045,-4.868,7.865,-1,-1,-1,-1,-1,0,PI-SIDIS,0
24584,08/04,16:49,8.5831,40.0,LH2,1.531,29.045,-4.868,7.865,-1,-1,-1,-1,-1,0,PI-SIDIS,0
24585,08/04,17:25,8.5831,40.0,Dummy,1.531,29.045,-4.868,7.865,-1,-1,-1,-1,-1,0,PI-SIDIS,0
24587,08/04,22:53,8.5831,40.0,Dummy,1.531,29.045,-4.868,7.865,-1,-1,-1,-1,-1,0,PI-SIDIS,0
24588,08/04,23:12,8.5831,35.0,C,1.531,29.045,-4.868,7.865,-1,-1,-1,-1,-1,0,PI-SIDIS,0
24589,08/05,00:00,8.5831,25.0,C,1.531,29.045,-3.632,7.865,-1,-1,-1,-1,-1,0,PI-SIDIS,0
24590,08/05,00:41,8.5831,25.0,C,1.531,29.045,-3.632,7.865,-1,-1,-1,-1,-1,0,PI-SIDIS,0
24591,08/05,01:35,8.5831,15.0,LD2,1.531,29.045,-3.632,7.865,-1,-1,-1,-1,-1,0,PI-SIDIS,0
24592,08/05,02:16,8.5831,15.0,LD2,1.531,29.045,-3.632,7.865,-1,-1,-1,-1,-1,0,PI-SIDIS,0
24593,08/05,03:06,8.5831,30.0,LH2,1.531,29.045,-3.632,7.865,-1,-1,-1,-1,-1,0,PI-SIDIS,0
24594,08/05,03:51,8.5831,30.0,LH2,1.531,29.045,-3.632,7.865,-1,-1,-1,-1,-1,0,PI-SIDIS,0
24595,08/05,04:41,8.5831,35.0,Dummy,1.531,29.045,-3.632,7.865,-1,-1,-1,-1,-1,0,PI-SIDIS,0
24596,08/05,05:29,8.5831,30.0,Cu,1.531,29.045,-3.632,7.865,-1,-1,-1,-1,-1,0,PI-SIDIS,0
24597,08/05,06:10,8.5831,30.0,Cu,1.531,29.045,-3.632,7.865,-1,-1,-1,-1,-1,0,PI-SIDIS,0
24598,08/05,07:13,8.5831,20.0,LH2,1.531,29.045,-2.615,7.865,-1,-1,-1,-1,-1,0,PI-SIDIS,0
24599,08/05,08:05,8.5831,20.0,LH2,1.531,29.045,-2.615,7.865,-1,-1,-1,-1,-1,0,PI-SIDIS,0
24600,08/05,09:07,8.5831,25.0,Dummy,1.531,29.045,-2.615,7.865,-1,-1,-1,-1,-1,0,PI-SIDIS,0
24601,08/05,11:01,8.5831,40.0,Dummy,1.531,29.045,3.632,7.865,-1,-1,-1,-1,-1,0,PI+SIDIS,0
24602,08/05,11:58,8.5831,15.0,LD2,1.531,29.045,3.632,7.865,-1,-1,-1,-1,-1,0,PI+SIDIS,0
24603,08/05,12:47,8.5831,30.0,LH2,1.531,29.045,3.632,7.865,-1,-1,-1,-1,-1,0,PI+SIDIS,0
24604,08/05,13:40,8.5831,30.0,C,1.531,29.045,3.632,7.865,-1,-1,-1,-1,-1,0,PI+SIDIS,0
24605,08/05,14:25,8.5831,30.0,Cu,1.531,29.045,3.632,7.865,-1,-1,-1,-1,-1,0,PI+SIDIS,0
24606,08/05,15:13,8.5831,14.0,Cu,1.531,29.045,2.615,7.865,-1,-1,-1,-1,-1,0,PI+SIDIS,0
24607,08/05,16:09,8.5831,12.0,C,1.531,29.045,2.615,7.865,-1,-1,-1,-1,-1,0,PI+SIDIS,0
24608,08/05,17:05,8.5831,20.0,Dummy,1.531,29.045,2.615,7.865,-1,-1,-1,-1,-1,0,PI+SIDIS,0
24609,08/05,18:03,8.5831,16.0,LH2,1.531,29.045,2.615,7.865,-1,-1,-1,-1,-1,0,PI+SIDIS,0
24610,08/05,18:59,8.5831,8.0,LD2,1.531,29.045,2.615,7.865,-1,-1,-1,-1,-1,0,PI+SIDIS,0
24611,08/05,21:01,8.5831,40.0,LD2,-1.531,29.045,3.632,11.075,-1,-1,-1,-1,-1,0,PI+SIDIS,0
24612,08/05,21:29,8.5831,40.0,LD2,-1.531,29.045,3.632,11.075,-1,-1,-1,-1,-1,0,PI+SIDIS,0
24613,08/05,22:01,8.5831,40.0,LD2,-1.531,29.045,3.632,11.075,-1,-1,-1,-1,-1,0,PI+SIDIS,0
24614,08/05,22:32,8.5831,40.0,LD2,-1.531,29.045,3.632,11.075,-1,-1,-1,-1,-1,0,PI+SIDIS,0
24615,08/05,23:04,8.5831,40.0,LD2,-1.531,29.045,3.632,11.075,-1,-1,-1,-1,-1,0,PI+SIDIS,0
24616,08/05,23:36,8.5831,40.0,LD2,-1.531,29.045,3.632,11.075,-1,-1,-1,-1,-1,0,PI+SIDIS,0
24617,08/06,00:07,8.5831,40.0,LD2,-1.531,29.045,3.632,11.075,-1,-1,-1,-1,-1,0,PI+SIDIS,0
24618,08/06,00:39,8.5831,40.0,LD2,-1.531,29.045,3.632,11.075,-1,-1,-1,-1,-1,0,PI+SIDIS,0
24619,08/06,01:10,8.5831,27.0,LD2,-1.531,29.045,3.632,11.075,-1,-1,-1,-1,-1,0,PI+SIDIS,SHMS HB tripped 6min before run stop!
24620,08/06,01:51,8.5831,27.0,LD2,-1.531,29.045,3.632,11.075,-1,-1,-1,-1,-1,0,PI+SIDIS,In run sheet it is marked JUNK!
24621,08/06,23:07,8.5831,27.0,LD2,-1.531,29.045,3.632,11.075,-1,-1,-1,-1,-1,0,PI+SIDIS,0
24622,08/06,23:39,8.5831,13.0,LD2,-1.531,29.045,3.632,11.075,-1,-1,-1,-1,-1,0,PI+SIDIS,0
24625,08/07,01:39,8.5831,40.0,LD2,-1.531,29.045,3.632,11.075,-1,6,-1,-1,-1,-1,SHMSDIS,0
24626,08/07,02:00,8.5831,40.0,LD2,-1.531,29.045,3.632,11.075,-1,-1,-1,2,-1,-1,HMSDIS,0
24627,08/07,02:53,8.5831,48.0,LH2,-1.531,29.045,3.632,11.075,-1,-1,-1,-1,-1,0,PI+SIDIS,0
24628,08/07,03:24,8.5831,48.0,LH2,-1.531,29.045,3.632,11.075,-1,-1,-1,-1,0,-1,PI+SIDIS,0
24629,08/07,03:55,8.5831,48.0,LH2,-1.531,29.045,3.632,11.075,-1,-1,-1,-1,-1,0,PI+SIDIS,0
24630,08/07,04:28,8.5831,48.0,LH2,-1.531,29.045,3.632,11.075,-1,-1,-1,-1,-1,0,PI+SIDIS,0
24631,08/07,05:00,8.5831,48.0,LH2,-1.531,29.045,3.632,11.075,-1,-1,-1,-1,-1,0,PI+SIDIS,0
24632,08/07,05:31,8.5831,48.0,LH2,-1.531,29.045,3.632,11.075,-1,-1,-1,-1,-1,0,PI+SIDIS,0
24633,08/07,06:01,8.5831,48.0,LH2,-1.531,29.045,3.632,11.075,-1,-1,-1,-1,-1,0,PI+SIDIS,Stopped after 10mins due to beam down
24634,08/07,06:49,8.5831,48.0,LH2,-1.531,29.045,3.632,11.075,-1,-1,-1,-1,-1,0,PI+SIDIS,0
24635,08/07,07:21,8.5831,32.0,LH2,-1.531,29.045,3.632,11.075,-1,-1,-1,-1,-1,0,PI+SIDIS,0
24636,08/07,07:54,8.5831,16.0,LH2,-1.531,29.045,3.632,11.075,-1,-1,-1,-1,-1,0,PI+SIDIS,0
24637,08/07,08:44,8.5831,16.0,LH2,-1.531,29.045,3.632,11.075,-1,-1,-1,1,-1,-1,HMSDIS,0
24640,08/07,19:23,8.5831,48.0,LH2,-1.531,29.045,3.632,11.075,-1,6,-1,-1,-1,-1,SHMSDIS,0
24641,08/07,19:53,8.5831,40.0,Dummy,-1.531,29.045,3.632,11.075,-1,-1,-1,-1,-1,0,PI+SIDIS,0
24642,08/07,20:25,8.5831,40.0,Dummy,-1.531,29.045,3.632,11.075,-1,-1,-1,-1,-1,0,PI+SIDIS,0
24643,08/07,20:56,8.5831,40.0,Dummy,-1.531,29.045,3.632,11.075,-1,-1,-1,-1,-1,0,PI+SIDIS,0
24644,08/07,21:29,8.5831,40.0,Dummy,-1.531,29.045,3.632,11.075,-1,-1,-1,0,-1,-1,HMSDIS,0
24645,08/07,21:47,8.5831,40.0,Dummy,-1.531,29.045,3.632,11.075,-1,5,-1,-1,-1,-1,SHMSDIS,0
24646,08/07,22:31,8.5831,48.0,C,-1.531,29.045,3.632,11.075,-1,-1,-1,-1,-1,0,PI+SIDIS,0
24647,08/07,23:06,8.5831,48.0,C,-1.531,29.045,3.632,11.075,-1,-1,-1,-1,-1,0,PI+SIDIS,0
24648,08/07,23:39,8.5831,48.0,C,-1.531,29.045,3.632,11.075,-1,-1,-1,-1,-1,0,PI+SIDIS,0
24649,08/08,00:10,8.5831,48.0,C,-1.531,29.045,3.632,11.075,-1,-1,-1,-1,-1,0,PI+SIDIS,0
24650,08/08,00:41,8.5831,48.0,C,-1.531,29.045,3.632,11.075,-1,-1,-1,-1,-1,0,PI+SIDIS,0
24651,08/08,01:12,8.5831,24.0,C,-1.531,29.045,3.632,11.075,-1,-1,-1,-1,-1,0,PI+SIDIS,0
24652,08/08,01:45,8.5831,48.0,C,-1.531,29.045,3.632,11.075,-1,-1,-1,2,-1,-1,HMSDIS,0
24653,08/08,02:02,8.5831,48.0,C,-1.531,29.045,3.632,11.075,-1,6,-1,-1,-1,-1,SHMSDIS,0
24654,08/08,02:34,8.5831,48.0,Cu,-1.531,29.045,3.632,11.075,-1,-1,-1,-1,-1,0,PI+SIDIS,0
24655,08/08,03:05,8.5831,48.0,Cu,-1.531,29.045,3.632,11.075,-1,-1,-1,-1,-1,0,PI+SIDIS,0
24656,08/08,03:37,8.5831,48.0,Cu,-1.531,29.045,3.632,11.075,-1,-1,-1,-1,-1,0,PI+SIDIS,0
24657,08/08,04:04,8.5831,48.0,Cu,-1.531,29.045,3.632,11.075,-1,-1,-1,-1,-1,0,PI+SIDIS,0
24658,08/08,04:40,8.5831,48.0,Cu,-1.531,29.045,3.632,11.075,-1,-1,-1,-1,-1,0,PI+SIDIS,0
24659,08/08,05:11,8.5831,48.0,Cu,-1.531,29.045,3.632,11.075,-1,-1,-1,-1,-1,0,PI+SIDIS,0
24660,08/08,05:41,8.5831,48.0,Cu,-1.531,29.045,3.632,11.075,-1,-1,-1,-1,-1,0,PI+SIDIS,0
24661,08/08,06:25,8.5831,48.0,Cu,-1.531,29.045,3.632,11.075,-1,-1,-1,-1,-1,0,PI+SIDIS,0
24662,08/08,06:55,8.5831,48.0,Cu,-1.531,29.045,3.632,11.075,-1,-1,-1,-1,-1,0,PI+SIDIS,0
24663,08/08,07:29,8.5831,48.0,Cu,-1.531,29.045,3.632,11.075,-1,-1,-1,1,-1,-1,HMSDIS,0
24665,08/08,07:51,8.5831,48.0,Cu,-1.531,29.045,3.632,11.075,-1,6,-1,-1,-1,-1,SHMSDIS,0
24666,08/08,08:28,8.5831,40.0,LD2,-1.531,29.045,3.632,11.075,-1,-1,-1,-1,-1,0,PI+SIDIS,0
24667,08/08,09:07,8.5831,40.0,LD2,-1.531,29.045,3.632,11.075,-1,-1,-1,-1,-1,0,PI+SIDIS,0
24668,08/08,11:01,8.5831,40.0,LD2,-1.531,29.045,3.632,11.075,-1,-1,-1,-1,-1,0,PI+SIDIS,0
24669,08/08,11:34,8.5831,40.0,LD2,-1.531,29.045,3.632,11.075,-1,-1,-1,-1,-1,0,PI+SIDIS,0
24670,08/08,12:08,8.5831,40.0,LD2,-1.531,29.045,3.632,11.075,-1,-1,-1,-1,-1,0,PI+SIDIS,0
24671,08/08,12:42,8.5831,40.0,LD2,-1.531,29.045,3.632,11.075,-1,-1,-1,-1,-1,0,PI+SIDIS,0
24672,08/08,13:15,8.5831,27.0,LD2,-1.531,29.045,3.632,11.075,-1,-1,-1,-1,-1,0,PI+SIDIS,0
24673,08/08,13:57,8.5831,14.0,LD2,-1.531,29.045,3.632,11.075,-1,-1,-1,-1,-1,0,PI+SIDIS,0
24674,08/08,14:35,8.5831,60.0,LH2,-1.531,29.045,3.632,11.075,-1,-1,-1,-1,-1,0,PI+SIDIS,Unstable beam
24675,08/08,15:29,8.5831,55.0,LH2,-1.531,29.045,3.632,11.075,-1,-1,-1,-1,-1,0,PI+SIDIS,0 (Max current for this cycle)
24676,08/08,16:02,8.5831,55.0,LH2,-1.531,29.045,3.632,11.075,-1,-1,-1,-1,-1,0,PI+SIDIS,0
24677,08/08,16:33,8.5831,55.0,LH2,-1.531,29.045,3.632,11.075,-1,-1,-1,-1,-1,0,PI+SIDIS,0
24678,08/08,17:04,8.5831,55.0,LH2,-1.531,29.045,3.632,11.075,-1,-1,-1,-1,-1,0,PI+SIDIS,0
24679,08/08,17:34,8.5831,55.0,LH2,-1.531,29.045,3.632,11.075,-1,-1,-1,-1,-1,0,PI+SIDIS,0
24680,08/08,18:05,8.5831,55.0,LH2,-1.531,29.045,3.632,11.075,-1,-1,-1,-1,-1,0,PI+SIDIS,0
24681,08/08,18:48,8.5831,37.0,LH2,-1.531,29.045,3.632,11.075,-1,-1,-1,-1,-1,0,PI+SIDIS,0
24682,08/08,19:21,8.5831,18.0,LH2,-1.531,29.045,3.632,11.075,-1,-1,-1,-1,-1,0,PI+SIDIS,0
24683,08/08,19:54,8.5831,55.0,LH2,-1.531,29.045,3.632,11.075,-1,-1,-1,-1,-1,0,PI+SIDIS,0
24684,08/08,20:23,8.5831,40.0,Dummy,-1.531,29.045,3.632,11.075,-1,-1,-1,-1,-1,0,PI+SIDIS,0
24685,08/08,20:54,8.5831,40.0,Dummy,-1.531,29.045,3.632,11.075,-1,-1,-1,-1,-1,0,PI+SIDIS,0
24686,08/08,21:25,8.5831,40.0,Dummy,-1.531,29.045,3.632,11.075,-1,-1,-1,-1,-1,0,PI+SIDIS,0
24687,08/08,22:01,8.5831,48.0,Cu,-1.531,29.045,3.632,11.075,-1,-1,-1,-1,-1,0,PI+SIDIS,0
24688,08/08,22:32,8.5831,48.0,Cu,-1.531,29.045,3.632,11.075,-1,-1,-1,-1,-1,0,PI+SIDIS,0
24690,08/09,03:18,8.5831,55.0,LH2,-1.531,29.045,-3.632,11.075,-1,-1,-1,-1,-1,0,PI-SIDIS,0
24691,08/09,03:50,8.5831,55.0,LH2,-1.531,29.045,-3.632,11.075,-1,-1,-1,-1,0,-1,PI-SIDIS,0
24692,08/09,04:22,8.5831,55.0,LH2,-1.531,29.045,-3.632,11.075,-1,-1,-1,-1,-1,0,PI-SIDIS,0
24693,08/09,04:53,8.5831,55.0,LH2,-1.531,29.045,-3.632,11.075,-1,-1,-1,-1,-1,0,PI-SIDIS,0
24694,08/09,05:22,8.5831,55.0,LH2,-1.531,29.045,-3.632,11.075,-1,-1,-1,-1,-1,0,PI-SIDIS,0
24695,08/09,05:56,8.5831,55.0,LH2,-1.531,29.045,-3.632,11.075,-1,-1,-1,-1,-1,0,PI-SIDIS,0
24696,08/09,06:27,8.5831,55.0,LH2,-1.531,29.045,-3.632,11.075,-1,-1,-1,-1,-1,0,PI-SIDIS,0
24697,08/09,06:38,8.5831,55.0,LH2,-1.531,29.045,-3.632,11.075,-1,-1,-1,-1,-1,0,PI-SIDIS,0
24698,08/09,07:09,8.5831,55.0,LH2,-1.531,29.045,-3.632,11.075,-1,-1,-1,-1,-1,0,PI-SIDIS,0
24699,08/09,07:40,8.5831,55.0,LH2,-1.531,29.045,-3.632,11.075,-1,-1,-1,-1,-1,0,PI-SIDIS,HMS mags tripped 4 mins before the run stop!
24701,08/09,08:58,8.5831,55.0,LH2,-1.531,29.045,-3.632,11.075,-1,-1,-1,-1,-1,0,PI-SIDIS,0
24702,08/09,09:36,8.5831,37.0,LH2,-1.531,29.045,-3.632,11.075,-1,-1,-1,-1,-1,0,PI-SIDIS,0
24703,08/09,10:14,8.5831,19.0,LH2,-1.531,29.045,-3.632,11.075,-1,-1,-1,-1,-1,0,PI-SIDIS,0
24705,08/09,11:04,8.5831,55.0,LH2,-1.531,29.045,-3.632,11.075,-1,-1,-1,2,-1,-1,HMSDIS,0
24706,08/09,11:24,8.5831,55.0,LH2,-1.531,29.045,-3.632,11.075,-1,7,-1,-1,-1,-1,SHMSDIS,0
24707,08/09,12:29,8.5831,40.0,Dummy,-1.531,29.045,-3.632,11.075,-1,-1,-1,-1,-1,0,PI-SIDIS,0
24708,08/09,13:03,8.5831,40.0,Dummy,-1.531,29.045,-3.632,11.075,-1,-1,-1,-1,-1,0,PI-SIDIS,0
24709,08/09,13:34,8.5831,40.0,Dummy,-1.531,29.045,-3.632,11.075,-1,-1,-1,-1,-1,0,PI-SIDIS,0
24710,08/09,14:06,8.5831,20.0,Dummy,-1.531,29.045,-3.632,11.075,-1,-1,-1,-1,-1,0,PI-SIDIS,0
24711,08/09,14:43,8.5831,40.0,Dummy,-1.531,29.045,-3.632,11.075,-1,-1,-1,1,-1,-1,HMSDIS,0
24712,08/09,15:09,8.5831,40.0,Dummy,-1.531,29.045,-3.632,11.075,-1,6,-1,-1,-1,-1,SHMSDIS,0
24713,08/09,15:44,8.5831,55.0,LH2,-1.531,29.045,-3.632,11.075,-1,-1,-1,-1,-1,0,PI-SIDIS,0
24714,08/09,16:21,8.5831,55.0,LH2,-1.531,29.045,-3.632,11.075,-1,-1,-1,-1,-1,0,PI-SIDIS,0
24715,08/09,17:00,8.5831,55.0,LH2,-1.531,29.045,-3.632,11.075,-1,-1,-1,-1,-1,1,PI-SIDIS,0
24716,08/09,17:38,8.5831,55.0,LH2,-1.531,29.045,-3.632,11.075,-1,-1,-1,-1,-1,1,PI-SIDIS,0
24717,08/09,18:16,8.5831,55.0,LH2,-1.531,29.045,-3.632,11.075,-1,-1,-1,-1,-1,0,PI-SIDIS,0
24718,08/09,18:52,8.5831,55.0,LH2,-1.531,29.045,-3.632,11.075,-1,-1,-1,-1,-1,0,PI-SIDIS,0
24719,08/09,19:32,8.5831,55.0,LH2,-1.531,29.045,-3.632,11.075,-1,-1,-1,-1,-1,0,PI-SIDIS,0
24720,08/09,20:05,8.5831,37.0,LH2,-1.531,29.045,-3.632,11.075,-1,-1,-1,-1,-1,0,PI-SIDIS,0
24721,08/09,20:41,8.5831,37.0,LH2,-1.531,29.045,-3.632,11.075,-1,-1,-1,-1,-1,0,PI-SIDIS,0
24722,08/09,21:17,8.5831,37.0,LH2,-1.531,29.045,-3.632,11.075,-1,-1,-1,-1,-1,0,PI-SIDIS,0
24723,08/09,21:50,8.5831,37.0,LH2,-1.531,29.045,-3.632,11.075,-1,-1,-1,-1,-1,0,PI-SIDIS,0
24724,08/09,22:27,8.5831,18.0,LH2,-1.531,29.045,-3.632,11.075,-1,-1,-1,-1,-1,0,PI-SIDIS,0
24725,08/09,23:03,8.5831,18.0,LH2,-1.531,29.045,-3.632,11.075,-1,-1,-1,-1,-1,0,PI-SIDIS,0
24726,08/09,23:41,8.5831,18.0,LH2,-1.531,29.045,-3.632,11.075,-1,-1,-1,-1,-1,0,PI-SIDIS,0
24727,08/10,00:14,8.5831,18.0,LH2,-1.531,29.045,-3.632,11.075,-1,-1,-1,-1,-1,0,PI-SIDIS,0
24728,08/10,00:48,8.5831,18.0,LH2,-1.531,29.045,-3.632,11.075,-1,-1,-1,-1,-1,0,PI-SIDIS,0
24729,08/10,01:21,8.5831,18.0,LH2,-1.531,29.045,-3.632,11.075,-1,-1,-1,-1,-1,0,PI-SIDIS,"DAQ gives ROC1 and ROC5 red error while downloading run file. Reset again makes the alarm go. This was happening through run 24737, then restarted CODA"
24730,08/10,02:03,8.5831,40.0,Dummy,-1.531,29.045,-3.632,11.075,-1,-1,-1,-1,-1,0,PI-SIDIS,0
24731,08/10,02:37,8.5831,40.0,Dummy,-1.531,29.045,-3.632,11.075,-1,-1,-1,-1,-1,0,PI-SIDIS,0
24732,08/10,03:15,8.5831,40.0,Dummy,-1.531,29.045,-3.632,11.075,-1,-1,-1,-1,-1,0,PI-SIDIS,0
24733,08/10,03:50,8.5831,20.0,Dummy,-1.531,29.045,-3.632,11.075,-1,-1,-1,-1,-1,0,PI-SIDIS,0
24734,08/10,04:37,8.5831,55.0,LH2,-1.531,29.045,-3.632,14.375,-1,-1,-1,-1,-1,0,PI-SIDIS,forgot to change the SHMS angle in prescale GUI. Changed in the next run
24736,08/10,05:12,8.5831,55.0,LH2,-1.531,29.045,-3.632,14.375,-1,-1,-1,-1,0,-1,PI-SIDIS,Trigger efficiency check
24737,08/10,05:46,8.5831,55.0,LH2,-1.531,29.045,-3.632,14.375,-1,-1,-1,-1,-1,0,PI-SIDIS,SHMS Q3 tripped ~1min before run stop!
24738,08/10,09:32,8.5831,55.0,LH2,-1.531,29.045,-3.632,14.375,-1,-1,-1,-1,-1,0,PI-SIDIS,0
24739,08/10,10:09,8.5831,55.0,LH2,-1.531,29.045,-3.632,14.375,-1,-1,-1,-1,-1,0,PI-SIDIS,0
24740,08/10,10:46,8.5831,55.0,LH2,-1.531,29.045,-3.632,14.375,-1,-1,-1,-1,-1,0,PI-SIDIS,0
24741,08/10,11:19,8.5831,55.0,LH2,-1.531,29.045,-3.632,14.375,-1,-1,-1,-1,-1,0,PI-SIDIS,0
24742,08/10,11:54,8.5831,55.0,LH2,-1.531,29.045,-3.632,14.375,-1,-1,-1,-1,-1,0,PI-SIDIS,0
24743,08/10,12:41,8.5831,55.0,LH2,-1.531,29.045,-3.632,14.375,-1,-1,-1,-1,-1,0,PI-SIDIS,0
24744,08/10,13:20,8.5831,55.0,LH2,-1.531,29.045,-3.632,14.375,-1,-1,-1,-1,-1,0,PI-SIDIS,5 minute run
24745,08/10,16:41,8.5831,55.0,LH2,-1.531,29.045,-3.632,14.375,-1,-1,-1,-1,-1,0,PI-SIDIS,0
24746,08/10,17:52,8.5831,55.0,LH2,-1.531,29.045,-3.632,14.375,-1,-1,-1,-1,-1,0,PI-SIDIS,0
24747,08/10,18:25,8.5831,37.0,LH2,-1.531,29.045,-3.632,14.375,-1,-1,-1,-1,-1,0,PI-SIDIS,0
24748,08/10,19:00,8.5831,18.0,LH2,-1.531,29.045,-3.632,14.375,-1,-1,-1,-1,-1,0,PI-SIDIS,0
24750,08/10,19:44,8.5831,55.0,LH2,-1.531,29.045,-3.632,14.375,-1,-1,-1,1,-1,-1,HMSDIS,0
24752,08/10,20:25,8.5831,55.0,LH2,-1.531,29.045,-3.632,14.375,-1,5,-1,-1,-1,-1,SHMSDIS,0
24753,08/10,20:53,8.5831,40.0,Dummy,-1.531,29.045,-3.632,14.375,-1,-1,-1,-1,-1,0,PI-SIDIS,0
24755,08/10,23:05,8.5831,40.0,Dummy,-1.531,29.045,-3.632,14.375,-1,-1,-1,-1,-1,0,PI-SIDIS,0
24756,08/10,23:41,8.5831,40.0,Dummy,-1.531,29.045,-3.632,14.375,-1,-1,-1,-1,-1,0,PI-SIDIS,0
24758,08/11,00:45,8.5831,40.0,Dummy,-1.531,29.045,-3.632,14.375,-1,-1,-1,-1,-1,0,PI-SIDIS,0
24759,08/11,01:30,8.5831,40.0,Dummy,-1.531,29.045,-3.632,14.375,-1,-1,-1,-1,-1,0,PI-SIDIS,0
24763,08/11,02:25,8.5831,40.0,Dummy,-1.531,29.045,-3.632,14.375,-1,-1,-1,1,-1,-1,HMSDIS,0
24765,08/11,02:52,8.5831,40.0,Dummy,-1.531,29.045,-3.632,14.375,-1,5,-1,-1,-1,-1,SHMSDIS,0
24766,08/11,03:26,8.5831,55.0,LH2,-1.531,29.045,-3.632,14.375,-1,-1,-1,-1,-1,0,PI-SIDIS,0
24767,08/11,04:06,8.5831,55.0,LH2,-1.531,29.045,-3.632,14.375,-1,-1,-1,-1,-1,0,PI-SIDIS,0
24768,08/11,04:40,8.5831,55.0,LH2,-1.531,29.045,-3.632,14.375,-1,-1,-1,-1,-1,0,PI-SIDIS,0
24769,08/11,05:16,8.5831,55.0,LH2,-1.531,29.045,-3.632,14.375,-1,-1,-1,-1,-1,0,PI-SIDIS,0
24770,08/11,06:47,8.5831,55.0,LH2,-1.531,29.045,-3.632,14.375,-1,-1,-1,-1,-1,0,PI-SIDIS,0
24772,08/11,08:24,8.5831,55.0,LH2,-1.531,29.045,-3.632,14.375,-1,-1,-1,-1,-1,0,PI-SIDIS,0
24773,08/11,08:58,8.5831,37.0,LH2,-1.531,29.045,-3.632,14.375,-1,-1,-1,-1,-1,0,PI-SIDIS,0
24774,08/11,09:30,8.5831,18.0,LH2,-1.531,29.045,-3.632,14.375,-1,-1,-1,-1,-1,0,PI-SIDIS,0
24775,08/11,10:14,8.5831,40.0,Dummy,-1.531,29.045,-3.632,14.375,-1,-1,-1,-1,-1,0,PI-SIDIS,0
24776,08/11,10:14,8.5831,40.0,Dummy,-1.531,29.045,-3.632,14.375,-1,-1,-1,-1,-1,0,PI-SIDIS,0
24777,08/11,11:19,8.5831,40.0,Dummy,-1.531,29.045,-3.632,14.375,-1,-1,-1,-1,-1,0,PI-SIDIS,0
24778,08/11,11:55,8.5831,20.0,Dummy,-1.531,29.045,-3.632,14.375,-1,-1,-1,-1,-1,0,PI-SIDIS,0
24779,08/11,13:11,8.5831,55.0,LH2,-1.531,29.045,3.632,14.375,-1,-1,-1,-1,-1,0,PI+SIDIS,0
24780,08/11,13:47,8.5831,55.0,LH2,-1.531,29.045,3.632,14.375,-1,-1,-1,-1,0,-1,PI+SIDIS,0
24781,08/11,14:22,8.5831,55.0,LH2,-1.531,29.045,3.632,14.375,-1,-1,-1,-1,-1,0,PI+SIDIS,0
24782,08/11,14:52,8.5831,55.0,LH2,-1.531,29.045,3.632,14.375,-1,-1,-1,-1,-1,0,PI+SIDIS,0
24783,08/11,15:33,8.5831,55.0,LH2,-1.531,29.045,3.632,14.375,-1,-1,-1,-1,-1,0,PI+SIDIS,0
24784,08/11,16:06,8.5831,55.0,LH2,-1.531,29.045,3.632,14.375,-1,-1,-1,-1,-1,0,PI+SIDIS,0
24785,08/11,16:37,8.5831,55.0,LH2,-1.531,29.045,3.632,14.375,-1,-1,-1,-1,-1,0,PI+SIDIS,0
24786,08/11,17:13,8.5831,55.0,LH2,-1.531,29.045,3.632,14.375,-1,-1,-1,-1,-1,0,PI+SIDIS,0
24787,08/11,17:48,8.5831,55.0,LH2,-1.531,29.045,3.632,14.375,-1,-1,-1,-1,-1,0,PI+SIDIS,0
24788,08/11,18:20,8.5831,55.0,LH2,-1.531,29.045,3.632,14.375,-1,-1,-1,-1,-1,0,PI+SIDIS,0
24789,08/11,18:54,8.5831,55.0,LH2,-1.531,29.045,3.632,14.375,-1,-1,-1,-1,-1,0,PI+SIDIS,0
24790,08/11,19:27,8.5831,37.0,LH2,-1.531,29.045,3.632,14.375,-1,-1,-1,-1,-1,0,PI+SIDIS,0
24791,08/11,20:01,8.5831,18.0,LH2,-1.531,29.045,3.632,14.375,-1,-1,-1,-1,-1,0,PI+SIDIS,0
24792,08/11,20:33,8.5831,55.0,LH2,-1.531,29.045,3.632,14.375,-1,-1,-1,0,-1,-1,HMSDIS,"Wrong prescale, but good DT test"
24793,08/11,20:51,8.5831,55.0,LH2,-1.531,29.045,3.632,14.375,-1,0,-1,-1,-1,-1,SHMSDIS,Huge dead time
24794,08/11,21:16,8.5831,40.0,Dummy,-1.531,29.045,3.632,14.375,-1,-1,-1,-1,-1,0,PI+SIDIS,0
24795,08/11,21:42,8.5831,40.0,Dummy,-1.531,29.045,3.632,14.375,-1,-1,-1,-1,-1,0,PI+SIDIS,0
24796,08/11,22:15,8.5831,40.0,Dummy,-1.531,29.045,3.632,14.375,-1,-1,-1,-1,-1,0,PI+SIDIS,0
24797,08/11,23:06,8.5831,40.0,Dummy,-1.531,29.045,3.632,14.375,-1,-1,-1,-1,-1,0,PI+SIDIS,0
24798,08/11,23:38,8.5831,40.0,Dummy,-1.531,29.045,3.632,14.375,-1,-1,-1,-1,-1,0,PI+SIDIS,0
24800,08/12,00:17,8.5831,40.0,Dummy,-1.531,29.045,3.632,14.375,-1,-1,-1,0,-1,-1,HMSDIS,Beam off for 25 minutes at start
24802,08/12,01:01,8.5831,40.0,Dummy,-1.531,29.045,3.632,14.375,-1,3,-1,-1,-1,-1,SHMSDIS,0
24803,08/12,01:29,8.5831,55.0,LH2,-1.531,29.045,3.632,14.375,-1,-1,-1,-1,-1,0,PI+SIDIS,0
24804,08/12,02:01,8.5831,55.0,LH2,-1.531,29.045,3.632,14.375,-1,-1,-1,-1,-1,0,PI+SIDIS,0
24805,08/12,02:33,8.5831,55.0,LH2,-1.531,29.045,3.632,14.375,-1,-1,-1,-1,-1,0,PI+SIDIS,0
24806,08/12,03:05,8.5831,55.0,LH2,-1.531,29.045,3.632,14.375,-1,-1,-1,-1,-1,0,PI+SIDIS,0
24807,08/12,03:35,8.5831,55.0,LH2,-1.531,29.045,3.632,14.375,-1,-1,-1,-1,-1,0,PI+SIDIS,0
24808,08/12,04:07,8.5831,55.0,LH2,-1.531,29.045,3.632,14.375,-1,-1,-1,-1,-1,0,PI+SIDIS,0
24809,08/12,04:39,8.5831,55.0,LH2,-1.531,29.045,3.632,14.375,-1,-1,-1,-1,-1,0,PI+SIDIS,0
24810,08/12,05:10,8.5831,55.0,LH2,-1.531,29.045,3.632,14.375,-1,-1,-1,-1,-1,0,PI+SIDIS,0
24811,08/12,05:11,8.5831,55.0,LH2,-1.531,29.045,3.632,14.375,-1,-1,-1,-1,-1,0,PI+SIDIS,0
24812,08/12,06:15,8.5831,37.0,LH2,-1.531,29.045,3.632,14.375,-1,-1,-1,-1,-1,0,PI+SIDIS,0
24813,08/12,06:49,8.5831,18.0,LH2,-1.531,29.045,3.632,14.375,-1,-1,-1,-1,-1,0,PI+SIDIS,0
24814,08/12,07:25,8.5831,40.0,Dummy,-1.531,29.045,3.632,14.375,-1,-1,-1,-1,-1,0,PI+SIDIS,0
24815,08/12,07:56,8.5831,40.0,Dummy,-1.531,29.045,3.632,14.375,-1,-1,-1,-1,-1,0,PI+SIDIS,0
24816,08/12,08:27,8.5831,40.0,Dummy,-1.531,29.045,3.632,14.375,-1,-1,-1,-1,-1,0,PI+SIDIS,0
24817,08/12,08:58,8.5831,40.0,Dummy,-1.531,29.045,3.632,14.375,-1,-1,-1,-1,-1,0,PI+SIDIS,0
24818,08/12,10:16,8.5831,55.0,LD2,1.531,29.045,3.632,14.375,-1,-1,-1,-1,-1,0,PI+SIDIS,0
24819,08/12,10:49,8.5831,55.0,LD2,1.531,29.045,3.632,14.375,-1,-1,-1,-1,-1,0,PI+SIDIS,0
24820,08/12,11:24,8.5831,55.0,LD2,1.531,29.045,3.632,14.375,-1,-1,-1,-1,-1,0,PI+SIDIS,0
24821,08/12,12:07,8.5831,55.0,LH2,1.531,29.045,3.632,14.375,-1,-1,-1,-1,-1,0,PI+SIDIS,0
24822,08/12,12:40,8.5831,55.0,LH2,1.531,29.045,3.632,14.375,-1,-1,-1,-1,-1,0,PI+SIDIS,0
24823,08/12,13:12,8.5831,55.0,LH2,1.531,29.045,3.632,14.375,-1,-1,-1,-1,-1,0,PI+SIDIS,0
24824,08/12,13:59,8.5831,50.0,Cu,1.531,29.045,3.632,14.375,-1,-1,-1,-1,-1,0,PI+SIDIS,0
24825,08/12,14:30,8.5831,50.0,Cu,1.531,29.045,3.632,14.375,-1,-1,-1,-1,-1,0,PI+SIDIS,0
24826,08/12,15:03,8.5831,50.0,Cu,1.531,29.045,3.632,14.375,-1,-1,-1,-1,-1,0,PI+SIDIS,0
24827,08/12,15:36,8.5831,50.0,Cu,1.531,29.045,3.632,14.375,-1,-1,-1,-1,-1,0,PI+SIDIS,0
24828,08/12,16:10,8.5831,50.0,Cu,1.531,29.045,3.632,14.375,-1,-1,-1,-1,-1,0,PI+SIDIS,0
24829,08/12,17:38,8.5831,55.0,LH2,1.531,29.045,-3.632,14.375,-1,-1,-1,-1,-1,0,PI-SIDIS,Switched to Pi-
24830,08/12,18:10,8.5831,55.0,LH2,1.531,29.045,-3.632,14.375,-1,-1,-1,-1,-1,0,PI-SIDIS,0
24831,08/12,18:42,8.5831,55.0,LH2,1.531,29.045,-3.632,14.375,-1,-1,-1,-1,-1,0,PI-SIDIS,0
24832,08/12,19:15,8.5831,55.0,LH2,1.531,29.045,-3.632,14.375,-1,-1,-1,-1,-1,0,PI-SIDIS,0
24833,08/12,20:03,8.5831,25.0,LH2,1.531,29.045,-6.509,12.0,-1,0,-1,-1,-1,-1,SHMSHEE,"start elastic scans, short run to check prescale"
24834,08/12,20:07,8.5831,25.0,LH2,1.531,29.045,-6.509,12.0,-1,4,-1,-1,-1,-1,SHMSHEE,0
24835,08/12,20:59,8.5831,25.0,Dummy,1.531,29.045,-6.509,12.0,-1,4,-1,-1,-1,-1,SHMSHEE,0
24836,08/12,21:13,8.5831,25.0,Dummy,1.531,29.045,-5.967,12.0,-1,4,-1,-1,-1,-1,SHMSHEE,0
24837,08/12,21:31,8.5831,25.0,LH2,1.531,29.045,-5.967,12.0,-1,4,-1,-1,-1,-1,SHMSHEE,0
24838,08/12,21:46,8.5831,25.0,LH2,1.531,29.045,-5.869,12.0,-1,4,-1,-1,-1,-1,SHMSHEE,0
24839,08/12,22:02,8.5831,25.0,LH2,1.531,29.045,-5.774,12.0,-1,4,-1,-1,-1,-1,SHMSHEE,0
24840,08/12,22:18,8.5831,25.0,LH2,1.531,29.045,-5.683,12.0,-1,4,-1,-1,-1,-1,SHMSHEE,SHMS mom changed ~20s before run stop!
24841,08/12,22:34,8.5831,25.0,LH2,1.531,29.045,-5.594,12.0,-1,4,-1,-1,-1,-1,SHMSHEE,0
24842,08/12,22:51,8.5831,25.0,LH2,1.531,29.045,-5.508,12.0,-1,4,-1,-1,-1,-1,SHMSHEE,0
24843,08/12,22:51,8.5831,25.0,Dummy,1.531,29.045,-5.508,12.0,-1,4,-1,-1,-1,-1,SHMSHEE,0
24844,08/12,23:38,8.5831,25.0,LH2,1.531,29.045,-5.424,12.0,-1,4,-1,-1,-1,-1,SHMSHEE,SHMS mom changed ~20s before run stop!
24845,08/12,23:52,8.5831,25.0,LH2,1.531,29.045,-5.343,12.0,-1,4,-1,-1,-1,-1,SHMSHEE,0
24846,08/13,00:13,8.5831,25.0,LH2,1.531,29.045,-5.265,12.0,-1,4,-1,-1,-1,-1,SHMSHEE,SHMS DI tripped ~2mins before run stop!
24847,08/13,07:37,8.5831,20.0,C,1.531,29.045,-5.265,12.0,-1,-1,-1,0,-1,-1,HMSDIS,Run during beam studies
24848,08/13,07:59,8.5831,40.0,C,1.531,29.045,-5.265,12.0,-1,-1,-1,1,-1,-1,HMSDIS,Run during beam studies
24861,08/13,20:51,8.5831,60.0,LH2,1.531,29.045,-3.632,11.075,-1,-1,-1,-1,-1,0,PI-SIDIS,0
24862,08/13,21:19,8.5831,55.0,LH2,1.531,29.045,-3.632,11.075,-1,-1,-1,-1,-1,0,PI-SIDIS,0
24863,08/13,21:50,8.5831,55.0,LH2,1.531,29.045,-3.632,11.075,-1,-1,-1,-1,-1,0,PI-SIDIS,0
24864,08/13,22:27,8.5831,55.0,LH2,1.531,29.045,-3.632,11.075,-1,-1,-1,-1,-1,0,PI-SIDIS,0
24865,08/13,23:37,8.5831,55.0,LH2,1.531,29.045,3.632,11.075,-1,-1,-1,-1,-1,0,PI+SIDIS,0
24866,08/14,00:09,8.5831,55.0,LH2,1.531,29.045,3.632,11.075,-1,-1,-1,-1,-1,0,PI+SIDIS,0
24867,08/14,00:42,8.5831,55.0,LH2,1.531,29.045,3.632,11.075,-1,-1,-1,-1,-1,0,PI+SIDIS,0
24868,08/14,01:25,8.5831,55.0,Cu,1.531,29.045,3.632,11.075,-1,-1,-1,-1,-1,0,PI+SIDIS,0
24870,08/14,05:54,8.5831,50.0,Cu,1.531,29.045,3.632,11.075,-1,-1,-1,-1,-1,0,PI+SIDIS,0
24871,08/14,06:38,8.5831,50.0,Cu,1.531,29.045,3.632,11.075,-1,-1,-1,-1,-1,0,PI+SIDIS,0
24872,08/14,07:10,8.5831,50.0,Cu,1.531,29.045,3.632,11.075,-1,-1,-1,-1,-1,0,PI+SIDIS,0
24873,08/14,07:43,8.5831,50.0,Cu,1.531,29.045,3.632,11.075,-1,-1,-1,-1,-1,0,PI+SIDIS,0
24874,08/14,08:18,8.5831,50.0,Cu,1.531,29.045,3.632,11.075,-1,-1,-1,-1,-1,0,PI+SIDIS,0
24877,08/14,14:52,10.6716,40.0,LD2,-3.642,16.75,6.538,7.51,-1,-1,-1,-1,-1,0,PI+SIDIS,0
24878,08/14,14:59,10.6716,50.0,LD2,-3.642,16.75,6.538,7.51,-1,-1,-1,-1,-1,0,PI+SIDIS,0
24879,08/14,15:20,10.6716,45.0,LD2,-3.642,16.75,6.538,7.51,-1,-1,-1,-1,-1,0,PI+SIDIS,0
24880,08/14,15:27,10.6716,40.0,LD2,-3.642,16.75,6.538,7.51,-1,-1,-1,-1,-1,0,PI+SIDIS,0
24881,08/14,16:07,10.6716,40.0,LD2,-3.642,16.75,6.538,7.51,-1,-1,-1,-1,-1,0,PI+SIDIS,0
24882,08/14,16:45,10.6716,27.0,LD2,-3.642,16.75,6.538,7.51,-1,-1,-1,-1,-1,0,PI+SIDIS,0
24883,08/14,17:17,10.6716,13.0,LD2,-3.642,16.75,6.538,7.51,-1,-1,-1,-1,-1,0,PI+SIDIS,0
24884,08/14,17:52,10.6716,40.0,LD2,-3.642,16.75,6.538,7.51,-1,-1,-1,3,-1,-1,HMSDIS,0
24885,08/14,18:09,10.6716,40.0,LD2,-3.642,16.75,6.538,7.51,-1,7,-1,-1,-1,-1,SHMSDIS,0
24886,08/14,21:42,10.6716,55.0,LH2,-3.642,16.75,6.538,7.51,-1,-1,-1,-1,-1,0,PI+SIDIS,0
24887,08/14,22:15,10.6716,55.0,LH2,-3.642,16.75,6.538,7.51,-1,-1,-1,-1,-1,0,PI+SIDIS,0
24888,08/14,22:46,10.6716,55.0,LH2,-3.642,16.75,6.538,7.51,-1,-1,-1,-1,0,-1,PI+SIDIS,0
24889,08/14,23:18,10.6716,37.0,LH2,-3.642,16.75,6.538,7.51,-1,-1,-1,-1,-1,0,PI+SIDIS,0
24890,08/14,23:52,10.6716,18.0,LH2,-3.642,16.75,6.538,7.51,-1,-1,-1,-1,-1,0,PI+SIDIS,0
24891,08/15,00:38,10.6716,55.0,LH2,-3.642,16.75,6.538,7.51,-1,-1,-1,3,-1,-1,HMSDIS,0
24892,08/15,01:03,10.6716,55.0,LH2,-3.642,16.75,6.538,7.51,-1,7,-1,-1,-1,-1,SHMSDIS,0
24893,08/15,01:35,10.6716,40.0,Dummy,-3.642,16.75,6.538,7.51,-1,-1,-1,-1,-1,0,PI+SIDIS,0
24894,08/15,02:07,10.6716,40.0,Dummy,-3.642,16.75,6.538,7.51,-1,-1,-1,-1,-1,0,PI+SIDIS,0
24895,08/15,02:39,10.6716,40.0,Dummy,-3.642,16.75,6.538,7.51,-1,-1,-1,2,-1,-1,HMSDIS,0
24896,08/15,03:00,10.6716,40.0,Dummy,-3.642,16.75,6.538,7.51,-1,5,-1,-1,-1,-1,SHMSDIS,0
24897,08/15,03:44,10.6716,50.0,C,-3.642,16.75,6.538,7.51,-1,-1,-1,-1,-1,0,PI+SIDIS,0
24898,08/15,04:25,10.6716,50.0,C,-3.642,16.75,6.538,7.51,-1,-1,-1,-1,-1,0,PI+SIDIS,0
24899,08/15,05:17,10.6716,25.0,C,-3.642,16.75,6.538,7.51,-1,-1,-1,-1,-1,0,PI+SIDIS,0
24900,08/15,05:53,10.6716,50.0,C,-3.642,16.75,6.538,7.51,-1,-1,-1,4,-1,-1,HMSDIS,0
24901,08/15,06:16,10.6716,50.0,C,-3.642,16.75,6.538,7.51,-1,6,-1,-1,-1,-1,SHMSDIS,0
24902,08/15,06:59,10.6716,50.0,Cu,-3.642,16.75,6.538,7.51,-1,-1,-1,-1,-1,0,PI+SIDIS,0
24903,08/15,07:31,10.6716,60.0,Cu,-3.642,16.75,6.538,7.51,-1,-1,-1,-1,-1,0,PI+SIDIS,0
24905,08/15,12:01,10.6716,50.0,Cu,-3.642,16.75,6.538,7.51,-1,-1,-1,3,-1,-1,HMSDIS,0
24906,08/15,12:18,10.6716,50.0,Cu,-3.642,16.75,6.538,7.51,-1,-1,-1,3,-1,-1,HMSDIS,0
24907,08/15,13:19,10.6716,19.0,LD2,-3.642,16.75,4.868,7.51,-1,-1,-1,-1,-1,0,PI+SIDIS,0
24908,08/15,14:10,10.6716,19.0,LD2,-3.642,16.75,4.868,7.51,-1,-1,-1,-1,-1,0,PI+SIDIS,0
24909,08/15,14:45,10.6716,9.5,LD2,-3.642,16.75,4.868,7.51,-1,-1,-1,-1,-1,0,PI+SIDIS,0
24910,08/15,15:23,10.6716,9.5,LD2,-3.642,16.75,4.868,7.51,-1,-1,-1,-1,-1,0,PI+SIDIS,0
24911,08/15,16:00,10.6716,9.5,LD2,-3.642,16.75,4.868,7.51,-1,-1,-1,1,-1,-1,HMSDIS,0
24912,08/15,16:19,10.6716,9.5,LD2,-3.642,16.75,4.868,7.51,-1,6,-1,-1,-1,-1,SHMSDIS,0
24913,08/15,16:48,10.6716,38.0,LH2,-3.642,16.75,4.868,7.51,-1,-1,-1,-1,-1,0,PI+SIDIS,Established max current at 38uA
24914,08/15,17:24,10.6716,38.0,LH2,-3.642,16.75,4.868,7.51,-1,-1,-1,-1,-1,0,PI+SIDIS,Beam tripped; MCC replaced card.  Only 12 mins of good data this run.
24915,08/15,17:51,10.6716,38.0,LH2,-3.642,16.75,4.868,7.51,-1,-1,-1,-1,-1,0,PI+SIDIS,Collected remaining ~18 mins of beam on this setting.
24916,08/15,18:18,10.6716,38.0,LH2,-3.642,16.75,4.868,7.51,-1,-1,-1,-1,0,-1,PI+SIDIS,"Trigger efficiency check, lots of beam checks.  Got ~30 minutes good beam."
24917,08/15,19:03,10.6716,25.3,LH2,-3.642,16.75,4.868,7.51,-1,-1,-1,-1,-1,0,PI+SIDIS,Beam tripped.  Only ~2 minutes of good beam.
24920,08/15,21:34,10.6716,25.3,LH2,-3.642,16.75,4.868,7.51,-1,-1,-1,-1,-1,0,PI+SIDIS,0
24921,08/15,22:11,10.6716,12.7,LH2,-3.642,16.75,4.868,7.51,-1,-1,-1,-1,-1,0,PI+SIDIS,0
24922,08/15,22:47,10.6716,38.0,LH2,-3.642,16.75,4.868,7.51,-1,-1,-1,2,-1,-1,HMSDIS,0
24923,08/15,23:06,10.6716,38.0,LH2,-3.642,16.75,4.868,7.51,-1,7,-1,-1,-1,-1,SHMSDIS,0
24924,08/15,23:34,10.6716,40.0,Dummy,-3.642,16.75,4.868,7.51,-1,-1,-1,-1,-1,0,PI+SIDIS,0
24925,08/16,00:23,10.6716,40.0,Dummy,-3.642,16.75,4.868,7.51,-1,-1,-1,2,-1,-1,HMSDIS,0
24926,08/16,00:42,10.6716,40.0,Dummy,-3.642,16.75,4.868,7.51,-1,7,-1,-1,-1,-1,SHMSDIS,0
24927,08/16,01:21,10.6716,35.0,C,-3.642,16.75,4.868,7.51,-1,-1,-1,-1,-1,0,PI+SIDIS,0
24928,08/16,11:40,10.6716,35.0,C,-3.642,16.75,4.868,7.51,-1,-1,-1,-1,-1,0,PI+SIDIS,0
24929,08/16,12:15,10.6716,35.0,C,-3.642,16.75,4.868,7.51,-1,-1,-1,-1,-1,0,PI+SIDIS,0
24930,08/16,12:38,10.6716,17.5,C,-3.642,16.75,4.868,7.51,-1,-1,-1,-1,-1,0,PI+SIDIS,0
24931,08/16,13:12,10.6716,35.0,C,-3.642,16.75,4.868,7.51,-1,-1,-1,3,-1,-1,HMSDIS,0
24932,08/16,13:36,10.6716,35.0,C,-3.642,16.75,4.868,7.51,-1,7,-1,-1,-1,-1,SHMSDIS,0
24933,08/16,14:11,10.6716,40.0,Cu,-3.642,16.75,4.868,7.51,-1,-1,-1,-1,-1,0,PI+SIDIS,0
24934,08/16,14:47,10.6716,40.0,Cu,-3.642,16.75,4.868,7.51,-1,-1,-1,-1,-1,0,PI+SIDIS,0
24935,08/16,15:22,10.6716,40.0,Cu,-3.642,16.75,4.868,7.51,-1,-1,-1,-1,-1,0,PI+SIDIS,0
24936,08/16,15:57,10.6716,40.0,Cu,-3.642,16.75,4.868,7.51,-1,-1,-1,3,-1,-1,HMSDIS,0
24937,08/16,15:57,10.6716,40.0,Cu,-3.642,16.75,4.868,7.51,-1,7,-1,-1,-1,-1,SHMSDIS,0
24938,08/16,16:53,10.6716,19.0,LD2,-3.642,16.75,4.868,7.51,-1,-1,-1,-1,-1,0,PI+SIDIS,0
24939,08/16,17:26,10.6716,19.0,LD2,-3.642,16.75,4.868,7.51,-1,-1,-1,-1,-1,0,PI+SIDIS,0
24943,08/16,17:52,10.6716,19.0,LD2,-3.642,16.75,4.868,7.51,-1,-1,-1,-1,-1,0,PI+SIDIS,0
24944,08/16,18:31,10.6716,19.0,LD2,-3.642,16.75,4.868,7.51,-1,-1,-1,-1,-1,0,PI+SIDIS,0
24945,08/16,19:10,10.6716,19.0,LD2,-3.642,16.75,4.868,7.51,-1,-1,-1,-1,-1,0,PI+SIDIS,0
24946,08/16,19:36,10.6716,9.5,LD2,-3.642,16.75,4.868,7.51,-1,-1,-1,-1,-1,0,PI+SIDIS,0
24947,08/16,20:09,10.6716,9.5,LD2,-3.642,16.75,4.868,7.51,-1,-1,-1,-1,-1,0,PI+SIDIS,0
24948,08/16,20:49,10.6716,38.0,LH2,-3.642,16.75,4.868,7.51,-1,-1,-1,-1,-1,0,PI+SIDIS,0
24949,08/16,21:33,10.6716,38.0,LH2,-3.642,16.75,4.868,7.51,-1,-1,-1,-1,-1,0,PI+SIDIS,0
24950,08/16,22:06,10.6716,25.3,LH2,-3.642,16.75,4.868,7.51,-1,-1,-1,-1,-1,0,PI+SIDIS,0
24951,08/16,22:41,10.6716,12.6,LH2,-3.642,16.75,4.868,7.51,-1,-1,-1,-1,-1,0,PI+SIDIS,0
24952,08/16,23:32,10.6716,40.0,Dummy,-3.642,16.75,4.868,7.51,-1,-1,-1,-1,-1,0,PI+SIDIS,0
24953,08/17,00:34,10.6716,35.0,C,-3.642,16.75,4.868,7.51,-1,-1,-1,-1,-1,0,PI+SIDIS,0
24954,08/17,01:07,10.6716,35.0,C,-3.642,16.75,4.868,7.51,-1,-1,-1,-1,-1,0,PI+SIDIS,0
24955,08/17,01:43,10.6716,17.0,C,-3.642,16.75,4.868,7.51,-1,-1,-1,-1,-1,0,PI+SIDIS,0
24956,08/17,02:24,10.6716,40.0,Cu,-3.642,16.75,4.868,7.51,-1,-1,-1,-1,-1,0,PI+SIDIS,0
24957,08/17,03:23,10.6716,40.0,Cu,-3.642,16.75,4.868,7.51,-1,-1,-1,-1,-1,0,PI+SIDIS,0
24958,08/17,03:40,10.6716,40.0,Cu,-3.642,16.75,4.868,7.51,-1,-1,-1,-1,-1,0,PI+SIDIS,0
24959,08/17,04:12,10.6716,40.0,Cu,-3.642,16.75,4.868,7.51,-1,-1,-1,-1,-1,0,PI+SIDIS,0
24960,08/17,05:15,10.6716,8.0,LD2,-3.642,16.75,3.632,7.51,-1,-1,-1,-1,-1,0,PI+SIDIS,0
24961,08/17,05:45,10.6716,8.0,LD2,-3.642,16.75,3.632,7.51,-1,-1,-1,-1,-1,0,PI+SIDIS,0
24962,08/17,06:20,10.6716,8.0,LD2,-3.642,16.75,3.632,7.51,-1,-1,-1,-1,-1,0,PI+SIDIS,0
24964,08/17,06:59,10.6716,8.0,LD2,-3.642,16.75,3.632,7.51,-1,-1,-1,-1,-1,0,PI+SIDIS,0
24965,08/17,07:38,10.6716,4.0,LD2,-3.642,16.75,3.632,7.51,-1,-1,-1,-1,-1,0,PI+SIDIS,0
24966,08/17,08:23,10.6716,4.0,LD2,-3.642,16.75,3.632,7.51,-1,-1,-1,-1,-1,0,PI+SIDIS,0
24967,08/17,09:02,10.6716,8.0,LD2,-3.642,16.75,3.632,7.51,-1,-1,-1,1,-1,-1,HMSDIS,0
24968,08/17,09:25,10.6716,8.0,LD2,-3.642,16.75,3.632,7.51,-1,7,-1,-1,-1,-1,SHMSDIS,0
24969,08/17,09:57,10.6716,18.0,LH2,-3.642,16.75,3.632,7.51,-1,-1,-1,-1,-1,0,PI+SIDIS,0
24970,08/17,11:30,10.6716,18.0,LH2,-3.642,16.75,3.632,7.51,-1,-1,-1,-1,-1,0,PI+SIDIS,0
24971,08/17,12:04,10.6716,18.0,LH2,-3.642,16.75,3.632,7.51,-1,-1,-1,-1,-1,0,PI+SIDIS,0
24972,08/17,12:39,10.6716,18.0,LH2,-3.642,16.75,3.632,7.51,-1,-1,-1,-1,0,-1,PI+SIDIS,0
24974,08/17,13:17,10.6716,9.0,LH2,-3.642,16.75,3.632,7.51,-1,-1,-1,-1,-1,0,PI+SIDIS,0
24975,08/17,13:52,10.6716,9.0,LH2,-3.642,16.75,3.632,7.51,-1,-1,-1,-1,-1,0,PI+SIDIS,0
24978,08/17,14:37,10.6716,18.0,LH2,-3.642,16.75,3.632,7.51,-1,-1,-1,1,-1,-1,HMSDIS,0
24980,08/17,14:58,10.6716,18.0,LH2,-3.642,16.75,3.632,7.51,-1,7,-1,-1,-1,-1,SHMSDIS,0
24981,08/17,15:27,10.6716,20.0,Dummy,-3.642,16.75,3.632,7.51,-1,-1,-1,-1,-1,0,PI+SIDIS,0
24982,08/17,16:01,10.6716,20.0,Dummy,-3.642,16.75,3.632,7.51,-1,-1,-1,-1,-1,0,PI+SIDIS,0
24983,08/17,16:36,10.6716,20.0,Dummy,-3.642,16.75,3.632,7.51,-1,-1,-1,0,-1,-1,HMSDIS,0
24984,08/17,16:52,10.6716,20.0,Dummy,-3.642,16.75,3.632,7.51,-1,6,-1,-1,-1,-1,SHMSDIS,0
24985,08/17,17:19,10.6716,15.0,C,-3.642,16.75,3.632,7.51,-1,-1,-1,-1,-1,0,PI+SIDIS,0
24986,08/17,17:55,10.6716,15.0,C,-3.642,16.75,3.632,7.51,-1,-1,-1,-1,-1,0,PI+SIDIS,0
24987,08/17,18:31,10.6716,15.0,C,-3.642,16.75,3.632,7.51,-1,-1,-1,-1,-1,0,PI+SIDIS,0
24988,08/17,19:03,10.6716,7.5,C,-3.642,16.75,3.632,7.51,-1,-1,-1,-1,-1,0,PI+SIDIS,0
24989,08/17,19:36,10.6716,15.0,C,-3.642,16.75,3.632,7.51,-1,-1,-1,1,-1,-1,HMSDIS,0
24990,08/17,19:53,10.6716,15.0,C,-3.642,16.75,3.632,7.51,-1,6,-1,-1,-1,-1,SHMSDIS,0
24991,08/17,20:22,10.6716,17.0,Cu,-3.642,16.75,3.632,7.51,-1,-1,-1,-1,-1,0,PI+SIDIS,0
24992,08/17,20:55,10.6716,17.0,Cu,-3.642,16.75,3.632,7.51,-1,-1,-1,-1,-1,0,PI+SIDIS,0
24994,08/17,21:49,10.6716,17.0,Cu,-3.642,16.75,3.632,7.51,-1,-1,-1,-1,-1,0,PI+SIDIS,0
24995,08/17,22:27,10.6716,17.0,Cu,-3.642,16.75,3.632,7.51,-1,-1,-1,-1,-1,0,PI+SIDIS,0
24996,08/17,23:02,10.6716,17.0,Cu,-3.642,16.75,3.632,7.51,-1,-1,-1,1,-1,-1,HMSDIS,0
24997,08/17,23:25,10.6716,17.0,Cu,-3.642,16.75,3.632,7.51,-1,6,-1,-1,-1,-1,SHMSDIS,0
24998,08/17,23:52,10.6716,8.0,LD2,-3.642,16.75,3.632,7.51,-1,-1,-1,-1,-1,0,PI+SIDIS,0
24999,08/18,00:28,10.6716,8.0,LD2,-3.642,16.75,3.632,7.51,-1,-1,-1,-1,-1,0,PI+SIDIS,0
25000,08/18,01:08,10.6716,4.0,LD2,-3.642,16.75,3.632,7.51,-1,-1,-1,-1,-1,0,PI+SIDIS,0
25001,08/18,01:44,10.6716,4.0,LD2,-3.642,16.75,3.632,7.51,-1,-1,-1,-1,-1,0,PI+SIDIS,0
25002,08/18,02:31,10.6716,9.0,LH2,-3.642,16.75,3.632,7.51,-1,-1,-1,-1,-1,0,PI+SIDIS,0
25003,08/18,03:06,10.6716,9.0,LH2,-3.642,16.75,3.632,7.51,-1,-1,-1,-1,-1,0,PI+SIDIS,0
25004,08/18,03:46,10.6716,20.0,Dummy,-3.642,16.75,3.632,7.51,-1,-1,-1,-1,-1,0,PI+SIDIS,0
25005,08/18,04:20,10.6716,20.0,Dummy,-3.642,16.75,3.632,7.51,-1,-1,-1,-1,-1,0,PI+SIDIS,0
25006,08/18,06:24,10.6716,17.0,Cu,-3.642,16.75,3.632,7.51,-1,-1,-1,-1,-1,0,PI+SIDIS,0
25007,08/18,07:12,10.6716,8.0,LD2,-3.642,16.75,3.632,7.51,-1,-1,-1,-1,-1,0,PI+SIDIS,0
25008,08/18,07:44,10.6716,8.0,LD2,-3.642,16.75,3.632,7.51,-1,-1,-1,-1,-1,0,PI+SIDIS,0
25009,08/18,19:31,10.6716,5.0,HOLE,-3.642,16.75,-6.538,7.51,-1,0,-1,-1,-1,-1,HOLE,0
25010,08/18,19:54,10.6716,26.0,LD2,-3.642,16.75,-6.538,7.51,-1,-1,-1,-1,-1,0,PI-SIDIS,0
25011,08/18,20:27,10.6716,26.0,LD2,-3.642,16.75,-6.538,7.51,-1,-1,-1,-1,-1,0,PI-SIDIS,0
25012,08/18,20:59,10.6716,13.0,LD2,-3.642,16.75,-6.538,7.51,-1,-1,-1,-1,-1,0,PI-SIDIS,0
25016,08/18,22:20,10.6716,47.0,LH2,-3.642,16.75,-6.538,7.51,-1,-1,-1,-1,-1,0,PI-SIDIS,Stopped early due to beam trip (~20 mins of good data)
25017,08/18,23:39,10.6716,47.0,LH2,-3.642,16.75,-6.538,7.51,-1,-1,-1,-1,-1,0,PI-SIDIS,0
25018,08/18,23:40,10.6716,47.0,LH2,-3.642,16.75,-6.538,7.51,-1,-1,-1,-1,0,-1,PI-SIDIS,0
25019,08/19,00:17,10.6716,32.0,LH2,-3.642,16.75,-6.538,7.51,-1,-1,-1,-1,-1,0,PI-SIDIS,0
25020,08/19,00:52,10.6716,16.0,LH2,-3.642,16.75,-6.538,7.51,-1,-1,-1,-1,-1,0,PI-SIDIS,0
25021,08/19,01:28,10.6716,47.0,LH2,-3.642,16.75,-6.538,7.51,-1,-1,-1,3,-1,-1,HMSDIS,0
25022,08/19,01:47,10.6716,47.0,LH2,-3.642,16.75,-6.538,7.51,-1,9,-1,-1,-1,-1,SHMSDIS,0
25023,08/19,02:16,10.6716,13.0,LD2,-3.642,16.75,-6.538,7.51,-1,-1,-1,2,-1,-1,HMSDIS,0
25024,08/19,02:35,10.6716,13.0,LD2,-3.642,16.75,-6.538,7.51,-1,8,-1,-1,-1,-1,SHMSDIS,0
25026,08/19,06:02,10.6716,40.0,Dummy,-3.642,16.75,-6.538,7.51,-1,-1,-1,-1,-1,0,PI-SIDIS,0
25027,08/19,06:36,10.6716,40.0,Dummy,-3.642,16.75,-6.538,7.51,-1,-1,-1,-1,-1,0,PI-SIDIS,0
25028,08/19,07:11,10.6716,40.0,Dummy,-3.642,16.75,-6.538,7.51,-1,-1,-1,2,-1,-1,HMSDIS,0
25029,08/19,07:29,10.6716,40.0,Dummy,-3.642,16.75,-6.538,7.51,-1,8,-1,-1,-1,-1,SHMSDIS,0
25030,08/19,07:59,10.6716,42.0,C,-3.642,16.75,-6.538,7.51,-1,-1,-1,-1,-1,0,PI-SIDIS,0
25031,08/19,08:35,10.6716,42.0,C,-3.642,16.75,-6.538,7.51,-1,-1,-1,-1,-1,0,PI-SIDIS,0
25032,08/19,16:52,10.6716,5.0,HOLE,-3.642,16.75,-6.538,7.51,-1,-1,-1,0,-1,-1,HOLE,0
25034,08/19,17:19,10.6716,42.0,C,-3.642,16.75,-6.538,7.51,-1,-1,-1,-1,-1,0,PI-SIDIS,0
25035,08/19,17:36,10.6716,21.0,C,-3.642,16.75,-6.538,7.51,-1,-1,-1,-1,-1,0,PI-SIDIS,0
25036,08/19,18:17,10.6716,42.0,C,-3.642,16.75,-6.538,7.51,-1,-1,-1,3,-1,-1,HMSDIS,0
25037,08/19,18:37,10.6716,42.0,C,-3.642,16.75,-6.538,7.51,-1,9,-1,-1,-1,-1,SHMSDIS,many beam trips; target moved ~20s before run Stop!
25038,08/19,19:13,10.6716,45.0,Cu,-3.642,16.75,-6.538,7.51,-1,-1,-1,-1,-1,0,PI-SIDIS,0
25041,08/19,21:06,10.6716,45.0,Cu,-3.642,16.75,-6.538,7.51,-1,-1,-1,-1,-1,0,PI-SIDIS,0
25042,08/19,21:41,10.6716,45.0,Cu,-3.642,16.75,-6.538,7.51,-1,-1,-1,3,-1,-1,HMSDIS,0
25043,08/19,21:57,10.6716,45.0,Cu,-3.642,16.75,-6.538,7.51,-1,9,-1,-1,-1,-1,SHMSDIS,0
25044,08/19,22:29,10.6716,18.0,LD2,-3.642,16.75,-4.868,7.51,-1,-1,-1,-1,-1,0,PI-SIDIS,0
25045,08/19,23:00,10.6716,18.0,LD2,-3.642,16.75,-4.868,7.51,-1,-1,-1,-1,-1,0,PI-SIDIS,0
25046,08/19,23:35,10.6716,9.0,LD2,-3.642,16.75,-4.868,7.51,-1,-1,-1,-1,-1,0,PI-SIDIS,0
25047,08/20,00:10,10.6716,9.0,LD2,-3.642,16.75,-4.868,7.51,-1,-1,-1,1,-1,-1,HMSDIS,0
25048,08/20,00:28,10.6716,9.0,LD2,-3.642,16.75,-4.868,7.51,-1,7,-1,-1,-1,-1,SHMSDIS,0
25049,08/20,01:04,10.6716,37.0,LH2,-3.642,16.75,-4.868,7.51,-1,-1,-1,-1,-1,0,PI-SIDIS,0
25050,08/20,01:38,10.6716,37.0,LH2,-3.642,16.75,-4.868,7.51,-1,-1,-1,-1,-1,0,PI-SIDIS,0
25051,08/20,02:12,10.6716,37.0,LH2,-3.642,16.75,-4.868,7.51,-1,-1,-1,-1,0,-1,PI-SIDIS,0
25052,08/20,02:48,10.6716,24.0,LH2,-3.642,16.75,-4.868,7.51,-1,-1,-1,-1,-1,0,PI-SIDIS,0
25053,08/20,03:22,10.6716,12.0,LH2,-3.642,16.75,-4.868,7.51,-1,-1,-1,-1,-1,0,PI-SIDIS,0
25054,08/20,03:57,10.6716,37.0,LH2,-3.642,16.75,-4.868,7.51,-1,-1,-1,2,-1,-1,HMSDIS,0
25055,08/20,04:16,10.6716,37.0,LH2,-3.642,16.75,-4.868,7.51,-1,8,-1,-1,-1,-1,SHMSDIS,0
25056,08/20,04:46,10.6716,40.0,Dummy,-3.642,16.75,-4.868,7.51,-1,-1,-1,-1,-1,0,PI-SIDIS,0
25057,08/20,05:32,10.6716,40.0,Dummy,-3.642,16.75,-4.868,7.51,-1,-1,-1,2,-1,-1,HMSDIS,0
25058,08/20,05:48,10.6716,40.0,Dummy,-3.642,16.75,-4.868,7.51,-1,8,-1,-1,-1,-1,SHMSDIS,0
25059,08/20,06:13,10.6716,30.0,C,-3.642,16.75,-4.868,7.51,-1,-1,-1,-1,-1,0,PI-SIDIS,0
25060,08/20,06:44,10.6716,30.0,C,-3.642,16.75,-4.868,7.51,-1,-1,-1,-1,-1,0,PI-SIDIS,0
25061,08/20,07:28,10.6716,35.0,Cu,-3.642,16.75,-4.868,7.51,-1,-1,-1,-1,-1,0,PI-SIDIS,0
25062,08/20,17:01,10.6716,35.0,Cu,-3.642,16.75,-4.868,7.51,-1,-1,-1,-1,-1,0,PI-SIDIS,0
25063,08/20,17:35,10.6716,35.0,Cu,-3.642,16.75,-4.868,7.51,-1,-1,-1,-1,-1,0,PI-SIDIS,Stopped early due to long beam trip
25064,08/20,19:10,10.6716,35.0,Cu,-3.642,16.75,-4.868,7.51,-1,-1,-1,-1,-1,0,PI-SIDIS,HMS 1x+ Good ADC/TDC Occp looked weird (LOG 4447091)
25065,08/20,19:41,10.6716,18.0,LD2,-3.642,16.75,-4.868,7.51,-1,-1,-1,-1,-1,0,PI-SIDIS,HMS 1x+ Good ADC/TDC Occp looked weird (LOG 4447091)
25066,08/20,20:16,10.6716,18.0,LD2,-3.642,16.75,-4.868,7.51,-1,-1,-1,-1,-1,0,PI-SIDIS,HMS 1x+ Good ADC/TDC Occp issue went away by itself
25067,08/20,20:50,10.6716,18.0,LD2,-3.642,16.75,-4.868,7.51,-1,-1,-1,-1,-1,0,PI-SIDIS,0
25068,08/20,21:23,10.6716,9.0,LD2,-3.642,16.75,-4.868,7.51,-1,-1,-1,-1,-1,0,PI-SIDIS,0
25069,08/20,22:02,10.6716,37.0,LH2,-3.642,16.75,-4.868,7.51,-1,-1,-1,-1,-1,0,PI-SIDIS,0
25070,08/20,22:36,10.6716,37.0,LH2,-3.642,16.75,-4.868,7.51,-1,-1,-1,-1,-1,0,PI-SIDIS,0
25071,08/20,23:10,10.6716,37.0,LH2,-3.642,16.75,-4.868,7.51,-1,-1,-1,-1,-1,0,PI-SIDIS,0
25072,08/20,23:45,10.6716,24.0,LH2,-3.642,16.75,-4.868,7.51,-1,-1,-1,-1,-1,0,PI-SIDIS,0
25073,08/21,00;17,10.6716,12.0,LH2,-3.642,16.75,-4.868,7.51,-1,-1,-1,-1,-1,0,PI-SIDIS,0
25074,08/21,01:02,10.6716,40.0,Dummy,-3.642,16.75,-4.868,7.51,-1,-1,-1,-1,-1,0,PI-SIDIS,0
25076,08/21,01:57,10.6716,8.0,LD2,-3.642,16.75,-3.632,7.51,-1,-1,-1,-1,-1,0,PI-SIDIS,0
25077,08/21,02:28,10.6716,8.0,LD2,-3.642,16.75,-3.632,7.51,-1,-1,-1,-1,-1,0,PI-SIDIS,0
25078,08/21,03:00,10.6716,8.0,LD2,-3.642,16.75,-3.632,7.51,-1,-1,-1,-1,-1,0,PI-SIDIS,0
25079,08/21,03:36,10.6716,5.0,LD2,-3.642,16.75,-3.632,7.51,-1,-1,-1,-1,-1,0,PI-SIDIS,0
25080,08/21,04:08,10.6716,5.0,LD2,-3.642,16.75,-3.632,7.51,-1,-1,-1,-1,-1,0,PI-SIDIS,0
25081,08/21,04:43,10.6716,8.0,LD2,-3.642,16.75,-3.632,7.51,-1,-1,-1,1,-1,-1,HMSDIS,0
25082,08/21,05:01,10.6716,8.0,LD2,-3.642,16.75,-3.632,7.51,-1,7,-1,-1,-1,-1,SHMSDIS,0
25083,08/21,05:30,10.6716,18.0,LH2,-3.642,16.75,-3.632,7.51,-1,-1,-1,-1,-1,0,PI-SIDIS,0
25084,08/21,06:06,10.6716,18.0,LH2,-3.642,16.75,-3.632,7.51,-1,-1,-1,-1,-1,0,PI-SIDIS,0
25085,08/21,06:50,10.6716,18.0,LH2,-3.642,16.75,-3.632,7.51,-1,-1,-1,-1,-1,0,PI-SIDIS,0
25086,08/21,13:30,10.6716,18.0,LH2,-3.642,16.75,-3.632,7.51,-1,-1,-1,-1,0,-1,PI-SIDIS,0
25087,08/21,14:07,10.6716,9.0,LH2,-3.642,16.75,-3.632,7.51,-1,-1,-1,-1,-1,0,PI-SIDIS,HMS 1A Good TDC occupancy a little wonky
25088,08/21,14:37,10.6716,9.0,LH2,-3.642,16.75,-3.632,7.51,-1,-1,-1,-1,-1,0,PI-SIDIS,0
25089,08/21,15:14,10.6716,18.0,LH2,-3.642,16.75,-3.632,7.51,-1,-1,-1,1,-1,-1,HMSDIS,0
25090,08/21,15:31,10.6716,18.0,LH2,-3.642,16.75,-3.632,7.51,-1,7,-1,-1,-1,-1,SHMSDIS,0
25091,08/21,15:49,10.6716,18.0,LH2,-3.642,16.75,-3.632,7.51,-1,-1,-1,-1,-1,0,PI-SIDIS,Shift crew forgot to change to dummy target.  Still good data.
25092,08/21,16:01,10.6716,20.0,Dummy,-3.642,16.75,-3.632,7.51,-1,-1,-1,-1,-1,0,PI-SIDIS,Lots of beam trips in this one.Extended run time to get 30 minutes.
25093,08/21,16:45,10.6716,20.0,Dummy,-3.642,16.75,-3.632,7.51,-1,-1,-1,-1,-1,0,PI-SIDIS,0
25094,08/21,17:21,10.6716,20.0,Dummy,-3.642,16.75,-3.632,7.51,-1,-1,-1,0,-1,-1,HMSDIS,0
25095,08/21,17:40,10.6716,20.0,Dummy,-3.642,16.75,-3.632,7.51,-1,7,-1,-1,-1,-1,SHMSDIS,0
25096,08/21,18:05,10.6716,18.0,C,-3.642,16.75,-3.632,7.51,-1,-1,-1,-1,-1,0,PI-SIDIS,0
25097,08/21,18:38,10.6716,18.0,C,-3.642,16.75,-3.632,7.51,-1,-1,-1,-1,-1,0,PI-SIDIS,0
25098,08/21,19:09,10.6716,18.0,C,-3.642,16.75,-3.632,7.51,-1,-1,-1,-1,-1,0,PI-SIDIS,0
25099,08/21,19:46,10.6716,9.0,C,-3.642,16.75,-3.632,7.51,-1,-1,-1,-1,-1,0,PI-SIDIS,0
25101,08/21,20:27,10.6716,18.0,C,-3.642,16.75,-3.632,7.51,-1,-1,-1,1,-1,-1,HMSDIS,0
25102,08/21,20:49,10.6716,21.0,Cu,-3.642,16.75,-3.632,7.51,-1,-1,-1,-1,-1,0,PI-SIDIS,0
25103,08/21,21:35,10.6716,21.0,Cu,-3.642,16.75,-3.632,7.51,-1,-1,-1,-1,-1,0,PI-SIDIS,0
25104,08/21,22:11,10.6716,21.0,Cu,-3.642,16.75,-3.632,7.51,-1,-1,-1,-1,-1,0,PI-SIDIS,0
25105,08/21,22:51,10.6716,21.0,Cu,-3.642,16.75,-3.632,7.51,-1,-1,-1,-1,-1,0,PI-SIDIS,0
25106,08/21,23:29,10.6716,21.0,Cu,-3.642,16.75,-3.632,7.51,-1,-1,-1,1,-1,-1,HMSDIS,0
25108,08/22,00:28,10.6716,10.0,LD2,-3.642,16.75,-3.632,7.51,-1,-1,-1,-1,-1,0,PI-SIDIS,0
25109,08/22,01:00,10.6716,10.0,LD2,-3.642,16.75,-3.632,7.51,-1,-1,-1,-1,-1,0,PI-SIDIS,0
25110,08/22,01:35,10.6716,10.0,LD2,-3.642,16.75,-3.632,7.51,-1,-1,-1,-1,-1,0,PI-SIDIS,0
25111,08/22,02:09,10.6716,6.0,LD2,-3.642,16.75,-3.632,7.51,-1,-1,-1,-1,-1,0,PI-SIDIS,0
25112,08/22,02:42,10.6716,6.0,LD2,-3.642,16.75,-3.632,7.51,-1,-1,-1,-1,-1,0,PI-SIDIS,0
25114,08/22,03:22,10.6716,24.0,LH2,-3.642,16.75,-3.632,7.51,-1,-1,-1,-1,-1,0,PI-SIDIS,0
25115,08/22,03:58,10.6716,24.0,LH2,-3.642,16.75,-3.632,7.51,-1,-1,-1,-1,-1,0,PI-SIDIS,0
25116,08/22,04:31,10.6716,24.0,LH2,-3.642,16.75,-3.632,7.51,-1,-1,-1,-1,-1,0,PI-SIDIS,0
25117,08/22,05:08,10.6716,12.0,LH2,-3.642,16.75,-3.632,7.51,-1,-1,-1,-1,-1,0,PI-SIDIS,0
25119,08/22,06:03,10.6716,12.0,LH2,-3.642,16.75,-3.632,7.51,-1,-1,-1,-1,-1,0,PI-SIDIS,0
25120,08/22,06:48,10.6716,20.0,Dummy,-3.642,16.75,-3.632,7.51,-1,-1,-1,-1,-1,0,PI-SIDIS,0
25121,08/22,07:20,10.6716,20.0,Dummy,-3.642,16.75,-3.632,7.51,-1,-1,-1,-1,-1,0,PI-SIDIS,0
25122,08/22,08:30,10.6716,40.0,LD2,-3.642,16.75,-6.538,10.305,-1,-1,-1,-1,-1,0,PI-SIDIS,0
25123,08/22,08:59,10.6716,40.0,LD2,-3.642,16.75,-6.538,10.305,-1,-1,-1,-1,-1,0,PI-SIDIS,SHMS dipole tripped ~ 15 mins before run stop!
25124,08/22,09:52,10.6716,20.0,LD2,-3.642,16.75,-6.538,10.305,-1,-1,-1,-1,-1,0,PI-SIDIS,0
25125,08/22,10:25,10.6716,20.0,LD2,-3.642,16.75,-6.538,10.305,-1,-1,-1,2,-1,-1,HMSDIS,0
25126,08/22,10:49,10.6716,55.0,LH2,-3.642,16.75,-6.538,10.305,-1,-1,-1,-1,-1,0,PI-SIDIS,0
25127,08/22,10:56,10.6716,45.0,LH2,-3.642,16.75,-6.538,10.305,-1,-1,-1,-1,-1,0,PI-SIDIS,0
25128,08/22,11:26,10.6716,45.0,LH2,-3.642,16.75,-6.538,10.305,-1,-1,-1,-1,-1,0,PI-SIDIS,0
25129,08/22,11:56,10.6716,45.0,LH2,-3.642,16.75,-6.538,10.305,-1,-1,-1,-1,0,-1,PI-SIDIS,0
25130,08/22,12:30,10.6716,24.0,LH2,-3.642,16.75,-6.538,10.305,-1,-1,-1,-1,0,-1,PI-SIDIS,0
25131,08/22,12:33,10.6716,24.0,LH2,-3.642,16.75,-6.538,10.305,-1,-1,-1,-1,-1,0,PI-SIDIS,0
25132,08/22,13:04,10.6716,24.0,LH2,-3.642,16.75,-6.538,10.305,-1,-1,-1,1,-1,-1,HMSDIS,0
25133,08/22,13:31,10.6716,24.0,LH2,-3.642,16.75,-6.538,10.305,-1,-1,3,-1,-1,-1,HMSDIS,0
25134,08/22,13:53,10.6716,40.0,Dummy,-3.642,16.75,-6.538,10.305,-1,-1,-1,-1,-1,0,PI-SIDIS,0
25135,08/22,14:23,10.6716,40.0,Dummy,-3.642,16.75,-6.538,10.305,-1,-1,-1,-1,-1,0,PI-SIDIS,0
25136,08/22,14:54,10.6716,40.0,Dummy,-3.642,16.75,-6.538,10.305,-1,-1,-1,1,-1,-1,HMSDIS,0
25137,08/22,15:10,10.6716,40.0,Dummy,-3.642,16.75,-6.538,10.305,-1,-1,3,-1,-1,-1,HMSDIS,0
25138,08/22,15:44,10.6716,50.0,LD2,-3.642,16.75,-4.868,10.305,-1,-1,-1,-1,-1,0,PI-SIDIS,0
25139,08/22,16:22,10.6716,50.0,LD2,-3.642,16.75,-4.868,10.305,-1,-1,-1,-1,-1,0,PI-SIDIS,0
25140,08/22,16:53,10.6716,50.0,LD2,-3.642,16.75,-4.868,10.305,-1,-1,-1,-1,-1,0,PI-SIDIS,0
25141,08/22,17:25,10.6716,25.0,LD2,-3.642,16.75,-4.868,10.305,-1,-1,-1,-1,-1,0,PI-SIDIS,0
25142,08/22,18:00,10.6716,25.0,LD2,-3.642,16.75,-4.868,10.305,-1,-1,-1,3,-1,-1,HMSDIS,0
25143,08/22,18:20,10.6716,25.0,LD2,-3.642,16.75,-4.868,10.305,-1,7,-1,-1,-1,-1,SHMSDIS,0
25144,08/22,18:35,10.6716,25.0,LD2,-3.642,16.75,-4.868,10.305,-1,7,-1,-1,-1,-1,SHMSDIS,Extra DIS due to replay confusion
25145,08/22,18:43,10.6716,25.0,LD2,-3.642,16.75,-4.868,10.305,-1,-1,-1,3,-1,-1,HMSDIS,0
25146,08/22,19:00,10.6716,25.0,LH2,-3.642,16.75,-4.868,10.305,-1,-1,-1,-1,-1,0,PI-SIDIS,0
25147,08/22,19:36,10.6716,50.0,LH2,-3.642,16.75,-4.868,10.305,-1,-1,-1,-1,-1,0,PI-SIDIS,0
25148,08/22,19:59,10.6716,50.0,LH2,-3.642,16.75,-4.868,10.305,-1,-1,-1,-1,-1,0,PI-SIDIS,0
25149,08/22,20:30,10.6716,50.0,LH2,-3.642,16.75,-4.868,10.305,-1,-1,-1,-1,-1,0,PI-SIDIS,0
25150,08/22,21:13,10.6716,50.0,LH2,-3.642,16.75,-4.868,10.305,-1,-1,-1,-1,0,-1,PI-SIDIS,0
25151,08/22,21:48,10.6716,25.0,LH2,-3.642,16.75,-4.868,10.305,-1,-1,-1,-1,-1,0,PI-SIDIS,0
25152,08/22,22:22,10.6716,25.0,LH2,-3.642,16.75,-4.868,10.305,-1,-1,-1,3,-1,-1,HMSDIS,0
25153,08/22,22:38,10.6716,25.0,LH2,-3.642,16.75,-4.868,10.305,-1,7,-1,-1,-1,-1,SHMSDIS,0
25154,08/22,23:03,10.6716,40.0,Dummy,-3.642,16.75,-4.868,10.305,-1,-1,-1,-1,-1,0,PI-SIDIS,0
25155,08/22,23:35,10.6716,40.0,Dummy,-3.642,16.75,-4.868,10.305,-1,-1,-1,3,-1,-1,HMSDIS,0
25156,08/22,23:53,10.6716,40.0,Dummy,-3.642,16.75,-4.868,10.305,-1,7,-1,-1,-1,-1,SHMSDIS,0
25157,08/23,00:25,10.6716,40.0,C,-3.642,16.75,-4.868,10.305,-1,-1,-1,-1,-1,0,PI-SIDIS,0
25158,08/23,02:28,10.6716,45.0,C,-3.642,16.75,-4.868,10.305,-1,-1,-1,-1,-1,0,PI-SIDIS,HMS dipole trip ~3s before run stop!
25162,08/23,04:05,10.6716,45.0,C,-3.642,16.75,-4.868,10.305,-1,-1,-1,-1,-1,0,PI-SIDIS,0
25163,08/23,04:46,10.6716,45.0,Cu,-3.642,16.75,-4.868,10.305,-1,-1,-1,-1,-1,0,PI-SIDIS,0
25164,08/23,05:21,10.6716,45.0,Cu,-3.642,16.75,-4.868,10.305,-1,-1,-1,-1,-1,0,PI-SIDIS,0
25165,08/23,06:00,10.6716,45.0,Cu,-3.642,16.75,-4.868,10.305,-1,-1,-1,-1,-1,0,PI-SIDIS,0
25166,08/23,06:45,10.6716,45.0,Cu,-3.642,16.75,-4.868,10.305,-1,-1,-1,-1,-1,0,PI-SIDIS,0
25167,08/23,07:36,10.6716,50.0,LH2,-3.642,16.75,-4.868,10.305,-1,-1,-1,-1,-1,0,PI-SIDIS,0
25168,08/23,08:15,10.6716,45.0,LH2,-3.642,16.75,-4.868,10.305,-1,-1,-1,-1,-1,0,PI-SIDIS,0
25169,08/23,08:49,10.6716,45.0,LH2,-3.642,16.75,-4.868,10.305,-1,-1,-1,-1,-1,0,PI-SIDIS,0
25170,08/23,09:24,10.6716,25.0,LH2,-3.642,16.75,-4.868,10.305,-1,-1,-1,-1,-1,0,PI-SIDIS,0
25171,08/23,10:09,10.6716,40.0,Dummy,-3.642,16.75,-4.868,10.305,-1,-1,-1,-1,-1,0,PI-SIDIS,0
25178,08/23,14:00,10.6716,20.0,LD2,-3.642,16.75,-3.632,10.305,-1,-1,-1,3,-1,-1,HMSDIS,"HMS singles run, this one still looks good."
25181,08/23,15:12,10.6716,50.0,LH2,-3.642,16.75,-3.632,10.305,-1,-1,-1,-1,-1,0,PI-SIDIS,0
25182,08/23,15:45,10.6716,50.0,LH2,-3.642,16.75,-3.632,10.305,-1,-1,-1,-1,-1,0,PI-SIDIS,0
25183,08/23,16:17,10.6716,50.0,LH2,-3.642,16.75,-3.632,10.305,-1,-1,-1,-1,0,-1,PI-SIDIS,0
25184,08/23,17:00,10.6716,25.0,LH2,-3.642,16.75,-3.632,10.305,-1,-1,-1,-1,0,-1,PI-SIDIS,0
25185,08/23,17:37,10.6716,25.0,LH2,-3.642,16.75,-3.632,10.305,-1,-1,-1,-1,-1,0,PI-SIDIS,0
25186,08/23,18:10,10.6716,25.0,LH2,-3.642,16.75,-3.632,10.305,-1,-1,-1,1,-1,-1,HMSDIS,0
25187,08/23,18:28,10.6716,25.0,LH2,-3.642,16.75,-3.632,10.305,-1,-1,-1,-1,-1,0,PI-SIDIS,0
25188,08/23,19:00,10.6716,25.0,LH2,-3.642,16.75,-3.632,10.305,-1,6,-1,-1,-1,-1,SHMSDIS,0
25189,08/23,19:23,10.6716,40.0,Dummy,-3.642,16.75,-3.632,10.305,-1,-1,-1,-1,-1,0,PI-SIDIS,0
25190,08/23,19:54,10.6716,40.0,Dummy,-3.642,16.75,-3.632,10.305,-1,-1,-1,-1,-1,0,PI-SIDIS,0
25191,08/23,20:27,10.6716,40.0,Dummy,-3.642,16.75,-3.632,10.305,-1,6,-1,-1,-1,-1,SHMSDIS,0
25192,08/23,20:50,10.6716,55.0,C,-3.642,16.75,-3.632,10.305,-1,-1,-1,-1,-1,0,PI-SIDIS,0
25193,08/23,21:22,10.6716,55.0,C,-3.642,16.75,-3.632,10.305,-1,-1,-1,-1,-1,0,PI-SIDIS,0
25194,08/23,21:54,10.6716,55.0,C,-3.642,16.75,-3.632,10.305,-1,-1,-1,-1,-1,0,PI-SIDIS,0
25195,08/23,22:31,10.6716,55.0,Cu,-3.642,16.75,-3.632,10.305,-1,-1,-1,-1,-1,0,PI-SIDIS,0
25196,08/23,23:03,10.6716,55.0,Cu,-3.642,16.75,-3.632,10.305,-1,-1,-1,-1,-1,0,PI-SIDIS,0
25197,08/23,23:35,10.6716,55.0,Cu,-3.642,16.75,-3.632,10.305,-1,-1,-1,-1,-1,0,PI-SIDIS,0
25198,08/24,00:10,10.6716,55.0,Cu,-3.642,16.75,-3.632,10.305,-1,-1,-1,-1,-1,0,PI-SIDIS,0
25200,08/24,01:17,10.6716,30.0,LD2,-3.642,16.75,-3.632,10.305,-1,-1,-1,-1,-1,0,PI-SIDIS,0
25201,08/24,01:49,10.6716,30.0,LD2,-3.642,16.75,-3.632,10.305,-1,-1,-1,-1,-1,0,PI-SIDIS,0
25202,08/24,02:27,10.6716,15.0,LD2,-3.642,16.75,-3.632,10.305,-1,-1,-1,-1,-1,0,PI-SIDIS,0
25203,08/24,03:09,10.6716,45.0,LH2,-3.642,16.75,-3.632,10.305,-1,-1,-1,-1,-1,0,PI-SIDIS,0
25204,08/24,03:58,10.6716,23.0,LH2,-3.642,16.75,-3.632,10.305,-1,-1,-1,-1,-1,0,PI-SIDIS,0
25205,08/24,04:49,10.6716,32.0,LH2,-3.642,16.75,-2.615,10.305,-1,-1,-1,-1,-1,0,PI-SIDIS,0
25206,08/24,05:22,10.6716,32.0,LH2,-3.642,16.75,-2.615,10.305,-1,-1,-1,-1,-1,0,PI-SIDIS,0
25207,08/24,05:57,10.6716,32.0,LH2,-3.642,16.75,-2.615,10.305,-1,-1,-1,-1,-1,0,PI-SIDIS,0
25208,08/24,06:41,10.6716,32.0,LH2,-3.642,16.75,-2.615,10.305,-1,-1,-1,-1,0,-1,PI-SIDIS,0
25210,08/24,07:14,10.6716,16.0,LH2,-3.642,16.75,-2.615,10.305,-1,-1,-1,-1,-1,0,PI-SIDIS,0
25211,08/24,07:49,10.6716,16.0,LH2,-3.642,16.75,-2.615,10.305,-1,-1,-1,-1,-1,0,PI-SIDIS,0
25212,08/24,08:23,10.6716,16.0,LH2,-3.642,16.75,-2.615,10.305,-1,-1,-1,1,-1,-1,HMSDIS,0
25213,08/24,08:49,10.6716,16.0,LH2,-3.642,16.75,-2.615,10.305,-1,6,-1,-1,-1,-1,SHMSDIS,0
25214,08/24,09:05,10.6716,40.0,Dummy,-3.642,16.75,-2.615,10.305,-1,-1,-1,-1,-1,0,PI-SIDIS,0
25215,08/24,09:38,10.6716,40.0,Dummy,-3.642,16.75,-2.615,10.305,-1,-1,-1,2,-1,-1,HMSDIS,0
25216,08/24,09:56,10.6716,40.0,Dummy,-3.642,16.75,-2.615,10.305,-1,7,-1,-1,-1,-1,SHMSDIS,0
25217,08/24,10:19,10.6716,32.0,LH2,-3.642,16.75,-2.615,10.305,-1,-1,-1,-1,-1,0,PI-SIDIS,0
25218,08/24,10:49,10.6716,32.0,LH2,-3.642,16.75,-2.615,10.305,-1,-1,-1,-1,-1,0,PI-SIDIS,0
25219,08/24,11:27,10.6716,32.0,LH2,-3.642,16.75,-2.615,10.305,-1,-1,-1,-1,-1,0,PI-SIDIS,0
25220,08/24,12:03,10.6716,16.0,LH2,-3.642,16.75,-2.615,10.305,-1,-1,-1,-1,-1,0,PI-SIDIS,0
25221,08/24,12:38,10.6716,16.0,LH2,-3.642,16.75,-2.615,10.305,-1,-1,-1,-1,-1,0,PI-SIDIS,0
25222,08/24,13:16,10.6716,16.0,Dummy,-3.642,16.75,-2.615,10.305,-1,-1,-1,-1,-1,0,PI-SIDIS,0
25227,08/24,17:14,10.6716,50.0,LD2,-3.642,16.75,6.538,10.305,-1,-1,-1,-1,-1,0,PI+SIDIS,0
25228,08/24,17:46,10.6716,50.0,LD2,-3.642,16.75,6.538,10.305,-1,-1,-1,-1,-1,0,PI+SIDIS,0
25229,08/24,18:18,10.6716,25.0,LD2,-3.642,16.75,6.538,10.305,-1,-1,-1,-1,-1,0,PI+SIDIS,0
25230,08/24,18:48,10.6716,25.0,LD2,-3.642,16.75,6.538,10.305,-1,-1,-1,-1,-1,0,PI+SIDIS,0
25232,08/24,19:25,10.6716,25.0,LD2,-3.642,16.75,6.538,10.305,-1,-1,-1,3,-1,-1,HMSDIS,0
25233,08/24,19:45,10.6716,50.0,LH2,-3.642,16.75,6.538,10.305,-1,-1,-1,-1,-1,0,PI+SIDIS,0
25234,08/24,20:15,10.6716,50.0,LH2,-3.642,16.75,6.538,10.305,-1,-1,-1,-1,-1,0,PI+SIDIS,0
25235,08/24,20:47,10.6716,50.0,LH2,-3.642,16.75,6.538,10.305,-1,-1,-1,-1,0,-1,PI+SIDIS,Trigger efficiency check
25236,08/24,21:19,10.6716,25.0,LH2,-3.642,16.75,6.538,10.305,-1,-1,-1,-1,-1,0,PI+SIDIS,0
25237,08/24,21:49,10.6716,25.0,LH2,-3.642,16.75,6.538,10.305,-1,-1,-1,-1,-1,0,PI+SIDIS,0
25238,08/24,22:21,10.6716,25.0,LH2,-3.642,16.75,6.538,10.305,-1,-1,-1,1,-1,-1,HMSDIS,0
25239,08/24,22:37,10.6716,25.0,LH2,-3.642,16.75,6.538,10.305,-1,2,-1,-1,-1,-1,SHMSDIS,0
25240,08/24,23:01,10.6716,40.0,Dummy,-3.642,16.75,6.538,10.305,-1,-1,-1,-1,-1,0,PI+SIDIS,0
25241,08/24,23:31,10.6716,40.0,Dummy,-3.642,16.75,6.538,10.305,-1,-1,-1,-1,-1,0,PI+SIDIS,0
25243,08/25,00:05,10.6716,40.0,Dummy,-3.642,16.75,6.538,10.305,-1,-1,-1,2,-1,-1,HMSDIS,0
25244,08/25,00:26,10.6716,40.0,Dummy,-3.642,16.75,6.538,10.305,-1,2,-1,-1,-1,-1,SHMSDIS,0
25247,08/25,01:50,10.6716,50.0,C,-3.642,16.75,6.538,10.305,-1,-1,-1,-1,-1,0,PI+SIDIS,0
25248,08/25,02:26,10.6716,50.0,C,-3.642,16.75,6.538,10.305,-1,-1,-1,-1,-1,0,PI+SIDIS,0
25249,08/25,03:08,10.6716,25.0,C,-3.642,16.75,6.538,10.305,-1,-1,-1,-1,-1,0,PI+SIDIS,0
25250,08/25,03:41,10.6716,25.0,C,-3.642,16.75,6.538,10.305,-1,-1,-1,2,-1,-1,HMSDIS,0
25251,08/25,04:19,10.6716,50.0,Cu,-3.642,16.75,6.538,10.305,-1,-1,-1,-1,-1,0,PI+SIDIS,0
25252,08/25,04:56,10.6716,50.0,Cu,-3.642,16.75,6.538,10.305,-1,-1,-1,-1,-1,0,PI+SIDIS,0
25253,08/25,05:44,10.6716,50.0,Cu,-3.642,16.75,6.538,10.305,-1,-1,-1,3,-1,-1,HMSDIS,0
25255,08/25,06:26,10.6716,50.0,LD2,-3.642,16.75,4.868,10.305,-1,-1,-1,-1,-1,0,PI+SIDIS,0
25256,08/25,06:57,10.6716,50.0,LD2,-3.642,16.75,4.868,10.305,-1,-1,-1,-1,-1,0,PI+SIDIS,0
25257,08/25,07:43,10.6716,50.0,LD2,-3.642,16.75,4.868,10.305,-1,-1,-1,-1,-1,0,PI+SIDIS,HMS dipole trip at end
25258,08/25,10:03,10.6716,25.0,LD2,-3.642,16.75,4.868,10.305,-1,-1,-1,-1,-1,0,PI+SIDIS,No beam at start
25259,08/25,11:11,10.6716,25.0,LD2,-3.642,16.75,4.868,10.305,-1,-1,-1,-1,-1,0,PI+SIDIS,0
25260,08/25,11:45,10.6716,25.0,LD2,-3.642,16.75,4.868,10.305,-1,-1,-1,3,-1,-1,HMSDIS,0
25261,08/25,12:09,10.6716,25.0,LD2,-3.642,16.75,4.868,10.305,-1,6,-1,-1,-1,-1,SHMSDIS,0
25262,08/25,12:43,10.6716,55.0,LH2,-3.642,16.75,4.868,10.305,-1,-1,-1,-1,-1,0,PI+SIDIS,0
25263,08/25,13:21,10.6716,55.0,LH2,-3.642,16.75,4.868,10.305,-1,-1,-1,-1,-1,0,PI+SIDIS,0
25264,08/25,13:59,10.6716,55.0,LH2,-3.642,16.75,4.868,10.305,-1,-1,-1,-1,0,-1,PI+SIDIS,0
25265,08/25,14:40,10.6716,28.0,LH2,-3.642,16.75,4.868,10.305,-1,-1,-1,-1,-1,0,PI+SIDIS,0
25266,08/25,15:13,10.6716,28.0,LH2,-3.642,16.75,4.868,10.305,-1,-1,-1,-1,-1,0,PI+SIDIS,0
25267,08/25,15:49,10.6716,28.0,LH2,-3.642,16.75,4.868,10.305,-1,-1,-1,2,-1,-1,HMSDIS,0
25268,08/25,16:07,10.6716,28.0,LH2,-3.642,16.75,4.868,10.305,-1,5,-1,-1,-1,-1,SHMSDIS,0
25269,08/25,16:32,10.6716,40.0,Dummy,-3.642,16.75,4.868,10.305,-1,-1,-1,-1,-1,0,PI+SIDIS,0
25270,08/25,17:04,10.6716,40.0,Dummy,-3.642,16.75,4.868,10.305,-1,-1,-1,2,-1,-1,HMSDIS,0
25271,08/25,17:23,10.6716,40.0,Dummy,-3.642,16.75,4.868,10.305,-1,5,-1,-1,-1,-1,SHMSDIS,0
25272,08/25,17:52,10.6716,55.0,C,-3.642,16.75,4.868,10.305,-1,-1,-1,-1,-1,0,PI+SIDIS,0
25273,08/25,18:22,10.6716,55.0,C,-3.642,16.75,4.868,10.305,-1,-1,-1,-1,-1,0,PI+SIDIS,0
25274,08/25,18:54,10.6716,55.0,C,-3.642,16.75,4.868,10.305,-1,-1,-1,4,-1,-1,HMSDIS,0
25275,08/25,19:18,10.6716,55.0,Cu,-3.642,16.75,4.868,10.305,-1,-1,-1,-1,-1,0,PI+SIDIS,0
25276,08/25,19:49,10.6716,55.0,Cu,-3.642,16.75,4.868,10.305,-1,-1,-1,-1,-1,0,PI+SIDIS,0
25277,08/25,20;20,10.6716,55.0,Cu,-3.642,16.75,4.868,10.305,-1,-1,-1,-1,-1,0,PI+SIDIS,0
25278,08/25,20:53,10.6716,55.0,Cu,-3.642,16.75,4.868,10.305,-1,-1,-1,3,-1,-1,HMSDIS,0
25279,08/25,21:16,10.6716,40.0,Dummy,-3.642,16.75,4.868,10.305,-1,-1,-1,-1,-1,0,PI+SIDIS,0
25280,08/26,00:02,10.6716,20.0,LD2,-3.642,16.75,3.632,10.305,-1,-1,-1,-1,-1,0,PI+SIDIS,0
25281,08/26,00:33,10.6716,20.0,LD2,-3.642,16.75,3.632,10.305,-1,-1,-1,-1,-1,0,PI+SIDIS,0
25282,08/26,01:04,10.6716,10.0,LD2,-3.642,16.75,3.632,10.305,-1,-1,-1,-1,-1,0,PI+SIDIS,0
25283,08/26,01:34,10.6716,10.0,LD2,-3.642,16.75,3.632,10.305,-1,-1,-1,-1,-1,0,PI+SIDIS,0
25284,08/26,02:06,10.6716,10.0,LD2,-3.642,16.75,3.632,10.305,-1,-1,-1,1,-1,-1,HMSDIS,0
25285,08/26,02:24,10.6716,10.0,LD2,-3.642,16.75,3.632,10.305,-1,6,-1,-1,-1,-1,SHMSDIS,0
25286,08/26,02:47,10.6716,42.0,LH2,-3.642,16.75,3.632,10.305,-1,-1,-1,-1,-1,0,PI+SIDIS,0
25287,08/26,03:18,10.6716,42.0,LH2,-3.642,16.75,3.632,10.305,-1,-1,-1,-1,-1,0,PI+SIDIS,0
25288,08/26,03:49,10.6716,42.0,LH2,-3.642,16.75,3.632,10.305,-1,-1,-1,-1,0,-1,PI+SIDIS,0
25289,08/26,04:21,10.6716,21.0,LH2,-3.642,16.75,3.632,10.305,-1,-1,-1,-1,-1,0,PI+SIDIS,0
25290,08/26,04:50,10.6716,21.0,LH2,-3.642,16.75,3.632,10.305,-1,-1,-1,-1,-1,0,PI+SIDIS,0
25291,08/26,05:22,10.6716,21.0,LH2,-3.642,16.75,3.632,10.305,-1,-1,-1,1,-1,-1,HMSDIS,0
25292,08/26,05:38,10.6716,21.0,LH2,-3.642,16.75,3.632,10.305,-1,6,-1,-1,-1,-1,SHMSDIS,0
25293,08/26,06:03,10.6716,40.0,Dummy,-3.642,16.75,3.632,10.305,-1,-1,-1,-1,-1,0,PI+SIDIS,0
25294,08/26,06:35,10.6716,40.0,Dummy,-3.642,16.75,3.632,10.305,-1,-1,-1,2,-1,-1,HMSDIS,0
25295,08/26,06:57,10.6716,37.0,C,-3.642,16.75,3.632,10.305,-1,-1,-1,-1,-1,0,PI+SIDIS,0
25296,08/26,07:29,10.6716,37.0,C,-3.642,16.75,3.632,10.305,-1,-1,-1,-1,-1,0,PI+SIDIS,0
25297,08/26,08:02,10.6716,37.0,C,-3.642,16.75,3.632,10.305,-1,-1,-1,3,-1,-1,HMSDIS,0
25298,08/26,08:27,10.6716,47.0,Cu,-3.642,16.75,3.632,10.305,-1,-1,-1,-1,-1,0,PI+SIDIS,0
25299,08/26,08:59,10.6716,47.0,Cu,-3.642,16.75,3.632,10.305,-1,-1,-1,-1,-1,0,PI+SIDIS,Only 6 minutes of good beam
25300,08/26,11:25,10.6716,47.0,Cu,-3.642,16.75,3.632,10.305,-1,-1,-1,-1,-1,0,PI+SIDIS,0
25301,08/26,11:57,10.6716,47.0,Cu,-3.642,16.75,3.632,10.305,-1,-1,-1,-1,-1,0,PI+SIDIS,0
25302,08/26,12:23,10.6716,47.0,Cu,-3.642,16.75,3.632,10.305,-1,-1,-1,3,-1,-1,HMSDIS,0
25303,08/26,13:04,10.6716,50.0,Al,-3.642,16.75,3.632,10.305,-1,-1,-1,-1,-1,1,PI+SIDIS,0
25304,08/26,13:36,10.6716,0.0,0,-3.642,16.75,3.632,10.305,0,-1,-1,-1,-1,-1,BCM,BCM Calibration run!
25305,08/26,14:48,10.6716,50.0,Al,-3.642,16.75,3.632,10.305,-1,-1,-1,-1,-1,0,PI+SIDIS,0
25306,08/26,18:47,10.6716,50.0,Al,-3.642,16.75,3.632,10.305,-1,-1,-1,-1,-1,0,PI+SIDIS,22 minute run to complete cycle
25308,08/26,19:12,10.6716,25.0,Al,-3.642,16.75,3.632,10.305,-1,-1,-1,0,-1,-1,HMSDIS,0
25309,08/26,19:43,10.6716,20.0,LD2,-3.642,16.75,3.632,10.305,-1,-1,-1,-1,-1,0,PI+SIDIS,0
25310,08/26,20:15,10.6716,20.0,LD2,-3.642,16.75,3.632,10.305,-1,-1,-1,-1,-1,0,PI+SIDIS,"Short run (~9 minutes), beam taken away"
25311,08/26,22:29,10.6716,20.0,LD2,-3.642,16.75,3.632,10.305,-1,-1,-1,-1,-1,0,PI+SIDIS,21 minute run to complet full current runs
25312,08/26,22:52,10.6716,10.0,LD2,-3.642,16.75,3.632,10.305,-1,-1,-1,-1,-1,0,PI+SIDIS,0
25313,08/26,23:24,10.6716,10.0,LD2,-3.642,16.75,3.632,10.305,-1,-1,-1,-1,-1,0,PI+SIDIS,0
25314,08/26,23:56,10.6716,20.0,LD2,-3.642,16.75,3.632,10.305,-1,-1,-1,-1,-1,0,PI+SIDIS,Short (~15 min) max current run to achieve target statistics goal
25315,08/27,00:21,10.6716,42.0,LH2,-3.642,16.75,3.632,10.305,-1,-1,-1,-1,-1,0,PI+SIDIS,0
25316,08/27,00:53,10.6716,21.0,LH2,-3.642,16.75,3.632,10.305,-1,-1,-1,-1,-1,0,PI+SIDIS,0
25317,08/27,01:34,10.6716,40.0,Dummy,-3.642,16.75,3.632,10.305,-1,-1,-1,-1,-1,0,PI+SIDIS,0
25318,08/27,02:23,10.6716,9.0,LD2,-3.642,16.75,2.615,10.305,-1,-1,-1,-1,-1,0,PI+SIDIS,0
25319,08/27,02:54,10.6716,9.0,LD2,-3.642,16.75,2.615,10.305,-1,-1,-1,-1,-1,0,PI+SIDIS,0
25320,08/27,03:25,10.6716,9.0,LD2,-3.642,16.75,2.615,10.305,-1,-1,-1,-1,-1,0,PI+SIDIS,17 minute run
25321,08/27,03:50,10.6716,9.0,LD2,-3.642,16.75,2.615,10.305,-1,-1,-1,-1,-1,0,PI+SIDIS,15 minute run
25322,08/27,04:06,10.6716,5.0,LD2,-3.642,16.75,2.615,10.305,-1,-1,-1,-1,-1,0,PI+SIDIS,0
25323,08/27,04:38,10.6716,5.0,LD2,-3.642,16.75,2.615,10.305,-1,-1,-1,-1,-1,0,PI+SIDIS,0
25325,08/27,20:54,10.6716,5.0,HOLE,-3.642,16.75,2.615,10.305,-1,-1,-1,0,-1,-1,HOLE,"C hole run, raster off"
25326,08/27,21:13,10.6716,5.0,HOLE,-3.642,16.75,2.615,10.305,-1,-1,-1,0,-1,-1,HOLE,C hole off-centered by ~ 0.2 mm to the left
25328,08/27,21:32,10.6716,20.0,LH2,-3.642,16.75,2.615,10.305,-1,-1,-1,-1,-1,0,PI+SIDIS,0
25329,08/27,22:06,10.6716,20.0,LH2,-3.642,16.75,2.615,10.305,-1,-1,-1,-1,-1,0,PI+SIDIS,0
25330,08/27,22:39,10.6716,20.0,LH2,-3.642,16.75,2.615,10.305,-1,-1,-1,-1,-1,0,PI+SIDIS,0
25331,08/27,23:11,10.6716,20.0,LH2,-3.642,16.75,2.615,10.305,-1,-1,-1,-1,0,-1,PI+SIDIS,0
25333,08/27,23:15,10.6716,10.0,LH2,-3.642,16.75,2.615,10.305,-1,-1,-1,-1,-1,0,PI+SIDIS,0
25334,08/28,00:15,10.6716,10.0,LH2,-3.642,16.75,2.615,10.305,-1,-1,-1,-1,-1,0,PI+SIDIS,0
25335,08/28,00:55,10.6716,10.0,LH2,-3.642,16.75,2.615,10.305,-1,-1,-1,0,-1,-1,HMSDIS,0
25336,08/28,01:28,10.6716,20.0,Dummy,-3.642,16.75,2.615,10.305,-1,-1,-1,-1,-1,0,PI+SIDIS,0
25337,08/28,02:24,10.6716,20.0,C,-3.642,16.75,2.615,10.305,-1,-1,-1,-1,-1,0,PI+SIDIS,0
25338,08/28,02:55,10.6716,20.0,C,-3.642,16.75,2.615,10.305,-1,-1,-1,-1,-1,0,PI+SIDIS,0
25340,08/28,03:49,10.6716,15.0,Cu,-3.642,16.75,2.615,10.305,-1,-1,-1,-1,-1,0,PI+SIDIS,0
25341,08/28,04:15,10.6716,15.0,Cu,-3.642,16.75,2.615,10.305,-1,-1,-1,-1,-1,0,PI+SIDIS,0
25342,08/28,06:19,10.6716,15.0,Cu,-3.642,16.75,2.615,10.305,-1,-1,-1,-1,-1,0,PI+SIDIS,0
25343,08/28,06:54,10.6716,20.0,Dummy,-3.642,16.75,2.615,10.305,-1,-1,-1,-1,-1,0,PI+SIDIS,0
25344,08/28,07:40,10.6716,9.0,LD2,-3.642,16.75,2.615,10.305,-1,-1,-1,-1,-1,0,PI+SIDIS,0
25345,08/28,08:11,10.6716,9.0,LD2,-3.642,16.75,2.615,10.305,-1,-1,-1,-1,-1,0,PI+SIDIS,"Low LD2 stats, but moving on"
25356,08/28,15:06,10.6716,60.0,LH2,-3.642,16.75,3.632,13.51,-1,-1,-1,-1,-1,0,PI+SIDIS,0
25357,08/28,15:40,10.6716,60.0,LH2,-3.642,16.75,3.632,13.51,-1,-1,-1,-1,-1,0,PI+SIDIS,0
25358,08/28,16:11,10.6716,60.0,LH2,-3.642,16.75,3.632,13.51,-1,-1,-1,-1,0,-1,PI+SIDIS,0
25359,08/28,16:45,10.6716,30.0,LH2,-3.642,16.75,3.632,13.51,-1,-1,-1,-1,-1,0,PI+SIDIS,0
25360,08/28,17:14,10.6716,30.0,LH2,-3.642,16.75,3.632,13.51,-1,-1,-1,-1,-1,0,PI+SIDIS,0
25361,08/28,17:46,10.6716,30.0,LH2,-3.642,16.75,3.632,13.51,-1,-1,-1,1,-1,-1,HMSDIS,0
25363,08/28,18:15,10.6716,45.0,LD2,-3.642,16.75,3.632,13.51,-1,-1,-1,-1,-1,0,PI+SIDIS,0
25364,08/28,18:46,10.6716,45.0,LD2,-3.642,16.75,3.632,13.51,-1,-1,-1,-1,-1,0,PI+SIDIS,0
25365,08/28,19:19,10.6716,22.0,LD2,-3.642,16.75,3.632,13.51,-1,-1,-1,-1,-1,0,PI+SIDIS,0
25366,08/28,19:51,10.6716,22.0,LD2,-3.642,16.75,3.632,13.51,-1,-1,-1,-1,-1,0,PI+SIDIS,0
25367,08/28,20:32,10.6716,22.0,LD2,-3.642,16.75,3.632,13.51,-1,-1,-1,2,-1,-1,HMSDIS,0
25368,08/28,20:57,10.6716,40.0,Dummy,-3.642,16.75,3.632,13.51,-1,-1,-1,-1,-1,0,PI+SIDIS,0
25369,08/28,21:30,10.6716,40.0,Dummy,-3.642,16.75,3.632,13.51,-1,-1,-1,0,-1,-1,HMSDIS,0
25370,08/28,21:49,10.6716,50.0,C,-3.642,16.75,3.632,13.51,-1,-1,-1,-1,-1,0,PI+SIDIS,0
25371,08/28,22:25,10.6716,50.0,C,-3.642,16.75,3.632,13.51,-1,-1,-1,-1,-1,0,PI+SIDIS,0
25372,08/28,22:59,10.6716,50.0,C,-3.642,16.75,3.632,13.51,-1,-1,-1,-1,-1,0,PI+SIDIS,0
25373,08/28,23:33,10.6716,50.0,C,-3.642,16.75,3.632,13.51,-1,-1,-1,2,-1,-1,HMSDIS,0
25374,08/28,23:50,10.6716,60.0,Cu,-3.642,16.75,3.632,13.51,-1,-1,-1,-1,-1,0,PI+SIDIS,0
25375,08/29,00:34,10.6716,60.0,Cu,-3.642,16.75,3.632,13.51,-1,-1,-1,-1,-1,0,PI+SIDIS,0
25376,08/29,01:05,10.6716,60.0,Cu,-3.642,16.75,3.632,13.51,-1,-1,-1,-1,-1,0,PI+SIDIS,0
25378,08/29,01:43,10.6716,60.0,Cu,-3.642,16.75,3.632,13.51,-1,-1,-1,4,-1,-1,HMSDIS,0
25379,08/29,02:22,10.6716,60.0,LD2,-3.642,16.75,3.632,13.51,-1,-1,-1,-1,-1,0,PI+SIDIS,0
25380,08/29,02:59,10.6716,30.0,LD2,-3.642,16.75,3.632,13.51,-1,-1,-1,-1,-1,0,PI+SIDIS,0
25381,08/29,03:41,10.6716,60.0,LH2,-3.642,16.75,3.632,13.51,-1,-1,-1,-1,-1,0,PI+SIDIS,0
25382,08/29,04:19,10.6716,30.0,LH2,-3.642,16.75,3.632,13.51,-1,-1,-1,-1,-1,0,PI+SIDIS,0
25383,08/29,05:06,10.6716,40.0,Dummy,-3.642,16.75,3.632,13.51,-1,-1,-1,-1,-1,0,PI+SIDIS,0
25384,08/29,06:01,10.6716,60.0,LH2,-3.642,16.75,3.632,16.81,-1,-1,-1,-1,-1,0,PI+SIDIS,0
25385,08/29,06:22,10.6716,60.0,LH2,-3.642,16.75,3.632,16.81,-1,-1,-1,-1,-1,0,PI+SIDIS,0
25386,08/29,07:07,10.6716,60.0,LH2,-3.642,16.75,3.632,16.81,-1,-1,-1,-1,-1,0,PI+SIDIS,0
25387,08/29,07:50,10.6716,60.0,LH2,-3.642,16.75,3.632,16.81,-1,-1,-1,-1,0,-1,PI+SIDIS,0
25388,08/29,08:27,10.6716,30.0,LH2,-3.642,16.75,3.632,16.81,-1,-1,-1,-1,-1,0,PI+SIDIS,0
25389,08/29,09:01,10.6716,30.0,LH2,-3.642,16.75,3.632,16.81,-1,-1,-1,-1,-1,0,PI+SIDIS,0
25391,08/29,09:37,10.6716,30.0,LH2,-3.642,16.75,3.632,16.81,-1,-1,-1,2,-1,-1,HMSDIS,0
25394,08/29,10:55,10.6716,40.0,Dummy,-3.642,16.75,3.632,16.81,-1,-1,-1,-1,-1,0,PI+SIDIS,0
25395,08/29,11:26,10.6716,40.0,Dummy,-3.642,16.75,3.632,16.81,-1,-1,-1,-1,-1,0,PI+SIDIS,0
25396,08/29,12:29,10.6716,10.0,LH2,-3.642,16.75,3.632,16.81,-1,-1,-1,0,-1,-1,HMSDIS,"Fan speed scan: 50 Hz, 10 uA"
25397,08/29,12:48,10.6716,20.0,LH2,-3.642,16.75,3.632,16.81,-1,-1,-1,1,-1,-1,HMSDIS,"Fan speed scan: 50 Hz, 20 uA"
25399,08/29,12:57,10.6716,35.0,LH2,-3.642,16.75,3.632,16.81,-1,-1,-1,2,-1,-1,HMSDIS,"Fan speed scan: 50 Hz, 35 uA"
25400,08/29,13:02,10.6716,45.0,LH2,-3.642,16.75,3.632,16.81,-1,-1,-1,3,-1,-1,HMSDIS,"Fan speed scan: 50 Hz, 45 uA"
25401,08/29,13:08,10.6716,60.0,LH2,-3.642,16.75,3.632,16.81,-1,-1,-1,3,-1,-1,HMSDIS,"Fan speed scan: 50 Hz, 60 uA"
25402,08/29,13:15,10.6716,60.0,LH2,-3.642,16.75,3.632,16.81,-1,-1,-1,3,-1,-1,HMSDIS,"Fan speed scan: 43 Hz, 60 uA"
25403,08/29,13:20,10.6716,45.0,LH2,-3.642,16.75,3.632,16.81,-1,-1,-1,3,-1,-1,HMSDIS,"Fan speed scan: 43 Hz, 45 uA"
25404,08/29,13:25,10.6716,35.0,LH2,-3.642,16.75,3.632,16.81,-1,-1,-1,3,-1,-1,HMSDIS,"Fan speed scan: 43 Hz, 35 uA"
25405,08/29,13:32,10.6716,20.0,LH2,-3.642,16.75,3.632,16.81,-1,-1,-1,2,-1,-1,HMSDIS,"Fan speed scan: 43 Hz, 20 uA"
25406,08/29,13:38,10.6716,10.0,LH2,-3.642,16.75,3.632,16.81,-1,-1,-1,0,-1,-1,HMSDIS,"Fan speed scan: 43 Hz, 10 uA"
25407,08/29,13:46,10.6716,10.0,LH2,-3.642,16.75,3.632,16.81,-1,-1,-1,0,-1,-1,HMSDIS,"Fan speed scan: 35 Hz, 10 uA"
25408,08/29,13:53,10.6716,20.0,LH2,-3.642,16.75,3.632,16.81,-1,-1,-1,1,-1,-1,HMSDIS,"Fan speed scan: 35 Hz, 20 uA"
25409,08/29,13:59,10.6716,35.0,LH2,-3.642,16.75,3.632,16.81,-1,-1,-1,2,-1,-1,HMSDIS,"Fan speed scan: 35 Hz, 35 uA"
25410,08/29,14:06,10.6716,45.0,LH2,-3.642,16.75,3.632,16.81,-1,-1,-1,3,-1,-1,HMSDIS,"Fan speed scan: 35 Hz, 45 uA"
25411,08/29,14:12,10.6716,60.0,LH2,-3.642,16.75,3.632,16.81,-1,-1,-1,3,-1,-1,HMSDIS,"Fan speed scan: 35 Hz, 60 uA"
25412,08/29,14:18,10.6716,60.0,LH2,-3.642,16.75,3.632,16.81,-1,-1,-1,3,-1,-1,HMSDIS,"Fan speed scan: 30 Hz, 60 uA"
25413,08/29,14:12,10.6716,45.0,LH2,-3.642,16.75,3.632,16.81,-1,-1,-1,3,-1,-1,HMSDIS,"Fan speed scan: 30 Hz, 45 uA"
25414,08/29,14:24,10.6716,35.0,LH2,-3.642,16.75,3.632,16.81,-1,-1,-1,2,-1,-1,HMSDIS,"Fan speed scan: 30 Hz, 35 uA"
25415,08/29,15:00,10.6716,20.0,LH2,-3.642,16.75,3.632,16.81,-1,-1,-1,1,-1,-1,HMSDIS,"Fan speed scan: 30 Hz, 20 uA"
25416,08/29,15:06,10.6716,10.0,LH2,-3.642,16.75,3.632,16.81,-1,-1,-1,0,-1,-1,HMSDIS,"Fan speed scan: 30 Hz, 10 uA"
25417,08/29,15:12,10.6716,10.0,LH2,-3.642,16.75,3.632,16.81,-1,-1,-1,0,-1,-1,HMSDIS,"Fan speed scan: 25 Hz, 10 uA"
25418,08/29,15:19,10.6716,10.0,LH2,-3.642,16.75,3.632,16.81,-1,-1,-1,1,-1,-1,HMSDIS,"Fan speed scan: 25 Hz, 20 uA"
25420,08/29,15:25,10.6716,10.0,LH2,-3.642,16.75,3.632,16.81,-1,-1,-1,2,-1,-1,HMSDIS,"Fan speed scan: 25 Hz, 35 uA"
25421,08/29,15:32,10.6716,10.0,LH2,-3.642,16.75,3.632,16.81,-1,-1,-1,3,-1,-1,HMSDIS,"Fan speed scan: 25 Hz, 45 uA"
25422,08/29,15:38,10.6716,10.0,LH2,-3.642,16.75,3.632,16.81,-1,-1,-1,3,-1,-1,HMSDIS,"Fan speed scan: 25 Hz, 60 uA"
25423,08/29,16:03,10.6716,60.0,LH2,-3.642,16.75,-3.632,16.81,-1,-1,-1,-1,-1,0,PI-SIDIS,0
25424,08/29,16:36,10.6716,60.0,LH2,-3.642,16.75,-3.632,16.81,-1,-1,-1,-1,-1,0,PI-SIDIS,0
25425,08/29,17:10,10.6716,60.0,LH2,-3.642,16.75,-3.632,16.81,-1,-1,-1,-1,-1,0,PI-SIDIS,0
25426,08/29,17:41,10.6716,60.0,LH2,-3.642,16.75,-3.632,16.81,-1,-1,-1,-1,-1,0,PI-SIDIS,0
25427,08/29,18:12,10.6716,60.0,LH2,-3.642,16.75,-3.632,16.81,-1,-1,-1,-1,-1,0,PI-SIDIS,0
25428,08/29,18:48,10.6716,60.0,LH2,-3.642,16.75,-3.632,16.81,-1,-1,-1,-1,0,-1,PI-SIDIS,0
25429,08/29,19:25,10.6716,30.0,LH2,-3.642,16.75,-3.632,16.81,-1,-1,-1,-1,-1,0,PI-SIDIS,0
25430,08/29,19:57,10.6716,30.0,LH2,-3.642,16.75,-3.632,16.81,-1,-1,-1,-1,-1,0,PI-SIDIS,0
25431,08/29,20:32,10.6716,30.0,LH2,-3.642,16.75,-3.632,16.81,-1,-1,-1,2,-1,-1,HMSDIS,0
25432,08/29,20:57,10.6716,30.0,Dummy,-3.642,16.75,-3.632,16.81,-1,-1,-1,-1,-1,0,PI-SIDIS,0
25433,08/29,21:28,10.6716,30.0,Dummy,-3.642,16.75,-3.632,16.81,-1,-1,-1,-1,-1,0,PI-SIDIS,0
25434,08/29,22:23,10.6716,60.0,LH2,-3.642,16.75,-3.632,13.51,-1,-1,-1,-1,-1,0,PI-SIDIS,0
25435,08/29,22:54,10.6716,60.0,LH2,-3.642,16.75,-3.632,13.51,-1,-1,-1,-1,-1,0,PI-SIDIS,0
25436,08/29,23:29,10.6716,60.0,LH2,-3.642,16.75,-3.632,13.51,-1,-1,-1,-1,-1,0,PI-SIDIS,0
25437,08/30,00:01,10.6716,60.0,LH2,-3.642,16.75,-3.632,13.51,-1,-1,-1,-1,0,-1,PI-SIDIS,0
25438,08/30,00:34,10.6716,30.0,LH2,-3.642,16.75,-3.632,13.51,-1,-1,-1,-1,-1,0,PI-SIDIS,0
25439,08/30,01:05,10.6716,30.0,LH2,-3.642,16.75,-3.632,13.51,-1,-1,-1,-1,-1,0,PI-SIDIS,0
25440,08/30,01:40,10.6716,40.0,Dummy,-3.642,16.75,-3.632,13.51,-1,-1,-1,-1,-1,0,PI-SIDIS,0
25441,08/30,02:19,10.6716,40.0,Dummy,-3.642,16.75,-3.632,13.51,-1,-1,-1,-1,-1,0,PI-SIDIS,0
25442,08/30,03:00,10.6716,60.0,LH2,-3.642,16.75,-3.632,13.51,-1,-1,-1,-1,-1,0,PI-SIDIS,0
25443,08/30,04:00,10.6716,30.0,LD2,-3.642,16.75,-3.632,10.31,-1,-1,-1,-1,-1,0,PI-SIDIS,0
25444,08/30,04:31,10.6716,30.0,LD2,-3.642,16.75,-3.632,10.31,-1,-1,-1,-1,-1,0,PI-SIDIS,0
25445,08/30,05:02,10.6716,30.0,LD2,-3.642,16.75,-3.632,10.31,-1,-1,-1,-1,-1,0,PI-SIDIS,0
25446,08/30,05:34,10.6716,15.0,LD2,-3.642,16.75,-3.632,10.31,-1,-1,-1,-1,-1,0,PI-SIDIS,0
25447,08/30,06:05,10.6716,15.0,LD2,-3.642,16.75,-3.632,10.31,-1,-1,-1,-1,-1,0,PI-SIDIS,0
25448,08/30,06:45,10.6716,50.0,LH2,-3.642,16.75,-3.632,10.31,-1,-1,-1,-1,-1,0,PI-SIDIS,0
25449,08/30,07:16,10.6716,50.0,LH2,-3.642,16.75,-3.632,10.31,-1,-1,-1,-1,-1,0,PI-SIDIS,0
25450,08/30,07:47,10.6716,50.0,LH2,-3.642,16.75,-3.632,10.31,-1,-1,-1,-1,-1,0,PI-SIDIS,0
25451,08/30,08:21,10.6716,25.0,LH2,-3.642,16.75,-3.632,10.31,-1,-1,-1,-1,-1,0,PI-SIDIS,0
25452,08/30,08:52,10.6716,25.0,LH2,-3.642,16.75,-3.632,10.31,-1,-1,-1,-1,-1,0,PI-SIDIS,0
25453,08/30,09:33,10.6716,40.0,Dummy,-3.642,16.75,-3.632,10.31,-1,-1,-1,-1,-1,0,PI-SIDIS,0
25455,08/30,10:52,10.6716,45.0,LH2,3.642,16.75,-3.632,10.31,-1,-1,-1,-1,-1,0,PI-SIDIS,HMS DI curr fluctuated by ~2A
25456,08/30,11:16,10.6716,45.0,LH2,3.642,16.75,-3.632,10.31,-1,-1,-1,2,-1,-1,HMSDIS,0
25457,08/30,11:32,10.6716,45.0,LH2,3.642,16.75,-3.632,10.31,-1,-1,-1,-1,-1,0,PI-SIDIS,0
25459,08/30,12:26,10.6716,35.0,Cu,3.642,16.75,-3.632,10.31,-1,-1,-1,-1,-1,0,PI-SIDIS,0
25461,08/30,13:12,10.6716,50.0,Cu,3.642,16.75,-3.632,10.31,-1,-1,-1,3,-1,-1,HMSDIS,0
25462,08/30,13:40,10.6716,60.0,LH2,3.642,16.75,-3.632,13.515,-1,-1,-1,-1,-1,0,PI-SIDIS,0
25463,08/30,14:28,10.6716,60.0,LH2,3.642,16.75,-3.632,16.81,-1,-1,-1,-1,-1,0,PI-SIDIS,0
25464,08/30,15:47,10.6716,60.0,LH2,3.642,16.75,3.632,16.81,-1,-1,-1,-1,-1,0,PI+SIDIS,change to pi+
25465,08/30,16:38,10.6716,60.0,LH2,3.642,16.75,3.632,13.61,-1,-1,-1,-1,-1,0,PI+SIDIS,"SHMS at wrong angle, but whatevs"
25466,08/30,17:27,10.6716,60.0,Cu,3.642,16.75,3.632,13.61,-1,-1,-1,-1,-1,0,PI+SIDIS,"SHMS at wrong angle, but whatevs"
25467,08/30,18:07,10.6716,60.0,LH2,3.642,16.75,3.632,10.315,-1,-1,-1,-1,-1,0,PI+SIDIS,0
25468,08/30,18:58,10.6716,45.0,Cu,3.642,16.75,3.632,10.315,-1,-1,-1,-1,-1,0,PI+SIDIS,0
25469,08/30,19:37,10.6716,18.0,Cu,3.642,16.75,2.615,10.315,-1,-1,-1,-1,-1,0,PI+SIDIS,0
25470,08/30,20:09,10.6716,18.0,Cu,3.642,16.75,2.615,10.315,-1,-1,-1,1,-1,-1,HMSDIS,0
25471,08/30,20:28,10.6716,18.0,C,3.642,16.75,2.615,10.315,-1,-1,-1,1,-1,-1,HMSDIS,0
25472,08/30,20:45,10.6716,18.0,Al,3.642,16.75,2.615,10.315,-1,-1,-1,1,-1,-1,HMSDIS,0
25473,08/30,21:13,10.6716,10.0,LD2,3.642,16.75,2.615,10.315,-1,-1,-1,1,-1,-1,HMSDIS,0
25474,08/30,21:32,10.6716,18.0,LH2,3.642,16.75,2.615,10.315,-1,-1,-1,-1,-1,0,PI+SIDIS,SHMS magnets interlocked ~10s before run stop!
25475,08/31,01:39,10.6716,40.0,Dummy,4.72,26.395,-6.72,18.56,-1,-1,-1,-1,0,-1,SHMSHEEP,0
25476,08/31,02:20,10.6716,50.0,LH2,4.72,26.395,-6.72,18.56,-1,-1,-1,-1,0,-1,SHMSHEEP,0
25477,08/31,03:03,10.6716,50.0,LH2,4.72,26.395,-6.384,18.56,-1,-1,-1,-1,0,-1,SHMSHEEP,0
25478,08/31,03:41,10.6716,50.0,LH2,4.72,26.395,-6.605,18.56,-1,-1,-1,-1,0,-1,SHMSHEEP,0
25479,08/31,04:20,10.6716,50.0,LH2,4.72,26.395,-5.712,18.56,-1,-1,-1,-1,0,-1,SHMSHEEP,0
25480,08/31,04:59,10.6716,50.0,LH2,4.72,26.395,-5.376,18.56,-1,-1,-1,-1,0,-1,SHMSHEEP,0
25481,08/31,05:37,10.6716,50.0,LH2,4.72,26.395,-5.04,18.56,-1,-1,-1,-1,0,-1,SHMSHEEP,0
25482,08/31,06:10,10.6716,50.0,LH2,4.72,26.395,-5.04,18.56,-1,-1,-1,-1,0,-1,SHMSHEEP,0
25483,08/31,06:25,10.6716,50.0,LH2,4.72,26.395,-4.704,18.56,-1,-1,-1,-1,0,-1,SHMSHEEP,0
25484,08/31,09:14,10.6716,30.0,LD2,-3.642,16.755,-3.632,10.31,-1,-1,-1,-1,-1,0,PI-SIDIS,0
25485,08/31,09:45,10.6716,30.0,LD2,-3.642,16.755,-3.632,10.31,-1,-1,-1,-1,-1,0,PI-SIDIS,0
25486,08/31,10:15,10.6716,30.0,LD2,-3.642,16.755,-3.632,10.31,-1,-1,-1,-1,-1,0,PI-SIDIS,0
25487,08/31,10:48,10.6716,30.0,LD2,-3.642,16.755,-3.632,10.31,-1,-1,-1,-1,-1,0,PI-SIDIS,SHMS Q2 tripped ~1min before run stop!
25488,08/31,11:53,10.6716,30.0,LD2,-3.642,16.755,-3.632,10.31,-1,-1,-1,-1,-1,0,PI-SIDIS,0
25489,08/31,12:25,10.6716,30.0,LD2,-3.642,16.755,-3.632,10.31,-1,-1,-1,-1,-1,0,PI-SIDIS,0
25490,08/31,13:00,10.6716,30.0,LD2,-3.642,16.755,-3.632,10.31,-1,-1,-1,-1,-1,0,PI-SIDIS,0
25491,08/31,13:32,10.6716,50.0,LH2,-3.642,16.755,-3.632,10.31,-1,-1,-1,-1,-1,0,PI-SIDIS,0
25492,08/31,14:02,10.6716,50.0,LH2,-3.642,16.755,-3.632,10.31,-1,-1,-1,-1,-1,0,PI-SIDIS,0
25493,08/31,14:33,10.6716,50.0,LH2,-3.642,16.755,-3.632,10.31,-1,-1,-1,-1,-1,0,PI-SIDIS,0
25494,08/31,15:03,10.6716,50.0,LH2,-3.642,16.755,-3.632,10.31,-1,-1,-1,-1,-1,0,PI-SIDIS,0
25495,08/31,15:30,10.6716,50.0,LH2,-3.642,16.755,-3.632,10.31,-1,-1,-1,-1,-1,0,PI-SIDIS,0
25496,08/31,16:06,10.6716,25.0,LH2,-3.642,16.755,-3.632,10.31,-1,-1,-1,-1,-1,0,PI-SIDIS,0
25497,08/31,16:38,10.6716,25.0,LH2,-3.642,16.755,-3.632,10.31,-1,-1,-1,-1,-1,0,PI-SIDIS,0
25498,08/31,17:16,10.6716,40.0,Dummy,-3.642,16.755,-3.632,10.31,-1,-1,-1,-1,-1,0,PI-SIDIS,0
25499,08/31,17:57,10.6716,14.0,LD2,-3.642,16.755,-3.632,8.11,-1,-1,-1,-1,-1,0,PI-SIDIS,0
25500,08/31,18:28,10.6716,14.0,LD2,-3.642,16.755,-3.632,8.11,-1,-1,-1,-1,-1,0,PI-SIDIS,0
25501,08/31,18:59,10.6716,14.0,LD2,-3.642,16.755,-3.632,8.11,-1,-1,-1,-1,-1,0,PI-SIDIS,0
25502,08/31,19:32,10.6716,14.0,LD2,-3.642,16.755,-3.632,8.11,-1,-1,-1,-1,-1,0,PI-SIDIS,0
25503,08/31,20:08,10.6716,14.0,LD2,-3.642,16.755,-3.632,8.11,-1,-1,-1,-1,-1,0,PI-SIDIS,0
25504,08/31,20:39,10.6716,7.0,LD2,-3.642,16.755,-3.632,8.11,-1,-1,-1,-1,-1,0,PI-SIDIS,0
25505,08/31,21:11,10.6716,7.0,LD2,-3.642,16.755,-3.632,8.11,-1,-1,-1,-1,-1,0,PI-SIDIS,0
25506,08/31,21:48,10.6716,30.0,LH2,-3.642,16.755,-3.632,8.11,-1,-1,-1,-1,-1,0,PI-SIDIS,0
25507,08/31,22:19,10.6716,30.0,LH2,-3.642,16.755,-3.632,8.11,-1,-1,-1,-1,-1,0,PI-SIDIS,0
25508,08/31,22:56,10.6716,30.0,LH2,-3.642,16.755,-3.632,8.11,-1,-1,-1,-1,-1,0,PI-SIDIS,0
25509,08/31,23:27,10.6716,30.0,LH2,-3.642,16.755,-3.632,8.11,-1,-1,-1,-1,-1,0,PI-SIDIS,0
25510,08/31,23:57,10.6716,30.0,LH2,-3.642,16.755,-3.632,8.11,-1,-1,-1,-1,-1,0,PI-SIDIS,Run ended early for MCC to bring beam back to Hall B
25511,09/01,00:34,10.6716,30.0,LH2,-3.642,16.755,-3.632,8.11,-1,-1,-1,-1,-1,0,PI-SIDIS,0
25512,09/01,00:47,10.6716,15.0,LH2,-3.642,16.755,-3.632,8.11,-1,-1,-1,-1,-1,0,PI-SIDIS,0
25513,09/01,01:18,10.6716,15.0,LH2,-3.642,16.755,-3.632,8.11,-1,-1,-1,-1,-1,0,PI-SIDIS,0
25514,09/01,01:58,10.6716,20.0,Dummy,-3.642,16.755,-3.632,8.11,-1,-1,-1,-1,-1,0,PI-SIDIS,0
25515,09/01,02:40,10.6716,20.0,LD2,-3.642,16.755,-3.632,8.11,-1,-1,-1,-1,-1,0,PI-SIDIS,0
25516,09/01,02:44,10.6716,20.0,LD2,-3.642,16.755,-3.632,8.11,-1,-1,-1,-1,-1,0,PI-SIDIS,HMS Q3 tripped ~3mins before run stop!
25517,09/01,06:32,10.6716,13.0,LD2,-3.642,16.755,-3.632,8.11,-1,-1,-1,-1,-1,0,PI-SIDIS,0
25518,09/01,07:02,10.6716,13.0,LD2,-3.642,16.755,-3.632,8.11,-1,-1,-1,-1,-1,0,PI-SIDIS,0
25519,09/01,07:34,10.6716,13.0,LD2,-3.642,16.755,-3.632,8.11,-1,-1,-1,-1,-1,0,PI-SIDIS,0
25520,09/01,08:05,10.6716,13.0,LD2,-3.642,16.755,-3.632,8.11,-1,-1,-1,-1,-1,0,PI-SIDIS,0
25521,09/01,11:06,10.6716,50.0,Optics1,-6.358,16.755,-6.358,13.505,-1,0,-1,0,-1,-1,OPTICS,"HMS angle camera stuck, angle might be wrong"
25522,09/01,11:36,10.6716,50.0,Optics1,-6.358,16.755,-6.358,13.505,-1,0,-1,0,-1,-1,OPTICS,"HMS angle camera stuck, angle might be wrong"
25523,09/01,12:26,10.6716,60.0,C,-6.358,16.755,-6.358,13.505,-1,1,-1,1,-1,-1,OPTICS,"HMS angle camera stuck, angle might be wrong"
25524,09/01,12:57,10.6716,60.0,C,-6.358,16.755,-6.358,13.505,-1,1,-1,1,-1,-1,OPTICS,"HMS angle camera stuck, angle might be wrong"
25525,09/01,13:40,10.6716,60.0,C,-5.983,16.755,-5.983,13.505,-1,1,-1,1,-1,-1,OPTICS,"HMS angle camera stuck, angle might be wrong"
25526,09/01,14:10,10.6716,60.0,C,-5.983,16.755,-5.983,13.505,-1,1,-1,1,-1,-1,OPTICS,"HMS angle camera stuck, angle might be wrong"
25527,09/01,14:47,10.6716,50.0,Optics1,-5.983,16.755,-5.983,13.505,-1,0,-1,0,-1,-1,OPTICS,0
25528,09/01,15:20,10.6716,50.0,Optics1,-5.983,16.755,-5.983,13.505,-1,0,-1,0,-1,-1,OPTICS,0
25529,09/01,16:06,10.6716,50.0,Optics1,-5.27,16.755,-5.27,13.505,-1,0,-1,0,-1,-1,OPTICS,0
25530,09/01,16:39,10.6716,50.0,Optics1,-5.27,16.755,-5.27,13.505,-1,0,-1,0,-1,-1,OPTICS,0
25532,09/01,18:09,10.6716,30.0,LH2,-3.642,16.755,-3.632,8.11,-1,-1,-1,-1,-1,0,PI-SIDIS,0
25533,09/01,18:40,10.6716,30.0,LH2,-3.642,16.755,-3.632,8.11,-1,-1,-1,-1,-1,0,PI-SIDIS,Short run ~ 20 minutes of beam time
25534,09/01,19:19,10.6716,30.0,LH2,-3.642,16.755,-3.632,8.11,-1,-1,-1,-1,-1,0,PI-SIDIS,0
25536,09/01,20:04,10.6716,30.0,LH2,-3.642,16.755,-3.632,8.11,-1,-1,-1,-1,-1,0,PI-SIDIS,"Another short run, only 10 minutes before beam tripped"
25538,09/01,22:14,10.6716,30.0,LH2,-3.642,16.755,-3.632,8.11,-1,-1,-1,-1,-1,0,PI-SIDIS,0
25539,09/01,23:29,10.6716,22.0,LH2,-3.642,16.755,3.632,8.11,-1,-1,-1,-1,-1,0,PI+SIDIS,0
25540,09/01,23:56,10.6716,22.0,LH2,-3.642,16.755,3.632,8.11,-1,-1,-1,-1,-1,0,PI+SIDIS,0
25541,09/02,00:28,10.6716,22.0,LH2,-3.642,16.755,3.632,8.11,-1,-1,-1,-1,-1,0,PI+SIDIS,0
25542,09/02,01:00,10.6716,22.0,LH2,-3.642,16.755,3.632,8.11,-1,-1,-1,-1,-1,0,PI+SIDIS,0
25543,09/02,01:31,10.6716,22.0,LH2,-3.642,16.755,3.632,8.11,-1,-1,-1,-1,-1,0,PI+SIDIS,0
25544,09/02,02:02,10.6716,22.0,LH2,-3.642,16.755,3.632,8.11,-1,-1,-1,-1,-1,0,PI+SIDIS,0
25545,09/02,02:34,10.6716,22.0,LH2,-3.642,16.755,3.632,8.11,-1,-1,-1,-1,-1,0,PI+SIDIS,0
25546,09/02,03:21,10.6716,30.0,Dummy,-3.642,16.755,3.632,8.11,-1,-1,-1,-1,-1,0,PI+SIDIS,0
25547,09/02,04:21,10.6716,22.0,LH2,-3.642,16.755,3.632,8.11,-1,-1,-1,-1,-1,0,PI+SIDIS,0
25548,09/02,04:44,10.6716,22.0,LH2,-3.642,16.755,3.632,8.11,-1,-1,-1,-1,-1,0,PI+SIDIS,0
25550,09/02,21:00,2.231,10.0,LH2,-2.257,19.0,-2.36,18.5,-1,-1,-1,3,-1,-1,HMSHEE,0
25551,09/02,21:20,2.231,10.0,LH2,-2.237,19.0,-2.36,18.5,-1,-1,-1,3,-1,-1,HMSHEE,0
25552,09/02,21:36,2.231,10.0,LH2,-2.218,19.0,-2.36,18.5,-1,-1,-1,4,-1,-1,HMSHEE,0
25554,09/02,21:57,2.231,10.0,LH2,-2.198,19.0,-2.36,18.5,-1,-1,-1,4,-1,-1,HMSHEE,0
25555,09/02,22:08,2.231,10.0,LH2,-2.178,19.0,-2.36,18.5,-1,-1,-1,5,-1,-1,HMSHEE,0
25556,09/02,22:20,2.231,10.0,LH2,-2.158,19.0,-2.36,18.5,-1,-1,-1,5,-1,-1,HMSHEE,0
25557,09/02,22:32,2.231,10.0,LH2,-2.138,19.0,-2.36,18.5,-1,-1,-1,5,-1,-1,HMSHEE,0
25558,09/02,22:48,2.231,10.0,LH2,-1.98,19.0,-2.36,18.5,-1,-1,-1,5,-1,-1,HMSHEE,0
25560,09/02,23:16,2.231,10.0,Dummy,-1.98,19.0,-2.36,18.5,-1,-1,-1,4,-1,-1,HMSHEE,0
25562,09/02,23:43,2.231,10.0,LH2,-1.822,19.0,-2.36,18.5,-1,-1,-1,6,-1,-1,HMSHEE,0
25563,09/02,23:54,2.231,10.0,LH2,-1.802,19.0,-2.36,18.5,-1,-1,-1,6,-1,-1,HMSHEE,Prescales not noted on the runsheets!!! Assuming PS4 = 6
25564,09/03,00:07,2.231,10.0,LH2,-1.782,19.0,-2.36,18.5,-1,-1,-1,6,-1,-1,HMSHEE,0
25565,09/03,00:20,2.231,10.0,LH2,-1.762,19.0,-2.36,18.5,-1,-1,-1,6,-1,-1,HMSHEE,0
25566,09/03,00:30,2.231,10.0,LH2,-1.742,19.0,-2.36,18.5,-1,-1,-1,6,-1,-1,HMSHEE,0
25567,09/03,00:42,2.231,10.0,LH2,-1.723,19.0,-2.36,18.5,-1,-1,-1,6,-1,-1,HMSHEE,0
25573,09/03,01:55,2.231,10.0,LH2,-1.723,19.0,-2.36,18.5,-1,5,-1,-1,-1,-1,SHMSHEE,Shift summary indicates this run is ok.
25574,09/03,02:03,2.231,10.0,LH2,-1.723,19.0,-2.32,18.5,-1,5,-1,-1,-1,-1,SHMSHEE,0
25575,09/03,02:12,2.231,10.0,LH2,-1.723,19.0,-2.28,18.5,-1,5,-1,-1,-1,-1,SHMSHEE,0
25576,09/03,02:20,2.231,10.0,LH2,-1.723,19.0,-2.24,18.5,-1,5,-1,-1,-1,-1,SHMSHEE,0
25577,09/03,02:29,2.231,10.0,LH2,-1.723,19.0,-2.2,18.5,-1,5,-1,-1,-1,-1,SHMSHEE,0
25578,09/03,02:38,2.231,10.0,LH2,-1.723,19.0,-2.0,18.5,-1,5,-1,-1,-1,-1,SHMSHEE,0
25579,09/03,03:08,2.231,10.0,Dummy,-1.723,19.0,-2.0,18.5,-1,5,-1,-1,-1,-1,SHMSHEE,0
25580,09/03,03:23,2.231,10.0,LH2,-1.723,19.0,-1.64,18.5,-1,5,-1,-1,-1,-1,SHMSHEE,0
25581,09/03,03:30,2.231,10.0,LH2,-1.723,19.0,-1.6,18.5,-1,6,-1,-1,-1,-1,SHMSHEE,0
25582,09/03,03:39,2.231,10.0,LH2,-1.723,19.0,-1.56,18.5,-1,6,-1,-1,-1,-1,SHMSHEE,0
25583,09/03,03:51,2.231,10.0,LH2,-1.723,19.0,-1.52,18.5,-1,6,-1,-1,-1,-1,SHMSHEE,0
25584,09/03,04:02,2.231,10.0,LH2,-1.723,19.0,-1.48,18.5,-1,6,-1,-1,-1,-1,SHMSHEE,0
25585,09/03,04:12,2.231,10.0,LH2,-1.723,19.0,-1.44,18.5,-1,5,-1,-1,-1,-1,SHMSHEE,0
25586,09/03,04:19,2.231,10.0,LH2,-1.723,19.0,-1.4,18.5,-1,5,-1,-1,-1,-1,SHMSHEE,0
25587,09/03,04:26,2.231,10.0,LH2,-1.723,19.0,-1.36,18.5,-1,5,-1,-1,-1,-1,SHMSHEE,0
25588,09/03,04:33,2.231,10.0,LH2,-1.723,19.0,-1.32,18.5,-1,5,-1,-1,-1,-1,SHMSHEE,0
25589,09/03,04:41,2.231,10.0,LH2,-1.723,19.0,-1.28,18.5,-1,5,-1,-1,-1,-1,SHMSHEE,0
25590,09/03,05:12,2.231,10.0,LH2,-1.723,19.0,-2.34,18.5,-1,0,-1,-1,-1,-1,SHMSHEE,0
25591,09/03,05:19,2.231,10.0,LH2,-1.723,19.0,-2.3,18.5,-1,0,-1,-1,-1,-1,SHMSHEE,0
25592,09/03,05:26,2.231,10.0,LH2,-1.723,19.0,-2.26,18.5,-1,0,-1,-1,-1,-1,SHMSHEE,SHMS mom changed ~13s before run stop!
25593,09/03,05:34,2.231,10.0,LH2,-1.723,19.0,-2.22,18.5,-1,0,-1,-1,-1,-1,SHMSHEE,0
25594,09/03,05:41,2.231,10.0,LH2,-1.723,19.0,-2.18,18.5,-1,0,-1,-1,-1,-1,SHMSHEE,0
25595,09/03,05:49,2.231,10.0,LH2,-1.723,19.0,-2.14,18.5,-1,0,-1,-1,-1,-1,SHMSHEE,SHMS mom changed ~6s before run stop!
25596,09/03,05:57,2.231,10.0,LH2,-1.723,19.0,-2.1,18.5,-1,0,-1,-1,-1,-1,SHMSHEE,0
25597,09/03,06:05,2.231,10.0,LH2,-1.723,19.0,-2.06,18.5,-1,0,-1,-1,-1,-1,SHMSHEE,0
25598,09/03,06:12,2.231,10.0,LH2,-1.723,19.0,-2.02,18.5,-1,0,-1,-1,-1,-1,SHMSHEE,0
25599,09/03,06:25,2.231,10.0,LH2,-1.723,19.0,-1.98,18.5,-1,0,-1,-1,-1,-1,SHMSHEE,0
25600,09/03,06:32,2.231,10.0,LH2,-1.723,19.0,-1.94,18.5,-1,0,-1,-1,-1,-1,SHMSHEE,0
25601,09/03,06:39,2.231,10.0,LH2,-1.723,19.0,-1.9,18.5,-1,0,-1,-1,-1,-1,SHMSHEE,SHMS mom changed ~12s before run stop!
25602,09/03,06:46,2.231,10.0,LH2,-1.723,19.0,-1.86,18.5,-1,0,-1,-1,-1,-1,SHMSHEE,0
25603,09/03,06:52,2.231,10.0,LH2,-1.723,19.0,-1.82,18.5,-1,0,-1,-1,-1,-1,SHMSHEE,0
