run,ebeam,target,hms_p,hms_th,shms_p,shms_th,run_type,x,Q2,z,thpq,BCM1_Q,BCM1_I,BCM2_Q,BCM2_I,BCM4A_Q,BCM4A_I,BCM4B_Q,BCM4B_I,BCM4C_Q,BCM4C_I,h_esing_Eff,h_hadron_Eff,p_esing_Eff,p_hadron_Eff,ps1,ps2,ps3,ps4,ps5,ps6,comp_livetime,electr_livetime,coin,ransubcoin,ransubcoin_err,normyield,normyield_err,ctmean,ctsigma,boil_corr,IHWP,BCM2_Q_hp,BCM2_Q_hm,coinblock_ratio,h_EL_CLEAN,p_EL_CLEAN
23839,8.5831,LH2,2.28,42.0,-7.07,12.465,SHMSHEEP,-999,-999,-999,-999,-1.233,-0.411,14.712,4.905,17.341,5.782,14.708,4.904,14.552,4.852,0.0,0.9986,0.9948,0.8453,-1.0,-1.0,-1.0,-1.0,1.0,-1.0,0.99997,0.999997,-999,-999,-999,-999,-999,-999,-999,1.001851,OUT,4.9999999999999994e+75,-4.9999999999999994e+75,-999,178.0,8756144.0
23840,8.5831,LH2,2.28,42.0,-7.07,12.465,SHMSHEEP,-999,-999,-999,-999,7.817,3.859,46.392,22.903,41.719,20.597,46.679,23.045,46.377,22.896,0.0,0.9984,0.9939,0.8116,-1.0,-1.0,-1.0,-1.0,1.0,-1.0,0.99975,0.999986,-999,-999,-999,-999,-999,-999,-999,1.008663,OUT,4.9999999999999994e+75,-4.9999999999999994e+75,-999,438.0,27495698.0
23841,8.5831,LH2,2.28,42.0,-7.07,12.465,SHMSHEEP,-999,-999,-999,-999,11.85,25.178,11.859,25.197,10.394,22.083,11.94,25.368,11.852,25.182,0.0,0.9982,0.9938,0.8394,-1.0,-1.0,-1.0,-1.0,1.0,-1.0,0.9997,0.999985,-999,-999,-999,-999,-999,-999,-999,1.009465,OUT,4.9999999999999994e+75,-4.9999999999999994e+75,-999,137.0,7025164.0
23842,8.5831,LH2,2.28,42.0,-7.07,12.465,SHMSHEEP,-999,-999,-999,-999,20.232,22.824,20.264,22.86,20.037,22.605,20.463,23.086,20.31,22.912,0.0,0.9982,0.9927,0.8246,-1.0,-1.0,-1.0,-1.0,1.0,-1.0,0.99983,0.999981,-999,-999,-999,-999,-999,-999,-999,-999,OUT,4.9999999999999994e+75,-4.9999999999999994e+75,-999,181.0,11979603.0
23844,8.5831,LH2,2.28,42.0,-7.07,12.465,SHMSHEEP,-999,-999,-999,-999,38.748,28.722,38.751,28.725,36.704,27.207,39.047,28.944,38.73,28.709,0.0,0.9986,0.9931,0.8278,-1.0,-1.0,-1.0,-1.0,1.0,-1.0,1.0,0.999982,-999,-999,-999,-999,-999,-999,-999,-999,OUT,4.9999999999999994e+75,-4.9999999999999994e+75,-999,357.0,22927047.0
23845,8.5831,LH2,2.28,42.0,-7.07,12.465,SHMSHEEP,-999,-999,-999,-999,34.657,28.744,34.676,28.759,33.491,27.777,34.936,28.975,34.638,28.728,0.0,0.9982,0.9931,0.8339,-1.0,-1.0,-1.0,-1.0,1.0,-1.0,0.99987,0.999981,-999,-999,-999,-999,-999,-999,-999,1.0116,OUT,4.9999999999999994e+75,-4.9999999999999994e+75,-999,350.0,20503271.0
23846,8.5831,LH2,2.28,42.0,-7.07,12.465,SHMSHEEP,-999,-999,-999,-999,45.918,30.193,45.926,30.198,45.8,30.115,46.305,30.447,45.9,30.181,0.0,0.9985,0.993,0.8202,-1.0,-1.0,-1.0,-1.0,1.0,-1.0,0.99989,0.999977,-999,-999,-999,-999,-999,-999,-999,1.012695,OUT,4.9999999999999994e+75,-4.9999999999999994e+75,-999,447.0,27076171.0
23847,8.5831,LH2,2.28,42.0,-7.07,12.465,SHMSHEEP,-999,-999,-999,-999,35.597,30.798,35.613,30.812,34.279,29.657,35.849,31.016,35.523,30.734,0.0,0.9987,0.9924,0.8347,-1.0,-1.0,-1.0,-1.0,1.0,-1.0,0.99982,0.999975,-999,-999,-999,-999,-999,-999,-999,1.012634,OUT,4.9999999999999994e+75,-4.9999999999999994e+75,-999,346.0,20994265.0
23848,8.5831,LH2,2.28,42.0,-7.07,12.465,SHMSHEEP,-999,-999,-999,-999,28.153,23.391,28.186,23.417,30.568,25.397,28.41,23.604,28.178,23.411,0.0,0.9988,0.9928,0.8314,-1.0,-1.0,-1.0,-1.0,1.0,-1.0,0.99987,0.999975,-999,-999,-999,-999,-999,-999,-999,1.009027,OUT,4.9999999999999994e+75,-4.9999999999999994e+75,-999,265.0,16650335.0
23849,8.5831,LH2,3.75,29.99,-5.67,19.34,SHMSHEEP,-999,-999,-999,-999,45.098,32.872,45.075,32.855,41.038,29.912,45.244,32.978,44.806,32.659,0.0,0.9981,0.9915,0.9079,-1.0,-1.0,-1.0,-1.0,1.0,-1.0,0.99995,0.999998,-999,-999,-999,-999,-999,-999,-999,1.01323,OUT,4.9999999999999994e+75,-4.9999999999999994e+75,-999,335.0,996199.0
23850,8.5831,LH2,3.75,29.99,-5.67,19.34,SHMSHEEP,-999,-999,-999,-999,52.004,41.482,51.993,41.473,46.14,36.805,52.255,41.683,51.757,41.286,0.0,0.9977,0.9912,0.9474,-1.0,-1.0,-1.0,-1.0,1.0,-1.0,1.0,0.999997,-999,-999,-999,-999,-999,-999,-999,1.015826,OUT,4.9999999999999994e+75,-4.9999999999999994e+75,-999,398.0,1146164.0
23851,8.5831,LH2,3.75,29.99,-5.67,19.34,SHMSHEEP,-999,-999,-999,-999,57.088,41.932,57.097,41.939,50.983,37.449,57.384,42.15,56.814,41.732,0.0,0.9985,0.9916,0.9182,-1.0,-1.0,-1.0,-1.0,1.0,-1.0,0.99996,0.999997,-999,-999,-999,-999,-999,-999,-999,1.016387,OUT,4.9999999999999994e+75,-4.9999999999999994e+75,-999,422.0,1259265.0
23853,8.5831,LH2,-4.5,14.0,-4.5,13.995,HMSDIS,-999,-999,-999,-999,22812.891,46.34,22859.01,46.434,-3.792,-0.008,22904.845,46.527,22735.747,46.183,0.9989,0.98,-999,-999,-1.0,-1.0,17.0,-1.0,-1.0,-1.0,0.99854,0.996262,-999,-999,-999,380.042,0.532315,-999,-999,1.022398,OUT,-999,-999,-999,13748785.0,14288296.0
23855,8.5831,LH2,-4.5,14.0,-4.5,13.995,HMSDIS,-999,-999,-999,-999,18032.971,29.985,18045.1,30.005,-4.634,-0.008,17887.759,29.743,17913.157,29.785,0.9991,0.9671,-999,-999,-1.0,-1.0,-1.0,9.0,-1.0,-1.0,0.99855,0.996917,-999,-999,-999,381.572,0.436757,-999,-999,1.012658,OUT,-999,-999,-999,10923861.0,11881834.0
23856,8.5831,LH2,-4.5,14.0,-4.5,13.995,SHMSDIS,-999,-999,-999,-999,55747.867,36.603,55784.74,36.627,-11.746,-0.008,55499.255,36.44,55271.696,36.29,-999,-999,0.9894,0.9728,65.0,-1.0,-1.0,-1.0,-1.0,-1.0,0.99973,0.996793,-999,-999,-999,-42984.4,-71.1489,-999,-999,1.016093,OUT,-999,-999,-999,33738849.0,27998863.0
23857,8.5831,LH2,-4.5,14.0,-4.5,13.995,HMSDIS,-999,-999,-999,-999,31137.68,37.324,31138.164,37.325,3368.127,4.037,30992.579,37.15,30862.613,36.995,0.999,0.98,-999,-999,-1.0,-1.0,17.0,-1.0,-1.0,-1.0,0.99882,0.99681,-999,-999,-999,381.391,0.456812,-999,-999,1.017278,OUT,-999,-999,-999,18787963.0,14503578.0
23858,8.5831,LH2,-4.5,14.0,-4.5,13.995,HMSDIS,-999,-999,-999,-999,40117.294,40.072,40108.951,40.064,-7.721,-0.008,12715.671,12.701,39673.515,39.629,0.9989,0.981,-999,-999,-1.0,-1.0,17.0,-1.0,-1.0,-1.0,0.99885,0.996754,-999,-999,-999,383.527,0.403637,-999,-999,1.015321,OUT,-999,-999,-999,5328031.0,26498511.0
23859,8.5831,LH2,-4.5,14.0,-4.5,13.995,HMSDIS,-999,-999,-999,-999,51911.681,36.347,51902.89,36.341,17904.932,12.537,50403.661,35.291,51485.888,36.049,0.999,0.9664,-999,-999,-1.0,-1.0,-1.0,9.0,-1.0,-1.0,0.99897,0.997021,-999,-999,-999,382.395,0.257764,-999,-999,1.016441,OUT,-999,-999,-999,31444121.0,34239186.0
23860,8.5831,Dummy,-4.5,14.0,-4.5,13.995,HMSDIS,-999,-999,-999,-999,41492.132,22.63,41512.801,22.641,41236.813,22.49,41150.089,22.443,41201.828,22.471,0.9993,0.9732,-999,-999,-1.0,-1.0,-1.0,9.0,-1.0,-1.0,0.9994,0.998276,-999,-999,-999,271.196,0.242635,-999,-999,1.0,OUT,-999,-999,-999,17846870.0,20226146.0
23861,8.5831,LH2,-1.531,29.045,-3.632,11.07,PI-SIDIS,0.25,3.3,0.5,5.2,88.292,39.956,88.331,39.974,88.284,39.952,88.023,39.834,88.22,39.923,0.9998,0.9991,0.9751,0.9675,-1.0,-1.0,-1.0,-1.0,-1.0,1.0,0.99996,0.999825,1628.0,1230.0,41.1623,14.3962,0.481771,51.1583,0.37983,1.016121,OUT,17290.45887,17297.91813,-999,1753849.0,162776191.0
23862,8.5831,LD2,-1.531,29.045,-3.632,11.07,PI-SIDIS,0.25,3.3,0.5,5.2,41.836,23.094,41.866,23.111,41.801,23.075,41.661,22.997,41.785,23.066,0.9997,0.9986,0.9732,0.9657,-1.0,-1.0,-1.0,-1.0,-1.0,1.0,0.99992,0.999783,1745.0,1283.67,42.6836,31.7625,1.05614,51.1597,0.392695,1.008073,OUT,-0.0,0.0,-999,1594898.0,151863333.0
23864,8.5831,C,-1.531,29.045,-3.632,11.07,PI-SIDIS,0.25,3.3,0.5,5.2,64.696,35.409,64.722,35.423,64.811,35.472,64.597,35.355,64.794,35.463,0.9998,0.9988,0.9761,0.9691,-1.0,-1.0,-1.0,-1.0,-1.0,1.0,0.99993,0.99981,1584.0,1176.0,40.6448,18.7545,0.648191,51.1473,0.367379,1.0,OUT,11587.08475,11594.45825,-999,1684720.0,149370119.0
23865,8.5831,Cu,-1.531,29.045,-3.632,11.07,PI-SIDIS,0.25,3.3,0.5,5.2,64.753,36.362,64.78,36.377,64.661,36.31,64.446,36.189,64.585,36.267,0.9997,0.9989,0.978,0.9703,-1.0,-1.0,-1.0,-1.0,-1.0,1.0,0.99996,0.999844,979.0,691.167,32.0464,10.9998,0.510012,51.2264,0.372698,1.0,OUT,31742.8626,31757.9484,-999,1485626.0,120084089.0
23866,8.5831,Dummy,-1.531,29.045,-3.632,11.07,PI-SIDIS,0.25,3.3,0.5,5.2,57.615,31.733,57.648,31.752,57.187,31.498,57.173,31.49,57.093,31.446,0.9999,0.9989,0.9804,0.9759,-1.0,-1.0,-1.0,-1.0,-1.0,1.0,0.99996,0.999889,665.0,542.5,26.1805,9.64434,0.465426,51.274,0.38575,1.0,OUT,24546.45839,24543.04161,-999,822838.0,87669324.0
23867,8.5831,LH2,-1.531,29.045,-3.632,11.07,PI-SIDIS,0.25,3.3,0.5,5.2,68.194,39.141,68.23,39.162,68.074,39.072,67.938,38.994,68.097,39.085,0.9998,0.9991,0.9775,0.9708,-1.0,-1.0,-1.0,-1.0,-1.0,1.0,0.99996,0.99983,1279.0,976.5,36.4612,14.7459,0.550593,51.217,0.39212,1.016515,OUT,33468.51116,33478.36884,-999,1351462.0,126941118.0
23868,8.5831,LH2,-1.531,29.045,-3.632,11.07,PI-SIDIS,0.25,3.3,0.5,5.2,77.839,40.492,77.886,40.517,77.896,40.522,77.692,40.416,77.909,40.529,0.9999,0.999,0.9758,0.9702,-1.0,-1.0,-1.0,-1.0,-1.0,1.0,0.99994,0.999825,1429.0,1076.83,38.5706,14.2526,0.510509,51.1936,0.390153,1.015748,OUT,1335.58757,1334.96343,-999,1546927.0,145423604.0
23876,8.5831,LH2,-1.531,29.045,-2.615,7.865,PI-SIDIS,0.25,3.3,0.36,2.0,31.989,15.541,32.049,15.57,31.754,15.427,31.735,15.418,31.722,15.412,0.9999,0.9994,0.9577,0.9516,-1.0,-1.0,-1.0,-1.0,-1.0,1.0,0.99997,0.999656,1162.0,701.5,35.1959,23.0047,1.1542,51.4125,0.340278,1.005964,IN,-0.0,0.0,0.955492,641198.0,176075708.0
23878,8.5831,LD2,-1.531,29.045,-2.615,7.865,PI-SIDIS,0.25,3.3,0.36,2.0,12.347,7.347,12.435,7.399,12.304,7.321,12.299,7.318,12.289,7.313,0.9999,0.9994,0.9113,0.8265,-1.0,-1.0,-1.0,-1.0,-1.0,1.0,0.99998,0.99964,807.0,452.667,29.4288,44.0497,2.86377,51.4214,0.352113,1.002584,IN,321.51185,321.90815,0.953005,475049.0,129710936.0
23879,8.5831,Dummy,-1.531,29.045,-2.615,7.865,PI-SIDIS,0.25,3.3,0.36,2.0,27.944,14.304,28.01,14.338,27.825,14.243,27.787,14.223,27.795,14.227,0.9997,0.9995,0.9048,0.8322,-1.0,-1.0,-1.0,-1.0,-1.0,1.0,0.99995,0.999705,638.0,378.5,26.1008,16.2434,1.12012,51.4136,0.355639,1.0,IN,13746.88755,13749.22045,0.953565,401297.0,128943241.0
23880,8.5831,LH2,-1.531,29.045,-2.615,7.865,PI-SIDIS,0.25,3.3,0.36,2.0,17.93,14.937,17.971,14.972,17.86,14.879,17.841,14.864,17.853,14.874,0.9999,0.9994,0.9056,0.8346,-1.0,-1.0,-1.0,-1.0,1.0,-1.0,0.99959,0.999675,620.0,404.167,25.612,26.9607,1.7085,51.3747,0.341846,1.005717,IN,1627.65578,1627.14822,0.926907,358785.0,99386945.0
23881,8.5831,LH2,-1.531,29.045,-2.615,7.865,PI-SIDIS,0.25,3.3,0.36,2.0,21.944,12.944,22.013,12.984,21.93,12.936,21.879,12.906,21.901,12.918,1.0,0.9994,0.8969,0.7952,-1.0,-1.0,-1.0,-1.0,-1.0,1.0,0.99999,0.999699,697.0,406.667,27.3018,23.2321,1.5597,51.3881,0.326609,1.004871,IN,6948.70126,6948.15674,0.955638,441120.0,121844471.0
23882,8.5831,LH2,-1.531,29.045,-2.615,7.865,PI-SIDIS,0.25,3.3,0.36,2.0,24.963,13.902,25.032,13.941,24.913,13.875,24.875,13.853,24.897,13.865,1.0,0.9995,0.8921,0.8233,-1.0,-1.0,-1.0,-1.0,-1.0,1.0,1.0,0.999699,808.0,483.333,29.3617,23.4527,1.42471,51.3682,0.335034,1.005307,IN,12303.174,12296.523,0.954466,501518.0,138760733.0
23883,8.5831,LH2,-1.531,29.045,-2.615,7.865,PI-SIDIS,0.25,3.3,0.36,2.0,24.541,13.797,24.613,13.837,24.528,13.789,24.476,13.76,24.508,13.778,0.9998,0.9991,0.9251,0.8451,-1.0,-1.0,-1.0,-1.0,-1.0,1.0,0.99996,0.9997,772.0,456.0,28.717,21.9278,1.38092,51.3611,0.322033,1.005258,IN,12090.31444,12093.13856,0.955363,492772.0,136863382.0
23884,8.5831,LH2,-1.531,29.045,-2.615,7.865,PI-SIDIS,0.25,3.3,0.36,2.0,25.729,14.446,25.8,14.486,25.717,14.439,25.665,14.41,25.709,14.435,0.9996,0.9991,0.8819,0.8294,-1.0,-1.0,-1.0,-1.0,-1.0,1.0,0.99998,0.999691,823.0,479.333,29.6695,22.4098,1.38711,51.3757,0.342654,1.005478,IN,12680.91032,12677.83668,0.955259,517363.0,148749963.0
23885,8.5831,LH2,-1.531,29.045,-2.615,7.865,PI-SIDIS,0.25,3.3,0.36,2.0,12.594,7.093,12.696,7.15,12.638,7.118,12.61,7.102,12.641,7.119,0.9997,0.9991,0.9697,0.8311,-1.0,-1.0,-1.0,-1.0,-1.0,1.0,1.0,0.999848,358.0,261.167,19.3427,24.7587,1.83369,51.3777,0.318073,1.002593,IN,6240.11044,6238.42756,0.962575,255030.0,71241982.0
23886,8.5831,LD2,-1.531,29.045,-2.615,7.865,PI-SIDIS,0.25,3.3,0.36,2.0,11.848,6.899,11.948,6.957,11.902,6.93,11.871,6.912,11.899,6.928,0.9999,0.9989,0.8957,0.8113,-1.0,-1.0,-1.0,-1.0,-1.0,1.0,0.99995,0.999668,802.0,497.167,29.2028,51.2969,3.0131,51.3914,0.363733,1.00243,IN,5879.74233,5881.02767,0.956317,455769.0,130329627.0
23887,8.5831,LD2,-1.531,29.045,-2.615,7.865,PI-SIDIS,0.25,3.3,0.36,2.0,11.627,6.807,11.727,6.866,11.688,6.843,11.654,6.823,11.683,6.84,0.9998,0.9987,0.9297,0.8212,-1.0,-1.0,-1.0,-1.0,-1.0,1.0,0.99998,0.999669,865.0,567.0,30.2435,58.89,3.14116,51.3847,0.338438,1.002398,IN,5769.51326,5769.26274,0.956864,446335.0,128027790.0
23888,8.5831,LD2,-1.531,29.045,-2.615,7.865,PI-SIDIS,0.25,3.3,0.36,2.0,9.947,6.766,10.034,6.825,10.001,6.803,9.971,6.782,9.994,6.797,0.9999,0.999,0.8942,0.822,-1.0,-1.0,-1.0,-1.0,-1.0,1.0,0.99996,0.99967,672.0,404.333,26.7696,49.0292,3.24606,51.3694,0.33965,1.002384,IN,3497.7824,3496.4096,0.954607,383118.0,109798621.0
23889,8.5831,LD2,-1.531,29.045,-2.615,7.865,PI-SIDIS,0.25,3.3,0.36,2.0,10.695,6.692,10.789,6.75,10.753,6.728,10.72,6.708,10.746,6.724,0.9998,0.9992,0.9031,0.8141,-1.0,-1.0,-1.0,-1.0,-1.0,1.0,1.0,0.999673,695.0,411.5,27.2443,46.8595,3.10244,51.4022,0.35033,1.002358,IN,5248.62309,5247.62691,0.956121,411015.0,117930880.0
23890,8.5831,Dummy,-1.531,29.045,-2.615,7.865,PI-SIDIS,0.25,3.3,0.36,2.0,19.117,14.082,19.174,14.123,19.143,14.101,19.086,14.058,19.126,14.088,1.0,0.999,0.8824,0.8399,-1.0,-1.0,-1.0,-1.0,-1.0,1.0,0.99996,0.999708,413.0,232.0,21.0515,14.4067,1.30725,51.4041,0.412477,1.0,IN,-0.0,0.0,0.954367,275823.0,92532188.0
23891,8.5831,Dummy,-1.531,29.045,-2.615,7.865,PI-SIDIS,0.25,3.3,0.36,2.0,14.98,7.686,15.09,7.742,15.01,7.701,14.978,7.685,15.004,7.698,1.0,0.9992,0.9286,0.84,-1.0,-1.0,-1.0,-1.0,-1.0,1.0,1.0,0.999846,274.0,191.667,16.9624,15.1209,1.33819,51.44,0.32289,1.0,IN,398.77846,398.62254,0.955936,216115.0,71294590.0
23892,8.5831,LH2,-1.531,29.045,-2.615,7.865,PI-SIDIS,0.25,3.3,0.36,2.0,40.051,20.251,40.108,20.28,39.876,20.162,39.768,20.108,39.873,20.161,0.9999,0.9984,0.9104,0.8179,-1.0,-1.0,-1.0,-1.0,-1.0,1.0,0.99994,0.999565,1406.0,720.833,38.9897,21.9773,1.18875,51.3411,0.341466,1.007786,IN,14796.18857,14797.10643,0.952318,802054.0,237498266.0
23893,8.5831,LH2,-1.531,29.045,-2.615,7.865,PI-SIDIS,0.25,3.3,0.36,2.0,35.964,19.866,36.016,19.895,35.736,19.74,35.638,19.686,35.719,19.731,0.9997,0.9984,0.8978,0.8188,-1.0,-1.0,-1.0,-1.0,-1.0,1.0,0.99991,0.999565,1202.0,572.167,36.1521,19.4096,1.22639,51.3608,0.359019,1.007483,IN,2424.86994,2425.10106,0.948936,722012.0,214136034.0
23894,8.5831,LH2,-1.531,29.045,-2.615,7.865,PI-SIDIS,0.25,3.3,0.36,2.0,35.976,19.957,36.027,19.985,35.69,19.799,35.657,19.78,35.679,19.793,0.9999,0.9988,0.8881,0.8058,-1.0,-1.0,-1.0,-1.0,-1.0,1.0,0.99996,0.999568,1209.0,610.333,36.177,21.0268,1.24635,51.3657,0.356638,1.007441,IN,14653.70077,14653.57623,0.94974,720543.0,214280299.0
23895,8.5831,LH2,-1.531,29.045,-2.615,7.865,PI-SIDIS,0.25,3.3,0.36,2.0,36.784,19.449,36.841,19.479,36.461,19.278,36.468,19.282,36.427,19.26,0.9999,0.9988,0.9043,0.8101,-1.0,-1.0,-1.0,-1.0,-1.0,1.0,0.99994,0.99957,1292.0,669.333,37.3601,22.4306,1.252,51.3531,0.354669,1.007617,IN,435.58423,435.59177,0.950198,735939.0,218797373.0
23896,8.5831,LH2,-1.531,29.045,-2.615,7.865,PI-SIDIS,0.25,3.3,0.36,2.0,22.504,9.975,22.613,10.023,22.315,9.891,22.339,9.902,22.289,9.88,0.9999,0.9991,0.8276,0.8164,-1.0,-1.0,-1.0,-1.0,-1.0,1.0,0.99998,0.999785,686.0,459.0,26.9042,24.8658,1.4575,51.4415,0.340379,1.003729,IN,1222.65044,1222.70256,0.955503,453421.0,129885497.0
23897,8.5831,LD2,-1.531,29.045,-2.615,7.865,PI-SIDIS,0.25,3.3,0.36,2.0,15.457,9.56,15.536,9.609,15.318,9.474,15.332,9.483,15.303,9.465,1.0,0.9988,0.9035,0.8183,-1.0,-1.0,-1.0,-1.0,-1.0,1.0,0.99994,0.999531,1043.0,515.0,33.6303,40.5117,2.64548,51.3806,0.361148,1.003356,IN,1352.6986,1352.9414,0.951259,593520.0,175494996.0
23898,8.5831,LD2,-1.531,29.045,-2.615,7.865,PI-SIDIS,0.25,3.3,0.36,2.0,18.877,9.806,18.972,9.855,18.697,9.712,18.718,9.723,18.683,9.705,0.9998,0.9989,0.8848,0.8032,-1.0,-1.0,-1.0,-1.0,-1.0,1.0,0.99994,0.999525,1330.0,695.833,37.8906,45.6752,2.48717,51.3889,0.358251,1.003442,IN,3686.63169,3686.26131,0.950949,726670.0,215040235.0
23899,8.5831,LD2,-1.531,29.045,-2.615,7.865,PI-SIDIS,0.25,3.3,0.36,2.0,18.029,9.862,18.12,9.911,17.857,9.767,17.878,9.779,17.842,9.759,0.9998,0.9989,0.8747,0.8213,-1.0,-1.0,-1.0,-1.0,-1.0,1.0,0.99997,0.999526,1277.0,678.667,37.1042,45.6137,2.4938,51.386,0.34986,1.003462,IN,8198.05185,8198.95915,0.95055,691955.0,205019820.0
23900,8.5831,LD2,-1.531,29.045,-2.615,7.865,PI-SIDIS,0.25,3.3,0.36,2.0,22.66,9.795,22.775,9.844,22.439,9.699,22.466,9.711,22.422,9.692,0.9997,0.999,0.8943,0.8103,-1.0,-1.0,-1.0,-1.0,-1.0,1.0,0.99994,0.999527,1610.0,831.667,41.71,45.0817,2.26095,51.3756,0.371846,1.003439,IN,11213.75853,11213.16347,0.95024,869224.0,258867457.0
23901,8.5831,Dummy,-1.531,29.045,-2.615,7.865,PI-SIDIS,0.25,3.3,0.36,2.0,10.689,9.306,10.747,9.356,10.594,9.223,10.602,9.23,10.579,9.21,0.9992,0.9991,0.9355,0.8185,-1.0,-1.0,-1.0,-1.0,-1.0,1.0,1.0,0.999808,259.0,179.5,16.5,20.4224,1.87727,51.3806,0.315567,1.0,IN,409.71101,409.31499,0.956682,154636.0,51882929.0
23902,8.5831,Dummy,-1.531,29.045,-2.615,7.865,PI-SIDIS,0.25,3.3,0.36,2.0,35.851,19.625,35.904,19.654,35.463,19.412,35.468,19.415,35.444,19.402,0.9998,0.9991,0.8979,0.828,-1.0,-1.0,-1.0,-1.0,-1.0,1.0,0.99996,0.999605,871.0,454.5,30.6662,15.2921,1.03179,51.3662,0.368914,1.0,IN,17644.299,17643.733,0.950152,517388.0,178332375.0
23903,8.5831,Dummy,-1.531,29.045,-2.615,7.865,PI-SIDIS,0.25,3.3,0.36,2.0,4.766,18.881,4.774,18.912,4.72,18.701,4.719,18.696,4.716,18.684,0.9991,0.9988,0.9091,0.8532,-1.0,-1.0,-1.0,-1.0,-1.0,1.0,0.99995,0.999602,122.0,58.3333,11.5157,14.335,2.8299,51.4927,0.433322,1.0,IN,2346.87025,2347.02775,0.95031,68351.0,23707305.0
23904,8.5831,LH2,-1.531,29.045,-2.615,7.865,PI-SIDIS,0.25,3.3,0.36,2.0,34.057,19.756,34.11,19.787,33.745,19.576,33.75,19.579,33.717,19.559,0.9998,0.999,0.9355,0.9331,-1.0,-1.0,-1.0,-1.0,-1.0,1.0,0.99993,0.999566,1362.0,789.833,38.1754,24.8223,1.19975,51.4005,0.318417,1.007771,IN,16756.3252,16756.6238,0.951355,681468.0,197751573.0
23905,8.5831,LH2,-1.531,29.045,-2.615,7.865,PI-SIDIS,0.25,3.3,0.36,2.0,33.193,18.902,33.249,18.933,32.912,18.741,32.906,18.738,32.886,18.727,0.9998,0.9992,0.9369,0.9341,-1.0,-1.0,-1.0,-1.0,-1.0,1.0,0.99995,0.99957,1288.0,738.833,37.142,23.7949,1.19619,51.4025,0.326764,1.007383,IN,16336.19259,16337.20641,0.952009,663971.0,200444376.0
23906,8.5831,LH2,-1.531,29.045,-2.615,7.865,PI-SIDIS,0.25,3.3,0.36,2.0,33.075,19.291,33.127,19.321,32.791,19.125,32.794,19.127,32.756,19.104,0.9997,0.9992,0.9347,0.9354,-1.0,-1.0,-1.0,-1.0,-1.0,1.0,0.99997,0.999568,1243.0,698.833,36.5198,22.5599,1.17894,51.3684,0.313903,1.007546,IN,16271.87341,16272.39359,0.952229,663664.0,201707873.0
23907,8.5831,LH2,-1.531,29.045,-2.615,7.865,PI-SIDIS,0.25,3.3,0.36,2.0,35.164,19.952,35.214,19.98,34.855,19.776,34.866,19.782,34.852,19.774,0.9996,0.9991,0.9398,0.9354,-1.0,-1.0,-1.0,-1.0,-1.0,1.0,0.99996,0.999567,1295.0,687.333,37.3668,20.8759,1.13492,51.383,0.313159,1.007731,IN,17305.95058,17306.05542,0.953277,705036.0,215223801.0
23908,8.5831,LH2,-1.531,29.045,-2.615,7.865,PI-SIDIS,0.25,3.3,0.36,2.0,18.964,10.102,19.057,10.151,18.841,10.036,18.858,10.045,18.829,10.03,0.9999,0.9991,0.9692,0.9627,-1.0,-1.0,-1.0,-1.0,-1.0,1.0,1.0,0.999781,545.0,368.0,23.9687,20.0607,1.3066,51.4458,0.263769,1.003774,IN,9372.78251,9372.81049,0.957291,382119.0,111494827.0
23909,8.5831,LH2,-1.531,29.045,-2.615,7.865,HMSDIS,0.25,3.3,0.36,2.0,18204.238,10.145,18293.203,10.194,18095.569,10.084,18113.739,10.094,18079.824,10.075,0.9998,0.9992,-999,-999,-1.0,-1.0,-1.0,1.0,-1.0,-1.0,0.99947,0.978126,-999,-999,-999,13.5124,0.0271882,-999,-999,1.003852,IN,-999,-999,-999,366311.0,107189864.0
23911,8.5831,LH2,-1.531,29.045,-2.615,7.865,SHMSDIS,0.25,3.3,0.36,2.0,12974.268,9.819,13040.961,9.87,12911.308,9.771,12919.161,9.777,12902.761,9.765,-999,-999,0.9674,0.9054,-1.0,17.0,-1.0,-1.0,-1.0,-1.0,0.99662,0.978436,-999,-999,-999,-353016.0,-218.104,-999,-999,1.003713,IN,-999,-999,-999,261342.0,76320824.0
23912,8.5831,LH2,-1.531,29.045,-2.615,7.865,SHMSDIS,0.25,3.3,0.36,2.0,7376.869,9.206,7418.842,9.259,7351.058,9.174,7352.206,9.175,7343.227,9.164,-999,-999,0.9686,0.9069,-1.0,65.0,-1.0,-1.0,-1.0,-1.0,0.99944,0.979052,-999,-999,-999,-355733.0,-567.256,-999,-999,1.003364,IN,-999,-999,-999,148247.0,43378695.0
23913,8.5831,LH2,-1.531,29.045,-2.615,7.865,SHMSDIS,0.25,3.3,0.36,2.0,7177.501,9.518,7218.79,9.572,7186.368,9.529,7177.428,9.518,7186.435,9.53,-999,-999,0.9678,0.9151,-1.0,65.0,-1.0,-1.0,-1.0,-1.0,0.99949,0.978822,-999,-999,-999,-353117.0,-573.18,-999,-999,1.003264,IN,-999,-999,-999,145199.0,41211326.0
23915,8.5831,LD2,-1.531,29.045,-2.615,7.865,SHMSDIS,0.25,3.3,0.36,2.0,16423.468,9.714,16516.174,9.769,16463.046,9.737,16437.9,9.722,16469.712,9.741,-999,-999,0.934,0.8632,-1.0,65.0,-1.0,-1.0,-1.0,-1.0,0.99847,0.952404,-999,-999,-999,-672426.0,-532.293,-999,-999,1.003412,IN,-999,-999,-999,629183.0,181663688.0
23918,8.5831,LD2,-1.531,29.045,-2.615,7.865,HMSDIS,0.25,3.3,0.36,2.0,9183.876,9.713,9236.267,9.769,9215.809,9.747,9197.698,9.728,9214.738,9.746,0.9996,0.9989,-999,-999,-1.0,-1.0,-1.0,5.0,-1.0,-1.0,0.99989,0.952389,-999,-999,-999,25.3631,0.117206,-999,-999,1.003412,IN,-999,-999,-999,352017.0,102706277.0
23919,8.5831,LD2,-1.531,29.045,-2.615,7.865,HMSDIS,0.25,3.3,0.36,2.0,17682.265,9.86,17781.072,9.916,17661.414,9.849,17631.141,9.832,17634.359,9.834,0.9997,0.9989,-999,-999,-1.0,-1.0,-1.0,3.0,-1.0,-1.0,0.99982,0.952124,-999,-999,-999,25.336,0.0653965,-999,-999,1.003464,IN,-999,-999,-999,680168.0,207386154.0
23925,8.5831,Dummy,-1.531,29.045,-2.615,7.865,HMSDIS,0.25,3.3,0.36,2.0,27524.751,15.308,27606.581,15.353,27502.137,15.295,27473.611,15.279,27528.766,15.31,0.9998,0.9989,-999,-999,-1.0,-1.0,-1.0,2.0,-1.0,-1.0,0.99986,0.969833,-999,-999,-999,9.5898,0.0263625,-999,-999,1.0,IN,-999,-999,-999,396839.0,132772556.0
23933,8.5831,Dummy,-1.531,29.045,-2.615,7.865,SHMSDIS,0.25,3.3,0.36,2.0,16721.501,10.001,16816.123,10.057,16760.49,10.024,16731.099,10.007,16772.235,10.031,-999,-999,0.9702,0.9215,-1.0,33.0,-1.0,-1.0,-1.0,-1.0,0.99954,0.980163,-999,-999,-999,-296822.0,-245.026,-999,-999,1.0,IN,-999,-999,-999,241688.0,80292303.0
23934,8.5831,C,-1.531,29.045,-2.615,7.865,HMSDIS,0.25,3.3,0.36,2.0,16951.849,9.761,17050.805,9.818,16858.922,9.708,16863.056,9.71,16837.226,9.695,0.9998,0.999,-999,-999,-1.0,-1.0,-1.0,1.0,-1.0,-1.0,0.99746,0.969346,-999,-999,-999,17.3713,0.0319625,-999,-999,1.0,IN,-999,-999,-999,442761.0,121222127.0
23937,8.5831,C,-1.531,29.045,-2.615,7.865,SHMSDIS,0.25,3.3,0.36,2.0,14556.297,9.941,14636.603,9.996,14521.575,9.918,14521.71,9.918,14537.686,9.929,-999,-999,0.9555,0.8979,-1.0,65.0,-1.0,-1.0,-1.0,-1.0,0.99982,0.968907,-999,-999,-999,-440888.0,-452.674,-999,-999,1.0,IN,-999,-999,-999,379969.0,104153121.0
23938,8.5831,Cu,-1.531,29.045,-2.615,7.865,HMSDIS,0.25,3.3,0.36,2.0,11329.453,9.296,11398.844,9.353,11378.531,9.336,11349.995,9.313,11378.031,9.336,0.9998,0.9989,-999,-999,-1.0,-1.0,-1.0,1.0,-1.0,-1.0,0.99913,0.972673,-999,-999,-999,15.4052,0.036782,-999,-999,1.0,IN,-999,-999,-999,263626.0,75358084.0
23941,8.5831,Cu,-1.531,29.045,-2.615,7.865,SHMSDIS,0.25,3.3,0.36,2.0,16862.298,9.928,16958.88,9.985,16853.849,9.923,16824.6,9.906,16845.219,9.918,-999,-999,0.9603,0.9054,-1.0,65.0,-1.0,-1.0,-1.0,-1.0,1.0,0.972546,-999,-999,-999,-408039.0,-403.558,-999,-999,1.0,IN,-999,-999,-999,391067.0,111984600.0
23942,8.5831,LH2,-1.531,29.045,-2.615,7.865,PI-SIDIS,0.25,3.3,0.36,2.0,16.06,10.016,16.149,10.071,16.007,9.983,16.01,9.985,16.019,9.991,0.9997,0.9994,0.9686,0.9581,-1.0,-1.0,-1.0,-1.0,-1.0,1.0,1.0,0.999782,549.0,402.333,23.9467,26.0112,1.54817,51.3777,0.312833,1.003684,IN,18.83276,18.83324,0.956999,324563.0,92657847.0
23943,8.5831,LH2,-1.531,29.045,-2.615,7.865,PI-SIDIS,0.25,3.3,0.36,2.0,4.946,9.979,4.974,10.035,4.945,9.976,4.941,9.968,4.949,9.984,0.9985,0.9997,0.96,0.9614,-1.0,-1.0,-1.0,-1.0,-1.0,1.0,1.0,0.999784,170.0,124.0,13.3292,25.9695,2.79155,51.423,0.334563,1.003655,IN,2435.22599,2435.66001,0.961362,100490.0,28544224.0
23944,8.5831,LH2,-1.531,29.045,-2.615,7.865,PI-SIDIS,0.25,3.3,0.36,2.0,33.742,19.986,33.815,20.029,33.763,19.998,33.697,19.959,33.799,20.02,0.9998,0.9987,0.9423,0.934,-1.0,-1.0,-1.0,-1.0,-1.0,1.0,0.99995,0.999566,1262.0,680.833,36.8627,21.5623,1.16746,51.3451,0.328975,1.007909,IN,4087.94783,4087.35017,0.955801,678230.0,200286718.0
23945,8.5831,LH2,-1.531,29.045,-2.615,7.865,PI-SIDIS,0.25,3.3,0.36,2.0,21.601,18.999,21.655,19.046,21.558,18.961,21.508,18.917,21.546,18.951,0.9999,0.9985,0.9422,0.9368,-1.0,-1.0,-1.0,-1.0,-1.0,1.0,1.0,0.99957,857.0,480.667,30.3269,23.6964,1.49509,51.4408,0.261772,1.007445,IN,689.99084,689.94716,0.952789,433788.0,132748142.0
23946,8.5831,LH2,-1.531,29.045,-2.615,7.865,PI-SIDIS,0.25,3.3,0.36,2.0,35.12,20.195,35.199,20.24,34.849,20.038,34.842,20.034,34.832,20.029,0.9998,0.9986,0.9378,0.9328,-1.0,-1.0,-1.0,-1.0,-1.0,1.0,0.99994,0.999562,1330.0,733.167,37.8084,22.3355,1.15181,51.4253,0.254829,1.007859,IN,17304.49089,17303.81311,0.9521,704734.0,217281571.0
23947,8.5831,LH2,-1.531,29.045,-2.615,7.865,PI-SIDIS,0.25,3.3,0.36,2.0,34.594,20.115,34.667,20.158,34.444,20.028,34.424,20.017,34.49,20.055,0.9998,0.9984,0.9357,0.9325,-1.0,-1.0,-1.0,-1.0,-1.0,1.0,0.99993,0.999563,1276.0,681.833,37.0814,21.0975,1.14738,51.3796,0.320176,1.007732,IN,14649.80936,14649.61164,0.953855,693645.0,214794090.0
23948,8.5831,Dummy,-1.531,29.045,-2.615,7.865,PI-SIDIS,0.25,3.3,0.36,2.0,45.101,20.358,45.197,20.402,45.122,20.368,45.028,20.326,45.167,20.388,0.9998,0.9982,0.9418,0.9386,-1.0,-1.0,-1.0,-1.0,-1.0,1.0,0.99994,0.999598,1183.0,648.5,35.6663,15.2909,0.840971,51.3565,0.320372,1.0,IN,22219.84716,22219.99584,0.955923,649747.0,230689084.0
23949,8.5831,Dummy,-1.531,29.045,-2.615,7.865,PI-SIDIS,0.25,3.3,0.36,2.0,8.135,9.69,8.184,9.748,8.162,9.722,8.148,9.705,8.169,9.73,1.0,0.9982,0.9682,0.9608,-1.0,-1.0,-1.0,-1.0,-1.0,1.0,1.0,0.999805,146.0,90.5,12.4599,11.5093,1.58459,51.3373,0.342521,1.0,IN,4014.33808,4014.45592,0.960488,117267.0,40149396.0
23950,8.5831,LH2,-1.531,29.045,-2.615,7.865,PI-SIDIS,0.25,3.3,0.36,2.0,40.516,19.959,40.607,20.004,40.593,19.997,40.497,19.95,40.629,20.015,0.9998,0.9983,0.9379,0.9334,-1.0,-1.0,-1.0,-1.0,-1.0,1.0,0.99994,0.999565,1506.0,827.167,40.2385,21.8291,1.0619,51.3578,0.332274,1.007864,IN,16738.63267,16739.45533,0.955399,810994.0,251880877.0
23951,8.5831,LH2,-1.531,29.045,-2.615,7.865,PI-SIDIS,0.25,3.3,0.36,2.0,43.365,20.062,43.46,20.107,43.439,20.097,43.33,20.046,43.465,20.109,0.9997,0.9986,0.934,0.9321,-1.0,-1.0,-1.0,-1.0,-1.0,1.0,0.99996,0.999561,1664.0,945.0,42.2355,23.336,1.04297,51.3629,0.315684,1.007797,IN,21373.78966,21373.67834,0.955413,869258.0,269021405.0
23952,8.5831,LH2,-1.531,29.045,-2.615,7.865,PI-SIDIS,0.25,3.3,0.36,2.0,35.288,19.359,35.368,19.403,35.332,19.383,35.233,19.329,35.33,19.382,0.9996,0.9985,0.9389,0.9346,-1.0,-1.0,-1.0,-1.0,-1.0,1.0,0.99995,0.999567,1343.0,760.667,37.9481,23.0226,1.14855,51.3858,0.31649,1.007621,IN,17378.17559,17379.02141,0.954422,705363.0,220161680.0
23953,8.5831,LH2,-1.531,29.045,-2.615,7.865,PI-SIDIS,0.25,3.3,0.36,2.0,34.75,19.942,34.824,19.984,34.728,19.929,34.648,19.884,34.74,19.936,0.9999,0.9986,0.9327,0.9317,-1.0,-1.0,-1.0,-1.0,-1.0,1.0,0.99995,0.999567,1339.0,750.333,37.9092,23.1295,1.16858,51.3692,0.312128,1.007882,IN,12089.80312,12089.72488,0.953402,697136.0,217512575.0
23954,8.5831,LH2,-1.531,29.045,-2.615,7.865,PI-SIDIS,0.25,3.3,0.36,2.0,17.829,9.908,17.929,9.964,17.824,9.906,17.796,9.89,17.818,9.903,0.9996,0.999,0.9695,0.9598,-1.0,-1.0,-1.0,-1.0,-1.0,1.0,1.0,0.999786,563.0,394.667,24.3116,22.9439,1.41335,51.3937,0.314401,1.003655,IN,1532.19963,1532.20037,0.958709,359136.0,106710796.0
23955,8.5831,Dummy,-1.531,29.045,-2.615,7.865,PI-SIDIS,0.25,3.3,0.36,2.0,31.632,19.14,31.703,19.183,31.556,19.094,31.477,19.046,31.527,19.076,0.9997,0.9985,0.9447,0.9379,-1.0,-1.0,-1.0,-1.0,-1.0,1.0,0.99999,0.999606,840.0,452.5,30.0763,15.2228,1.01182,51.3977,0.312934,1.0,IN,3354.54124,3354.60776,0.953799,457045.0,162496358.0
23956,8.5831,Dummy,-1.531,29.045,-2.615,7.865,PI-SIDIS,0.25,3.3,0.36,2.0,11.016,9.705,11.08,9.761,10.997,9.688,10.979,9.673,10.993,9.685,1.0,0.9989,0.9613,0.9644,-1.0,-1.0,-1.0,-1.0,-1.0,1.0,1.0,0.999804,232.0,161.333,15.6134,15.0983,1.46117,51.4553,0.267242,1.0,IN,5444.61776,5444.77924,0.958789,159504.0,54509625.0
23957,8.5831,LH2,-1.531,29.045,-6.538,7.865,PI-SIDIS,0.25,3.3,0.9,2.0,17.07,29.158,17.093,29.197,16.991,29.023,16.964,28.977,16.973,28.992,0.9997,0.9987,0.9533,0.8204,-1.0,-1.0,-1.0,-1.0,-1.0,1.0,0.99988,0.999678,121.0,104.5,11.1243,7.45512,0.793617,51.3096,0.318507,1.010762,IN,2855.98381,2855.71919,0.950216,342362.0,262949991.0
23959,8.5831,Home,-1.531,29.045,-6.538,7.865,BCM,0.25,3.3,0.9,2.0,30.258,18.187,30.347,18.241,30.138,18.115,30.119,18.104,30.073,18.076,0.0,0.0,0.0,1.0,1.0,-1.0,1.0,-1.0,-1.0,1.0,1.0,1.0,0.0,0.0,0.0,nan,nan,0.0,0.0,1.0,IN,14950.40096,14951.86004,-999,16589.0,16580.0
23960,8.5831,LH2,-1.531,29.045,-6.538,7.865,PI-SIDIS,0.25,3.3,0.9,2.0,50.172,28.453,50.235,28.488,49.873,28.283,49.872,28.282,49.77,28.225,0.9998,0.9988,0.9543,0.8215,-1.0,-1.0,-1.0,-1.0,-1.0,1.0,0.99991,0.999677,365.0,325.5,19.2765,7.88972,0.467239,51.3909,0.319838,1.011844,IN,18501.19822,18496.69578,0.950695,1004014.0,770071712.0
23961,8.5831,LH2,-1.531,29.045,-6.538,7.865,PI-SIDIS,0.25,3.3,0.9,2.0,16.792,20.294,16.819,20.328,16.654,20.128,16.656,20.13,16.633,20.103,0.9998,0.9986,0.9694,0.8469,-1.0,-1.0,-1.0,-1.0,-1.0,1.0,0.99996,0.999794,122.0,112.167,11.1193,7.87658,0.780821,51.4183,0.356886,1.008016,IN,8242.49987,8242.48413,0.954723,337469.0,262894501.0
23962,8.5831,LH2,-1.531,29.045,-6.538,7.865,PI-SIDIS,0.25,3.3,0.9,2.0,7.494,9.25,7.536,9.302,7.455,9.202,7.455,9.203,7.434,9.177,1.0,0.9994,0.984,0.8816,-1.0,-1.0,-1.0,-1.0,-1.0,1.0,1.0,0.999901,45.0,43.0,6.733,6.47226,1.01344,51.4703,0.271885,1.003437,IN,3685.24057,3686.06043,0.961761,150847.0,119811925.0
23963,8.5831,LH2,-1.531,29.045,-6.538,7.865,HMSDIS,0.25,3.3,0.9,2.0,16776.22,9.685,16863.568,9.735,16668.239,9.622,16675.707,9.626,16630.573,9.6,0.9998,0.9992,-999,-999,-1.0,-1.0,-1.0,1.0,-1.0,-1.0,0.99948,0.990026,-999,-999,-999,13.5573,0.028364,-999,-999,1.00363,IN,-999,-999,-999,338881.0,268246788.0
23964,8.5831,LD2,-1.531,29.045,-6.538,7.865,PI-SIDIS,0.25,3.3,0.9,2.0,33.039,19.492,33.09,19.522,32.75,19.322,32.737,19.314,32.681,19.281,0.9998,0.9988,0.9471,0.8249,-1.0,-1.0,-1.0,-1.0,-1.0,1.0,0.99989,0.999612,582.0,506.5,24.3841,18.5616,0.893597,51.3654,0.333889,1.006819,IN,1390.44176,1390.32124,0.94967,1265814.0,946629767.0
23965,8.5831,LD2,-1.531,29.045,-6.538,7.865,PI-SIDIS,0.25,3.3,0.9,2.0,30.153,17.563,30.214,17.599,29.944,17.441,29.907,17.42,29.866,17.396,0.9997,0.999,0.9476,0.8243,-1.0,-1.0,-1.0,-1.0,-1.0,1.0,0.99988,0.999618,528.0,459.167,23.2265,18.4442,0.932984,51.3811,0.330555,1.006147,IN,14838.73064,14840.99236,0.950262,1156626.0,865349661.0
23966,8.5831,LD2,-1.531,29.045,-6.538,7.865,PI-SIDIS,0.25,3.3,0.9,2.0,34.849,19.237,34.91,19.271,34.591,19.095,34.578,19.088,34.54,19.066,0.9997,0.9989,0.9471,0.8294,-1.0,-1.0,-1.0,-1.0,-1.0,1.0,0.99986,0.999612,616.0,537.667,25.081,18.5777,0.86661,51.3538,0.350878,1.006731,IN,17160.8771,17161.5329,0.950125,1339475.0,999630942.0
23967,8.5831,Dummy,-1.531,29.045,-6.538,7.865,PI-SIDIS,0.25,3.3,0.9,2.0,61.406,35.234,61.468,35.27,61.132,35.077,61.126,35.073,61.056,35.034,0.9998,0.999,0.9564,0.8316,-1.0,-1.0,-1.0,-1.0,-1.0,1.0,1.0,0.999702,293.0,258.5,17.2844,5.05806,0.338203,51.3263,0.325446,1.0,IN,24493.92754,24493.62546,0.950631,885134.0,711393885.0
23968,8.5831,Dummy,-1.531,29.045,-6.538,7.865,HMSDIS,0.25,3.3,0.9,2.0,19873.711,17.801,19916.445,17.839,19790.534,17.726,19769.078,17.707,19745.126,17.686,0.9997,0.9992,-999,-999,-1.0,-1.0,-1.0,1.0,-1.0,-1.0,0.99892,0.984977,-999,-999,-999,9.62619,0.0219999,-999,-999,1.0,IN,-999,-999,-999,287460.0,235284399.0
23969,8.5831,C,-1.531,29.045,-6.538,7.865,PI-SIDIS,0.25,3.3,0.9,2.0,54.105,28.741,54.167,28.774,53.87,28.617,53.845,28.604,53.782,28.57,0.9998,0.9992,0.9508,0.8168,-1.0,-1.0,-1.0,-1.0,-1.0,1.0,0.99991,0.999646,521.0,452.833,23.073,10.238,0.521651,51.3616,0.325516,1.0,IN,26618.49653,26617.21147,0.950687,1417873.0,955073493.0
23970,8.5831,C,-1.531,29.045,-6.538,7.865,PI-SIDIS,0.25,3.3,0.9,2.0,51.668,29.254,51.729,29.288,51.484,29.149,51.456,29.134,51.417,29.112,0.9998,0.9991,0.9497,0.8219,-1.0,-1.0,-1.0,-1.0,-1.0,1.0,0.99988,0.999643,506.0,435.333,22.7547,10.2426,0.535376,51.3364,0.33303,1.0,IN,25469.90606,25470.58394,0.9502,1353192.0,912101352.0
23971,8.5831,C,-1.531,29.045,-6.538,7.865,HMSDIS,0.25,3.3,0.9,2.0,9921.956,15.003,9951.389,15.048,9894.051,14.961,9882.594,14.944,9884.824,14.947,0.9998,0.9993,-999,-999,-1.0,-1.0,-1.0,1.0,-1.0,-1.0,0.99837,0.982544,-999,-999,-999,17.3537,0.0417976,-999,-999,1.0,IN,-999,-999,-999,259592.0,179333332.0
23972,8.5831,Cu,-1.531,29.045,-6.538,7.865,PI-SIDIS,0.25,3.3,0.9,2.0,55.878,29.754,55.95,29.793,55.779,29.701,55.717,29.669,55.725,29.673,0.9998,0.9991,0.9596,0.8212,-1.0,-1.0,-1.0,-1.0,-1.0,1.0,0.99994,0.999728,306.0,253.667,17.7404,5.52237,0.386212,51.388,0.351245,1.0,IN,23872.35378,23869.40122,0.94813,1289256.0,721780984.0
23973,8.5831,Cu,-1.531,29.045,-6.538,7.865,PI-SIDIS,0.25,3.3,0.9,2.0,18.45,27.88,18.478,27.921,18.443,27.868,18.41,27.819,18.424,27.84,1.0,0.999,0.9595,0.8344,-1.0,-1.0,-1.0,-1.0,-1.0,1.0,0.99995,0.999731,98.0,81.0,10.0416,5.25384,0.651319,51.4699,0.391432,1.0,IN,9042.13085,9042.57715,0.948367,425663.0,238471083.0
23974,8.5831,Cu,-1.531,29.045,-6.538,7.865,PI-SIDIS,0.25,3.3,0.9,2.0,52.692,28.152,52.773,28.196,52.759,28.188,52.638,28.123,52.687,28.149,0.9998,0.999,0.9582,0.834,-1.0,-1.0,-1.0,-1.0,-1.0,1.0,0.99993,0.99973,286.0,240.333,17.1351,5.46203,0.389427,51.337,0.34779,1.0,IN,6563.05293,6563.09207,0.949944,1220049.0,681102884.0
23975,8.5831,Cu,-1.531,29.045,-6.538,7.865,PI-SIDIS,0.25,3.3,0.9,2.0,16.239,14.993,16.291,15.041,16.257,15.01,16.226,14.981,16.239,14.993,0.9998,0.9989,0.9769,0.8598,-1.0,-1.0,-1.0,-1.0,-1.0,1.0,0.99995,0.999866,95.0,88.3333,9.80363,6.30795,0.700085,51.3754,0.312012,1.0,IN,7496.41448,7496.14252,0.954307,375607.0,213887755.0
23976,8.5831,Cu,-1.531,29.045,-6.538,7.865,HMSDIS,0.25,3.3,0.9,2.0,8477.604,12.81,8512.877,12.863,8504.733,12.851,8481.637,12.816,8493.814,12.834,0.9998,0.9992,-999,-999,-1.0,-1.0,-1.0,1.0,-1.0,-1.0,0.99863,0.987769,-999,-999,-999,15.417,0.0425895,-999,-999,1.0,IN,-999,-999,-999,197162.0,112297317.0
23977,8.5831,LH2,-1.531,29.045,-4.868,7.865,PI-SIDIS,0.25,3.3,0.67,2.0,47.115,29.167,47.2,29.219,47.106,29.162,46.987,29.088,46.978,29.082,0.9999,0.9989,0.9494,0.9228,-1.0,-1.0,-1.0,-1.0,-1.0,1.0,0.99992,0.999649,928.0,753.0,30.9381,17.2911,0.710429,51.3461,0.324207,1.010844,IN,1860.45675,1860.39125,0.953023,945517.0,561139547.0
23979,8.5831,LH2,-1.531,29.045,-4.868,7.865,PI-SIDIS,0.25,3.3,0.67,2.0,45.22,30.712,45.294,30.762,44.936,30.519,44.92,30.508,44.839,30.453,0.9997,0.9991,0.9508,0.9216,-1.0,-1.0,-1.0,-1.0,1.0,-1.0,1.0,0.999645,861.0,720.167,29.7401,17.2576,0.712671,51.4042,0.324814,1.011396,IN,15007.71059,15008.38841,0.92492,909188.0,541794110.0
23980,8.5831,LD2,-1.531,29.045,-4.868,7.865,PI-SIDIS,0.25,3.3,0.67,2.0,11.471,17.533,11.503,17.581,11.464,17.522,11.439,17.484,11.458,17.513,0.9997,0.9986,0.9418,0.9191,-1.0,-1.0,-1.0,-1.0,-1.0,1.0,0.99983,0.999581,484.0,376.833,22.4023,35.6597,2.11993,51.3161,0.314709,1.006141,IN,1576.40526,1576.39074,0.951882,443295.0,268189081.0
23981,8.5831,Dummy,-1.531,29.045,-4.868,7.865,PI-SIDIS,0.25,3.3,0.67,2.0,69.489,39.149,69.603,39.213,69.744,39.293,69.606,39.215,69.719,39.278,0.9999,0.9987,0.9515,0.9211,-1.0,-1.0,-1.0,-1.0,-1.0,1.0,0.99992,0.999663,815.0,659.5,28.9986,10.2886,0.452396,51.3166,0.329994,1.0,IN,34196.27981,34192.94319,0.951816,1006129.0,664476013.0
23982,8.5831,C,-1.531,29.045,-4.868,7.865,PI-SIDIS,0.25,3.3,0.67,2.0,10.717,26.935,10.738,26.989,10.737,26.985,10.709,26.917,10.723,26.95,0.9999,0.9988,0.9467,0.9173,-1.0,-1.0,-1.0,-1.0,-1.0,1.0,0.99994,0.999618,282.0,226.0,17.0685,22.948,1.73313,51.3576,0.322021,1.0,IN,549.84194,549.86406,0.952144,281534.0,156563510.0
23983,8.5831,C,-1.531,29.045,-4.868,7.865,PI-SIDIS,0.25,3.3,0.67,2.0,44.594,27.538,44.677,27.59,44.609,27.547,44.527,27.497,44.598,27.54,0.9998,0.9987,0.9452,0.9182,-1.0,-1.0,-1.0,-1.0,-1.0,1.0,0.99985,0.999608,1034.0,801.333,32.7533,19.5409,0.798705,51.3421,0.314448,1.0,IN,3532.62951,3533.19549,0.951969,1172396.0,647462766.0
23984,8.5831,Cu,-1.531,29.045,-4.868,7.865,PI-SIDIS,0.25,3.3,0.67,2.0,42.026,24.781,42.121,24.837,42.242,24.909,42.101,24.825,42.168,24.865,0.9997,0.9988,0.9542,0.9279,-1.0,-1.0,-1.0,-1.0,-1.0,1.0,1.0,0.999691,617.0,468.5,25.3328,11.9906,0.648356,51.3194,0.330334,1.0,IN,2655.36522,2655.36378,0.951511,974735.0,484519032.0
23985,8.5831,LH2,-1.531,29.045,-4.868,7.865,PI-SIDIS,0.25,3.3,0.67,2.0,55.028,31.984,55.123,32.039,55.057,32.001,54.937,31.931,54.982,31.957,0.9998,0.9987,0.9496,0.923,-1.0,-1.0,-1.0,-1.0,-1.0,1.0,0.99995,0.999646,984.0,783.167,31.8978,15.3967,0.627098,51.3575,0.326124,1.013995,IN,14515.06237,14515.29563,0.952092,1103614.0,658760232.0
23986,8.5831,LH2,-1.531,29.045,-4.868,7.865,PI-SIDIS,0.25,3.3,0.67,2.0,53.247,30.133,53.345,30.188,53.015,30.002,52.994,29.99,52.925,29.95,0.9998,0.9989,0.9501,0.9262,-1.0,-1.0,-1.0,-1.0,-1.0,1.0,0.99995,0.999647,992.0,790.0,32.026,15.9933,0.648355,51.3951,0.332236,1.011725,IN,24926.67681,24926.70419,0.949363,1070292.0,639589345.0
23987,8.5831,LH2,-1.531,29.045,-4.868,7.865,PI-SIDIS,0.25,3.3,0.67,2.0,47.438,29.341,47.521,29.393,47.364,29.296,47.321,29.269,47.351,29.287,0.9999,0.9983,0.9496,0.9295,-1.0,-1.0,-1.0,-1.0,-1.0,1.0,1.0,0.999651,890.0,710.667,30.3297,16.0907,0.686714,51.3545,0.314712,1.011889,IN,14500.32201,14498.02899,0.951745,955458.0,569101412.0
23988,8.5831,LH2,-1.531,29.045,-4.868,7.865,PI-SIDIS,0.25,3.3,0.67,2.0,50.422,30.643,50.504,30.693,50.396,30.627,50.335,30.59,50.381,30.618,0.9999,0.9989,0.9494,0.9235,-1.0,-1.0,-1.0,-1.0,-1.0,1.0,0.99997,0.999648,883.0,701.167,30.2209,15.0354,0.648042,51.3705,0.333955,1.012093,IN,4680.8251,4680.7489,0.95217,1014681.0,605341153.0
23989,8.5831,LH2,-1.531,29.045,-4.868,7.865,PI-SIDIS,0.25,3.3,0.67,2.0,64.807,36.597,64.918,36.66,64.956,36.682,64.827,36.609,64.906,36.653,0.9997,0.9989,0.9389,0.9113,-1.0,-1.0,-1.0,-1.0,-1.0,1.0,0.99991,0.999563,1277.0,981.667,36.4173,16.6,0.615818,51.3264,0.324721,1.015241,IN,13052.858,13051.068,0.950753,1298669.0,771077722.0
23990,8.5831,LH2,-1.531,29.045,-4.868,7.865,PI-SIDIS,0.25,3.3,0.67,2.0,35.08,19.455,35.167,19.503,35.107,19.47,35.019,19.421,35.079,19.454,0.9999,0.9989,0.9643,0.943,-1.0,-1.0,-1.0,-1.0,-1.0,1.0,1.0,0.999781,666.0,578.333,26.0885,17.4411,0.786767,51.3863,0.33605,1.007637,IN,10837.85176,10838.00524,0.956797,707476.0,424764700.0
23991,8.5831,LH2,-1.531,29.045,-4.868,7.865,PI-SIDIS,0.25,3.3,0.67,2.0,16.556,9.784,16.655,9.842,16.577,9.796,16.552,9.782,16.556,9.784,1.0,0.9987,0.9822,0.9555,-1.0,-1.0,-1.0,-1.0,-1.0,1.0,1.0,0.999892,328.0,308.667,18.1995,19.3961,1.14363,51.3885,0.322652,1.003666,IN,2849.33104,2849.58196,0.965041,336265.0,202686753.0
23992,8.5831,LD2,-1.531,29.045,-4.868,7.865,PI-SIDIS,0.25,3.3,0.67,2.0,30.109,18.743,30.186,18.79,30.057,18.71,29.988,18.667,30.027,18.691,0.9998,0.9986,0.9395,0.9176,-1.0,-1.0,-1.0,-1.0,-1.0,1.0,0.99984,0.999562,1296.0,996.167,36.6875,35.9773,1.32499,51.3618,0.323341,1.006563,IN,-0.0,0.0,0.949592,1164233.0,706324833.0
23993,8.5831,LD2,-1.531,29.045,-4.868,7.865,PI-SIDIS,0.25,3.3,0.67,2.0,35.939,19.088,36.023,19.133,35.838,19.035,35.75,18.988,35.791,19.01,0.9998,0.9986,0.939,0.9151,-1.0,-1.0,-1.0,-1.0,-1.0,1.0,1.0,0.999556,1582.0,1221.5,40.5226,37.0623,1.22952,51.3785,0.327963,1.006683,IN,17765.14294,17764.13606,0.949663,1386483.0,843241458.0
23994,8.5831,LD2,-1.531,29.045,-4.868,7.865,PI-SIDIS,0.25,3.3,0.67,2.0,42.127,19.161,42.224,19.205,41.948,19.08,41.896,19.056,41.888,19.052,0.9997,0.9986,0.9395,0.9171,-1.0,-1.0,-1.0,-1.0,-1.0,1.0,0.99986,0.999557,1823.0,1397.33,43.5195,36.1005,1.12434,51.3922,0.319523,1.006708,IN,9609.43141,9611.29259,0.948873,1624652.0,988422723.0
23995,8.5831,LD2,-1.531,29.045,-4.868,7.865,PI-SIDIS,0.25,3.3,0.67,2.0,27.394,18.947,27.458,18.992,27.26,18.855,27.241,18.842,27.221,18.828,0.9997,0.9985,0.9404,0.9157,-1.0,-1.0,-1.0,-1.0,-1.0,1.0,0.99987,0.999559,1172.0,915.833,34.8525,36.44,1.38674,51.3829,0.332798,1.006634,IN,9606.67827,9605.94373,0.949837,1058200.0,643315269.0
23996,8.5831,LD2,-1.531,29.045,-4.868,7.865,PI-SIDIS,0.25,3.3,0.67,2.0,25.933,13.932,26.025,13.982,25.793,13.857,25.793,13.857,25.757,13.838,0.9997,0.9989,0.9557,0.9348,-1.0,-1.0,-1.0,-1.0,-1.0,1.0,0.99994,0.999691,1089.0,906.0,33.4589,37.2544,1.37582,51.3848,0.322306,1.004884,IN,12829.45045,12829.32355,0.95285,1002827.0,614156683.0
23998,8.5831,LD2,-1.531,29.045,-4.868,7.865,PI-SIDIS,0.25,3.3,0.67,2.0,15.977,9.731,16.069,9.787,15.907,9.688,15.912,9.691,15.879,9.672,0.9999,0.999,0.9677,0.9457,-1.0,-1.0,-1.0,-1.0,-1.0,1.0,0.99996,0.999781,683.0,595.333,26.4123,39.1814,1.73831,51.396,0.311298,1.003419,IN,4682.55307,4682.58893,0.954257,619863.0,379931029.0
23999,8.5831,Dummy,-1.531,29.045,-4.868,7.865,PI-SIDIS,0.25,3.3,0.67,2.0,63.502,35.695,63.596,35.748,63.225,35.54,63.204,35.528,63.1,35.469,1.0,0.9988,0.9538,0.9208,-1.0,-1.0,-1.0,-1.0,-1.0,1.0,0.99992,0.999671,748.0,602.667,27.7889,10.2924,0.474582,51.3871,0.309106,1.0,IN,31213.60021,31216.18279,0.947922,918425.0,612139153.0
24001,8.5831,C,-1.531,29.045,-4.868,7.865,PI-SIDIS,0.25,3.3,0.67,2.0,53.558,31.074,53.64,31.122,53.265,30.905,53.255,30.898,53.162,30.845,0.9996,0.9988,0.9383,0.91,-1.0,-1.0,-1.0,-1.0,-1.0,1.0,0.99986,0.999548,1330.0,1010.17,37.1928,20.706,0.762364,51.3767,0.321919,1.0,IN,20213.1723,20213.4687,0.948362,1404599.0,784662133.0
24002,8.5831,C,-1.531,29.045,-4.868,7.865,PI-SIDIS,0.25,3.3,0.67,2.0,55.351,32.595,55.431,32.642,55.025,32.403,55.031,32.407,54.948,32.358,0.9996,0.9991,0.9376,0.9105,-1.0,-1.0,-1.0,-1.0,-1.0,1.0,0.99984,0.999545,1332.0,1010.67,37.2231,20.0364,0.737944,51.3661,0.322848,1.0,IN,27234.54802,27230.75998,0.948121,1453168.0,810725742.0
24003,8.5831,C,-1.531,29.045,-4.868,7.865,PI-SIDIS,0.25,3.3,0.67,2.0,53.73,30.47,53.815,30.518,53.469,30.322,53.451,30.311,53.369,30.265,0.9997,0.9991,0.9364,0.9085,-1.0,-1.0,-1.0,-1.0,-1.0,1.0,0.99983,0.999549,1300.0,995.5,36.7526,20.3713,0.752081,51.3855,0.322811,1.0,IN,26398.77023,26400.17977,0.948497,1409634.0,787961829.0
24004,8.5831,C,-1.531,29.045,-4.868,7.865,PI-SIDIS,0.25,3.3,0.67,2.0,29.316,16.836,29.396,16.882,29.172,16.753,29.146,16.738,29.116,16.721,0.9997,0.9993,0.966,0.937,-1.0,-1.0,-1.0,-1.0,-1.0,1.0,0.99994,0.999769,711.0,620.833,26.9449,22.5477,0.978599,51.3932,0.311054,1.0,IN,14427.56397,14427.62203,0.95324,768111.0,434852206.0
24005,8.5831,Cu,-1.531,29.045,-4.868,7.865,PI-SIDIS,0.25,3.3,0.67,2.0,67.393,37.802,67.487,37.855,67.112,37.645,67.105,37.641,67.002,37.583,0.9996,0.9992,0.9401,0.9116,-1.0,-1.0,-1.0,-1.0,-1.0,1.0,0.99987,0.999581,915.0,615.0,31.0644,10.0018,0.505206,51.3759,0.316541,1.0,IN,33160.78099,33161.10401,0.945647,1556675.0,776055915.0
24006,8.5831,Cu,-1.531,29.045,-4.868,7.865,PI-SIDIS,0.25,3.3,0.67,2.0,60.886,36.237,60.978,36.292,60.678,36.114,60.664,36.105,60.577,36.053,0.9996,0.999,0.941,0.9116,-1.0,-1.0,-1.0,-1.0,-1.0,1.0,0.99982,0.999584,920.0,654.333,31.0528,11.7781,0.558953,51.3872,0.347536,1.0,IN,14006.68988,14004.34812,0.94603,1404780.0,701350981.0
24007,8.5831,Cu,-1.531,29.045,-4.868,7.865,PI-SIDIS,0.25,3.3,0.67,2.0,60.493,35.219,60.59,35.276,60.321,35.119,60.301,35.107,60.219,35.059,0.9998,0.9992,0.9411,0.9103,-1.0,-1.0,-1.0,-1.0,-1.0,1.0,0.99984,0.999588,902.0,634.0,30.7679,11.4989,0.558042,51.3593,0.334121,1.0,IN,23997.27871,23998.39429,0.945932,1398831.0,697201238.0
24008,8.5831,Cu,-1.531,29.045,-4.868,7.865,PI-SIDIS,0.25,3.3,0.67,2.0,16.411,36.919,16.436,36.975,16.368,36.822,16.364,36.813,16.341,36.761,0.9997,0.9987,0.9378,0.917,-1.0,-1.0,-1.0,-1.0,-1.0,1.0,0.99987,0.99958,242.0,171.833,15.9278,11.4059,1.05725,51.39,0.317811,1.0,IN,7995.418,7995.363,0.945024,378963.0,188780601.0
24009,8.5831,Cu,-1.531,29.045,-4.868,7.865,PI-SIDIS,0.25,3.3,0.67,2.0,83.337,36.674,83.469,36.732,83.155,36.594,83.128,36.582,83.047,36.546,0.9997,0.9991,0.9404,0.9127,-1.0,-1.0,-1.0,-1.0,-1.0,1.0,0.99985,0.999583,1273.0,911.5,36.5137,11.9701,0.479509,51.3691,0.337404,1.0,IN,27025.12969,27021.28231,0.945776,1926577.0,960025461.0
24010,8.5831,Cu,-1.531,29.045,-4.868,7.865,PI-SIDIS,0.25,3.3,0.67,2.0,74.333,35.421,74.463,35.483,74.298,35.405,74.228,35.371,74.178,35.347,0.9998,0.9991,0.9412,0.9113,-1.0,-1.0,-1.0,-1.0,-1.0,1.0,0.99987,0.999585,1095.0,773.333,33.8912,11.4001,0.499606,51.3478,0.329028,1.0,IN,1937.16826,1937.34674,0.947292,1722136.0,857833787.0
24011,8.5831,LH2,-1.531,29.045,-4.868,7.865,PI-SIDIS,0.25,3.3,0.67,2.0,62.759,35.042,62.87,35.104,62.814,35.073,62.718,35.019,62.722,35.021,0.9997,0.9991,0.9387,0.9107,-1.0,-1.0,-1.0,-1.0,-1.0,1.0,0.99991,0.999565,1212.0,929.0,35.4847,16.2318,0.620001,51.3497,0.326436,1.015501,IN,30843.47333,30842.84767,0.950431,1256200.0,751893602.0
24012,8.5831,LH2,-1.531,29.045,-4.868,7.865,PI-SIDIS,0.25,3.3,0.67,2.0,62.673,36.349,62.781,36.412,62.731,36.383,62.637,36.328,62.646,36.334,0.9998,0.9991,0.9368,0.91,-1.0,-1.0,-1.0,-1.0,-1.0,1.0,0.99989,0.999562,1166.0,872.833,34.8549,15.2825,0.610277,51.3444,0.331643,1.013802,IN,13240.24816,13241.03184,0.950141,1257887.0,752859916.0
24013,8.5831,LH2,-1.531,29.045,-4.868,7.865,PI-SIDIS,0.25,3.3,0.67,2.0,68.646,38.467,68.76,38.531,68.729,38.514,68.636,38.461,68.63,38.458,0.9998,0.9992,0.9389,0.9135,-1.0,-1.0,-1.0,-1.0,-1.0,1.0,1.0,0.999559,1269.0,965.5,36.3261,15.3743,0.578443,51.3499,0.326686,1.017148,IN,33773.83364,33774.47436,0.95122,1371231.0,822835196.0
24014,8.5831,LH2,-1.531,29.045,-4.868,7.865,PI-SIDIS,0.25,3.3,0.67,2.0,65.054,36.351,65.171,36.416,65.195,36.43,65.085,36.368,65.123,36.389,0.9998,0.9992,0.9397,0.9104,-1.0,-1.0,-1.0,-1.0,-1.0,1.0,1.0,0.999564,1200.0,905.167,35.3432,15.2591,0.595807,51.3349,0.330215,1.017543,IN,32035.9598,32035.9282,0.951362,1299412.0,778213521.0
24015,8.5831,LH2,-1.531,29.045,-4.868,7.865,PI-SIDIS,0.25,3.3,0.67,2.0,46.66,25.255,46.755,25.307,46.723,25.289,46.631,25.24,46.652,25.251,0.9996,0.9994,0.957,0.9322,-1.0,-1.0,-1.0,-1.0,-1.0,1.0,0.99996,0.999705,838.0,692.5,29.3641,15.8954,0.674013,51.3528,0.31555,1.010421,IN,22948.42954,22948.13946,0.957115,938158.0,565741924.0
24016,8.5831,LH2,-1.531,29.045,-4.868,7.865,PI-SIDIS,0.25,3.3,0.67,2.0,24.407,12.83,24.511,12.885,24.449,12.853,24.412,12.833,24.416,12.835,0.9995,0.9992,0.9754,0.9476,-1.0,-1.0,-1.0,-1.0,-1.0,1.0,0.99998,0.999859,407.0,369.0,20.3306,15.8952,0.875771,51.3558,0.322464,1.004884,IN,10450.00117,10450.35283,0.962689,493672.0,299610666.0
24017,8.5831,LH2,-1.531,29.045,-4.868,7.865,HMSDIS,0.25,3.3,0.67,2.0,21107.696,12.587,21200.95,12.643,21160.694,12.619,21121.161,12.595,21135.403,12.604,0.9998,0.9992,-999,-999,-1.0,-1.0,-1.0,1.0,-1.0,-1.0,0.99924,0.985946,-999,-999,-999,13.5567,0.0252993,-999,-999,1.004796,IN,-999,-999,-999,427407.0,259352868.0
24018,8.5831,LH2,-1.531,29.045,-4.868,7.865,SHMSDIS,0.25,3.3,0.67,2.0,22212.694,12.906,22307.33,12.961,22256.896,12.932,22223.428,12.913,22226.385,12.914,-999,-999,0.9772,0.8662,-1.0,65.0,-1.0,-1.0,-1.0,-1.0,0.99872,0.98593,-999,-999,-999,-651790.0,-440.854,-999,-999,1.004851,IN,-999,-999,-999,447938.0,272784307.0
24019,8.5831,LD2,-1.531,29.045,-4.868,7.865,PI-SIDIS,0.25,3.3,0.67,2.0,32.86,19.632,32.942,19.681,32.914,19.664,32.838,19.618,32.857,19.63,0.9998,0.999,0.9392,0.9157,-1.0,-1.0,-1.0,-1.0,-1.0,1.0,1.0,0.999556,1437.0,1122.5,38.593,37.2195,1.27965,51.3484,0.32888,1.006875,IN,11905.22771,11905.68429,0.952737,1270743.0,775264294.0
24020,8.5831,LD2,-1.531,29.045,-4.868,7.865,PI-SIDIS,0.25,3.3,0.67,2.0,29.209,19.491,29.285,19.542,29.267,19.53,29.198,19.484,29.234,19.508,0.9997,0.999,0.9391,0.9168,-1.0,-1.0,-1.0,-1.0,-1.0,1.0,0.99988,0.999555,1321.0,1030.17,37.0064,38.3858,1.37892,51.3445,0.336875,1.006826,IN,4021.98658,4022.94842,0.952749,1129249.0,688919375.0
24021,8.5831,LD2,-1.531,29.045,-4.868,7.865,PI-SIDIS,0.25,3.3,0.67,2.0,33.428,19.542,33.515,19.593,33.506,19.588,33.428,19.542,33.47,19.566,0.9997,0.999,0.9415,0.918,-1.0,-1.0,-1.0,-1.0,-1.0,1.0,0.99984,0.999556,1407.0,1089.17,38.2096,35.417,1.24248,51.3421,0.340944,1.006844,IN,8767.8638,8769.3542,0.952395,1290808.0,788783541.0
24022,8.5831,LD2,-1.531,29.045,-4.868,7.865,PI-SIDIS,0.25,3.3,0.67,2.0,33.91,19.559,33.999,19.61,34.005,19.614,33.917,19.563,33.955,19.585,0.9997,0.9989,0.94,0.9173,-1.0,-1.0,-1.0,-1.0,-1.0,1.0,0.99989,0.999554,1458.0,1126.17,38.9012,36.1248,1.24786,51.3451,0.327061,1.00685,IN,8187.10836,8187.05964,0.953321,1307319.0,800485782.0
24023,8.5831,LD2,-1.531,29.045,-4.868,7.865,PI-SIDIS,0.25,3.3,0.67,2.0,5.098,14.395,5.117,14.45,5.113,14.437,5.102,14.407,5.108,14.424,1.0,0.9991,0.9516,0.9353,-1.0,-1.0,-1.0,-1.0,-1.0,1.0,0.99992,0.999683,236.0,201.5,15.5483,42.1058,3.249,51.3657,0.304778,1.005047,IN,2495.08752,2495.04948,0.956568,196208.0,121285275.0
24024,8.5831,LD2,-1.531,29.045,-4.868,7.865,PI-SIDIS,0.25,3.3,0.67,2.0,23.844,13.959,23.94,14.015,23.922,14.004,23.875,13.977,23.88,13.98,0.9997,0.9988,0.9572,0.9341,-1.0,-1.0,-1.0,-1.0,-1.0,1.0,1.0,0.99969,1000.0,830.667,32.0659,37.1569,1.43435,51.3541,0.324418,1.004895,IN,11777.00692,11777.35808,0.957017,920263.0,567482454.0
24026,8.5831,LD2,-1.531,29.045,-4.868,7.865,PI-SIDIS,0.25,3.3,0.67,2.0,17.593,9.798,17.703,9.859,17.669,9.841,17.632,9.82,17.637,9.823,0.9995,0.9991,0.9676,0.942,-1.0,-1.0,-1.0,-1.0,-1.0,1.0,0.99999,0.99978,674.0,582.167,26.2546,34.928,1.57519,51.3784,0.354987,1.003444,IN,767.24931,767.20469,0.959189,680546.0,418841394.0
24027,8.5831,LD2,-1.531,29.045,-4.868,7.865,HMSDIS,0.25,3.3,0.67,2.0,13128.623,9.538,13214.296,9.6,13097.12,9.515,13082.293,9.504,13053.495,9.484,0.9998,0.999,-999,-999,-1.0,-1.0,-1.0,1.0,-1.0,-1.0,0.8076,0.978178,-999,-999,-999,31.4078,0.0542552,-999,-999,1.003353,IN,-999,-999,-999,508075.0,311825029.0
24031,8.5831,LD2,-1.531,29.045,-4.868,7.865,SHMSDIS,0.25,3.3,0.67,2.0,14454.433,9.56,14546.259,9.621,14438.063,9.549,14429.652,9.543,14416.675,9.535,-999,-999,0.9675,0.8642,-1.0,129.0,-1.0,-1.0,-1.0,-1.0,0.99909,0.978163,-999,-999,-999,-1268120.0,-1078.14,-999,-999,1.003361,IN,-999,-999,-999,560456.0,343256263.0
24032,8.5831,Dummy,-1.531,29.045,-4.868,7.865,PI-SIDIS,0.25,3.3,0.67,2.0,69.155,33.908,69.297,33.978,69.266,33.963,69.151,33.906,69.168,33.915,0.9999,0.9986,0.953,0.9245,-1.0,-1.0,-1.0,-1.0,-1.0,1.0,0.99993,0.999674,790.0,643.833,28.537,10.0514,0.445514,51.3567,0.314929,1.0,IN,-0.0,0.0,0.950435,1000555.0,666754217.0
24038,8.5831,Dummy,-1.531,29.045,-4.868,7.865,SHMSDIS,0.25,3.3,0.67,2.0,14928.053,18.417,14969.44,18.469,14886.561,18.366,14873.779,18.35,14869.06,18.345,-999,-999,0.9731,0.8601,-1.0,129.0,-1.0,-1.0,-1.0,-1.0,0.99979,0.983701,-999,-999,-999,-528121.0,-683.88,-999,-999,1.0,IN,-999,-999,-999,297689.0,145880637.0
24039,8.5831,C,-1.531,29.045,-4.868,7.865,PI-SIDIS,0.25,3.3,0.67,2.0,6.326,15.0,6.353,15.064,6.386,15.143,6.345,15.046,6.344,15.044,1.0,0.9986,0.9469,0.9148,-1.0,-1.0,-1.0,-1.0,-1.0,1.0,0.99985,0.999624,127.0,97.5,11.4855,16.779,1.97656,51.391,0.321869,1.0,IN,2265.30753,2265.78147,0.948362,166621.0,92519342.0
24040,8.5831,C,-1.531,29.045,-4.868,7.865,PI-SIDIS,0.25,3.3,0.67,2.0,34.499,27.805,34.57,27.862,34.465,27.777,34.435,27.754,34.4,27.725,0.9997,0.9988,0.9431,0.9149,-1.0,-1.0,-1.0,-1.0,-1.0,1.0,0.99985,0.999578,828.0,641.5,29.3101,20.2917,0.927128,51.3578,0.310155,1.0,IN,17037.53131,17034.59769,0.950288,907866.0,502578026.0
24041,8.5831,C,-1.531,29.045,-4.868,7.865,PI-SIDIS,0.25,3.3,0.67,2.0,46.283,29.433,46.377,29.493,46.343,29.472,46.263,29.421,46.26,29.419,0.9998,0.9989,0.9398,0.9104,-1.0,-1.0,-1.0,-1.0,-1.0,1.0,0.99985,0.999558,1136.0,881.833,34.3273,20.8931,0.813309,51.3472,0.336531,1.0,IN,6014.48147,6015.66953,0.95157,1217991.0,673594626.0
24042,8.5831,C,-1.531,29.045,-4.868,7.865,PI-SIDIS,0.25,3.3,0.67,2.0,42.147,32.982,42.222,33.041,42.16,32.993,42.12,32.961,42.108,32.951,0.9998,0.9989,0.9391,0.9121,-1.0,-1.0,-1.0,-1.0,-1.0,1.0,0.99984,0.999546,1071.0,810.833,33.382,21.0623,0.867136,51.3154,0.338686,1.0,IN,214.44258,213.18742,0.951454,1109077.0,620471661.0
24043,8.5831,C,-1.531,29.045,-4.868,7.865,PI-SIDIS,0.25,3.3,0.67,2.0,26.597,15.767,26.691,15.823,26.658,15.803,26.583,15.759,26.614,15.777,0.9999,0.9993,0.9692,0.9405,-1.0,-1.0,-1.0,-1.0,-1.0,1.0,1.0,0.99978,626.0,546.667,25.2828,21.7792,1.00727,51.3415,0.3207,1.0,IN,1560.21319,1560.62681,0.958798,697366.0,396287886.0
24044,8.5831,C,-1.531,29.045,-4.868,7.865,HMSDIS,0.25,3.3,0.67,2.0,14590.168,16.662,14637.576,16.716,14606.091,16.68,14573.713,16.643,14588.73,16.66,0.9998,0.9991,-999,-999,-1.0,-1.0,-1.0,1.0,-1.0,-1.0,0.99736,0.977977,-999,-999,-999,17.3815,0.0345084,-999,-999,1.0,IN,-999,-999,-999,382752.0,217456690.0
24046,8.5831,C,-1.531,29.045,-4.868,7.865,SHMSDIS,0.25,3.3,0.67,2.0,16652.306,16.449,16708.216,16.504,16691.906,16.488,16648.835,16.445,16667.539,16.464,-999,-999,0.9694,0.8594,-1.0,129.0,-1.0,-1.0,-1.0,-1.0,0.99885,0.978028,-999,-999,-999,-796631.0,-796.539,-999,-999,1.0,IN,-999,-999,-999,436919.0,248284710.0
24047,8.5831,Cu,-1.531,29.045,-4.868,7.865,PI-SIDIS,0.25,3.3,0.67,2.0,60.974,34.777,61.104,34.851,61.26,34.94,61.124,34.863,61.179,34.894,0.9997,0.9987,0.9427,0.9133,-1.0,-1.0,-1.0,-1.0,-1.0,1.0,0.99988,0.999585,899.0,634.667,30.7092,11.3774,0.550513,51.3264,0.357147,1.0,IN,19634.64031,19635.89269,0.948498,1414702.0,705826326.0
24048,8.5831,Cu,-1.531,29.045,-4.868,7.865,PI-SIDIS,0.25,3.3,0.67,2.0,58.601,33.823,58.735,33.9,58.969,34.036,58.807,33.942,58.878,33.983,0.9997,0.9989,0.9424,0.9158,-1.0,-1.0,-1.0,-1.0,-1.0,1.0,0.99985,0.999586,888.0,640.5,30.4836,11.9129,0.566978,51.3376,0.321902,1.0,IN,17763.55717,17759.04383,0.94956,1355812.0,677745296.0
24049,8.5831,Cu,-1.531,29.045,-4.868,7.865,PI-SIDIS,0.25,3.3,0.67,2.0,63.34,34.892,63.485,34.972,63.734,35.109,63.57,35.019,63.648,35.062,0.9998,0.9987,0.9426,0.914,-1.0,-1.0,-1.0,-1.0,-1.0,1.0,0.99987,0.999585,1019.0,752.0,32.6113,12.9641,0.562203,51.3237,0.324342,1.0,IN,31166.46612,31160.05188,0.948872,1465722.0,731681049.0
24050,8.5831,Cu,-1.531,29.045,-4.868,7.865,PI-SIDIS,0.25,3.3,0.67,2.0,67.302,35.878,67.452,35.958,67.227,35.839,67.114,35.778,67.054,35.746,0.9997,0.9989,0.9426,0.9126,-1.0,-1.0,-1.0,-1.0,-1.0,1.0,0.99984,0.999582,1032.0,728.5,32.9026,11.84,0.534753,51.2981,0.344443,1.0,IN,33111.83978,33104.25322,0.948602,1552621.0,777463821.0
24051,8.5831,Cu,-1.531,29.045,-4.868,7.865,PI-SIDIS,0.25,3.3,0.67,2.0,56.641,33.349,56.765,33.422,56.611,33.331,56.54,33.289,56.562,33.302,0.9997,0.9988,0.943,0.9167,-1.0,-1.0,-1.0,-1.0,-1.0,1.0,0.99983,0.999588,837.0,582.0,29.6564,11.1897,0.570182,51.2507,0.332162,1.0,IN,27870.60558,27871.23442,0.951794,1309938.0,654947541.0
24052,8.5831,Cu,-1.531,29.045,-4.868,7.865,HMSDIS,0.25,3.3,0.67,2.0,16392.024,18.647,16440.628,18.702,16403.046,18.659,16368.555,18.62,16399.981,18.656,0.9998,0.999,-999,-999,-1.0,-1.0,-1.0,1.0,-1.0,-1.0,0.99852,0.979433,-999,-999,-999,15.3042,0.0305359,-999,-999,1.0,IN,-999,-999,-999,379435.0,191626666.0
24053,8.5831,Cu,-1.531,29.045,-4.868,7.865,SHMSDIS,0.25,3.3,0.67,2.0,15142.016,18.947,15186.219,19.002,15168.887,18.98,15134.746,18.937,15178.818,18.993,-999,-999,0.9705,0.8605,-1.0,129.0,-1.0,-1.0,-1.0,-1.0,0.99894,0.979374,-999,-999,-999,-630355.0,-742.788,-999,-999,1.0,IN,-999,-999,-999,350521.0,177228787.0
24054,8.5831,LH2,-1.531,29.045,-4.868,7.865,PI-SIDIS,0.25,3.3,0.67,2.0,61.416,36.105,61.553,36.185,61.769,36.312,61.631,36.231,61.788,36.323,0.9997,0.9988,0.9413,0.9144,-1.0,-1.0,-1.0,-1.0,-1.0,1.0,0.9999,0.999564,1190.0,908.833,35.169,16.1537,0.625098,51.2001,0.347328,1.014658,IN,14392.84069,14395.89931,0.957262,1229361.0,739984811.0
24055,8.5831,LH2,-1.531,29.045,-4.868,7.865,PI-SIDIS,0.25,3.3,0.67,2.0,62.669,31.563,62.834,31.646,63.066,31.763,62.854,31.656,62.971,31.715,0.9997,0.9988,0.941,0.9098,-1.0,-1.0,-1.0,-1.0,-1.0,1.0,0.99989,0.999571,1150.0,875.833,34.5788,15.327,0.605127,51.2016,0.328584,1.012182,IN,21973.24158,21972.12142,0.956617,1258888.0,755723951.0
24056,8.5831,LH2,-1.531,29.045,-4.868,7.865,PI-SIDIS,0.25,3.3,0.67,2.0,64.681,37.246,64.828,37.33,64.508,37.146,64.44,37.107,64.386,37.076,0.9997,0.9988,0.9426,0.9138,-1.0,-1.0,-1.0,-1.0,-1.0,1.0,0.99987,0.99956,1234.0,959.0,35.7748,16.1954,0.604158,51.2658,0.336405,1.016226,IN,1063.55967,1063.85533,0.952897,1295459.0,777305848.0
24057,8.5831,LH2,-1.531,29.045,-4.868,7.865,PI-SIDIS,0.25,3.3,0.67,2.0,58.052,34.866,58.181,34.943,58.118,34.906,58.026,34.85,58.132,34.914,0.9998,0.9986,0.9419,0.911,-1.0,-1.0,-1.0,-1.0,-1.0,1.0,0.9999,0.999566,1104.0,849.833,33.858,16.0384,0.638983,51.2263,0.342606,1.014688,IN,2488.28869,2488.19031,0.956175,1162301.0,698754467.0
24058,8.5831,LH2,-1.531,29.045,-4.868,7.865,PI-SIDIS,0.25,3.3,0.67,2.0,38.76,24.989,38.855,25.05,38.868,25.058,38.783,25.004,38.883,25.068,0.9999,0.9987,0.9605,0.9312,-1.0,-1.0,-1.0,-1.0,-1.0,1.0,0.99997,0.999707,684.0,558.833,26.5492,15.4471,0.733867,51.2364,0.337804,1.010235,IN,19107.67624,19106.87376,0.961431,779337.0,470851006.0
24059,8.5831,LH2,-1.531,29.045,-4.868,7.865,PI-SIDIS,0.25,3.3,0.67,2.0,23.059,13.125,23.167,13.186,23.165,13.185,23.119,13.159,23.175,13.191,1.0,0.9986,0.9763,0.9533,-1.0,-1.0,-1.0,-1.0,-1.0,1.0,0.99996,0.999857,379.0,339.833,19.6349,15.3881,0.889094,51.2456,0.315428,1.004998,IN,5955.24873,5955.08827,0.968214,466102.0,283747651.0
24060,8.5831,LD2,-1.531,29.045,-4.868,7.865,PI-SIDIS,0.25,3.3,0.67,2.0,30.041,18.643,30.138,18.703,29.987,18.609,29.926,18.571,29.937,18.578,0.9998,0.9986,0.9406,0.9176,-1.0,-1.0,-1.0,-1.0,-1.0,1.0,0.99985,0.999557,1248.0,950.833,36.0212,34.3946,1.303,51.251,0.3466,1.006533,IN,3194.46031,3193.96869,0.955255,1157975.0,709942602.0
24061,8.5831,LD2,-1.531,29.045,-4.868,7.865,PI-SIDIS,0.25,3.3,0.67,2.0,35.699,20.048,35.799,20.104,35.631,20.01,35.585,19.985,35.63,20.01,0.9998,0.9987,0.9403,0.9164,-1.0,-1.0,-1.0,-1.0,-1.0,1.0,0.99987,0.99955,1517.0,1170.67,39.6828,35.6962,1.21001,51.225,0.334381,1.007022,IN,17594.59348,17594.44452,0.955803,1380324.0,843575492.0
24062,8.5831,LD2,-1.531,29.045,-4.868,7.865,PI-SIDIS,0.25,3.3,0.67,2.0,34.404,19.711,34.502,19.767,34.459,19.742,34.384,19.699,34.49,19.76,0.9997,0.9984,0.9408,0.9174,-1.0,-1.0,-1.0,-1.0,-1.0,1.0,0.99985,0.999552,1462.0,1114.5,38.9861,35.2269,1.23226,51.1821,0.357203,1.006905,IN,16964.23181,16964.98819,0.957001,1331144.0,813326422.0
24063,8.5831,LD2,-1.531,29.045,-4.868,7.865,PI-SIDIS,0.25,3.3,0.67,2.0,30.492,18.894,30.589,18.954,30.627,18.978,30.545,18.927,30.641,18.986,0.9998,0.9984,0.9423,0.9165,-1.0,-1.0,-1.0,-1.0,-1.0,1.0,0.99985,0.999563,1325.0,1041.5,37.0439,37.1631,1.32181,51.2211,0.33536,1.006621,IN,1548.24682,1548.36018,0.957732,1179134.0,721314373.0
24064,8.5831,LD2,-1.531,29.045,-4.868,7.865,PI-SIDIS,0.25,3.3,0.67,2.0,22.606,13.581,22.71,13.643,22.697,13.635,22.643,13.603,22.684,13.628,0.9998,0.998,0.9564,0.9348,-1.0,-1.0,-1.0,-1.0,-1.0,1.0,1.0,0.999693,981.0,827.333,31.7271,38.9791,1.4948,51.2367,0.321268,1.004765,IN,5665.34471,5665.72529,0.96071,873576.0,538957454.0
24065,8.5831,LD2,-1.531,29.045,-4.868,7.865,PI-SIDIS,0.25,3.3,0.67,2.0,15.875,9.738,15.981,9.804,15.832,9.712,15.825,9.707,15.814,9.701,1.0,0.9987,0.9686,0.9437,-1.0,-1.0,-1.0,-1.0,-1.0,1.0,0.99992,0.999782,617.0,527.5,25.138,34.9798,1.66696,51.3058,0.310735,1.003425,IN,21.88236,21.62664,0.960631,616229.0,380181421.0
24066,8.5831,Dummy,-1.531,29.045,-4.868,7.865,PI-SIDIS,0.25,3.3,0.67,2.0,55.204,33.796,55.327,33.871,55.352,33.887,55.246,33.822,55.359,33.891,0.9998,0.9984,0.9539,0.9228,-1.0,-1.0,-1.0,-1.0,-1.0,1.0,0.99996,0.999676,609.0,483.667,25.0976,9.47555,0.491689,51.1788,0.341764,1.0,IN,11624.84563,11623.84637,0.957821,800045.0,536682953.0
24067,8.5831,C,-1.531,29.045,-4.868,7.865,PI-SIDIS,0.25,3.3,0.67,2.0,44.224,31.7,44.319,31.768,44.411,31.834,44.328,31.774,44.439,31.854,0.9997,0.998,0.9389,0.9089,-1.0,-1.0,-1.0,-1.0,-1.0,1.0,0.99986,0.999553,1083.0,825.333,33.5551,20.4981,0.833381,51.1905,0.343022,1.0,IN,7995.5498,7995.9382,0.956497,1164745.0,652535997.0
24068,8.5831,C,-1.531,29.045,-4.868,7.865,PI-SIDIS,0.25,3.3,0.67,2.0,44.498,29.861,44.603,29.931,44.751,30.031,44.654,29.966,44.755,30.034,0.9996,0.9983,0.94,0.9131,-1.0,-1.0,-1.0,-1.0,-1.0,1.0,0.99985,0.999564,1105.0,849.5,33.876,20.8699,0.832243,51.2081,0.341342,1.0,IN,2876.82115,2877.92585,0.956544,1172449.0,656961106.0
24069,8.5831,C,-1.531,29.045,-4.868,7.865,PI-SIDIS,0.25,3.3,0.67,2.0,59.906,34.437,60.033,34.51,60.21,34.611,60.108,34.553,60.22,34.617,0.9998,0.9981,0.9391,0.9096,-1.0,-1.0,-1.0,-1.0,-1.0,1.0,0.99986,0.99954,1463.0,1102.17,39.0274,20.1909,0.714954,51.209,0.353977,1.0,IN,13835.29193,13834.05207,0.955835,1575809.0,883444883.0
24070,8.5831,C,-1.531,29.045,-4.868,7.865,PI-SIDIS,0.25,3.3,0.67,2.0,29.306,16.068,29.414,16.128,29.43,16.137,29.35,16.093,29.437,16.14,0.9997,0.9984,0.968,0.9385,-1.0,-1.0,-1.0,-1.0,-1.0,1.0,0.99998,0.999782,659.0,572.333,25.9508,20.7396,0.940379,51.2129,0.329301,1.0,IN,3542.43422,3542.89578,0.962117,769452.0,437408451.0
24071,8.5831,Cu,-1.531,29.045,-4.868,7.865,PI-SIDIS,0.25,3.3,0.67,2.0,71.436,36.462,71.514,36.502,71.4,36.444,71.275,36.38,71.384,36.436,0.9996,0.998,0.9435,0.9132,-1.0,-1.0,-1.0,-1.0,-1.0,1.0,0.99985,0.999594,1056.0,749.333,33.2733,11.4804,0.509772,51.2084,0.356013,1.0,IN,8822.05074,8820.43926,0.951391,1667427.0,815315113.0
24072,8.5831,Cu,-1.531,29.045,-4.868,7.865,PI-SIDIS,0.25,3.3,0.67,2.0,61.069,36.137,61.141,36.179,61.075,36.14,60.949,36.065,61.04,36.12,0.9996,0.9983,0.9425,0.9109,-1.0,-1.0,-1.0,-1.0,-1.0,1.0,0.99986,0.999588,933.0,660.5,31.2797,11.866,0.561947,51.221,0.355672,1.0,IN,10012.75811,10013.77089,0.951147,1420983.0,702025294.0
24073,8.5831,Cu,-1.531,29.045,-4.868,7.865,PI-SIDIS,0.25,3.3,0.67,2.0,63.146,35.971,63.222,36.014,63.163,35.981,63.03,35.905,63.146,35.971,0.9996,0.9984,0.9418,0.9133,-1.0,-1.0,-1.0,-1.0,-1.0,1.0,0.99986,0.999589,933.0,652.333,31.3014,11.3038,0.542397,51.2356,0.35298,1.0,IN,31039.49578,31038.56122,0.951539,1465844.0,725649999.0
24074,8.5831,Cu,-1.531,29.045,-4.868,7.865,PI-SIDIS,0.25,3.3,0.67,2.0,65.35,36.828,65.413,36.864,65.32,36.812,65.209,36.749,65.282,36.79,0.9998,0.9984,0.9428,0.9162,-1.0,-1.0,-1.0,-1.0,-1.0,1.0,0.99985,0.999596,957.0,685.0,31.6596,11.4337,0.52845,51.2183,0.33033,1.0,IN,32127.87951,32123.85049,0.951999,1518558.0,751572207.0
24075,8.5831,Cu,-1.531,29.045,-4.868,7.865,PI-SIDIS,0.25,3.3,0.67,2.0,59.436,33.875,59.506,33.914,59.486,33.903,59.35,33.825,59.452,33.884,0.9998,0.9983,0.9452,0.9157,-1.0,-1.0,-1.0,-1.0,-1.0,1.0,1.0,0.999599,839.0,588.0,29.6788,10.7932,0.544778,51.2335,0.336425,1.0,IN,13420.46368,13417.79932,0.951725,1379238.0,683912999.0
24076,8.5831,Cu,-1.531,29.045,-4.868,7.865,PI-SIDIS,0.25,3.3,0.67,2.0,64.905,36.679,64.97,36.715,64.909,36.681,64.798,36.618,64.91,36.681,0.9998,0.9986,0.9428,0.912,-1.0,-1.0,-1.0,-1.0,-1.0,1.0,0.99988,0.999596,878.0,595.333,30.4156,10.0506,0.513487,51.2316,0.320506,1.0,IN,31906.06693,31905.07207,0.951773,1504460.0,746277472.0
24078,8.5831,Cu,-1.531,29.045,-4.868,7.865,SHMSDIS,0.25,3.3,0.67,2.0,2320.74,4.573,2355.46,4.641,2339.403,4.61,2327.684,4.587,2330.376,4.592,-999,-999,0.9895,0.8976,-1.0,33.0,-1.0,-1.0,-1.0,-1.0,1.0,0.995295,-999,-999,-999,-645976.0,-956.356,-999,-999,1.0,IN,-999,-999,-999,54575.0,27396409.0
24079,8.5831,Cu,-1.531,29.045,-4.868,7.865,PI-SIDIS,0.25,3.3,0.67,2.0,61.173,34.942,61.254,34.988,61.288,35.007,61.157,34.933,61.257,34.99,0.9996,0.9985,0.9404,0.9125,-1.0,-1.0,-1.0,-1.0,-1.0,1.0,0.99985,0.999583,916.0,643.0,31.0081,11.5102,0.555067,51.2365,0.338931,1.0,IN,30128.78655,30130.98145,0.952278,1424920.0,704112737.0
24080,8.5831,Cu,-1.531,29.045,-4.868,7.865,PI-SIDIS,0.25,3.3,0.67,2.0,68.8,39.076,68.878,39.121,68.903,39.134,68.776,39.062,68.873,39.118,0.9997,0.9986,0.9406,0.9095,-1.0,-1.0,-1.0,-1.0,-1.0,1.0,0.99982,0.999575,1037.0,736.333,32.9714,11.7598,0.526576,51.1995,0.347156,1.0,IN,33841.82289,33840.28511,0.952399,1596589.0,789499377.0
24081,8.5831,LH2,-1.531,29.045,-4.868,7.865,PI-SIDIS,0.25,3.3,0.67,2.0,63.866,35.182,63.947,35.226,64.028,35.271,63.893,35.197,63.991,35.251,0.9998,0.9986,0.9416,0.9124,-1.0,-1.0,-1.0,-1.0,-1.0,1.0,0.99993,0.999576,1182.0,915.667,35.0198,15.6983,0.600383,51.2036,0.349676,1.016115,IN,31471.16212,31466.97888,0.955281,1286020.0,765477934.0
24082,8.5831,LH2,-1.531,29.045,-4.868,7.865,PI-SIDIS,0.25,3.3,0.67,2.0,61.163,35.711,61.236,35.754,61.334,35.811,61.209,35.738,61.338,35.813,0.9997,0.9988,0.942,0.9117,-1.0,-1.0,-1.0,-1.0,-1.0,1.0,0.99992,0.999578,1157.0,893.667,34.6538,16.0134,0.620954,51.2036,0.349829,1.014198,IN,3333.04356,3332.89444,0.955458,1235298.0,735973337.0
24083,8.5831,LH2,-1.531,29.045,-4.868,7.865,HMSDIS,0.25,3.3,0.67,2.0,26113.01,29.499,26145.355,29.536,26154.73,29.547,26108.4,29.494,26159.332,29.552,0.9998,0.9988,-999,-999,-1.0,-1.0,-1.0,1.0,-1.0,-1.0,0.99715,0.967398,-999,-999,-999,13.5262,0.02278,-999,-999,1.012674,IN,-999,-999,-999,528937.0,315805686.0
24084,8.5831,Dummy,-1.531,29.045,-4.868,7.865,PI-SIDIS,0.25,3.3,0.67,2.0,62.616,34.857,62.696,34.902,62.91,35.021,62.76,34.937,62.887,35.008,0.9997,0.9986,0.9556,0.9247,-1.0,-1.0,-1.0,-1.0,-1.0,1.0,1.0,0.999687,721.0,586.167,27.2667,10.1137,0.470459,51.2031,0.324208,1.0,IN,8710.96374,8711.96126,0.95845,910939.0,605300889.0
24085,8.5831,Dummy,-1.531,29.045,-4.868,7.865,PI-SIDIS,0.25,3.3,0.67,2.0,65.443,37.665,65.52,37.709,65.753,37.843,65.628,37.771,65.747,37.839,0.9997,0.9985,0.9562,0.9249,-1.0,-1.0,-1.0,-1.0,-1.0,1.0,0.99989,0.999686,735.0,606.167,27.504,10.0069,0.454052,51.2247,0.344009,1.0,IN,18210.70161,18210.51039,0.958296,950652.0,632186165.0
24086,8.5831,Dummy,-1.531,29.045,-4.868,7.865,PI-SIDIS,0.25,3.3,0.67,2.0,66.532,37.479,66.617,37.527,66.912,37.692,66.776,37.616,66.915,37.694,0.9997,0.9985,0.9536,0.9234,-1.0,-1.0,-1.0,-1.0,-1.0,1.0,0.99992,0.999684,733.0,594.5,27.497,9.66808,0.447171,51.2126,0.344195,1.0,IN,32735.04845,32733.14255,0.958542,967345.0,642643981.0
24087,8.5831,C,-1.531,29.045,-4.868,7.865,PI-SIDIS,0.25,3.3,0.67,2.0,64.255,36.889,64.347,36.942,64.263,36.894,64.141,36.824,64.121,36.812,0.9997,0.9985,0.9311,0.9006,-1.0,-1.0,-1.0,-1.0,-1.0,1.0,1.0,0.999481,1606.0,1197.17,40.9162,20.6645,0.706262,51.2444,0.341058,1.0,IN,31610.03042,31607.44158,0.952525,1702687.0,939130423.0
24089,8.5831,LH2,-1.531,29.045,-3.632,7.865,PI-SIDIS,0.25,3.3,0.5,2.0,42.507,27.848,42.555,27.88,42.467,27.822,42.414,27.787,42.491,27.838,0.9999,0.9986,0.9386,0.9271,-1.0,-1.0,-1.0,-1.0,-1.0,1.0,0.99993,0.999563,1265.0,796.5,36.6481,20.1921,0.929068,51.2008,0.343538,1.01214,IN,20880.1446,20879.6004,0.95579,854957.0,357040772.0
24091,8.5831,LH2,-1.531,29.045,-3.632,7.865,PI-SIDIS,0.25,3.3,0.5,2.0,42.741,28.429,42.785,28.459,42.805,28.472,42.732,28.424,42.82,28.482,0.9997,0.9986,0.9381,0.9277,-1.0,-1.0,-1.0,-1.0,1.0,-1.0,0.99837,0.999567,1284.0,865.833,36.7926,21.8563,0.928756,51.2093,0.348844,1.012557,IN,-0.0,0.0,0.93372,860056.0,358731060.0
24092,8.5831,LH2,-1.531,29.045,-3.632,7.865,PI-SIDIS,0.25,3.3,0.5,2.0,54.126,29.076,54.182,29.107,54.3,29.17,54.192,29.112,54.322,29.182,0.9999,0.9984,0.9363,0.9264,-1.0,-1.0,-1.0,-1.0,-1.0,1.0,0.99994,0.999562,1516.0,919.833,40.1916,18.3285,0.800851,51.1915,0.365736,1.012758,IN,26638.45355,26637.51645,0.958066,1089511.0,455173892.0
24093,8.5831,LH2,-1.531,29.045,-3.632,7.865,PI-SIDIS,0.25,3.3,0.5,2.0,51.874,29.008,51.936,29.042,52.13,29.151,52.009,29.083,52.138,29.156,0.9998,0.9984,0.9357,0.926,-1.0,-1.0,-1.0,-1.0,-1.0,1.0,0.99987,0.999559,1566.0,989.667,40.7683,20.585,0.84798,51.2034,0.350579,1.012074,IN,25503.44925,25504.11575,0.959093,1043118.0,437664692.0
24094,8.5831,LH2,-1.531,29.045,-3.632,7.865,PI-SIDIS,0.25,3.3,0.5,2.0,49.034,28.367,49.1,28.405,49.025,28.362,48.931,28.307,48.922,28.302,0.9999,0.9982,0.9384,0.9293,-1.0,-1.0,-1.0,-1.0,-1.0,1.0,0.9999,0.999562,1459.0,902.333,39.3926,19.7796,0.863504,51.2332,0.346182,1.012057,IN,20987.34733,20988.41667,0.95657,984990.0,412770701.0
24095,8.5831,LH2,-1.531,29.045,-3.632,7.865,PI-SIDIS,0.25,3.3,0.5,2.0,30.923,19.044,30.987,19.083,30.785,18.959,30.739,18.931,30.772,18.951,0.9996,0.9988,0.957,0.9461,-1.0,-1.0,-1.0,-1.0,-1.0,1.0,0.99995,0.999709,806.0,561.333,29.0994,19.1557,0.993029,51.2253,0.330251,1.007394,IN,7546.5225,7546.3135,0.957738,625536.0,256606388.0
24096,8.5831,LH2,-1.531,29.045,-3.632,7.865,PI-SIDIS,0.25,3.3,0.5,2.0,18.975,9.428,19.086,9.483,18.994,9.437,18.99,9.435,19.019,9.449,1.0,0.9984,0.9716,0.9679,-1.0,-1.0,-1.0,-1.0,-1.0,1.0,1.0,0.999863,518.0,439.167,23.0465,23.773,1.24755,51.2457,0.317012,1.003579,IN,9392.96621,9393.22979,0.965168,385730.0,154511775.0
24097,8.5831,LD2,-1.531,29.045,-3.632,7.865,PI-SIDIS,0.25,3.3,0.5,2.0,1.687,14.592,1.693,14.638,1.691,14.625,1.688,14.6,1.693,14.64,1.0,0.9986,0.9416,0.929,-1.0,-1.0,-1.0,-1.0,-1.0,1.0,0.99979,0.999543,127.0,88.6667,11.5494,56.3871,7.34479,51.211,0.30305,1.005113,IN,804.86334,804.87866,0.955881,65331.0,27812229.0
24098,8.5831,LD2,-1.531,29.045,-3.632,7.865,PI-SIDIS,0.25,3.3,0.5,2.0,22.576,13.88,22.655,13.928,22.665,13.935,22.622,13.908,22.679,13.943,0.9997,0.9982,0.9374,0.9294,-1.0,-1.0,-1.0,-1.0,-1.0,1.0,0.99991,0.999561,1448.0,913.5,39.2057,43.4021,1.86273,51.1942,0.344085,1.004865,IN,880.29212,880.33788,0.960155,874769.0,374294016.0
24099,8.5831,LD2,-1.531,29.045,-3.632,7.865,PI-SIDIS,0.25,3.3,0.5,2.0,23.941,13.862,24.027,13.912,23.975,13.882,23.93,13.856,23.963,13.875,0.9999,0.9983,0.9368,0.9291,-1.0,-1.0,-1.0,-1.0,-1.0,1.0,0.9999,0.999562,1579.0,1015.17,40.902,45.4845,1.83261,51.2107,0.32638,1.004859,IN,11824.51799,11825.29001,0.958037,928603.0,397343397.0
24100,8.5831,LD2,-1.531,29.045,-3.632,7.865,PI-SIDIS,0.25,3.3,0.5,2.0,20.634,13.41,20.711,13.46,20.564,13.364,20.544,13.351,20.553,13.357,0.9997,0.9982,0.9362,0.9296,-1.0,-1.0,-1.0,-1.0,-1.0,1.0,0.99991,0.999565,1303.0,832.667,37.167,43.2658,1.93122,51.2367,0.331323,1.004702,IN,5109.04244,5109.06856,0.956197,801923.0,342278578.0
24101,8.5831,LD2,-1.531,29.045,-3.632,7.865,PI-SIDIS,0.25,3.3,0.5,2.0,24.053,13.454,24.138,13.502,24.051,13.454,24.017,13.434,24.078,13.468,0.9998,0.998,0.9355,0.9295,-1.0,-1.0,-1.0,-1.0,-1.0,1.0,0.99993,0.999569,1567.0,1020.5,40.7196,45.4969,1.8154,51.2129,0.330559,1.004716,IN,11873.59953,11873.66047,0.958308,934555.0,398742726.0
24103,8.5831,LD2,-1.531,29.045,-3.632,7.865,PI-SIDIS,0.25,3.3,0.5,2.0,17.186,9.835,17.284,9.891,17.27,9.883,17.24,9.866,17.292,9.896,0.9998,0.9979,0.9551,0.9478,-1.0,-1.0,-1.0,-1.0,-1.0,1.0,0.99997,0.999688,1022.0,733.5,32.7121,44.7856,1.99732,51.2133,0.335293,1.003455,IN,6390.32678,6391.27922,0.961323,666097.0,280951791.0
24104,8.5831,LD2,-1.531,29.045,-3.632,7.865,PI-SIDIS,0.25,3.3,0.5,2.0,31.435,13.71,31.544,13.757,31.416,13.702,31.367,13.68,31.396,13.693,0.9997,0.998,0.9386,0.9315,-1.0,-1.0,-1.0,-1.0,-1.0,1.0,0.99991,0.999562,2057.0,1352.33,46.6309,46.0421,1.58762,51.2431,0.340897,1.004805,IN,14360.76044,14361.84956,0.957174,1217362.0,521812779.0
24110,8.5831,LD2,-1.531,29.045,-3.632,7.865,PI-SIDIS,0.25,3.3,0.5,2.0,21.546,13.474,21.625,13.524,21.656,13.543,21.594,13.504,21.607,13.512,0.9997,0.9983,0.9253,0.9147,-1.0,-1.0,-1.0,-1.0,-1.0,1.0,0.99986,0.999563,1373.0,886.167,38.1332,44.8202,1.92869,51.1634,0.337851,1.004724,OUT,10628.18306,10625.68994,0.958486,1153399.0,341005951.0
24111,8.5831,LD2,-1.531,29.045,-3.632,7.865,PI-SIDIS,0.25,3.3,0.5,2.0,22.168,14.015,22.246,14.064,22.212,14.043,22.168,14.015,22.158,14.009,0.9997,0.9983,0.9238,0.915,-1.0,-1.0,-1.0,-1.0,-1.0,1.0,0.99983,0.999555,1378.0,884.833,38.2125,43.4902,1.87817,51.1887,0.358156,1.004913,OUT,10928.01041,10934.69259,0.956563,1171558.0,351546884.0
24112,8.5831,LD2,-1.531,29.045,-3.632,7.865,PI-SIDIS,0.25,3.3,0.5,2.0,24.55,14.113,24.638,14.164,24.431,14.045,24.415,14.036,24.37,14.01,0.9997,0.998,0.9242,0.9148,-1.0,-1.0,-1.0,-1.0,-1.0,1.0,0.99982,0.999554,1504.0,939.5,39.976,41.7034,1.77449,51.2269,0.34891,1.004947,OUT,12110.68917,12107.22683,0.952965,1296514.0,404665157.0
24113,8.5831,LD2,-1.531,29.045,-3.632,7.865,PI-SIDIS,0.25,3.3,0.5,2.0,16.104,9.021,16.208,9.079,16.103,9.02,16.101,9.019,16.091,9.014,0.9997,0.9986,0.9278,0.9189,-1.0,-1.0,-1.0,-1.0,-1.0,1.0,0.99992,0.999714,946.0,696.0,31.4272,46.7495,2.11092,51.2113,0.333248,1.003171,OUT,7964.85043,7967.47457,0.959546,981427.0,261246626.0
24116,8.5831,Dummy,-1.531,29.045,-3.632,7.865,PI-SIDIS,0.25,3.3,0.5,2.0,57.697,32.132,57.777,32.176,57.974,32.286,57.88,32.234,57.924,32.258,0.9998,0.9984,0.9333,0.9258,-1.0,-1.0,-1.0,-1.0,-1.0,1.0,0.99991,0.999597,1037.0,652.833,33.1817,12.2083,0.620516,51.1712,0.355063,1.0,OUT,28370.23092,28375.41608,0.954951,989080.0,397259803.0
24117,8.5831,Dummy,-1.531,29.045,-3.632,7.865,PI-SIDIS,0.25,3.3,0.5,2.0,58.306,33.086,58.389,33.133,58.286,33.075,58.23,33.043,58.161,33.003,0.9997,0.9982,0.9455,0.9351,-1.0,-1.0,-1.0,-1.0,-1.0,1.0,0.99993,0.999596,1090.0,706.5,33.9693,12.9444,0.622383,51.2125,0.352942,1.0,OUT,15905.93842,15911.77558,0.951287,845681.0,401396085.0
24118,8.5831,Dummy,-1.531,29.045,-3.632,7.865,HMSDIS,0.25,3.3,0.5,2.0,15241.227,19.505,15277.519,19.552,15161.989,19.404,15140.759,19.377,15122.196,19.353,0.9997,0.9987,-999,-999,-1.0,-1.0,-1.0,1.0,-1.0,-1.0,0.99882,0.976018,-999,-999,-999,9.6347,0.0251313,-999,-999,1.0,OUT,-999,-999,-999,221500.0,102753725.0
24119,8.5831,Dummy,-1.531,29.045,-3.632,7.865,SHMSDIS,0.25,3.3,0.5,2.0,17781.286,18.443,17825.008,18.488,17754.814,18.415,17723.532,18.383,17731.014,18.39,-999,-999,0.9681,0.9177,-1.0,65.0,-1.0,-1.0,-1.0,-1.0,0.99939,0.976307,-999,-999,-999,-361226.0,-368.868,-999,-999,1.0,OUT,-999,-999,-999,258243.0,119998460.0
24120,8.5831,C,-1.531,29.045,-3.632,7.865,PI-SIDIS,0.25,3.3,0.5,2.0,50.145,22.861,50.231,22.9,50.289,22.926,50.173,22.873,50.258,22.912,0.9998,0.9983,0.9384,0.9313,-1.0,-1.0,-1.0,-1.0,-1.0,1.0,0.99991,0.999546,1880.0,1174.5,44.6943,25.114,0.955688,51.1945,0.34097,1.0,OUT,24666.62723,24662.60777,0.95502,1319470.0,525002094.0
24121,8.5831,C,-1.531,29.045,-3.632,7.865,PI-SIDIS,0.25,3.3,0.5,2.0,46.534,24.356,46.606,24.394,46.587,24.384,46.502,24.339,46.51,24.344,0.9998,0.9983,0.9384,0.9324,-1.0,-1.0,-1.0,-1.0,-1.0,1.0,0.9999,0.999541,1743.0,1052.0,43.1065,24.2159,0.992263,51.212,0.342766,1.0,OUT,22913.67607,22914.74193,0.954414,1224048.0,486997409.0
24122,8.5831,C,-1.531,29.045,-3.632,7.865,PI-SIDIS,0.25,3.3,0.5,2.0,43.813,23.654,43.887,23.694,43.6,23.539,43.549,23.512,43.482,23.476,0.9998,0.998,0.942,0.9323,-1.0,-1.0,-1.0,-1.0,-1.0,1.0,0.9999,0.999542,1590.0,966.0,41.1582,23.6166,1.00623,51.2433,0.356083,1.0,OUT,10362.64347,10361.50253,0.951751,1156672.0,458903928.0
24123,8.5831,C,-1.531,29.045,-3.632,7.865,PI-SIDIS,0.25,3.3,0.5,2.0,41.591,23.678,41.654,23.714,41.525,23.641,41.474,23.612,41.511,23.633,0.9997,0.9982,0.9395,0.9303,-1.0,-1.0,-1.0,-1.0,-1.0,1.0,0.99989,0.999542,1487.0,895.167,39.8201,23.1101,1.02802,51.2188,0.353362,1.0,OUT,4221.10124,4221.12476,0.952017,1097812.0,435235778.0
24125,8.5831,C,-1.531,29.045,-3.632,7.865,PI-SIDIS,0.25,3.3,0.5,2.0,19.812,11.924,19.896,11.975,19.894,11.973,19.856,11.95,19.88,11.965,0.9997,0.9985,0.9645,0.9566,-1.0,-1.0,-1.0,-1.0,-1.0,1.0,0.99999,0.999774,639.0,485.667,25.779,25.5257,1.35489,51.2314,0.31702,1.0,OUT,6947.88463,6946.01337,0.962286,522305.0,201891565.0
24126,8.5831,Cu,-1.531,29.045,-3.632,7.865,PI-SIDIS,0.25,3.3,0.5,2.0,48.766,28.947,48.83,28.985,48.719,28.92,48.661,28.885,48.626,28.864,0.9997,0.9981,0.9357,0.9257,-1.0,-1.0,-1.0,-1.0,-1.0,1.0,0.99984,0.999516,1299.0,726.167,37.3426,16.0723,0.826505,51.2352,0.345027,1.0,OUT,17046.07046,17046.38554,0.948543,1131729.0,436293388.0
24127,8.5831,Cu,-1.531,29.045,-3.632,7.865,PI-SIDIS,0.25,3.3,0.5,2.0,43.636,27.449,43.693,27.485,43.512,27.371,43.471,27.346,43.445,27.329,0.9998,0.9979,0.9371,0.9258,-1.0,-1.0,-1.0,-1.0,-1.0,1.0,0.99987,0.999523,1129.0,599.5,34.8891,14.8252,0.862785,51.2414,0.34134,1.0,OUT,4307.93937,4307.27263,0.948254,1012865.0,389163504.0
24128,8.5831,Cu,-1.531,29.045,-3.632,7.865,PI-SIDIS,0.25,3.3,0.5,2.0,54.869,29.865,54.925,29.895,54.907,29.885,54.839,29.849,54.911,29.887,0.9998,0.9977,0.9365,0.9255,-1.0,-1.0,-1.0,-1.0,-1.0,1.0,0.99988,0.999513,1378.0,702.667,38.6077,13.8275,0.759744,51.2285,0.358216,1.0,OUT,26991.89637,26984.98263,0.949784,1270497.0,490249577.0
24129,8.5831,Cu,-1.531,29.045,-3.632,7.865,PI-SIDIS,0.25,3.3,0.5,2.0,49.65,28.867,49.706,28.899,49.82,28.966,49.719,28.907,49.811,28.96,0.9997,0.9978,0.9361,0.9242,-1.0,-1.0,-1.0,-1.0,-1.0,1.0,0.99985,0.999517,1252.0,652.333,36.7688,14.2066,0.800754,51.205,0.34354,1.0,OUT,19829.43796,19828.53304,0.952017,1147864.0,443878438.0
24130,8.5831,LH2,-1.531,29.045,-3.632,7.865,PI-SIDIS,0.25,3.3,0.5,2.0,58.896,28.764,58.971,28.801,58.576,28.607,58.535,28.588,58.464,28.553,0.9998,0.9981,0.9429,0.9331,-1.0,-1.0,-1.0,-1.0,-1.0,1.0,0.9999,0.999561,1664.0,1016.67,42.0938,18.4816,0.765209,51.2504,0.344312,1.012476,OUT,28962.78099,28957.91101,0.952379,1182210.0,492629713.0
24131,8.5831,LH2,-1.531,29.045,-3.632,7.865,PI-SIDIS,0.25,3.3,0.5,2.0,51.926,29.386,51.979,29.416,51.841,29.338,51.793,29.311,51.848,29.342,0.9999,0.9977,0.9418,0.9311,-1.0,-1.0,-1.0,-1.0,-1.0,1.0,0.99991,0.999559,1483.0,918.167,39.7132,18.975,0.820719,51.2182,0.336618,1.012662,OUT,1241.79342,1241.40858,0.954128,1043533.0,434153554.0
24132,8.5831,LH2,-1.531,29.045,-3.632,7.865,PI-SIDIS,0.25,3.3,0.5,2.0,38.532,27.92,38.576,27.952,38.644,28.002,38.57,27.948,38.629,27.99,0.9997,0.9975,0.9411,0.9305,-1.0,-1.0,-1.0,-1.0,-1.0,1.0,0.99991,0.999564,1116.0,685.833,34.4629,19.1142,0.960482,51.2011,0.343297,1.011715,OUT,18932.27583,18930.46617,0.954576,773122.0,322861984.0
24133,8.5831,LH2,-1.531,29.045,-3.632,7.865,PI-SIDIS,0.25,3.3,0.5,2.0,53.062,27.831,53.13,27.867,53.056,27.828,52.958,27.776,52.896,27.744,0.9998,0.9975,0.9416,0.9321,-1.0,-1.0,-1.0,-1.0,-1.0,1.0,0.99994,0.999561,1542.0,946.167,40.513,19.1108,0.818288,51.2342,0.335816,1.011673,OUT,30.59055,30.59645,0.953323,1067633.0,444897943.0
24134,8.5831,LH2,-1.531,29.045,-3.632,7.865,PI-SIDIS,0.25,3.3,0.5,2.0,37.238,20.16,37.302,20.195,37.059,20.063,37.022,20.044,37.025,20.045,0.9997,0.9973,0.9596,0.9495,-1.0,-1.0,-1.0,-1.0,-1.0,1.0,0.99997,0.999706,1000.0,710.333,32.3771,20.0622,0.914438,51.2609,0.326138,1.007921,OUT,18359.21016,18356.62384,0.956349,752072.0,308144111.0
24135,8.5831,LH2,-1.531,29.045,-3.632,7.865,PI-SIDIS,0.25,3.3,0.5,2.0,17.559,9.966,17.651,10.019,17.575,9.975,17.566,9.97,17.58,9.978,1.0,0.9978,0.974,0.9656,-1.0,-1.0,-1.0,-1.0,-1.0,1.0,1.0,0.999855,393.0,320.333,20.1274,18.7947,1.18092,51.2457,0.315958,1.003784,OUT,8670.84642,8668.74958,0.964689,356291.0,142889363.0
24136,8.5831,LH2,-1.531,29.045,-3.632,7.865,HMSDIS,0.25,3.3,0.5,2.0,10383.751,10.224,10436.525,10.276,10414.599,10.254,10403.549,10.243,10417.196,10.257,0.9997,0.9977,-999,-999,-1.0,-1.0,-1.0,1.0,-1.0,-1.0,0.99943,0.985283,-999,-999,-999,13.5126,0.0359981,-999,-999,1.003739,OUT,-999,-999,-999,209820.0,84445779.0
24137,8.5831,LH2,-1.531,29.045,-3.632,7.865,SHMSDIS,0.25,3.3,0.5,2.0,8967.525,9.754,9016.618,9.807,9006.91,9.797,8992.428,9.781,9003.623,9.793,-999,-999,0.9778,0.9382,-1.0,65.0,-1.0,-1.0,-1.0,-1.0,0.99984,0.985549,-999,-999,-999,-444532.0,-572.481,-999,-999,1.003602,OUT,-999,-999,-999,182297.0,72904869.0
24138,8.5831,C,-1.531,29.045,-3.632,7.865,PI-SIDIS,0.25,3.3,0.5,2.0,51.629,29.115,51.685,29.147,51.805,29.215,51.715,29.164,51.764,29.191,0.9997,0.9972,0.9262,0.9163,-1.0,-1.0,-1.0,-1.0,-1.0,1.0,0.99985,0.999431,2018.0,1132.83,46.5352,23.9309,0.98305,51.2272,0.3431,1.0,OUT,2670.8977,2670.0393,0.95104,1354430.0,547171781.0
24139,8.5831,C,-1.531,29.045,-3.632,7.865,PI-SIDIS,0.25,3.3,0.5,2.0,54.999,28.521,55.067,28.556,55.191,28.621,55.085,28.566,55.148,28.598,0.9996,0.9972,0.9263,0.9155,-1.0,-1.0,-1.0,-1.0,-1.0,1.0,0.99985,0.999433,2175.0,1235.33,48.2868,24.5172,0.958331,51.2257,0.34995,1.0,OUT,27065.74001,27059.83999,0.950971,1445327.0,582820185.0
24140,8.5831,C,-1.531,29.045,-3.632,7.865,PI-SIDIS,0.25,3.3,0.5,2.0,56.506,29.497,56.568,29.529,56.665,29.58,56.566,29.528,56.616,29.555,0.9997,0.9972,0.9257,0.916,-1.0,-1.0,-1.0,-1.0,-1.0,1.0,0.99984,0.999428,2242.0,1317.5,48.9498,25.4381,0.945116,51.2368,0.352043,1.0,OUT,27794.26504,27792.52896,0.950948,1486205.0,598231092.0
24141,8.5831,C,-1.531,29.045,-3.632,7.865,PI-SIDIS,0.25,3.3,0.5,2.0,54.088,29.907,54.138,29.935,54.178,29.957,54.095,29.911,54.129,29.93,0.9997,0.9972,0.9261,0.9157,-1.0,-1.0,-1.0,-1.0,-1.0,1.0,1.0,0.999428,2100.0,1166.5,47.493,23.5375,0.958306,51.2479,0.357567,1.0,OUT,675.66187,675.55513,0.95035,1422521.0,573276729.0
24142,8.5831,C,-1.531,29.045,-3.632,7.865,HMSDIS,0.25,3.3,0.5,2.0,11634.644,11.828,11684.319,11.879,11656.422,11.85,11636.226,11.83,11638.634,11.832,0.9997,0.9978,-999,-999,-1.0,-1.0,-1.0,1.0,-1.0,-1.0,0.99866,0.977709,-999,-999,-999,17.4496,0.0386765,-999,-999,1.0,OUT,-999,-999,-999,305638.0,118664779.0
24143,8.5831,C,-1.531,29.045,-3.632,7.865,SHMSDIS,0.25,3.3,0.5,2.0,12620.219,12.146,12673.243,12.197,12636.612,12.161,12615.9,12.141,12619.06,12.145,-999,-999,0.9686,0.9223,-1.0,65.0,-1.0,-1.0,-1.0,-1.0,1.0,0.977254,-999,-999,-999,-549908.0,-539.617,-999,-999,1.0,OUT,-999,-999,-999,332044.0,128951605.0
24144,8.5831,Cu,-1.531,29.045,-3.632,7.865,PI-SIDIS,0.25,3.3,0.5,2.0,51.648,28.057,51.73,28.102,51.722,28.097,51.618,28.041,51.661,28.064,0.9997,0.9974,0.9345,0.9248,-1.0,-1.0,-1.0,-1.0,-1.0,1.0,0.99989,0.999516,1322.0,700.0,37.758,14.6381,0.789579,51.2461,0.316919,1.0,OUT,22761.30614,22762.98786,0.949525,1193392.0,462233746.0
24145,8.5831,Cu,-1.531,29.045,-3.632,7.865,PI-SIDIS,0.25,3.3,0.5,2.0,50.293,28.585,50.355,28.621,50.333,28.608,50.241,28.556,50.242,28.556,0.9997,0.9975,0.9353,0.9265,-1.0,-1.0,-1.0,-1.0,-1.0,1.0,1.0,0.999518,1286.0,670.5,37.2637,14.3761,0.798966,51.2591,0.350697,1.0,OUT,659.42079,659.36221,0.950117,1163910.0,449410461.0
24146,8.5831,Cu,-1.531,29.045,-3.632,7.865,PI-SIDIS,0.25,3.3,0.5,2.0,48.491,27.277,48.559,27.315,48.57,27.322,48.463,27.261,48.489,27.276,0.9998,0.9978,0.9357,0.9262,-1.0,-1.0,-1.0,-1.0,-1.0,1.0,0.99984,0.999523,1224.0,640.5,36.349,14.2463,0.808492,51.232,0.336278,1.0,OUT,7542.74041,7543.80759,0.949906,1123601.0,433322594.0
24147,8.5831,Cu,-1.531,29.045,-3.632,7.865,PI-SIDIS,0.25,3.3,0.5,2.0,51.707,29.311,51.769,29.346,51.752,29.336,51.665,29.287,51.682,29.296,0.9997,0.9979,0.9353,0.9246,-1.0,-1.0,-1.0,-1.0,-1.0,1.0,0.99984,0.999517,1339.0,710.5,37.9967,14.8504,0.794182,51.2431,0.346543,1.0,OUT,2308.13249,2307.90751,0.949301,1197742.0,462611012.0
24148,8.5831,Cu,-1.531,29.045,-3.632,7.865,HMSDIS,0.25,3.3,0.5,2.0,13532.027,14.626,13573.005,14.67,13559.883,14.656,13527.89,14.621,13529.863,14.623,0.9998,0.9982,-999,-999,-1.0,-1.0,-1.0,1.0,-1.0,-1.0,0.99858,0.976059,-999,-999,-999,15.3547,0.0336615,-999,-999,1.0,OUT,-999,-999,-999,314142.0,117795457.0
24149,8.5831,Cu,-1.531,29.045,-3.632,7.865,SHMSDIS,0.25,3.3,0.5,2.0,13055.139,15.123,13095.685,15.17,13071.128,15.142,13051.324,15.119,13058.521,15.127,-999,-999,0.9677,0.9195,-1.0,65.0,-1.0,-1.0,-1.0,-1.0,0.99854,0.975937,-999,-999,-999,-462127.0,-486.858,-999,-999,1.0,OUT,-999,-999,-999,304473.0,113879144.0
24150,8.5831,LH2,-1.531,29.045,-3.632,7.865,PI-SIDIS,0.25,3.3,0.5,2.0,54.979,30.265,55.04,30.298,55.036,30.296,54.959,30.254,54.961,30.255,0.9997,0.9981,0.9417,0.9312,-1.0,-1.0,-1.0,-1.0,-1.0,1.0,1.0,0.999557,1661.0,1038.5,42.0089,20.2682,0.81988,51.2196,0.34088,1.012029,OUT,2852.89686,2852.88614,0.955082,1107298.0,463794153.0
24151,8.5831,LH2,-1.531,29.045,-3.632,7.865,PI-SIDIS,0.25,3.3,0.5,2.0,56.216,30.232,56.289,30.272,56.303,30.28,56.239,30.245,56.221,30.235,0.9998,0.9982,0.9421,0.9318,-1.0,-1.0,-1.0,-1.0,-1.0,1.0,0.99992,0.999559,1633.0,1001.17,41.693,19.0933,0.79513,51.2278,0.337151,1.012229,OUT,27669.08156,27669.53644,0.954366,1131414.0,473859338.0
24153,8.5831,LH2,-1.531,29.045,-3.632,7.865,PI-SIDIS,0.25,3.3,0.5,2.0,53.651,29.644,53.726,29.686,53.768,29.709,53.698,29.67,53.715,29.68,0.9997,0.9986,0.9398,0.9307,-1.0,-1.0,-1.0,-1.0,-1.0,1.0,1.0,0.99956,1520.0,932.667,40.223,18.6579,0.804656,51.2267,0.339276,1.012184,OUT,26411.92732,26413.62168,0.954164,1079505.0,451247416.0
24155,8.5831,LH2,-1.531,29.045,-3.632,7.865,PI-SIDIS,0.25,3.3,0.5,2.0,50.635,30.205,50.703,30.246,50.756,30.277,50.687,30.236,50.726,30.26,0.9999,0.9983,0.9361,0.9289,-1.0,-1.0,-1.0,-1.0,-1.0,1.0,1.0,0.999558,1504.0,935.5,39.9844,19.8648,0.849046,51.233,0.338401,1.012004,OUT,3422.72106,3423.10794,0.955812,1017650.0,427881363.0
24156,8.5831,LH2,-1.531,29.045,-3.632,7.865,PI-SIDIS,0.25,3.3,0.5,2.0,36.479,20.347,36.558,20.391,36.572,20.398,36.498,20.357,36.522,20.37,0.9997,0.9989,0.9567,0.9494,-1.0,-1.0,-1.0,-1.0,-1.0,1.0,0.99994,0.999705,987.0,697.667,32.1749,20.1082,0.927346,51.2344,0.339394,1.007772,OUT,17972.78686,17973.07514,0.960512,736737.0,303231020.0
24157,8.5831,LH2,-1.531,29.045,-3.632,7.865,PI-SIDIS,0.25,3.3,0.5,2.0,16.777,9.836,16.874,9.893,16.858,9.883,16.827,9.865,16.825,9.863,1.0,0.999,0.9744,0.9668,-1.0,-1.0,-1.0,-1.0,-1.0,1.0,1.0,0.999855,398.0,330.5,20.2299,20.2589,1.24005,51.2365,0.344898,1.003737,OUT,5409.99153,5409.44247,0.966081,340500.0,136820361.0
24158,8.5831,LD2,-1.531,29.045,-3.632,7.865,PI-SIDIS,0.25,3.3,0.5,2.0,25.648,14.128,25.742,14.18,25.74,14.179,25.697,14.155,25.709,14.161,0.9998,0.9985,0.9389,0.933,-1.0,-1.0,-1.0,-1.0,-1.0,1.0,0.99991,0.999557,1567.0,978.333,40.8058,40.7463,1.69951,51.2215,0.331218,1.004953,OUT,12657.04105,12657.30095,0.957213,992599.0,425373802.0
24159,8.5831,LD2,-1.531,29.045,-3.632,7.865,PI-SIDIS,0.25,3.3,0.5,2.0,24.457,13.69,24.553,13.744,24.589,13.764,24.533,13.733,24.541,13.737,0.9997,0.9986,0.9401,0.9323,-1.0,-1.0,-1.0,-1.0,-1.0,1.0,0.99991,0.999558,1526.0,975.667,40.2209,42.6392,1.75776,51.2261,0.343166,1.004801,OUT,12078.02143,12078.51357,0.956686,948761.0,405229479.0
24160,8.5831,LD2,-1.531,29.045,-3.632,7.865,PI-SIDIS,0.25,3.3,0.5,2.0,25.328,14.264,25.424,14.319,25.459,14.339,25.414,14.313,25.422,14.317,0.9996,0.9986,0.9359,0.9325,-1.0,-1.0,-1.0,-1.0,-1.0,1.0,0.9999,0.999554,1560.0,999.333,40.6626,42.1729,1.716,51.2004,0.340075,1.005002,OUT,12495.00361,12495.44239,0.957156,980617.0,420931016.0
24161,8.5831,LD2,-1.531,29.045,-3.632,7.865,PI-SIDIS,0.25,3.3,0.5,2.0,23.568,14.081,23.659,14.136,23.7,14.16,23.655,14.133,23.657,14.135,0.9997,0.9985,0.9378,0.9333,-1.0,-1.0,-1.0,-1.0,-1.0,1.0,0.99992,0.999554,1480.0,947.5,39.6074,42.9264,1.79441,51.2112,0.340047,1.004938,OUT,8119.83598,8120.22002,0.957577,912994.0,390977931.0
24162,8.5831,C,-1.531,29.045,-3.632,7.865,PI-SIDIS,0.25,3.3,0.5,2.0,38.397,23.783,38.477,23.833,38.281,23.711,38.233,23.682,38.173,23.644,0.9998,0.9989,0.9382,0.9297,-1.0,-1.0,-1.0,-1.0,-1.0,1.0,0.99988,0.999542,1380.0,843.5,38.333,23.5874,1.07193,51.2479,0.334716,1.0,OUT,5820.84783,5819.22317,0.951464,1011900.0,400998644.0
24163,8.5831,C,-1.531,29.045,-3.632,7.865,PI-SIDIS,0.25,3.3,0.5,2.0,39.691,23.322,39.771,23.369,39.635,23.29,39.578,23.256,39.577,23.256,0.9998,0.9987,0.9378,0.9299,-1.0,-1.0,-1.0,-1.0,-1.0,1.0,0.99989,0.999542,1457.0,884.167,39.4014,23.9148,1.06572,51.2383,0.324048,1.0,OUT,7317.84099,7318.20301,0.952519,1044367.0,417257172.0
24164,8.5831,C,-1.531,29.045,-3.632,7.865,PI-SIDIS,0.25,3.3,0.5,2.0,38.136,23.316,38.211,23.361,38.212,23.362,38.141,23.318,38.182,23.344,0.9997,0.9989,0.9381,0.9297,-1.0,-1.0,-1.0,-1.0,-1.0,1.0,0.99991,0.999545,1451.0,901.667,39.2754,25.3912,1.10601,51.2257,0.333155,1.0,OUT,381.97375,381.99925,0.954665,1004664.0,401312196.0
24165,8.5831,C,-1.531,29.045,-3.632,7.865,PI-SIDIS,0.25,3.3,0.5,2.0,45.219,24.574,45.302,24.62,45.375,24.659,45.288,24.612,45.36,24.651,0.9998,0.9985,0.9375,0.93,-1.0,-1.0,-1.0,-1.0,-1.0,1.0,0.99991,0.99954,1703.0,1052.67,42.5604,24.9929,1.01049,51.2245,0.345607,1.0,OUT,22268.45542,22268.35358,0.95598,1191857.0,476494606.0
24166,8.5831,C,-1.531,29.045,-3.632,7.865,PI-SIDIS,0.25,3.3,0.5,2.0,21.842,12.091,21.947,12.149,21.959,12.155,21.913,12.13,21.913,12.13,0.9997,0.9987,0.9686,0.9585,-1.0,-1.0,-1.0,-1.0,-1.0,1.0,0.99995,0.999774,679.0,510.667,26.5905,24.2841,1.26448,51.2301,0.336528,1.0,OUT,10793.30053,10793.97347,0.962641,576076.0,223833985.0
24167,8.5831,Cu,-1.531,29.045,-3.632,7.865,PI-SIDIS,0.25,3.3,0.5,2.0,45.597,27.638,45.687,27.692,45.432,27.538,45.393,27.514,45.304,27.46,0.9998,0.9987,0.937,0.9312,-1.0,-1.0,-1.0,-1.0,-1.0,1.0,1.0,0.999544,1130.0,621.0,34.8545,14.5997,0.819426,51.2765,0.344818,1.0,OUT,7156.43177,7156.53623,0.949001,1060453.0,407849727.0
24168,8.5831,Cu,-1.531,29.045,-3.632,7.865,PI-SIDIS,0.25,3.3,0.5,2.0,50.589,27.269,50.681,27.319,50.489,27.215,50.448,27.193,50.445,27.191,0.9999,0.9985,0.9397,0.9292,-1.0,-1.0,-1.0,-1.0,-1.0,1.0,0.99989,0.999547,1298.0,722.0,37.3363,15.3346,0.792989,51.2523,0.336989,1.0,OUT,24897.18412,24899.41888,0.950835,1171718.0,452336634.0
24169,8.5831,Cu,-1.531,29.045,-3.632,7.865,PI-SIDIS,0.25,3.3,0.5,2.0,51.325,27.807,51.412,27.854,51.417,27.857,51.349,27.82,51.381,27.837,0.9998,0.9986,0.9371,0.9273,-1.0,-1.0,-1.0,-1.0,-1.0,1.0,0.99989,0.999549,1312.0,708.667,37.584,14.8693,0.78859,51.2463,0.344378,1.0,OUT,25268.62515,25270.44685,0.952324,1189163.0,458739931.0
24170,8.5831,Cu,-1.531,29.045,-3.632,7.865,PI-SIDIS,0.25,3.3,0.5,2.0,47.079,27.614,47.165,27.664,47.299,27.743,47.204,27.687,47.264,27.722,0.9997,0.9986,0.9386,0.9294,-1.0,-1.0,-1.0,-1.0,-1.0,1.0,0.99989,0.999548,1174.0,638.0,35.5434,14.5605,0.811175,51.2386,0.344907,1.0,OUT,21197.30627,21197.74573,0.952443,1091907.0,421501097.0
24171,8.5831,Dummy,-1.531,29.045,-3.632,7.865,PI-SIDIS,0.25,3.3,0.5,2.0,49.677,31.082,49.77,31.141,49.632,31.055,49.565,31.012,49.44,30.934,0.9998,0.9984,0.9438,0.937,-1.0,-1.0,-1.0,-1.0,-1.0,1.0,0.99994,0.999598,870.0,535.5,30.4261,11.4859,0.65261,51.2423,0.341812,1.0,OUT,4064.14684,4064.79616,0.952517,719419.0,343280795.0
24172,8.5831,Dummy,-1.531,29.045,-3.632,7.865,PI-SIDIS,0.25,3.3,0.5,2.0,60.861,33.391,60.961,33.446,60.642,33.271,60.607,33.252,60.506,33.196,0.9995,0.9982,0.9463,0.9362,-1.0,-1.0,-1.0,-1.0,-1.0,1.0,0.99994,0.999592,1112.0,700.833,34.3588,12.2867,0.602365,51.2527,0.333622,1.0,OUT,29950.07338,29951.06462,0.95222,881453.0,421100114.0
24173,8.5831,Cu,-1.531,29.045,-3.632,7.865,PI-SIDIS,0.25,3.3,0.5,2.0,40.593,27.13,40.665,27.178,40.623,27.15,40.583,27.123,40.584,27.124,0.9997,0.9984,0.9364,0.9291,-1.0,-1.0,-1.0,-1.0,-1.0,1.0,0.99989,0.999551,1012.0,543.5,33.0164,14.3911,0.87423,51.2031,0.349224,1.0,OUT,8719.43937,8719.79563,0.952647,942960.0,363346673.0
24174,8.5831,Cu,-1.531,29.045,-3.632,7.865,PI-SIDIS,0.25,3.3,0.5,2.0,49.998,28.243,50.085,28.293,50.192,28.354,50.106,28.305,50.15,28.33,0.9998,0.9985,0.9388,0.9282,-1.0,-1.0,-1.0,-1.0,-1.0,1.0,0.99988,0.999545,1258.0,662.667,36.8405,14.2589,0.792713,51.1999,0.360227,1.0,OUT,24611.33808,24613.81492,0.953964,1159081.0,448075152.0
24175,8.5831,Cu,-1.531,29.045,-3.632,7.865,PI-SIDIS,0.25,3.3,0.5,2.0,47.543,27.641,47.632,27.693,47.686,27.724,47.597,27.672,47.583,27.664,0.9996,0.9986,0.9384,0.9303,-1.0,-1.0,-1.0,-1.0,-1.0,1.0,0.99989,0.999548,1171.0,613.167,35.5524,13.8445,0.802727,51.2275,0.348477,1.0,OUT,23401.45772,23405.24128,0.951956,1104484.0,425105768.0
24176,8.5831,Cu,-1.531,29.045,-3.632,7.865,PI-SIDIS,0.25,3.3,0.5,2.0,50.02,27.457,50.12,27.512,49.831,27.353,49.785,27.328,49.665,27.262,0.9998,0.9982,0.9382,0.9306,-1.0,-1.0,-1.0,-1.0,-1.0,1.0,0.99992,0.999547,1253.0,672.0,36.7401,14.4118,0.787931,51.2618,0.329275,1.0,OUT,24622.6505,24623.3755,0.948654,1161657.0,446774377.0
24177,8.5831,Cu,-1.531,29.045,-3.632,7.865,PI-SIDIS,0.25,3.3,0.5,2.0,43.29,27.838,43.367,27.888,43.153,27.75,43.128,27.734,43.108,27.721,0.9997,0.9985,0.9395,0.9288,-1.0,-1.0,-1.0,-1.0,-1.0,1.0,0.9999,0.999548,1101.0,593.5,34.4323,14.7406,0.855185,51.23,0.334174,1.0,OUT,3708.08028,3708.61472,0.949184,1004588.0,386241198.0
24178,8.5831,LH2,-1.531,29.045,-3.632,7.865,PI-SIDIS,0.25,3.3,0.5,2.0,45.117,27.078,45.205,27.13,45.363,27.225,45.246,27.155,45.298,27.186,0.9998,0.9982,0.9399,0.9295,-1.0,-1.0,-1.0,-1.0,-1.0,1.0,0.9999,0.999565,1266.0,770.167,36.7238,18.3349,0.874262,51.1972,0.340961,1.011119,OUT,16623.83192,16623.69608,0.956389,907635.0,377693305.0
24179,8.5831,LH2,-1.531,29.045,-3.632,7.865,PI-SIDIS,0.25,3.3,0.5,2.0,53.842,29.4,53.941,29.455,54.14,29.563,54.026,29.501,54.057,29.518,0.9998,0.9981,0.9387,0.9288,-1.0,-1.0,-1.0,-1.0,-1.0,1.0,0.99994,0.999561,1587.0,985.333,41.0765,19.6724,0.820101,51.2059,0.33319,1.012597,OUT,17225.43032,17225.59968,0.956789,1083807.0,452614026.0
24183,8.5831,LH2,-1.531,29.045,-3.632,7.865,HMSDIS,0.25,3.3,0.5,2.0,29945.596,29.376,30000.447,29.43,29869.631,29.302,29846.06,29.279,29790.911,29.224,0.9998,0.9982,-999,-999,-1.0,-1.0,-1.0,1.0,-1.0,-1.0,0.99586,0.956,-999,-999,-999,13.529,0.0212821,-999,-999,1.012556,OUT,-999,-999,-999,603559.0,251888402.0
24184,8.5831,LH2,-1.531,29.045,-3.632,7.865,HMSDIS,0.25,3.3,0.5,2.0,9508.093,10.336,9562.031,10.394,9507.728,10.335,9507.361,10.335,9499.364,10.326,0.9997,0.9985,-999,-999,-1.0,-1.0,-1.0,1.0,-1.0,-1.0,0.99944,0.985107,-999,-999,-999,13.51,0.0376044,-999,-999,1.003789,OUT,-999,-999,-999,192848.0,77518328.0
24185,8.5831,LD2,-1.531,29.045,-3.632,7.865,PI-SIDIS,0.25,3.3,0.5,2.0,23.357,14.026,23.444,14.078,23.375,14.037,23.351,14.022,23.35,14.022,0.9998,0.9979,0.9403,0.9332,-1.0,-1.0,-1.0,-1.0,-1.0,1.0,0.99992,0.999558,1430.0,903.833,38.9576,41.3241,1.78118,51.2293,0.333885,1.004917,OUT,5211.42359,5212.00841,0.955674,904376.0,386808990.0
24187,8.5831,LH2,-1.531,29.045,6.538,7.865,PI+SIDIS,0.25,3.3,0.9,2.0,75.663,45.18,75.824,45.276,76.057,45.416,75.916,45.331,75.884,45.312,0.9996,0.9974,0.9765,0.9671,-1.0,-1.0,-1.0,-1.0,-1.0,1.0,0.99996,0.999897,1657.0,1543.83,40.9373,21.0627,0.558511,51.2173,0.340879,1.020615,OUT,33421.04933,33423.24667,0.955649,1523490.0,9261613.0
24188,8.5831,LH2,-1.531,29.045,6.538,7.865,PI+SIDIS,0.25,3.3,0.9,2.0,80.637,46.957,80.801,47.053,80.989,47.163,80.876,47.097,80.766,47.033,0.9997,0.9979,0.9762,0.966,-1.0,-1.0,-1.0,-1.0,1.0,-1.0,0.99988,0.999896,1712.0,1616.33,41.5686,20.7166,0.532787,51.225,0.347976,1.018759,OUT,15473.0561,15474.1459,0.92455,1623872.0,14014328.0
24189,8.5831,LH2,-1.531,29.045,6.538,7.865,PI+SIDIS,0.25,3.3,0.9,2.0,73.352,42.694,73.5,42.781,73.587,42.831,73.479,42.768,73.347,42.691,0.9999,0.998,0.9712,0.9688,-1.0,-1.0,-1.0,-1.0,-1.0,1.0,0.99996,0.999899,1510.0,1406.0,39.0811,19.7481,0.548918,51.2376,0.348525,1.017352,OUT,17476.28036,17477.50664,0.954419,1474931.0,12441675.0
24190,8.5831,LH2,-1.531,29.045,6.538,7.865,PI+SIDIS,0.25,3.3,0.9,2.0,81.585,46.428,81.743,46.518,81.785,46.541,81.688,46.486,81.511,46.386,0.9998,0.9979,0.975,0.9684,-1.0,-1.0,-1.0,-1.0,-1.0,1.0,0.99995,0.999896,1667.0,1557.67,41.0515,19.6823,0.518717,51.2271,0.337084,1.018843,OUT,23592.12075,23595.83125,0.95469,1641583.0,14165693.0
24191,8.5831,LH2,-1.531,29.045,6.538,7.865,PI+SIDIS,0.25,3.3,0.9,2.0,70.867,38.691,70.995,38.761,71.016,38.772,70.892,38.705,70.749,38.626,0.9997,0.9981,0.9775,0.9686,-1.0,-1.0,-1.0,-1.0,-1.0,1.0,0.99997,0.999901,1480.0,1385.83,38.6742,20.1597,0.562592,51.2303,0.351325,1.015347,OUT,6133.34734,6135.20266,0.953011,1429672.0,11837808.0
24192,8.5831,LH2,-1.531,29.045,6.538,7.865,PI+SIDIS,0.25,3.3,0.9,2.0,79.862,44.521,79.993,44.594,79.956,44.573,79.841,44.509,79.696,44.428,0.9998,0.9977,0.975,0.9679,-1.0,-1.0,-1.0,-1.0,-1.0,1.0,0.99999,0.999898,1684.0,1573.0,41.2614,20.3206,0.533031,51.2393,0.327337,1.023651,OUT,5772.13112,5772.51488,0.955852,1592943.0,13605748.0
24193,8.5831,LH2,-1.531,29.045,6.538,7.865,PI+SIDIS,0.25,3.3,0.9,2.0,71.204,42.402,71.322,42.472,71.198,42.398,71.109,42.345,70.941,42.245,0.9997,0.9982,0.9751,0.9673,-1.0,-1.0,-1.0,-1.0,-1.0,1.0,0.99998,0.999901,1500.0,1410.33,38.9223,20.4492,0.564356,51.2338,0.327389,1.022634,OUT,3414.10975,3413.81825,0.955583,1422370.0,11806670.0
24194,8.5831,LH2,-1.531,29.045,6.538,7.865,PI+SIDIS,0.25,3.3,0.9,2.0,78.558,45.349,78.681,45.42,78.514,45.324,78.415,45.267,78.19,45.136,0.9997,0.9984,0.975,0.9673,-1.0,-1.0,-1.0,-1.0,-1.0,1.0,0.99996,0.999898,1603.0,1495.0,40.2616,19.6498,0.529185,51.2394,0.330088,1.02454,OUT,14240.76057,14242.29743,0.954663,1566170.0,13600171.0
24195,8.5831,LH2,-1.531,29.045,6.538,7.865,PI+SIDIS,0.25,3.3,0.9,2.0,81.877,41.833,82.007,41.899,81.779,41.783,81.656,41.72,81.437,41.608,0.9996,0.9982,0.9782,0.9681,-1.0,-1.0,-1.0,-1.0,-1.0,1.0,0.99997,0.9999,1687.0,1574.67,41.3004,19.8428,0.520438,51.2264,0.341044,1.021677,OUT,6053.18842,6053.54258,0.954625,1639390.0,13919750.0
24196,8.5831,LH2,-1.531,29.045,6.538,7.865,PI+SIDIS,0.25,3.3,0.9,2.0,49.808,30.74,49.857,30.77,49.494,30.545,49.459,30.524,49.299,30.425,1.0,0.9989,0.9777,0.9764,-1.0,-1.0,-1.0,-1.0,-1.0,1.0,0.99995,0.999937,995.0,950.167,31.6618,19.5194,0.650433,51.2203,0.348726,1.014368,OUT,14697.09625,14697.71475,0.960073,1002564.0,6720179.0
24197,8.5831,LH2,-1.531,29.045,6.538,7.865,PI+SIDIS,0.25,3.3,0.9,2.0,31.524,16.933,31.597,16.973,31.288,16.806,31.255,16.789,31.178,16.747,1.0,0.9986,0.9795,0.9844,-1.0,-1.0,-1.0,-1.0,-1.0,1.0,1.0,0.999969,618.0,605.333,24.902,19.4615,0.800603,51.2635,0.347203,1.00641,OUT,15530.10015,15531.48885,0.96581,637680.0,3050076.0
24198,8.5831,LH2,-1.531,29.045,6.538,7.865,HMSDIS,0.25,3.3,0.9,2.0,11761.977,16.153,11794.257,16.198,11679.192,16.04,11663.817,16.019,11635.214,15.979,0.9997,0.9991,-999,-999,-1.0,-1.0,-1.0,1.0,-1.0,-1.0,0.99889,0.996952,-999,-999,-999,13.6115,0.0339957,-999,-999,1.006207,OUT,-999,-999,-999,239327.0,1153850.0
24199,8.5831,LH2,-1.531,29.045,6.538,7.865,SHMSDIS,0.25,3.3,0.9,2.0,13525.874,16.518,13561.597,16.562,13425.434,16.395,13413.967,16.381,13378.439,16.338,-999,-999,0.9852,0.9716,-1.0,3.0,-1.0,-1.0,-1.0,-1.0,0.99812,0.996957,-999,-999,-999,-1647.42,-6.08198,-999,-999,1.00636,OUT,-999,-999,-999,274702.0,1336140.0
24200,8.5831,LD2,-1.531,29.045,6.538,7.865,PI+SIDIS,0.25,3.3,0.9,2.0,12.974,45.425,12.994,45.496,12.926,45.257,12.919,45.232,12.884,45.11,0.9995,0.998,0.9699,0.9558,-1.0,-1.0,-1.0,-1.0,-1.0,1.0,0.9998,0.999811,489.0,426.167,22.3489,34.338,1.80074,51.2873,0.322706,1.015892,OUT,702.16018,702.28582,0.941738,503783.0,4836616.0
24201,8.5831,LD2,-1.531,29.045,6.538,7.865,PI+SIDIS,0.25,3.3,0.9,2.0,53.912,46.657,53.986,46.721,53.707,46.479,53.678,46.454,53.525,46.322,0.9997,0.9987,0.9633,0.9568,-1.0,-1.0,-1.0,-1.0,-1.0,1.0,0.99984,0.99981,2021.0,1776.33,45.4068,34.4052,0.879469,51.2611,0.347894,1.01632,OUT,25988.52877,25991.91223,0.943856,2096960.0,21236802.0
24203,8.5831,LD2,-1.531,29.045,6.538,7.865,PI+SIDIS,0.25,3.3,0.9,2.0,79.803,43.997,79.944,44.075,79.588,43.879,79.525,43.844,79.315,43.728,0.9995,0.9986,0.9661,0.957,-1.0,-1.0,-1.0,-1.0,-1.0,1.0,0.99986,0.999812,3044.0,2665.33,55.7415,34.8602,0.729049,51.2411,0.341894,1.015395,OUT,8202.49813,8202.58887,0.945019,3097499.0,29456190.0
24204,8.5831,LD2,-1.531,29.045,6.538,7.865,PI+SIDIS,0.25,3.3,0.9,2.0,36.586,22.472,36.657,22.516,36.377,22.344,36.334,22.317,36.238,22.259,0.9997,0.9989,0.9799,0.9729,-1.0,-1.0,-1.0,-1.0,-1.0,1.0,0.99996,0.999914,1291.0,1201.17,36.1382,33.6919,1.01365,51.2637,0.332361,1.007865,OUT,16068.42366,16069.73634,0.950029,1421103.0,9472189.0
24205,8.5831,LD2,-1.531,29.045,6.538,7.865,HMSDIS,0.25,3.3,0.9,2.0,14016.823,24.255,14040.806,24.296,13924.276,24.095,13916.742,24.082,13887.468,24.031,0.9998,0.999,-999,-999,-1.0,-1.0,-1.0,2.0,-1.0,-1.0,0.99874,0.991352,-999,-999,-999,25.5065,0.0603202,-999,-999,1.008487,OUT,-999,-999,-999,545464.0,3692277.0
24206,8.5831,Dummy,-1.531,29.045,6.538,7.865,PI+SIDIS,0.25,3.3,0.9,2.0,64.777,36.363,64.868,36.414,64.512,36.214,64.474,36.193,64.276,36.082,0.9996,0.999,0.9865,0.9762,-1.0,-1.0,-1.0,-1.0,-1.0,1.0,1.0,0.999954,571.0,546.167,23.9821,8.62839,0.378871,51.2623,0.333436,1.0,OUT,23367.87376,23368.53424,0.955291,944418.0,4423231.0
24207,8.5831,C,-1.531,29.045,6.538,7.865,PI+SIDIS,0.25,3.3,0.9,2.0,73.787,40.244,73.938,40.326,73.784,40.242,73.69,40.191,73.468,40.07,0.9998,0.9989,0.9789,0.9682,-1.0,-1.0,-1.0,-1.0,-1.0,1.0,0.99987,0.999904,1376.0,1260.67,37.3527,17.6162,0.521956,51.2373,0.335926,1.0,OUT,16095.61027,16095.60673,0.949053,1957787.0,11281862.0
24208,8.5831,C,-1.531,29.045,6.538,7.865,PI+SIDIS,0.25,3.3,0.9,2.0,76.077,45.172,76.229,45.262,76.083,45.175,76.014,45.134,75.817,45.017,0.9998,0.9992,0.9751,0.9687,-1.0,-1.0,-1.0,-1.0,-1.0,1.0,0.99996,0.999902,1531.0,1399.67,39.4067,18.9592,0.533783,51.2285,0.337416,1.0,OUT,17524.69358,17520.83042,0.950564,2017789.0,12018063.0
24209,8.5831,C,-1.531,29.045,6.538,7.865,HMSDIS,0.25,3.3,0.9,2.0,40285.715,47.269,40366.415,47.364,40297.353,47.283,40266.69,47.247,40163.675,47.126,0.9997,0.9991,-999,-999,-1.0,-1.0,-1.0,3.0,-1.0,-1.0,0.99883,0.990065,-999,-999,-999,17.4435,0.0360319,-999,-999,1.0,OUT,-999,-999,-999,1066281.0,6420178.0
24210,8.5831,Cu,-1.531,29.045,6.538,7.865,PI+SIDIS,0.25,3.3,0.9,2.0,79.948,45.223,80.11,45.314,80.034,45.271,79.958,45.229,79.726,45.097,0.9997,0.9992,0.9705,0.9658,-1.0,-1.0,-1.0,-1.0,-1.0,1.0,0.99995,0.999905,835.0,742.167,29.1629,9.59579,0.377059,51.23,0.355759,1.0,OUT,39332.93308,39333.50692,0.948953,1857726.0,11116618.0
24211,8.5831,Cu,-1.531,29.045,6.538,7.865,PI+SIDIS,0.25,3.3,0.9,2.0,83.642,47.343,83.8,47.432,83.733,47.394,83.662,47.354,83.448,47.233,0.9996,0.9992,0.9789,0.966,-1.0,-1.0,-1.0,-1.0,-1.0,1.0,0.99996,0.999905,823.0,728.0,28.9626,8.9971,0.357939,51.2267,0.348879,1.0,OUT,41152.65848,41153.80752,0.949355,1945262.0,11792489.0
24212,8.5831,Cu,-1.531,29.045,6.538,7.865,HMSDIS,0.25,3.3,0.9,2.0,26413.59,35.152,26465.067,35.221,26451.28,35.202,26411.485,35.149,26335.572,35.048,0.9996,0.9993,-999,-999,-1.0,-1.0,-1.0,3.0,-1.0,-1.0,0.99922,0.991658,-999,-999,-999,15.3027,0.041674,-999,-999,1.0,OUT,-999,-999,-999,614978.0,3415441.0
24213,8.5831,LD2,-1.531,29.045,4.868,7.865,PI+SIDIS,0.25,3.3,0.67,2.0,57.867,33.921,57.941,33.964,57.777,33.868,57.745,33.849,57.597,33.762,0.9997,0.999,0.932,0.9306,-1.0,-1.0,-1.0,-1.0,-1.0,1.0,0.99968,0.999554,4375.0,3156.0,67.6622,58.5676,1.25564,51.2388,0.348391,1.011864,OUT,20877.99004,20879.44596,0.947951,2246692.0,61290964.0
24214,8.5831,LD2,-1.531,29.045,4.868,7.865,PI+SIDIS,0.25,3.3,0.67,2.0,46.728,34.236,46.786,34.279,46.656,34.183,46.641,34.172,46.512,34.077,0.9998,0.9991,0.9329,0.9309,-1.0,-1.0,-1.0,-1.0,-1.0,1.0,0.99974,0.999556,3678.0,2684.67,61.9964,61.6695,1.42412,51.2411,0.349901,1.011974,OUT,3704.85644,3704.95156,0.948666,1813459.0,49154902.0
24215,8.5831,LD2,-1.531,29.045,4.868,7.865,PI+SIDIS,0.25,3.3,0.67,2.0,60.792,35.324,60.868,35.368,60.751,35.3,60.72,35.282,60.537,35.175,0.9997,0.999,0.9309,0.9298,-1.0,-1.0,-1.0,-1.0,-1.0,1.0,0.9997,0.999538,4811.0,3501.17,70.9176,61.9003,1.25382,51.2468,0.346623,1.012354,OUT,29911.65538,29912.95162,0.948007,2360618.0,67514466.0
24216,8.5831,LD2,-1.531,29.045,4.868,7.865,PI+SIDIS,0.25,3.3,0.67,2.0,65.75,36.649,65.826,36.691,65.709,36.626,65.686,36.613,65.521,36.521,0.9997,0.999,0.9311,0.9284,-1.0,-1.0,-1.0,-1.0,-1.0,1.0,0.99971,0.999534,5014.0,3556.5,72.5046,58.2299,1.1871,51.2284,0.352101,1.012816,OUT,32355.22615,32354.90185,0.948586,2550862.0,72078247.0
24217,8.5831,LD2,-1.531,29.045,4.868,7.865,PI+SIDIS,0.25,3.3,0.67,2.0,60.173,34.645,60.253,34.691,60.199,34.659,60.156,34.635,59.981,34.534,0.9997,0.999,0.9319,0.929,-1.0,-1.0,-1.0,-1.0,-1.0,1.0,0.99974,0.999539,4697.0,3390.17,70.1057,60.5997,1.25315,51.2329,0.344497,1.012118,OUT,29603.90437,29603.52863,0.948805,2333479.0,66911737.0
24218,8.5831,LD2,-1.531,29.045,4.868,7.865,PI+SIDIS,0.25,3.3,0.67,2.0,58.099,33.898,58.181,33.946,58.156,33.931,58.109,33.904,57.961,33.818,0.9998,0.9988,0.9318,0.9292,-1.0,-1.0,-1.0,-1.0,-1.0,1.0,0.9997,0.999541,4519.0,3256.5,68.7708,60.2667,1.27271,51.2278,0.345047,1.011857,OUT,28587.13286,28590.36014,0.948154,2258731.0,64297233.0
24219,8.5831,LD2,-1.531,29.045,4.868,7.865,PI+SIDIS,0.25,3.3,0.67,2.0,43.375,24.491,43.452,24.534,43.387,24.498,43.33,24.466,43.252,24.422,0.9996,0.999,0.9511,0.9493,-1.0,-1.0,-1.0,-1.0,-1.0,1.0,0.99989,0.999693,3209.0,2549.33,57.6103,61.835,1.39736,51.2474,0.34303,1.00857,OUT,21355.27939,21355.93461,0.954827,1686425.0,33740716.0
24220,8.5831,LD2,-1.531,29.045,4.868,7.865,PI+SIDIS,0.25,3.3,0.67,2.0,20.3,12.05,20.396,12.108,20.343,12.076,20.315,12.06,20.291,12.045,0.9998,0.9988,0.9719,0.9701,-1.0,-1.0,-1.0,-1.0,-1.0,1.0,0.99996,0.99985,1414.0,1253.17,37.9579,63.3505,1.91886,51.2422,0.329003,1.004229,OUT,894.3587,894.6683,0.962216,793515.0,9341094.0
24221,8.5831,LD2,-1.531,29.045,4.868,7.865,HMSDIS,0.25,3.3,0.67,2.0,9156.397,12.018,9200.484,12.076,9183.215,12.054,9169.948,12.036,9153.888,12.015,0.9998,0.9992,-999,-999,-1.0,-1.0,-1.0,1.0,-1.0,-1.0,0.99649,0.984986,-999,-999,-999,25.5766,0.052823,-999,-999,1.004218,OUT,-999,-999,-999,358272.0,4206280.0
24222,8.5831,LH2,-1.531,29.045,4.868,7.865,PI+SIDIS,0.25,3.3,0.67,2.0,83.763,47.434,83.941,47.534,84.341,47.761,84.195,47.679,84.052,47.597,0.9997,0.999,0.9473,0.9458,-1.0,-1.0,-1.0,-1.0,-1.0,1.0,0.9999,0.999675,3351.0,2647.17,58.8923,33.3568,0.742098,51.2272,0.344771,1.028089,OUT,6818.36877,6817.72923,0.95534,1671638.0,44833278.0
24223,8.5831,LH2,-1.531,29.045,4.868,7.865,PI+SIDIS,0.25,3.3,0.67,2.0,59.606,46.217,59.736,46.318,60.026,46.543,59.927,46.467,59.862,46.416,1.0,0.999,0.9474,0.9454,-1.0,-1.0,-1.0,-1.0,1.0,-1.0,0.99893,0.999679,2518.0,2091.33,50.8833,37.0713,0.901966,51.2248,0.353049,1.025913,OUT,21264.08059,21266.07041,0.927011,1193441.0,32485497.0
24224,8.5831,LH2,-1.531,29.045,4.868,7.865,PI+SIDIS,0.25,3.3,0.67,2.0,83.38,49.051,83.564,49.159,84.038,49.438,83.877,49.344,83.814,49.307,0.9997,0.999,0.9456,0.9433,-1.0,-1.0,-1.0,-1.0,-1.0,1.0,1.0,0.999671,3454.0,2749.83,59.7609,34.8954,0.758365,51.2237,0.3397,1.026969,OUT,20762.78453,20764.02347,0.954142,1668888.0,45178875.0
24225,8.5831,LH2,-1.531,29.045,4.868,7.865,PI+SIDIS,0.25,3.3,0.67,2.0,30.486,50.82,30.553,50.932,30.727,51.222,30.667,51.122,30.641,51.079,0.9999,0.9991,0.9547,0.9419,-1.0,-1.0,-1.0,-1.0,-1.0,1.0,0.99989,0.999669,1290.0,1032.33,36.5095,35.8801,1.26894,51.2273,0.350246,1.027235,OUT,14957.79289,14958.38711,0.954674,611569.0,16785045.0
24226,8.5831,LH2,-1.531,29.045,4.868,7.865,PI+SIDIS,0.25,3.3,0.67,2.0,86.802,47.459,87.002,47.569,87.576,47.882,87.392,47.782,87.309,47.736,0.9998,0.9987,0.9454,0.9434,-1.0,-1.0,-1.0,-1.0,-1.0,1.0,0.99987,0.999675,3638.0,2908.0,61.3161,35.4416,0.747297,51.2078,0.344546,1.023722,OUT,2438.10969,2438.06631,0.955092,1742366.0,36989338.0
24227,8.5831,LH2,-1.531,29.045,4.868,7.865,PI+SIDIS,0.25,3.3,0.67,2.0,106.05,47.288,106.301,47.399,107.052,47.734,106.815,47.629,106.722,47.587,0.9998,0.9986,0.946,0.9427,-1.0,-1.0,-1.0,-1.0,-1.0,1.0,0.99991,0.999674,4365.0,3469.33,67.1884,34.6307,0.670671,51.2241,0.351122,1.023058,OUT,16215.17703,16214.67597,0.95446,2128793.0,55609727.0
24228,8.5831,LH2,-1.531,29.045,4.868,7.865,PI+SIDIS,0.25,3.3,0.67,2.0,79.723,48.218,79.909,48.33,80.45,48.658,80.267,48.547,80.195,48.503,0.9997,0.9987,0.9487,0.9445,-1.0,-1.0,-1.0,-1.0,-1.0,1.0,1.0,0.999674,3206.0,2552.67,57.5751,33.8319,0.763075,51.2106,0.348747,1.028761,OUT,10777.81724,10777.50276,0.954283,1593122.0,42573183.0
24229,8.5831,LH2,-1.531,29.045,4.868,7.865,PI+SIDIS,0.25,3.3,0.67,2.0,57.685,31.834,57.777,31.885,57.891,31.948,57.785,31.89,57.726,31.857,0.9999,0.9989,0.9618,0.9594,-1.0,-1.0,-1.0,-1.0,-1.0,1.0,1.0,0.999786,2210.0,1875.17,47.6005,33.8321,0.858816,51.2163,0.340847,1.015072,OUT,28388.97274,28387.10726,0.959178,1164096.0,23155464.0
24230,8.5831,LH2,-1.531,29.045,4.868,7.865,PI+SIDIS,0.25,3.3,0.67,2.0,31.293,17.019,31.388,17.071,31.354,17.052,31.277,17.01,31.256,16.998,1.0,0.9985,0.9755,0.9749,-1.0,-1.0,-1.0,-1.0,-1.0,1.0,0.99994,0.999891,1234.0,1133.83,35.3652,37.0554,1.15579,51.2045,0.337291,1.006523,OUT,4391.55514,4392.07486,0.965996,636557.0,7444131.0
24231,8.5831,LH2,-1.531,29.045,4.868,7.865,HMSDIS,0.25,3.3,0.67,2.0,14464.94,17.016,14509.127,17.068,14479.645,17.034,14445.135,16.993,14440.802,16.988,0.9998,0.9989,-999,-999,-1.0,-1.0,-1.0,1.0,-1.0,-1.0,0.99883,0.989167,-999,-999,-999,13.5738,0.0306075,-999,-999,1.006467,OUT,-999,-999,-999,294502.0,3402861.0
24232,8.5831,Dummy,-1.531,29.045,4.868,7.865,PI+SIDIS,0.25,3.3,0.67,2.0,70.982,38.194,71.091,38.253,71.078,38.246,70.977,38.192,70.837,38.116,0.9997,0.9981,0.9665,0.9633,-1.0,-1.0,-1.0,-1.0,-1.0,1.0,0.99996,0.99984,1432.0,1222.33,38.3007,17.855,0.559471,51.2384,0.336186,1.0,OUT,34924.9595,34925.3825,0.95716,1035387.0,15245407.0
24233,8.5831,Dummy,-1.531,29.045,4.868,7.865,PI+SIDIS,0.25,3.3,0.67,2.0,67.787,37.586,67.89,37.644,67.824,37.607,67.756,37.57,67.59,37.477,0.9997,0.9988,0.9651,0.9643,-1.0,-1.0,-1.0,-1.0,-1.0,1.0,0.99997,0.99984,1343.0,1152.0,37.0787,17.6027,0.566568,51.2341,0.32006,1.0,OUT,5035.4121,5035.5879,0.955746,989654.0,15047760.0
24234,8.5831,Dummy,-1.531,29.045,4.868,7.865,PI+SIDIS,0.25,3.3,0.67,2.0,70.077,39.688,70.176,39.744,70.044,39.669,69.996,39.642,69.788,39.524,0.9997,0.998,0.9695,0.9632,-1.0,-1.0,-1.0,-1.0,-1.0,1.0,0.99992,0.999839,1357.0,1153.67,37.2946,17.0742,0.551957,51.25,0.32898,1.0,OUT,34462.69118,34462.50882,0.955895,1022442.0,15773245.0
24235,8.5831,Dummy,-1.531,29.045,4.868,7.865,HMSDIS,0.25,3.3,0.67,2.0,18792.618,20.293,18835.862,20.34,18748.754,20.246,18730.256,20.226,18679.369,20.171,0.9998,0.9987,-999,-999,-1.0,-1.0,-1.0,1.0,-1.0,-1.0,0.99966,0.992097,-999,-999,-999,9.62014,0.0226055,-999,-999,1.0,OUT,-999,-999,-999,274087.0,2486613.0
24236,8.5831,C,-1.531,29.045,4.868,7.865,PI+SIDIS,0.25,3.3,0.67,2.0,83.325,44.454,83.495,44.545,83.483,44.538,83.386,44.486,83.153,44.362,0.9997,0.9984,0.9474,0.9419,-1.0,-1.0,-1.0,-1.0,-1.0,1.0,0.99984,0.999664,3519.0,2660.17,60.5156,33.8408,0.769839,51.2533,0.345572,1.0,OUT,41102.08351,41105.97049,0.949239,2218172.0,43186932.0
24237,8.5831,C,-1.531,29.045,4.868,7.865,PI+SIDIS,0.25,3.3,0.67,2.0,72.388,45.286,72.534,45.377,72.481,45.344,72.403,45.296,72.208,45.173,0.9997,0.9986,0.9438,0.9414,-1.0,-1.0,-1.0,-1.0,-1.0,1.0,0.99982,0.999663,3173.0,2405.0,57.4543,35.2377,0.841812,51.2311,0.333649,1.0,OUT,13203.32745,13206.16555,0.949725,1927879.0,38268853.0
24238,8.5831,C,-1.531,29.045,4.868,7.865,PI+SIDIS,0.25,3.3,0.67,2.0,82.494,47.487,82.655,47.58,82.558,47.524,82.476,47.477,82.236,47.339,0.9997,0.9986,0.945,0.9418,-1.0,-1.0,-1.0,-1.0,-1.0,1.0,1.0,0.999659,3594.0,2735.33,61.1319,35.149,0.785544,51.2396,0.336624,1.0,OUT,18837.45954,18836.81546,0.950012,2196359.0,42905722.0
24239,8.5831,C,-1.531,29.045,4.868,7.865,PI+SIDIS,0.25,3.3,0.67,2.0,80.454,42.723,80.624,42.814,80.534,42.766,80.415,42.703,80.192,42.584,0.9996,0.9986,0.9465,0.9424,-1.0,-1.0,-1.0,-1.0,-1.0,1.0,0.99984,0.999665,3568.0,2731.67,60.8883,35.9726,0.801822,51.2451,0.350618,1.0,OUT,25238.59483,25237.78617,0.949338,2141642.0,42741464.0
24240,8.5831,C,-1.531,29.045,4.868,7.865,PI+SIDIS,0.25,3.3,0.67,2.0,85.405,48.199,85.58,48.298,85.382,48.186,85.307,48.144,85.053,48.001,0.9997,0.9987,0.9479,0.9408,-1.0,-1.0,-1.0,-1.0,-1.0,1.0,0.9998,0.999658,3803.0,2914.0,62.8583,36.2106,0.781104,51.2473,0.338996,1.0,OUT,42088.83996,42092.53504,0.949192,2275006.0,45238576.0
24241,8.5831,C,-1.531,29.045,4.868,7.865,PI+SIDIS,0.25,3.3,0.67,2.0,43.63,24.506,43.714,24.553,43.417,24.386,43.387,24.369,43.266,24.301,0.9997,0.9989,0.9723,0.9668,-1.0,-1.0,-1.0,-1.0,-1.0,1.0,0.99993,0.999833,1810.0,1568.83,43.0139,37.1346,1.01815,51.2673,0.330544,1.0,OUT,21473.77037,21475.07263,0.956662,1155011.0,13742348.0
24242,8.5831,C,-1.531,29.045,4.868,7.865,HMSDIS,0.25,3.3,0.67,2.0,21006.799,24.095,21049.569,24.144,20907.336,23.981,20893.477,23.965,20831.752,23.894,0.9997,0.999,-999,-999,-1.0,-1.0,-1.0,1.0,-1.0,-1.0,0.99363,0.983407,-999,-999,-999,17.4625,0.0288991,-999,-999,1.0,OUT,-999,-999,-999,555829.0,6666003.0
24243,8.5831,Cu,-1.531,29.045,4.868,7.865,PI+SIDIS,0.25,3.3,0.67,2.0,68.871,42.185,68.994,42.261,68.726,42.097,68.674,42.065,68.498,41.957,0.9997,0.9988,0.9583,0.9516,-1.0,-1.0,-1.0,-1.0,-1.0,1.0,0.9999,0.999745,1666.0,1222.5,41.7123,18.6277,0.635585,51.2434,0.343042,1.0,OUT,33882.30928,33883.69072,0.949509,1607722.0,30803714.0
24244,8.5831,Cu,-1.531,29.045,4.868,7.865,PI+SIDIS,0.25,3.3,0.67,2.0,82.399,47.011,82.584,47.117,82.377,46.999,82.313,46.962,82.078,46.828,0.9997,0.9989,0.9485,0.9453,-1.0,-1.0,-1.0,-1.0,-1.0,1.0,0.99987,0.999714,2159.0,1573.67,47.5032,20.1667,0.608759,51.2475,0.334132,1.0,OUT,4974.62907,4976.98193,0.947662,1918091.0,39381079.0
24245,8.5831,Cu,-1.531,29.045,4.868,7.865,PI+SIDIS,0.25,3.3,0.67,2.0,82.244,46.502,82.432,46.608,82.244,46.502,82.176,46.463,81.914,46.315,0.9997,0.9988,0.9516,0.9455,-1.0,-1.0,-1.0,-1.0,-1.0,1.0,0.99987,0.999715,2096.0,1515.67,46.8265,19.4551,0.601066,51.2375,0.333009,1.0,OUT,40464.27749,40461.40951,0.946926,1914552.0,40134108.0
24246,8.5831,Cu,-1.531,29.045,4.868,7.865,PI+SIDIS,0.25,3.3,0.67,2.0,82.06,45.392,82.238,45.49,82.081,45.403,81.992,45.354,81.774,45.233,0.9997,0.9989,0.9476,0.9464,-1.0,-1.0,-1.0,-1.0,-1.0,1.0,0.9999,0.999715,2032.0,1472.5,46.1004,18.927,0.592559,51.2598,0.33979,1.0,OUT,9315.93732,9316.34568,0.946489,1910423.0,39873989.0
24247,8.5831,Cu,-1.531,29.045,4.868,7.865,PI+SIDIS,0.25,3.3,0.67,2.0,74.987,42.767,75.164,42.868,75.051,42.804,74.95,42.747,74.69,42.598,0.9996,0.9987,0.9517,0.9469,-1.0,-1.0,-1.0,-1.0,-1.0,1.0,0.9999,0.999716,1934.0,1416.0,44.9481,19.9053,0.631854,51.2426,0.366702,1.0,OUT,13202.14876,13201.26224,0.947638,1748012.0,35881169.0
24248,8.5831,Cu,-1.531,29.045,4.868,7.865,PI+SIDIS,0.25,3.3,0.67,2.0,80.472,46.053,80.652,46.155,80.465,46.049,80.394,46.008,80.134,45.859,0.9998,0.9989,0.9499,0.9461,-1.0,-1.0,-1.0,-1.0,-1.0,1.0,0.99991,0.999717,1994.0,1432.33,45.6904,18.7766,0.598961,51.2361,0.363783,1.0,OUT,11612.3152,11612.2808,0.947278,1875412.0,38750452.0
24249,8.5831,Cu,-1.531,29.045,4.868,7.865,HMSDIS,0.25,3.3,0.67,2.0,34771.751,45.5,34851.109,45.604,34764.701,45.491,34740.986,45.46,34638.432,45.326,0.9997,0.999,-999,-999,-1.0,-1.0,-1.0,2.0,-1.0,-1.0,0.99848,0.971875,-999,-999,-999,15.2013,0.0295627,-999,-999,1.0,OUT,-999,-999,-999,807716.0,16665914.0
24250,8.5831,LD2,-1.531,29.045,4.868,7.865,PI+SIDIS,0.25,3.3,0.67,2.0,56.507,32.898,56.598,32.95,56.326,32.792,56.297,32.775,56.12,32.672,0.9998,0.9988,0.9343,0.9308,-1.0,-1.0,-1.0,-1.0,-1.0,1.0,0.99976,0.999557,4424.0,3235.0,67.9865,61.4337,1.29109,51.2469,0.344237,1.011509,OUT,27798.45319,27799.13181,0.946823,2202891.0,58653355.0
24251,8.5831,LD2,-1.531,29.045,4.868,7.865,PI+SIDIS,0.25,3.3,0.67,2.0,59.522,33.333,59.615,33.385,59.348,33.236,59.316,33.218,59.129,33.113,0.9998,0.9988,0.9347,0.9303,-1.0,-1.0,-1.0,-1.0,-1.0,1.0,0.99972,0.999556,4618.0,3362.83,69.478,60.6647,1.25337,51.2516,0.339451,1.011661,OUT,29289.42278,29289.42322,0.94769,2315283.0,63752894.0
24252,8.5831,LD2,-1.531,29.045,4.868,7.865,PI+SIDIS,0.25,3.3,0.67,2.0,60.562,34.145,60.658,34.2,60.429,34.071,60.406,34.057,60.242,33.965,0.9997,0.9989,0.9307,0.9302,-1.0,-1.0,-1.0,-1.0,-1.0,1.0,0.99974,0.999553,4634.0,3356.17,69.6202,59.5145,1.23457,51.2459,0.350184,1.011946,OUT,29811.12371,29810.32329,0.947978,2356973.0,64993666.0
24253,8.5831,LD2,-1.531,29.045,4.868,7.865,PI+SIDIS,0.25,3.3,0.67,2.0,62.572,35.222,62.668,35.276,62.487,35.174,62.469,35.164,62.311,35.075,0.9997,0.9988,0.9316,0.9303,-1.0,-1.0,-1.0,-1.0,-1.0,1.0,0.99974,0.99955,4772.0,3413.17,70.6999,58.5779,1.21338,51.2379,0.341226,1.012322,OUT,30800.57807,30799.79493,0.948395,2438596.0,68837185.0
24254,8.5831,LD2,-1.531,29.045,4.868,7.865,PI+SIDIS,0.25,3.3,0.67,2.0,61.621,34.871,61.722,34.928,61.602,34.861,61.584,34.85,61.409,34.751,0.9996,0.9988,0.9296,0.9298,-1.0,-1.0,-1.0,-1.0,-1.0,1.0,0.99972,0.999552,4896.0,3595.0,71.5041,62.6848,1.24679,51.239,0.355573,1.0122,OUT,30329.6061,30330.3239,0.947885,2404857.0,66810875.0
24255,8.5831,LD2,-1.531,29.045,4.868,7.865,PI+SIDIS,0.25,3.3,0.67,2.0,59.887,33.448,59.987,33.504,59.926,33.47,59.884,33.446,59.712,33.35,0.9997,0.9987,0.9332,0.9305,-1.0,-1.0,-1.0,-1.0,-1.0,1.0,0.99969,0.999553,4610.0,3315.5,69.4676,59.4348,1.2453,51.2368,0.348273,1.011703,OUT,29471.24164,29471.40636,0.948019,2337193.0,64678008.0
24256,8.5831,LD2,-1.531,29.045,4.868,7.865,HMSDIS,0.25,3.3,0.67,2.0,31130.953,35.647,31181.532,35.705,31143.061,35.661,31129.445,35.645,31061.546,35.568,0.9997,0.9989,-999,-999,-1.0,-1.0,-1.0,3.0,-1.0,-1.0,1.0,0.954804,-999,-999,-999,25.3066,0.0493508,-999,-999,1.012472,OUT,-999,-999,-999,1212640.0,34423604.0
24257,8.5831,LH2,-1.531,29.045,4.868,7.865,PI+SIDIS,0.25,3.3,0.67,2.0,84.732,48.2,84.931,48.313,85.187,48.459,85.064,48.388,84.873,48.279,0.9996,0.999,0.9503,0.9432,-1.0,-1.0,-1.0,-1.0,-1.0,1.0,0.99989,0.999673,3409.0,2705.33,59.3825,33.7887,0.741666,51.2294,0.3403,1.027193,OUT,41727.12613,41724.92087,0.95267,1701768.0,44374106.0
24258,8.5831,LH2,-1.531,29.045,4.868,7.865,PI+SIDIS,0.25,3.3,0.67,2.0,77.036,43.917,77.229,44.027,77.531,44.199,77.394,44.121,77.278,44.055,0.9998,0.999,0.9518,0.9443,-1.0,-1.0,-1.0,-1.0,-1.0,1.0,0.99992,0.999678,3132.0,2510.83,56.8817,34.4388,0.780194,51.2197,0.337417,1.022928,OUT,5842.69113,5842.93287,0.954385,1547496.0,41326281.0
24259,8.5831,LH2,-1.531,29.045,4.868,7.865,PI+SIDIS,0.25,3.3,0.67,2.0,78.475,46.124,78.657,46.231,78.96,46.409,78.835,46.335,78.686,46.248,0.9997,0.9989,0.9426,0.9447,-1.0,-1.0,-1.0,-1.0,-1.0,1.0,0.9999,0.999675,3255.0,2591.5,58.0136,34.8893,0.781036,51.2238,0.331474,1.022236,OUT,20958.44366,20956.55534,0.952954,1583170.0,42548099.0
24260,8.5831,LH2,-1.531,29.045,4.868,7.865,PI+SIDIS,0.25,3.3,0.67,2.0,72.146,45.688,72.319,45.797,72.606,45.979,72.489,45.905,72.354,45.819,0.9998,0.9987,0.9453,0.9438,-1.0,-1.0,-1.0,-1.0,-1.0,1.0,0.99989,0.999677,2973.0,2364.83,55.4469,34.6579,0.812605,51.2253,0.344694,1.02404,OUT,3500.87152,3500.69848,0.953564,1449856.0,39371289.0
24261,8.5831,LH2,-1.531,29.045,4.868,7.865,PI+SIDIS,0.25,3.3,0.67,2.0,59.749,42.58,59.901,42.688,60.179,42.887,60.065,42.805,59.974,42.74,0.9998,0.9989,0.9441,0.9456,-1.0,-1.0,-1.0,-1.0,-1.0,1.0,0.99989,0.999679,2495.0,1990.67,50.7844,35.1554,0.896859,51.2266,0.364221,1.019642,OUT,762.78451,762.61749,0.953872,1206883.0,32004997.0
24262,8.5831,LH2,-1.531,29.045,4.868,7.865,PI+SIDIS,0.25,3.3,0.67,2.0,69.991,43.681,70.169,43.792,70.525,44.014,70.383,43.926,70.263,43.851,0.9998,0.9987,0.9473,0.9437,-1.0,-1.0,-1.0,-1.0,-1.0,1.0,0.9999,0.999677,2851.0,2270.83,54.2927,34.3033,0.820146,51.2339,0.34263,1.02001,OUT,6749.09927,6748.73273,0.953646,1412542.0,37708318.0
24263,8.5831,LH2,-1.531,29.045,4.868,7.865,PI+SIDIS,0.25,3.3,0.67,2.0,57.761,32.719,57.858,32.774,57.92,32.809,57.852,32.771,57.741,32.708,0.9997,0.999,0.9614,0.9601,-1.0,-1.0,-1.0,-1.0,-1.0,1.0,0.99995,0.999785,2233.0,1897.17,47.8432,34.1648,0.861577,51.2232,0.33306,1.014774,OUT,9380.15245,9379.57355,0.960448,1172605.0,23078334.0
24264,8.5831,LH2,-1.531,29.045,4.868,7.865,PI+SIDIS,0.25,3.3,0.67,2.0,30.095,17.178,30.193,17.233,30.188,17.231,30.124,17.194,30.096,17.178,1.0,0.9992,0.9789,0.9741,-1.0,-1.0,-1.0,-1.0,-1.0,1.0,0.99998,0.999891,1159.0,1063.67,34.2767,36.1663,1.16546,51.2297,0.32292,1.00653,OUT,14835.8871,14837.2689,0.967349,615081.0,7077384.0
24265,8.5831,LH2,-1.531,29.045,4.868,7.865,HMSDIS,0.25,3.3,0.67,2.0,15260.736,17.299,15310.018,17.354,15310.786,17.355,15279.653,17.32,15265.868,17.304,0.9997,0.999,-999,-999,-1.0,-1.0,-1.0,1.0,-1.0,-1.0,0.9988,0.989055,-999,-999,-999,13.5543,0.0297767,-999,-999,1.006683,OUT,-999,-999,-999,311328.0,3587035.0
24266,8.5831,LD2,-1.531,29.045,4.868,7.865,PI+SIDIS,0.25,3.3,0.67,2.0,40.708,24.015,40.8,24.069,40.843,24.095,40.763,24.047,40.726,24.026,0.9997,0.9986,0.9521,0.9493,-1.0,-1.0,-1.0,-1.0,-1.0,1.0,0.99987,0.999694,2958.0,2335.33,55.3333,60.3217,1.42926,51.2084,0.351512,1.008407,OUT,6370.89243,6370.05057,0.954891,1589124.0,32393296.0
24267,8.5831,LD2,-1.531,29.045,4.868,7.865,PI+SIDIS,0.25,3.3,0.67,2.0,21.138,12.17,21.245,12.232,21.231,12.223,21.193,12.202,21.164,12.185,0.9998,0.999,0.9717,0.9706,-1.0,-1.0,-1.0,-1.0,-1.0,1.0,0.99999,0.999849,1449.0,1282.33,38.4289,62.2006,1.86402,51.2252,0.330855,1.004273,OUT,10441.36819,10441.78581,0.962442,826980.0,9806965.0
24268,8.5831,Dummy,-1.531,29.045,4.868,7.865,PI+SIDIS,0.25,3.3,0.67,2.0,68.608,38.447,68.734,38.518,68.981,38.656,68.856,38.586,68.769,38.537,0.9998,0.9987,0.9718,0.9653,-1.0,-1.0,-1.0,-1.0,-1.0,1.0,0.99995,0.999839,1311.0,1120.5,36.6436,16.8922,0.552422,51.2147,0.33093,1.0,OUT,33758.03499,33759.06901,0.958262,1000433.0,14666439.0
24269,8.5831,Dummy,-1.531,29.045,4.868,7.865,PI+SIDIS,0.25,3.3,0.67,2.0,59.149,39.488,59.254,39.559,59.462,39.698,59.363,39.632,59.287,39.581,0.9999,0.9987,0.972,0.9656,-1.0,-1.0,-1.0,-1.0,-1.0,1.0,0.99998,0.999839,1159.0,997.167,34.4379,17.4303,0.601968,51.225,0.333234,1.0,OUT,2858.81607,2858.90393,0.958811,864763.0,12799011.0
24270,8.5831,C,-1.531,29.045,4.868,7.865,PI+SIDIS,0.25,3.3,0.67,2.0,77.277,46.551,77.474,46.67,77.975,46.971,77.81,46.872,77.699,46.805,0.9997,0.9985,0.9442,0.9414,-1.0,-1.0,-1.0,-1.0,-1.0,1.0,0.99983,0.999659,3367.0,2533.17,59.2113,34.7485,0.812225,51.2164,0.346582,1.0,OUT,38062.97947,38064.72353,0.952107,2060736.0,42292097.0
24271,8.5831,C,-1.531,29.045,4.868,7.865,PI+SIDIS,0.25,3.3,0.67,2.0,72.954,49.971,73.135,50.096,73.609,50.42,73.46,50.318,73.384,50.266,0.9998,0.9984,0.9467,0.9415,-1.0,-1.0,-1.0,-1.0,-1.0,1.0,0.99982,0.999653,3407.0,2623.17,59.4781,38.1108,0.864129,51.2088,0.352763,1.0,OUT,35967.41041,35967.73559,0.951637,1941876.0,40961451.0
24273,8.5831,C,-1.531,29.045,4.868,7.865,PI+SIDIS,0.25,3.3,0.67,2.0,85.181,47.507,85.391,47.624,85.947,47.934,85.761,47.831,85.665,47.777,0.9997,0.9984,0.9443,0.9411,-1.0,-1.0,-1.0,-1.0,-1.0,1.0,0.99983,0.999661,3806.0,2893.5,62.9133,36.0231,0.783249,51.2245,0.352936,1.0,OUT,41994.82127,41994.95173,0.952915,2268726.0,43739731.0
24274,8.5831,C,-1.531,29.045,4.868,7.865,PI+SIDIS,0.25,3.3,0.67,2.0,84.187,46.915,84.401,47.035,84.958,47.345,84.761,47.235,84.682,47.191,0.9996,0.9985,0.9424,0.9414,-1.0,-1.0,-1.0,-1.0,-1.0,1.0,0.99981,0.999656,3729.0,2841.33,62.2651,35.7813,0.784114,51.2134,0.349815,1.0,OUT,41458.75502,41458.82298,0.951321,2242176.0,45183102.0
24275,8.5831,C,-1.531,29.045,4.868,7.865,PI+SIDIS,0.25,3.3,0.67,2.0,82.499,46.986,82.707,47.105,83.184,47.376,83.006,47.275,82.86,47.192,0.9995,0.9985,0.9469,0.9405,-1.0,-1.0,-1.0,-1.0,-1.0,1.0,1.0,0.999657,3667.0,2770.5,61.7772,35.6348,0.794592,51.2375,0.336339,1.0,OUT,3268.78961,3268.75839,0.951091,2198712.0,44725386.0
24276,8.5831,C,-1.531,29.045,4.868,7.865,PI+SIDIS,0.25,3.3,0.67,2.0,44.357,24.475,44.456,24.53,44.472,24.538,44.377,24.486,44.297,24.442,0.9995,0.9986,0.9687,0.9652,-1.0,-1.0,-1.0,-1.0,-1.0,1.0,0.99996,0.999832,1888.0,1642.0,43.9204,38.288,1.02413,51.2535,0.338781,1.0,OUT,21828.84249,21830.44551,0.958553,1174192.0,14357785.0
24277,8.5831,Cu,-1.531,29.045,4.868,7.865,PI+SIDIS,0.25,3.3,0.67,2.0,89.425,44.308,89.648,44.419,89.962,44.574,89.771,44.48,89.585,44.388,0.9997,0.9983,0.9523,0.9452,-1.0,-1.0,-1.0,-1.0,-1.0,1.0,0.99988,0.999717,2249.0,1620.67,48.5152,19.1343,0.57279,51.2519,0.34308,1.0,OUT,751.23941,750.61259,0.948156,2089227.0,41987306.0
24278,8.5831,Cu,-1.531,29.045,4.868,7.865,PI+SIDIS,0.25,3.3,0.67,2.0,88.325,48.664,88.54,48.783,88.697,48.869,88.606,48.819,88.371,48.689,0.9997,0.9986,0.9488,0.9445,-1.0,-1.0,-1.0,-1.0,-1.0,1.0,0.99989,0.999712,2345.0,1713.0,49.5008,20.4924,0.592173,51.2438,0.336327,1.0,OUT,43606.29227,43608.90273,0.947546,2061500.0,43056767.0
24279,8.5831,Cu,-1.531,29.045,4.868,7.865,PI+SIDIS,0.25,3.3,0.67,2.0,83.832,45.059,84.034,45.167,84.095,45.2,83.996,45.147,83.73,45.004,0.9997,0.9984,0.9503,0.9448,-1.0,-1.0,-1.0,-1.0,-1.0,1.0,0.99985,0.999715,2160.0,1562.5,47.5351,19.6888,0.598982,51.268,0.337591,1.0,OUT,12153.83578,12153.43922,0.947817,1955316.0,39725827.0
24280,8.5831,Cu,-1.531,29.045,4.868,7.865,PI+SIDIS,0.25,3.3,0.67,2.0,82.848,47.074,83.032,47.178,82.926,47.118,82.867,47.085,82.549,46.904,0.9998,0.9983,0.9523,0.9452,-1.0,-1.0,-1.0,-1.0,-1.0,1.0,0.99987,0.999716,2177.0,1604.33,47.6702,20.4489,0.607605,51.2649,0.335741,1.0,OUT,14672.54688,14675.10912,0.946817,1931641.0,40032494.0
24281,8.5831,Cu,-1.531,29.045,4.868,7.865,PI+SIDIS,0.25,3.3,0.67,2.0,91.851,46.228,92.047,46.327,91.784,46.195,91.71,46.158,91.347,45.975,0.9996,0.9986,0.9521,0.945,-1.0,-1.0,-1.0,-1.0,-1.0,1.0,0.9999,0.999716,2321.0,1672.83,49.2852,19.241,0.566881,51.2627,0.333647,1.0,OUT,7133.15586,7136.17614,0.946714,2138781.0,44003525.0
24282,8.5831,Cu,-1.531,29.045,4.868,7.865,PI+SIDIS,0.25,3.3,0.67,2.0,93.599,45.648,93.792,45.743,93.386,45.545,93.308,45.506,92.941,45.328,0.9997,0.9985,0.9548,0.946,-1.0,-1.0,-1.0,-1.0,-1.0,1.0,0.99986,0.999717,2433.0,1801.17,50.3816,20.309,0.568075,51.2801,0.338043,1.0,OUT,46077.06362,46076.89538,0.947315,2177399.0,44222294.0
24283,8.5831,Cu,-1.531,29.045,4.868,7.865,PI+SIDIS,0.25,3.3,0.67,2.0,88.729,45.185,88.908,45.276,88.429,45.032,88.349,44.991,87.984,44.806,0.9996,0.9985,0.948,0.9465,-1.0,-1.0,-1.0,-1.0,-1.0,1.0,0.99988,0.999716,2316.0,1698.5,49.1825,20.1944,0.584757,51.277,0.332367,1.0,OUT,43657.49462,43654.82838,0.946062,2067016.0,40888194.0
24284,8.5831,LD2,-1.531,29.045,4.868,7.865,HMSDIS,0.25,3.3,0.67,2.0,41963.1,46.823,42042.745,46.912,41756.927,46.593,41722.919,46.555,41532.494,46.343,0.9996,0.9984,-999,-999,-1.0,-1.0,-1.0,5.0,-1.0,-1.0,0.99882,0.935683,-999,-999,-999,25.4018,0.0550067,-999,-999,1.016386,OUT,-999,-999,-999,1639562.0,59324676.0
24285,8.5831,LD2,-1.531,29.045,4.868,7.865,HMSDIS,0.25,3.3,0.67,2.0,38060.817,40.169,38108.285,40.219,37723.645,39.813,37719.759,39.809,37561.305,39.641,0.9997,0.9986,-999,-999,-1.0,-1.0,-1.0,3.0,-1.0,-1.0,0.99845,0.94853,-999,-999,-999,25.4394,0.0447925,-999,-999,1.014048,OUT,-999,-999,-999,1484269.0,45774704.0
24286,8.5831,LD2,-1.531,29.045,4.868,7.865,HMSDIS,0.25,3.3,0.67,2.0,35859.673,30.113,35911.794,30.157,35490.089,29.803,35489.994,29.803,35309.609,29.651,0.9996,0.9989,-999,-999,-1.0,-1.0,-1.0,3.0,-1.0,-1.0,0.99891,0.961886,-999,-999,-999,25.4323,0.0461274,-999,-999,1.010534,OUT,-999,-999,-999,1399628.0,34579281.0
24287,8.5831,LD2,-1.531,29.045,4.868,7.865,HMSDIS,0.25,3.3,0.67,2.0,25513.135,18.995,25578.453,19.043,25259.655,18.806,25230.137,18.784,25128.194,18.708,0.9997,0.999,-999,-999,-1.0,-1.0,-1.0,2.0,-1.0,-1.0,0.99877,0.975092,-999,-999,-999,25.5565,0.0447363,-999,-999,1.006652,OUT,-999,-999,-999,997886.0,16864379.0
24289,8.5831,LD2,-1.531,29.045,4.868,7.865,HMSDIS,0.25,3.3,0.67,2.0,18617.367,9.887,18736.473,9.95,18451.033,9.799,18451.291,9.799,18352.896,9.746,0.9998,0.9992,-999,-999,-1.0,-1.0,-1.0,1.0,-1.0,-1.0,0.99792,0.98764,-999,-999,-999,25.5736,0.0369869,-999,-999,1.003476,OUT,-999,-999,-999,729896.0,7705207.0
24290,8.5831,LD2,-1.531,29.045,4.868,7.865,HMSDIS,0.25,3.3,0.67,2.0,11948.186,6.942,12068.114,7.012,11866.565,6.895,11862.739,6.892,11805.338,6.859,0.9998,0.9993,-999,-999,-1.0,-1.0,-1.0,1.0,-1.0,-1.0,0.9987,0.991354,-999,-999,-999,25.5439,0.0460415,-999,-999,1.002449,OUT,-999,-999,-999,468802.0,4441456.0
24291,8.5831,LD2,-1.531,29.045,4.868,7.865,HMSDIS,0.25,3.3,0.67,2.0,1806.982,3.097,1853.971,3.178,1821.939,3.123,1801.502,3.088,1791.627,3.071,0.9998,0.9994,-999,-999,-1.0,-1.0,-1.0,1.0,-1.0,-1.0,1.0,0.996123,-999,-999,-999,25.5352,0.117371,-999,-999,1.00111,OUT,-999,-999,-999,71983.0,494909.0
24292,8.5831,LH2,-1.531,29.045,4.868,7.865,HMSDIS,0.25,3.3,0.67,2.0,1730.005,2.828,1779.931,2.909,1753.527,2.866,1727.889,2.824,1716.543,2.806,0.9998,0.9996,-999,-999,-1.0,-1.0,-1.0,1.0,-1.0,-1.0,0.99984,0.998169,-999,-999,-999,13.4862,0.0870604,-999,-999,1.00103,OUT,-999,-999,-999,35883.0,168619.0
24293,8.5831,LH2,-1.531,29.045,4.868,7.865,HMSDIS,0.25,3.3,0.67,2.0,3116.463,6.761,3149.575,6.833,3102.656,6.732,3099.723,6.725,3086.104,6.696,0.9998,0.9993,-999,-999,-1.0,-1.0,-1.0,1.0,-1.0,-1.0,0.99962,0.995623,-999,-999,-999,13.544,0.0655954,-999,-999,1.002513,OUT,-999,-999,-999,63831.0,357881.0
24294,8.5831,LH2,-1.531,29.045,4.868,7.865,HMSDIS,0.25,3.3,0.67,2.0,3255.61,9.056,3280.177,9.124,3247.075,9.032,3238.772,9.009,3224.578,8.97,0.9999,0.9995,-999,-999,-1.0,-1.0,-1.0,1.0,-1.0,-1.0,0.99948,0.993734,-999,-999,-999,13.7248,0.064705,-999,-999,1.003386,OUT,-999,-999,-999,66751.0,417801.0
24295,8.5831,LH2,-1.531,29.045,4.868,7.865,HMSDIS,0.25,3.3,0.67,2.0,10066.645,19.672,10096.105,19.729,9975.571,19.494,9967.503,19.478,9934.631,19.414,0.9999,0.9995,-999,-999,-1.0,-1.0,-1.0,1.0,-1.0,-1.0,0.99863,0.988319,-999,-999,-999,13.6524,0.0367999,-999,-999,1.007782,OUT,-999,-999,-999,205577.0,1647661.0
24296,8.5831,LH2,-1.531,29.045,3.632,7.865,HMSDIS,0.25,3.3,0.5,2.0,15345.792,29.363,15379.804,29.428,15213.612,29.11,15216.11,29.115,15158.594,29.005,0.9998,0.9993,-999,-999,-1.0,-1.0,-1.0,1.0,-1.0,-1.0,0.99967,0.985682,-999,-999,-999,13.4754,0.0296081,-999,-999,1.013471,OUT,-999,-999,-999,310692.0,2703312.0
24297,8.5831,LH2,-1.531,29.045,3.632,7.865,HMSDIS,0.25,3.3,0.5,2.0,6609.27,40.198,6621.483,40.272,6561.957,39.91,6561.955,39.91,6537.518,39.761,0.9998,0.999,-999,-999,-1.0,-1.0,-1.0,2.0,-1.0,-1.0,1.0,0.980429,-999,-999,-999,13.4915,0.0638427,-999,-999,1.02072,OUT,-999,-999,-999,133400.0,1344997.0
24298,8.5831,LH2,-1.531,29.045,3.632,7.865,HMSDIS,0.25,3.3,0.5,2.0,20600.825,37.224,20644.91,37.303,20467.585,36.983,20463.304,36.975,20396.907,36.855,0.9998,0.9993,-999,-999,-1.0,-1.0,-1.0,2.0,-1.0,-1.0,0.99927,0.980879,-999,-999,-999,13.4735,0.0361453,-999,-999,1.019275,OUT,-999,-999,-999,416032.0,4172217.0
24299,8.5831,LH2,-1.531,29.045,3.632,7.865,HMSDIS,0.25,3.3,0.5,2.0,38860.428,44.691,38972.741,44.82,38784.934,44.604,38751.423,44.566,38611.358,44.405,0.9998,0.9992,-999,-999,-1.0,-1.0,-1.0,5.0,-1.0,-1.0,0.99978,0.975724,-999,-999,-999,13.3752,0.0414331,-999,-999,1.02321,OUT,-999,-999,-999,782164.0,13786873.0
24301,8.5831,C,-1.531,29.045,3.632,7.865,HMSDIS,0.25,3.3,0.5,2.0,43900.448,50.712,44036.314,50.869,44200.642,51.059,44141.009,50.99,44127.47,50.974,0.9997,0.9985,-999,-999,-1.0,-1.0,-1.0,3.0,-1.0,-1.0,1.0,0.907238,-999,-999,-999,17.5799,0.0346121,-999,-999,1.0,OUT,-999,-999,-999,1170333.0,30287096.0
24303,8.5831,C,-1.531,29.045,3.632,7.865,HMSDIS,0.25,3.3,0.5,2.0,36862.515,40.734,36951.119,40.832,37068.466,40.962,37010.208,40.897,37005.759,40.892,0.9998,0.9985,-999,-999,-1.0,-1.0,-1.0,2.0,-1.0,-1.0,0.99891,0.925943,-999,-999,-999,17.4754,0.0307747,-999,-999,1.0,OUT,-999,-999,-999,978546.0,21845891.0
24304,8.5831,C,-1.531,29.045,3.632,7.865,HMSDIS,0.25,3.3,0.5,2.0,16663.786,30.522,16707.508,30.602,16754.578,30.688,16724.923,30.634,16725.795,30.635,0.9997,0.9987,-999,-999,-1.0,-1.0,-1.0,2.0,-1.0,-1.0,0.99892,0.944792,-999,-999,-999,17.4607,0.0457498,-999,-999,1.0,OUT,-999,-999,-999,441680.0,8255981.0
24306,8.5831,C,-1.531,29.045,3.632,7.865,HMSDIS,0.25,3.3,0.5,2.0,12354.078,20.3,12398.246,20.373,12340.869,20.279,12321.961,20.248,12281.963,20.182,0.9998,0.9988,-999,-999,-1.0,-1.0,-1.0,1.0,-1.0,-1.0,0.99654,0.963319,-999,-999,-999,17.4454,0.0375799,-999,-999,1.0,OUT,-999,-999,-999,327735.0,4664904.0
24307,8.5831,C,-1.531,29.045,3.632,7.865,HMSDIS,0.25,3.3,0.5,2.0,6846.903,10.307,6895.821,10.38,6834.87,10.289,6830.905,10.283,6805.301,10.244,0.9997,0.999,-999,-999,-1.0,-1.0,-1.0,1.0,-1.0,-1.0,0.99889,0.981402,-999,-999,-999,17.4583,0.0503517,-999,-999,1.0,OUT,-999,-999,-999,181539.0,1824382.0
24308,8.5831,C,-1.531,29.045,3.632,7.865,HMSDIS,0.25,3.3,0.5,2.0,4219.755,7.186,4264.345,7.262,4226.679,7.198,4223.862,7.193,4213.711,7.176,0.9998,0.9991,-999,-999,-1.0,-1.0,-1.0,1.0,-1.0,-1.0,0.9993,0.987025,-999,-999,-999,17.4986,0.064087,-999,-999,1.0,OUT,-999,-999,-999,112444.0,981778.0
24309,8.5831,C,-1.531,29.045,3.632,7.865,HMSDIS,0.25,3.3,0.5,2.0,2803.375,3.124,2877.34,3.206,2856.05,3.182,2822.717,3.145,2813.082,3.135,0.9997,0.9992,-999,-999,-1.0,-1.0,-1.0,1.0,-1.0,-1.0,0.99975,0.994314,-999,-999,-999,17.3539,0.0776823,-999,-999,1.0,OUT,-999,-999,-999,75242.0,525128.0
24310,8.5831,LD2,-1.531,29.045,3.632,7.865,PI+SIDIS,0.25,3.3,0.5,2.0,24.91,13.67,25.035,13.739,24.974,13.705,24.953,13.694,24.921,13.676,0.9998,0.9987,0.9409,0.9356,-1.0,-1.0,-1.0,-1.0,-1.0,1.0,1.0,0.999574,2179.0,1521.33,47.8394,64.9641,2.04284,51.2205,0.3507,1.004799,OUT,1827.59237,1827.89263,0.958002,973298.0,16216291.0
24311,8.5831,LD2,-1.531,29.045,3.632,7.865,PI+SIDIS,0.25,3.3,0.5,2.0,24.755,14.093,24.876,14.163,24.829,14.135,24.802,14.12,24.76,14.096,0.9996,0.9985,0.9334,0.9345,-1.0,-1.0,-1.0,-1.0,-1.0,1.0,0.99992,0.999561,2239.0,1567.67,48.486,67.469,2.08673,51.2242,0.336562,1.004947,OUT,1252.49274,1253.09726,0.956882,968839.0,16270247.0
24312,8.5831,LD2,-1.531,29.045,3.632,7.865,PI+SIDIS,0.25,3.3,0.5,2.0,27.385,14.284,27.516,14.352,27.456,14.321,27.428,14.306,27.377,14.279,0.9998,0.9986,0.9339,0.9341,-1.0,-1.0,-1.0,-1.0,-1.0,1.0,0.9999,0.999559,2489.0,1731.17,51.1401,67.374,1.99028,51.234,0.342008,1.005013,OUT,13525.99427,13527.38473,0.956969,1070110.0,17923754.0
24313,8.5831,LD2,-1.531,29.045,3.632,7.865,PI+SIDIS,0.25,3.3,0.5,2.0,35.148,13.823,35.32,13.891,35.213,13.849,35.183,13.837,35.1,13.805,0.9997,0.9985,0.9338,0.9346,-1.0,-1.0,-1.0,-1.0,-1.0,1.0,0.99991,0.999566,3173.0,2247.17,57.6828,68.1017,1.74811,51.2237,0.333028,1.004852,OUT,6344.21445,6343.70155,0.956694,1374487.0,22877945.0
24314,8.5831,LD2,-1.531,29.045,3.632,7.865,PI+SIDIS,0.25,3.3,0.5,2.0,23.188,13.784,23.301,13.851,23.2,13.791,23.183,13.781,23.116,13.741,0.9997,0.9986,0.9372,0.9348,-1.0,-1.0,-1.0,-1.0,-1.0,1.0,0.9999,0.999566,2041.0,1411.5,46.324,64.828,2.12759,51.2368,0.333318,1.004838,OUT,4575.59766,4575.21634,0.95587,907881.0,15088538.0
24315,8.5831,LD2,-1.531,29.045,3.632,7.865,PI+SIDIS,0.25,3.3,0.5,2.0,19.98,14.042,20.074,14.107,19.964,14.03,19.956,14.024,19.893,13.981,0.9997,0.9985,0.9343,0.9338,-1.0,-1.0,-1.0,-1.0,-1.0,1.0,0.99989,0.999564,1789.0,1262.17,43.3221,67.3609,2.31207,51.2514,0.350675,1.004928,OUT,9870.72524,9871.37676,0.95572,779953.0,12969081.0
24316,8.5831,LD2,-1.531,29.045,3.632,7.865,PI+SIDIS,0.25,3.3,0.5,2.0,23.467,13.546,23.583,13.614,23.449,13.537,23.423,13.521,23.351,13.48,0.9999,0.9985,0.9358,0.9328,-1.0,-1.0,-1.0,-1.0,-1.0,1.0,0.99991,0.999565,2031.0,1414.33,46.1928,64.3054,2.10025,51.2709,0.338685,1.004755,OUT,685.61697,685.66903,0.956191,917526.0,15420024.0
24317,8.5831,LD2,-1.531,29.045,3.632,7.865,PI+SIDIS,0.25,3.3,0.5,2.0,24.708,14.022,24.824,14.087,24.638,13.982,24.627,13.976,24.545,13.929,0.9998,0.9986,0.9357,0.933,-1.0,-1.0,-1.0,-1.0,-1.0,1.0,0.9999,0.999563,2168.0,1488.5,47.7624,64.2871,2.06282,51.2579,0.342456,1.004921,OUT,5472.65476,5472.99724,0.955557,966109.0,16215282.0
24318,8.5831,LD2,-1.531,29.045,3.632,7.865,PI+SIDIS,0.25,3.3,0.5,2.0,4.669,6.418,4.723,6.493,4.678,6.431,4.67,6.419,4.653,6.396,0.9997,0.9988,0.9597,0.964,-1.0,-1.0,-1.0,-1.0,-1.0,1.0,0.99997,0.999793,325.0,263.333,18.3106,57.8567,4.023,51.2518,0.332886,1.002268,OUT,280.56357,280.60443,0.963947,183269.0,2089447.0
24319,8.5831,LD2,-1.531,29.045,3.632,7.865,HMSDIS,0.25,3.3,0.5,2.0,6274.207,6.797,6342.948,6.871,6278.743,6.802,6273.068,6.795,6251.784,6.772,0.9997,0.9989,-999,-999,-1.0,-1.0,-1.0,1.0,-1.0,-1.0,0.99871,0.978651,-999,-999,-999,25.5984,0.0635778,-999,-999,1.0024,OUT,-999,-999,-999,246585.0,2831591.0
24321,8.5831,LD2,-1.531,29.045,3.632,7.865,SHMSDIS,0.25,3.3,0.5,2.0,5635.895,6.658,5699.088,6.733,5638.605,6.661,5633.312,6.655,5612.169,6.63,-999,-999,0.9602,0.9515,-1.0,33.0,-1.0,-1.0,-1.0,-1.0,0.99923,0.978791,-999,-999,-999,-42132.1,-159.397,-999,-999,1.002352,OUT,-999,-999,-999,221379.0,2525703.0
24322,8.5831,LH2,-1.531,29.045,3.632,7.865,PI+SIDIS,0.25,3.3,0.5,2.0,51.262,27.691,51.386,27.758,51.022,27.561,50.997,27.548,50.834,27.459,0.9999,0.9988,0.9363,0.9336,-1.0,-1.0,-1.0,-1.0,-1.0,1.0,0.99991,0.999568,2582.0,1878.17,51.9548,39.157,1.08318,51.2469,0.33598,1.012492,OUT,25251.70745,25252.37355,0.954212,1042281.0,19410422.0
24323,8.5831,LH2,-1.531,29.045,3.632,7.865,PI+SIDIS,0.25,3.3,0.5,2.0,49.028,27.863,49.139,27.927,48.778,27.721,48.76,27.711,48.589,27.614,0.9998,0.999,0.9365,0.9346,-1.0,-1.0,-1.0,-1.0,1.0,-1.0,0.9986,0.99957,2301.0,1719.5,48.9685,37.5014,1.06798,51.262,0.326322,1.012455,OUT,7426.63409,7427.27991,0.931287,993800.0,18338584.0
24324,8.5831,LH2,-1.531,29.045,3.632,7.865,PI+SIDIS,0.25,3.3,0.5,2.0,50.502,28.021,50.616,28.084,50.237,27.874,50.218,27.864,50.041,27.765,0.9998,0.999,0.937,0.9343,-1.0,-1.0,-1.0,-1.0,-1.0,1.0,0.99989,0.999569,2494.0,1805.83,51.0754,38.1978,1.08037,51.251,0.338611,1.012632,OUT,3403.39821,3404.60279,0.955313,1024415.0,19056986.0
24325,8.5831,LH2,-1.531,29.045,3.632,7.865,PI+SIDIS,0.25,3.3,0.5,2.0,49.729,28.055,49.841,28.118,49.466,27.907,49.444,27.894,49.271,27.797,0.9996,0.9991,0.9339,0.9339,-1.0,-1.0,-1.0,-1.0,-1.0,1.0,1.0,0.999568,2495.0,1809.17,51.0814,38.8835,1.09787,51.2502,0.339116,1.012713,OUT,24528.78755,24530.54345,0.95526,1009970.0,20640556.0
24326,8.5831,LH2,-1.531,29.045,3.632,7.865,PI+SIDIS,0.25,3.3,0.5,2.0,46.13,26.861,46.247,26.929,45.935,26.747,45.898,26.725,45.739,26.633,0.9997,0.9991,0.935,0.934,-1.0,-1.0,-1.0,-1.0,-1.0,1.0,0.9999,0.99957,2267.0,1610.5,48.7485,37.2998,1.12903,51.2546,0.343743,1.011879,OUT,22711.31695,22713.88305,0.956212,934761.0,29650133.0
24327,8.5831,LH2,-1.531,29.045,3.632,7.865,PI+SIDIS,0.25,3.3,0.5,2.0,46.081,26.633,46.203,26.703,45.901,26.529,45.87,26.511,45.73,26.43,0.9999,0.999,0.9347,0.936,-1.0,-1.0,-1.0,-1.0,-1.0,1.0,0.99993,0.999572,2303.0,1654.17,49.1033,38.2568,1.13564,51.2688,0.352041,1.011112,OUT,22763.2198,22764.0222,0.956867,936147.0,29378976.0
24328,8.5831,LH2,-1.531,29.045,3.632,7.865,PI+SIDIS,0.25,3.3,0.5,2.0,49.886,27.855,50.019,27.929,49.712,27.757,49.686,27.743,49.537,27.659,0.9999,0.9993,0.9391,0.9349,-1.0,-1.0,-1.0,-1.0,-1.0,1.0,0.99996,0.999566,2412.0,1693.33,50.3168,36.2164,1.07616,51.2532,0.335338,1.011457,OUT,24577.26811,24581.08389,0.956825,1013894.0,32988496.0
24329,8.5831,LH2,-1.531,29.045,3.632,7.865,PI+SIDIS,0.25,3.3,0.5,2.0,48.607,28.124,48.736,28.199,48.463,28.04,48.446,28.031,48.281,27.935,0.9997,0.9991,0.9341,0.9337,-1.0,-1.0,-1.0,-1.0,-1.0,1.0,0.99992,0.999567,2382.0,1697.33,49.9611,37.3144,1.09835,51.2487,0.344842,1.011735,OUT,22268.32111,22266.68989,0.956674,989509.0,33227650.0
24330,8.5831,LH2,-1.531,29.045,3.632,7.865,PI+SIDIS,0.25,3.3,0.5,2.0,39.2,26.478,39.312,26.554,39.123,26.426,39.094,26.407,38.952,26.311,0.9998,0.9991,0.9367,0.9341,-1.0,-1.0,-1.0,-1.0,-1.0,1.0,0.99994,0.999574,1961.0,1421.17,45.2877,38.7113,1.2336,51.2398,0.33834,1.011239,OUT,12296.12805,12294.98595,0.955972,796761.0,25652351.0
24331,8.5831,LH2,-1.531,29.045,3.632,7.865,PI+SIDIS,0.25,3.3,0.5,2.0,20.522,18.169,20.602,18.24,20.5,18.15,20.471,18.124,20.421,18.079,0.9997,0.9994,0.9542,0.9497,-1.0,-1.0,-1.0,-1.0,-1.0,1.0,0.99996,0.999711,994.0,794.0,32.052,40.5949,1.63873,51.235,0.337383,1.006953,OUT,9486.22112,9485.37588,0.961134,417785.0,9994136.0
24332,8.5831,LH2,-1.531,29.045,3.632,7.865,PI+SIDIS,0.25,3.3,0.5,2.0,17.219,10.029,17.345,10.103,17.23,10.035,17.221,10.031,17.165,9.998,1.0,0.9988,0.9705,0.9675,-1.0,-1.0,-1.0,-1.0,-1.0,1.0,0.99998,0.999846,729.0,631.5,27.2993,37.6321,1.62681,51.2555,0.328358,1.003362,OUT,2921.88436,2921.92664,0.96851,352124.0,6243031.0
24333,8.5831,LH2,-1.531,29.045,3.632,7.865,HMSDIS,0.25,3.3,0.5,2.0,6802.053,9.44,6855.719,9.514,6819.028,9.463,6810.667,9.452,6790.476,9.424,0.9997,0.9994,-999,-999,-1.0,-1.0,-1.0,1.0,-1.0,-1.0,1.0,0.984952,-999,-999,-999,13.5564,0.0444745,-999,-999,1.003447,OUT,-999,-999,-999,139195.0,2590823.0
24334,8.5831,LH2,-1.531,29.045,3.632,7.865,SHMSDIS,0.25,3.3,0.5,2.0,8200.621,9.881,8261.764,9.955,8212.224,9.895,8207.952,9.89,8180.384,9.857,-999,-999,0.9667,0.958,-1.0,17.0,-1.0,-1.0,-1.0,-1.0,0.99904,0.984737,-999,-999,-999,-20187.6,-65.5518,-999,-999,1.00368,OUT,-999,-999,-999,167735.0,3012522.0
24335,8.5831,Dummy,-1.531,29.045,3.632,7.865,PI+SIDIS,0.25,3.3,0.5,2.0,8.5,21.146,8.537,21.238,8.576,21.337,8.535,21.233,8.514,21.183,0.9998,0.9998,0.9362,0.9361,-1.0,-1.0,-1.0,-1.0,-1.0,1.0,0.99989,0.999613,214.0,145.0,15.0167,18.15,1.87967,51.2213,0.346652,1.0,OUT,839.68305,839.06195,0.953643,124354.0,2426268.0
24336,8.5831,Dummy,-1.531,29.045,3.632,7.865,PI+SIDIS,0.25,3.3,0.5,2.0,60.852,36.385,61.025,36.488,60.982,36.462,60.935,36.434,60.754,36.326,0.9997,0.999,0.9367,0.9323,-1.0,-1.0,-1.0,-1.0,-1.0,1.0,0.99991,0.999573,1637.0,1096.33,41.5585,19.2774,0.730745,51.2058,0.330044,1.0,OUT,-0.0,0.0,0.953195,889515.0,17663470.0
24337,8.5831,Dummy,-1.531,29.045,3.632,7.865,PI+SIDIS,0.25,3.3,0.5,2.0,68.363,38.579,68.555,38.687,68.551,38.685,68.499,38.656,68.305,38.546,0.9998,0.9992,0.9323,0.9299,-1.0,-1.0,-1.0,-1.0,-1.0,1.0,0.99992,0.999552,1915.0,1305.33,44.9067,20.4818,0.704624,51.2139,0.350904,1.0,OUT,33692.30141,33691.03359,0.954026,995889.0,20139645.0
24338,8.5831,Dummy,-1.531,29.045,3.632,7.865,PI+SIDIS,0.25,3.3,0.5,2.0,75.639,40.717,75.846,40.828,75.856,40.833,75.81,40.809,75.615,40.703,0.9997,0.999,0.9315,0.9313,-1.0,-1.0,-1.0,-1.0,-1.0,1.0,0.99991,0.999546,2040.0,1350.5,46.4211,19.1267,0.657448,51.2231,0.353082,1.0,OUT,37283.13974,37280.82126,0.953992,1099537.0,23622442.0
24339,8.5831,Dummy,-1.531,29.045,3.632,7.865,PI+SIDIS,0.25,3.3,0.5,2.0,69.451,38.91,69.644,39.018,69.702,39.05,69.622,39.006,69.483,38.928,0.9997,0.9989,0.9337,0.9302,-1.0,-1.0,-1.0,-1.0,-1.0,1.0,0.99989,0.99955,1861.0,1264.17,44.2772,19.5219,0.68375,51.2129,0.329506,1.0,OUT,34216.96999,34218.05301,0.953779,1011424.0,35145748.0
24340,8.5831,Dummy,-1.531,29.045,3.632,7.865,HMSDIS,0.25,3.3,0.5,2.0,18325.347,20.444,18393.136,20.52,18366.878,20.491,18338.455,20.459,18304.86,20.422,0.9998,0.9991,-999,-999,-1.0,-1.0,-1.0,1.0,-1.0,-1.0,0.99897,0.977409,-999,-999,-999,9.64753,0.0229164,-999,-999,1.0,OUT,-999,-999,-999,267720.0,5548903.0
24341,8.5831,Dummy,-1.531,29.045,3.632,7.865,SHMSDIS,0.25,3.3,0.5,2.0,22544.992,20.264,22629.904,20.34,22606.667,20.319,22571.293,20.287,22531.503,20.252,-999,-999,0.9548,0.9434,-1.0,33.0,-1.0,-1.0,-1.0,-1.0,0.99887,0.977433,-999,-999,-999,-14030.8,-46.2915,-999,-999,1.0,OUT,-999,-999,-999,329107.0,6952516.0
24342,8.5831,C,-1.531,29.045,3.632,7.865,PI+SIDIS,0.25,3.3,0.5,2.0,45.929,26.072,46.079,26.157,46.097,26.167,46.022,26.124,45.948,26.082,0.9998,0.999,0.9333,0.929,-1.0,-1.0,-1.0,-1.0,-1.0,1.0,0.99986,0.999521,2599.0,1772.17,52.3145,41.4127,1.22251,51.2222,0.344487,1.0,OUT,22638.93962,22642.04538,0.955434,1215927.0,32942820.0
24343,8.5831,C,-1.531,29.045,3.632,7.865,PI+SIDIS,0.25,3.3,0.5,2.0,42.797,24.933,42.942,25.017,42.996,25.049,42.917,25.003,42.836,24.956,0.9998,0.9991,0.932,0.9289,-1.0,-1.0,-1.0,-1.0,-1.0,1.0,0.99988,0.999526,2324.0,1566.17,49.5006,39.2758,1.24136,51.2527,0.346672,1.0,OUT,21101.51811,21101.61489,0.9555,1134427.0,29975170.0
24344,8.5831,C,-1.531,29.045,3.632,7.865,PI+SIDIS,0.25,3.3,0.5,2.0,43.51,24.823,43.659,24.908,43.736,24.952,43.646,24.901,43.58,24.863,0.9997,0.999,0.9295,0.9276,-1.0,-1.0,-1.0,-1.0,-1.0,1.0,0.99986,0.999528,2445.0,1671.83,50.7332,41.2998,1.25328,51.216,0.358987,1.0,OUT,9701.00228,9702.96072,0.955563,1156042.0,30627796.0
24345,8.5831,C,-1.531,29.045,3.632,7.865,PI+SIDIS,0.25,3.3,0.5,2.0,46.896,26.106,47.051,26.192,47.138,26.24,47.05,26.192,46.972,26.148,0.9998,0.9988,0.9315,0.9288,-1.0,-1.0,-1.0,-1.0,-1.0,1.0,0.99988,0.999522,2598.0,1756.83,52.3278,40.214,1.19778,51.2162,0.34524,1.0,OUT,23121.8683,23122.1557,0.955748,1243980.0,33594275.0
24346,8.5831,C,-1.531,29.045,3.632,7.865,PI+SIDIS,0.25,3.3,0.5,2.0,45.711,25.632,45.867,25.72,45.983,25.785,45.887,25.731,45.828,25.698,0.9998,0.9989,0.9321,0.9287,-1.0,-1.0,-1.0,-1.0,-1.0,1.0,0.99986,0.999525,2573.0,1742.83,52.0707,40.9288,1.22283,51.1981,0.350778,1.0,OUT,22532.38289,22533.83411,0.955632,1214738.0,32844034.0
24347,8.5831,C,-1.531,29.045,3.632,7.865,PI+SIDIS,0.25,3.3,0.5,2.0,45.462,25.779,45.619,25.867,45.742,25.937,45.645,25.882,45.567,25.838,0.9998,0.9989,0.9287,0.9291,-1.0,-1.0,-1.0,-1.0,-1.0,1.0,0.99986,0.999524,2517.0,1691.83,51.5221,39.9297,1.216,51.2055,0.343938,1.0,OUT,22398.3488,22397.6152,0.955357,1207452.0,32641364.0
24348,8.5831,C,-1.531,29.045,3.632,7.865,PI+SIDIS,0.25,3.3,0.5,2.0,44.88,25.387,45.039,25.476,45.188,25.561,45.079,25.499,45.039,25.477,0.9997,0.9988,0.9276,0.9293,-1.0,-1.0,-1.0,-1.0,-1.0,1.0,0.99986,0.999523,2416.0,1625.83,50.4747,38.8617,1.20648,51.2141,0.340233,1.0,OUT,22126.01173,22126.72627,0.955205,1192568.0,33318218.0
24349,8.5831,C,-1.531,29.045,3.632,7.865,PI+SIDIS,0.25,3.3,0.5,2.0,17.415,12.849,17.521,12.927,17.548,12.947,17.504,12.914,17.479,12.895,0.9998,0.9991,0.9614,0.9606,-1.0,-1.0,-1.0,-1.0,-1.0,1.0,0.99995,0.999764,841.0,674.5,29.4746,40.0855,1.75167,51.2106,0.341726,1.0,OUT,8606.75941,8606.87459,0.963874,461958.0,7742274.0
24350,8.5831,C,-1.531,29.045,3.632,7.865,HMSDIS,0.25,3.3,0.5,2.0,10523.486,13.064,10586.724,13.142,10522.246,13.062,10516.331,13.055,10471.262,12.999,0.9998,0.9989,-999,-999,-1.0,-1.0,-1.0,1.0,-1.0,-1.0,0.99847,0.976282,-999,-999,-999,17.4854,0.0406755,-999,-999,1.0,OUT,-999,-999,-999,279818.0,3265705.0
24351,8.5831,C,-1.531,29.045,3.632,7.865,SHMSDIS,0.25,3.3,0.5,2.0,11409.807,13.032,11477.78,13.109,11399.597,13.02,11391.973,13.011,11353.786,12.968,-999,-999,0.9557,0.9456,-1.0,33.0,-1.0,-1.0,-1.0,-1.0,0.99904,0.976108,-999,-999,-999,-23382.1,-83.8705,-999,-999,1.0,OUT,-999,-999,-999,304121.0,3393112.0
24352,8.5831,Cu,-1.531,29.045,3.632,7.865,PI+SIDIS,0.25,3.3,0.5,2.0,47.65,26.8,47.809,26.889,47.722,26.84,47.678,26.815,47.572,26.756,0.9998,0.9986,0.9323,0.9292,-1.0,-1.0,-1.0,-1.0,-1.0,1.0,0.9999,0.999559,1656.0,1000.83,42.0142,22.5359,0.946038,51.2042,0.353697,1.0,OUT,15597.24448,15596.75352,0.953323,1112547.0,21236832.0
24353,8.5831,Cu,-1.531,29.045,3.632,7.865,PI+SIDIS,0.25,3.3,0.5,2.0,49.896,27.539,50.055,27.627,50.001,27.597,49.968,27.579,49.837,27.507,0.9997,0.9987,0.9326,0.9304,-1.0,-1.0,-1.0,-1.0,-1.0,1.0,0.99989,0.999559,1711.0,999.5,42.7736,21.4705,0.918831,51.2393,0.340526,1.0,OUT,24596.75712,24597.53688,0.952621,1164455.0,24022045.0
24354,8.5831,Cu,-1.531,29.045,3.632,7.865,PI+SIDIS,0.25,3.3,0.5,2.0,45.652,27.328,45.794,27.413,45.727,27.373,45.698,27.356,45.568,27.278,0.9996,0.9986,0.9359,0.9292,-1.0,-1.0,-1.0,-1.0,-1.0,1.0,0.99988,0.999562,1621.0,1000.83,41.5254,23.5325,0.976384,51.2387,0.347547,1.0,OUT,12600.66788,12598.32912,0.952646,1064587.0,34110766.0
24355,8.5831,Cu,-1.531,29.045,3.632,7.865,PI+SIDIS,0.25,3.3,0.5,2.0,48.046,28.299,48.192,28.385,48.074,28.315,48.055,28.304,47.916,28.222,0.9997,0.9985,0.935,0.9305,-1.0,-1.0,-1.0,-1.0,-1.0,1.0,1.0,0.999558,1650.0,959.833,42.0122,21.4109,0.937162,51.2388,0.353243,1.0,OUT,13951.37796,13951.42304,0.952056,1117435.0,37195538.0
24356,8.5831,Cu,-1.531,29.045,3.632,7.865,PI+SIDIS,0.25,3.3,0.5,2.0,42.858,27.541,42.989,27.626,42.856,27.54,42.844,27.532,42.713,27.448,0.9996,0.9985,0.9326,0.9327,-1.0,-1.0,-1.0,-1.0,-1.0,1.0,1.0,0.999563,1494.0,913.5,39.8842,22.792,0.99512,51.2293,0.340244,1.0,OUT,-0.0,0.0,0.951173,1002316.0,31055932.0
24357,8.5831,Cu,-1.531,29.045,3.632,7.865,PI+SIDIS,0.25,3.3,0.5,2.0,39.679,26.432,39.807,26.518,39.692,26.441,39.661,26.42,39.535,26.337,0.9996,0.9987,0.9319,0.9305,-1.0,-1.0,-1.0,-1.0,-1.0,1.0,0.99991,0.999564,1321.0,785.833,37.5526,21.2259,1.01432,51.2647,0.347504,1.0,OUT,16333.41822,16333.55778,0.95114,926608.0,28239653.0
24359,8.5831,Cu,-1.531,29.045,3.632,7.865,PI+SIDIS,0.25,3.3,0.5,2.0,39.372,25.744,39.501,25.828,39.318,25.708,39.282,25.685,39.14,25.592,0.9999,0.9987,0.9341,0.9309,-1.0,-1.0,-1.0,-1.0,-1.0,1.0,0.99991,0.999568,1353.0,830.333,37.9488,22.5851,1.03221,51.26,0.339218,1.0,OUT,1483.08644,1481.94756,0.95055,921084.0,17329681.0
24360,8.5831,Cu,-1.531,29.045,3.632,7.865,PI+SIDIS,0.25,3.3,0.5,2.0,43.702,27.97,43.837,28.056,43.598,27.903,43.583,27.894,43.446,27.806,0.9997,0.9985,0.933,0.9299,-1.0,-1.0,-1.0,-1.0,-1.0,1.0,0.99989,0.999561,1557.0,975.167,40.6691,23.9321,0.99808,51.2564,0.348925,1.0,OUT,-0.0,0.0,0.951619,1021984.0,19423254.0
24361,8.5831,Cu,-1.531,29.045,3.632,7.865,HMSDIS,0.25,3.3,0.5,2.0,10889.207,14.014,10946.875,14.089,10864.477,13.983,10859.291,13.976,10819.507,13.925,0.9997,0.9989,-999,-999,-1.0,-1.0,-1.0,1.0,-1.0,-1.0,1.0,0.978195,-999,-999,-999,15.379,0.0374874,-999,-999,1.0,OUT,-999,-999,-999,255357.0,3302170.0
24362,8.5831,Cu,-1.531,29.045,3.632,7.865,SHMSDIS,0.25,3.3,0.5,2.0,10294.947,13.768,10348.876,13.84,10268.289,13.732,10262.809,13.725,10222.076,13.67,-999,-999,0.9589,0.9468,-1.0,33.0,-1.0,-1.0,-1.0,-1.0,0.99915,0.978206,-999,-999,-999,-19916.3,-81.382,-999,-999,1.0,OUT,-999,-999,-999,242367.0,3128015.0
24363,8.5831,Al,-1.531,29.045,3.632,7.865,PI+SIDIS,0.25,3.3,0.5,2.0,69.608,38.882,69.841,39.012,69.578,38.865,69.536,38.842,69.301,38.71,0.9999,0.999,0.9619,0.9632,-1.0,-1.0,-1.0,-1.0,-1.0,1.0,0.99999,0.999816,923.0,769.0,30.8004,11.4327,0.457909,51.2656,0.344347,1.0,OUT,34341.12126,34340.56974,0.962583,565622.0,4783921.0
24364,8.5831,Al,-1.531,29.045,3.632,7.865,PI+SIDIS,0.25,3.3,0.5,2.0,75.066,42.295,75.348,42.454,75.212,42.377,75.11,42.32,74.893,42.198,0.9998,0.999,0.9622,0.9626,-1.0,-1.0,-1.0,-1.0,-1.0,1.0,0.99998,0.999788,1082.0,886.0,33.3866,12.2183,0.460417,51.2708,0.334454,1.0,OUT,9492.59989,9493.13611,0.961236,609812.0,5522561.0
24365,8.5831,Al,-1.531,29.045,3.632,7.865,PI+SIDIS,0.25,3.3,0.5,2.0,82.201,47.303,82.49,47.469,82.284,47.35,82.23,47.319,81.974,47.172,0.9999,0.9989,0.9635,0.9601,-1.0,-1.0,-1.0,-1.0,-1.0,1.0,0.99997,0.999786,1147.0,930.0,34.3972,11.7442,0.434372,51.2735,0.333515,1.0,OUT,40546.12741,40546.10059,0.959677,668182.0,6088000.0
24366,8.5831,Al,-1.531,29.045,3.632,7.865,PI+SIDIS,0.25,3.3,0.5,2.0,79.057,45.074,79.345,45.238,79.177,45.142,79.104,45.1,78.895,44.981,1.0,0.9991,0.9645,0.9604,-1.0,-1.0,-1.0,-1.0,-1.0,1.0,0.99998,0.999787,1144.0,930.0,34.3463,12.2045,0.450731,51.2484,0.337662,1.0,OUT,29168.13833,29169.85467,0.960774,641228.0,5836252.0
24367,8.5831,Al,-1.531,29.045,3.632,7.865,PI+SIDIS,0.25,3.3,0.5,2.0,73.685,42.847,73.963,43.009,73.853,42.945,73.764,42.893,73.558,42.773,0.9996,0.9992,0.9653,0.9601,-1.0,-1.0,-1.0,-1.0,-1.0,1.0,0.99997,0.999789,1033.0,843.833,32.6271,11.8881,0.459659,51.2568,0.321782,1.0,OUT,8891.6913,8892.1217,0.96187,597468.0,5429237.0
24368,8.5831,Al,-1.531,29.045,3.632,7.865,PI+SIDIS,0.25,3.3,0.5,2.0,82.259,45.588,82.559,45.754,82.422,45.678,82.338,45.631,82.081,45.489,0.9998,0.9989,0.9697,0.9616,-1.0,-1.0,-1.0,-1.0,-1.0,1.0,0.99995,0.999787,1139.0,923.833,34.2762,11.6398,0.43186,51.2475,0.319038,1.0,OUT,40534.22398,40533.47902,0.95974,666408.0,6080507.0
24369,8.5831,Al,-1.531,29.045,3.632,7.865,PI+SIDIS,0.25,3.3,0.5,2.0,75.232,42.463,75.518,42.624,75.44,42.58,75.343,42.525,75.139,42.41,0.9998,0.9995,0.9636,0.9603,-1.0,-1.0,-1.0,-1.0,-1.0,1.0,0.99997,0.99979,1073.0,872.5,33.2628,12.034,0.458779,51.2704,0.338812,1.0,OUT,24425.79188,24428.72812,0.960292,609745.0,5527324.0
24370,8.5831,Al,-1.531,29.045,3.632,7.865,PI+SIDIS,0.25,3.3,0.5,2.0,76.792,47.16,77.074,47.333,76.98,47.275,76.917,47.237,76.724,47.118,0.9999,0.9991,0.9644,0.9603,-1.0,-1.0,-1.0,-1.0,-1.0,1.0,0.99998,0.999786,1089.0,885.333,33.5104,11.9631,0.452811,51.2592,0.333924,1.0,OUT,3591.0007,3591.3473,0.960743,624190.0,5702129.0
24371,8.5831,Al,-1.531,29.045,3.632,7.865,PI+SIDIS,0.25,3.3,0.5,2.0,83.577,48.065,83.885,48.243,83.809,48.199,83.743,48.161,83.522,48.034,0.9998,0.9989,0.9622,0.9611,-1.0,-1.0,-1.0,-1.0,-1.0,1.0,0.99999,0.999785,1134.0,905.0,34.2369,11.2276,0.42475,51.2384,0.313363,1.0,OUT,12150.42819,12150.76281,0.961011,676817.0,6208611.0
24372,8.5831,Al,-1.531,29.045,3.632,7.865,PI+SIDIS,0.25,3.3,0.5,2.0,67.79,46.7,68.048,46.878,68.024,46.861,67.964,46.819,67.812,46.715,0.9998,0.9989,0.9658,0.96,-1.0,-1.0,-1.0,-1.0,-1.0,1.0,0.99999,0.999786,914.0,735.333,30.721,11.2587,0.470371,51.2545,0.342991,1.0,OUT,7651.68198,7651.51902,0.962203,549582.0,5028972.0
24373,8.5831,Al,-1.531,29.045,3.632,7.865,HMSDIS,0.25,3.3,0.5,2.0,42410.305,24.356,42565.312,24.445,42396.089,24.348,42356.33,24.325,42239.385,24.258,0.9998,0.9992,-999,-999,-1.0,-1.0,-1.0,1.0,-1.0,-1.0,0.99981,0.989185,-999,-999,-999,5.38129,0.011246,-999,-999,1.0,OUT,-999,-999,-999,342782.0,2342571.0
24375,8.5831,Al,-1.531,29.045,3.632,7.865,HMSDIS,0.25,3.3,0.5,2.0,21489.812,25.322,21566.051,25.412,21476.925,25.307,21462.034,25.289,21413.625,25.232,0.9997,0.9993,-999,-999,-1.0,-1.0,5.0,-1.0,-1.0,-1.0,0.99887,0.989078,-999,-999,-999,5.38513,0.0353597,-999,-999,1.0,OUT,-999,-999,-999,173971.0,1189499.0
24376,8.5831,LD2,-1.531,29.045,3.632,7.865,PI+SIDIS,0.25,3.3,0.5,2.0,15.725,13.792,15.816,13.872,15.742,13.806,15.731,13.797,15.695,13.766,0.9999,0.9992,0.9344,0.935,-1.0,-1.0,-1.0,-1.0,-1.0,1.0,0.99988,0.999567,1422.0,1001.0,38.6286,67.7048,2.61273,51.2203,0.339271,1.004845,OUT,2083.24034,2083.30266,0.956736,612994.0,10352782.0
24377,8.5831,LD2,-1.531,29.045,3.632,7.865,PI+SIDIS,0.25,3.3,0.5,2.0,24.232,13.85,24.372,13.93,24.28,13.878,24.262,13.867,24.203,13.834,0.9997,0.9991,0.9382,0.9334,-1.0,-1.0,-1.0,-1.0,-1.0,1.0,0.9999,0.999564,2080.0,1439.67,46.7624,63.3104,2.05641,51.2121,0.335084,1.004866,OUT,11976.88115,11976.87585,0.957569,948036.0,16032309.0
24378,8.5831,LD2,-1.531,29.045,3.632,7.865,PI+SIDIS,0.25,3.3,0.5,2.0,19.977,13.834,20.092,13.914,20.022,13.866,20.009,13.857,19.965,13.826,0.9997,0.9992,0.9365,0.9352,-1.0,-1.0,-1.0,-1.0,-1.0,1.0,1.0,0.999565,1773.0,1236.17,43.1564,65.8081,2.29746,51.2323,0.339309,1.00486,OUT,2330.34274,2330.28326,0.957551,782324.0,13146473.0
24379,8.5831,LD2,-1.531,29.045,3.632,7.865,PI+SIDIS,0.25,3.3,0.5,2.0,24.027,13.962,24.165,14.042,24.098,14.003,24.077,13.991,24.021,13.958,0.9998,0.999,0.935,0.9354,-1.0,-1.0,-1.0,-1.0,-1.0,1.0,0.99991,0.999563,2169.0,1535.67,47.6923,67.9579,2.11053,51.2265,0.324915,1.004905,OUT,3055.31129,3055.29571,0.957296,938630.0,15763271.0
24380,8.5831,LD2,-1.531,29.045,3.632,7.865,PI+SIDIS,0.25,3.3,0.5,2.0,24.303,13.874,24.444,13.954,24.388,13.922,24.364,13.909,24.314,13.88,0.9998,0.9989,0.9373,0.9352,-1.0,-1.0,-1.0,-1.0,-1.0,1.0,1.0,0.999566,2162.0,1511.83,47.6483,66.1476,2.08477,51.2057,0.33709,1.004874,OUT,7818.69085,7818.89515,0.958126,951253.0,15838328.0
24381,8.5831,LD2,-1.531,29.045,3.632,7.865,PI+SIDIS,0.25,3.3,0.5,2.0,24.548,13.97,24.692,14.052,24.639,14.022,24.617,14.01,24.577,13.987,0.9996,0.9991,0.9344,0.9352,-1.0,-1.0,-1.0,-1.0,-1.0,1.0,0.99991,0.999566,2240.0,1575.33,48.4848,68.2532,2.10066,51.229,0.339059,1.004908,OUT,12165.02091,12164.76209,0.957381,960267.0,15977089.0
24382,8.5831,LD2,-1.531,29.045,3.632,7.865,PI+SIDIS,0.25,3.3,0.5,2.0,24.879,14.003,25.025,14.085,24.992,14.067,24.96,14.049,24.915,14.023,0.9998,0.999,0.9362,0.9347,-1.0,-1.0,-1.0,-1.0,-1.0,1.0,0.99989,0.999562,2286.0,1618.5,48.9617,69.2155,2.09386,51.2168,0.345775,1.00492,OUT,12298.02415,12298.44485,0.957792,972850.0,16286316.0
24383,8.5831,LD2,-1.531,29.045,3.632,7.865,PI+SIDIS,0.25,3.3,0.5,2.0,25.132,14.139,25.277,14.221,25.243,14.201,25.219,14.188,25.167,14.159,0.9997,0.999,0.9346,0.9338,-1.0,-1.0,-1.0,-1.0,-1.0,1.0,0.99991,0.999562,2309.0,1625.0,49.224,68.8722,2.08625,51.2001,0.336005,1.004967,OUT,12426.94639,12426.75761,0.957807,981504.0,16438913.0
24384,8.5831,LD2,-1.531,29.045,3.632,7.865,PI+SIDIS,0.25,3.3,0.5,2.0,12.589,6.919,12.736,7.0,12.702,6.981,12.682,6.971,12.662,6.959,0.9999,0.9991,0.9603,0.9609,-1.0,-1.0,-1.0,-1.0,-1.0,1.0,0.99999,0.999785,1050.0,874.167,32.8528,71.4382,2.68478,51.2361,0.332682,1.002445,OUT,6263.10967,6262.94833,0.965718,494997.0,5724397.0
24385,8.5831,LH2,-1.531,29.045,3.632,7.865,PI+SIDIS,0.25,3.3,0.5,2.0,18.721,28.009,18.788,28.11,18.812,28.145,18.793,28.116,18.762,28.07,0.9997,0.9987,0.9387,0.9335,-1.0,-1.0,-1.0,-1.0,-1.0,1.0,0.99991,0.999566,965.0,706.5,31.7503,40.2982,1.81101,51.1975,0.35255,1.011984,OUT,9211.09207,9210.81293,0.958537,380750.0,7234790.0
24386,8.5831,LH2,-1.531,29.045,3.632,7.865,PI+SIDIS,0.25,3.3,0.5,2.0,58.726,28.271,58.936,28.372,59.055,28.43,58.98,28.394,58.894,28.352,0.9998,0.9989,0.9339,0.9319,-1.0,-1.0,-1.0,-1.0,-1.0,1.0,0.99991,0.999566,2942.0,2140.0,55.4587,38.9752,1.01005,51.2045,0.346014,1.012693,OUT,28973.77742,28973.11858,0.958853,1191677.0,22441595.0
24387,8.5831,LH2,-1.531,29.045,3.632,7.865,PI+SIDIS,0.25,3.3,0.5,2.0,52.743,27.926,52.935,28.028,53.073,28.101,52.992,28.058,52.904,28.012,0.9998,0.9988,0.9345,0.9331,-1.0,-1.0,-1.0,-1.0,-1.0,1.0,0.99992,0.999567,2570.0,1833.17,51.8922,37.1237,1.05088,51.205,0.340825,1.012757,OUT,26024.85907,26025.42393,0.959279,1070503.0,20083545.0
24388,8.5831,LH2,-1.531,29.045,3.632,7.865,PI+SIDIS,0.25,3.3,0.5,2.0,58.88,27.778,59.099,27.881,59.31,27.981,59.205,27.931,59.103,27.883,0.9998,0.9991,0.9355,0.9326,-1.0,-1.0,-1.0,-1.0,-1.0,1.0,0.99993,0.999566,2857.0,2038.5,54.7121,36.9957,0.992943,51.1867,0.360566,1.012291,OUT,29048.1161,29047.4039,0.959558,1196606.0,22529336.0
24389,8.5831,LH2,-1.531,29.045,3.632,7.865,PI+SIDIS,0.25,3.3,0.5,2.0,42.989,25.753,43.159,25.855,43.132,25.839,43.064,25.798,42.928,25.717,0.9998,0.9988,0.9334,0.9338,-1.0,-1.0,-1.0,-1.0,-1.0,1.0,0.99992,0.999575,2202.0,1602.83,47.9777,39.7819,1.19079,51.2218,0.348558,1.010652,OUT,4876.88968,4876.55832,0.958094,875425.0,16096662.0
24390,8.5831,LH2,-1.531,29.045,3.632,7.865,PI+SIDIS,0.25,3.3,0.5,2.0,46.411,26.749,46.588,26.85,46.329,26.702,46.282,26.674,46.138,26.591,0.9997,0.9986,0.936,0.9325,-1.0,-1.0,-1.0,-1.0,-1.0,1.0,0.99992,0.99957,2287.0,1656.5,48.9089,38.1445,1.12623,51.2369,0.331804,1.011628,OUT,4413.98598,4414.32902,0.955609,940476.0,17381831.0
24391,8.5831,HOME,-1.531,29.045,3.632,7.865,EDTMBCM,0.25,3.3,0.5,2.0,120.767,30.186,121.329,30.326,122.047,30.506,121.802,30.445,121.705,30.42,0.0,0.0,0.0,0.0,-1.0,-1.0,-1.0,-1.0,-1.0,1.0,1.0,1.0,0.0,0.0,0.0,nan,nan,0.0,0.0,1.0,OUT,58352.37207,58352.46593,-999,119998.0,119990.0
24396,8.5831,LH2,-1.531,29.045,3.632,7.865,PI+SIDIS,0.25,3.3,0.5,2.0,48.289,27.671,48.822,27.977,48.769,27.946,48.737,27.928,48.618,27.86,0.9999,0.9991,0.9854,0.9788,-1.0,-1.0,-1.0,-1.0,-1.0,1.0,1.0,0.999566,2568.0,1820.83,51.8896,38.1069,1.08596,51.2256,0.336474,1.011846,IN,24014.05099,24007.23101,0.955709,986391.0,18019054.0
24397,8.5831,LH2,-1.531,29.045,3.632,7.865,PI+SIDIS,0.25,3.3,0.5,2.0,48.453,27.345,49.095,27.707,49.064,27.69,49.025,27.668,48.872,27.581,0.9997,0.9992,0.9818,0.9793,-1.0,-1.0,-1.0,-1.0,-1.0,1.0,0.99992,0.999567,2548.0,1848.33,51.6199,38.4585,1.07406,51.2211,0.329718,1.011581,IN,24118.80804,24116.09696,0.954474,992566.0,18464226.0
24398,8.5831,LH2,-1.531,29.045,3.632,7.865,PI+SIDIS,0.25,3.3,0.5,2.0,32.126,18.749,32.749,19.112,32.7,19.084,32.662,19.061,32.615,19.034,0.9997,0.9993,0.9897,0.9828,-1.0,-1.0,-1.0,-1.0,-1.0,1.0,0.99995,0.999707,1624.0,1288.0,40.9878,40.0317,1.27392,51.2245,0.342672,1.007397,IN,16106.27143,16098.88557,0.961272,665608.0,9651518.0
24399,8.5831,LH2,-1.531,29.045,3.632,7.865,PI+SIDIS,0.25,3.3,0.5,2.0,14.845,9.914,15.225,10.168,15.187,10.142,15.176,10.135,15.139,10.111,0.9996,0.9996,0.9869,0.9845,-1.0,-1.0,-1.0,-1.0,-1.0,1.0,0.99997,0.999846,676.0,589.833,26.2747,39.3679,1.75368,51.2234,0.328435,1.003719,IN,5907.24186,5908.36414,0.966693,309478.0,3269466.0
24400,8.5831,Dummy,-1.531,29.045,3.632,7.865,PI+SIDIS,0.25,3.3,0.5,2.0,48.616,36.831,49.626,37.596,49.764,37.7,49.703,37.654,49.614,37.587,0.9996,0.9989,0.9842,0.977,-1.0,-1.0,-1.0,-1.0,-1.0,1.0,0.99987,0.999557,1427.0,944.0,38.8265,19.4805,0.801228,51.2113,0.347318,1.0,IN,19590.07482,19586.97918,0.951098,725223.0,14657973.0
24401,8.5831,Dummy,-1.531,29.045,3.632,7.865,PI+SIDIS,0.25,3.3,0.5,2.0,51.353,34.433,52.405,35.138,52.607,35.273,52.518,35.214,52.409,35.141,0.9998,0.9991,0.9844,0.9777,-1.0,-1.0,-1.0,-1.0,-1.0,1.0,0.99991,0.999559,1472.0,968.333,39.4455,18.9048,0.770096,51.2188,0.344789,1.0,IN,7825.63754,7825.24946,0.951578,764302.0,15365011.0
24402,8.5831,Dummy,-1.531,29.045,3.632,7.865,PI+SIDIS,0.25,3.3,0.5,2.0,68.45,37.655,69.778,38.385,70.022,38.519,69.931,38.469,69.785,38.389,0.9998,0.9988,0.9851,0.9771,-1.0,-1.0,-1.0,-1.0,-1.0,1.0,0.9999,0.999553,1996.0,1312.0,45.9347,19.2489,0.673929,51.2135,0.338557,1.0,IN,34294.10034,34291.91166,0.952367,1018667.0,20431873.0
24404,8.5831,C,-1.531,29.045,3.632,7.865,PI+SIDIS,0.25,3.3,0.5,2.0,42.724,23.505,43.535,23.952,43.628,24.002,43.548,23.958,43.475,23.918,0.9998,0.9992,0.9871,0.9785,-1.0,-1.0,-1.0,-1.0,-1.0,1.0,0.9999,0.999555,2401.0,1607.33,50.3317,37.743,1.18188,51.2116,0.35402,1.0,IN,21374.84579,21375.04021,0.954221,1152335.0,18181931.0
24405,8.5831,C,-1.531,29.045,3.632,7.865,PI+SIDIS,0.25,3.3,0.5,2.0,20.819,11.971,21.322,12.26,21.324,12.261,21.291,12.242,21.249,12.218,0.9998,0.9991,0.9896,0.9853,-1.0,-1.0,-1.0,-1.0,-1.0,1.0,0.99996,0.99978,1038.0,843.833,32.7164,40.1758,1.55766,51.224,0.342757,1.0,IN,10486.33925,10485.29475,0.962318,561808.0,6066163.0
24406,8.5831,Cu,-1.531,29.045,3.632,7.865,PI+SIDIS,0.25,3.3,0.5,2.0,48.252,27.637,49.266,28.217,49.386,28.286,49.323,28.25,49.211,28.186,0.9999,0.999,0.9841,0.9774,-1.0,-1.0,-1.0,-1.0,-1.0,1.0,0.99988,0.999558,1786.0,1047.0,43.694,21.7481,0.907603,51.2113,0.344144,1.0,IN,21133.79295,21130.78005,0.951016,1146532.0,21822108.0
24407,8.5831,Cu,-1.531,29.045,3.632,7.865,PI+SIDIS,0.25,3.3,0.5,2.0,48.098,26.577,49.115,27.139,49.266,27.222,49.179,27.174,49.076,27.118,0.9997,0.9989,0.9843,0.9764,-1.0,-1.0,-1.0,-1.0,-1.0,1.0,0.99992,0.99956,1796.0,1067.83,43.7877,22.2755,0.913431,51.2195,0.355076,1.0,IN,24121.68807,24119.69793,0.950839,1145077.0,21780973.0
24408,8.5831,Cu,-1.531,29.045,3.632,7.865,PI+SIDIS,0.25,3.3,0.5,2.0,50.791,28.068,51.857,28.657,51.992,28.731,51.922,28.693,51.835,28.645,0.9998,0.9989,0.984,0.9769,-1.0,-1.0,-1.0,-1.0,-1.0,1.0,0.9999,0.999557,1847.0,1096.5,44.4081,21.6512,0.876872,51.2,0.343899,1.0,IN,25489.87708,25487.05092,0.950774,1208287.0,31026789.0
24409,8.5831,Cu,-1.531,29.045,3.632,7.865,PI+SIDIS,0.25,3.3,0.5,2.0,45.609,26.741,46.574,27.306,46.726,27.396,46.644,27.347,46.569,27.304,0.9998,0.9989,0.9832,0.9764,-1.0,-1.0,-1.0,-1.0,-1.0,1.0,0.99991,0.99956,1729.0,1025.0,42.969,22.5464,0.945166,51.2078,0.347494,1.0,IN,14783.33902,14781.82698,0.951666,1084528.0,36369891.0
24410,8.5831,Cu,-1.531,29.045,3.632,7.865,PI+SIDIS,0.25,3.3,0.5,2.0,46.416,27.149,47.398,27.723,47.543,27.808,47.466,27.763,47.383,27.714,0.9998,0.9988,0.984,0.9771,-1.0,-1.0,-1.0,-1.0,-1.0,1.0,1.0,0.999562,1720.0,1024.33,42.8479,22.1222,0.925375,51.2158,0.350762,1.0,IN,1131.49099,1131.44701,0.95115,1103878.0,37352883.0
24411,8.5831,Al,-1.531,29.045,3.632,7.865,PI+SIDIS,0.25,3.3,0.5,2.0,60.06,48.06,61.331,49.078,61.749,49.413,61.633,49.319,61.551,49.254,0.9997,0.9991,0.987,0.9845,-1.0,-1.0,-1.0,-1.0,-1.0,1.0,0.99997,0.999784,907.0,745.0,30.5614,12.3425,0.506314,51.2248,0.319063,1.0,IN,15882.85113,15881.58887,0.963204,495831.0,6694607.0
24412,8.5831,Al,-1.531,29.045,3.632,7.865,PI+SIDIS,0.25,3.3,0.5,2.0,75.845,43.618,77.477,44.556,77.437,44.533,77.312,44.462,76.964,44.261,0.9997,0.999,0.9885,0.9834,-1.0,-1.0,-1.0,-1.0,-1.0,1.0,1.0,0.999786,1090.0,881.333,33.5377,11.5709,0.440312,51.2505,0.31183,1.0,IN,18927.43473,18925.90927,0.959101,628163.0,5757227.0
24413,8.5831,Al,-1.531,29.045,3.632,7.865,PI+SIDIS,0.25,3.3,0.5,2.0,74.821,40.471,76.433,41.343,76.483,41.37,76.359,41.302,76.181,41.206,0.9999,0.999,0.9886,0.9834,-1.0,-1.0,-1.0,-1.0,-1.0,1.0,0.99999,0.999787,1034.0,820.5,32.7045,10.9173,0.435155,51.2406,0.345786,1.0,IN,4383.22635,4384.75765,0.958919,617968.0,5502989.0
24414,8.5831,Al,-1.531,29.045,3.632,7.865,PI+SIDIS,0.25,3.3,0.5,2.0,82.768,45.703,84.529,46.676,84.755,46.801,84.678,46.758,84.502,46.661,0.9999,0.999,0.9902,0.9831,-1.0,-1.0,-1.0,-1.0,-1.0,1.0,0.99997,0.999784,1236.0,1005.83,35.6982,12.1054,0.429635,51.2467,0.3323,1.0,IN,5484.06745,5483.80455,0.959927,684443.0,6213624.0
24415,8.5831,LD2,-1.531,29.045,3.632,7.865,PI+SIDIS,0.25,3.3,0.5,2.0,3.195,13.606,3.27,13.927,3.262,13.895,3.26,13.887,3.251,13.848,0.9998,0.9984,0.9858,0.9789,-1.0,-1.0,-1.0,-1.0,-1.0,1.0,0.99989,0.999565,291.0,205.833,17.4698,64.3226,5.45929,51.2223,0.358578,1.004865,IN,1624.30505,1624.23395,0.956005,126579.0,2150758.0
24416,8.5831,LD2,-1.531,29.045,3.632,7.865,PI+SIDIS,0.25,3.3,0.5,2.0,20.995,13.124,21.495,13.437,21.352,13.347,21.323,13.329,21.239,13.277,0.9997,0.9989,0.9838,0.9793,-1.0,-1.0,-1.0,-1.0,-1.0,1.0,0.99988,0.999563,1962.0,1355.17,45.4218,64.4052,2.1587,51.2615,0.33663,1.004694,IN,5687.51194,5687.36506,0.952266,836434.0,13492807.0
24417,8.5831,LD2,-1.531,29.045,3.632,7.865,PI+SIDIS,0.25,3.3,0.5,2.0,25.236,13.945,25.825,14.27,25.59,14.141,25.583,14.137,25.47,14.074,0.9997,0.9988,0.9864,0.9797,-1.0,-1.0,-1.0,-1.0,-1.0,1.0,0.9999,0.99956,2452.0,1689.5,50.7847,66.8036,2.00805,51.2657,0.330487,1.004985,IN,12692.37906,12693.28294,0.952411,1008588.0,16854439.0
24418,8.5831,LD2,-1.531,29.045,3.632,7.865,PI+SIDIS,0.25,3.3,0.5,2.0,25.768,13.509,26.371,13.825,26.135,13.701,26.112,13.689,26.002,13.632,0.9998,0.999,0.9858,0.9804,-1.0,-1.0,-1.0,-1.0,-1.0,1.0,1.0,0.999561,2430.0,1671.5,50.561,64.6641,1.95602,51.2621,0.338912,1.004829,IN,12974.98154,12974.86446,0.951858,1028330.0,17150187.0
24419,8.5831,LD2,-1.531,29.045,3.632,7.865,PI+SIDIS,0.25,3.3,0.5,2.0,23.399,13.815,23.943,14.136,23.692,13.988,23.685,13.984,23.575,13.919,0.9997,0.9989,0.9872,0.9801,-1.0,-1.0,-1.0,-1.0,-1.0,1.0,0.99988,0.999562,2200.0,1513.83,48.1078,64.5375,2.05092,51.2733,0.338006,1.004938,IN,2986.52137,2986.61163,0.95128,935382.0,15471435.0
24421,8.5831,LD2,-1.531,29.045,3.632,7.865,PI+SIDIS,0.25,3.3,0.5,2.0,3.306,13.448,3.383,13.764,3.346,13.612,3.344,13.607,3.329,13.545,0.9998,0.9995,0.9855,0.9808,-1.0,-1.0,-1.0,-1.0,-1.0,1.0,0.99991,0.999572,349.0,255.333,19.0948,76.9748,5.75647,51.25,0.335027,1.004808,IN,1649.12326,1649.16674,0.952934,132061.0,2153743.0
24422,8.5831,LD2,-1.531,29.045,3.632,7.865,PI+SIDIS,0.25,3.3,0.5,2.0,15.052,13.465,15.405,13.782,15.243,13.637,15.231,13.626,15.166,13.568,0.9997,0.9992,0.9873,0.9826,-1.0,-1.0,-1.0,-1.0,-1.0,1.0,0.99989,0.999565,1465.0,1035.0,39.2003,68.4041,2.59079,51.268,0.330094,1.004814,IN,6885.44934,6885.39366,0.951965,601207.0,9608014.0
24423,8.5831,LD2,-1.531,29.045,3.632,7.865,PI+SIDIS,0.25,3.3,0.5,2.0,11.893,6.81,12.242,7.01,12.082,6.918,12.078,6.916,12.028,6.887,0.9998,0.9991,0.99,0.9858,-1.0,-1.0,-1.0,-1.0,-1.0,1.0,0.99999,0.999784,1029.0,847.5,32.5461,70.2409,2.69743,51.2825,0.329223,1.002449,IN,6028.10119,6028.07481,0.959073,475971.0,5400606.0
24424,8.5831,LH2,-1.531,29.045,3.632,7.865,PI+SIDIS,0.25,3.3,0.5,2.0,48.035,27.032,49.045,27.601,48.597,27.349,48.575,27.336,48.365,27.218,0.9998,0.9994,0.987,0.9809,-1.0,-1.0,-1.0,-1.0,-1.0,1.0,0.99992,0.999569,2494.0,1779.33,51.1186,36.9965,1.06288,51.2561,0.33578,1.012447,IN,24100.41404,24100.52596,0.9531,991882.0,18403169.0
24425,8.5831,LH2,-1.531,29.045,3.632,7.865,PI+SIDIS,0.25,3.3,0.5,2.0,48.865,27.349,49.897,27.927,49.45,27.677,49.432,27.667,49.226,27.552,0.9997,0.9994,0.9854,0.9811,-1.0,-1.0,-1.0,-1.0,-1.0,1.0,0.99989,0.999567,2598.0,1834.0,52.2047,37.4792,1.06684,51.2606,0.342446,1.012526,IN,24519.44197,24520.43103,0.953005,1010453.0,18584794.0
24426,8.5831,LH2,-1.531,29.045,3.632,7.865,PI+SIDIS,0.25,3.3,0.5,2.0,32.323,18.279,33.038,18.684,32.739,18.515,32.703,18.494,32.59,18.43,0.9997,0.9995,0.9857,0.9847,-1.0,-1.0,-1.0,-1.0,-1.0,1.0,0.99997,0.999707,1582.0,1209.83,40.5466,37.2007,1.24675,51.2806,0.334799,1.007154,IN,16225.63824,16224.49876,0.958006,669244.0,9671008.0
24427,8.5831,LH2,-1.531,29.045,3.632,7.865,PI+SIDIS,0.25,3.3,0.5,2.0,16.446,9.83,16.868,10.082,16.689,9.975,16.684,9.972,16.616,9.932,0.9998,0.9993,0.9881,0.9878,-1.0,-1.0,-1.0,-1.0,-1.0,1.0,0.99997,0.999845,733.0,643.333,27.3486,38.6191,1.64172,51.2437,0.328921,1.003649,IN,1728.7381,1728.5689,0.966836,344117.0,3604700.0
24428,8.5831,LD2,-1.531,29.045,2.615,7.865,PI+SIDIS,0.25,3.3,0.36,2.0,13.047,7.776,13.416,7.996,13.355,7.96,13.354,7.959,13.313,7.935,0.9998,0.9995,0.9827,0.9817,-1.0,-1.0,-1.0,-1.0,-1.0,1.0,0.99995,0.999546,1361.0,889.333,37.9422,67.5416,2.88157,51.2253,0.333277,1.002793,IN,3833.34304,3834.02296,0.956308,524741.0,9487743.0
24429,8.5831,LD2,-1.531,29.045,2.615,7.865,PI+SIDIS,0.25,3.3,0.36,2.0,14.131,7.917,14.527,8.139,14.475,8.11,14.477,8.111,14.428,8.084,0.9997,0.9996,0.9842,0.9819,-1.0,-1.0,-1.0,-1.0,-1.0,1.0,0.99995,0.99954,1417.0,890.5,38.7911,62.4512,2.72044,51.2069,0.348178,1.002843,IN,7143.37612,7143.86188,0.955566,567151.0,10495598.0
24430,8.5831,LD2,-1.531,29.045,2.615,7.865,PI+SIDIS,0.25,3.3,0.36,2.0,12.826,7.553,13.191,7.768,13.179,7.761,13.157,7.748,13.12,7.726,0.9997,0.9992,0.9876,0.9804,-1.0,-1.0,-1.0,-1.0,-1.0,1.0,0.99995,0.999547,1316.0,866.0,37.2961,66.9865,2.88491,51.1992,0.347242,1.002713,IN,3516.38712,3516.78088,0.956675,516125.0,9519045.0
24431,8.5831,LD2,-1.531,29.045,2.615,7.865,PI+SIDIS,0.25,3.3,0.36,2.0,13.226,7.757,13.6,7.976,13.586,7.967,13.574,7.96,13.544,7.943,0.9998,0.9994,0.9896,0.9815,-1.0,-1.0,-1.0,-1.0,-1.0,1.0,0.99993,0.999546,1376.0,895.333,38.159,67.0923,2.85947,51.2199,0.339378,1.002786,IN,6681.9765,6681.4985,0.957774,530091.0,9841839.0
24432,8.5831,LD2,-1.531,29.045,2.615,7.865,PI+SIDIS,0.25,3.3,0.36,2.0,13.057,7.746,13.427,7.966,13.418,7.96,13.407,7.954,13.384,7.94,0.9998,0.9994,0.9839,0.981,-1.0,-1.0,-1.0,-1.0,-1.0,1.0,0.99996,0.999548,1271.0,799.167,36.7374,60.6867,2.78975,51.1925,0.34789,1.002783,IN,6415.54201,6415.45799,0.957741,523818.0,9722151.0
24433,8.5831,LD2,-1.531,29.045,2.615,7.865,PI+SIDIS,0.25,3.3,0.36,2.0,14.748,7.887,15.163,8.11,15.157,8.107,15.146,8.1,15.113,8.083,0.9999,0.9994,0.9856,0.9826,-1.0,-1.0,-1.0,-1.0,-1.0,1.0,0.99996,0.999542,1588.0,1055.33,40.9485,70.8413,2.74875,51.2063,0.350147,1.002833,IN,7466.0682,7466.0158,0.95783,588763.0,11066408.0
24434,8.5831,LD2,-1.531,29.045,2.615,7.865,PI+SIDIS,0.25,3.3,0.36,2.0,14.019,7.897,14.414,8.119,14.328,8.07,14.324,8.068,14.262,8.033,0.9999,0.9991,0.9858,0.9819,-1.0,-1.0,-1.0,-1.0,-1.0,1.0,0.99994,0.99954,1491.0,989.0,39.6821,69.8896,2.80421,51.245,0.343288,1.002836,IN,7084.73981,7084.78219,0.95471,561712.0,10509389.0
24435,8.5831,LD2,-1.531,29.045,2.615,7.865,PI+SIDIS,0.25,3.3,0.36,2.0,14.136,7.908,14.531,8.129,14.419,8.066,14.424,8.069,14.376,8.042,0.9999,0.9992,0.9903,0.982,-1.0,-1.0,-1.0,-1.0,-1.0,1.0,0.99994,0.999541,1478.0,972.333,39.5257,68.1515,2.77038,51.2367,0.332268,1.002839,IN,7142.43674,7142.34726,0.954538,566108.0,10568918.0
24436,8.5831,LD2,-1.531,29.045,2.615,7.865,PI+SIDIS,0.25,3.3,0.36,2.0,14.414,7.951,14.707,8.113,14.645,8.079,14.648,8.08,14.615,8.062,0.9998,0.9992,0.985,0.9824,-1.0,-1.0,-1.0,-1.0,-1.0,1.0,0.99993,0.999542,1457.0,940.833,39.2814,65.1357,2.71952,51.2253,0.330503,1.002834,IN,7234.86283,7234.98317,0.957567,570699.0,10710208.0
24437,8.5831,LD2,-1.531,29.045,2.615,7.865,PI+SIDIS,0.25,3.3,0.36,2.0,14.184,7.946,14.51,8.129,14.481,8.112,14.479,8.112,14.451,8.095,0.9998,0.9993,0.9847,0.9817,-1.0,-1.0,-1.0,-1.0,-1.0,1.0,0.99994,0.999542,1497.0,991.167,39.7656,69.601,2.79239,51.2046,0.32561,1.002839,IN,67.01617,67.24283,0.95773,564012.0,10592508.0
24438,8.5831,LD2,-1.531,29.045,2.615,7.865,HMSDIS,0.25,3.3,0.36,2.0,7447.376,7.965,7638.364,8.17,7632.613,8.163,7630.462,8.161,7612.881,8.142,0.9997,0.9992,-999,-999,-1.0,-1.0,-1.0,1.0,-1.0,-1.0,0.99844,0.954031,-999,-999,-999,25.419,0.0577409,-999,-999,1.002854,IN,-999,-999,-999,295827.0,5594183.0
24440,8.5831,LD2,-1.531,29.045,2.615,7.865,HMSDIS,0.25,3.3,0.36,2.0,6843.56,7.986,7004.486,8.173,7007.139,8.177,7002.308,8.171,6986.147,8.152,0.9997,0.9993,-999,-999,-1.0,-1.0,9.0,-1.0,-1.0,-1.0,0.99889,0.953704,-999,-999,-999,25.6221,0.181571,-999,-999,1.002855,IN,-999,-999,-999,271310.0,5148375.0
24441,8.5831,LD2,-1.531,29.045,2.615,7.865,SHMSDIS,0.25,3.3,0.36,2.0,13749.511,7.897,14094.796,8.096,14037.216,8.063,14031.885,8.06,13969.95,8.024,-999,-999,0.9841,0.9775,-1.0,33.0,-1.0,-1.0,-1.0,-1.0,0.99923,0.954071,-999,-999,-999,-85662.3,-142.759,-999,-999,1.002828,IN,-999,-999,-999,548811.0,10267697.0
24442,8.5831,LH2,-1.531,29.045,2.615,7.865,PI+SIDIS,0.25,3.3,0.36,2.0,28.428,15.756,29.021,16.084,28.86,15.995,28.827,15.977,28.78,15.951,0.9997,0.999,0.9854,0.9806,-1.0,-1.0,-1.0,-1.0,-1.0,1.0,0.99995,0.999552,1635.0,1097.0,41.5291,38.5615,1.45982,51.2371,0.334824,1.006128,IN,14269.25314,14269.18386,0.955343,590009.0,11827351.0
24443,8.5831,LH2,-1.531,29.045,2.615,7.865,PI+SIDIS,0.25,3.3,0.36,2.0,26.521,15.684,27.062,16.004,27.003,15.969,26.976,15.953,26.952,15.939,1.0,0.9991,0.9842,0.9798,-1.0,-1.0,-1.0,-1.0,1.0,-1.0,0.99927,0.999554,1513.0,1088.33,39.7967,41.0754,1.50199,51.2209,0.360052,1.005942,IN,13318.03732,13319.52268,0.936049,548782.0,10968466.0
24444,8.5831,LH2,-1.531,29.045,2.615,7.865,PI+SIDIS,0.25,3.3,0.36,2.0,26.059,15.597,26.602,15.922,26.607,15.925,26.566,15.9,26.544,15.887,0.9999,0.9993,0.9833,0.9803,-1.0,-1.0,-1.0,-1.0,-1.0,1.0,0.99996,0.999556,1460.0,981.167,39.2404,37.6297,1.50494,51.2181,0.336338,1.005881,IN,12559.29894,12560.23006,0.957501,539213.0,10757178.0
24445,8.5831,LH2,-1.531,29.045,2.615,7.865,PI+SIDIS,0.25,3.3,0.36,2.0,4.538,15.969,4.634,16.305,4.636,16.312,4.628,16.287,4.627,16.281,0.9997,0.9996,0.9872,0.9793,-1.0,-1.0,-1.0,-1.0,-1.0,1.0,0.99996,0.999554,276.0,190.833,17.0351,42.0658,3.75508,51.2228,0.382834,1.00608,IN,2254.07517,2253.96183,0.957932,94661.0,1884074.0
24446,8.5831,LH2,-1.531,29.045,2.615,7.865,PI+SIDIS,0.25,3.3,0.36,2.0,14.821,15.707,15.135,16.039,15.154,16.059,15.128,16.032,15.118,16.021,0.9998,0.9989,0.9851,0.98,-1.0,-1.0,-1.0,-1.0,-1.0,1.0,0.99993,0.999556,777.0,505.5,28.6749,34.0902,1.9338,51.1854,0.345838,1.005957,IN,5045.04318,5045.20182,0.958077,307208.0,6197683.0
24447,8.5831,LH2,-1.531,29.045,2.615,7.865,PI+SIDIS,0.25,3.3,0.36,2.0,24.361,15.865,24.582,16.009,24.637,16.045,24.588,16.013,24.581,16.009,0.9997,0.9987,0.9885,0.9785,-1.0,-1.0,-1.0,-1.0,-1.0,1.0,0.99996,0.999556,1357.0,927.5,37.7966,38.5729,1.57188,51.2232,0.339691,1.005929,IN,2447.06828,2447.23772,0.958127,499562.0,9569396.0
24448,8.5831,LH2,-1.531,29.045,2.615,7.865,PI+SIDIS,0.25,3.3,0.36,2.0,9.792,16.02,9.955,16.288,9.945,16.271,9.927,16.241,9.906,16.207,0.9999,0.9986,0.9804,0.9776,-1.0,-1.0,-1.0,-1.0,-1.0,1.0,0.99998,0.999554,568.0,395.333,24.429,40.6268,2.51047,51.2219,0.35163,1.005951,IN,4883.42444,4883.81156,0.957775,202510.0,4001407.0
24449,8.5831,LH2,-1.531,29.045,2.615,7.865,PI+SIDIS,0.25,3.3,0.36,2.0,28.314,15.652,28.589,15.805,28.454,15.73,28.406,15.704,28.37,15.683,0.9998,0.9989,0.9836,0.9767,-1.0,-1.0,-1.0,-1.0,-1.0,1.0,0.99993,0.999553,1554.0,1041.33,40.4901,37.3032,1.45046,51.2382,0.341916,1.005705,IN,1344.65139,1344.60261,0.954842,579224.0,11506014.0
24450,8.5831,LH2,-1.531,29.045,2.615,7.865,PI+SIDIS,0.25,3.3,0.36,2.0,28.73,15.931,28.886,16.018,28.823,15.982,28.788,15.963,28.786,15.962,0.9998,0.9988,0.9803,0.9774,-1.0,-1.0,-1.0,-1.0,-1.0,1.0,0.99999,0.999555,1602.0,1095.33,41.0663,38.8042,1.45485,51.2252,0.345638,1.005835,IN,14192.38277,14192.65323,0.956112,588859.0,11751232.0
24451,8.5831,LH2,-1.531,29.045,2.615,7.865,PI+SIDIS,0.25,3.3,0.36,2.0,26.227,15.962,26.371,16.049,26.361,16.043,26.326,16.022,26.317,16.016,0.9999,0.9986,0.9845,0.9773,-1.0,-1.0,-1.0,-1.0,-1.0,1.0,0.99996,0.999556,1485.0,1006.67,39.5566,39.0654,1.53506,51.2199,0.347368,1.005831,IN,5900.69887,5900.87313,0.956794,536397.0,10695439.0
24452,8.5831,LH2,-1.531,29.045,2.615,7.865,PI+SIDIS,0.25,3.3,0.36,2.0,29.356,16.25,29.6,16.385,29.63,16.401,29.586,16.377,29.577,16.372,0.9997,0.9987,0.9784,0.9759,-1.0,-1.0,-1.0,-1.0,-1.0,1.0,0.99995,0.999552,1603.0,1076.33,41.1191,37.2738,1.42397,51.2276,0.330233,1.006021,IN,14548.97702,14549.35598,0.957289,600377.0,12005064.0
24453,8.5831,LH2,-1.531,29.045,2.615,7.865,PI+SIDIS,0.25,3.3,0.36,2.0,27.866,15.951,28.22,16.154,28.282,16.189,28.227,16.158,28.236,16.163,0.9998,0.9987,0.9823,0.9757,-1.0,-1.0,-1.0,-1.0,-1.0,1.0,0.99996,0.999553,1628.0,1105.67,41.4132,40.1656,1.50442,51.2021,0.356186,1.005889,IN,13860.12605,13858.91895,0.957476,572573.0,11412858.0
24454,8.5831,LH2,-1.531,29.045,2.615,7.865,PI+SIDIS,0.25,3.3,0.36,2.0,15.369,7.955,15.623,8.086,15.605,8.077,15.59,8.069,15.55,8.048,0.9997,0.9994,0.9882,0.9812,-1.0,-1.0,-1.0,-1.0,-1.0,1.0,1.0,0.999777,807.0,666.5,28.817,43.4919,1.88043,51.2233,0.327736,1.002473,IN,4253.42467,4253.09833,0.965485,318267.0,4647234.0
24455,8.5831,LH2,-1.531,29.045,2.615,7.865,HMSDIS,0.25,3.3,0.36,2.0,6824.892,8.015,6940.442,8.151,6882.887,8.083,6881.03,8.081,6846.053,8.04,0.9997,0.9989,-999,-999,-1.0,-1.0,-1.0,1.0,-1.0,-1.0,0.99957,0.977648,-999,-999,-999,13.6346,0.0443389,-999,-999,1.002477,IN,-999,-999,-999,141354.0,2062734.0
24456,8.5831,LH2,-1.531,29.045,2.615,7.865,HMSDIS,0.25,3.3,0.36,2.0,11273.402,7.794,11513.377,7.96,11429.794,7.902,11424.739,7.899,11392.214,7.876,0.9997,0.9988,-999,-999,-1.0,-1.0,5.0,-1.0,-1.0,-1.0,0.99938,0.977871,-999,-999,-999,13.774,0.0773773,-999,-999,1.002426,IN,-999,-999,-999,234877.0,3408082.0
24458,8.5831,LH2,-1.531,29.045,2.615,7.865,SHMSDIS,0.25,3.3,0.36,2.0,7028.507,8.035,7212.16,8.245,7186.397,8.216,7188.336,8.218,7175.638,8.204,-999,-999,0.9851,0.9819,-1.0,17.0,-1.0,-1.0,-1.0,-1.0,0.99879,0.977372,-999,-999,-999,-34493.4,-90.8489,-999,-999,1.002598,IN,-999,-999,-999,146648.0,2156552.0
24460,8.5831,Dummy,-1.531,29.045,2.615,7.865,PI+SIDIS,0.25,3.3,0.36,2.0,34.095,19.897,34.827,20.324,34.894,20.363,34.836,20.329,34.829,20.325,0.9997,0.9986,0.9792,0.9768,-1.0,-1.0,-1.0,-1.0,-1.0,1.0,0.99993,0.999533,1112.0,638.667,34.5093,18.7807,1.01479,51.1937,0.334484,1.0,IN,9213.04698,9213.95802,0.955846,508457.0,11367055.0
24461,8.5831,Dummy,-1.531,29.045,2.615,7.865,PI+SIDIS,0.25,3.3,0.36,2.0,9.673,17.978,9.889,18.378,9.919,18.435,9.888,18.377,9.882,18.366,1.0,0.9983,0.9845,0.9777,-1.0,-1.0,-1.0,-1.0,-1.0,1.0,0.99996,0.99954,357.0,217.167,19.5014,22.4622,2.01709,51.1645,0.312141,1.0,IN,4848.17296,4848.37304,0.956198,144422.0,3200977.0
24463,8.5831,Dummy,-1.531,29.045,2.615,7.865,PI+SIDIS,0.25,3.3,0.36,2.0,24.307,19.807,24.836,20.238,24.708,20.133,24.675,20.106,24.604,20.048,0.9996,0.9988,0.9789,0.978,-1.0,-1.0,-1.0,-1.0,-1.0,1.0,0.99995,0.999533,890.0,550.5,30.7666,22.6742,1.26722,51.2651,0.332693,1.0,IN,12182.08622,12180.83178,0.952863,362833.0,8059966.0
24464,8.5831,Dummy,-1.531,29.045,2.615,7.865,PI+SIDIS,0.25,3.3,0.36,2.0,34.555,20.012,35.295,20.44,35.142,20.352,35.105,20.33,35.063,20.306,0.9997,0.9984,0.982,0.9767,-1.0,-1.0,-1.0,-1.0,-1.0,1.0,0.99996,0.999532,1162.0,667.333,35.2767,19.365,1.02368,51.2597,0.350765,1.0,IN,17353.51214,17353.27986,0.954479,516456.0,11427030.0
24465,8.5831,Dummy,-1.531,29.045,2.615,7.865,HMSDIS,0.25,3.3,0.36,2.0,8859.467,10.084,8969.213,10.209,8943.246,10.179,8938.961,10.174,8932.168,10.166,0.9998,0.9987,-999,-999,-1.0,-1.0,-1.0,1.0,-1.0,-1.0,0.99973,0.976642,-999,-999,-999,9.68161,0.0328623,-999,-999,1.0,IN,-999,-999,-999,130968.0,2148070.0
24466,8.5831,Dummy,-1.531,29.045,2.615,7.865,HMSDIS,0.25,3.3,0.36,2.0,9179.779,9.981,9258.276,10.066,9249.509,10.057,9240.233,10.047,9230.785,10.037,0.9997,0.9988,-999,-999,-1.0,-1.0,5.0,-1.0,-1.0,-1.0,1.0,0.976904,-999,-999,-999,9.59646,0.0720013,-999,-999,1.0,IN,-999,-999,-999,134893.0,2219575.0
24468,8.5831,Dummy,-1.531,29.045,2.615,7.865,SHMSDIS,0.25,3.3,0.36,2.0,8926.631,9.973,9060.449,10.122,9065.487,10.128,9056.072,10.118,9045.455,10.106,-999,-999,0.9847,0.9803,-1.0,17.0,-1.0,-1.0,-1.0,-1.0,0.99937,0.976837,-999,-999,-999,-30051.8,-75.6716,-999,-999,1.0,IN,-999,-999,-999,131659.0,2174645.0
24469,8.5831,C,-1.531,29.045,2.615,7.865,PI+SIDIS,0.25,3.3,0.36,2.0,20.786,11.958,21.031,12.099,20.909,12.028,20.891,12.018,20.828,11.982,0.9996,0.9987,0.9834,0.9751,-1.0,-1.0,-1.0,-1.0,-1.0,1.0,0.99994,0.999564,1370.0,867.0,38.1292,42.2971,1.86015,51.2699,0.346049,1.0,IN,10345.51816,10345.09284,0.956544,553893.0,9653492.0
24470,8.5831,C,-1.531,29.045,2.615,7.865,PI+SIDIS,0.25,3.3,0.36,2.0,20.156,11.8,20.491,11.996,20.343,11.909,20.325,11.898,20.278,11.871,0.9998,0.9984,0.9794,0.974,-1.0,-1.0,-1.0,-1.0,-1.0,1.0,1.0,0.999561,1282.0,808.0,36.8917,40.4926,1.84882,51.2667,0.35536,1.0,IN,6418.30679,6418.38421,0.954658,540453.0,9422383.0
24471,8.5831,C,-1.531,29.045,2.615,7.865,PI+SIDIS,0.25,3.3,0.36,2.0,21.947,12.135,22.416,12.395,22.36,12.364,22.341,12.353,22.332,12.348,0.9997,0.9985,0.9836,0.9745,-1.0,-1.0,-1.0,-1.0,-1.0,1.0,0.99994,0.999555,1414.0,872.667,38.7843,39.9637,1.77612,51.2167,0.329897,1.0,IN,11017.32489,11018.06111,0.956925,591716.0,10407074.0
24472,8.5831,C,-1.531,29.045,2.615,7.865,PI+SIDIS,0.25,3.3,0.36,2.0,12.783,11.83,13.093,12.116,13.1,12.123,13.08,12.105,13.075,12.1,0.9995,0.9984,0.9848,0.977,-1.0,-1.0,-1.0,-1.0,-1.0,1.0,0.99996,0.999561,787.0,485.167,28.9362,37.9484,2.26331,51.218,0.370953,1.0,IN,6439.20313,6440.24487,0.958589,344571.0,6057650.0
24473,8.5831,C,-1.531,29.045,2.615,7.865,PI+SIDIS,0.25,3.3,0.36,2.0,5.99,11.636,6.138,11.923,6.092,11.834,6.086,11.822,6.069,11.789,1.0,0.9988,0.987,0.975,-1.0,-1.0,-1.0,-1.0,-1.0,1.0,1.0,0.999566,388.0,245.167,20.293,40.9666,3.3909,51.3112,0.322577,1.0,IN,92.50771,92.50829,0.952296,162357.0,2781433.0
24474,8.5831,C,-1.531,29.045,2.615,7.865,PI+SIDIS,0.25,3.3,0.36,2.0,23.78,12.02,24.358,12.312,24.17,12.217,24.152,12.207,24.106,12.184,0.9999,0.9986,0.9805,0.9737,-1.0,-1.0,-1.0,-1.0,-1.0,1.0,0.99995,0.999555,1519.0,930.333,40.2133,39.2318,1.69578,51.275,0.337837,1.0,IN,10858.2796,10857.3844,0.955157,642755.0,11220804.0
24475,8.5831,C,-1.531,29.045,2.615,7.865,PI+SIDIS,0.25,3.3,0.36,2.0,21.244,11.827,21.761,12.115,21.727,12.096,21.701,12.081,21.688,12.074,0.9997,0.9983,0.9789,0.9747,-1.0,-1.0,-1.0,-1.0,-1.0,1.0,0.99994,0.999558,1426.0,919.333,38.8644,43.3589,1.83298,51.2526,0.348724,1.0,IN,2255.87379,2256.51821,0.958242,573702.0,10064079.0
24476,8.5831,C,-1.531,29.045,2.615,7.865,PI+SIDIS,0.25,3.3,0.36,2.0,21.086,11.934,21.606,12.228,21.614,12.233,21.581,12.214,21.566,12.205,0.9998,0.998,0.9825,0.9735,-1.0,-1.0,-1.0,-1.0,-1.0,1.0,1.0,0.999559,1327.0,805.333,37.6025,38.2959,1.7881,51.2335,0.338147,1.0,IN,1647.3693,1647.3737,0.958621,570845.0,10027740.0
24477,8.5831,C,-1.531,29.045,2.615,7.865,PI+SIDIS,0.25,3.3,0.36,2.0,19.943,11.974,20.43,12.266,20.324,12.202,20.3,12.188,20.241,12.153,0.9997,0.9983,0.9857,0.9738,-1.0,-1.0,-1.0,-1.0,-1.0,1.0,0.99995,0.999558,1289.0,808.5,37.0011,40.6532,1.8605,51.2683,0.333772,1.0,IN,10044.03101,10043.50499,0.955541,539614.0,9471790.0
24478,8.5831,C,-1.531,29.045,2.615,7.865,PI+SIDIS,0.25,3.3,0.36,2.0,23.072,12.124,23.639,12.422,23.457,12.326,23.439,12.317,23.391,12.292,0.9997,0.9986,0.9797,0.9744,-1.0,-1.0,-1.0,-1.0,-1.0,1.0,0.99995,0.999553,1504.0,923.5,40.0094,40.1073,1.7376,51.2782,0.338068,1.0,IN,11621.0613,11621.1157,0.955986,621898.0,10989449.0
24479,8.5831,C,-1.531,29.045,2.615,7.865,PI+SIDIS,0.25,3.3,0.36,2.0,18.466,11.538,18.925,11.825,18.892,11.804,18.865,11.788,18.857,11.782,0.9998,0.9982,0.9812,0.9746,-1.0,-1.0,-1.0,-1.0,-1.0,1.0,0.99997,0.999563,1264.0,813.5,36.5935,44.1159,1.98446,51.2311,0.349602,1.0,IN,2205.31571,2205.41929,0.958545,498887.0,8741345.0
24480,8.5831,C,-1.531,29.045,2.615,7.865,PI+SIDIS,0.25,3.3,0.36,2.0,10.783,5.895,11.128,6.084,11.114,6.076,11.087,6.062,11.091,6.064,1.0,0.9986,0.9863,0.9806,-1.0,-1.0,-1.0,-1.0,-1.0,1.0,0.99998,0.999782,568.0,432.167,24.3031,39.605,2.22721,51.2245,0.323988,1.0,IN,3585.26531,3585.17669,0.965924,291769.0,3895814.0
24481,8.5831,C,-1.531,29.045,2.615,7.865,HMSDIS,0.25,3.3,0.36,2.0,5411.009,5.984,5583.057,6.174,5554.958,6.143,5546.948,6.134,5537.43,6.123,0.9998,0.9986,-999,-999,-1.0,-1.0,-1.0,1.0,-1.0,-1.0,0.99944,0.977911,-999,-999,-999,17.4402,0.055912,-999,-999,1.0,IN,-999,-999,-999,146905.0,1959359.0
24482,8.5831,C,-1.531,29.045,2.615,7.865,HMSDIS,0.25,3.3,0.36,2.0,4242.308,5.939,4376.607,6.127,4340.707,6.076,4335.661,6.069,4328.856,6.06,0.9998,0.9987,-999,-999,-1.0,-1.0,1.0,-1.0,-1.0,-1.0,0.55145,0.977929,-999,-999,-999,17.4915,0.08514,-999,-999,1.0,IN,-999,-999,-999,115147.0,1528383.0
24483,8.5831,C,-1.531,29.045,2.615,7.865,HMSDIS,0.25,3.3,0.36,2.0,5461.026,5.942,5633.977,6.13,5601.142,6.095,5595.408,6.088,5590.412,6.083,0.9995,0.9986,-999,-999,-1.0,-1.0,5.0,-1.0,-1.0,-1.0,0.999,0.978067,-999,-999,-999,17.5112,0.124755,-999,-999,1.0,IN,-999,-999,-999,147664.0,1965725.0
24484,8.5831,C,-1.531,29.045,2.615,7.865,SHMSDIS,0.25,3.3,0.36,2.0,4196.649,5.83,4330.788,6.017,4318.338,5.999,4309.822,5.988,4309.286,5.987,-999,-999,0.9852,0.9802,-1.0,1.0,-1.0,-1.0,-1.0,-1.0,0.15302,0.978208,-999,-999,-999,-7159.55,-12.9538,-999,-999,1.0,IN,-999,-999,-999,113321.0,1508118.0
24485,8.5831,Cu,-1.531,29.045,2.615,7.865,PI+SIDIS,0.25,3.3,0.36,2.0,15.901,11.743,16.297,12.036,16.299,12.037,16.275,12.019,16.266,12.012,0.9999,0.9979,0.9834,0.9739,-1.0,-1.0,-1.0,-1.0,-1.0,1.0,1.0,0.999608,654.0,324.667,26.625,20.4591,1.67779,51.2408,0.328601,1.0,IN,834.88851,834.77249,0.95841,380377.0,8010787.0
24486,8.5831,Cu,-1.531,29.045,2.615,7.865,PI+SIDIS,0.25,3.3,0.36,2.0,20.586,11.902,21.097,12.197,20.97,12.124,20.95,12.112,20.902,12.084,0.9997,0.9982,0.978,0.9744,-1.0,-1.0,-1.0,-1.0,-1.0,1.0,0.99996,0.999606,897.0,486.333,31.0716,23.6658,1.512,51.305,0.336952,1.0,IN,10371.53728,10371.37572,0.955151,491817.0,10408423.0
24487,8.5831,Cu,-1.531,29.045,2.615,7.865,PI+SIDIS,0.25,3.3,0.36,2.0,19.534,11.909,20.015,12.202,19.925,12.147,19.913,12.14,19.895,12.13,0.9999,0.9981,0.979,0.9712,-1.0,-1.0,-1.0,-1.0,-1.0,1.0,0.99994,0.999605,896.0,511.5,30.9852,26.318,1.59427,51.2589,0.33367,1.0,IN,3165.64571,3165.71329,0.955705,466929.0,9902264.0
24488,8.5831,Cu,-1.531,29.045,2.615,7.865,PI+SIDIS,0.25,3.3,0.36,2.0,18.696,11.693,19.159,11.983,19.153,11.979,19.133,11.966,19.131,11.965,0.9997,0.9981,0.985,0.9747,-1.0,-1.0,-1.0,-1.0,-1.0,1.0,1.0,0.999609,803.0,445.0,29.3712,23.8367,1.57329,51.2221,0.327654,1.0,IN,5807.8701,5807.4319,0.959386,446914.0,9461439.0
24489,8.5831,Cu,-1.531,29.045,2.615,7.865,PI+SIDIS,0.25,3.3,0.36,2.0,16.229,11.961,16.63,12.256,16.632,12.258,16.61,12.242,16.602,12.236,0.9998,0.998,0.9818,0.9732,-1.0,-1.0,-1.0,-1.0,-1.0,1.0,0.99998,0.999605,692.0,374.333,27.2937,23.1344,1.68679,51.2393,0.335141,1.0,IN,2883.49021,2883.44479,0.956755,389154.0,8254707.0
24490,8.5831,Cu,-1.531,29.045,2.615,7.865,PI+SIDIS,0.25,3.3,0.36,2.0,18.296,11.938,18.752,12.236,18.608,12.142,18.592,12.131,18.548,12.103,0.9998,0.998,0.9767,0.9745,-1.0,-1.0,-1.0,-1.0,-1.0,1.0,0.99998,0.999605,846.0,484.0,30.1054,26.4919,1.64783,51.2859,0.337664,1.0,IN,-0.0,0.0,0.954375,439560.0,9281288.0
24491,8.5831,Cu,-1.531,29.045,2.615,7.865,PI+SIDIS,0.25,3.3,0.36,2.0,18.83,11.812,19.298,12.105,19.187,12.036,19.175,12.028,19.155,12.016,0.9997,0.9981,0.9807,0.9722,-1.0,-1.0,-1.0,-1.0,-1.0,1.0,0.99996,0.999608,832.0,449.167,29.93,23.9489,1.59583,51.2471,0.342938,1.0,IN,8971.86041,8971.58759,0.955389,451363.0,9511462.0
24492,8.5831,Cu,-1.531,29.045,2.615,7.865,PI+SIDIS,0.25,3.3,0.36,2.0,19.068,11.872,19.538,12.164,19.51,12.147,19.495,12.138,19.491,12.135,0.9999,0.9981,0.9843,0.9741,-1.0,-1.0,-1.0,-1.0,-1.0,1.0,0.99993,0.999608,803.0,433.167,29.4047,22.7637,1.54528,51.233,0.343571,1.0,IN,4701.64435,4701.59565,0.95714,457054.0,9663481.0
24493,8.5831,Cu,-1.531,29.045,2.615,7.865,PI+SIDIS,0.25,3.3,0.36,2.0,21.131,11.943,21.656,12.24,21.677,12.252,21.653,12.238,21.656,12.24,0.9998,0.998,0.9798,0.9721,-1.0,-1.0,-1.0,-1.0,-1.0,1.0,0.99995,0.999607,931.0,520.5,31.6136,24.7308,1.50207,51.2381,0.3404,1.0,IN,10665.26926,10665.16374,0.958243,504284.0,10733887.0
24494,8.5831,Cu,-1.531,29.045,2.615,7.865,PI+SIDIS,0.25,3.3,0.36,2.0,20.114,11.914,20.616,12.211,20.656,12.235,20.629,12.219,20.63,12.22,0.9998,0.9976,0.9813,0.9724,-1.0,-1.0,-1.0,-1.0,-1.0,1.0,0.99996,0.999607,870.0,475.5,30.59,23.7248,1.52627,51.2467,0.317969,1.0,IN,659.78523,659.73477,0.956757,481392.0,10212190.0
24495,8.5831,Cu,-1.531,29.045,2.615,7.865,HMSDIS,0.25,3.3,0.36,2.0,5076.919,5.927,5239.939,6.117,5240.14,6.118,5228.788,6.104,5232.221,6.108,0.9998,0.9982,-999,-999,-1.0,-1.0,-1.0,1.0,-1.0,-1.0,0.99949,0.980452,-999,-999,-999,15.4278,0.0542804,-999,-999,1.0,IN,-999,-999,-999,122097.0,2026047.0
24496,8.5831,Cu,-1.531,29.045,2.615,7.865,HMSDIS,0.25,3.3,0.36,2.0,4946.835,5.824,5106.689,6.012,5108.816,6.015,5096.924,6.001,5102.216,6.007,0.9997,0.9982,-999,-999,-1.0,-1.0,1.0,-1.0,-1.0,-1.0,0.61866,0.980733,-999,-999,-999,15.4507,0.0699426,-999,-999,1.0,IN,-999,-999,-999,118488.0,1970933.0
24497,8.5831,Cu,-1.531,29.045,2.615,7.865,SHMSDIS,0.25,3.3,0.36,2.0,5324.262,5.938,5494.96,6.128,5496.028,6.129,5484.342,6.116,5489.065,6.122,-999,-999,0.9851,0.9789,-1.0,17.0,-1.0,-1.0,-1.0,-1.0,0.9988,0.980397,-999,-999,-999,-45123.3,-119.043,-999,-999,1.0,IN,-999,-999,-999,127118.0,2131503.0
24498,8.5831,Cu,-1.531,29.045,2.615,7.865,HMSDIS,0.25,3.3,0.36,2.0,5213.189,5.897,5380.257,6.086,5382.223,6.088,5370.441,6.075,5373.348,6.078,0.9998,0.9981,-999,-999,-1.0,-1.0,5.0,-1.0,-1.0,-1.0,0.99913,0.980499,-999,-999,-999,15.6656,0.120723,-999,-999,1.0,IN,-999,-999,-999,124894.0,2083063.0
24499,8.5831,Cu,-1.531,29.045,2.615,7.865,PI+SIDIS,0.25,3.3,0.36,2.0,23.021,13.987,23.572,14.322,23.646,14.367,23.61,14.345,23.611,14.346,0.9998,0.9977,0.9794,0.9708,-1.0,-1.0,-1.0,-1.0,-1.0,1.0,0.99994,0.999539,1056.0,537.5,33.7997,23.4945,1.47741,51.2314,0.353831,1.0,IN,11584.80177,11585.21723,0.956417,549478.0,12545438.0
24500,8.5831,Cu,-1.531,29.045,2.615,7.865,PI+SIDIS,0.25,3.3,0.36,2.0,25.152,14.068,25.754,14.405,25.833,14.449,25.799,14.43,25.803,14.432,0.9997,0.9977,0.979,0.9698,-1.0,-1.0,-1.0,-1.0,-1.0,1.0,0.99995,0.99954,1173.0,595.667,35.6261,23.8577,1.4269,51.2361,0.351308,1.0,IN,12658.31331,12658.52069,0.955602,598808.0,13677265.0
24501,8.5831,LD2,-1.531,29.045,2.615,7.865,PI+SIDIS,0.25,3.3,0.36,2.0,12.387,7.796,12.739,8.018,12.768,8.036,12.755,8.028,12.743,8.02,0.9998,0.9976,0.9796,0.9724,-1.0,-1.0,-1.0,-1.0,-1.0,1.0,0.99993,0.999543,1218.0,789.833,35.9077,63.7781,2.8995,51.2358,0.343929,1.002801,IN,1946.8127,1947.3123,0.957028,493675.0,9389680.0
24502,8.5831,LD2,-1.531,29.045,2.615,7.865,PI+SIDIS,0.25,3.3,0.36,2.0,13.622,7.849,14.009,8.072,14.038,8.089,14.026,8.082,14.018,8.077,0.9998,0.9975,0.9822,0.971,-1.0,-1.0,-1.0,-1.0,-1.0,1.0,0.99994,0.999541,1442.0,954.167,39.0295,70.1633,2.86998,51.2632,0.339837,1.00282,IN,6888.72349,6888.48051,0.958012,542634.0,10334143.0
24503,8.5831,LD2,-1.531,29.045,2.615,7.865,PI+SIDIS,0.25,3.3,0.36,2.0,14.258,7.99,14.661,8.216,14.685,8.229,14.676,8.224,14.666,8.218,0.9996,0.9978,0.9808,0.9713,-1.0,-1.0,-1.0,-1.0,-1.0,1.0,0.99994,0.999537,1415.0,899.667,38.7413,63.2066,2.72179,51.2495,0.354666,1.00287,IN,7207.42714,7207.27086,0.958045,567259.0,10861235.0
24504,8.5831,LD2,-1.531,29.045,2.615,7.865,PI+SIDIS,0.25,3.3,0.36,2.0,12.926,7.838,13.294,8.061,13.317,8.075,13.307,8.068,13.3,8.064,0.9997,0.9977,0.9803,0.9711,-1.0,-1.0,-1.0,-1.0,-1.0,1.0,0.9999,0.999544,1355.0,884.667,37.8601,68.5542,2.93384,51.2351,0.33111,1.002816,IN,5371.90379,5371.94421,0.958085,513939.0,9783667.0
24505,8.5831,LD2,-1.531,29.045,2.615,7.865,PI+SIDIS,0.25,3.3,0.36,2.0,13.581,7.879,13.967,8.103,13.994,8.119,13.984,8.113,13.974,8.107,0.9997,0.9976,0.9825,0.9719,-1.0,-1.0,-1.0,-1.0,-1.0,1.0,1.0,0.999543,1388.0,892.5,38.3482,65.7679,2.82586,51.2382,0.336418,1.00283,IN,6867.30971,6867.50329,0.958786,540196.0,10300488.0
24506,8.5831,LD2,-1.531,29.045,2.615,7.865,PI+SIDIS,0.25,3.3,0.36,2.0,14.021,7.985,14.417,8.211,14.421,8.213,14.413,8.208,14.386,8.193,0.9996,0.9976,0.978,0.9715,-1.0,-1.0,-1.0,-1.0,-1.0,1.0,0.99993,0.999537,1457.0,952.0,39.2577,68.0025,2.80423,51.2578,0.332006,1.002868,IN,7089.23681,7089.62719,0.958491,557457.0,10671480.0
24507,8.5831,LD2,-1.531,29.045,2.615,7.865,PI+SIDIS,0.25,3.3,0.36,2.0,13.256,7.866,13.633,8.09,13.542,8.036,13.536,8.033,13.495,8.009,0.9997,0.9981,0.98,0.971,-1.0,-1.0,-1.0,-1.0,-1.0,1.0,0.99996,0.999538,1311.0,835.667,37.2857,63.1498,2.81761,51.2754,0.328852,1.002826,IN,2468.67693,2468.43607,0.955212,527962.0,10043799.0
24508,8.5831,LH2,-1.531,29.045,2.615,7.865,PI+SIDIS,0.25,3.3,0.36,2.0,18.791,15.555,19.228,15.917,19.169,15.868,19.147,15.85,19.165,15.864,0.9998,0.9983,0.9768,0.97,-1.0,-1.0,-1.0,-1.0,-1.0,1.0,1.0,0.999553,1023.0,679.167,32.868,36.4215,1.7626,51.2572,0.338311,1.005888,IN,9433.94939,9433.61261,0.95649,387901.0,7908087.0
24509,8.5831,LH2,-1.531,29.045,2.615,7.865,PI+SIDIS,0.25,3.3,0.36,2.0,27.617,15.871,28.258,16.24,28.128,16.165,28.096,16.146,28.097,16.147,0.9996,0.9983,0.9821,0.9709,-1.0,-1.0,-1.0,-1.0,-1.0,1.0,0.99993,0.999553,1478.0,952.5,39.5675,34.734,1.44287,51.2395,0.339891,1.005665,IN,9722.95173,9723.97527,0.956756,572262.0,11241296.0
24510,8.5831,LH2,-1.531,29.045,2.615,7.865,PI+SIDIS,0.25,3.3,0.36,2.0,24.981,15.539,25.566,15.903,25.559,15.898,25.518,15.873,25.552,15.894,0.9999,0.9983,0.9776,0.9701,-1.0,-1.0,-1.0,-1.0,-1.0,1.0,0.99999,0.999553,1347.0,880.333,37.7462,35.4991,1.5221,51.2377,0.338834,1.005501,IN,11053.84152,11054.41348,0.957611,517076.0,10493650.0
24511,8.5831,LH2,-1.531,29.045,2.615,7.865,PI+SIDIS,0.25,3.3,0.36,2.0,28.36,15.988,29.021,16.361,29.073,16.391,29.024,16.363,29.065,16.386,0.9997,0.9982,0.9794,0.9696,-1.0,-1.0,-1.0,-1.0,-1.0,1.0,0.99995,0.999553,1587.0,1070.5,40.9033,38.0569,1.45414,51.2233,0.352459,1.005876,IN,14264.01973,14262.83527,0.957997,587735.0,11971061.0
24512,8.5831,LH2,-1.531,29.045,2.615,7.865,PI+SIDIS,0.25,3.3,0.36,2.0,15.099,8.014,15.527,8.241,15.512,8.233,15.505,8.229,15.49,8.221,0.9997,0.9986,0.9913,0.9757,-1.0,-1.0,-1.0,-1.0,-1.0,1.0,1.0,0.999775,749.0,604.5,27.8044,39.9138,1.83586,51.2406,0.331581,1.002582,IN,7635.33501,7635.37499,0.967221,314155.0,4681282.0
24513,8.5831,Dummy,-1.531,29.045,2.615,7.865,PI+SIDIS,0.25,3.3,0.36,2.0,31.622,19.299,32.182,19.641,32.039,19.553,31.992,19.525,31.982,19.518,0.9996,0.9981,0.978,0.9718,-1.0,-1.0,-1.0,-1.0,-1.0,1.0,0.99993,0.999535,1044.0,590.833,33.4593,18.9007,1.07036,51.2702,0.367842,1.0,IN,15849.92458,15851.40642,0.953896,469205.0,10561107.0
24514,8.5831,Dummy,-1.531,29.045,2.615,7.865,PI+SIDIS,0.25,3.3,0.36,2.0,33.956,19.728,34.293,19.924,34.258,19.903,34.213,19.878,34.255,19.902,0.9997,0.9974,0.9783,0.9708,-1.0,-1.0,-1.0,-1.0,-1.0,1.0,0.99995,0.999535,1178.0,699.833,35.464,21.0286,1.06562,51.2466,0.368994,1.0,IN,16859.48952,16859.08548,0.955854,500608.0,11252269.0
24515,8.5831,Dummy,-1.531,29.045,2.615,7.865,PI+SIDIS,0.25,3.3,0.36,2.0,32.705,19.288,33.128,19.538,33.227,19.597,33.156,19.555,33.21,19.586,0.9997,0.9979,0.9798,0.9717,-1.0,-1.0,-1.0,-1.0,-1.0,1.0,0.99996,0.999535,1143.0,675.167,34.9424,20.9813,1.08586,51.2217,0.353762,1.0,IN,4504.87164,4504.75836,0.95595,482483.0,10865205.0
24516,8.5831,C,-1.531,29.045,2.615,7.865,PI+SIDIS,0.25,3.3,0.36,2.0,19.957,11.914,20.167,12.04,20.121,12.012,20.09,11.994,20.071,11.982,0.9995,0.9981,0.9781,0.9722,-1.0,-1.0,-1.0,-1.0,-1.0,1.0,0.99997,0.999557,1305.0,829.333,37.2059,42.3218,1.89866,51.2547,0.346372,1.0,IN,9645.85484,9645.48616,0.957712,532224.0,9409970.0
24517,8.5831,C,-1.531,29.045,2.615,7.865,PI+SIDIS,0.25,3.3,0.36,2.0,14.201,11.871,14.308,11.961,14.203,11.873,14.184,11.857,14.161,11.838,0.9994,0.998,0.979,0.973,-1.0,-1.0,-1.0,-1.0,-1.0,1.0,0.99994,0.999559,862.0,524.0,30.304,37.6639,2.17818,51.2904,0.32674,1.0,IN,7023.53542,7023.83658,0.955868,377380.0,6652024.0
24521,8.5831,C,-1.531,29.045,2.615,7.865,PI+SIDIS,0.25,3.3,0.36,2.0,20.274,12.196,20.42,12.284,20.39,12.266,20.372,12.255,20.398,12.27,0.9999,0.9982,0.9789,0.9727,-1.0,-1.0,-1.0,-1.0,-1.0,1.0,0.99994,0.999558,1286.0,809.167,36.9523,40.7449,1.8607,51.2276,0.334457,1.0,IN,589.77404,589.73596,0.956698,538224.0,9535423.0
24522,8.5831,C,-1.531,29.045,2.615,7.865,PI+SIDIS,0.25,3.3,0.36,2.0,21.519,12.1,21.677,12.189,21.69,12.196,21.655,12.177,21.672,12.186,0.9997,0.9979,0.9781,0.972,-1.0,-1.0,-1.0,-1.0,-1.0,1.0,0.99996,0.999557,1405.0,889.333,38.6127,42.2227,1.83321,51.2295,0.347509,1.0,IN,10663.79127,10662.46173,0.956458,574919.0,10151183.0
24523,8.5831,C,-1.531,29.045,2.615,7.865,PI+SIDIS,0.25,3.3,0.36,2.0,18.407,11.891,18.545,11.98,18.437,11.911,18.411,11.894,18.389,11.88,0.9997,0.9983,0.9811,0.9718,-1.0,-1.0,-1.0,-1.0,-1.0,1.0,0.99997,0.999561,1117.0,672.333,34.5125,37.3185,1.91565,51.281,0.342197,1.0,IN,968.98171,969.08329,0.955817,489723.0,8623453.0
24524,8.5831,C,-1.531,29.045,2.615,7.865,PI+SIDIS,0.25,3.3,0.36,2.0,20.82,12.11,20.97,12.198,20.849,12.127,20.832,12.118,20.841,12.123,0.9996,0.9984,0.9832,0.9724,-1.0,-1.0,-1.0,-1.0,-1.0,1.0,0.99995,0.999559,1280.0,769.333,36.9474,37.7456,1.81274,51.2422,0.34608,1.0,IN,10313.71149,10313.55451,0.955965,553095.0,9763036.0
24525,8.5831,C,-1.531,29.045,2.615,7.865,PI+SIDIS,0.25,3.3,0.36,2.0,10.345,6.054,10.49,6.139,10.46,6.122,10.443,6.112,10.461,6.122,0.9998,0.9982,0.9858,0.9776,-1.0,-1.0,-1.0,-1.0,-1.0,1.0,1.0,0.99978,568.0,444.167,24.2619,43.3208,2.36633,51.2161,0.32445,1.0,IN,5162.45241,5162.39159,0.966737,274015.0,3698026.0
24526,8.5831,Cu,-1.531,29.045,2.615,7.865,PI+SIDIS,0.25,3.3,0.36,2.0,24.432,14.004,24.589,14.093,24.628,14.116,24.587,14.092,24.603,14.101,0.9997,0.998,0.9751,0.9716,-1.0,-1.0,-1.0,-1.0,-1.0,1.0,1.0,0.999541,1110.0,578.833,34.6198,24.2357,1.44953,51.2082,0.342254,1.0,IN,12083.78965,12084.60135,0.955761,575126.0,13095437.0
24527,8.5831,Cu,-1.531,29.045,2.615,7.865,PI+SIDIS,0.25,3.3,0.36,2.0,25.201,14.234,25.361,14.324,25.235,14.253,25.211,14.24,25.184,14.224,0.9998,0.9982,0.9803,0.972,-1.0,-1.0,-1.0,-1.0,-1.0,1.0,0.99997,0.999539,1152.0,593.667,35.2853,24.0885,1.43173,51.2538,0.35023,1.0,IN,12464.99028,12463.36872,0.952549,594182.0,13453506.0
24528,8.5831,Cu,-1.531,29.045,2.615,7.865,PI+SIDIS,0.25,3.3,0.36,2.0,21.892,13.774,22.032,13.862,21.965,13.82,21.946,13.808,21.961,13.817,0.9997,0.9981,0.9798,0.9719,-1.0,-1.0,-1.0,-1.0,-1.0,1.0,0.99994,0.999543,933.0,444.5,31.8499,20.7661,1.48796,51.2342,0.358106,1.0,IN,3366.98384,3367.15316,0.954185,514102.0,11619086.0
24529,8.5831,Cu,-1.531,29.045,2.615,7.865,PI+SIDIS,0.25,3.3,0.36,2.0,26.924,14.114,27.092,14.202,27.107,14.21,27.082,14.197,27.116,14.214,0.9998,0.998,0.9819,0.9715,-1.0,-1.0,-1.0,-1.0,-1.0,1.0,0.99995,0.999542,1228.0,635.333,36.425,24.1449,1.38428,51.2227,0.342191,1.0,IN,13320.93266,13322.14034,0.956927,631739.0,14372911.0
24530,8.5831,Cu,-1.531,29.045,2.615,7.865,PI+SIDIS,0.25,3.3,0.36,2.0,24.736,14.075,24.896,14.165,24.919,14.178,24.881,14.157,24.9,14.168,0.9998,0.9983,0.9806,0.9708,-1.0,-1.0,-1.0,-1.0,-1.0,1.0,0.99994,0.999539,1133.0,596.333,34.9635,24.6799,1.447,51.25,0.338542,1.0,IN,1992.10041,1991.45359,0.955247,581218.0,13222061.0
24531,8.5831,Cu,-1.531,29.045,2.615,7.865,PI+SIDIS,0.25,3.3,0.36,2.0,24.01,14.0,24.166,14.091,24.017,14.003,23.991,13.988,23.972,13.977,0.9997,0.9981,0.9809,0.9726,-1.0,-1.0,-1.0,-1.0,-1.0,1.0,0.99996,0.999539,1106.0,593.0,34.5181,25.2385,1.46912,51.2829,0.317846,1.0,IN,5561.00164,5560.36836,0.953877,564669.0,12765470.0
24532,8.5831,Cu,-1.531,29.045,2.615,7.865,PI+SIDIS,0.25,3.3,0.36,2.0,24.695,14.183,24.849,14.271,24.743,14.21,24.728,14.201,24.748,14.213,0.9997,0.9978,0.9775,0.9717,-1.0,-1.0,-1.0,-1.0,-1.0,1.0,0.99993,0.99954,1100.0,561.333,34.4932,23.2563,1.42907,51.2426,0.344318,1.0,IN,10422.34228,10422.26272,0.953996,579724.0,13101798.0
24533,8.5831,Cu,-1.531,29.045,2.615,7.865,PI+SIDIS,0.25,3.3,0.36,2.0,24.813,14.139,24.967,14.226,24.973,14.23,24.952,14.218,24.984,14.236,0.9998,0.9982,0.9779,0.9706,-1.0,-1.0,-1.0,-1.0,-1.0,1.0,0.99993,0.999542,1083.0,534.833,34.269,22.0766,1.41453,51.2247,0.335211,1.0,IN,12281.32831,12281.65869,0.956753,583016.0,13198075.0
24534,8.5831,Cu,-1.531,29.045,2.615,7.865,PI+SIDIS,0.25,3.3,0.36,2.0,25.543,14.2,25.704,14.29,25.756,14.319,25.716,14.296,25.739,14.309,0.9999,0.9978,0.9797,0.9708,-1.0,-1.0,-1.0,-1.0,-1.0,1.0,1.0,0.999539,1173.0,597.167,35.6226,23.9336,1.42771,51.2209,0.364715,1.0,IN,-0.0,0.0,0.955903,600732.0,13719338.0
24535,8.5831,Cu,-1.531,29.045,2.615,7.865,PI+SIDIS,0.25,3.3,0.36,2.0,25.038,14.142,25.195,14.231,25.068,14.16,25.046,14.147,25.015,14.129,0.9999,0.9979,0.9767,0.9717,-1.0,-1.0,-1.0,-1.0,-1.0,1.0,0.99994,0.99954,1169.0,615.5,35.5141,25.1451,1.45086,51.2431,0.340224,1.0,IN,12388.16973,12388.55527,0.953381,588300.0,13348360.0
24536,8.5831,LD2,1.531,29.045,6.538,7.865,PI+SIDIS,0.25,3.3,0.9,2.0,32.422,35.618,32.712,35.938,32.806,36.041,32.79,36.023,32.807,36.041,0.9962,0.9947,0.9842,0.973,-1.0,-1.0,-1.0,-1.0,-1.0,1.0,0.9999,0.999867,15.0,4.0,4.10284,0.126165,0.129409,51.25,0.5,1.012553,IN,16051.28537,16049.61063,0.936224,227504.0,6785386.0
24537,8.5831,LD2,1.531,29.045,6.538,7.865,HMSDIS,0.25,3.3,0.9,2.0,3510.918,35.269,3584.45,36.008,3596.348,36.127,3594.335,36.107,3596.905,36.133,0.9968,0.9949,-999,-999,-1.0,-1.0,-1.0,5.0,-1.0,-1.0,0.99925,0.986755,-999,-999,-999,2.46477,0.0587517,-999,-999,1.012578,IN,-999,-999,-999,24689.0,746070.0
24541,8.5831,LD2,1.531,29.045,6.538,7.865,HMSDIS,0.25,3.3,0.9,2.0,41862.404,31.385,42756.965,32.056,42705.461,32.017,42655.687,31.98,42640.299,31.968,0.9974,0.9952,-999,-999,-1.0,-1.0,-1.0,3.0,-1.0,-1.0,0.99858,0.987008,-999,-999,-999,2.47811,0.0132127,-999,-999,1.011197,IN,-999,-999,-999,300171.0,8812463.0
24543,8.5831,LH2,1.531,29.045,6.538,7.865,PI+SIDIS,0.25,3.3,0.9,2.0,39.723,45.906,40.58,46.896,40.814,47.166,40.76,47.104,40.777,47.123,0.997,0.9961,0.9882,0.9737,-1.0,-1.0,-1.0,-1.0,-1.0,1.0,0.99992,0.999897,5.0,0.833333,2.3863,0.0211555,0.06058,51.25,0.5,1.022279,IN,19885.74454,19889.79046,0.939949,145742.0,6918774.0
24544,8.5831,LH2,1.531,29.045,6.538,7.865,HMSDIS,0.25,3.3,0.9,2.0,67413.482,47.241,68871.275,48.262,69361.725,48.606,69259.98,48.535,69295.017,48.559,0.9972,0.9961,-999,-999,-1.0,-1.0,-1.0,3.0,-1.0,-1.0,0.99892,0.989691,-999,-999,-999,1.17863,0.00717914,-999,-999,1.023063,IN,-999,-999,-999,248603.0,12158556.0
24545,8.5831,Dummy,1.531,29.045,6.538,7.865,PI+SIDIS,0.25,3.3,0.9,2.0,37.296,40.11,38.085,40.957,38.305,41.194,38.253,41.139,38.271,41.158,1.0,0.9964,0.991,0.9758,-1.0,-1.0,-1.0,-1.0,-1.0,1.0,0.99991,0.999951,2.0,0.833333,1.48137,0.0224254,0.0398643,51.25,0.5,1.0,IN,18682.2981,18677.9009,0.943178,98152.0,2738399.0
24546,8.5831,Dummy,1.531,29.045,6.538,7.865,HMSDIS,0.25,3.3,0.9,2.0,35095.119,36.42,35847.605,37.201,36101.628,37.465,36033.183,37.393,36045.833,37.407,0.9978,0.9965,-999,-999,-1.0,-1.0,-1.0,1.0,-1.0,-1.0,0.98784,0.995254,-999,-999,-999,0.962736,0.00521986,-999,-999,1.0,IN,-999,-999,-999,92051.0,2550044.0
24547,8.5831,C,1.531,29.045,6.538,7.865,PI+SIDIS,0.25,3.3,0.9,2.0,34.735,32.988,35.511,33.725,35.724,33.927,35.624,33.832,35.581,33.792,0.9988,0.9959,0.9925,0.9696,-1.0,-1.0,-1.0,-1.0,-1.0,1.0,0.99993,0.999906,6.0,-0.666667,2.66667,-0.0193867,0.0775467,51.25,0.5,1.0,IN,6194.92005,6193.00395,0.937837,175602.0,5340885.0
24549,8.5831,C,1.531,29.045,6.538,7.865,HMSDIS,0.25,3.3,0.9,2.0,80815.672,44.641,82240.624,45.428,82276.454,45.448,82165.885,45.387,82079.563,45.339,0.9977,0.9961,-999,-999,-1.0,-1.0,-1.0,3.0,-1.0,-1.0,0.99874,0.989824,-999,-999,-999,1.90625,0.00835376,-999,-999,1.0,IN,-999,-999,-999,411461.0,12538501.0
24550,8.5831,Cu,1.531,29.045,6.538,7.865,PI+SIDIS,0.25,3.3,0.9,2.0,44.391,48.257,44.603,48.487,44.785,48.686,44.737,48.634,44.737,48.634,0.998,0.9961,0.9821,0.9685,-1.0,-1.0,-1.0,-1.0,-1.0,1.0,0.9999,0.999902,16.0,6.66667,4.18994,0.154653,0.0971976,51.25,0.5,1.0,IN,21858.35438,21854.31362,0.938622,273139.0,6098589.0
24551,8.5831,Cu,1.531,29.045,6.538,7.865,HMSDIS,0.25,3.3,0.9,2.0,65234.03,45.583,66543.114,46.498,66979.011,46.802,66887.547,46.738,66900.394,46.747,0.9982,0.9961,-999,-999,-1.0,-1.0,-1.0,3.0,-1.0,-1.0,0.99886,0.990281,-999,-999,-999,2.76133,0.011174,-999,-999,1.0,IN,-999,-999,-999,407663.0,9367704.0
24553,8.5831,LD2,1.531,29.045,4.868,7.865,PI+SIDIS,0.25,3.3,0.67,2.0,39.875,29.648,40.734,30.287,40.947,30.446,40.86,30.381,40.858,30.379,0.9977,0.9961,0.9793,0.9682,-1.0,-1.0,-1.0,-1.0,-1.0,1.0,0.99967,0.99956,126.0,41.0,11.8392,1.04233,0.300984,51.25,0.5,1.010579,IN,4351.84433,4350.47167,0.937084,287383.0,41774523.0
24554,8.5831,LH2,1.531,29.045,4.868,7.865,PI+SIDIS,0.25,3.3,0.67,2.0,78.703,47.94,79.929,48.687,79.865,48.647,79.769,48.589,79.658,48.522,0.9968,0.9966,0.9811,0.9709,-1.0,-1.0,-1.0,-1.0,-1.0,1.0,1.0,0.999677,93.0,34.8333,10.1338,0.450306,0.131005,51.25,0.5,1.031616,IN,39350.00094,39341.47606,0.937737,289285.0,42874961.0
24555,8.5831,Dummy,1.531,29.045,4.868,7.865,PI+SIDIS,0.25,3.3,0.67,2.0,56.739,37.315,57.049,37.519,57.037,37.511,56.985,37.476,57.03,37.506,0.9941,0.997,0.9821,0.9752,-1.0,-1.0,-1.0,-1.0,-1.0,1.0,0.99995,0.999843,18.0,2.66667,4.53382,0.0482191,0.0819813,51.25,0.5,1.0,IN,28046.14833,28041.30567,0.947435,148787.0,12182645.0
24556,8.5831,C,1.531,29.045,4.868,7.865,PI+SIDIS,0.25,3.3,0.67,2.0,68.654,44.837,68.983,45.051,69.47,45.37,69.352,45.293,69.416,45.335,0.9976,0.9964,0.9796,0.9696,-1.0,-1.0,-1.0,-1.0,-1.0,1.0,1.0,0.999659,127.0,46.3333,11.8509,0.694388,0.177607,51.25,0.5,1.0,IN,33862.198,33856.518,0.938039,347904.0,36382384.0
24557,8.5831,Cu,1.531,29.045,4.868,7.865,PI+SIDIS,0.25,3.3,0.67,2.0,67.301,46.413,67.627,46.638,68.12,46.978,67.995,46.892,68.03,46.916,0.9981,0.9964,0.9792,0.9683,-1.0,-1.0,-1.0,-1.0,-1.0,1.0,0.99983,0.999714,117.0,30.6667,11.4625,0.469286,0.175408,51.25,0.5,1.0,IN,33261.78201,33255.32999,0.9355,419171.0,32782840.0
24558,8.5831,LD2,1.531,29.045,3.632,7.865,PI+SIDIS,0.25,3.3,0.5,2.0,34.71,14.938,34.932,15.033,34.725,14.945,34.676,14.923,34.633,14.905,0.9967,0.9974,0.9814,0.971,-1.0,-1.0,-1.0,-1.0,-1.0,1.0,0.99986,0.999529,155.0,50.5,13.1308,1.49398,0.388457,51.25,0.5,1.005251,IN,233.81483,233.65217,0.945135,239467.0,39392755.0
24559,8.5831,LH2,1.531,29.045,3.632,7.865,PI+SIDIS,0.25,3.3,0.5,2.0,63.62,27.777,63.927,27.911,64.04,27.961,63.959,27.925,64.026,27.954,0.9963,0.9974,0.9782,0.9698,-1.0,-1.0,-1.0,-1.0,-1.0,1.0,0.99984,0.999543,112.0,23.0,11.262,0.372427,0.18236,51.25,0.5,1.012634,IN,11761.40062,11763.88238,0.946022,227558.0,44733544.0
24560,8.5831,Dummy,1.531,29.045,3.632,7.865,PI+SIDIS,0.25,3.3,0.5,2.0,90.772,37.154,91.151,37.309,91.41,37.415,91.271,37.358,91.226,37.34,0.9978,0.9972,0.9781,0.9681,-1.0,-1.0,-1.0,-1.0,-1.0,1.0,0.99987,0.999555,120.0,31.6667,11.607,0.359694,0.131841,51.25,0.5,1.0,IN,44857.37221,44860.92579,0.942409,237726.0,47036727.0
24561,8.5831,C,1.531,29.045,3.632,7.865,PI+SIDIS,0.25,3.3,0.5,2.0,54.409,26.044,54.645,26.157,54.542,26.108,54.48,26.078,54.479,26.078,0.9979,0.9971,0.9793,0.9686,-1.0,-1.0,-1.0,-1.0,-1.0,1.0,1.0,0.999491,157.0,33.0,13.3292,0.624787,0.25236,51.25,0.5,1.0,IN,9097.67014,9096.70586,0.941457,267227.0,42446619.0
24562,8.5831,Cu,1.531,29.045,3.632,7.865,PI+SIDIS,0.25,3.3,0.5,2.0,56.844,26.659,57.085,26.772,57.343,26.893,57.234,26.842,57.305,26.875,0.9982,0.9972,0.9793,0.9688,-1.0,-1.0,-1.0,-1.0,-1.0,1.0,0.99984,0.999558,184.0,35.5,14.4482,0.643166,0.261763,51.25,0.5,1.0,IN,3558.4004,3559.1906,0.941988,346355.0,44662113.0
24563,8.5831,Al,1.531,29.045,3.632,7.865,HMSDIS,0.25,3.3,0.5,2.0,73751.504,50.973,74089.351,51.206,74153.863,51.251,74068.917,51.192,74001.911,51.146,0.9977,0.9979,-999,-999,-1.0,-1.0,-1.0,1.0,-1.0,-1.0,0.99854,0.977984,-999,-999,-999,0.442751,0.00244917,-999,-999,1.0,IN,-999,-999,-999,87152.0,8460269.0
24564,8.5831,LD2,1.531,29.045,2.615,7.865,PI+SIDIS,0.25,3.3,0.36,2.0,22.815,8.033,23.055,8.117,22.984,8.092,22.979,8.09,22.983,8.092,0.9956,0.9978,0.9795,0.9725,-1.0,-1.0,-1.0,-1.0,-1.0,1.0,0.99993,0.999542,103.0,26.8333,10.7561,1.20217,0.481889,51.25,0.5,1.002835,IN,2366.83886,2367.25814,0.950474,157225.0,16808965.0
24566,8.5831,LH2,1.531,29.045,2.615,7.865,PI+SIDIS,0.25,3.3,0.36,2.0,43.792,15.636,44.048,15.727,43.931,15.686,43.833,15.651,43.832,15.65,0.9967,0.9977,0.9771,0.9718,-1.0,-1.0,-1.0,-1.0,-1.0,1.0,0.99989,0.999554,107.0,34.5,10.9125,0.808721,0.255803,51.25,0.5,-999,IN,6401.16621,6400.51179,0.94884,155984.0,17988544.0
24567,8.5831,Dummy,1.531,29.045,2.615,7.865,PI+SIDIS,0.25,3.3,0.36,2.0,58.525,19.808,58.799,19.901,58.843,19.916,58.737,19.88,58.86,19.922,0.9988,0.9974,0.9812,0.9715,-1.0,-1.0,-1.0,-1.0,-1.0,1.0,0.99992,0.999533,104.0,28.3333,10.7987,0.496639,0.189284,51.25,0.5,1.0,IN,28910.44485,28909.91815,0.949229,152139.0,19310397.0
24568,8.5831,C,1.531,29.045,2.615,7.865,PI+SIDIS,0.25,3.3,0.36,2.0,18.976,12.106,19.112,12.193,19.123,12.199,19.091,12.179,19.089,12.178,0.9972,0.9978,0.9828,0.9725,-1.0,-1.0,-1.0,-1.0,-1.0,1.0,0.99991,0.99956,69.0,17.6667,8.80656,0.953271,0.475191,51.25,0.5,1.0,IN,5641.12435,5641.21665,0.951987,91730.0,8954286.0
24569,8.5831,C,1.531,29.045,2.615,7.865,PI+SIDIS,0.25,3.3,0.36,2.0,11.795,11.54,11.884,11.627,11.817,11.561,11.791,11.536,11.787,11.531,0.997,0.998,0.9791,0.9733,-1.0,-1.0,-1.0,-1.0,-1.0,1.0,0.99993,0.999561,49.0,16.0,7.38241,1.38754,0.64021,51.25,0.5,1.0,IN,5830.41872,5830.54628,0.948492,56736.0,5519174.0
24570,8.5831,Cu,1.531,29.045,2.615,7.865,PI+SIDIS,0.25,3.3,0.36,2.0,47.477,13.88,47.773,13.967,47.799,13.974,47.736,13.956,47.814,13.979,0.9987,0.9978,0.9776,0.9706,-1.0,-1.0,-1.0,-1.0,-1.0,1.0,0.99994,0.999543,224.0,38.3333,15.967,0.82784,0.34482,51.25,0.5,1.0,IN,-0.0,0.0,0.949091,288275.0,25431969.0
24572,8.5831,LD2,1.531,29.045,-6.538,7.865,PI-SIDIS,0.25,3.3,0.9,2.0,23.54,25.216,23.633,25.316,23.568,25.246,23.548,25.224,23.548,25.225,0.9972,0.9961,0.9811,0.8593,-1.0,-1.0,-1.0,-1.0,-1.0,1.0,0.99966,0.999508,18.0,10.3333,4.39065,0.510439,0.216886,51.25,0.5,1.008843,IN,11605.46192,11609.86608,0.945402,169884.0,671118285.0
24573,8.5831,LD2,1.531,29.045,-6.538,7.865,HMSDIS,0.25,3.3,0.9,2.0,35269.493,23.38,35523.733,23.548,35554.525,23.569,35502.936,23.535,35503.694,23.535,0.9976,0.9963,-999,-999,-1.0,-1.0,-1.0,3.0,-1.0,-1.0,0.99974,0.951523,-999,-999,-999,2.48303,0.0145001,-999,-999,1.008225,IN,-999,-999,-999,253074.0,1011420218.0
24574,8.5831,LH2,1.531,29.045,-6.538,7.865,PI-SIDIS,0.25,3.3,0.9,2.0,38.062,31.742,38.206,31.863,38.373,32.002,38.317,31.955,38.325,31.962,0.9934,0.9968,0.9835,0.8421,-1.0,-1.0,-1.0,-1.0,-1.0,1.0,0.99988,0.999644,12.0,8.83333,3.53946,0.276412,0.110757,51.25,0.5,1.014749,IN,12606.30145,12608.40355,0.952568,138911.0,587405877.0
24575,8.5831,LH2,1.531,29.045,-6.538,7.865,HMSDIS,0.25,3.3,0.9,2.0,36180.088,32.735,36373.551,32.91,36549.608,33.069,36493.7,33.019,36505.877,33.03,0.9975,0.9968,-999,-999,-1.0,-1.0,-1.0,2.0,-1.0,-1.0,0.99872,0.964397,-999,-999,-999,1.20543,0.00815672,-999,-999,1.015767,IN,-999,-999,-999,131922.0,559034783.0
24576,8.5831,Dummy,1.531,29.045,-6.538,7.865,PI-SIDIS,0.25,3.3,0.9,2.0,37.908,37.933,38.186,38.211,38.445,38.47,38.376,38.401,38.408,38.432,0.997,0.9958,0.9847,0.8441,-1.0,-1.0,-1.0,-1.0,-1.0,1.0,0.9999,0.999692,8.0,5.16667,2.91071,0.160791,0.0905835,51.25,0.5,1.0,IN,18787.91709,18789.69591,0.952161,100364.0,445310183.0
24577,8.5831,Dummy,1.531,29.045,-6.538,7.865,HMSDIS,0.25,3.3,0.9,2.0,29255.84,33.496,29641.805,33.938,29870.771,34.2,29800.206,34.119,29814.346,34.135,0.997,0.9965,-999,-999,-1.0,-1.0,-1.0,2.0,-1.0,-1.0,0.9994,0.970067,-999,-999,-999,0.983712,0.00816169,-999,-999,1.0,IN,-999,-999,-999,77610.0,345938507.0
24578,8.5831,C,1.531,29.045,-6.538,7.865,PI-SIDIS,0.25,3.3,0.9,2.0,44.994,32.626,45.458,32.963,45.775,33.193,45.683,33.126,45.7,33.139,0.9981,0.9964,0.9822,0.8471,-1.0,-1.0,-1.0,-1.0,-1.0,1.0,0.99979,0.999587,13.0,4.83333,3.78961,0.125782,0.0986202,51.25,0.5,1.0,IN,22344.92919,22347.34581,0.948135,225681.0,802943554.0
24579,8.5831,C,1.531,29.045,-6.538,7.865,HMSDIS,0.25,3.3,0.9,2.0,55105.875,33.489,55694.674,33.847,55960.5,34.008,55880.292,33.959,55838.569,33.934,0.9978,0.9964,-999,-999,-1.0,-1.0,-1.0,2.0,-1.0,-1.0,0.99826,0.958631,-999,-999,-999,1.91926,0.00831821,-999,-999,1.0,IN,-999,-999,-999,276944.0,983768858.0
24580,8.5831,Cu,1.531,29.045,-6.538,7.865,PI-SIDIS,0.25,3.3,0.9,2.0,21.8,30.611,22.267,31.267,22.223,31.205,22.197,31.168,22.137,31.085,0.9984,0.9965,0.9833,0.8459,-1.0,-1.0,-1.0,-1.0,-1.0,1.0,0.99985,0.999692,10.0,6.5,3.2532,0.345696,0.173018,51.25,0.5,1.0,IN,5943.76958,5944.28542,0.941548,136305.0,287575320.0
24581,8.5831,Cu,1.531,29.045,-6.538,7.865,HMSDIS,0.25,3.3,0.9,2.0,51673.671,34.593,52705.199,35.284,52544.469,35.176,52522.146,35.161,52479.394,35.133,0.9979,0.9963,-999,-999,-1.0,-1.0,-1.0,2.0,-1.0,-1.0,0.99865,0.968261,-999,-999,-999,2.79094,0.0103089,-999,-999,1.0,IN,-999,-999,-999,324001.0,679813576.0
24582,8.5831,Cu,1.531,29.045,-4.868,7.865,PI-SIDIS,0.25,3.3,0.67,2.0,58.585,37.269,59.752,38.011,59.876,38.09,59.826,38.057,59.819,38.053,0.9971,0.9963,0.9812,0.9496,-1.0,-1.0,-1.0,-1.0,-1.0,1.0,0.99976,0.999581,78.0,29.8333,9.27512,0.527442,0.16398,51.25,0.5,1.0,IN,29350.27461,29346.59239,0.939858,370393.0,687843057.0
24583,8.5831,LD2,1.531,29.045,-4.868,7.865,PI-SIDIS,0.25,3.3,0.67,2.0,19.924,18.933,20.315,19.304,20.364,19.35,20.329,19.318,20.336,19.324,0.9969,0.9966,0.9836,0.9597,-1.0,-1.0,-1.0,-1.0,-1.0,1.0,1.0,0.999557,29.0,10.6667,5.66176,0.548814,0.291305,51.25,0.5,1.006743,IN,1506.09756,1506.45244,0.948634,144770.0,478586060.0
24584,8.5831,LH2,1.531,29.045,-4.868,7.865,PI-SIDIS,0.25,3.3,0.67,2.0,61.433,37.204,62.745,37.999,63.116,38.223,63.039,38.177,63.027,38.169,0.9979,0.9966,0.9819,0.9493,-1.0,-1.0,-1.0,-1.0,-1.0,1.0,0.99976,0.999566,41.0,16.6667,6.71234,0.280467,0.112955,51.25,0.5,1.018585,IN,30836.59908,30832.48192,0.94651,234245.0,750912977.0
24585,8.5831,Dummy,1.531,29.045,-4.868,7.865,PI-SIDIS,0.25,3.3,0.67,2.0,31.188,35.113,31.857,35.866,32.092,36.13,32.035,36.067,32.061,36.096,0.9972,0.9964,0.9851,0.9512,-1.0,-1.0,-1.0,-1.0,-1.0,1.0,0.99993,0.999673,16.0,10.1667,4.11974,0.336474,0.136346,51.25,0.5,1.0,IN,15634.87823,15633.67677,0.951136,84991.0,308644822.0
24587,8.5831,Dummy,1.531,29.045,-4.868,7.865,PI-SIDIS,0.25,3.3,0.67,2.0,23.685,34.557,23.787,34.706,23.734,34.629,23.701,34.581,23.674,34.541,0.9964,0.997,0.9848,0.9507,-1.0,-1.0,-1.0,-1.0,-1.0,1.0,0.99992,0.999673,13.0,9.5,3.68556,0.42164,0.163577,51.25,0.5,1.0,IN,11628.86517,11630.56283,0.94747,64757.0,228371570.0
24588,8.5831,C,1.531,29.045,-4.868,7.865,PI-SIDIS,0.25,3.3,0.67,2.0,55.207,35.732,55.422,35.872,55.449,35.889,55.423,35.872,55.38,35.844,0.9972,0.9965,0.982,0.9502,-1.0,-1.0,-1.0,-1.0,-1.0,1.0,1.0,0.999534,63.0,27.5,8.30161,0.523665,0.158082,51.25,0.5,1.0,IN,27256.29053,27257.93547,0.94412,280638.0,809512414.0
24589,8.5831,C,1.531,29.045,-3.632,7.865,PI-SIDIS,0.25,3.3,0.5,2.0,55.76,23.934,56.02,24.045,56.069,24.067,55.963,24.021,55.866,23.979,0.9971,0.9969,0.9829,0.9709,-1.0,-1.0,-1.0,-1.0,-1.0,1.0,0.99986,0.999525,131.0,35.0,12.1244,0.645467,0.223596,51.25,0.5,1.0,IN,20539.62376,20541.32124,0.945213,277250.0,588446389.0
24590,8.5831,C,1.531,29.045,-3.632,7.865,PI-SIDIS,0.25,3.3,0.5,2.0,59.129,24.832,59.39,24.942,59.136,24.835,59.063,24.805,58.958,24.761,0.9965,0.9971,0.9822,0.9703,-1.0,-1.0,-1.0,-1.0,-1.0,1.0,0.99986,0.999521,150.0,53.1667,12.8895,0.925984,0.224491,51.25,0.5,1.0,IN,29198.91165,29201.51035,0.943223,295675.0,623624171.0
24591,8.5831,LD2,1.531,29.045,-3.632,7.865,PI-SIDIS,0.25,3.3,0.5,2.0,35.798,15.299,36.008,15.389,36.072,15.416,36.034,15.4,36.03,15.398,0.9976,0.997,0.9822,0.9716,-1.0,-1.0,-1.0,-1.0,-1.0,1.0,0.99986,0.999521,152.0,61.5,12.9261,1.76235,0.37041,51.25,0.5,1.005375,IN,17716.49842,17718.96658,0.94971,253271.0,597553891.0
24592,8.5831,LD2,1.531,29.045,-3.632,7.865,PI-SIDIS,0.25,3.3,0.5,2.0,32.629,14.772,32.83,14.863,32.748,14.825,32.699,14.803,32.631,14.773,0.9972,0.9971,0.9829,0.9719,-1.0,-1.0,-1.0,-1.0,-1.0,1.0,0.99984,0.999523,122.0,36.3333,11.6738,1.14208,0.366948,51.25,0.5,1.005192,IN,12683.00531,12682.65969,0.946693,231084.0,544559665.0
24593,8.5831,LH2,1.531,29.045,-3.632,7.865,PI-SIDIS,0.25,3.3,0.5,2.0,58.226,28.331,58.458,28.444,58.524,28.476,58.47,28.449,58.419,28.425,0.9978,0.997,0.982,0.9706,-1.0,-1.0,-1.0,-1.0,-1.0,1.0,0.99984,0.999565,96.0,31.8333,10.3293,0.562374,0.18248,51.25,0.5,1.013248,IN,9719.31299,9719.75001,0.947276,214940.0,488496065.0
24594,8.5831,LH2,1.531,29.045,-3.632,7.865,PI-SIDIS,0.25,3.3,0.5,2.0,69.051,29.481,69.325,29.598,69.459,29.655,69.386,29.624,69.283,29.58,0.9978,0.9966,0.982,0.9699,-1.0,-1.0,-1.0,-1.0,-1.0,1.0,0.99997,0.99956,105.0,38.1667,10.7768,0.568902,0.160636,51.25,0.5,1.013691,IN,34084.59127,34082.33073,0.948102,253431.0,581875094.0
24595,8.5831,Dummy,1.531,29.045,-3.632,7.865,PI-SIDIS,0.25,3.3,0.5,2.0,69.228,31.243,69.504,31.368,69.288,31.27,69.213,31.236,69.119,31.194,0.9984,0.9966,0.9829,0.9714,-1.0,-1.0,-1.0,-1.0,-1.0,1.0,0.9999,0.999588,95.0,43.8333,10.1749,0.650331,0.150959,51.25,0.5,1.0,IN,31199.73244,31200.77756,0.944593,184800.0,479492143.0
24596,8.5831,Cu,1.531,29.045,-3.632,7.865,PI-SIDIS,0.25,3.3,0.5,2.0,67.448,30.096,67.702,30.209,67.901,30.298,67.849,30.275,67.806,30.255,0.9987,0.9964,0.9814,0.9689,-1.0,-1.0,-1.0,-1.0,-1.0,1.0,0.99985,0.999516,207.0,44.0,15.3025,0.671741,0.233621,51.25,0.5,1.0,IN,2242.20929,2242.53071,0.941465,419209.0,606098402.0
24597,8.5831,Cu,1.531,29.045,-3.632,7.865,PI-SIDIS,0.25,3.3,0.5,2.0,66.526,29.022,66.791,29.137,66.79,29.136,66.721,29.107,66.597,29.052,0.9977,0.9963,0.9808,0.9678,-1.0,-1.0,-1.0,-1.0,-1.0,1.0,0.99983,0.999519,221.0,67.8333,15.7012,1.052,0.243503,51.25,0.5,1.0,IN,8247.20635,8247.84865,0.940335,414079.0,596766650.0
24598,8.5831,LH2,1.531,29.045,-2.615,7.865,PI-SIDIS,0.25,3.3,0.36,2.0,56.816,19.025,57.088,19.116,57.089,19.117,56.984,19.082,56.978,19.08,0.9965,0.9969,0.9834,0.9713,-1.0,-1.0,-1.0,-1.0,-1.0,1.0,0.99989,0.999567,127.0,43.6667,11.8697,0.790353,0.214837,51.25,0.5,1.007495,IN,28046.84882,28049.53918,0.950484,207295.0,370424646.0
24599,8.5831,LH2,1.531,29.045,-2.615,7.865,PI-SIDIS,0.25,3.3,0.36,2.0,57.507,20.14,57.771,20.233,57.865,20.266,57.772,20.233,57.712,20.212,0.9972,0.9968,0.9825,0.9711,-1.0,-1.0,-1.0,-1.0,-1.0,1.0,0.99993,0.999565,115.0,25.6667,11.3969,0.458823,0.203733,51.25,0.5,1.008027,IN,3248.74626,3249.38774,0.951731,208859.0,377295372.0
24600,8.5831,Dummy,1.531,29.045,-2.615,7.865,PI-SIDIS,0.25,3.3,0.36,2.0,72.569,24.406,72.868,24.507,72.725,24.459,72.649,24.433,72.553,24.401,0.9966,0.9965,0.9815,0.9701,-1.0,-1.0,-1.0,-1.0,-1.0,1.0,0.9999,0.999501,151.0,41.8333,13.0075,0.593869,0.184655,51.25,0.5,1.0,IN,23364.46893,23368.54907,0.947163,192867.0,399454589.0
24601,8.5831,Dummy,1.531,29.045,3.632,7.865,PI+SIDIS,0.25,3.3,0.5,2.0,91.404,37.943,91.75,38.087,91.835,38.122,91.731,38.079,91.482,37.976,0.9962,0.9959,0.9767,0.9648,-1.0,-1.0,-1.0,-1.0,-1.0,1.0,0.99988,0.999551,127.0,38.5,11.9059,0.436638,0.135027,51.25,0.5,1.0,IN,45131.27918,45135.32982,0.940661,242598.0,27891767.0
24602,8.5831,LD2,1.531,29.045,3.632,7.865,PI+SIDIS,0.25,3.3,0.5,2.0,34.558,15.106,34.755,15.192,34.742,15.186,34.718,15.176,34.683,15.161,0.9982,0.9963,0.979,0.9677,-1.0,-1.0,-1.0,-1.0,-1.0,1.0,0.99987,0.99953,165.0,59.6667,13.5113,1.77751,0.40251,51.25,0.5,1.005307,IN,15754.71211,15757.42289,0.946749,242556.0,23910194.0
24603,8.5831,LH2,1.531,29.045,3.632,7.865,PI+SIDIS,0.25,3.3,0.5,2.0,73.983,29.484,74.26,29.594,74.589,29.726,74.512,29.695,74.424,29.66,0.9974,0.9961,0.977,0.9654,-1.0,-1.0,-1.0,-1.0,-1.0,1.0,0.99984,0.999536,144.0,50.0,12.6359,0.69937,0.176744,51.25,0.5,1.013322,IN,36501.36762,36499.03238,0.946951,269122.0,30307560.0
24604,8.5831,C,1.531,29.045,3.632,7.865,PI+SIDIS,0.25,3.3,0.5,2.0,57.387,25.187,57.623,25.29,57.918,25.42,57.819,25.376,57.754,25.348,0.9972,0.996,0.9772,0.9651,-1.0,-1.0,-1.0,-1.0,-1.0,1.0,0.99982,0.99952,171.0,48.3333,13.8363,0.871716,0.249545,51.25,0.5,1.0,IN,20043.66162,20046.60538,0.944029,281948.0,26065169.0
24605,8.5831,Cu,1.531,29.045,3.632,7.865,PI+SIDIS,0.25,3.3,0.5,2.0,70.052,29.726,70.315,29.838,70.085,29.74,70.026,29.715,69.789,29.615,0.9979,0.996,0.9766,0.9622,-1.0,-1.0,-1.0,-1.0,-1.0,1.0,0.99983,0.999525,249.0,66.0,16.7183,0.977728,0.247665,51.25,0.5,1.0,IN,34572.92087,34574.45813,0.937532,435012.0,41991713.0
24606,8.5831,Cu,1.531,29.045,2.615,7.865,PI+SIDIS,0.25,3.3,0.36,2.0,41.599,13.904,41.848,13.987,41.823,13.978,41.784,13.965,41.736,13.949,0.9976,0.997,0.9772,0.9671,-1.0,-1.0,-1.0,-1.0,-1.0,1.0,0.99992,0.999543,216.0,56.3333,15.576,1.39539,0.385821,51.25,0.5,1.0,IN,20573.97517,20574.00883,0.948175,255789.0,32813645.0
24607,8.5831,C,1.531,29.045,2.615,7.865,PI+SIDIS,0.25,3.3,0.36,2.0,36.213,12.054,36.463,12.137,36.553,12.167,36.495,12.148,36.464,12.138,0.999,0.997,0.9808,0.9683,-1.0,-1.0,-1.0,-1.0,-1.0,1.0,0.99994,0.99956,139.0,44.6667,12.4387,1.26644,0.352677,51.25,0.5,1.0,IN,17937.62956,17935.30644,0.950768,177822.0,26014074.0
24608,8.5831,Dummy,1.531,29.045,2.615,7.865,PI+SIDIS,0.25,3.3,0.36,2.0,57.506,19.442,57.775,19.533,57.69,19.504,57.575,19.465,57.448,19.422,0.9982,0.9968,0.9776,0.9674,-1.0,-1.0,-1.0,-1.0,-1.0,1.0,0.99994,0.999535,95.0,22.3333,10.3494,0.400328,0.185515,51.25,0.5,1.0,IN,28420.13395,28421.15505,0.947277,150381.0,29758871.0
24609,8.5831,LH2,1.531,29.045,2.615,7.865,PI+SIDIS,0.25,3.3,0.36,2.0,44.745,15.571,44.987,15.655,44.952,15.643,44.881,15.618,44.866,15.613,0.9968,0.997,0.9759,0.9669,-1.0,-1.0,-1.0,-1.0,-1.0,1.0,0.99992,0.999556,108.0,36.8333,10.9481,0.849567,0.25252,51.25,0.5,1.005625,IN,22151.69435,22156.06865,0.950594,162646.0,29286368.0
24610,8.5831,LD2,1.531,29.045,2.615,7.865,PI+SIDIS,0.25,3.3,0.36,2.0,23.244,7.982,23.484,8.064,23.504,8.071,23.496,8.068,23.463,8.057,0.9964,0.9971,0.9782,0.9684,-1.0,-1.0,-1.0,-1.0,-1.0,1.0,0.99994,0.999545,126.0,48.1667,11.7886,2.12574,0.520269,51.25,0.5,1.002817,IN,11568.4355,11570.3555,0.952238,162054.0,26613175.0
24611,8.5831,LD2,-1.531,29.045,3.632,11.075,PI+SIDIS,0.25,3.3,0.5,5.2,6.671,33.175,6.696,33.299,6.714,33.389,6.7,33.32,6.691,33.275,0.9992,0.9971,0.9784,0.9623,-1.0,-1.0,-1.0,-1.0,-1.0,1.0,0.9996,0.999544,477.0,322.0,22.4239,50.0325,3.48425,51.2246,0.335207,1.011631,IN,3218.7053,3217.8097,0.950427,262271.0,1785115.0
24612,8.5831,LD2,-1.531,29.045,3.632,11.075,PI+SIDIS,0.25,3.3,0.5,5.2,69.391,38.525,69.631,38.658,70.007,38.867,69.929,38.824,69.877,38.795,0.9997,0.9962,0.9767,0.9626,-1.0,-1.0,-1.0,-1.0,-1.0,1.0,0.99967,0.999539,4841.0,3231.67,71.4788,48.2451,1.0671,51.2159,0.353509,1.013503,IN,34222.09513,34226.92987,0.951228,2726607.0,18653501.0
24613,8.5831,LD2,-1.531,29.045,3.632,11.075,PI+SIDIS,0.25,3.3,0.5,5.2,68.188,37.643,68.435,37.779,68.777,37.968,68.681,37.915,68.59,37.865,0.9995,0.9965,0.9766,0.9623,-1.0,-1.0,-1.0,-1.0,-1.0,1.0,0.99965,0.999541,4775.0,3206.33,70.9679,48.7294,1.07856,51.2249,0.35079,1.013196,IN,33613.88393,33613.79607,0.950747,2683098.0,18020584.0
24614,8.5831,LD2,-1.531,29.045,3.632,11.075,PI+SIDIS,0.25,3.3,0.5,5.2,65.288,36.186,65.53,36.32,65.467,36.285,65.381,36.237,65.197,36.135,0.9996,0.9966,0.9765,0.9624,-1.0,-1.0,-1.0,-1.0,-1.0,1.0,0.99964,0.999544,4657.0,3154.67,70.0528,50.0597,1.11163,51.2536,0.347341,1.012687,IN,32187.11341,32187.82559,0.947998,2572094.0,17101746.0
24615,8.5831,LD2,-1.531,29.045,3.632,11.075,PI+SIDIS,0.25,3.3,0.5,5.2,67.008,38.406,67.239,38.539,67.299,38.573,67.248,38.544,67.154,38.49,0.9996,0.9963,0.9773,0.962,-1.0,-1.0,-1.0,-1.0,-1.0,1.0,1.0,0.999539,4626.0,3075.5,69.8886,47.5656,1.0809,51.2254,0.357729,1.013462,IN,21556.06812,21557.47588,0.94943,2644528.0,17682839.0
24616,8.5831,LD2,-1.531,29.045,3.632,11.075,PI+SIDIS,0.25,3.3,0.5,5.2,66.555,39.366,66.783,39.502,67.084,39.68,67.026,39.645,66.95,39.601,0.9996,0.9964,0.9765,0.9622,-1.0,-1.0,-1.0,-1.0,-1.0,1.0,0.99962,0.999537,4588.0,3036.0,69.618,47.2834,1.08425,51.2214,0.345083,1.013798,IN,26645.83296,26649.02804,0.950573,2626448.0,17684222.0
24617,8.5831,LD2,-1.531,29.045,3.632,11.075,PI+SIDIS,0.25,3.3,0.5,5.2,68.022,39.381,68.262,39.52,68.619,39.726,68.541,39.682,68.426,39.615,0.9996,0.9961,0.9769,0.9622,-1.0,-1.0,-1.0,-1.0,-1.0,1.0,0.99963,0.999537,4812.0,3189.83,71.2907,48.6026,1.08624,51.2219,0.348838,1.013804,IN,29849.46059,29851.50241,0.95073,2684602.0,18112319.0
24618,8.5831,LD2,-1.531,29.045,3.632,11.075,PI+SIDIS,0.25,3.3,0.5,5.2,60.469,38.905,60.685,39.044,60.591,38.983,60.541,38.951,60.357,38.833,0.9996,0.9964,0.9779,0.9626,-1.0,-1.0,-1.0,-1.0,-1.0,1.0,0.99967,0.99954,4202.0,2804.33,66.5954,48.0417,1.14086,51.2527,0.343092,1.013638,IN,8971.07916,8971.42784,0.94791,2381564.0,15943778.0
24619,8.5831,LD2,-1.531,29.045,3.632,11.075,PI+SIDIS,0.25,3.3,0.5,5.2,-999,-999,-999,-999,-999,-999,-999,-999,-999,-999,-999,-999,-999,-999,-999,-999,-999,-999,-999,-999,-999,-999,-999,-999,-999,-999,-999,-999,-999,-999,IN,-999,-999,0.955936,-999,-999
24620,8.5831,LD2,-1.531,29.045,3.632,11.075,PI+SIDIS,0.25,3.3,0.5,5.2,2.867,27.613,2.877,27.712,2.882,27.763,2.88,27.745,2.878,27.724,0.999,0.9963,0.9847,0.9668,-1.0,-1.0,-1.0,-1.0,-1.0,1.0,0.99972,0.999684,178.0,130.333,13.6361,46.9175,4.90875,51.1704,0.312267,1.00968,IN,1376.50881,1376.31419,0.956564,112896.0,616785.0
24621,8.5831,LD2,-1.531,29.045,3.632,11.075,PI+SIDIS,0.25,3.3,0.5,5.2,45.735,27.096,45.9,27.193,45.925,27.208,45.899,27.192,45.843,27.159,0.9995,0.9955,0.9815,0.9667,-1.0,-1.0,-1.0,-1.0,-1.0,1.0,0.99984,0.999687,2872.0,2130.83,54.7314,48.054,1.23429,51.2218,0.339685,1.009499,OUT,14556.3637,14563.3413,0.956246,1792226.0,9218490.0
24622,8.5831,LD2,-1.531,29.045,3.632,11.075,PI+SIDIS,0.25,3.3,0.5,5.2,21.941,12.774,22.084,12.858,22.155,12.899,22.125,12.882,22.103,12.869,0.9998,0.9966,0.9841,0.9729,-1.0,-1.0,-1.0,-1.0,-1.0,1.0,0.99993,0.999849,1278.0,1101.0,36.1594,51.2578,1.68342,51.2147,0.343985,1.004491,OUT,839.92766,840.85334,0.965161,861311.0,3165559.0
24625,8.5831,LD2,-1.531,29.045,3.632,11.075,SHMSDIS,0.25,3.3,0.5,5.2,34084.943,37.711,34198.485,37.836,34371.178,38.027,34335.708,37.988,34295.943,37.944,-999,-999,0.9746,0.9599,-1.0,33.0,-1.0,-1.0,-1.0,-1.0,0.99872,0.954041,-999,-999,-999,-18272.1,-42.5338,-999,-999,1.013216,OUT,-999,-999,-999,1333736.0,9070320.0
24626,8.5831,LD2,-1.531,29.045,3.632,11.075,HMSDIS,0.25,3.3,0.5,5.2,29998.55,38.201,30100.099,38.33,30273.727,38.551,30240.778,38.509,30184.863,38.438,0.9996,0.9958,-999,-999,-1.0,-1.0,-1.0,3.0,-1.0,-1.0,0.99904,0.954301,-999,-999,-999,25.4727,0.0504208,-999,-999,1.013389,OUT,-999,-999,-999,1174273.0,7921802.0
24627,8.5831,LH2,-1.531,29.045,3.632,11.075,PI+SIDIS,0.25,3.3,0.5,5.2,64.983,43.168,65.235,43.335,65.22,43.325,65.142,43.273,65.001,43.179,0.9997,0.9968,0.9809,0.9682,-1.0,-1.0,-1.0,-1.0,-1.0,1.0,0.99989,0.999724,2234.0,1746.83,48.1165,27.6685,0.762128,51.264,0.345856,1.021033,OUT,3387.90062,3389.10438,0.957209,1312347.0,7193527.0
24628,8.5831,LH2,-1.531,29.045,3.632,11.075,PI+SIDIS,0.25,3.3,0.5,5.2,80.787,46.264,81.085,46.435,81.459,46.649,81.387,46.608,81.297,46.556,0.9997,0.9968,0.9796,0.9674,-1.0,-1.0,-1.0,-1.0,1.0,-1.0,0.99886,0.999721,2822.0,2276.5,53.9714,29.0634,0.689037,51.229,0.353586,1.02241,OUT,39857.9072,39875.0348,0.936837,1629274.0,8964212.0
24629,8.5831,LH2,-1.531,29.045,3.632,11.075,PI+SIDIS,0.25,3.3,0.5,5.2,70.985,42.029,71.262,42.193,71.826,42.527,71.708,42.456,71.576,42.379,0.9997,0.9964,0.9815,0.9675,-1.0,-1.0,-1.0,-1.0,-1.0,1.0,1.0,0.999727,2455.0,1924.0,50.4331,27.9143,0.731707,51.2105,0.347454,1.019726,OUT,647.64874,646.80926,0.958663,1433397.0,7794101.0
24630,8.5831,LH2,-1.531,29.045,3.632,11.075,PI+SIDIS,0.25,3.3,0.5,5.2,62.934,44.226,63.182,44.4,63.276,44.466,63.192,44.407,62.95,44.237,0.9998,0.9968,0.979,0.9675,-1.0,-1.0,-1.0,-1.0,-1.0,1.0,0.9999,0.999725,2222.0,1735.17,47.991,28.3941,0.78532,51.2527,0.339999,1.021333,OUT,794.53034,794.40466,0.956936,1269445.0,6938603.0
24631,8.5831,LH2,-1.531,29.045,3.632,11.075,PI+SIDIS,0.25,3.3,0.5,5.2,82.774,46.996,83.093,47.178,83.029,47.141,82.953,47.098,82.708,46.959,0.9996,0.9966,0.9793,0.9673,-1.0,-1.0,-1.0,-1.0,-1.0,1.0,0.99991,0.999719,2867.0,2229.0,54.5283,27.7459,0.67875,51.2613,0.329077,1.024792,OUT,35844.66055,35853.33045,0.95751,1665553.0,9113805.0
24632,8.5831,LH2,-1.531,29.045,3.632,11.075,PI+SIDIS,0.25,3.3,0.5,5.2,81.785,48.153,82.083,48.329,82.396,48.513,82.343,48.482,82.264,48.435,0.9996,0.9968,0.9801,0.967,-1.0,-1.0,-1.0,-1.0,-1.0,1.0,0.99992,0.999721,2872.0,2238.5,54.5672,28.2155,0.687801,51.2269,0.353957,1.027656,OUT,28968.7137,28962.4883,0.95853,1643504.0,8986013.0
24633,8.5831,LH2,-1.531,29.045,3.632,11.075,PI+SIDIS,0.25,3.3,0.5,5.2,23.717,48.803,23.804,48.982,23.953,49.287,23.937,49.255,23.914,49.207,0.9995,0.9966,0.9748,0.9669,-1.0,-1.0,-1.0,-1.0,-1.0,1.0,0.99989,0.999719,844.0,665.333,29.5597,28.9251,1.2851,51.216,0.339454,1.027595,OUT,11656.20791,11655.62709,0.95863,476310.0,2618625.0
24634,8.5831,LH2,-1.531,29.045,3.632,11.075,PI+SIDIS,0.25,3.3,0.5,5.2,77.548,46.705,77.851,46.887,77.956,46.951,77.87,46.899,77.668,46.778,0.9996,0.9966,0.979,0.9671,-1.0,-1.0,-1.0,-1.0,-1.0,1.0,1.0,0.999721,2716.0,2120.33,53.0592,28.1736,0.705016,51.2603,0.338492,1.025815,OUT,7571.56163,7572.86337,0.956762,1561866.0,8649660.0
24635,8.5831,LH2,-1.531,29.045,3.632,11.075,PI+SIDIS,0.25,3.3,0.5,5.2,51.819,30.566,52.001,30.673,51.957,30.648,51.924,30.628,51.848,30.584,0.9998,0.9965,0.9824,0.9694,-1.0,-1.0,-1.0,-1.0,-1.0,1.0,1.0,0.999812,1691.0,1416.0,41.6753,28.0954,0.826897,51.2326,0.33733,1.014034,OUT,14416.51797,14415.82703,0.962786,1053159.0,4657757.0
24636,8.5831,LH2,-1.531,29.045,3.632,11.075,PI+SIDIS,0.25,3.3,0.5,5.2,33.705,15.842,33.884,15.926,33.943,15.954,33.899,15.933,33.888,15.928,0.9998,0.9973,0.9845,0.9735,-1.0,-1.0,-1.0,-1.0,-1.0,1.0,0.99998,0.999906,1066.0,972.667,32.887,29.4937,0.997216,51.2188,0.33622,1.005938,OUT,6937.70367,6937.01133,0.969885,691120.0,2254938.0
24637,8.5831,LH2,-1.531,29.045,3.632,11.075,HMSDIS,0.25,3.3,0.5,5.2,49991.266,48.829,50185.573,49.019,50431.503,49.259,50378.33,49.207,50227.46,49.06,0.9996,0.9963,-999,-999,-1.0,-1.0,-1.0,2.0,-1.0,-1.0,0.99961,0.971853,-999,-999,-999,13.3368,0.0230634,-999,-999,1.025989,OUT,-999,-999,-999,1008744.0,5648498.0
24640,8.5831,LH2,-1.531,29.045,3.632,11.075,SHMSDIS,0.25,3.3,0.5,5.2,41659.035,43.974,41838.984,44.164,42162.885,44.506,42091.916,44.431,42077.093,44.415,-999,-999,0.9788,0.9678,-1.0,33.0,-1.0,-1.0,-1.0,-1.0,0.99993,0.972401,-999,-999,-999,-8222.6,-25.7409,-999,-999,1.024487,OUT,-999,-999,-999,836261.0,4356406.0
24641,8.5831,Dummy,-1.531,29.045,3.632,11.075,PI+SIDIS,0.25,3.3,0.5,5.2,52.841,34.414,53.051,34.551,52.916,34.463,52.856,34.423,52.773,34.37,0.9999,0.9965,0.9847,0.9688,-1.0,-1.0,-1.0,-1.0,-1.0,1.0,0.99996,0.99985,949.0,805.333,31.1921,15.6715,0.606985,51.2734,0.328301,1.0,OUT,2826.38705,2826.06095,0.959383,776732.0,2910525.0
24642,8.5831,Dummy,-1.531,29.045,3.632,11.075,PI+SIDIS,0.25,3.3,0.5,5.2,72.465,39.897,72.726,40.041,72.68,40.015,72.635,39.991,72.657,40.003,0.9998,0.9973,0.983,0.9686,-1.0,-1.0,-1.0,-1.0,-1.0,1.0,0.99996,0.999844,1284.0,1076.33,36.3127,15.2834,0.515621,51.2459,0.330962,1.0,OUT,35752.84526,35752.04474,0.959248,1065801.0,4142455.0
24643,8.5831,Dummy,-1.531,29.045,3.632,11.075,PI+SIDIS,0.25,3.3,0.5,5.2,56.126,36.049,56.333,36.183,56.574,36.337,56.51,36.296,56.549,36.321,0.9999,0.9969,0.9834,0.9694,-1.0,-1.0,-1.0,-1.0,-1.0,1.0,0.99997,0.999848,978.0,825.833,31.6759,15.1246,0.580121,51.224,0.357161,1.0,OUT,2336.89942,2336.67558,0.96052,825648.0,3197409.0
24644,8.5831,Dummy,-1.531,29.045,3.632,11.075,HMSDIS,0.25,3.3,0.5,5.2,33242.97,38.504,33365.613,38.646,33565.923,38.878,33530.874,38.838,33539.288,38.847,0.9997,0.9969,-999,-999,-1.0,-1.0,-1.0,1.0,-1.0,-1.0,0.99599,0.984682,-999,-999,-999,9.58552,0.0169862,-999,-999,1.0,OUT,-999,-999,-999,486731.0,1912289.0
24645,8.5831,Dummy,-1.531,29.045,3.632,11.075,SHMSDIS,0.25,3.3,0.5,5.2,30703.607,33.965,30825.764,34.1,30943.596,34.23,30886.647,34.167,30850.267,34.127,-999,-999,0.9823,0.972,-1.0,17.0,-1.0,-1.0,-1.0,-1.0,1.0,0.984895,-999,-999,-999,-4430.08,-15.7707,-999,-999,1.0,OUT,-999,-999,-999,451146.0,1752703.0
24646,8.5831,C,-1.531,29.045,3.632,11.075,PI+SIDIS,0.25,3.3,0.5,5.2,80.255,41.806,80.579,41.975,80.613,41.992,80.504,41.935,80.466,41.916,0.9997,0.9968,0.978,0.9655,-1.0,-1.0,-1.0,-1.0,-1.0,1.0,0.99985,0.999698,3158.0,2353.0,57.3774,30.2582,0.73784,51.2542,0.335672,1.0,OUT,1011.7053,1011.6507,0.953644,2151099.0,9833048.0
24647,8.5831,C,-1.531,29.045,3.632,11.075,PI+SIDIS,0.25,3.3,0.5,5.2,79.173,41.012,79.485,41.174,79.963,41.422,79.828,41.352,79.922,41.4,0.9996,0.9972,0.9821,0.9652,-1.0,-1.0,-1.0,-1.0,-1.0,1.0,0.99986,0.999697,3169.0,2367.33,57.4683,30.8738,0.749478,51.2275,0.324961,1.0,OUT,7042.29821,7041.92879,0.954972,2119036.0,9723606.0
24648,8.5831,C,-1.531,29.045,3.632,11.075,PI+SIDIS,0.25,3.3,0.5,5.2,68.415,42.65,68.69,42.821,69.159,43.114,69.057,43.05,69.089,43.07,0.9997,0.9968,0.9795,0.9647,-1.0,-1.0,-1.0,-1.0,-1.0,1.0,0.99986,0.999699,2706.0,2023.67,53.1011,30.5524,0.801696,51.2287,0.33709,1.0,OUT,7054.39692,7057.05808,0.955549,1835979.0,8377805.0
24649,8.5831,C,-1.531,29.045,3.632,11.075,PI+SIDIS,0.25,3.3,0.5,5.2,72.438,43.748,72.735,43.928,72.823,43.981,72.724,43.921,72.652,43.878,0.9996,0.9969,0.9785,0.9659,-1.0,-1.0,-1.0,-1.0,-1.0,1.0,0.99983,0.999695,2881.0,2130.0,54.8285,30.3356,0.780872,51.2673,0.341858,1.0,OUT,5491.5064,5492.0016,0.952631,1945038.0,8868973.0
24650,8.5831,C,-1.531,29.045,3.632,11.075,PI+SIDIS,0.25,3.3,0.5,5.2,72.8,44.508,73.087,44.684,73.174,44.737,73.109,44.697,73.152,44.723,0.9997,0.9967,0.9785,0.9658,-1.0,-1.0,-1.0,-1.0,-1.0,1.0,0.99984,0.999696,2945.0,2197.17,55.4043,31.1413,0.785267,51.2564,0.339433,1.0,OUT,28768.02882,28768.75018,0.953756,1952058.0,8881547.0
24651,8.5831,C,-1.531,29.045,3.632,11.075,PI+SIDIS,0.25,3.3,0.5,5.2,38.928,22.808,39.089,22.902,39.189,22.96,39.128,22.925,39.188,22.96,0.9997,0.997,0.9854,0.9717,-1.0,-1.0,-1.0,-1.0,-1.0,1.0,1.0,0.999847,1357.0,1153.83,37.2943,30.3869,0.982167,51.2305,0.345671,1.0,OUT,19215.02626,19215.77874,0.96171,1035660.0,3324341.0
24652,8.5831,C,-1.531,29.045,3.632,11.075,HMSDIS,0.25,3.3,0.5,5.2,38519.681,45.811,38671.508,45.991,38999.265,46.381,38945.885,46.317,38995.935,46.377,0.9996,0.9967,-999,-999,-1.0,-1.0,-1.0,3.0,-1.0,-1.0,0.99909,0.969369,-999,-999,-999,17.4904,0.0368596,-999,-999,1.0,OUT,-999,-999,-999,1032207.0,4803230.0
24653,8.5831,C,-1.531,29.045,3.632,11.075,SHMSDIS,0.25,3.3,0.5,5.2,42033.073,48.915,42198.201,49.107,42443.609,49.393,42392.981,49.334,42368.839,49.306,-999,-999,0.9795,0.9659,-1.0,33.0,-1.0,-1.0,-1.0,-1.0,0.99874,0.968777,-999,-999,-999,-8651.44,-26.2816,-999,-999,1.0,OUT,-999,-999,-999,1130431.0,5244036.0
24654,8.5831,Cu,-1.531,29.045,3.632,11.075,PI+SIDIS,0.25,3.3,0.5,5.2,73.811,45.784,74.107,45.968,74.103,45.965,74.03,45.92,73.948,45.869,0.9997,0.997,0.9782,0.9648,-1.0,-1.0,-1.0,-1.0,-1.0,1.0,0.99992,0.999744,1760.0,1238.83,42.9751,17.3333,0.601293,51.2625,0.317304,1.0,OUT,4386.39643,4386.25857,0.952028,1729032.0,7949656.0
24655,8.5831,Cu,-1.531,29.045,3.632,11.075,PI+SIDIS,0.25,3.3,0.5,5.2,78.198,45.346,78.501,45.522,78.835,45.716,78.751,45.667,78.818,45.706,0.9995,0.9968,0.9795,0.9654,-1.0,-1.0,-1.0,-1.0,-1.0,1.0,0.9999,0.999744,1935.0,1410.33,44.9716,18.6209,0.593769,51.2374,0.352757,1.0,OUT,706.02942,705.63558,0.953578,1833575.0,8399401.0
24656,8.5831,Cu,-1.531,29.045,3.632,11.075,PI+SIDIS,0.25,3.3,0.5,5.2,83.719,46.991,84.239,47.283,84.858,47.631,84.754,47.572,84.862,47.633,0.9997,0.9967,0.9806,0.9661,-1.0,-1.0,-1.0,-1.0,-1.0,1.0,0.99989,0.999743,1908.0,1309.5,44.8079,16.0971,0.550804,51.2175,0.330391,1.0,OUT,20565.60684,20566.23216,0.955119,1961300.0,8999390.0
24657,8.5831,Cu,-1.531,29.045,3.632,11.075,PI+SIDIS,0.25,3.3,0.5,5.2,74.774,43.195,75.172,43.425,75.688,43.723,75.561,43.65,75.606,43.676,0.9995,0.9972,0.9791,0.9645,-1.0,-1.0,-1.0,-1.0,-1.0,1.0,1.0,0.999746,1737.0,1197.33,42.7428,16.5224,0.589823,51.2262,0.350995,1.0,OUT,4710.73057,4709.52943,0.954422,1753361.0,7992695.0
24658,8.5831,Cu,-1.531,29.045,3.632,11.075,PI+SIDIS,0.25,3.3,0.5,5.2,78.657,45.334,78.978,45.519,78.928,45.491,78.829,45.434,78.697,45.358,0.9997,0.9964,0.9784,0.9657,-1.0,-1.0,-1.0,-1.0,-1.0,1.0,0.9999,0.999744,1818.0,1258.5,43.7178,16.5074,0.573437,51.2797,0.344044,1.0,OUT,38796.79876,38795.30424,0.952016,1838308.0,8390787.0
24659,8.5831,Cu,-1.531,29.045,3.632,11.075,PI+SIDIS,0.25,3.3,0.5,5.2,85.622,47.617,85.955,47.802,86.074,47.868,86.0,47.827,86.025,47.841,0.9996,0.9968,0.9794,0.9637,-1.0,-1.0,-1.0,-1.0,-1.0,1.0,0.99985,0.999741,2007.0,1386.17,45.9399,16.7434,0.554903,51.253,0.334201,1.0,OUT,42226.59574,42225.00926,0.953419,2000908.0,9171244.0
24660,8.5831,Cu,-1.531,29.045,3.632,11.075,PI+SIDIS,0.25,3.3,0.5,5.2,50.024,48.858,50.212,49.042,50.45,49.273,50.413,49.238,50.449,49.273,0.9997,0.9968,0.9782,0.9648,-1.0,-1.0,-1.0,-1.0,-1.0,1.0,0.99989,0.999741,1191.0,837.5,35.3542,17.295,0.730089,51.2355,0.33152,1.0,OUT,24664.17859,24663.32041,0.955146,1167299.0,5375716.0
24661,8.5831,Cu,-1.531,29.045,3.632,11.075,PI+SIDIS,0.25,3.3,0.5,5.2,78.906,45.92,79.27,46.131,79.86,46.475,79.739,46.404,79.767,46.42,0.9997,0.9966,0.978,0.9648,-1.0,-1.0,-1.0,-1.0,-1.0,1.0,0.9999,0.999742,1761.0,1192.5,43.0784,15.5987,0.563494,51.2214,0.335168,1.0,OUT,25426.84965,25425.69135,0.954966,1848939.0,8594734.0
24662,8.5831,Cu,-1.531,29.045,3.632,11.075,PI+SIDIS,0.25,3.3,0.5,5.2,79.129,44.09,79.501,44.297,79.553,44.326,79.443,44.265,79.357,44.217,0.9996,0.9966,0.9769,0.9656,-1.0,-1.0,-1.0,-1.0,-1.0,1.0,1.0,0.999743,1964.0,1400.33,45.3646,18.2488,0.591181,51.2527,0.324036,1.0,OUT,19285.86099,19286.22401,0.952591,1851657.0,8466871.0
24663,8.5831,Cu,-1.531,29.045,3.632,11.075,HMSDIS,0.25,3.3,0.5,5.2,43796.393,46.789,43966.779,46.971,43981.041,46.986,43942.573,46.945,43950.521,46.953,0.9995,0.9967,-999,-999,-1.0,-1.0,-1.0,2.0,-1.0,-1.0,0.99885,0.974231,-999,-999,-999,15.1975,0.0263146,-999,-999,1.0,OUT,-999,-999,-999,1022825.0,4674794.0
24665,8.5831,Cu,-1.531,29.045,3.632,11.075,SHMSDIS,0.25,3.3,0.5,5.2,47044.293,45.794,47226.272,45.971,47394.387,46.135,47349.156,46.091,47376.055,46.117,-999,-999,0.9791,0.9652,-1.0,33.0,-1.0,-1.0,-1.0,-1.0,0.99961,0.974224,-999,-999,-999,-6766.11,-21.9746,-999,-999,1.0,OUT,-999,-999,-999,1100259.0,5041865.0
24666,8.5831,LD2,-1.531,29.045,3.632,11.075,PI+SIDIS,0.25,3.3,0.5,5.2,91.606,40.891,91.914,41.029,92.343,41.22,92.29,41.197,92.323,41.211,0.9996,0.996,0.9783,0.962,-1.0,-1.0,-1.0,-1.0,-1.0,1.0,0.99964,0.999532,6514.0,4357.83,82.9057,49.3222,0.938331,51.2356,0.339617,1.014331,OUT,45197.08651,45198.34149,0.950602,3582780.0,24348869.0
24667,8.5831,LD2,-1.531,29.045,3.632,11.075,PI+SIDIS,0.25,3.3,0.5,5.2,60.929,37.961,61.147,38.097,61.528,38.334,61.464,38.294,61.509,38.322,0.9995,0.9962,0.977,0.9627,-1.0,-1.0,-1.0,-1.0,-1.0,1.0,1.0,0.999543,4324.0,2900.17,67.5374,49.2917,1.14788,51.2124,0.342508,1.013307,OUT,6082.65168,6082.55032,0.951138,2387390.0,15914513.0
24668,8.5831,LD2,-1.531,29.045,3.632,11.075,PI+SIDIS,0.25,3.3,0.5,5.2,71.015,39.481,71.279,39.627,71.233,39.602,71.197,39.582,71.161,39.562,0.9996,0.9958,0.9759,0.9621,-1.0,-1.0,-1.0,-1.0,-1.0,1.0,1.0,0.999535,5015.0,3375.67,72.7202,49.2438,1.06083,51.2532,0.348091,1.013842,OUT,16523.09256,16523.04544,0.948792,2784003.0,18872507.0
24669,8.5831,LD2,-1.531,29.045,3.632,11.075,PI+SIDIS,0.25,3.3,0.5,5.2,71.629,38.81,71.898,38.955,72.09,39.059,72.043,39.034,72.06,39.043,0.9995,0.9958,0.9758,0.9624,-1.0,-1.0,-1.0,-1.0,-1.0,1.0,0.99962,0.999537,5075.0,3407.67,73.1634,49.291,1.05829,51.2307,0.345259,1.013607,OUT,2173.07745,2172.84655,0.950539,2810567.0,18911855.0
24670,8.5831,LD2,-1.531,29.045,3.632,11.075,PI+SIDIS,0.25,3.3,0.5,5.2,65.096,35.918,65.353,36.059,65.686,36.243,65.615,36.204,65.601,36.197,0.9995,0.9957,0.9756,0.9613,-1.0,-1.0,-1.0,-1.0,-1.0,1.0,0.99965,0.999545,4507.0,2999.83,68.9797,47.7906,1.09892,51.2347,0.343382,1.012595,OUT,22442.88718,22442.88482,0.951014,2554843.0,16970494.0
24671,8.5831,LD2,-1.531,29.045,3.632,11.075,PI+SIDIS,0.25,3.3,0.5,5.2,68.364,39.94,68.624,40.092,69.02,40.323,68.958,40.287,68.994,40.308,0.9995,0.996,0.977,0.9619,-1.0,-1.0,-1.0,-1.0,-1.0,1.0,1.0,0.999537,4729.0,3130.83,70.6779,47.4538,1.07126,51.2184,0.340761,1.014004,OUT,732.81587,732.86813,0.951258,2679961.0,18052064.0
24672,8.5831,LD2,-1.531,29.045,3.632,11.075,PI+SIDIS,0.25,3.3,0.5,5.2,61.827,27.424,62.085,27.539,62.315,27.641,62.255,27.614,62.227,27.602,0.9997,0.9964,0.9801,0.9677,-1.0,-1.0,-1.0,-1.0,-1.0,1.0,0.99984,0.999685,3996.0,3000.83,64.5125,49.9704,1.07427,51.242,0.338823,1.009619,OUT,5184.39053,5184.00547,0.956362,2427748.0,12882924.0
24673,8.5831,LD2,-1.531,29.045,3.632,11.075,PI+SIDIS,0.25,3.3,0.5,5.2,25.718,13.951,25.884,14.04,25.768,13.978,25.747,13.966,25.703,13.943,0.9995,0.9975,0.98,0.9729,-1.0,-1.0,-1.0,-1.0,-1.0,1.0,0.99996,0.999837,1534.0,1315.17,39.6292,52.2538,1.57453,51.2914,0.344108,1.004904,OUT,12755.20319,12754.79981,0.960961,1012727.0,3866261.0
24674,8.5831,LH2,-1.531,29.045,3.632,11.075,PI+SIDIS,0.25,3.3,0.5,5.2,123.208,44.968,123.869,45.21,124.588,45.472,124.39,45.4,124.41,45.407,0.9997,0.9967,0.98,0.966,-1.0,-1.0,-1.0,-1.0,-1.0,1.0,0.99989,0.999686,4433.0,3390.83,67.8726,28.3494,0.567455,51.2382,0.349514,1.024355,OUT,3489.68345,3489.54255,0.955506,2466906.0,14611320.0
24675,8.5831,LH2,-1.531,29.045,3.632,11.075,PI+SIDIS,0.25,3.3,0.5,5.2,97.125,50.282,97.613,50.535,98.408,50.946,98.276,50.878,98.254,50.867,0.9997,0.9968,0.9761,0.9672,-1.0,-1.0,-1.0,-1.0,-1.0,1.0,0.99984,0.999689,3467.0,2635.0,60.0472,27.9225,0.636307,51.2405,0.340982,1.028594,OUT,46935.27334,46929.96466,0.956099,1948042.0,11379946.0
24676,8.5831,LH2,-1.531,29.045,3.632,11.075,PI+SIDIS,0.25,3.3,0.5,5.2,80.587,49.057,80.994,49.304,81.755,49.768,81.621,49.686,81.642,49.699,0.9996,0.9969,0.9774,0.9682,-1.0,-1.0,-1.0,-1.0,-1.0,1.0,0.99987,0.999692,2910.0,2221.33,54.998,28.3417,0.701711,51.2154,0.345026,1.027523,OUT,10893.58726,10893.89874,0.956738,1619453.0,9407049.0
24677,8.5831,LH2,-1.531,29.045,3.632,11.075,PI+SIDIS,0.25,3.3,0.5,5.2,90.501,52.167,90.959,52.431,91.876,52.96,91.737,52.879,91.776,52.902,0.9997,0.9971,0.9788,0.9664,-1.0,-1.0,-1.0,-1.0,-1.0,1.0,0.99988,0.999689,3149.0,2399.17,57.2186,27.3048,0.651202,51.2222,0.346105,1.03036,OUT,-0.0,0.0,0.95715,1819445.0,10597437.0
24678,8.5831,LH2,-1.531,29.045,3.632,11.075,PI+SIDIS,0.25,3.3,0.5,5.2,84.862,49.871,85.3,50.128,86.067,50.579,85.923,50.494,85.912,50.488,0.9998,0.9972,0.9786,0.9654,-1.0,-1.0,-1.0,-1.0,-1.0,1.0,0.99988,0.999691,3010.0,2304.83,55.9243,27.9977,0.679334,51.2259,0.344112,1.028315,OUT,41900.75948,41900.04052,0.956309,1704403.0,9877918.0
24679,8.5831,LH2,-1.531,29.045,3.632,11.075,PI+SIDIS,0.25,3.3,0.5,5.2,78.266,46.971,78.667,47.212,78.765,47.271,78.662,47.209,78.507,47.116,0.9997,0.997,0.9791,0.9667,-1.0,-1.0,-1.0,-1.0,-1.0,1.0,0.99991,0.999697,2860.0,2227.83,54.4551,29.3068,0.716348,51.2662,0.339908,1.025972,OUT,38625.70419,38624.47281,0.954247,1573583.0,8973888.0
24680,8.5831,LH2,-1.531,29.045,3.632,11.075,PI+SIDIS,0.25,3.3,0.5,5.2,110.55,48.388,111.1,48.629,111.528,48.816,111.395,48.758,111.325,48.727,0.9995,0.9968,0.9803,0.9671,-1.0,-1.0,-1.0,-1.0,-1.0,1.0,0.99989,0.999692,3955.0,3019.17,64.1169,28.1169,0.597108,51.242,0.339714,1.027225,OUT,9110.51167,9112.55133,0.955683,2222723.0,12803631.0
24681,8.5831,LH2,-1.531,29.045,3.632,11.075,PI+SIDIS,0.25,3.3,0.5,5.2,66.424,37.323,66.665,37.458,66.873,37.575,66.853,37.564,66.831,37.551,0.9996,0.9973,0.9807,0.9709,-1.0,-1.0,-1.0,-1.0,-1.0,1.0,0.99994,0.999784,2293.0,1883.17,48.5933,29.1083,0.75111,51.2258,0.329005,1.01838,OUT,32766.65352,32768.16748,0.959665,1357442.0,6378169.0
24682,8.5831,LH2,-1.531,29.045,3.632,11.075,PI+SIDIS,0.25,3.3,0.5,5.2,31.301,17.7,31.466,17.794,31.583,17.86,31.529,17.829,31.555,17.844,0.9999,0.997,0.9864,0.9739,-1.0,-1.0,-1.0,-1.0,-1.0,1.0,0.99998,0.999895,951.0,854.167,31.0989,27.8765,1.01494,51.2023,0.332763,1.006824,OUT,15450.58966,15450.81334,0.967723,645003.0,2180021.0
24683,8.5831,LH2,-1.531,29.045,3.632,11.075,PI+SIDIS,0.25,3.3,0.5,5.2,25.794,52.522,25.923,52.784,26.151,53.248,26.109,53.163,26.104,53.153,0.9995,0.9973,0.9841,0.9678,-1.0,-1.0,-1.0,-1.0,-1.0,1.0,0.99992,0.99969,912.0,685.167,30.8189,27.326,1.22913,51.2291,0.329959,1.029847,OUT,12663.73136,12663.97964,0.955204,520112.0,3078649.0
24684,8.5831,Dummy,-1.531,29.045,3.632,11.075,PI+SIDIS,0.25,3.3,0.5,5.2,64.717,36.797,64.975,36.944,64.803,36.846,64.72,36.799,64.607,36.734,0.9997,0.9973,0.9798,0.9686,-1.0,-1.0,-1.0,-1.0,-1.0,1.0,0.99993,0.999847,1132.0,946.5,34.1016,15.0449,0.542054,51.2619,0.322062,1.0,OUT,31896.33663,31896.06637,0.957344,962214.0,3723226.0
24685,8.5831,Dummy,-1.531,29.045,3.632,11.075,PI+SIDIS,0.25,3.3,0.5,5.2,72.127,39.531,72.394,39.677,72.355,39.656,72.315,39.634,72.316,39.635,0.9997,0.9972,0.9824,0.9686,-1.0,-1.0,-1.0,-1.0,-1.0,1.0,0.99995,0.999846,1210.0,1013.17,35.2534,14.454,0.50293,51.217,0.333047,1.0,OUT,35571.77142,35571.48558,0.958816,1066463.0,4165292.0
24686,8.5831,Dummy,-1.531,29.045,3.632,11.075,PI+SIDIS,0.25,3.3,0.5,5.2,68.953,40.122,69.203,40.268,69.461,40.418,69.424,40.396,69.438,40.404,0.9997,0.9972,0.9837,0.9691,-1.0,-1.0,-1.0,-1.0,-1.0,1.0,0.99996,0.999846,1159.0,963.167,34.5201,14.3666,0.514904,51.2089,0.352005,1.0,OUT,34011.02954,34012.14146,0.960868,1015057.0,3996697.0
24687,8.5831,Cu,-1.531,29.045,3.632,11.075,PI+SIDIS,0.25,3.3,0.5,5.2,78.798,43.79,79.135,43.978,79.721,44.303,79.59,44.23,79.584,44.227,0.9996,0.9969,0.9807,0.9658,-1.0,-1.0,-1.0,-1.0,-1.0,1.0,0.99991,0.999746,1855.0,1308.0,44.1154,17.1225,0.577496,51.2145,0.344493,1.0,OUT,10021.82198,10022.38702,0.954484,1855766.0,8599844.0
24688,8.5831,Cu,-1.531,29.045,3.632,11.075,PI+SIDIS,0.25,3.3,0.5,5.2,86.081,44.693,86.448,44.884,86.504,44.913,86.383,44.85,86.191,44.75,0.9996,0.9969,0.9794,0.9646,-1.0,-1.0,-1.0,-1.0,-1.0,1.0,0.99986,0.999746,2090.0,1503.0,46.7743,18.034,0.56123,51.2691,0.337812,1.0,OUT,42459.0519,42459.2571,0.952308,2018167.0,9203210.0
24690,8.5831,LH2,-1.531,29.045,-3.632,11.075,PI-SIDIS,0.25,3.3,0.5,5.2,88.877,54.555,89.281,54.803,89.531,54.956,89.453,54.908,89.551,54.969,0.9995,0.9969,0.9864,0.9745,-1.0,-1.0,-1.0,-1.0,-1.0,1.0,1.0,0.999787,1662.0,1208.17,41.685,13.8932,0.479354,51.2053,0.343312,1.03395,OUT,41549.9991,41551.5849,0.954181,1777688.0,181175148.0
24691,8.5831,LH2,-1.531,29.045,-3.632,11.075,PI-SIDIS,0.25,3.3,0.5,5.2,93.718,53.037,94.149,53.281,94.917,53.716,94.792,53.645,94.998,53.762,0.9996,0.9968,0.9855,0.9759,-1.0,-1.0,-1.0,-1.0,1.0,-1.0,0.99884,0.999789,1764.0,1336.83,42.8392,14.5725,0.46698,51.1821,0.341178,1.032701,OUT,46271.6104,46269.3096,0.932493,1871811.0,191008647.0
24692,8.5831,LH2,-1.531,29.045,-3.632,11.075,PI-SIDIS,0.25,3.3,0.5,5.2,81.429,50.199,81.811,50.434,82.137,50.636,82.006,50.555,81.97,50.532,0.9997,0.9965,0.9853,0.9758,-1.0,-1.0,-1.0,-1.0,-1.0,1.0,0.99994,0.999792,1544.0,1141.83,40.1376,14.3083,0.502963,51.2253,0.352073,1.029983,OUT,14987.23057,14987.39043,0.954924,1628793.0,165929296.0
24693,8.5831,LH2,-1.531,29.045,-3.632,11.075,PI-SIDIS,0.25,3.3,0.5,5.2,79.518,48.326,79.901,48.559,79.895,48.556,79.782,48.487,79.745,48.464,0.9995,0.997,0.9865,0.9762,-1.0,-1.0,-1.0,-1.0,-1.0,1.0,0.99989,0.999793,1495.0,1090.0,39.5285,13.9829,0.507087,51.2599,0.34012,1.028134,OUT,12729.74649,12729.62051,0.953885,1594049.0,162136664.0
24694,8.5831,LH2,-1.531,29.045,-3.632,11.075,PI-SIDIS,0.25,3.3,0.5,5.2,85.877,47.747,86.267,47.964,86.671,48.188,86.56,48.127,86.73,48.221,0.9996,0.9969,0.9849,0.9751,-1.0,-1.0,-1.0,-1.0,-1.0,1.0,0.99993,0.999793,1626.0,1193.0,41.2088,14.1889,0.490116,51.2221,0.344223,1.027018,OUT,36962.54472,36965.09928,0.955607,1722222.0,175245979.0
24695,8.5831,LH2,-1.531,29.045,-3.632,11.075,PI-SIDIS,0.25,3.3,0.5,5.2,99.665,55.304,100.115,55.554,101.019,56.055,100.887,55.982,101.076,56.087,0.9997,0.9967,0.9847,0.9763,-1.0,-1.0,-1.0,-1.0,-1.0,1.0,0.99991,0.999786,1859.0,1332.67,44.1217,13.6398,0.451584,51.2056,0.358058,1.033795,OUT,49207.43422,49207.92578,0.957102,1995261.0,204263073.0
24696,8.5831,LH2,-1.531,29.045,-3.632,11.075,PI-SIDIS,0.25,3.3,0.5,5.2,8.224,55.08,8.262,55.332,8.332,55.802,8.32,55.719,8.327,55.765,0.9997,0.9974,0.9916,0.9779,-1.0,-1.0,-1.0,-1.0,-1.0,1.0,0.99996,0.999787,160.0,119.0,12.9164,14.7339,1.59923,51.199,0.32194,1.033844,OUT,4013.97353,4014.36347,0.955731,164874.0,17205628.0
24697,8.5831,LH2,-1.531,29.045,-3.632,11.075,PI-SIDIS,0.25,3.3,0.5,5.2,90.599,51.2,91.018,51.437,91.392,51.648,91.256,51.571,91.258,51.572,0.9997,0.9969,0.985,0.976,-1.0,-1.0,-1.0,-1.0,-1.0,1.0,0.99995,0.999788,1670.0,1202.83,41.8074,13.5451,0.470793,51.2496,0.349329,1.029703,OUT,20158.51562,20159.27438,0.954853,1814344.0,189953793.0
24698,8.5831,LH2,-1.531,29.045,-3.632,11.075,PI-SIDIS,0.25,3.3,0.5,5.2,85.232,48.996,85.616,49.216,85.817,49.332,85.713,49.272,85.79,49.316,0.9996,0.9966,0.9852,0.9745,-1.0,-1.0,-1.0,-1.0,-1.0,1.0,0.99993,0.999791,1554.0,1136.0,40.2947,13.6222,0.483188,51.2504,0.344471,1.027493,OUT,36637.36313,36635.04287,0.95476,1717269.0,178849040.0
24699,8.5831,LH2,-1.531,29.045,-3.632,11.075,PI-SIDIS,0.25,3.3,0.5,5.2,-999,-999,-999,-999,-999,-999,-999,-999,-999,-999,-999,-999,-999,-999,-999,-999,-999,-999,-999,-999,-999,-999,-999,-999,-999,-999,-999,-999,-999,-999,OUT,-999,-999,0.955206,-999,-999
24701,8.5831,LH2,-1.531,29.045,-3.632,11.075,PI-SIDIS,0.25,3.3,0.5,5.2,98.832,46.477,99.314,46.704,100.333,47.182,100.132,47.088,100.187,47.114,0.9996,0.9966,0.9864,0.9745,-1.0,-1.0,-1.0,-1.0,-1.0,1.0,0.99988,0.999791,1799.0,1285.67,43.4115,13.2911,0.448784,51.2249,0.337564,1.025789,OUT,15956.91969,15957.40831,0.955564,1989182.0,207961630.0
24702,8.5831,LH2,-1.531,29.045,-3.632,11.075,PI-SIDIS,0.25,3.3,0.5,5.2,69.659,36.261,69.895,36.384,69.787,36.327,69.768,36.318,69.658,36.26,0.9998,0.9971,0.9868,0.9779,-1.0,-1.0,-1.0,-1.0,-1.0,1.0,0.99995,0.999855,1216.0,978.167,35.435,14.3147,0.518563,51.2529,0.329096,1.017777,OUT,457.89922,457.90978,0.955491,1420702.0,146102663.0
24703,8.5831,LH2,-1.531,29.045,-3.632,11.075,PI-SIDIS,0.25,3.3,0.5,5.2,48.019,18.603,48.241,18.689,48.267,18.699,48.208,18.676,48.263,18.697,0.9996,0.9972,0.9905,0.979,-1.0,-1.0,-1.0,-1.0,-1.0,1.0,1.0,0.999925,787.0,695.833,28.323,14.7394,0.599949,51.2257,0.314548,1.007243,OUT,2300.99973,2300.44827,0.965928,986753.0,100489211.0
24705,8.5831,LH2,-1.531,29.045,-3.632,11.075,HMSDIS,0.25,3.3,0.5,5.2,44665.13,50.832,44870.318,51.066,45245.727,51.493,45201.223,51.442,45209.984,51.452,0.9997,0.9964,-999,-999,-1.0,-1.0,-1.0,2.0,-1.0,-1.0,0.99939,0.979123,-999,-999,-999,13.2315,0.0242962,-999,-999,1.029476,OUT,-999,-999,-999,897534.0,93539669.0
24706,8.5831,LH2,-1.531,29.045,-3.632,11.075,SHMSDIS,0.25,3.3,0.5,5.2,58139.344,50.487,58413.639,50.725,58969.687,51.208,58890.357,51.139,58922.327,51.167,-999,-999,0.9875,0.9613,-1.0,65.0,-1.0,-1.0,-1.0,-1.0,0.99985,0.979037,-999,-999,-999,-114231.0,-113.455,-999,-999,1.029342,OUT,-999,-999,-999,1165669.0,122079731.0
24707,8.5831,Dummy,-1.531,29.045,-3.632,11.075,PI-SIDIS,0.25,3.3,0.5,5.2,69.978,35.267,70.243,35.401,70.683,35.623,70.564,35.562,70.498,35.529,0.9998,0.9968,0.9878,0.9753,-1.0,-1.0,-1.0,-1.0,-1.0,1.0,0.99996,0.999883,750.0,604.833,27.8243,8.83078,0.406245,51.2265,0.336136,1.0,OUT,34455.55207,34459.75593,0.960133,1034077.0,118364834.0
24708,8.5831,Dummy,-1.531,29.045,-3.632,11.075,PI-SIDIS,0.25,3.3,0.5,5.2,70.685,40.427,70.936,40.57,70.795,40.49,70.744,40.461,70.598,40.377,0.9992,0.9966,0.9864,0.9768,-1.0,-1.0,-1.0,-1.0,-1.0,1.0,0.99998,0.999879,797.0,653.167,28.6526,9.43426,0.413855,51.2578,0.318943,1.0,OUT,34855.31231,34858.00069,0.956594,1038796.0,119327621.0
24709,8.5831,Dummy,-1.531,29.045,-3.632,11.075,PI-SIDIS,0.25,3.3,0.5,5.2,72.806,39.085,73.056,39.219,73.069,39.226,73.024,39.202,72.98,39.179,0.9995,0.9959,0.9864,0.9774,-1.0,-1.0,-1.0,-1.0,-1.0,1.0,0.99996,0.999881,833.0,683.833,29.2893,9.582,0.410407,51.2264,0.328168,1.0,OUT,35884.46504,35883.49496,0.958551,1073233.0,122862978.0
24710,8.5831,Dummy,-1.531,29.045,-3.632,11.075,PI-SIDIS,0.25,3.3,0.5,5.2,37.526,20.922,37.685,21.011,37.708,21.024,37.669,21.002,37.687,21.012,0.9994,0.9975,0.9862,0.9794,-1.0,-1.0,-1.0,-1.0,-1.0,1.0,1.0,0.999939,405.0,360.0,20.3101,9.75966,0.55061,51.2349,0.315392,1.0,OUT,18522.69815,18522.66385,0.963892,554037.0,63282164.0
24711,8.5831,Dummy,-1.531,29.045,-3.632,11.075,HMSDIS,0.25,3.3,0.5,5.2,38328.446,37.306,38463.739,37.438,38664.749,37.634,38633.029,37.603,38630.75,37.6,0.9996,0.9965,-999,-999,-1.0,-1.0,-1.0,2.0,-1.0,-1.0,1.0,0.988267,-999,-999,-999,9.63141,0.0223831,-999,-999,1.0,OUT,-999,-999,-999,565732.0,64757010.0
24712,8.5831,Dummy,-1.531,29.045,-3.632,11.075,SHMSDIS,0.25,3.3,0.5,5.2,43685.208,41.117,43835.806,41.258,44114.109,41.52,44075.655,41.484,44095.397,41.503,-999,-999,0.9888,0.9658,-1.0,33.0,-1.0,-1.0,-1.0,-1.0,0.99959,0.98796,-999,-999,-999,-95982.8,-85.484,-999,-999,1.0,OUT,-999,-999,-999,643817.0,73846377.0
24713,8.5831,LH2,-1.531,29.045,-3.632,11.075,PI-SIDIS,0.25,3.3,0.5,5.2,104.167,48.43,104.672,48.665,105.187,48.905,104.988,48.812,104.779,48.715,0.9996,0.9968,0.9861,0.9764,-1.0,-1.0,-1.0,-1.0,-1.0,1.0,0.99994,0.999789,1988.0,1455.17,45.572,14.2447,0.446108,51.2503,0.335644,1.027373,OUT,11927.14673,11926.72527,0.954288,2091416.0,213124311.0
24714,8.5831,LH2,-1.531,29.045,-3.632,11.075,PI-SIDIS,0.25,3.3,0.5,5.2,108.954,50.149,109.477,50.39,109.71,50.497,109.564,50.43,109.506,50.403,0.9995,0.9969,0.9846,0.9748,-1.0,-1.0,-1.0,-1.0,-1.0,1.0,0.99993,0.999787,2074.0,1502.0,46.5761,14.0825,0.43669,51.2514,0.323866,1.028772,OUT,1109.11644,1109.13656,0.9545,2189692.0,222725532.0
24715,8.5831,LH2,-1.531,29.045,-3.632,11.075,PI-SIDIS,0.25,3.3,0.5,5.2,106.152,50.459,106.649,50.695,107.321,51.015,107.193,50.954,107.157,50.936,0.9995,0.9966,0.9855,0.9756,-1.0,-1.0,-1.0,-1.0,-1.0,1.0,0.99992,0.999787,2017.0,1448.17,45.9544,13.9266,0.441929,51.2208,0.327737,1.029028,OUT,15646.3006,15643.4094,0.955735,2129116.0,219622998.0
24716,8.5831,LH2,-1.531,29.045,-3.632,11.075,PI-SIDIS,0.25,3.3,0.5,5.2,113.074,52.287,113.609,52.534,114.632,53.007,114.483,52.938,114.515,52.953,0.9998,0.9968,0.9853,0.9754,-1.0,-1.0,-1.0,-1.0,-1.0,1.0,1.0,0.999787,2073.0,1478.5,46.6056,13.3448,0.420658,51.2147,0.339966,1.030797,OUT,37657.74011,37658.89789,0.956218,2267332.0,237449906.0
24717,8.5831,LH2,-1.531,29.045,-3.632,11.075,PI-SIDIS,0.25,3.3,0.5,5.2,103.471,54.757,103.966,55.019,104.759,55.438,104.614,55.361,104.568,55.337,0.9998,0.9966,0.9855,0.9763,-1.0,-1.0,-1.0,-1.0,-1.0,1.0,1.0,0.999784,1956.0,1421.83,45.222,14.0107,0.445617,51.2328,0.335713,1.033315,OUT,8926.9261,8927.0289,0.954632,2077174.0,217608213.0
24718,8.5831,LH2,-1.531,29.045,-3.632,11.075,PI-SIDIS,0.25,3.3,0.5,5.2,110.003,50.819,110.529,51.062,110.773,51.174,110.641,51.113,110.535,51.065,0.9998,0.997,0.9859,0.9761,-1.0,-1.0,-1.0,-1.0,-1.0,1.0,0.99991,0.999787,2073.0,1501.5,46.5645,13.9213,0.431728,51.2469,0.33445,1.028758,OUT,4856.48825,4856.05775,0.953832,2208788.0,231170011.0
24719,8.5831,LH2,-1.531,29.045,-3.632,11.075,PI-SIDIS,0.25,3.3,0.5,5.2,102.137,56.283,102.61,56.544,103.213,56.876,103.126,56.828,103.142,56.837,0.9997,0.9966,0.9857,0.9751,-1.0,-1.0,-1.0,-1.0,-1.0,1.0,0.99991,0.999782,1829.0,1279.33,43.8248,12.7913,0.438179,51.2372,0.333352,1.033111,OUT,50435.31249,50437.13551,0.955238,2048776.0,214811660.0
24720,8.5831,LH2,-1.531,29.045,-3.632,11.075,PI-SIDIS,0.25,3.3,0.5,5.2,75.282,35.738,75.539,35.86,75.981,36.07,75.902,36.033,75.871,36.018,0.9998,0.9972,0.9877,0.9778,-1.0,-1.0,-1.0,-1.0,-1.0,1.0,0.99994,0.999852,1332.0,1041.17,37.1547,14.0997,0.503157,51.2207,0.34252,1.016834,OUT,37102.22426,37103.19474,0.960963,1527005.0,158345269.0
24721,8.5831,LH2,-1.531,29.045,-3.632,11.075,PI-SIDIS,0.25,3.3,0.5,5.2,74.086,36.086,74.347,36.212,74.437,36.257,74.361,36.219,74.238,36.16,0.9996,0.9973,0.9865,0.977,-1.0,-1.0,-1.0,-1.0,-1.0,1.0,0.99994,0.999852,1330.0,1062.67,37.075,14.6366,0.510651,51.2731,0.330576,1.017523,OUT,36498.14823,36496.60177,0.958673,1505712.0,155815987.0
24722,8.5831,LH2,-1.531,29.045,-3.632,11.075,PI-SIDIS,0.25,3.3,0.5,5.2,73.424,37.521,73.669,37.647,73.539,37.58,73.509,37.565,73.482,37.551,0.9998,0.9973,0.9872,0.979,-1.0,-1.0,-1.0,-1.0,-1.0,1.0,0.99996,0.999851,1285.0,1007.5,36.4863,13.9728,0.506019,51.2607,0.321236,1.018666,OUT,36200.6773,36202.0257,0.95785,1494336.0,154347242.0
24723,8.5831,LH2,-1.531,29.045,-3.632,11.075,PI-SIDIS,0.25,3.3,0.5,5.2,69.599,34.561,69.838,34.68,70.101,34.81,70.041,34.78,70.062,34.791,0.9996,0.9974,0.9849,0.9769,-1.0,-1.0,-1.0,-1.0,-1.0,1.0,0.99998,0.999853,1175.0,907.667,34.9221,13.3097,0.512085,51.2419,0.344127,1.016379,OUT,34271.08454,34273.22546,0.96074,1417163.0,146153131.0
24724,8.5831,LH2,-1.531,29.045,-3.632,11.075,PI-SIDIS,0.25,3.3,0.5,5.2,36.675,18.094,36.849,18.18,36.893,18.201,36.823,18.167,36.841,18.176,0.9998,0.9983,0.988,0.9802,-1.0,-1.0,-1.0,-1.0,-1.0,1.0,0.99997,0.999927,574.0,502.167,24.2069,13.9061,0.670342,51.2459,0.341014,1.007022,OUT,18098.32901,18097.29399,0.963861,753588.0,76815942.0
24725,8.5831,LH2,-1.531,29.045,-3.632,11.075,PI-SIDIS,0.25,3.3,0.5,5.2,38.745,17.792,38.935,17.879,38.728,17.784,38.657,17.752,38.629,17.739,0.9998,0.9975,0.99,0.979,-1.0,-1.0,-1.0,-1.0,-1.0,1.0,1.0,0.999926,637.0,558.5,25.4967,14.655,0.669034,51.2964,0.324482,1.006861,OUT,19116.91327,19118.48073,0.964143,796585.0,81303840.0
24726,8.5831,LH2,-1.531,29.045,-3.632,11.075,PI-SIDIS,0.25,3.3,0.5,5.2,32.192,18.817,32.334,18.899,32.239,18.844,32.204,18.824,32.242,18.846,1.0,0.9974,0.9888,0.981,-1.0,-1.0,-1.0,-1.0,-1.0,1.0,1.0,0.999926,487.0,428.5,22.2879,13.509,0.702652,51.2638,0.303104,1.007363,OUT,2002.77044,2002.73556,0.964034,661812.0,67543897.0
24727,8.5831,LH2,-1.531,29.045,-3.632,11.075,PI-SIDIS,0.25,3.3,0.5,5.2,27.183,18.584,27.302,18.665,27.352,18.699,27.318,18.676,27.372,18.713,0.9998,0.997,0.9894,0.9812,-1.0,-1.0,-1.0,-1.0,-1.0,1.0,1.0,0.999927,417.0,359.333,20.6546,13.4163,0.771171,51.2369,0.306816,1.007242,OUT,11457.78853,11456.81747,0.965896,558185.0,56982164.0
24728,8.5831,LH2,-1.531,29.045,-3.632,11.075,PI-SIDIS,0.25,3.3,0.5,5.2,32.852,17.949,33.005,18.033,32.988,18.023,32.936,17.995,32.919,17.986,0.9998,0.9968,0.9878,0.9791,-1.0,-1.0,-1.0,-1.0,-1.0,1.0,1.0,0.999929,536.0,478.5,23.3577,14.8102,0.722954,51.2677,0.308086,1.006933,OUT,16213.86579,16214.81421,0.962786,674413.0,68188053.0
24729,8.5831,LH2,-1.531,29.045,-3.632,11.075,PI-SIDIS,0.25,3.3,0.5,5.2,32.357,17.378,32.515,17.462,32.339,17.368,32.28,17.337,32.27,17.331,0.9996,0.9977,0.9887,0.979,-1.0,-1.0,-1.0,-1.0,-1.0,1.0,1.0,0.999929,546.0,488.833,23.5696,15.3627,0.74073,51.2676,0.310669,1.006648,OUT,15959.70214,15959.62186,0.964183,664316.0,67104792.0
24730,8.5831,Dummy,-1.531,29.045,-3.632,11.075,PI-SIDIS,0.25,3.3,0.5,5.2,65.36,37.821,65.568,37.942,65.726,38.033,65.674,38.003,65.742,38.042,0.9997,0.9975,0.9872,0.9774,-1.0,-1.0,-1.0,-1.0,-1.0,1.0,0.99998,0.999883,690.0,559.833,26.6776,8.73845,0.416411,51.219,0.331926,1.0,OUT,13706.85472,13707.06828,0.959588,966789.0,110572647.0
24731,8.5831,Dummy,-1.531,29.045,-3.632,11.075,PI-SIDIS,0.25,3.3,0.5,5.2,71.558,38.357,71.791,38.482,72.116,38.657,72.036,38.614,72.062,38.627,0.9997,0.9969,0.9888,0.9767,-1.0,-1.0,-1.0,-1.0,-1.0,1.0,0.99999,0.999883,810.0,666.667,28.8771,9.51069,0.411962,51.2364,0.329547,1.0,OUT,456.05893,456.01907,0.95978,1056788.0,121014305.0
24732,8.5831,Dummy,-1.531,29.045,-3.632,11.075,PI-SIDIS,0.25,3.3,0.5,5.2,66.436,38.104,66.657,38.231,66.567,38.179,66.506,38.144,66.439,38.106,0.9995,0.9963,0.9863,0.9774,-1.0,-1.0,-1.0,-1.0,-1.0,1.0,0.99996,0.999883,705.0,570.5,26.9707,8.76141,0.4142,51.2628,0.310904,1.0,OUT,22072.83352,22072.93848,0.957875,976564.0,112252187.0
24733,8.5831,Dummy,-1.531,29.045,-3.632,11.075,PI-SIDIS,0.25,3.3,0.5,5.2,34.72,19.126,34.873,19.21,34.809,19.175,34.757,19.146,34.788,19.163,0.9993,0.9974,0.9871,0.9803,-1.0,-1.0,-1.0,-1.0,-1.0,1.0,1.0,0.999942,350.0,316.0,18.8591,9.25002,0.552049,51.2305,0.309189,1.0,OUT,17078.85665,17077.81935,0.966701,511911.0,58591636.0
24734,8.5831,LH2,-1.531,29.045,-3.632,14.375,PI-SIDIS,0.25,3.3,0.5,8.5,74.228,50.447,74.558,50.672,75.23,51.128,75.125,51.057,75.161,51.081,0.9996,0.9968,0.9885,0.9803,-1.0,-1.0,-1.0,-1.0,-1.0,1.0,1.0,0.99994,596.0,503.5,24.7268,6.8916,0.338446,51.1877,0.321934,1.029774,OUT,36602.73568,36598.30632,0.96209,1482409.0,46423421.0
24736,8.5831,LH2,-1.531,29.045,-3.632,14.375,PI-SIDIS,0.25,3.3,0.5,8.5,92.639,51.514,93.064,51.751,93.184,51.817,93.08,51.76,93.002,51.716,0.9995,0.9969,0.9886,0.9796,-1.0,-1.0,-1.0,-1.0,1.0,-1.0,0.99974,0.99994,739.0,637.333,27.4944,6.99629,0.301819,51.2762,0.345211,1.031819,OUT,45823.88453,45823.57047,0.935297,1848392.0,57822260.0
24737,8.5831,LH2,-1.531,29.045,-3.632,14.375,PI-SIDIS,0.25,3.3,0.5,8.5,48.53,51.578,48.746,51.808,48.758,51.821,48.712,51.772,48.719,51.779,0.9996,0.9974,0.9887,0.9796,-1.0,-1.0,-1.0,-1.0,-1.0,1.0,0.99995,0.99994,399.0,335.0,20.2402,7.01865,0.424057,51.2761,0.355192,1.032324,OUT,23874.89498,23874.92402,0.959804,967278.0,30106079.0
24738,8.5831,LH2,-1.531,29.045,-3.632,14.375,PI-SIDIS,0.25,3.3,0.5,8.5,106.784,53.15,107.255,53.384,108.35,53.929,108.221,53.865,108.223,53.866,0.9997,0.9952,0.9909,0.9794,-1.0,-1.0,-1.0,-1.0,-1.0,1.0,0.99994,0.999939,877.0,730.167,30.0245,6.95344,0.285926,51.2368,0.332353,1.03215,OUT,34423.34912,34424.25688,0.961727,2146979.0,66856322.0
24739,8.5831,LH2,-1.531,29.045,-3.632,14.375,PI-SIDIS,0.25,3.3,0.5,8.5,98.264,49.31,98.705,49.531,99.745,50.053,99.6,49.98,99.569,49.965,0.9994,0.996,0.9887,0.9784,-1.0,-1.0,-1.0,-1.0,-1.0,1.0,0.99997,0.99994,832.0,710.833,29.1924,7.36519,0.302472,51.2159,0.324954,1.028079,OUT,1826.38072,1826.24728,0.962249,1977374.0,61596478.0
24740,8.5831,LH2,-1.531,29.045,-3.632,14.375,PI-SIDIS,0.25,3.3,0.5,8.5,98.864,52.34,99.303,52.572,100.369,53.136,100.227,53.061,100.208,53.051,0.9997,0.9962,0.9887,0.9776,-1.0,-1.0,-1.0,-1.0,-1.0,1.0,0.99999,0.999939,824.0,690.5,29.0904,7.11502,0.299752,51.2158,0.327928,1.030889,OUT,48757.31806,48760.25594,0.962554,1981912.0,61925882.0
24741,8.5831,LH2,-1.531,29.045,-3.632,14.375,PI-SIDIS,0.25,3.3,0.5,8.5,96.063,52.436,96.495,52.672,97.555,53.25,97.422,53.178,97.389,53.16,0.9997,0.9963,0.9892,0.9776,-1.0,-1.0,-1.0,-1.0,-1.0,1.0,0.99999,0.999939,799.0,671.833,28.639,7.12412,0.303689,51.2316,0.321691,1.031125,OUT,47357.09815,47357.58085,0.961546,1926382.0,60156478.0
24742,8.5831,LH2,-1.531,29.045,-3.632,14.375,PI-SIDIS,0.25,3.3,0.5,8.5,115.426,51.067,115.946,51.298,116.62,51.596,116.451,51.521,116.214,51.416,0.9998,0.9964,0.9884,0.9802,-1.0,-1.0,-1.0,-1.0,-1.0,1.0,0.99997,0.999939,969.0,819.5,31.5264,7.21239,0.277463,51.244,0.337258,1.029328,OUT,2134.60704,2134.94796,0.95864,2321343.0,72396292.0
24743,8.5831,LH2,-1.531,29.045,-3.632,14.375,PI-SIDIS,0.25,3.3,0.5,8.5,95.64,49.743,96.064,49.964,96.394,50.136,96.273,50.073,96.149,50.008,0.9994,0.9956,0.9887,0.9803,-1.0,-1.0,-1.0,-1.0,-1.0,1.0,1.0,0.999939,804.0,677.667,28.7238,7.20041,0.305199,51.25,0.325371,1.029108,OUT,7440.46287,7440.19313,0.959131,1916135.0,59867462.0
24744,8.5831,LH2,-1.531,29.045,-3.632,14.375,PI-SIDIS,0.25,3.3,0.5,8.5,13.975,51.072,14.034,51.288,14.104,51.542,14.092,51.5,14.072,51.426,0.9987,0.9947,0.9913,0.9755,-1.0,-1.0,-1.0,-1.0,-1.0,1.0,1.0,0.99994,123.0,108.333,11.2002,7.92352,0.819185,51.2456,0.286273,1.030251,OUT,-0.0,0.0,0.957741,279947.0,8754924.0
24745,8.5831,LH2,-1.531,29.045,-3.632,14.375,PI-SIDIS,0.25,3.3,0.5,8.5,65.506,48.309,65.79,48.518,66.093,48.742,66.006,48.677,65.964,48.646,0.9999,0.9968,0.9907,0.9809,-1.0,-1.0,-1.0,-1.0,-1.0,1.0,0.99996,0.999939,541.0,455.0,23.5655,7.05158,0.365218,51.2469,0.322842,1.026995,OUT,11595.12644,11596.75456,0.961019,1313970.0,41000119.0
24746,8.5831,LH2,-1.531,29.045,-3.632,14.375,PI-SIDIS,0.25,3.3,0.5,8.5,92.516,51.702,92.913,51.923,93.757,52.395,93.645,52.333,93.533,52.27,0.9995,0.9972,0.9892,0.979,-1.0,-1.0,-1.0,-1.0,-1.0,1.0,0.99996,0.999939,783.0,660.167,28.3456,7.26155,0.311789,51.2276,0.331567,1.030292,OUT,15263.7141,15264.2739,0.961797,1851284.0,57896959.0
24747,8.5831,LH2,-1.531,29.045,-3.632,14.375,PI-SIDIS,0.25,3.3,0.5,8.5,68.137,35.803,68.355,35.917,68.775,36.137,68.724,36.111,68.584,36.037,1.0,0.9982,0.9919,0.9813,-1.0,-1.0,-1.0,-1.0,-1.0,1.0,1.0,0.999958,532.0,473.0,23.2773,7.05162,0.347025,51.2181,0.313284,1.017122,OUT,14245.32609,14244.21591,0.966297,1381959.0,43133077.0
24748,8.5831,LH2,-1.531,29.045,-3.632,14.375,PI-SIDIS,0.25,3.3,0.5,8.5,34.399,17.21,34.564,17.293,34.504,17.262,34.434,17.227,34.346,17.184,0.9994,0.9996,0.9914,0.9836,-1.0,-1.0,-1.0,-1.0,-1.0,1.0,1.0,0.99998,239.0,225.167,15.534,6.62708,0.457195,51.238,0.330172,1.006599,OUT,4133.88578,4133.88722,0.969372,704513.0,21886911.0
24750,8.5831,LH2,-1.531,29.045,-3.632,14.375,HMSDIS,0.25,3.3,0.5,8.5,52842.069,55.465,53071.427,55.705,53169.237,55.808,53121.715,55.758,53028.892,55.661,0.9996,0.9971,-999,-999,-1.0,-1.0,-1.0,2.0,-1.0,-1.0,0.99879,0.993829,-999,-999,-999,13.1896,0.0223127,-999,-999,1.032548,OUT,-999,-999,-999,1057817.0,33086521.0
24752,8.5831,LH2,-1.531,29.045,-3.632,14.375,SHMSDIS,0.25,3.3,0.5,8.5,51287.661,53.855,51504.199,54.082,51864.325,54.461,51818.537,54.413,51779.868,54.372,-999,-999,0.9903,0.9694,-1.0,17.0,-1.0,-1.0,-1.0,-1.0,0.99993,0.993886,-999,-999,-999,-36036.7,-34.6571,-999,-999,1.03116,OUT,-999,-999,-999,1028146.0,32131838.0
24753,8.5831,Dummy,-1.531,29.045,-3.632,14.375,PI-SIDIS,0.25,3.3,0.5,8.5,5.456,19.6,5.482,19.693,5.525,19.846,5.508,19.784,5.505,19.777,1.0,0.9981,0.9925,0.9818,-1.0,-1.0,-1.0,-1.0,-1.0,1.0,1.0,0.999973,29.0,26.5,5.42371,4.92361,1.00771,51.1372,0.20643,1.0,OUT,964.29451,964.49049,0.962432,80167.0,2705619.0
24755,8.5831,Dummy,-1.531,29.045,-3.632,14.375,PI-SIDIS,0.25,3.3,0.5,8.5,74.571,35.305,74.82,35.422,75.247,35.625,75.142,35.575,75.042,35.528,0.9997,0.9963,0.9896,0.978,-1.0,-1.0,-1.0,-1.0,-1.0,1.0,0.99997,0.999964,381.0,337.833,19.7027,4.61838,0.269347,51.2249,0.30741,1.0,OUT,11124.2491,11123.6159,0.965658,1093720.0,36881198.0
24756,8.5831,Dummy,-1.531,29.045,-3.632,14.375,PI-SIDIS,0.25,3.3,0.5,8.5,84.0,39.103,84.262,39.225,84.196,39.195,84.136,39.167,83.941,39.076,0.9993,0.9967,0.9895,0.9793,-1.0,-1.0,-1.0,-1.0,-1.0,1.0,1.0,0.999963,467.0,410.833,21.8257,4.98221,0.264682,51.2827,0.316495,1.0,OUT,28238.41579,28237.59021,0.961627,1234388.0,41515455.0
24758,8.5831,Dummy,-1.531,29.045,-3.632,14.375,PI-SIDIS,0.25,3.3,0.5,8.5,91.915,36.909,92.2,37.024,92.694,37.222,92.592,37.181,92.553,37.165,0.9996,0.9975,0.9888,0.9838,-1.0,-1.0,-1.0,-1.0,-1.0,1.0,0.99998,0.999964,451.0,391.5,21.469,4.31796,0.236787,51.225,0.321081,1.0,OUT,32952.44733,32951.77667,0.963352,1350603.0,45439465.0
24759,8.5831,Dummy,-1.531,29.045,-3.632,14.375,PI-SIDIS,0.25,3.3,0.5,8.5,36.982,19.641,37.136,19.723,37.138,19.724,37.08,19.693,37.023,19.663,1.0,0.9977,0.9868,0.9829,-1.0,-1.0,-1.0,-1.0,-1.0,1.0,1.0,0.999982,198.0,185.5,14.1451,5.08206,0.387526,51.2854,0.346312,1.0,OUT,18221.65421,18220.96979,0.965403,543394.0,18272166.0
24763,8.5831,Dummy,-1.531,29.045,-3.632,14.375,HMSDIS,0.25,3.3,0.5,8.5,39678.49,39.01,39799.564,39.129,39790.84,39.121,39771.798,39.102,39716.214,39.047,0.9997,0.9969,-999,-999,-1.0,-1.0,-1.0,2.0,-1.0,-1.0,0.99929,0.996329,-999,-999,-999,9.53326,0.0218985,-999,-999,1.0,OUT,-999,-999,-999,582245.0,19602270.0
24765,8.5831,Dummy,-1.531,29.045,-3.632,14.375,SHMSDIS,0.25,3.3,0.5,8.5,36439.254,38.045,36551.688,38.162,36668.794,38.285,36649.355,38.264,36610.151,38.224,-999,-999,0.9904,0.9712,-1.0,17.0,-1.0,-1.0,-1.0,-1.0,0.99962,0.996367,-999,-999,-999,-28785.4,-36.7664,-999,-999,1.0,OUT,-999,-999,-999,535857.0,18005552.0
24766,8.5831,LH2,-1.531,29.045,-3.632,14.375,PI-SIDIS,0.25,3.3,0.5,8.5,91.256,49.504,91.655,49.721,92.534,50.197,92.405,50.128,92.37,50.108,0.9998,0.9968,0.9897,0.9798,-1.0,-1.0,-1.0,-1.0,-1.0,1.0,1.0,0.99994,766.0,647.833,28.0302,7.21534,0.312191,51.2059,0.327487,1.027875,OUT,44986.07528,44983.10772,0.963051,1826234.0,57135270.0
24767,8.5831,LH2,-1.531,29.045,-3.632,14.375,PI-SIDIS,0.25,3.3,0.5,8.5,95.422,51.739,95.844,51.968,95.916,52.007,95.814,51.952,95.534,51.8,0.9996,0.9967,0.9897,0.9782,-1.0,-1.0,-1.0,-1.0,-1.0,1.0,0.99997,0.999939,833.0,709.5,29.2161,7.57085,0.311756,51.2562,0.320031,1.029421,OUT,6736.15985,6736.11015,0.960793,1908582.0,59706005.0
24768,8.5831,LH2,-1.531,29.045,-3.632,14.375,PI-SIDIS,0.25,3.3,0.5,8.5,90.249,45.943,90.642,46.143,91.001,46.326,90.884,46.266,90.79,46.218,0.9999,0.9967,0.9882,0.9788,-1.0,-1.0,-1.0,-1.0,-1.0,1.0,0.99997,0.999941,731.0,627.833,27.3531,7.07745,0.308347,51.2451,0.34621,1.024367,OUT,3649.08005,3649.23895,0.961626,1805591.0,56535752.0
24769,8.5831,LH2,-1.531,29.045,-3.632,14.375,PI-SIDIS,0.25,3.3,0.5,8.5,38.115,48.825,38.28,49.036,38.56,49.395,38.515,49.337,38.466,49.274,0.9998,0.9976,0.9882,0.9775,-1.0,-1.0,-1.0,-1.0,-1.0,1.0,0.99997,0.99994,324.0,274.0,18.23,7.32426,0.487304,51.2355,0.348666,1.027128,OUT,18715.6111,18715.4699,0.962096,762090.0,23880563.0
24770,8.5831,LH2,-1.531,29.045,-3.632,14.375,PI-SIDIS,0.25,3.3,0.5,8.5,147.085,51.148,147.728,51.372,148.081,51.494,147.907,51.434,147.689,51.358,0.9996,0.9961,0.9876,0.9808,-1.0,-1.0,-1.0,-1.0,-1.0,1.0,0.99999,0.999939,1256.0,1071.17,35.8721,7.39591,0.24768,51.2546,0.327415,1.028779,OUT,52978.00267,52982.13033,0.960396,2944635.0,92108074.0
24772,8.5831,LH2,-1.531,29.045,-3.632,14.375,PI-SIDIS,0.25,3.3,0.5,8.5,100.547,55.571,100.988,55.814,101.977,56.361,101.866,56.3,101.717,56.217,0.9996,0.9965,0.9899,0.9793,-1.0,-1.0,-1.0,-1.0,-1.0,1.0,0.99996,0.999938,815.0,679.333,28.9415,6.87206,0.292769,51.2408,0.322815,1.03453,OUT,49639.16808,49639.56592,0.960983,2005157.0,62900476.0
24773,8.5831,LH2,-1.531,29.045,-3.632,14.375,PI-SIDIS,0.25,3.3,0.5,8.5,61.1,35.008,61.303,35.125,61.739,35.374,61.686,35.344,61.563,35.273,1.0,0.9971,0.9871,0.9817,-1.0,-1.0,-1.0,-1.0,-1.0,1.0,0.99997,0.999959,468.0,417.167,21.8282,6.93205,0.362719,51.2426,0.325327,1.017212,OUT,15708.47747,15708.32453,0.964788,1237605.0,38675649.0
24774,8.5831,LH2,-1.531,29.045,-3.632,14.375,PI-SIDIS,0.25,3.3,0.5,8.5,32.141,17.915,32.29,17.998,32.334,18.022,32.279,17.992,32.204,17.95,1.0,0.9959,0.9894,0.9812,-1.0,-1.0,-1.0,-1.0,-1.0,1.0,1.0,0.99998,247.0,231.5,15.7982,7.30677,0.498634,51.2523,0.326428,1.006883,OUT,15801.04632,15800.82068,0.970655,656606.0,20469083.0
24775,8.5831,Dummy,-1.531,29.045,-3.632,14.375,PI-SIDIS,0.25,3.3,0.5,8.5,67.781,35.194,68.013,35.314,67.995,35.305,67.913,35.262,67.728,35.166,0.9997,0.9967,0.9906,0.9829,-1.0,-1.0,-1.0,-1.0,-1.0,1.0,1.0,0.999964,382.0,338.667,19.7287,5.06759,0.295208,51.262,0.378078,1.0,OUT,3894.66174,3894.45526,0.961648,996542.0,33538129.0
24776,8.5831,Dummy,-1.531,29.045,-3.632,14.375,PI-SIDIS,0.25,3.3,0.5,8.5,70.328,38.159,70.549,38.279,70.68,38.35,70.64,38.328,70.509,38.257,1.0,0.9957,0.9896,0.9796,-1.0,-1.0,-1.0,-1.0,-1.0,1.0,1.0,0.999964,385.0,344.5,19.7927,4.98482,0.286395,51.2356,0.293549,1.0,OUT,34686.67811,34684.08689,0.962099,1028371.0,34768586.0
24777,8.5831,Dummy,-1.531,29.045,-3.632,14.375,PI-SIDIS,0.25,3.3,0.5,8.5,67.873,35.903,68.097,36.022,68.407,36.186,68.342,36.151,68.216,36.084,0.9994,0.9963,0.99,0.9815,-1.0,-1.0,-1.0,-1.0,-1.0,1.0,1.0,0.999964,390.0,347.333,19.9276,5.19983,0.298331,51.2253,0.376624,1.0,OUT,943.36134,943.02466,0.964921,994304.0,33557657.0
24778,8.5831,Dummy,-1.531,29.045,-3.632,14.375,PI-SIDIS,0.25,3.3,0.5,8.5,38.28,20.265,38.438,20.349,38.548,20.407,38.509,20.386,38.464,20.362,1.0,0.9985,0.9841,0.9796,-1.0,-1.0,-1.0,-1.0,-1.0,1.0,1.0,0.999982,205.0,192.5,14.3904,5.11236,0.382176,51.2035,0.313141,1.0,OUT,18846.35096,18845.85904,0.967603,561352.0,18915029.0
24779,8.5831,LH2,-1.531,29.045,3.632,14.375,PI+SIDIS,0.25,3.3,0.5,8.5,97.516,53.764,97.95,54.004,98.91,54.533,98.792,54.468,98.575,54.348,0.9995,0.9959,0.981,0.971,-1.0,-1.0,-1.0,-1.0,-1.0,1.0,1.0,0.999891,1681.0,1454.0,41.4588,15.2953,0.436124,51.2504,0.347928,1.031338,OUT,22207.43569,22208.96631,0.962887,1950596.0,2502887.0
24780,8.5831,LH2,-1.531,29.045,3.632,14.375,PI+SIDIS,0.25,3.3,0.5,8.5,60.464,47.706,60.732,47.917,61.301,48.366,61.227,48.307,61.088,48.198,0.9996,0.9969,0.9823,0.9706,-1.0,-1.0,-1.0,-1.0,1.0,-1.0,0.99939,0.999896,1090.0,974.333,33.3058,16.5459,0.565592,51.2284,0.349747,1.026063,OUT,7293.86654,7293.55146,0.940794,1214115.0,1528866.0
24781,8.5831,LH2,-1.531,29.045,3.632,14.375,PI+SIDIS,0.25,3.3,0.5,8.5,92.347,52.811,92.758,53.046,93.65,53.557,93.525,53.485,93.337,53.377,0.9998,0.9965,0.9829,0.9713,-1.0,-1.0,-1.0,-1.0,-1.0,1.0,0.99996,0.999891,1601.0,1382.83,40.4643,15.3522,0.449234,51.2408,0.338099,1.029992,OUT,10263.05849,10262.56251,0.962399,1850737.0,2394740.0
24782,8.5831,LH2,-1.531,29.045,3.632,14.375,PI+SIDIS,0.25,3.3,0.5,8.5,98.649,46.202,99.105,46.416,100.11,46.886,99.928,46.801,99.663,46.677,0.9997,0.9971,0.9842,0.9708,-1.0,-1.0,-1.0,-1.0,-1.0,1.0,0.99993,0.999893,1715.0,1483.33,41.8761,15.4232,0.435413,51.2261,0.353057,1.024054,OUT,15920.97688,15920.74112,0.962309,1981364.0,2545416.0
24783,8.5831,LH2,-1.531,29.045,3.632,14.375,PI+SIDIS,0.25,3.3,0.5,8.5,78.518,43.531,78.879,43.731,79.688,44.18,79.533,44.094,79.351,43.993,0.9997,0.9973,0.9887,0.9729,-1.0,-1.0,-1.0,-1.0,-1.0,1.0,0.99997,0.999894,1382.0,1196.0,37.5899,15.5899,0.489985,51.2205,0.340001,1.022102,OUT,5957.38661,5957.61039,0.96341,1574991.0,2017249.0
24784,8.5831,LH2,-1.531,29.045,3.632,14.375,PI+SIDIS,0.25,3.3,0.5,8.5,92.221,53.838,92.624,54.074,93.493,54.581,93.38,54.515,93.181,54.399,0.9997,0.9968,0.9841,0.9727,-1.0,-1.0,-1.0,-1.0,-1.0,1.0,0.99994,0.999891,1614.0,1390.17,40.6363,15.4356,0.451201,51.2369,0.347586,1.030337,OUT,226.08281,226.13619,0.962553,1851085.0,2404682.0
24785,8.5831,LH2,-1.531,29.045,3.632,14.375,PI+SIDIS,0.25,3.3,0.5,8.5,78.661,42.752,79.042,42.958,79.871,43.409,79.703,43.318,79.509,43.212,0.9999,0.9978,0.9857,0.9723,-1.0,-1.0,-1.0,-1.0,-1.0,1.0,0.99997,0.999895,1343.0,1166.5,37.0461,15.1803,0.482103,51.2272,0.328014,1.021711,OUT,8733.8591,8734.0449,0.963548,1580687.0,2014107.0
24786,8.5831,LH2,-1.531,29.045,3.632,14.375,PI+SIDIS,0.25,3.3,0.5,8.5,70.465,43.535,70.802,43.743,71.507,44.178,71.378,44.099,71.225,44.004,0.9999,0.9977,0.9827,0.9728,-1.0,-1.0,-1.0,-1.0,-1.0,1.0,0.99994,0.999897,1194.0,1032.33,34.942,14.9906,0.507397,51.2387,0.337232,1.022626,OUT,-0.0,0.0,0.964059,1414620.0,1783675.0
24787,8.5831,LH2,-1.531,29.045,3.632,14.375,PI+SIDIS,0.25,3.3,0.5,8.5,90.493,52.746,90.928,53.0,91.282,53.206,91.164,53.137,90.823,52.939,0.9997,0.9972,0.9823,0.972,-1.0,-1.0,-1.0,-1.0,-1.0,1.0,0.99996,0.999891,1560.0,1358.67,39.9194,15.3779,0.451824,51.293,0.332804,1.030278,OUT,16407.0219,16406.8581,0.962169,1812994.0,2350207.0
24788,8.5831,LH2,-1.531,29.045,3.632,14.375,PI+SIDIS,0.25,3.3,0.5,8.5,74.217,41.825,74.581,42.03,74.866,42.19,74.716,42.106,74.553,42.014,0.9997,0.9971,0.9837,0.9718,-1.0,-1.0,-1.0,-1.0,-1.0,1.0,0.99998,0.999895,1273.0,1104.83,36.0698,15.2486,0.497825,51.2582,0.323287,1.021463,OUT,9293.71875,9294.54725,0.961967,1490664.0,1887092.0
24789,8.5831,LH2,-1.531,29.045,3.632,14.375,PI+SIDIS,0.25,3.3,0.5,8.5,79.116,46.398,79.485,46.614,79.977,46.903,79.866,46.838,79.709,46.745,0.9997,0.9973,0.9842,0.9722,-1.0,-1.0,-1.0,-1.0,-1.0,1.0,0.99995,0.999894,1391.0,1220.33,37.6755,15.7976,0.48772,51.2684,0.329925,1.02507,OUT,1184.67023,1183.46277,0.962188,1585115.0,2025930.0
24790,8.5831,LH2,-1.531,29.045,3.632,14.375,PI+SIDIS,0.25,3.3,0.5,8.5,62.498,35.281,62.715,35.403,63.008,35.569,62.96,35.541,62.812,35.458,0.9998,0.9973,0.9838,0.9739,-1.0,-1.0,-1.0,-1.0,-1.0,1.0,1.0,0.999925,1072.0,965.333,33.0118,15.8081,0.540593,51.2388,0.323405,1.016975,OUT,12999.93557,12999.24943,0.967497,1269008.0,1391442.0
24791,8.5831,LH2,-1.531,29.045,3.632,14.375,PI+SIDIS,0.25,3.3,0.5,8.5,31.294,18.017,31.449,18.106,31.532,18.154,31.485,18.127,31.431,18.096,0.9997,0.9972,0.9903,0.978,-1.0,-1.0,-1.0,-1.0,-1.0,1.0,1.0,0.999963,508.0,481.5,22.6366,15.6596,0.736201,51.2653,0.309305,1.006987,OUT,7910.4785,7910.3595,0.97325,640701.0,555072.0
24792,8.5831,LH2,-1.531,29.045,3.632,14.375,HMSDIS,0.25,3.3,0.5,8.5,43282.843,52.003,43491.98,52.254,43642.95,52.436,43580.771,52.361,43451.461,52.206,0.9997,0.9976,-999,-999,-1.0,-1.0,-1.0,1.0,-1.0,-1.0,0.0,0.989086,-999,-999,-999,inf,inf,-999,-999,1.029382,OUT,-999,-999,-999,867096.0,1118062.0
24793,8.5831,LH2,-1.531,29.045,3.632,14.375,SHMSDIS,0.25,3.3,0.5,8.5,39477.957,47.446,39667.313,47.673,39630.499,47.629,39580.601,47.569,39424.514,47.382,-999,-999,0.9838,0.9759,-1.0,1.0,-1.0,-1.0,-1.0,-1.0,0.29168,0.989485,-999,-999,-999,-482.927,-1.11243,-999,-999,1.024436,OUT,-999,-999,-999,794698.0,999590.0
24794,8.5831,Dummy,-1.531,29.045,3.632,14.375,PI+SIDIS,0.25,3.3,0.5,8.5,34.865,33.874,34.997,34.002,35.002,34.007,34.956,33.962,34.884,33.893,1.0,0.9967,0.9853,0.9725,-1.0,-1.0,-1.0,-1.0,-1.0,1.0,1.0,0.999942,303.0,276.5,17.5333,8.12409,0.515161,51.2277,0.313407,1.0,OUT,17100.27844,17102.36056,0.964177,513596.0,506611.0
24795,8.5831,Dummy,-1.531,29.045,3.632,14.375,PI+SIDIS,0.25,3.3,0.5,8.5,53.93,37.661,54.115,37.789,54.31,37.926,54.274,37.901,54.178,37.834,0.9992,0.998,0.9881,0.972,-1.0,-1.0,-1.0,-1.0,-1.0,1.0,0.99998,0.999941,449.0,404.333,21.3646,7.69332,0.406507,51.2294,0.332632,1.0,OUT,5185.38703,5185.68097,0.965199,793154.0,789299.0
24796,8.5831,Dummy,-1.531,29.045,3.632,14.375,PI+SIDIS,0.25,3.3,0.5,8.5,4.623,40.521,4.639,40.656,4.664,40.88,4.661,40.853,4.655,40.797,1.0,0.999,1.0,0.9756,-1.0,-1.0,-1.0,-1.0,-1.0,1.0,1.0,0.99994,46.0,42.8333,6.82113,9.46424,1.50716,51.2871,0.471117,1.0,OUT,2210.93124,2210.97376,0.963419,67933.0,68334.0
24797,8.5831,Dummy,-1.531,29.045,3.632,14.375,PI+SIDIS,0.25,3.3,0.5,8.5,64.995,37.769,65.224,37.903,64.993,37.769,64.94,37.738,64.707,37.602,0.9995,0.9973,0.9869,0.9728,-1.0,-1.0,-1.0,-1.0,-1.0,1.0,0.99996,0.999941,574.0,522.5,24.1368,8.2393,0.380612,51.2991,0.328446,1.0,OUT,1344.32712,1344.18688,0.963045,957456.0,932990.0
24798,8.5831,Dummy,-1.531,29.045,3.632,14.375,PI+SIDIS,0.25,3.3,0.5,8.5,55.435,35.474,55.629,35.598,55.728,35.662,55.677,35.629,55.556,35.551,0.9998,0.9981,0.9774,0.9718,-1.0,-1.0,-1.0,-1.0,-1.0,1.0,0.99998,0.999942,495.0,451.0,22.4128,8.34441,0.414682,51.2342,0.300521,1.0,OUT,5276.6349,5275.7671,0.964307,817519.0,800265.0
24800,8.5831,Dummy,-1.531,29.045,3.632,14.375,HMSDIS,0.25,3.3,0.5,8.5,37032.132,37.358,37163.139,37.491,37313.91,37.643,37278.878,37.607,37173.983,37.502,0.9997,0.9975,-999,-999,-1.0,-1.0,-1.0,1.0,-1.0,-1.0,0.0,0.994146,-999,-999,-999,inf,inf,-999,-999,1.0,OUT,-999,-999,-999,546510.0,532929.0
24802,8.5831,Dummy,-1.531,29.045,3.632,14.375,SHMSDIS,0.25,3.3,0.5,8.5,33660.449,37.392,33780.877,37.525,33777.831,37.522,33746.463,37.487,33619.45,37.346,-999,-999,0.9847,0.9762,-1.0,5.0,-1.0,-1.0,-1.0,-1.0,0.99999,0.994118,-999,-999,-999,-1059.94,-3.99153,-999,-999,1.0,OUT,-999,-999,-999,493716.0,486933.0
24803,8.5831,LH2,-1.531,29.045,3.632,14.375,PI+SIDIS,0.25,3.3,0.5,8.5,75.064,43.029,75.424,43.235,75.692,43.388,75.559,43.312,75.426,43.236,0.9999,0.9974,0.9859,0.9741,-1.0,-1.0,-1.0,-1.0,-1.0,1.0,0.99993,0.999894,1282.0,1109.33,36.2047,15.1016,0.492863,51.262,0.334618,1.022562,OUT,2533.23378,2533.75022,0.961948,1505387.0,1893130.0
24804,8.5831,LH2,-1.531,29.045,3.632,14.375,PI+SIDIS,0.25,3.3,0.5,8.5,85.52,47.775,85.923,48.001,86.56,48.356,86.442,48.29,86.336,48.231,0.9998,0.9976,0.9831,0.9728,-1.0,-1.0,-1.0,-1.0,-1.0,1.0,0.99995,0.999892,1450.0,1248.17,38.518,14.9364,0.460934,51.2283,0.337442,1.026392,OUT,2830.051,2830.635,0.963931,1713685.0,2195710.0
24805,8.5831,LH2,-1.531,29.045,3.632,14.375,PI+SIDIS,0.25,3.3,0.5,8.5,103.513,54.655,104.002,54.913,104.871,55.372,104.741,55.303,104.557,55.206,0.9997,0.9975,0.9828,0.9741,-1.0,-1.0,-1.0,-1.0,-1.0,1.0,0.99996,0.999889,1711.0,1470.17,41.8466,14.5167,0.413201,51.2294,0.340882,1.032877,OUT,51112.35869,51110.41331,0.963461,2068270.0,2706252.0
24806,8.5831,LH2,-1.531,29.045,3.632,14.375,PI+SIDIS,0.25,3.3,0.5,8.5,87.851,51.152,88.276,51.399,88.389,51.465,88.285,51.405,88.013,51.246,0.9998,0.997,0.9842,0.9735,-1.0,-1.0,-1.0,-1.0,-1.0,1.0,0.99995,0.999891,1483.0,1272.67,38.9622,14.813,0.453495,51.2885,0.317111,1.029889,OUT,43337.64768,43342.09432,0.9605,1755842.0,2270733.0
24807,8.5831,LH2,-1.531,29.045,3.632,14.375,PI+SIDIS,0.25,3.3,0.5,8.5,93.303,53.559,93.742,53.811,93.799,53.844,93.732,53.805,93.552,53.702,0.9994,0.9977,0.9819,0.9728,-1.0,-1.0,-1.0,-1.0,-1.0,1.0,0.99996,0.99989,1620.0,1414.0,40.6735,15.5156,0.446303,51.2813,0.335683,1.032035,OUT,46141.14812,46145.21688,0.961136,1865973.0,2419831.0
24808,8.5831,LH2,-1.531,29.045,3.632,14.375,PI+SIDIS,0.25,3.3,0.5,8.5,97.456,50.989,97.91,51.226,98.498,51.534,98.397,51.481,98.318,51.44,0.9997,0.997,0.9846,0.9732,-1.0,-1.0,-1.0,-1.0,-1.0,1.0,0.99991,0.99989,1658.0,1420.0,41.2028,14.9083,0.432579,51.2555,0.348458,1.029652,OUT,42435.52595,42436.00505,0.962325,1948551.0,2531456.0
24809,8.5831,LH2,-1.531,29.045,3.632,14.375,PI+SIDIS,0.25,3.3,0.5,8.5,87.787,48.72,88.199,48.949,89.04,49.416,88.92,49.349,88.85,49.311,0.9997,0.997,0.9849,0.9725,-1.0,-1.0,-1.0,-1.0,-1.0,1.0,0.99995,0.999891,1497.0,1290.33,39.1337,15.0487,0.456402,51.24,0.318722,1.027325,OUT,43299.52598,43298.68302,0.96364,1759373.0,2275265.0
24810,8.5831,LH2,-1.531,29.045,3.632,14.375,PI+SIDIS,0.25,3.3,0.5,8.5,84.779,47.532,85.19,47.762,85.765,48.085,85.612,47.999,85.367,47.861,0.9998,0.9969,0.9825,0.972,-1.0,-1.0,-1.0,-1.0,-1.0,1.0,0.99995,0.999891,1486.0,1276.83,38.9982,15.4236,0.471083,51.2635,0.33579,1.026466,OUT,39004.58701,39002.33099,0.961966,1699381.0,2196509.0
24811,8.5831,LH2,-1.531,29.045,3.632,14.375,PI+SIDIS,0.25,3.3,0.5,8.5,71.543,50.259,71.874,50.492,71.864,50.485,71.782,50.427,71.542,50.258,0.9996,0.9965,0.9824,0.9735,-1.0,-1.0,-1.0,-1.0,-1.0,1.0,0.99997,0.999892,1167.0,999.0,34.5688,14.2838,0.494268,51.2731,0.320751,1.028706,OUT,11461.77413,11462.10387,0.959066,1437051.0,1836968.0
24812,8.5831,LH2,-1.531,29.045,3.632,14.375,PI+SIDIS,0.25,3.3,0.5,8.5,71.254,36.842,71.483,36.96,71.475,36.956,71.464,36.951,71.324,36.879,0.9997,0.9972,0.9843,0.9749,-1.0,-1.0,-1.0,-1.0,-1.0,1.0,0.99998,0.999925,1150.0,1035.83,34.191,14.8685,0.490784,51.2662,0.330632,1.018085,OUT,35126.51726,35128.01174,0.965497,1448166.0,1585836.0
24813,8.5831,LH2,-1.531,29.045,3.632,14.375,PI+SIDIS,0.25,3.3,0.5,8.5,19.142,17.837,19.232,17.921,19.268,17.955,19.243,17.931,19.227,17.916,1.0,0.9991,0.9904,0.9771,-1.0,-1.0,-1.0,-1.0,-1.0,1.0,1.0,0.999963,335.0,319.833,18.3719,17.02,0.977668,51.2075,0.323622,1.006887,OUT,9442.54551,9441.69249,0.97635,392633.0,340028.0
24814,8.5831,Dummy,-1.531,29.045,3.632,14.375,PI+SIDIS,0.25,3.3,0.5,8.5,67.357,37.925,67.594,38.058,67.679,38.106,67.614,38.069,67.375,37.935,0.9995,0.9963,0.9826,0.9689,-1.0,-1.0,-1.0,-1.0,-1.0,1.0,1.0,0.999941,564.0,503.0,23.9618,7.68419,0.366057,51.2701,0.31307,1.0,OUT,11367.65391,11366.87709,0.962019,992684.0,984300.0
24815,8.5831,Dummy,-1.531,29.045,3.632,14.375,PI+SIDIS,0.25,3.3,0.5,8.5,68.085,39.787,68.309,39.918,68.153,39.827,68.132,39.815,67.955,39.711,0.9997,0.9963,0.9816,0.9727,-1.0,-1.0,-1.0,-1.0,-1.0,1.0,0.99998,0.99994,573.0,516.833,24.1322,7.78094,0.36331,51.3014,0.339489,1.0,OUT,12599.68033,12597.81467,0.961693,1002071.0,995152.0
24816,8.5831,Dummy,-1.531,29.045,3.632,14.375,PI+SIDIS,0.25,3.3,0.5,8.5,67.399,39.253,67.62,39.382,67.741,39.452,67.714,39.437,67.589,39.364,0.9995,0.997,0.9867,0.9713,-1.0,-1.0,-1.0,-1.0,-1.0,1.0,0.99998,0.999941,585.0,530.667,24.3733,8.08387,0.371288,51.2365,0.347238,1.0,OUT,18770.73348,18769.37052,0.962749,990990.0,985651.0
24817,8.5831,Dummy,-1.531,29.045,3.632,14.375,PI+SIDIS,0.25,3.3,0.5,8.5,67.95,34.635,68.194,34.759,68.611,34.972,68.531,34.931,68.434,34.882,0.9995,0.9973,0.9855,0.9717,-1.0,-1.0,-1.0,-1.0,-1.0,1.0,0.99998,0.999942,574.0,517.167,24.1552,7.80869,0.364718,51.211,0.355002,1.0,OUT,7676.88733,7676.42367,0.9661,1000022.0,989991.0
24818,8.5831,LD2,1.531,29.045,3.632,14.375,PI+SIDIS,0.25,3.3,0.5,8.5,93.512,51.795,93.941,52.033,93.994,52.062,93.899,52.009,93.604,51.846,0.9964,0.9937,0.9805,0.9683,-1.0,-1.0,-1.0,-1.0,-1.0,1.0,0.99974,0.999781,123.0,45.3333,11.6595,0.5003,0.128675,51.25,0.5,1.018175,OUT,5551.09747,5551.29253,0.936306,723537.0,6164988.0
24819,8.5831,LD2,1.531,29.045,3.632,14.375,PI+SIDIS,0.25,3.3,0.5,8.5,96.375,51.563,96.812,51.797,97.236,52.024,97.164,51.985,96.99,51.892,0.9955,0.994,0.9819,0.9676,-1.0,-1.0,-1.0,-1.0,-1.0,1.0,0.99971,0.999782,137.0,57.8333,12.2554,0.620351,0.131458,51.25,0.5,1.018093,OUT,18481.39059,18478.69741,0.937786,747984.0,6428985.0
24820,8.5831,LD2,1.531,29.045,3.632,14.375,PI+SIDIS,0.25,3.3,0.5,8.5,97.12,50.572,97.562,50.802,98.24,51.155,98.146,51.106,97.981,51.02,0.9977,0.9942,0.9824,0.9681,-1.0,-1.0,-1.0,-1.0,-1.0,1.0,0.99975,0.999784,117.0,42.6667,11.3749,0.452892,0.120741,51.25,0.5,1.017745,OUT,28493.92437,28493.77163,0.93911,745485.0,6433780.0
24821,8.5831,LH2,1.531,29.045,3.632,14.375,PI+SIDIS,0.25,3.3,0.5,8.5,90.913,50.19,91.325,50.418,92.108,50.85,92.009,50.795,91.787,50.673,0.9977,0.9958,0.9839,0.9714,-1.0,-1.0,-1.0,-1.0,-1.0,1.0,0.99993,0.999892,35.0,17.1667,6.16216,0.193968,0.0696268,51.25,0.5,1.028353,OUT,16610.36189,16610.50211,0.950458,338590.0,2342297.0
24822,8.5831,LH2,1.531,29.045,3.632,14.375,PI+SIDIS,0.25,3.3,0.5,8.5,90.353,50.619,90.772,50.854,91.602,51.318,91.488,51.255,91.218,51.104,0.9983,0.9958,0.983,0.9724,-1.0,-1.0,-1.0,-1.0,-1.0,1.0,0.99994,0.999892,29.0,13.0,5.62731,0.14754,0.0638658,51.25,0.5,1.028063,OUT,42087.9855,42086.8225,0.949464,337826.0,2343159.0
24823,8.5831,LH2,1.531,29.045,3.632,14.375,PI+SIDIS,0.25,3.3,0.5,8.5,99.851,51.498,100.319,51.74,101.185,52.187,101.065,52.124,100.816,51.996,0.9945,0.9962,0.9844,0.9721,-1.0,-1.0,-1.0,-1.0,-1.0,1.0,0.99991,0.999891,45.0,22.5,6.98212,0.232019,0.0719992,51.25,0.5,1.030048,OUT,4064.70257,4065.27343,0.949763,373013.0,2582731.0
24824,8.5831,Cu,1.531,29.045,3.632,14.375,PI+SIDIS,0.25,3.3,0.5,8.5,83.214,48.339,83.554,48.537,84.147,48.881,84.067,48.835,83.797,48.678,0.9985,0.9965,0.9882,0.9707,-1.0,-1.0,-1.0,-1.0,-1.0,1.0,0.99995,0.999895,49.0,18.1667,7.35791,0.224334,0.0908605,51.25,0.5,1.0,OUT,39538.10928,39537.48172,0.944997,530590.0,2270555.0
24825,8.5831,Cu,1.531,29.045,3.632,14.375,PI+SIDIS,0.25,3.3,0.5,8.5,91.811,49.017,92.184,49.216,92.788,49.538,92.705,49.494,92.39,49.326,0.9974,0.9964,0.9815,0.9707,-1.0,-1.0,-1.0,-1.0,-1.0,1.0,0.99995,0.999894,74.0,42.0,8.90693,0.470611,0.0998024,51.25,0.5,1.0,OUT,45301.037,45299.623,0.945211,583279.0,2495860.0
24826,8.5831,Cu,1.531,29.045,3.632,14.375,PI+SIDIS,0.25,3.3,0.5,8.5,93.448,48.925,93.831,49.126,94.417,49.433,94.332,49.388,94.013,49.221,0.997,0.9964,0.9812,0.9718,-1.0,-1.0,-1.0,-1.0,-1.0,1.0,0.99995,0.999895,79.0,39.3333,9.25263,0.432678,0.101782,51.25,0.5,1.0,OUT,46118.37149,46116.69651,0.94433,594609.0,2533539.0
24827,8.5831,Cu,1.531,29.045,3.632,14.375,PI+SIDIS,0.25,3.3,0.5,8.5,84.681,46.338,85.039,46.533,85.574,46.826,85.474,46.772,85.187,46.615,0.9984,0.9968,0.9857,0.9719,-1.0,-1.0,-1.0,-1.0,-1.0,1.0,0.9999,0.999895,57.0,25.0,7.89515,0.302996,0.095688,51.25,0.5,1.0,OUT,38773.03132,38773.03668,0.944525,540291.0,2288500.0
24828,8.5831,Cu,1.531,29.045,3.632,14.375,PI+SIDIS,0.25,3.3,0.5,8.5,86.961,41.72,87.331,41.898,87.836,42.14,87.722,42.085,87.384,41.923,0.9969,0.9969,0.983,0.9729,-1.0,-1.0,-1.0,-1.0,-1.0,1.0,0.99992,0.999899,66.0,33.6667,8.44919,0.397508,0.0997609,51.25,0.5,1.0,OUT,1797.32933,1798.99567,0.945164,559025.0,2316259.0
24829,8.5831,LH2,1.531,29.045,-3.632,14.375,PI-SIDIS,0.25,3.3,0.5,8.5,93.646,52.527,94.083,52.772,94.623,53.075,94.534,53.025,94.169,52.82,0.9991,0.9967,0.9896,0.9805,-1.0,-1.0,-1.0,-1.0,-1.0,1.0,0.99994,0.999939,20.0,7.0,4.70815,0.0759549,0.0510867,51.25,0.5,1.02923,OUT,40215.61183,40215.70217,0.953317,358202.0,58749016.0
24830,8.5831,LH2,1.531,29.045,-3.632,14.375,PI-SIDIS,0.25,3.3,0.5,8.5,77.395,47.433,77.753,47.653,78.144,47.893,78.078,47.852,77.835,47.703,1.0,0.9974,0.9899,0.9827,-1.0,-1.0,-1.0,-1.0,-1.0,1.0,0.99996,0.999941,16.0,7.5,4.17333,0.0981618,0.0546215,51.25,0.5,1.025968,OUT,12323.76185,12322.81615,0.951926,294551.0,48513866.0
24831,8.5831,LH2,1.531,29.045,-3.632,14.375,PI-SIDIS,0.25,3.3,0.5,8.5,91.588,52.668,92.019,52.916,92.529,53.209,92.466,53.173,92.238,53.042,0.9964,0.9973,0.9891,0.9819,-1.0,-1.0,-1.0,-1.0,-1.0,1.0,0.99991,0.999939,18.0,8.0,4.43471,0.088869,0.0492635,51.25,0.5,1.030985,OUT,33427.51455,33427.76045,0.953137,350042.0,57318503.0
24832,8.5831,LH2,1.531,29.045,-3.632,14.375,PI-SIDIS,0.25,3.3,0.5,8.5,79.503,44.11,79.887,44.323,80.462,44.642,80.339,44.573,80.153,44.47,1.0,0.9979,0.9892,0.9821,-1.0,-1.0,-1.0,-1.0,-1.0,1.0,0.99996,0.999941,25.0,17.1667,5.12889,0.218813,0.0653749,51.25,0.5,1.023811,OUT,8093.49619,8092.37981,0.951667,303374.0,49786618.0
24833,8.5831,LH2,1.531,29.045,-6.509,12.0,SHMSHEE,-999,-999,-999,-999,2904.51,25.279,2915.807,25.377,2920.679,25.42,2919.332,25.408,2911.806,25.343,-999,-999,0.9924,0.7645,-1.0,1.0,-1.0,-1.0,-1.0,-1.0,0.19464,0.997708,-999,-999,-999,-10669.0,-19.2017,-999,-999,1.010717,OUT,-999,-999,-999,10853.0,3372971.0
24834,8.5831,LH2,1.531,29.045,-6.509,12.0,SHMSHEE,-999,-999,-999,-999,14659.045,22.124,14722.942,22.22,14782.299,22.31,14755.204,22.269,14722.231,22.219,-999,-999,0.9922,0.7605,-1.0,9.0,-1.0,-1.0,-1.0,-1.0,0.99988,0.997748,-999,-999,-999,-54758.6,-58.0832,-999,-999,1.009043,OUT,-999,-999,-999,55012.0,17017941.0
24835,8.5831,Dummy,1.531,29.045,-6.509,12.0,SHMSHEE,-999,-999,-999,-999,8903.904,24.563,8940.192,24.663,8950.58,24.691,8944.84,24.675,8920.871,24.609,-999,-999,0.9924,0.7703,-1.0,9.0,-1.0,-1.0,-1.0,-1.0,1.0,0.998352,-999,-999,-999,-35161.5,-59.7225,-999,-999,1.0,OUT,-999,-999,-999,23842.0,7086930.0
24836,8.5831,Dummy,1.531,29.045,-5.967,12.0,SHMSHEE,-999,-999,-999,-999,9549.435,24.711,9589.068,24.814,9561.011,24.741,9553.946,24.723,9517.219,24.628,-999,-999,0.9921,0.8201,-1.0,9.0,-1.0,-1.0,-1.0,-1.0,0.99862,0.997989,-999,-999,-999,-53620.7,-71.2232,-999,-999,1.0,OUT,-999,-999,-999,25497.0,9423496.0
24837,8.5831,LH2,1.531,29.045,-5.967,12.0,SHMSHEE,-999,-999,-999,-999,17898.692,25.204,17973.899,25.31,17844.941,25.128,17833.488,25.112,17758.581,25.006,-999,-999,0.9922,0.8105,-1.0,9.0,-1.0,-1.0,-1.0,-1.0,0.99772,0.997356,-999,-999,-999,-79493.0,-63.3381,-999,-999,1.010742,OUT,-999,-999,-999,68454.0,24983561.0
24838,8.5831,LH2,1.531,29.045,-5.869,12.0,SHMSHEE,-999,-999,-999,-999,13826.401,24.211,13884.149,24.312,13805.282,24.174,13798.644,24.163,13762.305,24.099,-999,-999,0.9922,0.8249,-1.0,9.0,-1.0,-1.0,-1.0,-1.0,1.0,0.997334,-999,-999,-999,-83849.2,-74.0136,-999,-999,1.010185,OUT,-999,-999,-999,52818.0,19815119.0
24839,8.5831,LH2,1.531,29.045,-5.774,12.0,SHMSHEE,-999,-999,-999,-999,18829.496,25.279,18903.416,25.378,18842.0,25.296,18836.291,25.288,18792.339,25.229,-999,-999,0.9922,0.8365,-1.0,9.0,-1.0,-1.0,-1.0,-1.0,0.99989,0.997201,-999,-999,-999,-86816.0,-64.5433,-999,-999,1.010782,OUT,-999,-999,-999,71462.0,27627691.0
24840,8.5831,LH2,1.531,29.045,-5.683,12.0,SHMSHEE,-999,-999,-999,-999,17035.465,24.517,17102.898,24.614,17079.011,24.579,17072.827,24.57,17036.771,24.518,-999,-999,0.9924,0.8427,-1.0,9.0,-1.0,-1.0,-1.0,-1.0,0.99852,0.997173,-999,-999,-999,-89783.4,-68.9987,-999,-999,1.010338,OUT,-999,-999,-999,64718.0,25526603.0
24841,8.5831,LH2,1.531,29.045,-5.594,12.0,SHMSHEE,-999,-999,-999,-999,17903.637,23.661,17975.858,23.757,17993.868,23.781,17975.936,23.757,17937.87,23.707,-999,-999,0.9922,0.8551,-1.0,9.0,-1.0,-1.0,-1.0,-1.0,0.99737,0.997092,-999,-999,-999,-92025.5,-68.1445,-999,-999,1.00988,OUT,-999,-999,-999,66672.0,27339965.0
24842,8.5831,LH2,1.531,29.045,-5.508,12.0,SHMSHEE,-999,-999,-999,-999,17128.852,23.953,17197.178,24.048,17229.161,24.093,17215.318,24.074,17172.551,24.014,-999,-999,0.9923,0.8656,-1.0,9.0,-1.0,-1.0,-1.0,-1.0,0.99846,0.997054,-999,-999,-999,-94070.8,-70.4366,-999,-999,1.010054,OUT,-999,-999,-999,64005.0,26601937.0
24843,8.5831,Dummy,1.531,29.045,-5.508,12.0,SHMSHEE,-999,-999,-999,-999,8631.25,23.971,8665.945,24.067,8693.646,24.144,8683.684,24.117,8666.283,24.068,-999,-999,0.9924,0.8709,-1.0,9.0,-1.0,-1.0,-1.0,-1.0,1.0,0.997714,-999,-999,-999,-66226.8,-83.2505,-999,-999,1.0,OUT,-999,-999,-999,23319.0,9727992.0
24844,8.5831,LH2,1.531,29.045,-5.424,12.0,SHMSHEE,-999,-999,-999,-999,16409.689,24.494,16476.039,24.593,16490.844,24.615,16474.622,24.591,16428.922,24.523,-999,-999,0.9923,0.8721,-1.0,9.0,-1.0,-1.0,-1.0,-1.0,0.99729,0.996969,-999,-999,-999,-95705.9,-72.5843,-999,-999,1.010281,OUT,-999,-999,-999,61690.0,25867470.0
24845,8.5831,LH2,1.531,29.045,-5.343,12.0,SHMSHEE,-999,-999,-999,-999,17004.483,23.193,17078.408,23.294,17047.837,23.252,17018.455,23.212,16938.62,23.103,-999,-999,0.9924,0.8824,-1.0,9.0,-1.0,-1.0,-1.0,-1.0,0.99818,0.9969,-999,-999,-999,-96829.5,-71.7064,-999,-999,1.009596,OUT,-999,-999,-999,64066.0,27140688.0
24846,8.5831,LH2,1.531,29.045,-5.265,12.0,SHMSHEE,-999,-999,-999,-999,10654.7,25.243,10698.552,25.347,10619.929,25.161,10612.56,25.143,10562.499,25.025,-999,-999,0.9922,0.8884,-1.0,9.0,-1.0,-1.0,-1.0,-1.0,0.99943,0.996795,-999,-999,-999,-97845.1,-91.0812,-999,-999,1.010684,OUT,-999,-999,-999,40428.0,17207568.0
24847,8.5831,C,1.531,29.045,-5.265,12.0,HMSDIS,-999,-999,-999,-999,9679.636,15.597,9730.528,15.679,9693.606,15.619,9685.687,15.606,9667.971,15.578,0.9984,0.998,-999,-999,-1.0,-1.0,-1.0,1.0,-1.0,-1.0,1.0,0.999439,-999,-999,-999,1.89625,0.013971,-999,-999,1.0,OUT,-999,-999,-999,47879.0,2.0
24848,8.5831,C,1.531,29.045,-5.265,12.0,HMSDIS,-999,-999,-999,-999,28398.203,31.375,28508.776,31.497,28593.147,31.591,28548.348,31.541,28509.607,31.498,0.9975,0.9973,-999,-999,-1.0,-1.0,-1.0,2.0,-1.0,-1.0,1.0,0.998515,-999,-999,-999,1.9124,0.0115974,-999,-999,1.0,OUT,-999,-999,-999,147134.0,12.0
24861,8.5831,LH2,1.531,29.045,-3.632,11.075,PI-SIDIS,0.25,3.3,0.5,5.2,73.439,41.045,73.852,41.276,74.382,41.572,74.207,41.474,74.074,41.4,0.9969,0.998,0.9882,0.9807,-1.0,-1.0,-1.0,-1.0,-1.0,1.0,0.99986,0.999786,53.0,17.5,7.67572,0.24241,0.106324,51.25,0.5,1.021344,IN,5269.62802,5267.06698,0.946363,276164.0,149484869.0
24862,8.5831,LH2,1.531,29.045,-3.632,11.075,PI-SIDIS,0.25,3.3,0.5,5.2,72.037,44.94,72.396,45.164,72.97,45.522,72.859,45.453,72.675,45.338,0.9975,0.9978,0.9877,0.98,-1.0,-1.0,-1.0,-1.0,-1.0,1.0,0.99988,0.999796,52.0,27.5,7.48888,0.388627,0.105832,51.25,0.5,1.024529,IN,14599.63813,14602.05687,0.949005,274588.0,147108857.0
24863,8.5831,LH2,1.531,29.045,-3.632,11.075,PI-SIDIS,0.25,3.3,0.5,5.2,69.654,38.996,70.013,39.197,70.681,39.571,70.535,39.489,70.352,39.387,0.9973,0.9981,0.9885,0.9811,-1.0,-1.0,-1.0,-1.0,-1.0,1.0,0.99985,0.999805,61.0,29.1667,8.14282,0.425829,0.118884,51.25,0.5,1.019895,IN,35.14251,34.90649,0.949406,267056.0,142508971.0
24864,8.5831,LH2,1.531,29.045,-3.632,11.075,PI-SIDIS,0.25,3.3,0.5,5.2,96.518,48.008,97.007,48.251,97.499,48.496,97.352,48.423,96.983,48.239,0.9965,0.9979,0.9879,0.9801,-1.0,-1.0,-1.0,-1.0,-1.0,1.0,0.99986,0.999792,89.0,48.1667,9.78803,0.50846,0.103325,51.25,0.5,1.02685,IN,26897.17556,26899.49744,0.945884,369820.0,197035749.0
24865,8.5831,LH2,1.531,29.045,3.632,11.075,PI+SIDIS,0.25,3.3,0.5,5.2,94.517,53.443,95.028,53.732,95.462,53.977,95.339,53.907,95.119,53.783,0.9978,0.9978,0.9834,0.974,-1.0,-1.0,-1.0,-1.0,-1.0,1.0,0.99972,0.999665,103.0,22.8333,10.7871,0.247307,0.116835,51.25,0.5,1.03175,IN,16029.61069,16028.92531,0.942113,359770.0,11326603.0
24866,8.5831,LH2,1.531,29.045,3.632,11.075,PI+SIDIS,0.25,3.3,0.5,5.2,86.343,48.384,86.79,48.635,87.384,48.967,87.258,48.897,87.096,48.806,0.9982,0.9978,0.9835,0.975,-1.0,-1.0,-1.0,-1.0,-1.0,1.0,0.99998,0.999679,115.0,48.0,11.2324,0.568277,0.132981,51.25,0.5,1.027264,IN,42588.43142,42589.67658,0.943353,331195.0,10076510.0
24867,8.5831,LH2,1.531,29.045,3.632,11.075,PI+SIDIS,0.25,3.3,0.5,5.2,94.464,53.123,94.936,53.389,95.715,53.827,95.591,53.757,95.338,53.615,0.9981,0.9979,0.9834,0.9749,-1.0,-1.0,-1.0,-1.0,-1.0,1.0,0.99979,0.99967,138.0,58.1667,12.3006,0.629795,0.133184,51.25,0.5,1.030236,IN,46601.44138,46605.20362,0.943709,359872.0,11209001.0
24868,8.5831,Cu,1.531,29.045,3.632,11.075,PI+SIDIS,0.25,3.3,0.5,5.2,52.199,48.017,52.408,48.21,52.708,48.485,52.644,48.427,52.441,48.24,0.9977,0.9978,0.9825,0.974,-1.0,-1.0,-1.0,-1.0,-1.0,1.0,0.99986,0.999733,101.0,34.0,10.5909,0.667702,0.207987,51.25,0.5,1.0,IN,25721.59983,25724.61017,0.939776,337964.0,5718980.0
24870,8.5831,Cu,1.531,29.045,3.632,11.075,PI+SIDIS,0.25,3.3,0.5,5.2,99.38,48.624,99.764,48.812,100.267,49.058,100.172,49.011,99.928,48.892,0.9981,0.9974,0.9843,0.9737,-1.0,-1.0,-1.0,-1.0,-1.0,1.0,0.99982,0.999733,169.0,39.0,13.8082,0.402319,0.142444,51.25,0.5,1.0,IN,4690.17545,4690.11255,0.939949,642884.0,10716756.0
24871,8.5831,Cu,1.531,29.045,3.632,11.075,PI+SIDIS,0.25,3.3,0.5,5.2,90.76,49.107,91.109,49.296,91.75,49.642,91.659,49.593,91.349,49.425,0.9983,0.9975,0.9824,0.9728,-1.0,-1.0,-1.0,-1.0,-1.0,1.0,1.0,0.999734,181.0,48.8333,14.2488,0.551913,0.161039,51.25,0.5,1.0,IN,44813.20706,44819.04094,0.941061,579478.0,9942101.0
24872,8.5831,Cu,1.531,29.045,3.632,11.075,PI+SIDIS,0.25,3.3,0.5,5.2,88.739,48.153,89.088,48.342,89.811,48.735,89.71,48.679,89.462,48.545,0.9971,0.9974,0.9835,0.9725,-1.0,-1.0,-1.0,-1.0,-1.0,1.0,0.99983,0.999735,168.0,53.6667,13.6768,0.62134,0.158347,51.25,0.5,1.0,IN,43760.3905,43763.1045,0.941748,565440.0,9594568.0
24873,8.5831,Cu,1.531,29.045,3.632,11.075,PI+SIDIS,0.25,3.3,0.5,5.2,92.644,48.166,93.012,48.357,93.556,48.64,93.421,48.57,93.076,48.39,0.9979,0.9976,0.9833,0.9717,-1.0,-1.0,-1.0,-1.0,-1.0,1.0,0.99982,0.999735,186.0,63.5,14.3672,0.704195,0.159328,51.25,0.5,1.0,IN,45685.47391,45690.92609,0.940374,590778.0,9987032.0
24874,8.5831,Cu,1.531,29.045,3.632,11.075,PI+SIDIS,0.25,3.3,0.5,5.2,20.534,41.695,20.62,41.871,20.605,41.839,20.576,41.781,20.468,41.563,0.999,0.998,0.9845,0.972,-1.0,-1.0,-1.0,-1.0,-1.0,1.0,0.99989,0.999747,42.0,14.1667,6.82927,0.707615,0.341117,51.25,0.5,1.0,IN,5115.52782,5115.35718,0.937463,131947.0,2148877.0
24877,10.6716,LD2,-3.642,16.75,6.538,7.51,PI+SIDIS,0.25,3.3,0.9,-0.8,10.589,39.845,10.612,39.931,10.62,39.961,10.611,39.931,10.561,39.74,0.9992,0.9967,0.9822,0.9723,-1.0,-1.0,-1.0,-1.0,-1.0,1.0,0.99932,0.999651,5191.0,4268.33,73.108,414.289,7.09594,51.2325,0.352725,1.013948,IN,5149.19911,5148.88889,0.94727,2809440.0,7627052.0
24878,10.6716,LD2,-3.642,16.75,6.538,7.51,PI+SIDIS,0.25,3.3,0.9,-0.8,57.722,50.137,57.884,50.277,58.052,50.423,57.999,50.378,57.695,50.113,0.9989,0.9964,0.9777,0.9674,-1.0,-1.0,-1.0,-1.0,-1.0,1.0,0.99874,0.999553,28681.0,22387.2,172.424,400.736,3.08643,51.2414,0.362155,1.017562,IN,28412.44063,28412.00637,0.942707,15334558.0,63138786.0
24879,10.6716,LD2,-3.642,16.75,6.538,7.51,PI+SIDIS,0.25,3.3,0.9,-0.8,11.322,42.608,11.348,42.704,11.352,42.719,11.344,42.69,11.288,42.479,0.9988,0.9966,0.9803,0.9712,-1.0,-1.0,-1.0,-1.0,-1.0,1.0,0.99912,0.999626,5516.0,4491.67,75.4104,408.399,6.85658,51.2433,0.364052,1.014917,IN,5500.54049,5500.13351,0.946862,3005034.0,13206700.0
24880,10.6716,LD2,-3.642,16.75,6.538,7.51,PI+SIDIS,0.25,3.3,0.9,-0.8,87.967,39.144,88.169,39.234,88.113,39.209,88.078,39.193,87.602,38.981,0.9989,0.9966,0.9796,0.9716,-1.0,-1.0,-1.0,-1.0,-1.0,1.0,0.9993,0.999654,42244.0,34554.2,208.628,404.089,2.43977,51.255,0.356798,1.013704,IN,43351.10824,43348.98076,0.947063,23370513.0,99073320.0
24881,10.6716,LD2,-3.642,16.75,6.538,7.51,PI+SIDIS,0.25,3.3,0.9,-0.8,76.793,38.684,76.956,38.766,76.874,38.725,76.841,38.708,76.445,38.509,0.9989,0.9966,0.9805,0.9722,-1.0,-1.0,-1.0,-1.0,-1.0,1.0,0.99936,0.999655,37403.0,30764.3,196.238,411.911,2.62748,51.2506,0.356027,1.013541,IN,37822.91696,37819.69704,0.946932,20393001.0,87074724.0
24882,10.6716,LD2,-3.642,16.75,6.538,7.51,PI+SIDIS,0.25,3.3,0.9,-0.8,46.434,26.702,46.536,26.76,46.383,26.672,46.358,26.658,46.102,26.51,0.999,0.9968,0.9858,0.9775,-1.0,-1.0,-1.0,-1.0,-1.0,1.0,0.99975,0.999773,21697.0,18919.2,148.862,416.428,3.27659,51.2608,0.3463,1.009347,IN,22866.6911,22866.0849,0.953318,12348231.0,41786793.0
24883,10.6716,LD2,-3.642,16.75,6.538,7.51,PI+SIDIS,0.25,3.3,0.9,-0.8,22.407,12.836,22.516,12.899,22.396,12.83,22.397,12.83,22.261,12.753,0.9991,0.9962,0.9876,0.9816,-1.0,-1.0,-1.0,-1.0,-1.0,1.0,0.9999,0.999894,9990.0,9358.67,100.475,423.862,4.5506,51.2663,0.339148,1.004506,IN,11064.51013,11063.82887,0.96322,5996586.0,13869905.0
24884,10.6716,LD2,-3.642,16.75,6.538,7.51,HMSDIS,0.25,3.3,0.9,-0.8,29890.508,37.1,29945.821,37.169,29889.522,37.099,29877.231,37.084,29719.398,36.888,0.9989,0.9966,-999,-999,-1.0,-1.0,-1.0,5.0,-1.0,-1.0,0.99771,0.966038,-999,-999,-999,165.409,0.166469,-999,-999,1.012983,IN,-999,-999,-999,7943362.0,33703026.0
24885,10.6716,LD2,-3.642,16.75,6.538,7.51,SHMSDIS,0.25,3.3,0.9,-0.8,36126.724,37.825,36200.592,37.903,36147.247,37.847,36135.215,37.834,35941.518,37.632,-999,-999,0.9789,0.9635,-1.0,65.0,-1.0,-1.0,-1.0,-1.0,0.99792,0.965798,-999,-999,-999,-12313.7,-47.5252,-999,-999,1.01324,IN,-999,-999,-999,9594681.0,40591605.0
24886,10.6716,LH2,-3.642,16.75,6.538,7.51,PI+SIDIS,0.25,3.3,0.9,-0.8,77.276,49.682,77.771,50.001,77.864,50.06,77.795,50.016,77.558,49.864,0.9991,0.9961,0.9821,0.9738,-1.0,-1.0,-1.0,-1.0,-1.0,1.0,0.99972,0.999756,21233.0,18815.8,147.091,248.742,1.94453,51.2437,0.350764,1.028004,IN,38197.29233,38196.97267,0.952636,10756966.0,32691558.0
24887,10.6716,LH2,-3.642,16.75,6.538,7.51,PI+SIDIS,0.25,3.3,0.9,-0.8,62.246,47.157,62.708,47.507,62.999,47.728,62.941,47.683,62.778,47.56,0.9991,0.9959,0.9816,0.9742,-1.0,-1.0,-1.0,-1.0,-1.0,1.0,0.99974,0.999763,17135.0,15218.2,132.115,249.4,2.16514,51.2224,0.357729,1.025641,IN,30887.67506,30884.20594,0.954508,8691262.0,32463501.0
24888,10.6716,LH2,-3.642,16.75,6.538,7.51,PI+SIDIS,0.25,3.3,0.9,-0.8,75.168,50.635,75.665,50.97,76.199,51.33,76.124,51.279,75.911,51.136,0.9991,0.9974,0.9819,0.9742,-1.0,-1.0,-1.0,-1.0,1.0,-1.0,0.99959,0.999756,20894.0,18878.8,145.705,256.448,1.97924,51.2181,0.358298,1.02936,IN,37181.1225,37177.6745,0.922104,10461861.0,41654016.0
24889,10.6716,LH2,-3.642,16.75,6.538,7.51,PI+SIDIS,0.25,3.3,0.9,-0.8,63.153,35.671,63.589,35.917,63.879,36.081,63.845,36.062,63.662,35.959,0.9991,0.9956,0.9858,0.9779,-1.0,-1.0,-1.0,-1.0,-1.0,1.0,0.99989,0.999838,17319.0,15911.0,132.49,256.13,2.13279,51.2155,0.351199,1.016932,IN,31246.67067,31250.37733,0.961036,8920555.0,28580611.0
24890,10.6716,LH2,-3.642,16.75,6.538,7.51,PI+SIDIS,0.25,3.3,0.9,-0.8,34.977,17.999,35.25,18.14,35.145,18.086,35.104,18.065,34.965,17.994,0.999,0.9963,0.9902,0.983,-1.0,-1.0,-1.0,-1.0,-1.0,1.0,0.99996,0.999923,9407.0,9006.83,97.3329,260.201,2.81188,51.2623,0.338693,1.007001,IN,17328.4219,17327.5891,0.969567,4986093.0,11164355.0
24891,10.6716,LH2,-3.642,16.75,6.538,7.51,HMSDIS,0.25,3.3,0.9,-0.8,47928.788,51.792,48345.592,52.242,48420.989,52.324,48384.583,52.284,48246.237,52.135,0.999,0.9963,-999,-999,-1.0,-1.0,-1.0,5.0,-1.0,-1.0,0.99915,0.975318,-999,-999,-999,86.9688,0.0949273,-999,-999,1.029274,IN,-999,-999,-999,6692572.0,26746346.0
24892,10.6716,LH2,-3.642,16.75,6.538,7.51,SHMSDIS,0.25,3.3,0.9,-0.8,43829.486,45.018,44218.577,45.418,44396.89,45.601,44356.794,45.56,44208.51,45.407,-999,-999,0.9806,0.968,-1.0,65.0,-1.0,-1.0,-1.0,-1.0,0.9986,0.977734,-999,-999,-999,-5680.51,-29.1811,-999,-999,1.023505,IN,-999,-999,-999,6148674.0,23475895.0
24893,10.6716,Dummy,-3.642,16.75,6.538,7.51,PI+SIDIS,0.25,3.3,0.9,-0.8,62.767,37.815,63.306,38.139,63.619,38.328,63.577,38.303,63.386,38.188,0.9989,0.997,0.9861,0.9788,-1.0,-1.0,-1.0,-1.0,-1.0,1.0,0.99995,0.999892,7200.0,6571.5,85.4678,106.176,1.38091,51.2193,0.351515,1.0,IN,31181.94251,31177.23449,0.961697,6526093.0,14955665.0
24894,10.6716,Dummy,-3.642,16.75,6.538,7.51,PI+SIDIS,0.25,3.3,0.9,-0.8,71.827,40.146,72.378,40.455,72.442,40.49,72.397,40.465,72.041,40.266,0.9988,0.9968,0.9866,0.979,-1.0,-1.0,-1.0,-1.0,-1.0,1.0,0.99994,0.99989,8369.0,7628.83,92.154,107.799,1.30218,51.2497,0.348746,1.0,IN,35573.41976,35573.45224,0.959811,7446293.0,17244269.0
24895,10.6716,Dummy,-3.642,16.75,6.538,7.51,HMSDIS,0.25,3.3,0.9,-0.8,35316.459,36.164,35567.996,36.421,35387.17,36.236,35364.419,36.213,35177.146,36.021,0.9991,0.9967,-999,-999,-1.0,-1.0,-1.0,3.0,-1.0,-1.0,0.9973,0.989379,-999,-999,-999,64.5252,0.0739056,-999,-999,1.0,IN,-999,-999,-999,3664859.0,8189186.0
24896,10.6716,Dummy,-3.642,16.75,6.538,7.51,SHMSDIS,0.25,3.3,0.9,-0.8,49928.511,39.511,50304.469,39.808,50159.993,39.694,50137.75,39.677,49953.242,39.531,-999,-999,0.9853,0.9742,-1.0,17.0,-1.0,-1.0,-1.0,-1.0,0.99822,0.989036,-999,-999,-999,-3004.03,-10.1505,-999,-999,1.0,IN,-999,-999,-999,5177708.0,11705862.0
24897,10.6716,C,-3.642,16.75,6.538,7.51,PI+SIDIS,0.25,3.3,0.9,-0.8,57.901,40.154,58.382,40.488,58.747,40.741,58.689,40.7,58.531,40.591,0.9991,0.9963,0.9829,0.9734,-1.0,-1.0,-1.0,-1.0,-1.0,1.0,1.0,0.999775,14106.0,12032.8,120.215,211.928,2.11728,51.2178,0.361033,1.0,IN,28680.31087,28682.12113,0.953925,10036882.0,29879632.0
24898,10.6716,C,-3.642,16.75,6.538,7.51,PI+SIDIS,0.25,3.3,0.9,-0.8,141.624,49.291,142.766,49.689,142.769,49.69,142.611,49.635,141.885,49.382,0.9989,0.9966,0.9825,0.9737,-1.0,-1.0,-1.0,-1.0,-1.0,1.0,0.99966,0.999764,34438.0,29177.0,187.922,210.193,1.35381,51.2685,0.348362,1.0,IN,70229.94709,70227.19691,0.95036,24532733.0,76422661.0
24899,10.6716,C,-3.642,16.75,6.538,7.51,PI+SIDIS,0.25,3.3,0.9,-0.8,41.952,24.121,42.237,24.285,42.117,24.216,42.089,24.2,41.952,24.121,0.999,0.9964,0.9865,0.9794,-1.0,-1.0,-1.0,-1.0,-1.0,1.0,0.9999,0.99989,9733.0,8964.0,99.3034,216.934,2.40319,51.2586,0.337982,1.0,IN,20754.78197,20755.55603,0.962025,7241880.0,15065654.0
24900,10.6716,C,-3.642,16.75,6.538,7.51,HMSDIS,0.25,3.3,0.9,-0.8,51240.332,46.994,51592.545,47.317,51876.922,47.578,51829.24,47.534,51693.314,47.409,0.9989,0.9967,-999,-999,-1.0,-1.0,-1.0,9.0,-1.0,-1.0,0.99859,0.976883,-999,-999,-999,107.483,0.137102,-999,-999,1.0,IN,-999,-999,-999,8862428.0,27139248.0
24901,10.6716,C,-3.642,16.75,6.538,7.51,SHMSDIS,0.25,3.3,0.9,-0.8,41386.519,50.005,41680.636,50.361,41996.014,50.742,41951.551,50.688,41851.51,50.567,-999,-999,0.9807,0.9661,-1.0,33.0,-1.0,-1.0,-1.0,-1.0,0.99777,0.976427,-999,-999,-999,-5933.69,-21.8869,-999,-999,1.0,IN,-999,-999,-999,7166545.0,22382110.0
24902,10.6716,Cu,-3.642,16.75,6.538,7.51,PI+SIDIS,0.25,3.3,0.9,-0.8,50.548,46.255,50.923,46.599,50.944,46.617,50.893,46.571,50.63,46.33,0.9989,0.997,0.9788,0.9698,-1.0,-1.0,-1.0,-1.0,-1.0,1.0,0.99977,0.999786,5985.0,4875.33,78.549,98.8526,1.59267,51.2694,0.350566,1.0,IN,24980.53591,24976.33709,0.947849,6688308.0,22966644.0
24903,10.6716,Cu,-3.642,16.75,6.538,7.51,PI+SIDIS,0.25,3.3,0.9,-0.8,140.766,56.389,141.8,56.803,142.314,57.009,142.177,56.954,141.801,56.804,0.9989,0.9966,0.9782,0.9668,-1.0,-1.0,-1.0,-1.0,-1.0,1.0,0.99967,0.999749,17062.0,13577.2,132.826,99.1785,0.970269,51.2378,0.357686,1.0,IN,69726.05802,69724.09598,0.946132,18533109.0,71050365.0
24905,10.6716,Cu,-3.642,16.75,6.538,7.51,HMSDIS,0.25,3.3,0.9,-0.8,45644.038,50.166,45898.17,50.446,46049.212,50.612,46092.93,50.66,45904.514,50.453,0.999,0.9968,-999,-999,-1.0,-1.0,-1.0,5.0,-1.0,-1.0,0.99813,0.979139,-999,-999,-999,81.6976,0.0944747,-999,-999,1.0,IN,-999,-999,-999,6018716.0,19931517.0
24906,10.6716,Cu,-3.642,16.75,6.538,7.51,HMSDIS,0.25,3.3,0.9,-0.8,13276.964,45.861,13365.624,46.167,13405.556,46.305,13418.006,46.348,13364.582,46.164,0.9989,0.9967,-999,-999,-1.0,-1.0,-1.0,5.0,-1.0,-1.0,1.0,0.979769,-999,-999,-999,81.8839,0.175117,-999,-999,1.0,IN,-999,-999,-999,1752729.0,5831308.0
24907,10.6716,LD2,-3.642,16.75,4.868,7.51,PI+SIDIS,0.25,3.3,0.67,-0.8,31.17,18.352,31.374,18.472,31.27,18.411,31.301,18.429,31.191,18.365,0.9991,0.9965,0.9792,0.9709,-1.0,-1.0,-1.0,-1.0,-1.0,1.0,1.0,0.999554,20034.0,14917.5,144.522,490.165,4.74878,51.264,0.344448,1.006452,IN,15423.05639,15422.22561,0.954102,8345073.0,29384554.0
24908,10.6716,LD2,-3.642,16.75,4.868,7.51,PI+SIDIS,0.25,3.3,0.67,-0.8,35.729,18.821,35.919,18.921,35.794,18.855,35.833,18.876,35.689,18.799,0.9991,0.9965,0.9794,0.9707,-1.0,-1.0,-1.0,-1.0,-1.0,1.0,0.99964,0.99955,22788.0,16906.5,154.17,485.502,4.42727,51.2567,0.351405,1.006609,IN,17653.9068,17654.1902,0.95355,9549668.0,45242439.0
24909,10.6716,LD2,-3.642,16.75,4.868,7.51,PI+SIDIS,0.25,3.3,0.67,-0.8,18.165,9.348,18.347,9.442,18.245,9.389,18.295,9.415,18.186,9.359,0.9992,0.9965,0.9846,0.9777,-1.0,-1.0,-1.0,-1.0,-1.0,1.0,0.99989,0.999778,10510.0,8960.67,103.77,499.996,5.79026,51.2708,0.337641,1.003298,IN,9035.57528,9036.01672,0.963299,4888545.0,16923981.0
24910,10.6716,LD2,-3.642,16.75,4.868,7.51,PI+SIDIS,0.25,3.3,0.67,-0.8,17.142,9.435,17.307,9.526,17.213,9.474,17.26,9.5,17.157,9.444,0.9991,0.9966,0.9853,0.9773,-1.0,-1.0,-1.0,-1.0,-1.0,1.0,0.99989,0.999776,9869.0,8393.33,100.573,496.736,5.95214,51.2672,0.336462,1.003327,IN,8504.89004,8504.40096,0.964095,4614818.0,16285699.0
24911,10.6716,LD2,-3.642,16.75,4.868,7.51,HMSDIS,0.25,3.3,0.67,-0.8,8900.782,9.468,8984.977,9.558,8936.407,9.506,8961.351,9.533,8910.894,9.479,0.9992,0.997,-999,-999,-1.0,-1.0,-1.0,2.0,-1.0,-1.0,0.99653,0.97763,-999,-999,-999,166.509,0.192932,-999,-999,1.003339,IN,-999,-999,-999,2397487.0,8476524.0
24912,10.6716,LD2,-3.642,16.75,4.868,7.51,SHMSDIS,0.25,3.3,0.67,-0.8,9263.526,9.478,9359.332,9.576,9309.749,9.526,9336.792,9.553,9285.044,9.5,-999,-999,0.9839,0.9755,-1.0,33.0,-1.0,-1.0,-1.0,-1.0,0.99825,0.977548,-999,-999,-999,-57283.7,-143.276,-999,-999,1.003345,IN,-999,-999,-999,2496990.0,8764847.0
24913,10.6716,LH2,-3.642,16.75,4.868,7.51,PI+SIDIS,0.25,3.3,0.67,-0.8,71.003,36.842,71.384,37.039,71.318,37.005,71.44,37.068,71.066,36.874,0.9991,0.9958,0.9777,0.9679,-1.0,-1.0,-1.0,-1.0,-1.0,1.0,0.99967,0.999548,24888.0,18746.3,160.971,271.655,2.33264,51.2507,0.35257,1.018274,IN,35150.03074,35143.10226,0.953374,10009209.0,72195379.0
24914,10.6716,LH2,-3.642,16.75,4.868,7.51,PI+SIDIS,0.25,3.3,0.67,-0.8,27.884,38.18,28.043,38.398,28.016,38.36,28.065,38.428,27.936,38.252,0.999,0.9959,0.9763,0.9674,-1.0,-1.0,-1.0,-1.0,-1.0,1.0,0.99964,0.999543,9849.0,7424.33,101.258,274.042,3.73756,51.2492,0.350683,1.019297,IN,13739.76272,13741.30028,0.952581,3929680.0,28778004.0
24915,10.6716,LH2,-3.642,16.75,4.868,7.51,PI+SIDIS,0.25,3.3,0.67,-0.8,44.397,36.408,44.661,36.624,44.616,36.587,44.698,36.654,44.471,36.469,0.999,0.9959,0.9783,0.9691,-1.0,-1.0,-1.0,-1.0,-1.0,1.0,0.99965,0.99955,15639.0,11783.5,127.599,272.625,2.95215,51.2575,0.355204,1.018162,IN,21922.76893,21922.62707,0.952954,6257959.0,44191316.0
24916,10.6716,LH2,-3.642,16.75,4.868,7.51,PI+SIDIS,0.25,3.3,0.67,-0.8,71.787,37.075,72.334,37.357,72.274,37.326,72.402,37.392,72.051,37.211,0.999,0.9974,0.978,0.9691,-1.0,-1.0,-1.0,-1.0,1.0,-1.0,0.99896,0.999547,25077.0,19622.7,161.202,280.501,2.30434,51.2501,0.354015,1.018176,IN,35564.74173,35565.71727,0.922714,10138395.0,70386156.0
24917,10.6716,LH2,-3.642,16.75,4.868,7.51,PI+SIDIS,0.25,3.3,0.67,-0.8,5.613,23.91,5.66,24.112,5.649,24.064,5.657,24.097,5.633,23.998,0.999,0.996,0.9809,0.9759,-1.0,-1.0,-1.0,-1.0,-1.0,1.0,0.99982,0.999702,1827.0,1494.0,43.3878,270.797,7.86431,51.2627,0.34313,1.01005,IN,2737.20231,2736.32069,0.959031,798061.0,4073964.0
24920,10.6716,LH2,-3.642,16.75,4.868,7.51,PI+SIDIS,0.25,3.3,0.67,-0.8,47.949,24.68,48.357,24.89,48.193,24.806,48.249,24.834,47.985,24.699,0.9991,0.9955,0.9833,0.9742,-1.0,-1.0,-1.0,-1.0,-1.0,1.0,0.99988,0.999699,16028.0,13141.5,128.488,279.242,2.73022,51.2605,0.340484,1.01051,IN,23768.01161,23769.53539,0.959515,6818262.0,20593569.0
24921,10.6716,LH2,-3.642,16.75,4.868,7.51,PI+SIDIS,0.25,3.3,0.67,-0.8,23.34,12.65,23.593,12.787,23.36,12.66,23.409,12.687,23.288,12.621,0.999,0.996,0.9845,0.9775,-1.0,-1.0,-1.0,-1.0,-1.0,1.0,0.99994,0.999849,7166.0,6421.83,85.3817,278.752,3.70615,51.2882,0.334056,1.004606,IN,11596.83644,11596.33356,0.968234,3347410.0,7083477.0
24922,10.6716,LH2,-3.642,16.75,4.868,7.51,HMSDIS,0.25,3.3,0.67,-0.8,35863.643,36.731,36144.323,37.019,36040.866,36.913,36105.564,36.979,35989.235,36.86,0.999,0.9961,-999,-999,-1.0,-1.0,-1.0,3.0,-1.0,-1.0,0.99794,0.954611,-999,-999,-999,87.9448,0.0855679,-999,-999,1.017778,IN,-999,-999,-999,5063082.0,20037289.0
24923,10.6716,LH2,-3.642,16.75,4.868,7.51,SHMSDIS,0.25,3.3,0.67,-0.8,35536.679,35.615,35828.711,35.908,35809.155,35.888,35870.146,35.95,35742.305,35.821,-999,-999,0.973,0.961,-1.0,65.0,-1.0,-1.0,-1.0,-1.0,0.99791,0.955015,-999,-999,-999,-34668.5,-80.3993,-999,-999,1.016981,IN,-999,-999,-999,5025040.0,34756469.0
24924,10.6716,Dummy,-3.642,16.75,4.868,7.51,PI+SIDIS,0.25,3.3,0.67,-0.8,73.634,37.364,74.313,37.709,74.468,37.788,74.572,37.84,74.284,37.694,0.9991,0.9965,0.9797,0.9708,-1.0,-1.0,-1.0,-1.0,-1.0,1.0,0.99983,0.999695,13407.0,10494.8,117.866,145.628,1.63553,51.2467,0.349776,1.0,IN,36600.53865,36598.08635,0.956384,7656701.0,38215702.0
24925,10.6716,Dummy,-3.642,16.75,4.868,7.51,HMSDIS,0.25,3.3,0.67,-0.8,30219.516,37.777,30493.943,38.12,30489.383,38.114,30521.957,38.155,30378.046,37.975,0.999,0.9966,-999,-999,-1.0,-1.0,-1.0,3.0,-1.0,-1.0,0.99724,0.969309,-999,-999,-999,64.3674,0.0797267,-999,-999,1.0,IN,-999,-999,-999,3141378.0,15680561.0
24926,10.6716,Dummy,-3.642,16.75,4.868,7.51,SHMSDIS,0.25,3.3,0.67,-0.8,34763.834,39.294,35099.261,39.673,34915.382,39.466,34955.814,39.511,34748.526,39.277,-999,-999,0.9771,0.9662,-1.0,65.0,-1.0,-1.0,-1.0,-1.0,0.99942,0.968867,-999,-999,-999,-18927.7,-59.8946,-999,-999,1.0,IN,-999,-999,-999,3612083.0,18621219.0
24927,10.6716,C,-3.642,16.75,4.868,7.51,PI+SIDIS,0.25,3.3,0.67,-0.8,22.907,34.299,23.126,34.627,23.024,34.474,23.064,34.534,22.996,34.432,0.999,0.9966,0.9768,0.9685,-1.0,-1.0,-1.0,-1.0,-1.0,1.0,0.99958,0.999544,8406.0,6126.17,93.7335,273.908,4.19093,51.245,0.356286,1.0,IN,11321.97287,11320.76713,0.951553,3964783.0,22071067.0
24928,10.6716,C,-3.642,16.75,4.868,7.51,PI+SIDIS,0.25,3.3,0.67,-0.8,65.657,33.974,66.232,34.272,66.211,34.261,66.304,34.309,65.989,34.146,0.999,0.9963,0.9774,0.9677,-1.0,-1.0,-1.0,-1.0,-1.0,1.0,0.99957,0.999548,24117.0,17558.5,158.777,274.348,2.48086,51.2457,0.350983,1.0,IN,32554.64608,32551.43792,0.951251,11351247.0,37219137.0
24929,10.6716,C,-3.642,16.75,4.868,7.51,PI+SIDIS,0.25,3.3,0.67,-0.8,41.462,34.162,41.816,34.454,41.792,34.433,41.849,34.481,41.65,34.317,0.999,0.9963,0.9773,0.9673,-1.0,-1.0,-1.0,-1.0,-1.0,1.0,0.99958,0.999547,15090.0,10994.5,125.589,272.199,3.1093,51.2487,0.35744,1.0,IN,20525.67883,20527.26217,0.952064,7165454.0,27270744.0
24930,10.6716,C,-3.642,16.75,4.868,7.51,PI+SIDIS,0.25,3.3,0.67,-0.8,31.013,17.581,31.325,17.758,31.238,17.709,31.273,17.729,31.157,17.663,0.9992,0.9962,0.9832,0.9757,-1.0,-1.0,-1.0,-1.0,-1.0,1.0,0.99987,0.999775,9976.0,8376.83,101.205,274.332,3.31437,51.2533,0.34172,1.0,IN,15397.24957,15396.59743,0.961968,5370685.0,17754791.0
24931,10.6716,C,-3.642,16.75,4.868,7.51,HMSDIS,0.25,3.3,0.67,-0.8,35314.035,32.414,35564.023,32.643,35529.118,32.611,35579.767,32.658,35398.389,32.491,0.999,0.9966,-999,-999,-1.0,-1.0,-1.0,5.0,-1.0,-1.0,0.99785,0.955648,-999,-999,-999,107.353,0.123047,-999,-999,1.0,IN,-999,-999,-999,6095439.0,34459629.0
24932,10.6716,C,-3.642,16.75,4.868,7.51,SHMSDIS,0.25,3.3,0.67,-0.8,31533.252,32.811,31816.051,33.106,31783.161,33.071,31830.504,33.121,31678.552,32.962,-999,-999,0.9741,0.9608,-1.0,65.0,-1.0,-1.0,-1.0,-1.0,0.99808,0.955166,-999,-999,-999,-34687.9,-85.2945,-999,-999,1.0,IN,-999,-999,-999,5452040.0,29507926.0
24933,10.6716,Cu,-3.642,16.75,4.868,7.51,PI+SIDIS,0.25,3.3,0.67,-0.8,76.671,38.536,77.347,38.876,77.351,38.878,77.444,38.924,77.076,38.74,0.999,0.9967,0.9767,0.9642,-1.0,-1.0,-1.0,-1.0,-1.0,1.0,0.99966,0.999569,15867.0,10845.2,129.244,145.616,1.73533,51.2422,0.354852,1.0,IN,38017.87696,38020.52604,0.949205,10125687.0,73768762.0
24934,10.6716,Cu,-3.642,16.75,4.868,7.51,PI+SIDIS,0.25,3.3,0.67,-0.8,69.568,37.72,70.098,38.007,70.139,38.03,70.215,38.071,69.912,37.907,0.9991,0.9969,0.9757,0.9644,-1.0,-1.0,-1.0,-1.0,-1.0,1.0,0.99963,0.999572,14489.0,9960.0,123.466,147.519,1.82867,51.2437,0.360122,1.0,IN,34525.53141,34524.69259,0.948787,9180498.0,68507875.0
24935,10.6716,Cu,-3.642,16.75,4.868,7.51,PI+SIDIS,0.25,3.3,0.67,-0.8,68.634,38.011,69.112,38.276,69.184,38.316,69.264,38.36,68.976,38.201,0.9991,0.9971,0.9753,0.9643,-1.0,-1.0,-1.0,-1.0,-1.0,1.0,0.99961,0.999571,14096.0,9635.0,121.817,144.76,1.83023,51.2398,0.351765,1.0,IN,33967.87275,33970.84425,0.949341,9049532.0,68580319.0
24936,10.6716,Cu,-3.642,16.75,4.868,7.51,HMSDIS,0.25,3.3,0.67,-0.8,43284.366,39.456,43620.01,39.762,43682.938,39.82,43734.827,39.867,43548.316,39.697,0.999,0.997,-999,-999,-1.0,-1.0,-1.0,5.0,-1.0,-1.0,0.9983,0.956603,-999,-999,-999,81.6609,0.0968803,-999,-999,1.0,IN,-999,-999,-999,5714881.0,44157171.0
24937,10.6716,Cu,-3.642,16.75,4.868,7.51,SHMSDIS,0.25,3.3,0.67,-0.8,44965.64,39.514,45300.392,39.808,45380.854,39.878,45429.708,39.921,45230.006,39.746,-999,-999,0.9722,0.9567,-1.0,65.0,-1.0,-1.0,-1.0,-1.0,0.99871,0.956466,-999,-999,-999,-28569.7,-64.9352,-999,-999,1.0,IN,-999,-999,-999,5933380.0,45498828.0
24938,10.6716,LD2,-3.642,16.75,4.868,7.51,PI+SIDIS,0.25,3.3,0.67,-0.8,35.474,18.917,35.878,19.133,35.854,19.12,35.884,19.136,35.747,19.063,0.9991,0.9967,0.9809,0.9715,-1.0,-1.0,-1.0,-1.0,-1.0,1.0,0.99964,0.999549,22727.0,16802.5,153.995,482.669,4.42366,51.2383,0.348752,1.006683,IN,17634.39613,17635.28087,0.954495,9535717.0,56913450.0
24939,10.6716,LD2,-3.642,16.75,4.868,7.51,PI+SIDIS,0.25,3.3,0.67,-0.8,15.675,18.422,15.849,18.626,15.844,18.621,15.858,18.637,15.807,18.578,0.9991,0.9968,0.9808,0.9714,-1.0,-1.0,-1.0,-1.0,-1.0,1.0,0.99208,0.999553,10014.0,7442.5,102.189,487.71,6.69648,51.231,0.352679,1.006506,IN,7709.16651,7708.38549,0.95434,4213622.0,25434165.0
24943,10.6716,LD2,-3.642,16.75,4.868,7.51,PI+SIDIS,0.25,3.3,0.67,-0.8,39.613,18.68,40.065,18.893,40.083,18.902,40.116,18.917,39.975,18.851,0.999,0.9966,0.9805,0.9718,-1.0,-1.0,-1.0,-1.0,-1.0,1.0,0.99961,0.99955,25174.0,18557.8,162.101,477.297,4.16914,51.2307,0.355807,1.006599,IN,19699.05199,19696.48501,0.95519,10640893.0,63480503.0
24944,10.6716,LD2,-3.642,16.75,4.868,7.51,PI+SIDIS,0.25,3.3,0.67,-0.8,36.872,18.63,37.28,18.836,37.301,18.847,37.327,18.86,37.202,18.797,0.9991,0.997,0.9796,0.9715,-1.0,-1.0,-1.0,-1.0,-1.0,1.0,0.99962,0.99955,23977.0,17843.3,158.112,493.301,4.37119,51.2343,0.349685,1.006579,IN,18323.25217,18320.91783,0.955042,9908029.0,56811405.0
24945,10.6716,LD2,-3.642,16.75,4.868,7.51,PI+SIDIS,0.25,3.3,0.67,-0.8,25.718,18.599,26.003,18.805,25.836,18.684,25.855,18.699,25.741,18.616,0.9991,0.9969,0.979,0.9719,-1.0,-1.0,-1.0,-1.0,-1.0,1.0,0.99965,0.999549,16428.0,12169.5,130.911,482.138,5.18651,51.275,0.348683,1.006569,IN,12767.9057,12768.2573,0.952602,6909734.0,41120313.0
24946,10.6716,LD2,-3.642,16.75,4.868,7.51,PI+SIDIS,0.25,3.3,0.67,-0.8,18.133,9.504,18.405,9.647,18.213,9.546,18.263,9.573,18.156,9.516,0.9991,0.997,0.9843,0.9786,-1.0,-1.0,-1.0,-1.0,-1.0,1.0,0.99992,0.999774,10390.0,8799.33,103.224,489.028,5.73671,51.2782,0.333989,1.00337,IN,9045.71644,9045.33556,0.961735,4900475.0,17110584.0
24947,10.6716,LD2,-3.642,16.75,4.868,7.51,PI+SIDIS,0.25,3.3,0.67,-0.8,17.601,9.409,17.871,9.553,17.753,9.49,17.803,9.517,17.722,9.474,0.9992,0.9966,0.9857,0.9789,-1.0,-1.0,-1.0,-1.0,-1.0,1.0,0.99993,0.999776,10139.0,8661.33,101.908,495.537,5.83043,51.2528,0.3412,1.003337,IN,8783.93391,8783.65409,0.962586,4759955.0,16393175.0
24948,10.6716,LH2,-3.642,16.75,4.868,7.51,PI+SIDIS,0.25,3.3,0.67,-0.8,79.454,35.659,80.316,36.046,80.441,36.102,80.553,36.152,80.217,36.001,0.9991,0.9961,0.9788,0.97,-1.0,-1.0,-1.0,-1.0,-1.0,1.0,0.99981,0.999552,27841.0,20999.8,170.239,269.845,2.18755,51.2232,0.362042,1.017517,IN,39489.79303,39490.64397,0.954642,11244106.0,78993615.0
24949,10.6716,LH2,-3.642,16.75,4.868,7.51,PI+SIDIS,0.25,3.3,0.67,-0.8,70.939,37.421,71.759,37.853,71.757,37.852,71.832,37.891,71.462,37.696,0.9991,0.9958,0.9781,0.9697,-1.0,-1.0,-1.0,-1.0,-1.0,1.0,0.99967,0.999544,25174.0,18990.7,161.878,273.251,2.32922,51.2466,0.350922,1.018792,IN,35270.23711,35268.36489,0.953363,10051137.0,74576716.0
24950,10.6716,LH2,-3.642,16.75,4.868,7.51,PI+SIDIS,0.25,3.3,0.67,-0.8,47.084,24.822,47.722,25.158,47.351,24.963,47.393,24.985,47.15,24.857,0.9991,0.9956,0.9822,0.9752,-1.0,-1.0,-1.0,-1.0,-1.0,1.0,0.99985,0.999698,15648.0,12801.8,126.974,275.369,2.73122,51.2799,0.345512,1.010646,IN,23506.43608,23507.36192,0.958305,6727039.0,36797061.0
24951,10.6716,LH2,-3.642,16.75,4.868,7.51,PI+SIDIS,0.25,3.3,0.67,-0.8,27.114,12.243,27.595,12.461,27.446,12.393,27.493,12.415,27.397,12.371,0.9993,0.9959,0.9862,0.9787,-1.0,-1.0,-1.0,-1.0,-1.0,1.0,0.99993,0.999851,8273.0,7406.17,91.7468,274.44,3.39973,51.2485,0.334624,1.00443,IN,13565.45254,13564.60946,0.969628,3912483.0,12286388.0
24952,10.6716,Dummy,-3.642,16.75,4.868,7.51,PI+SIDIS,0.25,3.3,0.67,-0.8,88.167,38.575,89.457,39.14,89.615,39.209,89.696,39.244,89.33,39.084,0.9991,0.9967,0.9801,0.9716,-1.0,-1.0,-1.0,-1.0,-1.0,1.0,0.9998,0.999687,15986.0,12395.0,128.781,142.766,1.4833,51.2338,0.349907,1.0,IN,43982.32666,43980.11134,0.956134,9217242.0,47741780.0
24953,10.6716,C,-3.642,16.75,4.868,7.51,PI+SIDIS,0.25,3.3,0.67,-0.8,64.517,35.19,65.475,35.712,65.112,35.514,65.2,35.562,64.912,35.405,0.999,0.9967,0.9784,0.9692,-1.0,-1.0,-1.0,-1.0,-1.0,1.0,0.99954,0.999536,23858.0,17218.3,158.002,271.729,2.49348,51.2721,0.350884,1.0,IN,32183.2977,32182.4603,0.950861,11225472.0,66414849.0
24954,10.6716,C,-3.642,16.75,4.868,7.51,PI+SIDIS,0.25,3.3,0.67,-0.8,61.88,33.714,62.816,34.224,62.72,34.172,62.81,34.221,62.604,34.109,0.999,0.9965,0.9778,0.9702,-1.0,-1.0,-1.0,-1.0,-1.0,1.0,0.99963,0.999545,22932.0,16751.7,154.797,275.247,2.54347,51.2381,0.355205,1.0,IN,30871.86508,30871.14392,0.952237,10760898.0,63083715.0
24955,10.6716,C,-3.642,16.75,4.868,7.51,PI+SIDIS,0.25,3.3,0.67,-0.8,30.741,16.838,31.238,17.11,31.241,17.112,31.264,17.124,31.178,17.078,0.9992,0.9967,0.9837,0.9766,-1.0,-1.0,-1.0,-1.0,-1.0,1.0,0.99992,0.999782,9917.0,8380.33,100.862,274.944,3.3091,51.2244,0.342001,1.0,IN,15354.2765,15352.6495,0.963282,5361246.0,17921361.0
24956,10.6716,Cu,-3.642,16.75,4.868,7.51,PI+SIDIS,0.25,3.3,0.67,-0.8,42.151,39.258,42.769,39.834,42.689,39.759,42.729,39.796,42.545,39.626,0.9991,0.9968,0.9777,0.9671,-1.0,-1.0,-1.0,-1.0,-1.0,1.0,0.99965,0.999557,8953.0,6070.17,97.1261,146.941,2.35113,51.2682,0.36308,1.0,IN,20986.30479,20984.45921,0.947741,5613153.0,43624040.0
24957,10.6716,Cu,-3.642,16.75,4.868,7.51,PI+SIDIS,0.25,3.3,0.67,-0.8,37.006,39.738,37.598,40.374,37.581,40.356,37.627,40.405,37.52,40.291,0.9989,0.9968,0.9776,0.9661,-1.0,-1.0,-1.0,-1.0,-1.0,1.0,0.99964,0.999554,7777.0,5194.5,90.5948,143.216,2.49777,51.215,0.354742,1.0,IN,18441.76945,18441.54655,0.94846,4938562.0,28954663.0
24958,10.6716,Cu,-3.642,16.75,4.868,7.51,PI+SIDIS,0.25,3.3,0.67,-0.8,70.302,39.893,71.327,40.475,71.505,40.576,71.589,40.624,71.362,40.495,0.9991,0.997,0.9779,0.9661,-1.0,-1.0,-1.0,-1.0,-1.0,1.0,1.0,0.999555,14710.0,9862.83,124.571,143.257,1.80938,51.2174,0.359785,1.0,IN,35069.37564,35070.79536,0.950068,9347036.0,72553737.0
24959,10.6716,Cu,-3.642,16.75,4.868,7.51,PI+SIDIS,0.25,3.3,0.67,-0.8,72.823,39.813,73.909,40.406,73.862,40.381,73.928,40.417,73.595,40.235,0.999,0.997,0.9764,0.9665,-1.0,-1.0,-1.0,-1.0,-1.0,1.0,0.99962,0.999556,15153.0,10166.7,126.428,142.522,1.77234,51.2425,0.354879,1.0,IN,36324.31432,36326.13568,0.948757,9682033.0,75499354.0
24960,10.6716,LD2,-3.642,16.75,3.632,7.51,PI+SIDIS,0.25,3.3,0.5,-0.8,2.455,8.296,2.513,8.491,2.488,8.408,2.495,8.432,2.483,8.392,0.9991,0.9965,0.9798,0.9764,-1.0,-1.0,-1.0,-1.0,-1.0,1.0,0.99991,0.999581,1619.0,1154.83,41.1869,471.115,16.8022,51.2454,0.351338,1.002966,IN,1221.0818,1221.0372,0.958766,670575.0,2400722.0
24961,10.6716,LD2,-3.642,16.75,3.632,7.51,PI+SIDIS,0.25,3.3,0.5,-0.8,14.492,8.053,14.833,8.242,14.783,8.214,14.824,8.237,14.76,8.202,0.9992,0.9966,0.9814,0.9738,-1.0,-1.0,-1.0,-1.0,-1.0,1.0,0.99987,0.999593,9851.0,7232.5,101.427,501.181,7.02845,51.2247,0.348614,1.002879,IN,7287.66904,7287.58396,0.960788,3955179.0,13957635.0
24962,10.6716,LD2,-3.642,16.75,3.632,7.51,PI+SIDIS,0.25,3.3,0.5,-0.8,13.587,7.947,13.909,8.135,13.822,8.084,13.858,8.105,13.785,8.063,0.9991,0.9965,0.9798,0.9743,-1.0,-1.0,-1.0,-1.0,-1.0,1.0,0.99987,0.9996,8984.0,6590.67,96.8653,486.841,7.15527,51.2488,0.347129,1.002842,IN,6835.56437,6835.08963,0.959273,3704747.0,12966875.0
24964,10.6716,LD2,-3.642,16.75,3.632,7.51,PI+SIDIS,0.25,3.3,0.5,-0.8,14.617,7.778,14.975,7.969,14.808,7.88,14.849,7.902,14.78,7.865,0.9991,0.9968,0.9814,0.9742,-1.0,-1.0,-1.0,-1.0,-1.0,1.0,0.99987,0.999605,9924.0,7369.33,101.734,505.663,6.98069,51.2667,0.345229,1.002784,IN,7359.5396,7359.7794,0.958898,3992504.0,13917224.0
24965,10.6716,LD2,-3.642,16.75,3.632,7.51,PI+SIDIS,0.25,3.3,0.5,-0.8,9.013,3.839,9.326,3.972,9.237,3.934,9.219,3.926,9.188,3.913,0.9992,0.9967,0.9823,0.9764,-1.0,-1.0,-1.0,-1.0,-1.0,1.0,0.99996,0.999805,5483.0,4673.67,74.9526,513.687,8.2381,51.2491,0.3436,1.001387,IN,4585.11169,4584.55131,0.968548,2490309.0,6278440.0
24966,10.6716,LD2,-3.642,16.75,3.632,7.51,PI+SIDIS,0.25,3.3,0.5,-0.8,7.269,3.903,7.515,4.035,7.462,4.006,7.447,3.999,7.428,3.988,0.9993,0.9968,0.9852,0.978,-1.0,-1.0,-1.0,-1.0,-1.0,1.0,0.99997,0.999803,4300.0,3638.83,66.4093,495.461,9.04225,51.2323,0.335456,1.001409,IN,3693.34651,3693.25149,0.968083,2004919.0,5092297.0
24967,10.6716,LD2,-3.642,16.75,3.632,7.51,HMSDIS,0.25,3.3,0.5,-0.8,8354.837,7.909,8555.42,8.099,8535.202,8.08,8560.985,8.105,8522.407,8.068,0.9992,0.9968,-999,-999,-1.0,-1.0,-1.0,2.0,-1.0,-1.0,0.99619,0.96016,-999,-999,-999,166.416,0.197694,-999,-999,1.002829,IN,-999,-999,-999,2280279.0,8031515.0
24968,10.6716,LD2,-3.642,16.75,3.632,7.51,SHMSDIS,0.25,3.3,0.5,-0.8,7830.308,7.605,8016.054,7.785,8004.76,7.774,8022.543,7.791,7982.175,7.752,-999,-999,0.9808,0.9729,-1.0,65.0,-1.0,-1.0,-1.0,-1.0,0.99903,0.960656,-999,-999,-999,-118460.0,-312.948,-999,-999,1.002719,IN,-999,-999,-999,2137973.0,7472379.0
24969,10.6716,LH2,-3.642,16.75,3.632,7.51,PI+SIDIS,0.25,3.3,0.5,-0.8,30.251,17.765,30.808,18.092,30.801,18.089,30.826,18.103,30.724,18.043,0.9991,0.9957,0.9795,0.9712,-1.0,-1.0,-1.0,-1.0,-1.0,1.0,0.99986,0.999562,11650.0,8545.5,110.306,285.901,3.69044,51.2403,0.34857,1.006975,IN,15140.81547,15142.02253,0.959364,4351864.0,17113788.0
24970,10.6716,LH2,-3.642,16.75,3.632,7.51,PI+SIDIS,0.25,3.3,0.5,-0.8,33.707,17.785,34.274,18.084,34.206,18.048,34.237,18.064,34.119,18.002,0.9992,0.9961,0.9783,0.9713,-1.0,-1.0,-1.0,-1.0,-1.0,1.0,1.0,0.999562,12673.0,9300.5,115.044,279.599,3.45854,51.2436,0.342327,1.006942,IN,16854.57917,16854.77483,0.958882,4846413.0,19071991.0
24971,10.6716,LH2,-3.642,16.75,3.632,7.51,PI+SIDIS,0.25,3.3,0.5,-0.8,33.017,17.72,33.565,18.014,33.478,17.967,33.505,17.982,33.377,17.913,0.9991,0.9956,0.9799,0.9714,-1.0,-1.0,-1.0,-1.0,-1.0,1.0,0.99984,0.999563,12658.0,9295.5,114.971,285.395,3.52991,51.2458,0.34255,1.006908,IN,16497.11024,16496.41176,0.958891,4746252.0,18430722.0
24972,10.6716,LH2,-3.642,16.75,3.632,7.51,PI+SIDIS,0.25,3.3,0.5,-0.8,33.338,17.996,33.874,18.285,33.766,18.227,33.793,18.242,33.665,18.172,0.9991,0.9974,0.979,0.9722,-1.0,-1.0,-1.0,-1.0,1.0,-1.0,0.99951,0.999561,12784.0,9784.83,115.256,297.533,3.50465,51.257,0.344983,1.007054,IN,16650.42333,16651.53567,0.93063,4785560.0,18568669.0
24974,10.6716,LH2,-3.642,16.75,3.632,7.51,PI+SIDIS,0.25,3.3,0.5,-0.8,16.855,8.897,17.203,9.081,17.096,9.025,17.137,9.046,17.053,9.002,0.9993,0.9958,0.9856,0.9755,-1.0,-1.0,-1.0,-1.0,-1.0,1.0,0.99997,0.999781,5624.0,4728.83,75.9815,281.993,4.53099,51.259,0.331787,1.003041,IN,8455.82138,8456.27562,0.968261,2444198.0,6577502.0
24975,10.6716,LH2,-3.642,16.75,3.632,7.51,PI+SIDIS,0.25,3.3,0.5,-0.8,16.566,8.924,16.908,9.108,16.796,9.048,16.837,9.07,16.739,9.017,0.999,0.9957,0.984,0.9775,-1.0,-1.0,-1.0,-1.0,-1.0,1.0,0.99996,0.999781,5748.0,4848.33,76.7981,293.655,4.65153,51.2549,0.342048,1.003085,IN,8311.01942,8310.53058,0.967488,2403699.0,6535037.0
24978,10.6716,LH2,-3.642,16.75,3.632,7.51,HMSDIS,0.25,3.3,0.5,-0.8,16640.619,17.659,16882.076,17.915,16805.45,17.834,16823.381,17.853,16757.68,17.783,0.9991,0.9961,-999,-999,-1.0,-1.0,-1.0,2.0,-1.0,-1.0,0.99649,0.956427,-999,-999,-999,88.9129,0.102859,-999,-999,1.006911,IN,-999,-999,-999,2388087.0,9374547.0
24980,10.6716,LH2,-3.642,16.75,3.632,7.51,SHMSDIS,0.25,3.3,0.5,-0.8,16100.756,17.241,16359.564,17.518,16290.568,17.445,16304.432,17.459,16229.814,17.379,-999,-999,0.9799,0.9706,-1.0,65.0,-1.0,-1.0,-1.0,-1.0,0.99879,0.956571,-999,-999,-999,-59860.5,-155.794,-999,-999,1.006727,IN,-999,-999,-999,2311428.0,8951807.0
24981,10.6716,Dummy,-3.642,16.75,3.632,7.51,PI+SIDIS,0.25,3.3,0.5,-0.8,36.159,19.492,36.72,19.795,36.56,19.709,36.596,19.728,36.438,19.643,0.999,0.9967,0.9816,0.9739,-1.0,-1.0,-1.0,-1.0,-1.0,1.0,0.99988,0.999634,7464.0,5426.0,88.3384,151.897,2.47297,51.255,0.349231,1.0,IN,18048.20524,18046.90776,0.956861,3796279.0,14096376.0
24982,10.6716,Dummy,-3.642,16.75,3.632,7.51,PI+SIDIS,0.25,3.3,0.5,-0.8,36.816,19.768,37.358,20.06,37.18,19.964,37.221,19.986,37.043,19.89,0.9989,0.9968,0.9811,0.9747,-1.0,-1.0,-1.0,-1.0,-1.0,1.0,0.99988,0.999633,7904.0,5778.33,90.8751,158.883,2.49873,51.2592,0.340249,1.0,IN,18362.93232,18364.21568,0.957416,3858835.0,14293361.0
24983,10.6716,Dummy,-3.642,16.75,3.632,7.51,HMSDIS,0.25,3.3,0.5,-0.8,17538.681,19.904,17808.639,20.211,17721.773,20.112,17740.55,20.133,17660.349,20.042,0.9992,0.997,-999,-999,-1.0,-1.0,-1.0,1.0,-1.0,-1.0,0.98272,0.963215,-999,-999,-999,64.5664,0.0607641,-999,-999,1.0,IN,-999,-999,-999,1839061.0,6806901.0
24984,10.6716,Dummy,-3.642,16.75,3.632,7.51,SHMSDIS,0.25,3.3,0.5,-0.8,18184.191,19.005,18462.62,19.296,18374.486,19.204,18390.691,19.221,18304.167,19.131,-999,-999,0.9812,0.9737,-1.0,33.0,-1.0,-1.0,-1.0,-1.0,0.99898,0.963637,-999,-999,-999,-40006.4,-85.3682,-999,-999,1.0,IN,-999,-999,-999,1909689.0,7020729.0
24985,10.6716,C,-3.642,16.75,3.632,7.51,PI+SIDIS,0.25,3.3,0.5,-0.8,29.692,14.697,30.176,14.936,30.0,14.849,30.04,14.869,29.882,14.791,0.9992,0.9971,0.9822,0.9744,-1.0,-1.0,-1.0,-1.0,-1.0,1.0,0.99982,0.99956,11748.0,8321.5,110.991,283.29,3.77849,51.2565,0.341091,1.0,IN,14834.12845,14833.58155,0.956667,5168974.0,18757050.0
24986,10.6716,C,-3.642,16.75,3.632,7.51,PI+SIDIS,0.25,3.3,0.5,-0.8,29.059,14.655,29.501,14.878,29.33,14.792,29.37,14.812,29.224,14.738,0.9993,0.9971,0.9821,0.9762,-1.0,-1.0,-1.0,-1.0,-1.0,1.0,0.99984,0.99956,11724.0,8347.0,110.846,290.087,3.85229,51.2523,0.34722,1.0,IN,14500.2368,14498.9852,0.956856,5054318.0,18285634.0
24987,10.6716,C,-3.642,16.75,3.632,7.51,PI+SIDIS,0.25,3.3,0.5,-0.8,26.638,14.955,27.051,15.187,26.892,15.098,26.93,15.119,26.8,15.046,0.9993,0.9969,0.9796,0.9753,-1.0,-1.0,-1.0,-1.0,-1.0,1.0,1.0,0.999557,10503.0,7380.17,104.993,279.93,3.98237,51.2573,0.342044,1.0,IN,13306.39763,13305.44837,0.956653,4633531.0,16820520.0
24988,10.6716,C,-3.642,16.75,3.632,7.51,PI+SIDIS,0.25,3.3,0.5,-0.8,12.498,7.396,12.758,7.55,12.65,7.486,12.684,7.506,12.625,7.471,0.999,0.9957,0.9837,0.9801,-1.0,-1.0,-1.0,-1.0,-1.0,1.0,1.0,0.99978,4435.0,3681.0,67.5327,294.678,5.40624,51.2558,0.335659,1.0,IN,6270.43031,6270.46569,0.963759,2190137.0,5647272.0
24989,10.6716,C,-3.642,16.75,3.632,7.51,HMSDIS,0.25,3.3,0.5,-0.8,13058.654,14.823,13269.285,15.062,13199.263,14.983,13217.059,15.003,13154.336,14.932,0.9991,0.9971,-999,-999,-1.0,-1.0,-1.0,2.0,-1.0,-1.0,0.99656,0.955807,-999,-999,-999,107.084,0.12732,-999,-999,1.0,IN,-999,-999,-999,2273428.0,8352590.0
24990,10.6716,C,-3.642,16.75,3.632,7.51,SHMSDIS,0.25,3.3,0.5,-0.8,16179.326,14.691,16450.123,14.937,16369.088,14.864,16391.095,14.884,16318.991,14.818,-999,-999,0.9809,0.9723,-1.0,33.0,-1.0,-1.0,-1.0,-1.0,0.99769,0.955757,-999,-999,-999,-69332.6,-119.077,-999,-999,1.0,IN,-999,-999,-999,2818632.0,10306589.0
24991,10.6716,Cu,-3.642,16.75,3.632,7.51,PI+SIDIS,0.25,3.3,0.5,-0.8,32.89,17.009,33.418,17.282,33.292,17.217,33.32,17.231,33.186,17.162,0.9992,0.9974,0.9819,0.9734,-1.0,-1.0,-1.0,-1.0,-1.0,1.0,0.99985,0.999559,8089.0,5326.5,92.4631,163.902,2.84519,51.2401,0.350078,1.0,IN,16429.17501,16427.83299,0.954434,4408069.0,21995559.0
24992,10.6716,Cu,-3.642,16.75,3.632,7.51,PI+SIDIS,0.25,3.3,0.5,-0.8,31.612,16.73,32.092,16.984,31.994,16.932,32.021,16.946,31.904,16.884,0.9991,0.9973,0.9811,0.9738,-1.0,-1.0,-1.0,-1.0,-1.0,1.0,1.0,0.999561,7555.0,4898.83,89.4298,156.898,2.86422,51.2387,0.351658,1.0,IN,15787.30808,15789.49992,0.954579,4230622.0,21007547.0
24994,10.6716,Cu,-3.642,16.75,3.632,7.51,PI+SIDIS,0.25,3.3,0.5,-0.8,34.36,16.692,34.944,16.976,34.882,16.946,34.907,16.958,34.78,16.896,0.999,0.9972,0.9816,0.9744,-1.0,-1.0,-1.0,-1.0,-1.0,1.0,1.0,0.999561,8101.0,5225.5,92.6296,153.622,2.72317,51.2341,0.342825,1.0,IN,17185.174,17185.191,0.954495,4611659.0,22917740.0
24995,10.6716,Cu,-3.642,16.75,3.632,7.51,PI+SIDIS,0.25,3.3,0.5,-0.8,31.526,16.879,32.044,17.156,32.017,17.142,32.044,17.156,31.93,17.095,0.9991,0.9974,0.9824,0.9743,-1.0,-1.0,-1.0,-1.0,-1.0,1.0,1.0,0.999561,7536.0,4907.83,89.2974,157.341,2.8628,51.2228,0.35096,1.0,IN,15762.39438,15761.20162,0.955225,4228117.0,21053530.0
24996,10.6716,Cu,-3.642,16.75,3.632,7.51,HMSDIS,0.25,3.3,0.5,-0.8,17738.709,16.53,18060.008,16.83,18058.615,16.829,18071.514,16.841,18005.285,16.779,0.9992,0.9975,-999,-999,-1.0,-1.0,-1.0,2.0,-1.0,-1.0,0.99703,0.956317,-999,-999,-999,82.105,0.0955347,-999,-999,1.0,IN,-999,-999,-999,2380458.0,11836322.0
24997,10.6716,Cu,-3.642,16.75,3.632,7.51,SHMSDIS,0.25,3.3,0.5,-0.8,15102.914,16.988,15380.051,17.299,15383.536,17.303,15395.422,17.317,15331.736,17.245,-999,-999,0.9818,0.973,-1.0,33.0,-1.0,-1.0,-1.0,-1.0,0.99768,0.955944,-999,-999,-999,-59494.8,-114.027,-999,-999,1.0,IN,-999,-999,-999,2028027.0,10130795.0
24998,10.6716,LD2,-3.642,16.75,3.632,7.51,PI+SIDIS,0.25,3.3,0.5,-0.8,15.667,7.863,16.007,8.034,15.978,8.019,16.022,8.041,15.934,7.997,0.9993,0.9972,0.983,0.9772,-1.0,-1.0,-1.0,-1.0,-1.0,1.0,0.99989,0.999605,10559.0,7809.0,104.963,499.638,6.71581,51.2214,0.343623,1.002806,IN,7868.6482,7868.3048,0.961456,4264555.0,14847562.0
24999,10.6716,LD2,-3.642,16.75,3.632,7.51,PI+SIDIS,0.25,3.3,0.5,-0.8,15.493,7.893,15.794,8.047,15.697,7.997,15.737,8.018,15.626,7.961,0.9991,0.9972,0.9829,0.9771,-1.0,-1.0,-1.0,-1.0,-1.0,1.0,0.99999,0.999603,10222.0,7487.33,103.333,485.612,6.70198,51.2602,0.342446,1.002811,IN,7765.42414,7764.37686,0.959839,4209064.0,14728560.0
25000,10.6716,LD2,-3.642,16.75,3.632,7.51,PI+SIDIS,0.25,3.3,0.5,-0.8,7.695,3.901,7.935,4.023,7.828,3.968,7.816,3.962,7.781,3.944,0.9993,0.9968,0.9875,0.9807,-1.0,-1.0,-1.0,-1.0,-1.0,1.0,0.99995,0.999803,4583.0,3874.83,68.564,498.306,8.81738,51.2642,0.33554,1.001405,IN,3900.58896,3899.99804,0.967755,2119339.0,5360874.0
25001,10.6716,LD2,-3.642,16.75,3.632,7.51,PI+SIDIS,0.25,3.3,0.5,-0.8,7.046,3.923,7.269,4.047,7.191,4.004,7.18,3.997,7.152,3.982,0.9989,0.9967,0.985,0.9796,-1.0,-1.0,-1.0,-1.0,-1.0,1.0,0.99995,0.999802,4204.0,3567.67,65.651,501.602,9.23032,51.2445,0.338962,1.001414,IN,3574.08099,3573.54201,0.968763,1940919.0,4934783.0
25002,10.6716,LH2,-3.642,16.75,3.632,7.51,PI+SIDIS,0.25,3.3,0.5,-0.8,16.491,8.783,16.853,8.975,16.798,8.946,16.835,8.966,16.753,8.922,0.999,0.9961,0.984,0.9797,-1.0,-1.0,-1.0,-1.0,-1.0,1.0,0.99998,0.999783,5709.0,4800.0,76.5539,291.015,4.64132,51.2362,0.342547,1.002964,IN,8282.13465,8281.43935,0.969029,2395337.0,6525452.0
25003,10.6716,LH2,-3.642,16.75,3.632,7.51,PI+SIDIS,0.25,3.3,0.5,-0.8,15.267,8.895,15.594,9.085,15.568,9.07,15.604,9.091,15.529,9.047,0.9993,0.9969,0.9839,0.9803,-1.0,-1.0,-1.0,-1.0,-1.0,1.0,0.99994,0.999781,5265.0,4448.33,73.4923,291.214,4.81123,51.2271,0.337063,1.003014,IN,7663.32893,7661.45207,0.968884,2216825.0,6083825.0
25004,10.6716,Dummy,-3.642,16.75,3.632,7.51,PI+SIDIS,0.25,3.3,0.5,-0.8,37.733,19.652,38.419,20.009,38.241,19.916,38.27,19.931,38.064,19.824,0.9991,0.997,0.9829,0.9771,-1.0,-1.0,-1.0,-1.0,-1.0,1.0,0.99989,0.999632,7853.0,5650.5,90.6647,150.675,2.41765,51.2513,0.344976,1.0,IN,18884.00343,18884.22457,0.956924,3970911.0,14996713.0
25005,10.6716,Dummy,-3.642,16.75,3.632,7.51,PI+SIDIS,0.25,3.3,0.5,-0.8,33.778,19.827,34.39,20.186,34.126,20.031,34.156,20.048,34.012,19.964,0.9992,0.9969,0.9846,0.9769,-1.0,-1.0,-1.0,-1.0,-1.0,1.0,0.9999,0.99963,7103.0,5175.83,86.1638,154.202,2.56705,51.262,0.34408,1.0,IN,16900.77635,16900.45365,0.957103,3554000.0,13293887.0
25006,10.6716,Cu,-3.642,16.75,3.632,7.51,PI+SIDIS,0.25,3.3,0.5,-0.8,31.664,16.601,32.239,16.902,31.988,16.771,32.002,16.778,31.828,16.687,0.9992,0.9971,0.9806,0.973,-1.0,-1.0,-1.0,-1.0,-1.0,1.0,0.99985,0.99956,7506.0,4876.5,89.1305,155.605,2.84409,51.2719,0.343089,1.0,IN,15845.27591,15845.05009,0.952894,4260659.0,21353584.0
25007,10.6716,LD2,-3.642,16.75,3.632,7.51,PI+SIDIS,0.25,3.3,0.5,-0.8,14.671,7.926,15.005,8.107,14.893,8.046,14.939,8.071,14.858,8.027,0.9992,0.997,0.9827,0.9754,-1.0,-1.0,-1.0,-1.0,-1.0,1.0,0.99988,0.999602,9987.0,7390.83,102.077,505.447,6.98087,51.2512,0.344321,1.002832,IN,7375.31496,7375.34304,0.960165,3995708.0,14073213.0
25008,10.6716,LD2,-3.642,16.75,3.632,7.51,PI+SIDIS,0.25,3.3,0.5,-0.8,1.932,7.771,1.974,7.942,1.964,7.9,1.97,7.923,1.961,7.887,0.9994,0.9972,0.9838,0.9735,-1.0,-1.0,-1.0,-1.0,-1.0,1.0,0.99995,0.999605,1251.0,916.0,36.1501,476.973,18.8239,51.2375,0.351198,1.002774,IN,961.02208,960.89092,0.958817,526950.0,1846151.0
25010,10.6716,LD2,-3.642,16.75,-6.538,7.51,PI-SIDIS,0.25,3.3,0.9,-0.8,46.18,25.566,46.516,25.752,46.396,25.685,46.416,25.696,46.089,25.515,0.999,0.9971,0.9819,0.9374,-1.0,-1.0,-1.0,-1.0,-1.0,1.0,0.99947,0.999548,12641.0,10652.5,113.897,244.674,2.61605,51.2202,0.353565,1.008995,IN,22860.99512,22858.32788,0.951093,12318207.0,951436185.0
25011,10.6716,LD2,-3.642,16.75,-6.538,7.51,PI-SIDIS,0.25,3.3,0.9,-0.8,47.414,25.997,47.735,26.173,47.372,25.974,47.413,25.997,47.077,25.812,0.999,0.9969,0.9823,0.9371,-1.0,-1.0,-1.0,-1.0,-1.0,1.0,0.99947,0.999543,13088.0,11015.7,115.902,246.633,2.59497,51.2367,0.354057,1.009142,IN,23460.64883,23463.10017,0.950288,12631121.0,984127214.0
25012,10.6716,LD2,-3.642,16.75,-6.538,7.51,PI-SIDIS,0.25,3.3,0.9,-0.8,23.036,12.947,23.239,13.061,23.119,12.993,23.165,13.019,23.036,12.947,0.9991,0.9975,0.9877,0.9485,-1.0,-1.0,-1.0,-1.0,-1.0,1.0,0.9999,0.999776,6114.0,5609.17,78.7283,254.73,3.5753,51.2225,0.342647,1.004562,IN,11421.96033,11420.20067,0.96226,6174033.0,487395033.0
25016,10.6716,LH2,-3.642,16.75,-6.538,7.51,PI-SIDIS,0.25,3.3,0.9,-0.8,50.564,43.032,50.871,43.292,51.044,43.44,51.063,43.456,50.751,43.191,0.999,0.9966,0.9816,0.9257,-1.0,-1.0,-1.0,-1.0,-1.0,1.0,0.99963,0.999598,4891.0,4035.5,70.9478,85.8126,1.50866,51.1981,0.361036,1.022392,IN,24997.48052,24996.57448,0.951646,7076086.0,538935905.0
25017,10.6716,LH2,-3.642,16.75,-6.538,7.51,PI-SIDIS,0.25,3.3,0.9,-0.8,105.285,44.93,105.683,45.1,105.482,45.014,105.561,45.047,104.935,44.78,0.9991,0.9964,0.9815,0.9265,-1.0,-1.0,-1.0,-1.0,-1.0,1.0,0.99962,0.99959,10070.0,8286.0,101.82,84.733,1.04122,51.2107,0.350435,1.024259,IN,51965.44311,51958.66189,0.949201,14688691.0,1117888685.0
25018,10.6716,LH2,-3.642,16.75,-6.538,7.51,PI-SIDIS,0.25,3.3,0.9,-0.8,86.433,45.554,86.75,45.721,87.011,45.858,87.087,45.898,86.663,45.675,0.9991,0.9976,0.9818,0.9187,-1.0,-1.0,-1.0,-1.0,1.0,-1.0,0.99821,0.999589,8287.0,7008.33,92.196,88.1741,1.15995,51.1848,0.364659,1.024781,IN,42640.44573,42640.52227,0.926145,12051049.0,917410748.0
25019,10.6716,LH2,-3.642,16.75,-6.538,7.51,PI-SIDIS,0.25,3.3,0.9,-0.8,56.681,31.421,56.875,31.528,56.991,31.592,57.051,31.626,56.727,31.446,0.9992,0.996,0.9856,0.9354,-1.0,-1.0,-1.0,-1.0,-1.0,1.0,0.99985,0.999723,5410.0,4727.67,74.3217,88.9491,1.39833,51.1953,0.350991,1.014414,IN,27951.47373,27950.63927,0.957554,7973024.0,612550898.0
25020,10.6716,LH2,-3.642,16.75,-6.538,7.51,PI-SIDIS,0.25,3.3,0.9,-0.8,30.07,15.944,30.24,16.035,30.056,15.937,30.075,15.947,29.898,15.853,0.9991,0.997,0.9888,0.9434,-1.0,-1.0,-1.0,-1.0,-1.0,1.0,0.99994,0.999863,2838.0,2653.0,53.5615,93.0848,1.87929,51.2583,0.336741,1.006011,IN,14863.28399,14862.45601,0.964191,4269306.0,330262548.0
25021,10.6716,LH2,-3.642,16.75,-6.538,7.51,HMSDIS,0.25,3.3,0.9,-0.8,45618.37,47.281,45834.079,47.505,45740.582,47.408,45782.363,47.451,45540.194,47.2,0.9991,0.9958,-999,-999,-1.0,-1.0,-1.0,5.0,-1.0,-1.0,0.99802,0.958392,-999,-999,-999,87.1287,0.0976332,-999,-999,1.02648,IN,-999,-999,-999,6363990.0,484045280.0
25022,10.6716,LH2,-3.642,16.75,-6.538,7.51,SHMSDIS,0.25,3.3,0.9,-0.8,43905.645,45.045,44092.447,45.236,44139.526,45.284,44176.326,45.322,43955.782,45.096,-999,-999,0.9839,0.8368,-1.0,257.0,-1.0,-1.0,-1.0,-1.0,0.99935,0.958774,-999,-999,-999,-558081.0,-574.986,-999,-999,1.024746,IN,-999,-999,-999,6121454.0,465884594.0
25023,10.6716,LD2,-3.642,16.75,-6.538,7.51,HMSDIS,0.25,3.3,0.9,-0.8,12324.169,12.804,12401.013,12.884,12387.338,12.869,12407.936,12.891,12347.579,12.828,0.9992,0.9969,-999,-999,-1.0,-1.0,-1.0,3.0,-1.0,-1.0,0.99734,0.977887,-999,-999,-999,165.611,0.200507,-999,-999,1.0045,IN,-999,-999,-999,3291889.0,260047450.0
25024,10.6716,LD2,-3.642,16.75,-6.538,7.51,SHMSDIS,0.25,3.3,0.9,-0.8,11887.792,12.873,11962.156,12.953,11964.029,12.955,11982.054,12.975,11926.2,12.914,-999,-999,0.9889,0.8656,-1.0,129.0,-1.0,-1.0,-1.0,-1.0,0.99931,0.977736,-999,-999,-999,-1136880.0,-1113.45,-999,-999,1.004524,IN,-999,-999,-999,3171715.0,250908826.0
25026,10.6716,Dummy,-3.642,16.75,-6.538,7.51,PI-SIDIS,0.25,3.3,0.9,-0.8,70.696,38.506,70.985,38.663,70.756,38.538,70.831,38.579,70.471,38.383,0.999,0.9967,0.9853,0.9314,-1.0,-1.0,-1.0,-1.0,-1.0,1.0,0.99985,0.999736,4891.0,4342.17,70.5866,65.7513,1.06886,51.2284,0.348657,1.0,IN,34881.31351,34891.70549,0.95602,7291314.0,597265688.0
25027,10.6716,Dummy,-3.642,16.75,-6.538,7.51,PI-SIDIS,0.25,3.3,0.9,-0.8,67.039,37.564,67.292,37.706,67.401,37.767,67.469,37.805,67.169,37.637,0.9991,0.9963,0.9849,0.9288,-1.0,-1.0,-1.0,-1.0,-1.0,1.0,1.0,0.999739,4627.0,4097.83,68.6673,65.6235,1.09965,51.1934,0.337686,1.0,IN,33166.4769,33170.0041,0.957817,6909751.0,569308987.0
25028,10.6716,Dummy,-3.642,16.75,-6.538,7.51,HMSDIS,0.25,3.3,0.9,-0.8,36653.82,40.351,36781.421,40.492,36922.947,40.647,36946.902,40.674,36762.605,40.471,0.9991,0.9966,-999,-999,-1.0,-1.0,-1.0,3.0,-1.0,-1.0,0.99807,0.973306,-999,-999,-999,64.0831,0.0723991,-999,-999,1.0,IN,-999,-999,-999,3769347.0,311027208.0
25029,10.6716,Dummy,-3.642,16.75,-6.538,7.51,SHMSDIS,0.25,3.3,0.9,-0.8,38215.778,38.373,38352.669,38.511,38341.545,38.5,38362.292,38.52,38117.94,38.275,-999,-999,0.987,0.8408,-1.0,129.0,-1.0,-1.0,-1.0,-1.0,0.99861,0.973589,-999,-999,-999,-460998.0,-396.358,-999,-999,1.0,IN,-999,-999,-999,3932238.0,324374746.0
25030,10.6716,C,-3.642,16.75,-6.538,7.51,PI-SIDIS,0.25,3.3,0.9,-0.8,76.618,39.815,76.908,39.965,76.543,39.776,76.624,39.817,76.137,39.564,0.9991,0.9968,0.9813,0.9288,-1.0,-1.0,-1.0,-1.0,-1.0,1.0,0.99951,0.999566,10405.0,8615.33,103.457,120.776,1.45034,51.2324,0.361589,1.0,IN,37796.89689,37793.24611,0.949228,13150938.0,983945115.0
25031,10.6716,C,-3.642,16.75,-6.538,7.51,PI-SIDIS,0.25,3.3,0.9,-0.8,44.097,38.333,44.263,38.477,44.232,38.45,44.281,38.493,44.101,38.336,0.999,0.9966,0.9814,0.928,-1.0,-1.0,-1.0,-1.0,-1.0,1.0,0.9995,0.999575,5989.0,4966.5,78.482,121.092,1.91352,51.202,0.36137,1.0,IN,21717.96532,21717.69768,0.950705,7567664.0,565989522.0
25034,10.6716,C,-3.642,16.75,-6.538,7.51,PI-SIDIS,0.25,3.3,0.9,-0.8,37.295,41.18,37.665,41.588,37.837,41.778,37.864,41.807,37.65,41.571,0.9989,0.9969,0.9809,0.929,-1.0,-1.0,-1.0,-1.0,-1.0,1.0,0.99945,0.999563,5182.0,4306.17,72.993,123.269,2.0895,51.1896,0.357939,1.0,IN,18465.7194,18466.6136,0.951805,6438885.0,476244728.0
25035,10.6716,C,-3.642,16.75,-6.538,7.51,PI-SIDIS,0.25,3.3,0.9,-0.8,31.78,20.9,32.007,21.049,32.026,21.061,32.034,21.067,31.862,20.954,0.9993,0.9976,0.9875,0.9405,-1.0,-1.0,-1.0,-1.0,-1.0,1.0,0.9999,0.999786,4239.0,3841.33,65.6146,127.711,2.18145,51.2243,0.353041,1.0,IN,15723.7991,15722.4279,0.96104,5461505.0,414785517.0
25036,10.6716,C,-3.642,16.75,-6.538,7.51,HMSDIS,0.25,3.3,0.9,-0.8,34088.539,35.818,34318.784,36.06,34122.475,35.854,34148.71,35.882,33875.011,35.594,0.9991,0.9968,-999,-999,-1.0,-1.0,-1.0,5.0,-1.0,-1.0,1.0,0.958425,-999,-999,-999,106.581,0.124668,-999,-999,1.0,IN,-999,-999,-999,5860796.0,438897430.0
25037,10.6716,C,-3.642,16.75,-6.538,7.51,SHMSDIS,0.25,3.3,0.9,-0.8,21765.467,28.514,21926.005,28.725,21857.869,28.635,21861.349,28.64,21720.533,28.456,-999,-999,0.9846,0.8465,-1.0,257.0,-1.0,-1.0,-1.0,-1.0,0.99885,0.960694,-999,-999,-999,-690914.0,-906.92,-999,-999,1.0,IN,-999,-999,-999,3745812.0,281168674.0
25038,10.6716,Cu,-3.642,16.75,-6.538,7.51,PI-SIDIS,0.25,3.3,0.9,-0.8,77.876,43.929,78.483,44.272,78.578,44.325,78.644,44.363,78.232,44.131,0.9991,0.9971,0.9811,0.9253,-1.0,-1.0,-1.0,-1.0,-1.0,1.0,0.99964,0.999621,5499.0,4318.67,75.47,59.544,1.04055,51.1977,0.362251,1.0,IN,38574.05308,38572.19892,0.947835,10233794.0,763722506.0
25041,10.6716,Cu,-3.642,16.75,-6.538,7.51,PI-SIDIS,0.25,3.3,0.9,-0.8,80.835,42.412,81.542,42.783,81.185,42.595,81.237,42.623,80.718,42.35,0.999,0.9971,0.9814,0.9244,-1.0,-1.0,-1.0,-1.0,-1.0,1.0,0.99966,0.999625,5757.0,4566.5,77.1713,60.6628,1.02517,51.2444,0.353794,1.0,IN,40071.99024,40076.67776,0.945741,10660435.0,792053875.0
25042,10.6716,Cu,-3.642,16.75,-6.538,7.51,HMSDIS,0.25,3.3,0.9,-0.8,35535.8,43.968,35793.412,44.287,35723.142,44.2,35761.439,44.247,35590.248,44.036,0.9989,0.9972,-999,-999,-1.0,-1.0,-1.0,5.0,-1.0,-1.0,0.9979,0.962097,-999,-999,-999,81.2945,0.106736,-999,-999,1.0,IN,-999,-999,-999,4669184.0,348435626.0
25043,10.6716,Cu,-3.642,16.75,-6.538,7.51,SHMSDIS,0.25,3.3,0.9,-0.8,44718.892,43.385,45060.597,43.717,45087.684,43.743,45126.425,43.781,44908.56,43.569,-999,-999,0.9837,0.844,-1.0,257.0,-1.0,-1.0,-1.0,-1.0,1.0,0.962134,-999,-999,-999,-522701.0,-550.508,-999,-999,1.0,IN,-999,-999,-999,5874377.0,438491824.0
25044,10.6716,LD2,-3.642,16.75,-4.868,7.51,PI-SIDIS,0.25,3.3,0.67,-0.8,32.345,17.997,32.691,18.19,32.698,18.194,32.717,18.204,32.575,18.126,0.999,0.9971,0.9821,0.9683,-1.0,-1.0,-1.0,-1.0,-1.0,1.0,0.99964,0.99955,13112.0,9138.5,117.364,289.087,3.71268,51.215,0.348443,1.006354,IN,16068.50425,16067.94475,0.953979,8669625.0,509330027.0
25045,10.6716,LD2,-3.642,16.75,-4.868,7.51,PI-SIDIS,0.25,3.3,0.67,-0.8,34.401,17.605,34.868,17.844,34.861,17.84,34.871,17.845,34.695,17.755,0.999,0.9971,0.9826,0.9687,-1.0,-1.0,-1.0,-1.0,-1.0,1.0,0.99968,0.999553,14079.0,9901.17,121.554,293.525,3.60352,51.2348,0.349306,1.006233,IN,17137.018,17137.986,0.953236,9242268.0,542863517.0
25046,10.6716,LD2,-3.642,16.75,-4.868,7.51,PI-SIDIS,0.25,3.3,0.67,-0.8,16.886,8.918,17.192,9.08,17.041,9.0,17.077,9.019,16.963,8.959,0.9991,0.9969,0.9866,0.9741,-1.0,-1.0,-1.0,-1.0,-1.0,1.0,0.99995,0.999776,6225.0,5122.0,80.0552,306.14,4.78487,51.2775,0.330453,1.003172,IN,8449.27625,8450.11275,0.960459,4566150.0,260494885.0
25047,10.6716,LD2,-3.642,16.75,-4.868,7.51,HMSDIS,0.25,3.3,0.67,-0.8,8398.206,8.926,8577.896,9.117,8517.239,9.053,8536.78,9.073,8489.011,9.023,0.9992,0.997,-999,-999,-1.0,-1.0,-1.0,2.0,-1.0,-1.0,0.99805,0.977649,-999,-999,-999,166.136,0.197085,-999,-999,1.003185,IN,-999,-999,-999,2280297.0,130001019.0
25048,10.6716,LD2,-3.642,16.75,-4.868,7.51,SHMSDIS,0.25,3.3,0.67,-0.8,7459.717,8.8,7592.241,8.956,7557.619,8.915,7572.963,8.933,7532.473,8.885,-999,-999,0.9888,0.9504,-1.0,65.0,-1.0,-1.0,-1.0,-1.0,0.99945,0.977774,-999,-999,-999,-801407.0,-832.998,-999,-999,1.003128,IN,-999,-999,-999,2016863.0,114921297.0
25049,10.6716,LH2,-3.642,16.75,-4.868,7.51,PI-SIDIS,0.25,3.3,0.67,-0.8,64.855,35.118,65.823,35.642,66.031,35.754,66.097,35.79,65.769,35.612,0.9992,0.9964,0.98,0.9656,-1.0,-1.0,-1.0,-1.0,-1.0,1.0,0.99972,0.999571,12041.0,8322.67,112.52,131.086,1.77225,51.2103,0.349036,1.017212,IN,32345.7923,32346.9397,0.952807,9193214.0,514367761.0
25050,10.6716,LH2,-3.642,16.75,-4.868,7.51,PI-SIDIS,0.25,3.3,0.67,-0.8,70.915,36.514,72.066,37.106,71.87,37.005,71.94,37.041,71.443,36.785,0.999,0.9965,0.9808,0.9659,-1.0,-1.0,-1.0,-1.0,-1.0,1.0,0.99968,0.999565,13280.0,9189.17,118.16,132.186,1.69973,51.2524,0.352984,1.018389,IN,35427.40686,35425.84214,0.949873,10072068.0,564323596.0
25051,10.6716,LH2,-3.642,16.75,-4.868,7.51,PI-SIDIS,0.25,3.3,0.67,-0.8,67.597,35.817,68.765,36.436,68.381,36.232,68.473,36.281,68.071,36.068,0.9991,0.9975,0.9818,0.9652,-1.0,-1.0,-1.0,-1.0,1.0,-1.0,0.99895,0.999566,12638.0,9219.17,114.925,139.173,1.73492,51.2503,0.352633,1.018015,IN,33802.03276,33802.25524,0.922374,9609622.0,538757312.0
25052,10.6716,LH2,-3.642,16.75,-4.868,7.51,PI-SIDIS,0.25,3.3,0.67,-0.8,42.416,23.484,43.183,23.909,43.113,23.87,43.153,23.892,42.967,23.789,0.999,0.9966,0.9849,0.9704,-1.0,-1.0,-1.0,-1.0,-1.0,1.0,0.9999,0.999721,7375.0,5707.17,87.4813,136.343,2.08991,51.2284,0.343177,1.010002,IN,21223.60323,21223.34177,0.958201,6073669.0,333907734.0
25053,10.6716,LH2,-3.642,16.75,-4.868,7.51,PI-SIDIS,0.25,3.3,0.67,-0.8,21.304,11.799,21.758,12.051,21.741,12.041,21.766,12.055,21.668,12.001,0.9996,0.997,0.9885,0.9757,-1.0,-1.0,-1.0,-1.0,-1.0,1.0,0.99999,0.999862,3352.0,2910.0,58.5292,137.132,2.75815,51.23,0.339418,1.004218,IN,10693.09495,10692.79705,0.967852,3080845.0,165026938.0
25054,10.6716,LH2,-3.642,16.75,-4.868,7.51,HMSDIS,0.25,3.3,0.67,-0.8,30575.68,33.824,31131.191,34.438,31053.523,34.352,31084.052,34.386,30883.329,34.164,0.9991,0.9961,-999,-999,-1.0,-1.0,-1.0,3.0,-1.0,-1.0,0.99726,0.957662,-999,-999,-999,87.8421,0.0921734,-999,-999,1.016564,IN,-999,-999,-999,4349798.0,243842479.0
25055,10.6716,LH2,-3.642,16.75,-4.868,7.51,SHMSDIS,0.25,3.3,0.67,-0.8,30014.499,35.447,30556.326,36.087,30363.688,35.86,30392.143,35.893,30190.226,35.655,-999,-999,0.984,0.9335,-1.0,129.0,-1.0,-1.0,-1.0,-1.0,0.99823,0.956425,-999,-999,-999,-389029.0,-408.543,-999,-999,1.017731,IN,-999,-999,-999,4271624.0,239594890.0
25056,10.6716,Dummy,-3.642,16.75,-4.868,7.51,PI-SIDIS,0.25,3.3,0.67,-0.8,76.092,36.117,77.582,36.824,77.55,36.808,77.623,36.843,77.218,36.651,0.9991,0.9966,0.9837,0.9663,-1.0,-1.0,-1.0,-1.0,-1.0,1.0,0.99979,0.999656,8675.0,6291.33,95.2485,84.0142,1.27195,51.2264,0.345713,1.0,IN,38131.6265,38130.2155,0.954094,7971600.0,494291741.0
25057,10.6716,Dummy,-3.642,16.75,-4.868,7.51,HMSDIS,0.25,3.3,0.67,-0.8,32397.058,38.658,33028.352,39.411,33126.94,39.529,33160.063,39.568,33001.733,39.38,0.9991,0.9964,-999,-999,-1.0,-1.0,-1.0,3.0,-1.0,-1.0,0.99888,0.964963,-999,-999,-999,64.215,0.0764495,-999,-999,1.0,IN,-999,-999,-999,3386682.0,210586547.0
25058,10.6716,Dummy,-3.642,16.75,-4.868,7.51,SHMSDIS,0.25,3.3,0.67,-0.8,34764.285,38.635,35398.836,39.34,35551.846,39.51,35576.09,39.537,35410.47,39.353,-999,-999,0.9855,0.9323,-1.0,129.0,-1.0,-1.0,-1.0,-1.0,0.99909,0.964746,-999,-999,-999,-324673.0,-346.494,-999,-999,1.0,IN,-999,-999,-999,3630427.0,225614392.0
25059,10.6716,C,-3.642,16.75,-4.868,7.51,PI-SIDIS,0.25,3.3,0.67,-0.8,54.182,29.854,55.224,30.429,55.005,30.307,55.051,30.333,54.688,30.133,0.999,0.9968,0.9826,0.9675,-1.0,-1.0,-1.0,-1.0,-1.0,1.0,0.99966,0.999572,12115.0,8389.17,112.854,157.226,2.11505,51.2607,0.350027,1.0,IN,27145.21541,27145.45459,0.950501,9442434.0,539511917.0
25060,10.6716,C,-3.642,16.75,-4.868,7.51,PI-SIDIS,0.25,3.3,0.67,-0.8,53.924,29.471,54.858,29.981,54.512,29.792,54.577,29.828,54.253,29.651,0.9991,0.9968,0.9823,0.9667,-1.0,-1.0,-1.0,-1.0,-1.0,1.0,0.99967,0.999573,12068.0,8416.17,112.591,158.897,2.1257,51.2635,0.344128,1.0,IN,26961.79153,26961.93947,0.950637,9378136.0,535782062.0
25061,10.6716,Cu,-3.642,16.75,-4.868,7.51,PI-SIDIS,0.25,3.3,0.67,-0.8,78.846,32.545,80.381,33.179,80.485,33.222,80.583,33.263,80.165,33.09,0.999,0.997,0.9816,0.9642,-1.0,-1.0,-1.0,-1.0,-1.0,1.0,0.99971,0.999599,10097.0,6550.0,103.384,84.6219,1.33565,51.2194,0.363438,1.0,IN,39517.27459,39517.15241,0.949674,10526603.0,645032500.0
25062,10.6716,Cu,-3.642,16.75,-4.868,7.51,PI-SIDIS,0.25,3.3,0.67,-0.8,48.494,34.54,49.277,35.098,49.254,35.082,49.317,35.127,48.958,34.871,0.9991,0.9974,0.9822,0.9669,-1.0,-1.0,-1.0,-1.0,-1.0,1.0,0.99972,0.999589,6300.0,4101.17,81.6485,86.1775,1.71567,51.2186,0.350682,1.0,OUT,24206.79142,24201.17458,0.949228,6455334.0,383453248.0
25063,10.6716,Cu,-3.642,16.75,-4.868,7.51,PI-SIDIS,0.25,3.3,0.67,-0.8,25.185,34.908,25.566,35.436,25.559,35.426,25.592,35.472,25.417,35.23,0.9991,0.9971,0.9817,0.9659,-1.0,-1.0,-1.0,-1.0,-1.0,1.0,0.9997,0.999588,3223.0,2039.67,58.4827,82.6966,2.37113,51.2305,0.372513,1.0,OUT,12518.47498,12521.99302,0.94862,3346483.0,204639905.0
25064,10.6716,Cu,-3.642,16.75,-4.868,7.51,PI-SIDIS,0.25,3.3,0.67,-0.8,34.766,31.563,35.36,32.101,35.388,32.127,35.427,32.162,35.18,31.938,0.9991,0.9973,0.983,0.9672,-1.0,-1.0,-1.0,-1.0,-1.0,1.0,0.99967,0.999602,4504.0,2944.5,69.0211,86.2017,2.02063,51.2118,0.3498,1.0,OUT,17339.53715,17354.19685,0.948357,4639409.0,272653468.0
25065,10.6716,LD2,-3.642,16.75,-4.868,7.51,PI-SIDIS,0.25,3.3,0.67,-0.8,34.553,17.653,35.112,17.938,35.09,17.927,35.114,17.939,34.899,17.829,0.9991,0.9971,0.9827,0.9707,-1.0,-1.0,-1.0,-1.0,-1.0,1.0,0.99968,0.999552,14185.0,9941.83,122.034,292.049,3.58483,51.2281,0.355311,1.006266,OUT,17256.87715,17260.51285,0.953338,9309246.0,539965471.0
25066,10.6716,LD2,-3.642,16.75,-4.868,7.51,PI-SIDIS,0.25,3.3,0.67,-0.8,31.403,17.335,31.846,17.579,31.851,17.582,31.869,17.592,31.679,17.487,0.999,0.9971,0.9835,0.9695,-1.0,-1.0,-1.0,-1.0,-1.0,1.0,0.99963,0.999555,12882.0,9053.17,116.276,293.624,3.77121,51.2281,0.348914,1.00614,OUT,15644.96822,15651.27078,0.95389,8439191.0,495050561.0
25067,10.6716,LD2,-3.642,16.75,-4.868,7.51,PI-SIDIS,0.25,3.3,0.67,-0.8,31.542,17.77,32.031,18.045,32.049,18.055,32.068,18.066,31.878,17.959,0.9991,0.9972,0.9837,0.9703,-1.0,-1.0,-1.0,-1.0,-1.0,1.0,0.99971,0.999552,13029.0,9159.0,116.936,295.046,3.76695,51.2264,0.348735,1.006303,OUT,15735.92548,15742.70252,0.954013,8486395.0,498080966.0
25068,10.6716,LD2,-3.642,16.75,-4.868,7.51,PI-SIDIS,0.25,3.3,0.67,-0.8,17.725,8.92,18.102,9.11,18.081,9.099,18.12,9.119,17.989,9.053,0.9991,0.9978,0.9871,0.9761,-1.0,-1.0,-1.0,-1.0,-1.0,1.0,0.99991,0.999777,6482.0,5327.0,81.6976,301.78,4.62826,51.2302,0.340257,1.003182,OUT,8895.62805,8899.78095,0.962333,4814811.0,274022143.0
25069,10.6716,LH2,-3.642,16.75,-4.868,7.51,PI-SIDIS,0.25,3.3,0.67,-0.8,65.954,35.441,66.961,35.982,67.109,36.061,67.171,36.095,66.659,35.819,0.9991,0.9968,0.9817,0.9677,-1.0,-1.0,-1.0,-1.0,-1.0,1.0,0.99972,0.99957,12259.0,8463.5,113.541,130.768,1.7543,51.2234,0.351686,1.017547,OUT,32900.96079,32915.58521,0.952018,9354610.0,523584803.0
25070,10.6716,LH2,-3.642,16.75,-4.868,7.51,PI-SIDIS,0.25,3.3,0.67,-0.8,61.981,34.617,62.903,35.133,62.624,34.976,62.687,35.012,62.172,34.724,0.9991,0.9965,0.9822,0.9677,-1.0,-1.0,-1.0,-1.0,-1.0,1.0,0.99968,0.999572,11584.0,8074.5,110.313,132.81,1.81444,51.2688,0.348084,1.017018,OUT,30914.69203,30905.53097,0.949614,8799054.0,491010671.0
25071,10.6716,LH2,-3.642,16.75,-4.868,7.51,PI-SIDIS,0.25,3.3,0.67,-0.8,71.81,36.249,72.843,36.771,72.635,36.666,72.745,36.721,72.265,36.479,0.9991,0.9964,0.9821,0.9682,-1.0,-1.0,-1.0,-1.0,-1.0,1.0,1.0,0.999566,13291.0,9199.83,118.207,130.562,1.67757,51.2388,0.349183,1.018193,OUT,35823.91322,35814.84478,0.950785,10181797.0,569696874.0
25072,10.6716,LH2,-3.642,16.75,-4.868,7.51,PI-SIDIS,0.25,3.3,0.67,-0.8,40.422,23.986,41.058,24.363,41.006,24.332,41.044,24.355,40.765,24.189,0.9991,0.9965,0.9859,0.9715,-1.0,-1.0,-1.0,-1.0,-1.0,1.0,0.99988,0.999719,7096.0,5492.17,85.8097,137.831,2.15348,51.2284,0.343899,1.010265,OUT,20176.33081,20176.59719,0.957733,5773661.0,317099471.0
25073,10.6716,LH2,-3.642,16.75,-4.868,7.51,PI-SIDIS,0.25,3.3,0.67,-0.8,22.567,11.898,22.956,12.103,22.926,12.087,22.958,12.104,22.784,12.012,0.9993,0.9972,0.9884,0.9764,-1.0,-1.0,-1.0,-1.0,-1.0,1.0,0.99997,0.999862,3746.0,3285.67,61.8282,146.696,2.76046,51.2334,0.33599,1.004205,OUT,11283.2422,11284.3418,0.966892,3250312.0,173889143.0
25074,10.6716,Dummy,-3.642,16.75,-4.868,7.51,PI-SIDIS,0.25,3.3,0.67,-0.8,45.339,34.699,45.977,35.188,46.094,35.277,46.131,35.305,45.759,35.021,0.9991,0.997,0.9845,0.9699,-1.0,-1.0,-1.0,-1.0,-1.0,1.0,0.99976,0.999654,5288.0,3886.33,74.3075,87.2502,1.66824,51.2273,0.363725,1.0,OUT,22570.28957,22568.78143,0.953598,4724794.0,292483537.0
25076,10.6716,LD2,-3.642,16.75,-3.632,7.51,PI-SIDIS,0.25,3.3,0.5,-0.8,13.992,7.916,14.301,8.091,14.166,8.015,14.207,8.038,14.086,7.97,0.9993,0.9978,0.9857,0.9812,-1.0,-1.0,-1.0,-1.0,-1.0,1.0,0.9999,0.99966,6974.0,4839.67,85.6138,345.176,6.10618,51.262,0.336771,1.002826,OUT,7029.49092,7028.37908,0.957604,3804193.0,170878740.0
25077,10.6716,LD2,-3.642,16.75,-3.632,7.51,PI-SIDIS,0.25,3.3,0.5,-0.8,13.479,7.947,13.742,8.102,13.659,8.053,13.698,8.076,13.584,8.009,0.9993,0.9967,0.9869,0.9816,-1.0,-1.0,-1.0,-1.0,-1.0,1.0,0.99987,0.99966,6479.0,4392.33,82.6243,325.89,6.13032,51.2438,0.338492,1.00283,OUT,6754.41118,6753.19482,0.95767,3655994.0,164018421.0
25078,10.6716,LD2,-3.642,16.75,-3.632,7.51,PI-SIDIS,0.25,3.3,0.5,-0.8,14.778,7.891,15.077,8.051,15.026,8.024,15.068,8.046,14.946,7.981,0.9992,0.9972,0.9851,0.9808,-1.0,-1.0,-1.0,-1.0,-1.0,1.0,0.99986,0.999662,7054.0,4804.5,86.1912,325.207,5.83411,51.2319,0.347092,1.002812,OUT,7410.98174,7408.78726,0.958123,4012189.0,179804867.0
25079,10.6716,LD2,-3.642,16.75,-3.632,7.51,PI-SIDIS,0.25,3.3,0.5,-0.8,9.012,4.942,9.253,5.074,9.193,5.042,9.194,5.042,9.127,5.005,0.9994,0.9974,0.9863,0.9819,-1.0,-1.0,-1.0,-1.0,-1.0,1.0,0.99998,0.999789,3999.0,3116.83,64.3897,343.267,7.09145,51.2413,0.341186,1.001772,OUT,4548.32161,4547.65339,0.963518,2466774.0,105783241.0
25080,10.6716,LD2,-3.642,16.75,-3.632,7.51,PI-SIDIS,0.25,3.3,0.5,-0.8,9.015,4.901,9.271,5.04,9.143,4.971,9.146,4.972,9.065,4.929,0.999,0.9969,0.988,0.9827,-1.0,-1.0,-1.0,-1.0,-1.0,1.0,0.99995,0.999789,3895.0,3017.33,63.571,331.538,6.98504,51.2829,0.331594,1.00176,OUT,4556.73309,4555.94691,0.960638,2473066.0,106126063.0
25081,10.6716,LD2,-3.642,16.75,-3.632,7.51,HMSDIS,0.25,3.3,0.5,-0.8,7636.307,7.925,7792.379,8.087,7715.465,8.007,7737.86,8.03,7667.697,7.957,0.9992,0.9972,-999,-999,-1.0,-1.0,-1.0,2.0,-1.0,-1.0,1.0,0.965963,-999,-999,-999,165.877,0.206418,-999,-999,1.002825,OUT,-999,-999,-999,2076754.0,92919546.0
25082,10.6716,LD2,-3.642,16.75,-3.632,7.51,SHMSDIS,0.25,3.3,0.5,-0.8,7440.591,7.943,7587.419,8.1,7532.548,8.042,7554.148,8.065,7491.706,7.998,-999,-999,0.9885,0.9707,-1.0,65.0,-1.0,-1.0,-1.0,-1.0,0.999,0.965945,-999,-999,-999,-668139.0,-760.948,-999,-999,1.002829,OUT,-999,-999,-999,2021270.0,90755688.0
25083,10.6716,LH2,-3.642,16.75,-3.632,7.51,PI-SIDIS,0.25,3.3,0.5,-0.8,21.133,17.444,21.463,17.715,21.439,17.696,21.453,17.707,21.303,17.584,0.9993,0.9971,0.9865,0.9798,-1.0,-1.0,-1.0,-1.0,-1.0,1.0,0.99992,0.99966,4976.0,3334.33,72.4542,158.679,3.44805,51.2209,0.34586,1.006754,OUT,10551.16186,10548.79714,0.958304,3027396.0,133231430.0
25084,10.6716,LH2,-3.642,16.75,-3.632,7.51,PI-SIDIS,0.25,3.3,0.5,-0.8,43.334,17.724,44.121,18.046,43.994,17.994,44.012,18.001,43.62,17.841,0.9991,0.9964,0.9851,0.98,-1.0,-1.0,-1.0,-1.0,-1.0,1.0,0.9999,0.999657,10115.0,6698.0,103.366,155.063,2.39299,51.2496,0.343324,1.006933,OUT,21698.87837,21694.46263,0.956441,6224007.0,273428273.0
25085,10.6716,LH2,-3.642,16.75,-3.632,7.51,PI-SIDIS,0.25,3.3,0.5,-0.8,26.088,17.733,26.572,18.062,26.347,17.909,26.364,17.921,26.119,17.754,0.9992,0.9966,0.9841,0.9797,-1.0,-1.0,-1.0,-1.0,-1.0,1.0,0.99982,0.999656,5971.0,3900.0,79.4743,149.959,3.05588,51.2678,0.329557,1.006939,OUT,13051.96312,13050.67888,0.954708,3749660.0,165534849.0
25086,10.6716,LH2,-3.642,16.75,-3.632,7.51,PI-SIDIS,0.25,3.3,0.5,-0.8,34.862,17.704,35.693,18.126,35.727,18.143,35.743,18.151,35.629,18.093,0.9993,0.9976,0.9859,0.9785,-1.0,-1.0,-1.0,-1.0,1.0,-1.0,1.0,0.999658,8270.0,5842.0,93.1379,167.387,2.66862,51.2093,0.347044,1.006836,OUT,17554.48667,17550.60133,0.927727,5029476.0,206217760.0
25087,10.6716,LH2,-3.642,16.75,-3.632,7.51,PI-SIDIS,0.25,3.3,0.5,-0.8,14.71,8.741,15.132,8.992,15.0,8.914,15.026,8.929,14.936,8.876,0.9991,0.9963,0.9858,0.9826,-1.0,-1.0,-1.0,-1.0,-1.0,1.0,0.99996,0.999829,2892.0,2287.5,54.706,153.992,3.68275,51.2758,0.342479,1.003135,OUT,7435.89969,7434.94231,0.961904,2145319.0,85516870.0
25088,10.6716,LH2,-3.642,16.75,-3.632,7.51,PI-SIDIS,0.25,3.3,0.5,-0.8,15.856,8.848,16.353,9.126,16.212,9.047,16.248,9.067,16.189,9.034,0.9994,0.9972,0.9873,0.9802,-1.0,-1.0,-1.0,-1.0,-1.0,1.0,0.99997,0.999828,3147.0,2477.67,57.0838,154.67,3.56349,51.2564,0.325476,1.003259,OUT,8037.46735,8037.34865,0.962133,2316432.0,92581420.0
25089,10.6716,LH2,-3.642,16.75,-3.632,7.51,HMSDIS,0.25,3.3,0.5,-0.8,13713.877,17.328,14060.816,17.767,14021.133,17.716,14029.949,17.728,14004.904,17.696,0.9992,0.9961,-999,-999,-1.0,-1.0,-1.0,2.0,-1.0,-1.0,1.0,0.965866,-999,-999,-999,88.2887,0.112108,-999,-999,1.00688,OUT,-999,-999,-999,1984426.0,81207536.0
25090,10.6716,LH2,-3.642,16.75,-3.632,7.51,SHMSDIS,0.25,3.3,0.5,-0.8,14618.175,17.505,15035.019,18.004,15016.611,17.982,15024.941,17.992,14992.067,17.953,-999,-999,0.9875,0.9682,-1.0,65.0,-1.0,-1.0,-1.0,-1.0,0.99883,0.965643,-999,-999,-999,-331095.0,-380.726,-999,-999,1.00699,OUT,-999,-999,-999,2117555.0,87278971.0
25091,10.6716,LH2,-3.642,16.75,-3.632,7.51,PI-SIDIS,0.25,3.3,0.5,-0.8,4.004,17.755,4.119,18.263,4.117,18.256,4.12,18.266,4.114,18.24,0.999,0.9964,0.9843,0.9804,-1.0,-1.0,-1.0,-1.0,-1.0,1.0,0.99996,0.999656,900.0,571.0,30.9004,141.544,7.65985,51.2045,0.340975,1.007108,OUT,1991.41966,1991.62334,0.960448,580123.0,25322729.0
25092,10.6716,Dummy,-3.642,16.75,-3.632,7.51,PI-SIDIS,0.25,3.3,0.5,-0.8,34.393,18.451,35.389,18.985,35.427,19.006,35.438,19.011,35.351,18.965,0.9992,0.9969,0.9849,0.9787,-1.0,-1.0,-1.0,-1.0,-1.0,1.0,0.99991,0.999687,5154.0,3425.33,73.7707,98.9851,2.13182,51.2114,0.339727,1.0,OUT,17390.49865,17391.21235,0.956935,3649852.0,179769903.0
25093,10.6716,Dummy,-3.642,16.75,-3.632,7.51,PI-SIDIS,0.25,3.3,0.5,-0.8,36.369,19.076,37.42,19.627,37.194,19.509,37.201,19.513,37.065,19.441,0.9991,0.997,0.985,0.9788,-1.0,-1.0,-1.0,-1.0,-1.0,1.0,0.99991,0.999682,5541.0,3749.17,76.4175,102.463,2.08846,51.2676,0.332964,1.0,OUT,18390.34782,18389.97218,0.954702,3858366.0,189779006.0
25094,10.6716,Dummy,-3.642,16.75,-3.632,7.51,HMSDIS,0.25,3.3,0.5,-0.8,20078.637,19.547,20660.123,20.113,20503.453,19.96,20517.267,19.974,20478.615,19.936,0.9992,0.9968,-999,-999,-1.0,-1.0,-1.0,1.0,-1.0,-1.0,1.0,0.967966,-999,-999,-999,63.5102,0.0554663,-999,-999,1.0,OUT,-999,-999,-999,2128035.0,105933663.0
25095,10.6716,Dummy,-3.642,16.75,-3.632,7.51,SHMSDIS,0.25,3.3,0.5,-0.8,21235.337,19.446,21867.173,20.024,21771.92,19.937,21787.352,19.951,21768.052,19.934,-999,-999,0.9873,0.9672,-1.0,65.0,-1.0,-1.0,-1.0,-1.0,0.99946,0.968046,-999,-999,-999,-277885.0,-289.247,-999,-999,1.0,OUT,-999,-999,-999,2254424.0,112012086.0
25096,10.6716,C,-3.642,16.75,-3.632,7.51,PI-SIDIS,0.25,3.3,0.5,-0.8,32.721,17.65,33.71,18.184,33.686,18.171,33.706,18.181,33.686,18.171,0.9993,0.9969,0.9827,0.9764,-1.0,-1.0,-1.0,-1.0,-1.0,1.0,0.99978,0.999542,10076.0,6037.33,103.678,183.595,3.15283,51.2253,0.349447,1.0,OUT,16569.10561,16569.93839,0.954425,5764253.0,267034459.0
25097,10.6716,C,-3.642,16.75,-3.632,7.51,PI-SIDIS,0.25,3.3,0.5,-0.8,32.037,17.784,32.993,18.314,32.968,18.3,32.981,18.308,32.916,18.271,0.9992,0.9971,0.9823,0.975,-1.0,-1.0,-1.0,-1.0,-1.0,1.0,1.0,0.999541,9801.0,5876.0,102.251,182.811,3.18117,51.2348,0.349024,1.0,OUT,16226.40851,16228.57249,0.953074,5640475.0,261369987.0
25098,10.6716,C,-3.642,16.75,-3.632,7.51,PI-SIDIS,0.25,3.3,0.5,-0.8,34.256,17.387,35.28,17.906,35.044,17.787,35.063,17.796,34.981,17.754,0.9992,0.9971,0.9821,0.9754,-1.0,-1.0,-1.0,-1.0,-1.0,1.0,0.99981,0.999544,10525.0,6377.67,105.907,185.515,3.08064,51.2734,0.341014,1.0,OUT,17341.97934,17340.73066,0.951663,6029518.0,279111325.0
25099,10.6716,C,-3.642,16.75,-3.632,7.51,PI-SIDIS,0.25,3.3,0.5,-0.8,16.765,8.808,17.339,9.109,17.234,9.054,17.272,9.074,17.243,9.059,0.9994,0.9975,0.9868,0.9804,-1.0,-1.0,-1.0,-1.0,-1.0,1.0,0.99995,0.999772,4252.0,3157.0,66.592,185.836,3.91991,51.2356,0.329605,1.0,OUT,8523.52957,8523.01143,0.960514,2971302.0,127853259.0
25101,10.6716,C,-3.642,16.75,-3.632,7.51,HMSDIS,0.25,3.3,0.5,-0.8,16420.526,17.601,16924.403,18.141,16931.877,18.149,16943.834,18.162,16938.993,18.157,0.9991,0.9969,-999,-999,-1.0,-1.0,-1.0,2.0,-1.0,-1.0,1.0,0.954328,-999,-999,-999,106.792,0.112389,-999,-999,1.0,OUT,-999,-999,-999,2891563.0,133586279.0
25102,10.6716,Cu,-3.642,16.75,-3.632,7.51,PI-SIDIS,0.25,3.3,0.5,-0.8,53.222,20.332,54.889,20.969,54.662,20.882,54.681,20.889,54.586,20.853,0.9991,0.9972,0.9809,0.9744,-1.0,-1.0,-1.0,-1.0,-1.0,1.0,0.99981,0.999537,10286.0,5584.5,105.212,104.528,1.96931,51.2507,0.351798,1.0,OUT,27013.69169,27012.18231,0.948425,7206733.0,389200385.0
25103,10.6716,Cu,-3.642,16.75,-3.632,7.51,PI-SIDIS,0.25,3.3,0.5,-0.8,39.528,20.07,40.763,20.697,40.556,20.592,40.585,20.606,40.555,20.591,0.9991,0.9971,0.9812,0.9741,-1.0,-1.0,-1.0,-1.0,-1.0,1.0,0.9998,0.999539,7457.0,3975.67,89.6506,100.235,2.26027,51.2457,0.34327,1.0,OUT,20036.66561,20035.30439,0.949063,5354296.0,288438603.0
25104,10.6716,Cu,-3.642,16.75,-3.632,7.51,PI-SIDIS,0.25,3.3,0.5,-0.8,35.858,20.442,36.949,21.064,36.932,21.055,36.955,21.068,36.951,21.065,0.999,0.997,0.9812,0.9739,-1.0,-1.0,-1.0,-1.0,-1.0,1.0,0.99983,0.999536,6855.0,3686.17,85.9252,102.557,2.39063,51.2213,0.354888,1.0,OUT,18159.68681,18160.33719,0.950507,4856187.0,262603327.0
25105,10.6716,Cu,-3.642,16.75,-3.632,7.51,PI-SIDIS,0.25,3.3,0.5,-0.8,38.502,20.202,39.678,20.82,39.664,20.812,39.679,20.82,39.641,20.8,0.9991,0.9972,0.9802,0.974,-1.0,-1.0,-1.0,-1.0,-1.0,1.0,0.9998,0.999538,7370.0,4005.17,89.0551,103.751,2.3069,51.2284,0.348168,1.0,OUT,19504.5381,19501.2419,0.950109,5210988.0,280942145.0
25106,10.6716,Cu,-3.642,16.75,-3.632,7.51,HMSDIS,0.25,3.3,0.5,-0.8,19600.433,19.535,20212.403,20.144,20060.92,19.993,20066.981,19.999,20022.555,19.955,0.9992,0.997,-999,-999,-1.0,-1.0,-1.0,2.0,-1.0,-1.0,1.0,0.954184,-999,-999,-999,81.7644,0.0899833,-999,-999,1.0,OUT,-999,-999,-999,2657082.0,142878366.0
25108,10.6716,LD2,-3.642,16.75,-3.632,7.51,PI-SIDIS,0.25,3.3,0.5,-0.8,17.449,9.736,18.054,10.073,18.003,10.045,18.033,10.061,18.024,10.057,0.9991,0.9969,0.9822,0.9762,-1.0,-1.0,-1.0,-1.0,-1.0,1.0,0.99985,0.999575,9213.0,5906.67,98.8132,335.494,5.61251,51.2217,0.347243,1.003518,OUT,8872.76837,8872.38463,0.956419,4796375.0,207199266.0
25109,10.6716,LD2,-3.642,16.75,-3.632,7.51,PI-SIDIS,0.25,3.3,0.5,-0.8,18.279,9.71,18.928,10.054,18.906,10.043,18.936,10.059,18.909,10.044,0.9991,0.9969,0.9825,0.9757,-1.0,-1.0,-1.0,-1.0,-1.0,1.0,0.99986,0.999576,9585.0,6114.17,100.814,331.412,5.46452,51.2265,0.351333,1.003512,OUT,9303.14549,9302.71151,0.956932,5029623.0,230414068.0
25110,10.6716,LD2,-3.642,16.75,-3.632,7.51,PI-SIDIS,0.25,3.3,0.5,-0.8,18.543,9.792,19.187,10.132,19.028,10.048,19.058,10.064,19.011,10.039,0.9991,0.997,0.983,0.9756,-1.0,-1.0,-1.0,-1.0,-1.0,1.0,0.99984,0.999574,9674.0,6105.83,101.335,326.533,5.41926,51.2669,0.344234,1.003539,OUT,9432.34961,9431.25739,0.954074,5096689.0,234865940.0
25111,10.6716,LD2,-3.642,16.75,-3.632,7.51,PI-SIDIS,0.25,3.3,0.5,-0.8,10.858,5.906,11.289,6.141,11.165,6.073,11.19,6.087,11.179,6.081,0.9992,0.997,0.9845,0.9789,-1.0,-1.0,-1.0,-1.0,-1.0,1.0,0.99993,0.999743,5059.0,3753.67,72.6399,339.968,6.57897,51.252,0.332137,1.002145,OUT,5549.19224,5549.01976,0.960199,3003128.0,131246375.0
25112,10.6716,LD2,-3.642,16.75,-3.632,7.51,PI-SIDIS,0.25,3.3,0.5,-0.8,10.742,5.877,11.171,6.112,11.102,6.074,11.123,6.086,11.122,6.085,0.9993,0.9967,0.9849,0.9792,-1.0,-1.0,-1.0,-1.0,-1.0,1.0,0.99995,0.999744,4958.0,3670.0,71.9213,335.76,6.57991,51.2382,0.329757,1.002135,OUT,5490.33212,5489.99488,0.962233,2969095.0,129595449.0
25114,10.6716,LH2,-3.642,16.75,-3.632,7.51,PI-SIDIS,0.25,3.3,0.5,-0.8,46.176,23.247,47.653,23.991,47.681,24.005,47.704,24.016,47.649,23.989,0.9991,0.996,0.9806,0.9723,-1.0,-1.0,-1.0,-1.0,-1.0,1.0,0.9998,0.999542,11838.0,7088.5,112.381,153.159,2.42819,51.2264,0.353292,1.010129,OUT,23425.96902,23424.60198,0.95406,6694439.0,304680557.0
25115,10.6716,LH2,-3.642,16.75,-3.632,7.51,PI-SIDIS,0.25,3.3,0.5,-0.8,46.08,23.653,47.549,24.407,47.247,24.252,47.269,24.263,47.137,24.196,0.9991,0.9959,0.9801,0.9732,-1.0,-1.0,-1.0,-1.0,-1.0,1.0,0.99984,0.999539,11657.0,6882.0,111.592,148.878,2.41408,51.2629,0.346866,1.010352,OUT,23375.44273,23375.45327,0.951532,6683587.0,305784189.0
25116,10.6716,LH2,-3.642,16.75,-3.632,7.51,PI-SIDIS,0.25,3.3,0.5,-0.8,44.816,22.747,46.334,23.518,46.115,23.406,46.145,23.422,46.115,23.406,0.9991,0.9956,0.9806,0.9726,-1.0,-1.0,-1.0,-1.0,-1.0,1.0,0.9998,0.999544,11252.0,6662.17,109.622,147.999,2.43524,51.2455,0.349586,1.009791,OUT,22776.03945,22774.86755,0.953542,6512005.0,297264228.0
25117,10.6716,LH2,-3.642,16.75,-3.632,7.51,PI-SIDIS,0.25,3.3,0.5,-0.8,20.0,11.484,20.761,11.921,20.734,11.906,20.756,11.918,20.746,11.913,0.9993,0.9961,0.9841,0.9775,-1.0,-1.0,-1.0,-1.0,-1.0,1.0,0.99996,0.999773,4259.0,3176.17,66.6294,156.625,3.28566,51.2356,0.344883,1.004246,OUT,10201.58537,10201.57663,0.963285,2934554.0,124086346.0
25119,10.6716,LH2,-3.642,16.75,-3.632,7.51,PI-SIDIS,0.25,3.3,0.5,-0.8,22.071,11.629,22.931,12.082,22.77,11.997,22.794,12.01,22.746,11.985,0.9991,0.9957,0.9835,0.9785,-1.0,-1.0,-1.0,-1.0,-1.0,1.0,0.99995,0.999771,4702.0,3461.17,70.0629,154.401,3.12547,51.2668,0.337569,1.004185,OUT,11294.55072,11294.80228,0.959989,3245425.0,131480066.0
25120,10.6716,Dummy,-3.642,16.75,-3.632,7.51,PI-SIDIS,0.25,3.3,0.5,-0.8,35.269,19.35,36.551,20.053,36.409,19.976,36.434,19.989,36.444,19.995,0.9991,0.9967,0.9823,0.9756,-1.0,-1.0,-1.0,-1.0,-1.0,1.0,0.9999,0.999681,5367.0,3596.0,75.2474,100.945,2.11229,51.2376,0.342322,1.0,OUT,17964.35326,17964.80074,0.955772,3767584.0,181526005.0
25121,10.6716,Dummy,-3.642,16.75,-3.632,7.51,PI-SIDIS,0.25,3.3,0.5,-0.8,37.216,19.37,38.577,20.078,38.593,20.087,38.616,20.099,38.632,20.107,0.9991,0.9963,0.9832,0.9758,-1.0,-1.0,-1.0,-1.0,-1.0,1.0,0.99989,0.999682,5672.0,3769.5,77.3892,100.239,2.05793,51.2159,0.349654,1.0,OUT,18963.36349,18963.47451,0.957519,3979648.0,198238892.0
25122,10.6716,LD2,-3.642,16.75,-6.538,10.305,PI-SIDIS,0.25,3.3,0.9,2.0,43.218,32.698,44.714,33.83,44.98,34.031,45.015,34.058,44.989,34.038,0.9989,0.9967,0.9875,0.9414,-1.0,-1.0,-1.0,-1.0,-1.0,1.0,0.99976,0.999865,7186.0,6744.17,85.2035,160.433,2.02685,51.1984,0.342505,1.011817,OUT,21937.4141,21938.1849,0.960912,11795389.0,175290731.0
25123,10.6716,LD2,-3.642,16.75,-6.538,10.305,PI-SIDIS,0.25,3.3,0.9,2.0,-999,-999,-999,-999,-999,-999,-999,-999,-999,-999,-999,-999,-999,-999,-999,-999,-999,-999,-999,-999,-999,-999,-999,-999,-999,-999,-999,-999,-999,-999,OUT,-999,-999,0.957923,-999,-999
25124,10.6716,LD2,-3.642,16.75,-6.538,10.305,PI-SIDIS,0.25,3.3,0.9,2.0,34.229,19.494,35.243,20.072,35.376,20.147,35.385,20.152,35.369,20.143,0.9991,0.9972,0.9892,0.9504,-1.0,-1.0,-1.0,-1.0,-1.0,1.0,1.0,0.99993,5588.0,5411.67,74.9492,161.712,2.23964,51.2152,0.344932,1.007011,OUT,17322.42545,17322.26355,0.969451,9329139.0,139564716.0
25125,10.6716,LD2,-3.642,16.75,-6.538,10.305,HMSDIS,0.25,3.3,0.9,2.0,17619.07,19.795,18141.476,20.382,18201.004,20.449,18207.616,20.457,18205.238,20.454,0.999,0.9965,-999,-999,-1.0,-1.0,-1.0,3.0,-1.0,-1.0,1.0,0.993005,-999,-999,-999,164.779,0.165155,-999,-999,1.007119,OUT,-999,-999,-999,4801830.0,71829729.0
25126,10.6716,LH2,-3.642,16.75,-6.538,10.305,PI-SIDIS,0.25,3.3,0.9,2.0,4.836,26.788,4.989,27.636,5.021,27.814,5.022,27.821,5.018,27.797,0.9983,0.9968,0.9888,0.9333,-1.0,-1.0,-1.0,-1.0,-1.0,1.0,0.99994,0.999932,263.0,251.833,16.2746,54.1806,3.50138,51.2319,0.338867,1.01184,OUT,2454.7408,2454.7442,0.965878,695088.0,10540558.0
25127,10.6716,LH2,-3.642,16.75,-6.538,10.305,PI-SIDIS,0.25,3.3,0.9,2.0,65.302,40.564,67.229,41.762,67.674,42.038,67.703,42.056,67.672,42.037,0.9991,0.9963,0.9883,0.9379,-1.0,-1.0,-1.0,-1.0,-1.0,1.0,0.99996,0.999922,3821.0,3641.33,62.056,57.8035,0.985093,51.214,0.33402,1.021159,OUT,33020.86576,33023.02924,0.965812,9351064.0,141494360.0
25128,10.6716,LH2,-3.642,16.75,-6.538,10.305,PI-SIDIS,0.25,3.3,0.9,2.0,62.805,40.389,64.601,41.544,65.024,41.815,65.044,41.828,64.998,41.798,0.999,0.9956,0.9888,0.9394,-1.0,-1.0,-1.0,-1.0,-1.0,1.0,0.9999,0.999922,3670.0,3505.0,60.8071,57.8199,1.0031,51.2134,0.337787,1.02205,OUT,31727.88683,31728.82517,0.964636,8968728.0,135800818.0
25129,10.6716,LH2,-3.642,16.75,-6.538,10.305,PI-SIDIS,0.25,3.3,0.9,2.0,68.131,41.132,70.068,42.302,70.5,42.563,70.521,42.576,70.474,42.547,0.9989,0.9975,0.9887,0.9159,-1.0,-1.0,-1.0,-1.0,1.0,-1.0,0.99977,0.999922,4013.0,3860.0,63.5492,60.2277,0.991561,51.206,0.333998,1.023245,OUT,34447.01171,34442.86229,0.943759,9725542.0,147219391.0
25130,10.6716,LH2,-3.642,16.75,-6.538,10.305,PI-SIDIS,0.25,3.3,0.9,2.0,2.622,21.027,2.697,21.631,2.705,21.693,2.706,21.702,2.704,21.691,0.9969,0.9987,0.9903,0.9221,-1.0,-1.0,-1.0,-1.0,1.0,-1.0,0.99994,0.99996,167.0,164.0,12.9422,66.1542,5.2206,51.25,0.312838,1.008754,OUT,1280.06079,1280.02921,0.959455,378971.0,5733235.0
25131,10.6716,LH2,-3.642,16.75,-6.538,10.305,PI-SIDIS,0.25,3.3,0.9,2.0,42.666,23.611,43.851,24.267,43.968,24.332,43.993,24.345,43.978,24.337,0.9991,0.9972,0.9891,0.9448,-1.0,-1.0,-1.0,-1.0,-1.0,1.0,0.99992,0.999958,2538.0,2478.33,50.4772,59.8777,1.21955,51.2144,0.331071,1.01024,OUT,21552.8799,21554.2931,0.971457,6158935.0,93283446.0
25132,10.6716,LH2,-3.642,16.75,-6.538,10.305,HMSDIS,0.25,3.3,0.9,2.0,32670.661,22.849,33550.704,23.464,33635.218,23.524,33651.915,23.535,33643.08,23.529,0.9991,0.9958,-999,-999,-1.0,-1.0,-1.0,2.0,-1.0,-1.0,1.0,0.995841,-999,-999,-999,88.0546,0.0724829,-999,-999,1.009755,OUT,-999,-999,-999,4715147.0,71389758.0
25133,10.6716,LH2,-3.642,16.75,-6.538,10.305,HMSDIS,0.25,3.3,0.9,2.0,19119.171,23.75,19633.024,24.388,19680.797,24.447,19689.479,24.458,19684.998,24.453,0.999,0.9972,-999,-999,-1.0,-1.0,5.0,-1.0,-1.0,-1.0,0.99783,0.995782,-999,-999,-999,87.9719,0.149917,-999,-999,1.010325,OUT,-999,-999,-999,2755320.0,41778830.0
25134,10.6716,Dummy,-3.642,16.75,-6.538,10.305,PI-SIDIS,0.25,3.3,0.9,2.0,59.585,37.674,61.196,38.693,61.486,38.877,61.526,38.901,61.488,38.878,0.999,0.9972,0.988,0.9478,-1.0,-1.0,-1.0,-1.0,-1.0,1.0,0.99994,0.999946,2461.0,2374.0,49.7544,40.9735,0.858724,51.2097,0.332051,1.0,OUT,30110.77024,30111.23076,0.967419,6282129.0,96613574.0
25135,10.6716,Dummy,-3.642,16.75,-6.538,10.305,PI-SIDIS,0.25,3.3,0.9,2.0,62.877,38.435,64.596,39.486,64.912,39.679,64.954,39.705,64.93,39.69,0.9992,0.9973,0.991,0.9457,-1.0,-1.0,-1.0,-1.0,-1.0,1.0,0.99997,0.999945,2623.0,2525.67,51.3734,41.3788,0.841666,51.2066,0.34452,1.0,OUT,31735.76461,31736.74839,0.967188,6622423.0,101870178.0
25136,10.6716,Dummy,-3.642,16.75,-6.538,10.305,HMSDIS,0.25,3.3,0.9,2.0,17687.58,19.832,18180.001,20.384,18228.167,20.439,18233.526,20.445,18231.965,20.443,0.9991,0.9964,-999,-999,-1.0,-1.0,-1.0,2.0,-1.0,-1.0,1.0,0.997307,-999,-999,-999,64.2393,0.0841035,-999,-999,1.0,OUT,-999,-999,-999,1874044.0,28721574.0
25137,10.6716,Dummy,-3.642,16.75,-6.538,10.305,HMSDIS,0.25,3.3,0.9,2.0,7119.269,16.321,7328.225,16.8,7351.475,16.853,7351.035,16.852,7346.12,16.841,0.9992,0.9978,-999,-999,-1.0,-1.0,5.0,-1.0,-1.0,-1.0,0.99687,0.997484,-999,-999,-999,64.5364,0.210253,-999,-999,1.0,OUT,-999,-999,-999,755440.0,11593036.0
25138,10.6716,LD2,-3.642,16.75,-4.868,10.305,PI-SIDIS,0.25,3.3,0.67,2.0,57.682,34.745,59.282,35.709,59.65,35.931,59.658,35.936,59.64,35.925,0.9988,0.9959,0.9862,0.9728,-1.0,-1.0,-1.0,-1.0,-1.0,1.0,0.99948,0.999741,19409.0,15683.0,141.527,272.414,2.45833,51.2107,0.344653,1.012473,OUT,29196.82291,29197.12909,0.95639,15658002.0,227945227.0
25139,10.6716,LD2,-3.642,16.75,-4.868,10.305,PI-SIDIS,0.25,3.3,0.67,2.0,63.455,41.507,65.221,42.662,65.748,43.007,65.747,43.006,65.736,42.999,0.9988,0.9963,0.985,0.9717,-1.0,-1.0,-1.0,-1.0,-1.0,1.0,0.99924,0.999691,21938.0,17128.2,150.797,270.796,2.38409,51.2108,0.349618,1.014902,OUT,32083.69684,32080.14516,0.953894,17225193.0,257074567.0
25140,10.6716,LD2,-3.642,16.75,-4.868,10.305,PI-SIDIS,0.25,3.3,0.67,2.0,67.186,42.687,69.073,43.886,69.519,44.169,69.518,44.168,69.466,44.136,0.9988,0.9962,0.9851,0.9711,-1.0,-1.0,-1.0,-1.0,-1.0,1.0,0.99924,0.999688,23316.0,18189.7,155.468,271.71,2.32232,51.2333,0.348573,1.015329,OUT,33922.48922,33919.37578,0.952978,18239459.0,276521012.0
25141,10.6716,LD2,-3.642,16.75,-4.868,10.305,PI-SIDIS,0.25,3.3,0.67,2.0,40.007,23.504,41.244,24.23,41.013,24.094,41.03,24.104,40.945,24.054,0.9989,0.9965,0.9898,0.9778,-1.0,-1.0,-1.0,-1.0,-1.0,1.0,0.99984,0.99984,13191.0,11514.8,116.062,285.886,2.88154,51.2807,0.332114,1.008464,OUT,20265.36515,20264.71585,0.959301,10924341.0,161137947.0
25142,10.6716,LD2,-3.642,16.75,-4.868,10.305,HMSDIS,0.25,3.3,0.67,2.0,22306.03,23.227,22998.235,23.948,22903.359,23.849,22918.394,23.865,22908.318,23.854,0.999,0.9965,-999,-999,-1.0,-1.0,-1.0,5.0,-1.0,-1.0,1.0,0.984097,-999,-999,-999,164.999,0.189494,-999,-999,1.008365,OUT,-999,-999,-999,6096202.0,89819371.0
25143,10.6716,LD2,-3.642,16.75,-4.868,10.305,SHMSDIS,0.25,3.3,0.67,2.0,15949.914,23.477,16438.446,24.196,16400.035,24.14,16410.031,24.154,16412.062,24.157,-999,-999,0.9912,0.9558,-1.0,65.0,-1.0,-1.0,-1.0,-1.0,0.99879,0.984047,-999,-999,-999,-207945.0,-288.018,-999,-999,1.008452,OUT,-999,-999,-999,4351262.0,64308077.0
25144,10.6716,LD2,-3.642,16.75,-4.868,10.305,SHMSDIS,0.25,3.3,0.67,2.0,7945.671,24.658,8200.464,25.449,8189.001,25.413,8195.991,25.435,8192.063,25.423,-999,-999,0.9907,0.9561,-1.0,65.0,-1.0,-1.0,-1.0,-1.0,0.99879,0.983809,-999,-999,-999,-207643.0,-407.591,-999,-999,1.008889,OUT,-999,-999,-999,2169187.0,32041931.0
25145,10.6716,LD2,-3.642,16.75,-4.868,10.305,HMSDIS,0.25,3.3,0.67,2.0,7476.887,19.661,7723.358,20.309,7718.533,20.296,7722.297,20.306,7718.7,20.296,0.9992,0.9965,-999,-999,-1.0,-1.0,-1.0,5.0,-1.0,-1.0,1.0,0.985017,-999,-999,-999,165.455,0.327413,-999,-999,1.007094,OUT,-999,-999,-999,2047520.0,30110729.0
25146,10.6716,LH2,-3.642,16.75,-4.868,10.305,PI-SIDIS,0.25,3.3,0.67,2.0,71.375,39.548,73.631,40.798,74.006,41.005,74.042,41.026,74.028,41.018,0.9991,0.9958,0.9886,0.9767,-1.0,-1.0,-1.0,-1.0,-1.0,1.0,0.99982,0.999863,10135.0,8938.33,101.658,124.424,1.41511,51.2249,0.337878,1.020728,OUT,36174.30012,36170.52388,0.962706,10220460.0,146032039.0
25147,10.6716,LH2,-3.642,16.75,-4.868,10.305,PI-SIDIS,0.25,3.3,0.67,2.0,19.477,36.326,20.081,37.453,20.207,37.688,20.215,37.702,20.213,37.699,0.9994,0.9959,0.9887,0.9757,-1.0,-1.0,-1.0,-1.0,-1.0,1.0,0.99987,0.999869,2714.0,2393.5,52.6062,122.25,2.6869,51.2191,0.332862,1.019364,OUT,9870.60545,9868.57255,0.963611,2787264.0,39717820.0
25148,10.6716,LH2,-3.642,16.75,-4.868,10.305,PI-SIDIS,0.25,3.3,0.67,2.0,60.896,38.863,62.88,40.128,63.184,40.322,63.195,40.33,63.115,40.278,0.9989,0.9962,0.9901,0.975,-1.0,-1.0,-1.0,-1.0,-1.0,1.0,1.0,0.999865,8749.0,7747.33,94.4243,126.507,1.54186,51.241,0.337132,1.022118,OUT,31012.70566,31011.32934,0.962725,8703906.0,124335850.0
25149,10.6716,LH2,-3.642,16.75,-4.868,10.305,PI-SIDIS,0.25,3.3,0.67,2.0,56.992,41.747,58.921,43.16,58.845,43.104,58.867,43.121,58.771,43.05,0.9991,0.9961,0.9885,0.9743,-1.0,-1.0,-1.0,-1.0,-1.0,1.0,0.99986,0.999861,8100.0,7151.83,90.8737,124.712,1.58463,51.2685,0.33172,1.025074,OUT,29012.62555,29013.37545,0.959076,8137370.0,116400463.0
25150,10.6716,LH2,-3.642,16.75,-4.868,10.305,PI-SIDIS,0.25,3.3,0.67,2.0,78.09,43.199,80.823,44.711,80.987,44.801,81.04,44.831,81.051,44.837,0.999,0.9972,0.9891,0.9737,-1.0,-1.0,-1.0,-1.0,1.0,-1.0,0.99951,0.999858,11132.0,9925.83,106.457,126.314,1.35475,51.2364,0.33853,1.022496,OUT,39808.5049,39808.1061,0.935689,11216442.0,160256211.0
25151,10.6716,LH2,-3.642,16.75,-4.868,10.305,PI-SIDIS,0.25,3.3,0.67,2.0,43.802,24.163,45.336,25.009,45.406,25.047,45.439,25.065,45.418,25.054,0.9989,0.9967,0.9897,0.9787,-1.0,-1.0,-1.0,-1.0,-1.0,1.0,0.99994,0.999927,6022.0,5626.17,78.0255,126.948,1.76055,51.2263,0.330611,1.010426,OUT,22279.69015,22280.26785,0.970351,6369101.0,89842389.0
25152,10.6716,LH2,-3.642,16.75,-4.868,10.305,HMSDIS,0.25,3.3,0.67,2.0,19620.8,23.601,20325.51,24.449,20391.423,24.528,20401.053,24.54,20407.583,24.547,0.9991,0.9958,-999,-999,-1.0,-1.0,-1.0,5.0,-1.0,-1.0,1.0,0.992715,-999,-999,-999,88.212,0.147375,-999,-999,1.010155,OUT,-999,-999,-999,2857832.0,40330870.0
25153,10.6716,LH2,-3.642,16.75,-4.868,10.305,SHMSDIS,0.25,3.3,0.67,2.0,21388.415,24.416,22157.02,25.294,22169.584,25.308,22175.783,25.315,22148.489,25.284,-999,-999,0.992,0.9514,-1.0,65.0,-1.0,-1.0,-1.0,-1.0,0.99945,0.992631,-999,-999,-999,-107180.0,-178.034,-999,-999,1.010608,OUT,-999,-999,-999,3114612.0,43943903.0
25154,10.6716,Dummy,-3.642,16.75,-4.868,10.305,PI-SIDIS,0.25,3.3,0.67,2.0,61.767,35.268,63.994,36.54,63.774,36.414,63.819,36.44,63.709,36.377,0.9991,0.9965,0.9896,0.9761,-1.0,-1.0,-1.0,-1.0,-1.0,1.0,0.99995,0.99991,5678.0,5167.33,75.9152,82.8029,1.21649,51.2642,0.33127,1.0,OUT,31437.63391,31436.72309,0.963885,6576276.0,102095554.0
25155,10.6716,Dummy,-3.642,16.75,-4.868,10.305,HMSDIS,0.25,3.3,0.67,2.0,34335.192,37.257,35564.994,38.591,35522.441,38.545,35557.938,38.584,35539.451,38.564,0.9991,0.9962,-999,-999,-1.0,-1.0,-1.0,5.0,-1.0,-1.0,1.0,0.990888,-999,-999,-999,64.0221,0.0949148,-999,-999,1.0,OUT,-999,-999,-999,3650119.0,56633069.0
25156,10.6716,Dummy,-3.642,16.75,-4.868,10.305,SHMSDIS,0.25,3.3,0.67,2.0,34248.465,37.288,35478.975,38.627,35531.751,38.685,35564.095,38.72,35555.087,38.71,-999,-999,0.9912,0.9528,-1.0,65.0,-1.0,-1.0,-1.0,-1.0,0.99944,0.990866,-999,-999,-999,-86620.2,-126.532,-999,-999,1.0,OUT,-999,-999,-999,3643626.0,56482120.0
25157,10.6716,C,-3.642,16.75,-4.868,10.305,PI-SIDIS,0.25,3.3,0.67,2.0,27.454,41.169,28.456,42.671,28.624,42.923,28.641,42.949,28.624,42.923,0.9991,0.9967,0.9891,0.9758,-1.0,-1.0,-1.0,-1.0,-1.0,1.0,0.99983,0.999834,5141.0,4412.17,72.5429,159.067,2.61532,51.2099,0.33881,1.0,OUT,13910.86314,13912.36486,0.961037,4873832.0,69992041.0
25158,10.6716,C,-3.642,16.75,-4.868,10.305,PI-SIDIS,0.25,3.3,0.67,2.0,-999,-999,-999,-999,-999,-999,-999,-999,-999,-999,-999,-999,-999,-999,-999,-999,-999,-999,-999,-999,-999,-999,-999,-999,-999,-999,-999,-999,-999,1.0,OUT,-999,-999,0.961678,-999,-999
25162,10.6716,C,-3.642,16.75,-4.868,10.305,PI-SIDIS,0.25,3.3,0.67,2.0,82.138,44.092,85.204,45.738,85.282,45.779,85.341,45.811,85.356,45.819,0.9989,0.9964,0.9888,0.9757,-1.0,-1.0,-1.0,-1.0,-1.0,1.0,0.9998,0.999831,15126.0,12913.7,124.478,155.538,1.49927,51.226,0.337266,1.0,OUT,41885.79826,41883.57574,0.960198,14577895.0,205523884.0
25163,10.6716,Cu,-3.642,16.75,-4.868,10.305,PI-SIDIS,0.25,3.3,0.67,2.0,82.4,42.266,85.514,43.864,85.878,44.05,85.907,44.065,85.866,44.044,0.9989,0.9962,0.9888,0.9752,-1.0,-1.0,-1.0,-1.0,-1.0,1.0,0.99987,0.999865,8342.0,6994.33,92.556,83.9747,1.11124,51.2239,0.333772,1.0,OUT,42032.13226,42037.01574,0.959542,11148633.0,160223707.0
25164,10.6716,Cu,-3.642,16.75,-4.868,10.305,PI-SIDIS,0.25,3.3,0.67,2.0,83.539,40.849,86.734,42.411,86.55,42.321,86.589,42.34,86.451,42.273,0.999,0.9966,0.9885,0.9747,-1.0,-1.0,-1.0,-1.0,-1.0,1.0,0.99986,0.999866,8226.0,6880.83,91.9249,81.4844,1.0886,51.2644,0.324874,1.0,OUT,42631.8197,42633.6753,0.956896,11315228.0,162581645.0
25165,10.6716,Cu,-3.642,16.75,-4.868,10.305,PI-SIDIS,0.25,3.3,0.67,2.0,90.131,40.743,93.621,42.321,93.786,42.395,93.849,42.424,93.848,42.424,0.999,0.9963,0.9882,0.9747,-1.0,-1.0,-1.0,-1.0,-1.0,1.0,0.99986,0.999859,9147.0,7648.0,96.9373,83.9071,1.06351,51.2202,0.337817,1.0,OUT,46046.69173,46049.57927,0.958338,12234983.0,175738169.0
25166,10.6716,Cu,-3.642,16.75,-4.868,10.305,PI-SIDIS,0.25,3.3,0.67,2.0,80.39,41.55,83.502,43.158,83.882,43.355,83.928,43.378,83.913,43.371,0.999,0.9968,0.9886,0.9752,-1.0,-1.0,-1.0,-1.0,-1.0,1.0,0.99987,0.999864,8092.0,6797.33,91.147,83.568,1.12058,51.2172,0.33412,1.0,OUT,41026.36484,41032.13816,0.959877,10894725.0,156539137.0
25167,10.6716,LH2,-3.642,16.75,-4.868,10.305,PI-SIDIS,0.25,3.3,0.67,2.0,72.061,42.097,74.883,43.745,74.663,43.616,74.719,43.649,74.673,43.622,0.999,0.9959,0.9894,0.9762,-1.0,-1.0,-1.0,-1.0,-1.0,1.0,0.99989,0.999868,10418.0,9256.0,103.013,126.76,1.41075,51.2604,0.328431,1.022706,OUT,36789.6285,36796.4195,0.960335,10420055.0,146023259.0
25168,10.6716,LH2,-3.642,16.75,-4.868,10.305,PI-SIDIS,0.25,3.3,0.67,2.0,82.563,42.38,85.73,44.006,85.881,44.083,85.956,44.122,85.972,44.13,0.9991,0.9957,0.9888,0.9752,-1.0,-1.0,-1.0,-1.0,-1.0,1.0,0.9999,0.999868,11837.0,10494.0,109.822,125.646,1.31492,51.2392,0.329616,1.021155,OUT,42133.53172,42135.98228,0.962345,11948601.0,167508469.0
25169,10.6716,LH2,-3.642,16.75,-4.868,10.305,PI-SIDIS,0.25,3.3,0.67,2.0,70.244,40.956,72.841,42.47,73.156,42.654,73.218,42.69,73.248,42.707,0.9988,0.9954,0.9893,0.9751,-1.0,-1.0,-1.0,-1.0,-1.0,1.0,0.99988,0.99987,9999.0,8849.17,100.949,124.753,1.42315,51.2272,0.334605,1.021707,OUT,35784.87558,35784.83042,0.962446,10148891.0,142232232.0
25170,10.6716,LH2,-3.642,16.75,-4.868,10.305,PI-SIDIS,0.25,3.3,0.67,2.0,43.75,24.284,45.167,25.07,45.292,25.139,45.326,25.159,45.355,25.174,0.9993,0.9964,0.9901,0.9784,-1.0,-1.0,-1.0,-1.0,-1.0,1.0,0.99994,0.999926,6064.0,5659.83,78.303,128.172,1.77325,51.2268,0.3284,1.010502,OUT,22196.33062,22197.19638,0.969766,6351462.0,88678718.0
25171,10.6716,Dummy,-3.642,16.75,-4.868,10.305,PI-SIDIS,0.25,3.3,0.67,2.0,56.694,35.735,58.548,36.904,58.863,37.102,58.908,37.131,58.912,37.133,0.9992,0.9962,0.9898,0.9756,-1.0,-1.0,-1.0,-1.0,-1.0,1.0,0.99991,0.99991,5336.0,4862.67,73.5859,85.2071,1.28942,51.2217,0.328411,1.0,OUT,28834.7728,28840.2002,0.965717,6019785.0,92294305.0
25178,10.6716,LD2,-3.642,16.75,-3.632,10.305,HMSDIS,0.25,3.3,0.5,2.0,16242.349,19.13,16773.377,19.756,16828.431,19.821,16834.708,19.828,16849.084,19.845,0.9991,0.9964,-999,-999,-1.0,-1.0,-1.0,5.0,-1.0,-1.0,1.0,0.978799,-999,-999,-999,165.048,0.221909,-999,-999,1.006901,OUT,-999,-999,-999,4447413.0,55154969.0
25181,10.6716,LH2,-3.642,16.75,-3.632,10.305,PI-SIDIS,0.25,3.3,0.5,2.0,81.108,45.751,83.703,47.214,83.611,47.163,83.631,47.174,83.465,47.08,0.999,0.9956,0.9839,0.9771,-1.0,-1.0,-1.0,-1.0,-1.0,1.0,0.9997,0.999691,17234.0,11832.0,134.664,144.858,1.64867,51.2732,0.336649,1.02649,OUT,41129.45113,41129.05087,0.953677,11620526.0,151001607.0
25182,10.6716,LH2,-3.642,16.75,-3.632,10.305,PI-SIDIS,0.25,3.3,0.5,2.0,68.278,43.41,70.47,44.804,70.464,44.8,70.507,44.828,70.47,44.804,0.999,0.9957,0.9848,0.977,-1.0,-1.0,-1.0,-1.0,-1.0,1.0,0.99971,0.999696,14325.0,9834.0,122.774,143.019,1.78554,51.2531,0.338854,1.024439,OUT,34607.73792,34609.11208,0.954365,9786948.0,126420016.0
25183,10.6716,LH2,-3.642,16.75,-3.632,10.305,PI-SIDIS,0.25,3.3,0.5,2.0,78.447,45.806,80.902,47.24,81.149,47.384,81.199,47.413,81.157,47.389,0.999,0.9971,0.9851,0.9771,-1.0,-1.0,-1.0,-1.0,1.0,-1.0,0.99881,0.99969,16627.0,12047.8,131.872,152.744,1.67189,51.2395,0.342991,1.025826,OUT,39747.2257,39748.1763,0.924262,11235597.0,145738174.0
25184,10.6716,LH2,-3.642,16.75,-3.632,10.305,PI-SIDIS,0.25,3.3,0.5,2.0,42.875,24.305,44.25,25.084,44.271,25.096,44.299,25.112,44.297,25.111,0.999,0.9974,0.989,0.9817,-1.0,-1.0,-1.0,-1.0,1.0,-1.0,1.0,0.999841,8059.0,6695.67,91.0287,154.289,2.09759,51.2456,0.33372,1.010563,OUT,21764.11299,21763.52001,0.933305,6229866.0,75663160.0
25185,10.6716,LH2,-3.642,16.75,-3.632,10.305,PI-SIDIS,0.25,3.3,0.5,2.0,41.248,23.946,42.556,24.706,42.642,24.756,42.669,24.771,42.655,24.763,0.9991,0.9954,0.9882,0.982,-1.0,-1.0,-1.0,-1.0,-1.0,1.0,0.99994,0.999842,7838.0,6352.17,89.9202,152.148,2.15378,51.232,0.335755,1.010123,OUT,20912.61373,20911.01027,0.963882,5992569.0,72617647.0
25186,10.6716,LH2,-3.642,16.75,-3.632,10.305,HMSDIS,0.25,3.3,0.5,2.0,20024.78,24.367,20667.797,25.149,20728.422,25.223,20739.39,25.236,20740.927,25.238,0.9991,0.996,-999,-999,-1.0,-1.0,-1.0,2.0,-1.0,-1.0,1.0,0.984184,-999,-999,-999,88.1045,0.0923767,-999,-999,1.010743,OUT,-999,-999,-999,2906384.0,35287983.0
25187,10.6716,LH2,-3.642,16.75,-3.632,10.305,PI-SIDIS,0.25,3.3,0.5,2.0,41.68,24.308,43.048,25.106,43.098,25.135,43.112,25.143,43.055,25.109,0.9991,0.9961,0.9883,0.9812,-1.0,-1.0,-1.0,-1.0,-1.0,1.0,0.99993,0.999841,7705.0,6219.83,89.1769,147.398,2.11332,51.2448,0.33611,1.010773,OUT,21155.92994,21154.54606,0.962904,6053412.0,73503378.0
25188,10.6716,LH2,-3.642,16.75,-3.632,10.305,SHMSDIS,0.25,3.3,0.5,2.0,21230.444,24.238,21922.768,25.029,21811.221,24.901,21818.587,24.91,21757.583,24.84,-999,-999,0.9912,0.976,-1.0,33.0,-1.0,-1.0,-1.0,-1.0,0.99859,0.984084,-999,-999,-999,-95200.9,-120.24,-999,-999,1.010441,OUT,-999,-999,-999,3085867.0,37441881.0
25189,10.6716,Dummy,-3.642,16.75,-3.632,10.305,PI-SIDIS,0.25,3.3,0.5,2.0,67.504,38.386,69.679,39.623,69.443,39.489,69.507,39.525,69.455,39.495,0.999,0.9964,0.9878,0.9812,-1.0,-1.0,-1.0,-1.0,-1.0,1.0,0.9999,0.999812,8724.0,6722.0,95.1718,98.4276,1.39356,51.2625,0.336515,1.0,OUT,34245.66227,34245.57973,0.958928,7163601.0,99839316.0
25190,10.6716,Dummy,-3.642,16.75,-3.632,10.305,PI-SIDIS,0.25,3.3,0.5,2.0,65.734,38.606,67.842,39.844,67.876,39.864,67.944,39.904,67.927,39.894,0.9991,0.9969,0.987,0.9806,-1.0,-1.0,-1.0,-1.0,-1.0,1.0,0.99991,0.999812,8503.0,6513.17,93.9928,98.001,1.41427,51.2474,0.330199,1.0,OUT,33333.26363,33336.36037,0.959947,6970109.0,97257008.0
25191,10.6716,Dummy,-3.642,16.75,-3.632,10.305,SHMSDIS,0.25,3.3,0.5,2.0,29072.641,36.721,30022.529,37.921,30108.279,38.029,30136.29,38.064,30143.763,38.074,-999,-999,0.9902,0.9728,-1.0,33.0,-1.0,-1.0,-1.0,-1.0,0.99818,0.981537,-999,-999,-999,-78714.3,-93.4757,-999,-999,1.0,OUT,-999,-999,-999,3086660.0,42906127.0
25192,10.6716,C,-3.642,16.75,-3.632,10.305,PI-SIDIS,0.25,3.3,0.5,2.0,74.068,46.811,76.625,48.427,77.219,48.802,77.24,48.816,77.216,48.801,0.9989,0.9963,0.9828,0.975,-1.0,-1.0,-1.0,-1.0,-1.0,1.0,0.99962,0.999588,21368.0,13544.8,150.572,181.57,2.01843,51.2218,0.349637,1.0,OUT,37742.98066,37745.55234,0.952786,13148762.0,178304014.0
25193,10.6716,C,-3.642,16.75,-3.632,10.305,PI-SIDIS,0.25,3.3,0.5,2.0,64.568,43.165,66.785,44.646,66.917,44.735,66.92,44.737,66.798,44.656,0.9989,0.9964,0.983,0.9756,-1.0,-1.0,-1.0,-1.0,-1.0,1.0,0.99934,0.9996,18318.0,11731.2,139.341,180.366,2.14236,51.2635,0.346443,1.0,OUT,32781.687,32786.154,0.950604,11458747.0,154814005.0
25194,10.6716,C,-3.642,16.75,-3.632,10.305,PI-SIDIS,0.25,3.3,0.5,2.0,72.842,45.615,75.415,47.226,75.443,47.244,75.48,47.267,75.424,47.231,0.999,0.9962,0.9832,0.9751,-1.0,-1.0,-1.0,-1.0,-1.0,1.0,0.99935,0.999591,20631.0,12983.8,148.005,176.853,2.01598,51.2554,0.348915,1.0,OUT,37033.26851,37034.27749,0.95053,12945229.0,175665373.0
25195,10.6716,Cu,-3.642,16.75,-3.632,10.305,PI-SIDIS,0.25,3.3,0.5,2.0,78.687,47.294,81.493,48.981,81.881,49.214,81.916,49.235,81.939,49.248,0.999,0.9968,0.9845,0.9761,-1.0,-1.0,-1.0,-1.0,-1.0,1.0,0.9996,0.999669,12847.0,7786.5,117.006,98.0253,1.473,51.2255,0.354103,1.0,OUT,40116.46551,40114.68649,0.95304,10652800.0,156189587.0
25196,10.6716,Cu,-3.642,16.75,-3.632,10.305,PI-SIDIS,0.25,3.3,0.5,2.0,66.228,43.291,68.602,44.843,69.093,45.164,69.116,45.179,69.103,45.171,0.9989,0.9968,0.984,0.9758,-1.0,-1.0,-1.0,-1.0,-1.0,1.0,0.99964,0.999679,10748.0,6639.5,106.924,99.328,1.5996,51.2244,0.352747,1.0,OUT,33772.65414,33776.47386,0.95398,8973634.0,131451641.0
25197,10.6716,Cu,-3.642,16.75,-3.632,10.305,PI-SIDIS,0.25,3.3,0.5,2.0,71.192,44.508,73.894,46.197,74.361,46.489,74.376,46.498,74.31,46.457,0.9989,0.9965,0.9843,0.9759,-1.0,-1.0,-1.0,-1.0,-1.0,1.0,0.99964,0.999675,11849.0,7361.83,112.236,102.237,1.55866,51.2305,0.347345,1.0,OUT,36319.52887,36317.64613,0.953085,9661746.0,141786015.0
25198,10.6716,Cu,-3.642,16.75,-3.632,10.305,PI-SIDIS,0.25,3.3,0.5,2.0,76.277,47.722,79.087,49.48,79.023,49.44,79.048,49.455,78.907,49.367,0.9989,0.9965,0.9837,0.9762,-1.0,-1.0,-1.0,-1.0,-1.0,1.0,0.99965,0.999665,12459.0,7465.5,115.288,96.8383,1.49545,51.2764,0.344509,1.0,OUT,38885.81138,38887.52962,0.950131,10353638.0,151961082.0
25200,10.6716,LD2,-3.642,16.75,-3.632,10.305,PI-SIDIS,0.25,3.3,0.5,2.0,47.568,27.757,49.28,28.756,49.331,28.786,49.376,28.813,49.356,28.801,0.9989,0.9962,0.9824,0.9763,-1.0,-1.0,-1.0,-1.0,-1.0,1.0,0.9994,0.999575,23247.0,14839.2,156.998,308.953,3.26871,51.2224,0.348272,1.010044,OUT,24212.02979,24215.47321,0.953652,13041673.0,181149839.0
25201,10.6716,LD2,-3.642,16.75,-3.632,10.305,PI-SIDIS,0.25,3.3,0.5,2.0,53.834,29.198,55.817,30.273,56.01,30.378,56.06,30.405,56.044,30.396,0.999,0.9962,0.9831,0.9765,-1.0,-1.0,-1.0,-1.0,-1.0,1.0,0.99943,0.999568,26750.0,17058.0,168.42,313.454,3.09485,51.2168,0.346338,1.010574,OUT,27433.69686,27433.03414,0.954349,14766551.0,206140792.0
25202,10.6716,LD2,-3.642,16.75,-3.632,10.305,PI-SIDIS,0.25,3.3,0.5,2.0,25.79,14.521,26.804,15.092,26.72,15.045,26.737,15.054,26.685,15.026,0.9991,0.9964,0.9875,0.9818,-1.0,-1.0,-1.0,-1.0,-1.0,1.0,0.99989,0.999784,10909.0,8462.33,106.38,321.89,4.0465,51.2595,0.340449,1.005272,OUT,13174.04048,13173.64452,0.960125,7125090.0,91602542.0
25203,10.6716,LH2,-3.642,16.75,-3.632,10.305,PI-SIDIS,0.25,3.3,0.5,2.0,104.734,41.985,108.662,43.559,108.523,43.503,108.605,43.536,108.545,43.512,0.999,0.9955,0.9862,0.9791,-1.0,-1.0,-1.0,-1.0,-1.0,1.0,0.99977,0.999721,21574.0,15250.7,150.426,143.522,1.41563,51.2534,0.340549,1.028596,OUT,53432.48091,53434.96609,0.956284,15049262.0,192908718.0
25204,10.6716,LH2,-3.642,16.75,-3.632,10.305,PI-SIDIS,0.25,3.3,0.5,2.0,42.962,21.509,44.602,22.331,44.64,22.35,44.664,22.362,44.672,22.366,0.9991,0.9957,0.9891,0.9823,-1.0,-1.0,-1.0,-1.0,-1.0,1.0,0.99992,0.999858,8008.0,6599.83,90.7893,150.785,2.07425,51.2309,0.334018,1.009146,OUT,21928.29666,21924.56334,0.964083,6277068.0,75763709.0
25205,10.6716,LH2,-3.642,16.75,-2.615,10.305,PI-SIDIS,0.25,3.3,0.36,2.0,55.735,30.078,57.848,31.218,57.894,31.243,57.933,31.264,57.814,31.2,0.999,0.9956,0.9828,0.9758,-1.0,-1.0,-1.0,-1.0,-1.0,1.0,0.99977,0.999575,16065.0,9147.83,131.217,162.256,2.32741,51.24,0.34699,1.016294,OUT,28432.09106,28432.46694,0.955402,8085655.0,97974686.0
25206,10.6716,LH2,-3.642,16.75,-2.615,10.305,PI-SIDIS,0.25,3.3,0.36,2.0,54.731,29.77,56.814,30.904,56.499,30.732,56.547,30.758,56.433,30.696,0.9991,0.9958,0.9827,0.9761,-1.0,-1.0,-1.0,-1.0,-1.0,1.0,0.99976,0.999573,15722.0,8916.5,129.832,160.968,2.34382,51.2694,0.342907,1.015314,OUT,27917.40083,27920.18917,0.952891,7955115.0,96087334.0
25207,10.6716,LH2,-3.642,16.75,-2.615,10.305,PI-SIDIS,0.25,3.3,0.36,2.0,58.907,30.812,61.149,31.985,61.062,31.94,61.133,31.976,61.1,31.959,0.9992,0.9959,0.9829,0.9759,-1.0,-1.0,-1.0,-1.0,-1.0,1.0,0.99977,0.999569,17008.0,9628.33,135.048,161.511,2.26537,51.2349,0.347664,1.015649,OUT,30054.15023,30058.07377,0.954712,8566935.0,103934656.0
25208,10.6716,LH2,-3.642,16.75,-2.615,10.305,PI-SIDIS,0.25,3.3,0.36,2.0,55.706,31.032,57.825,32.212,57.951,32.283,58.013,32.317,58.002,32.311,0.9991,0.9972,0.9832,0.9758,-1.0,-1.0,-1.0,-1.0,1.0,-1.0,0.99999,0.999569,16203.0,9974.5,131.305,176.933,2.32917,51.215,0.344345,1.015799,OUT,28443.81755,28444.16345,0.925081,8102910.0,98165033.0
25210,10.6716,LH2,-3.642,16.75,-2.615,10.305,PI-SIDIS,0.25,3.3,0.36,2.0,27.901,15.163,29.02,15.771,29.061,15.794,29.072,15.8,29.082,15.805,0.9992,0.9956,0.9865,0.9803,-1.0,-1.0,-1.0,-1.0,-1.0,1.0,0.99991,0.999785,6569.0,4675.83,82.9731,164.509,2.91923,51.2285,0.33729,1.005802,OUT,14260.81426,14259.50474,0.962815,4104111.0,45814648.0
25211,10.6716,LH2,-3.642,16.75,-2.615,10.305,PI-SIDIS,0.25,3.3,0.36,2.0,27.785,15.341,28.877,15.944,28.745,15.871,28.752,15.875,28.736,15.866,0.9992,0.9949,0.9846,0.9807,-1.0,-1.0,-1.0,-1.0,-1.0,1.0,0.99996,0.999783,6661.0,4794.33,83.4992,169.436,2.95094,51.2731,0.337503,1.006004,OUT,14191.69496,14194.17304,0.961893,4083071.0,45796906.0
25212,10.6716,LH2,-3.642,16.75,-2.615,10.305,HMSDIS,0.25,3.3,0.36,2.0,13170.084,15.668,13696.298,16.294,13614.674,16.197,13623.563,16.207,13626.419,16.211,0.9991,0.9958,-999,-999,-1.0,-1.0,-1.0,2.0,-1.0,-1.0,1.0,0.978194,-999,-999,-999,88.5344,0.113754,-999,-999,1.006184,OUT,-999,-999,-999,1934497.0,21687282.0
25213,10.6716,LH2,-3.642,16.75,-2.615,10.305,SHMSDIS,0.25,3.3,0.36,2.0,12001.983,15.184,12481.938,15.792,12436.531,15.734,12443.505,15.743,12456.039,15.759,-999,-999,0.9905,0.9767,-1.0,33.0,-1.0,-1.0,-1.0,-1.0,0.99897,0.978393,-999,-999,-999,-98346.9,-162.02,-999,-999,1.005986,OUT,-999,-999,-999,1765011.0,19917137.0
25214,10.6716,Dummy,-3.642,16.75,-2.615,10.305,PI-SIDIS,0.25,3.3,0.36,2.0,63.044,37.652,65.424,39.074,65.597,39.177,65.652,39.21,65.646,39.206,0.999,0.9966,0.9827,0.9752,-1.0,-1.0,-1.0,-1.0,-1.0,1.0,0.99975,0.999574,12084.0,6691.17,113.942,105.006,1.78812,51.2214,0.346472,1.0,OUT,32149.11689,32151.53311,0.954115,6728163.0,93518488.0
25215,10.6716,Dummy,-3.642,16.75,-2.615,10.305,HMSDIS,0.25,3.3,0.36,2.0,34040.074,38.189,35329.848,39.636,35478.716,39.803,35506.709,39.834,35498.801,39.825,0.999,0.9964,-999,-999,-1.0,-1.0,-1.0,3.0,-1.0,-1.0,1.0,0.957354,-999,-999,-999,64.1729,0.0738555,-999,-999,1.0,OUT,-999,-999,-999,3630334.0,50565668.0
25216,10.6716,Dummy,-3.642,16.75,-2.615,10.305,SHMSDIS,0.25,3.3,0.36,2.0,33657.947,37.046,34909.952,38.424,35088.459,38.621,35113.674,38.648,35124.943,38.661,-999,-999,0.9873,0.9654,-1.0,65.0,-1.0,-1.0,-1.0,-1.0,0.99838,0.957572,-999,-999,-999,-82898.4,-125.035,-999,-999,1.0,OUT,-999,-999,-999,3585507.0,49996853.0
25217,10.6716,LH2,-3.642,16.75,-2.615,10.305,PI-SIDIS,0.25,3.3,0.36,2.0,54.665,30.746,56.753,31.92,56.915,32.011,56.956,32.035,56.903,32.005,0.9991,0.9957,0.9822,0.9755,-1.0,-1.0,-1.0,-1.0,-1.0,1.0,0.99975,0.99957,15706.0,8787.83,129.842,158.914,2.348,51.2273,0.336781,1.013909,OUT,27890.39532,27890.95168,0.955529,7973190.0,96897193.0
25218,10.6716,LH2,-3.642,16.75,-2.615,10.305,PI-SIDIS,0.25,3.3,0.36,2.0,60.835,29.785,63.016,30.853,62.775,30.735,62.829,30.761,62.706,30.701,0.999,0.9955,0.9811,0.9758,-1.0,-1.0,-1.0,-1.0,-1.0,1.0,0.99974,0.999573,17246.0,9625.17,136.074,156.727,2.2157,51.2755,0.339078,1.013323,OUT,30975.01032,30979.20668,0.953061,8856338.0,107580588.0
25219,10.6716,LH2,-3.642,16.75,-2.615,10.305,PI-SIDIS,0.25,3.3,0.36,2.0,62.495,30.862,64.645,31.924,64.514,31.859,64.594,31.899,64.569,31.886,0.9991,0.9958,0.9813,0.9761,-1.0,-1.0,-1.0,-1.0,-1.0,1.0,0.99976,0.999569,18203.0,10405.5,139.652,165.093,2.2157,51.2404,0.340862,1.01426,OUT,31776.36986,31778.11314,0.954527,9079078.0,110798211.0
25220,10.6716,LH2,-3.642,16.75,-2.615,10.305,PI-SIDIS,0.25,3.3,0.36,2.0,30.084,15.502,31.117,16.035,31.074,16.012,31.094,16.023,31.11,16.031,0.9991,0.9954,0.9865,0.9806,-1.0,-1.0,-1.0,-1.0,-1.0,1.0,0.99991,0.999783,7261.0,5257.83,87.1485,172.483,2.8589,51.2379,0.333199,1.006102,OUT,15327.41592,15327.10408,0.963169,4397854.0,48998277.0
25221,10.6716,LH2,-3.642,16.75,-2.615,10.305,PI-SIDIS,0.25,3.3,0.36,2.0,27.505,15.564,28.445,16.096,28.433,16.089,28.451,16.1,28.481,16.116,0.9992,0.9965,0.9853,0.9811,-1.0,-1.0,-1.0,-1.0,-1.0,1.0,0.99994,0.999783,6550.0,4676.5,82.8387,167.715,2.97088,51.2372,0.340051,1.006166,OUT,13981.96562,13980.70638,0.96208,4024166.0,45183860.0
25222,10.6716,Dummy,-3.642,16.75,-2.615,10.305,PI-SIDIS,0.25,3.3,0.36,2.0,70.952,37.938,73.186,39.133,73.42,39.258,73.481,39.291,73.447,39.273,0.999,0.996,0.983,0.9758,-1.0,-1.0,-1.0,-1.0,-1.0,1.0,0.99974,0.999575,13550.0,7530.17,120.637,105.575,1.69137,51.2264,0.340792,1.0,OUT,36012.99262,36011.20238,0.953346,7531702.0,104542554.0
25227,10.6716,LD2,-3.642,16.75,6.538,10.305,PI+SIDIS,0.25,3.3,0.9,2.0,90.71,48.394,93.424,49.842,94.138,50.223,94.163,50.236,94.055,50.179,0.999,0.996,0.9877,0.9761,-1.0,-1.0,-1.0,-1.0,-1.0,1.0,0.99979,0.999897,27962.0,26496.3,167.947,290.91,1.84393,51.2127,0.343251,1.01741,OUT,45915.02336,45921.39164,0.960335,24783016.0,9738431.0
25228,10.6716,LD2,-3.642,16.75,6.538,10.305,PI+SIDIS,0.25,3.3,0.9,2.0,75.719,46.584,78.054,48.02,78.665,48.396,78.685,48.409,78.589,48.349,0.9988,0.9961,0.9896,0.9755,-1.0,-1.0,-1.0,-1.0,-1.0,1.0,0.99981,0.999898,23048.0,21851.7,152.471,287.387,2.00525,51.2171,0.340077,1.016773,OUT,38348.5526,38347.3844,0.960493,20694425.0,10579725.0
25229,10.6716,LD2,-3.642,16.75,6.538,10.305,PI+SIDIS,0.25,3.3,0.9,2.0,38.66,24.273,39.839,25.013,39.949,25.082,39.962,25.09,39.897,25.049,0.9992,0.9965,0.9913,0.9812,-1.0,-1.0,-1.0,-1.0,-1.0,1.0,0.99992,0.999951,11726.0,11402.2,108.536,291.946,2.77899,51.2248,0.342721,1.008737,OUT,19572.48089,19572.92011,0.970315,10580475.0,3846985.0
25230,10.6716,LD2,-3.642,16.75,6.538,10.305,PI+SIDIS,0.25,3.3,0.9,2.0,32.78,24.377,33.771,25.115,33.642,25.019,33.652,25.026,33.552,24.952,0.9991,0.9949,0.9916,0.982,-1.0,-1.0,-1.0,-1.0,-1.0,1.0,0.99994,0.999951,9675.0,9407.0,98.5884,283.931,2.97569,51.2674,0.334046,1.008773,OUT,16583.78256,16584.78244,0.969119,8969278.0,3229042.0
25232,10.6716,LD2,-3.642,16.75,6.538,10.305,HMSDIS,0.25,3.3,0.9,2.0,18287.493,23.53,18867.338,24.276,18759.198,24.137,18772.523,24.154,18738.797,24.11,0.9991,0.9968,-999,-999,-1.0,-1.0,-1.0,5.0,-1.0,-1.0,1.0,0.995134,-999,-999,-999,165.475,0.209503,-999,-999,1.00848,OUT,-999,-999,-999,5011926.0,1839942.0
25233,10.6716,LH2,-3.642,16.75,6.538,10.305,PI+SIDIS,0.25,3.3,0.9,2.0,74.947,46.551,77.288,48.006,77.436,48.098,77.479,48.124,77.401,48.076,0.999,0.9951,0.99,0.9799,-1.0,-1.0,-1.0,-1.0,-1.0,1.0,0.99993,0.999949,13205.0,12900.0,115.134,170.514,1.52186,51.2348,0.341661,1.025496,OUT,37971.52442,37973.68658,0.972084,10762287.0,4297445.0
25234,10.6716,LH2,-3.642,16.75,6.538,10.305,PI+SIDIS,0.25,3.3,0.9,2.0,79.789,45.902,82.4,47.404,82.794,47.63,82.833,47.653,82.708,47.58,0.9991,0.9956,0.9873,0.9813,-1.0,-1.0,-1.0,-1.0,-1.0,1.0,0.99992,0.999949,14047.0,13696.0,118.767,169.547,1.47025,51.2158,0.34156,1.02537,OUT,40494.38963,40496.39337,0.972085,11471282.0,4587093.0
25235,10.6716,LH2,-3.642,16.75,6.538,10.305,PI+SIDIS,0.25,3.3,0.9,2.0,80.652,47.473,83.301,49.032,83.875,49.37,83.9,49.384,83.819,49.337,0.9991,0.9965,0.9879,0.9799,-1.0,-1.0,-1.0,-1.0,1.0,-1.0,0.99982,0.999949,13962.0,13652.0,118.379,167.429,1.45181,51.2094,0.341532,1.026904,OUT,40936.31777,40935.25123,0.943813,11587566.0,4763340.0
25236,10.6716,LH2,-3.642,16.75,6.538,10.305,PI+SIDIS,0.25,3.3,0.9,2.0,41.381,24.016,42.789,24.833,42.826,24.855,42.844,24.865,42.756,24.814,0.9992,0.9947,0.9929,0.9838,-1.0,-1.0,-1.0,-1.0,-1.0,1.0,0.99998,0.999975,7212.0,7116.17,85.0175,169.186,2.02128,51.2327,0.33492,1.010294,OUT,21026.74585,21026.93315,0.981065,6035841.0,1873935.0
25237,10.6716,LH2,-3.642,16.75,6.538,10.305,PI+SIDIS,0.25,3.3,0.9,2.0,42.185,24.42,43.578,25.226,43.311,25.072,43.332,25.084,43.196,25.005,0.9992,0.994,0.9904,0.9834,-1.0,-1.0,-1.0,-1.0,-1.0,1.0,0.99999,0.999975,7540.0,7450.67,86.9189,174.0,2.02987,51.2679,0.331267,1.010414,OUT,21415.50544,21415.63956,0.980515,6149653.0,1954021.0
25238,10.6716,LH2,-3.642,16.75,6.538,10.305,HMSDIS,0.25,3.3,0.9,2.0,21017.18,24.194,21715.787,24.999,21591.22,24.855,21609.853,24.877,21574.153,24.836,0.9991,0.9961,-999,-999,-1.0,-1.0,-1.0,2.0,-1.0,-1.0,1.0,0.997526,-999,-999,-999,88.3317,0.0902362,-999,-999,1.010466,OUT,-999,-999,-999,3066914.0,972228.0
25239,10.6716,LH2,-3.642,16.75,6.538,10.305,SHMSDIS,0.25,3.3,0.9,2.0,22115.229,24.609,22862.425,25.441,22788.44,25.359,22811.249,25.384,22787.466,25.358,-999,-999,0.9903,0.9751,-1.0,3.0,-1.0,-1.0,-1.0,-1.0,0.99843,0.99751,-999,-999,-999,-604.262,-2.82963,-999,-999,1.010664,OUT,-999,-999,-999,3230339.0,1022387.0
25240,10.6716,Dummy,-3.642,16.75,6.538,10.305,PI+SIDIS,0.25,3.3,0.9,2.0,65.08,37.75,67.37,39.078,67.539,39.176,67.599,39.211,67.543,39.178,0.9989,0.996,0.9905,0.9833,-1.0,-1.0,-1.0,-1.0,-1.0,1.0,0.99997,0.999971,5053.0,4935.17,71.2225,74.5831,1.07636,51.2172,0.337305,1.0,OUT,33106.42251,33109.55949,0.974481,6950111.0,2239969.0
25241,10.6716,Dummy,-3.642,16.75,6.538,10.305,PI+SIDIS,0.25,3.3,0.9,2.0,63.69,36.992,65.942,38.3,66.191,38.445,66.231,38.468,66.133,38.411,0.9992,0.9954,0.9932,0.9816,-1.0,-1.0,-1.0,-1.0,-1.0,1.0,0.99995,0.999971,4824.0,4703.0,69.6,72.7192,1.07618,51.2298,0.327623,1.0,OUT,32400.41068,32399.78132,0.973994,6797530.0,2131165.0
25243,10.6716,Dummy,-3.642,16.75,6.538,10.305,HMSDIS,0.25,3.3,0.9,2.0,37985.349,39.28,39283.248,40.622,39230.236,40.567,39247.992,40.586,39140.909,40.475,0.9991,0.9965,-999,-999,-1.0,-1.0,-1.0,3.0,-1.0,-1.0,1.0,0.997078,-999,-999,-999,64.2231,0.0700645,-999,-999,1.0,OUT,-999,-999,-999,4048824.0,1265693.0
25244,10.6716,Dummy,-3.642,16.75,6.538,10.305,SHMSDIS,0.25,3.3,0.9,2.0,36565.972,37.462,37780.416,38.706,37615.703,38.537,37646.793,38.569,37542.066,38.462,-999,-999,0.9899,0.9742,-1.0,3.0,-1.0,-1.0,-1.0,-1.0,0.99719,0.997102,-999,-999,-999,-426.92,-1.85057,-999,-999,1.0,OUT,-999,-999,-999,3895344.0,1212388.0
25247,10.6716,C,-3.642,16.75,6.538,10.305,PI+SIDIS,0.25,3.3,0.9,2.0,92.028,46.155,95.389,47.841,96.073,48.184,96.111,48.203,96.02,48.157,0.9991,0.9958,0.989,0.9804,-1.0,-1.0,-1.0,-1.0,-1.0,1.0,0.99988,0.999942,14266.0,13712.7,119.826,146.779,1.28261,51.1991,0.338421,1.0,OUT,46884.37428,46884.79572,0.967161,16397831.0,6242809.0
25248,10.6716,C,-3.642,16.75,6.538,10.305,PI+SIDIS,0.25,3.3,0.9,2.0,91.914,44.371,95.124,45.921,95.183,45.949,95.222,45.968,94.962,45.843,0.999,0.9961,0.9915,0.9798,-1.0,-1.0,-1.0,-1.0,-1.0,1.0,0.99994,0.999942,14344.0,13787.3,120.153,148.086,1.29053,51.2525,0.333944,1.0,OUT,46852.02969,46853.49231,0.965711,16364180.0,6112695.0
25249,10.6716,C,-3.642,16.75,6.538,10.305,PI+SIDIS,0.25,3.3,0.9,2.0,43.141,24.375,44.641,25.223,44.381,25.076,44.418,25.097,44.36,25.064,0.9993,0.9961,0.992,0.9831,-1.0,-1.0,-1.0,-1.0,-1.0,1.0,0.99998,0.999972,6600.0,6463.0,81.3808,147.372,1.85568,51.2512,0.331639,1.0,OUT,21941.6245,21941.0325,0.973792,7663157.0,2157549.0
25250,10.6716,C,-3.642,16.75,6.538,10.305,HMSDIS,0.25,3.3,0.9,2.0,40426.894,24.083,41915.72,24.97,41857.623,24.935,41895.3,24.957,41865.845,24.94,0.9991,0.9967,-999,-999,-1.0,-1.0,-1.0,3.0,-1.0,-1.0,1.0,0.997184,-999,-999,-999,107.287,0.0876679,-999,-999,1.0,OUT,-999,-999,-999,7199073.0,2092534.0
25251,10.6716,Cu,-3.642,16.75,6.538,10.305,PI+SIDIS,0.25,3.3,0.9,2.0,85.09,46.038,88.25,47.748,88.819,48.056,88.855,48.075,88.751,48.019,0.999,0.9959,0.9909,0.9788,-1.0,-1.0,-1.0,-1.0,-1.0,1.0,0.99995,0.999945,6514.0,6184.67,81.0487,71.6742,0.939275,51.212,0.337175,1.0,OUT,43373.83236,43370.07464,0.962545,11572343.0,5056487.0
25252,10.6716,Cu,-3.642,16.75,6.538,10.305,PI+SIDIS,0.25,3.3,0.9,2.0,83.872,47.425,86.795,49.078,86.588,48.961,86.615,48.976,86.34,48.821,0.999,0.9961,0.9865,0.9769,-1.0,-1.0,-1.0,-1.0,-1.0,1.0,0.99996,0.999945,6249.0,5932.33,79.3837,70.0382,0.937218,51.267,0.330389,1.0,OUT,42654.31982,42658.33418,0.960133,11392933.0,5018946.0
25253,10.6716,Cu,-3.642,16.75,6.538,10.305,HMSDIS,0.25,3.3,0.9,2.0,44932.74,48.893,46600.065,50.707,46572.706,50.678,46603.726,50.711,46553.225,50.656,0.999,0.9967,-999,-999,-1.0,-1.0,-1.0,5.0,-1.0,-1.0,0.93132,0.994439,-999,-999,-999,87.2999,0.100338,-999,-999,1.0,OUT,-999,-999,-999,6099397.0,2769270.0
25255,10.6716,LD2,-3.642,16.75,4.868,10.305,PI+SIDIS,0.25,3.3,0.67,2.0,75.13,44.173,77.931,45.819,78.329,46.053,78.365,46.075,78.293,46.032,0.9987,0.996,0.982,0.9715,-1.0,-1.0,-1.0,-1.0,-1.0,1.0,1.0,0.999633,44289.0,36057.0,213.684,476.872,2.82608,51.2328,0.351452,1.016005,OUT,38334.31587,38332.40513,0.953974,20669350.0,39539787.0
25256,10.6716,LD2,-3.642,16.75,4.868,10.305,PI+SIDIS,0.25,3.3,0.67,2.0,45.975,46.079,47.714,47.821,48.059,48.167,48.079,48.187,48.032,48.141,0.9987,0.9962,0.9819,0.9713,-1.0,-1.0,-1.0,-1.0,-1.0,1.0,0.99896,0.999627,26849.0,21751.8,166.429,470.451,3.59954,51.228,0.352586,1.016704,OUT,23405.47064,23406.25136,0.954346,12649236.0,24781974.0
25257,10.6716,LD2,-3.642,16.75,4.868,10.305,PI+SIDIS,0.25,3.3,0.67,2.0,38.21,45.674,39.672,47.422,39.662,47.41,39.67,47.42,39.556,47.284,0.9988,0.9959,0.9815,0.9707,-1.0,-1.0,-1.0,-1.0,-1.0,1.0,0.99894,0.999627,22411.0,18156.2,152.053,472.538,3.95738,51.2834,0.345899,1.016565,OUT,19442.71859,19442.52341,0.951303,10525622.0,18484158.0
25258,10.6716,LD2,-3.642,16.75,4.868,10.305,PI+SIDIS,0.25,3.3,0.67,2.0,49.492,24.174,51.002,24.912,50.996,24.908,51.037,24.928,51.005,24.913,0.999,0.9961,0.9862,0.9777,-1.0,-1.0,-1.0,-1.0,-1.0,1.0,0.99981,0.999813,27118.0,24274.2,166.108,487.381,3.33515,51.2578,0.33338,1.008702,OUT,25074.07957,25073.39243,0.96258,13559779.0,10136403.0
25259,10.6716,LD2,-3.642,16.75,4.868,10.305,PI+SIDIS,0.25,3.3,0.67,2.0,46.594,24.572,47.891,25.256,47.852,25.235,47.893,25.257,47.858,25.239,0.999,0.996,0.9864,0.9779,-1.0,-1.0,-1.0,-1.0,-1.0,1.0,0.99978,0.999812,25169.0,22493.8,160.046,480.888,3.42158,51.2625,0.335985,1.008822,OUT,23540.06929,23539.51571,0.9627,12734834.0,9552969.0
25260,10.6716,LD2,-3.642,16.75,4.868,10.305,HMSDIS,0.25,3.3,0.67,2.0,24573.037,23.765,25225.03,24.395,25192.901,24.364,25212.17,24.383,25196.344,24.368,0.999,0.9965,-999,-999,-1.0,-1.0,-1.0,5.0,-1.0,-1.0,0.34124,0.981446,-999,-999,-999,485.85,0.531501,-999,-999,1.008521,OUT,-999,-999,-999,6708846.0,4967012.0
25261,10.6716,LD2,-3.642,16.75,4.868,10.305,SHMSDIS,0.25,3.3,0.67,2.0,23461.548,24.741,24084.068,25.397,24044.704,25.356,24061.877,25.374,24051.385,25.363,-999,-999,0.9856,0.9761,-1.0,33.0,-1.0,-1.0,-1.0,-1.0,0.99886,0.98122,-999,-999,-999,-9832.05,-36.9712,-999,-999,1.008871,OUT,-999,-999,-999,6402101.0,4766217.0
25262,10.6716,LH2,-3.642,16.75,4.868,10.305,PI+SIDIS,0.25,3.3,0.67,2.0,102.139,50.239,104.765,51.531,105.078,51.685,105.133,51.711,105.045,51.668,0.9991,0.9958,0.9863,0.976,-1.0,-1.0,-1.0,-1.0,-1.0,1.0,0.99976,0.999796,30864.0,27533.0,177.255,269.576,1.7355,51.25,0.34017,1.027208,OUT,51495.81886,51496.48014,0.961888,14550001.0,12043366.0
25263,10.6716,LH2,-3.642,16.75,4.868,10.305,PI+SIDIS,0.25,3.3,0.67,2.0,105.98,52.629,108.821,54.04,109.157,54.206,109.213,54.234,109.145,54.201,0.9989,0.9955,0.9859,0.9763,-1.0,-1.0,-1.0,-1.0,-1.0,1.0,0.99979,0.999793,32295.0,28755.5,181.342,271.014,1.70911,51.2533,0.339203,1.029229,OUT,53489.97538,53489.42862,0.961741,15116906.0,12681710.0
25264,10.6716,LH2,-3.642,16.75,4.868,10.305,PI+SIDIS,0.25,3.3,0.67,2.0,115.605,52.065,118.775,53.493,119.12,53.648,119.183,53.677,119.132,53.654,0.999,0.997,0.9847,0.9759,-1.0,-1.0,-1.0,-1.0,1.0,-1.0,0.99996,0.999793,35557.0,32169.8,190.057,277.824,1.64136,51.2523,0.339153,1.027673,OUT,58446.9777,58442.9493,0.932943,16519196.0,14335213.0
25265,10.6716,LH2,-3.642,16.75,4.868,10.305,PI+SIDIS,0.25,3.3,0.67,2.0,53.126,27.578,54.332,28.204,54.188,28.129,54.246,28.16,54.223,28.148,0.9992,0.9951,0.9866,0.981,-1.0,-1.0,-1.0,-1.0,-1.0,1.0,0.99993,0.999894,15887.0,14960.3,126.655,280.929,2.37836,51.2638,0.330633,1.011731,OUT,26706.91438,26708.05162,0.97103,7672680.0,4754644.0
25266,10.6716,LH2,-3.642,16.75,4.868,10.305,PI+SIDIS,0.25,3.3,0.67,2.0,52.754,27.203,53.868,27.778,53.704,27.693,53.762,27.723,53.731,27.707,0.9991,0.9957,0.9878,0.9805,-1.0,-1.0,-1.0,-1.0,-1.0,1.0,0.99994,0.999894,15557.0,14614.2,125.356,276.959,2.37567,51.2558,0.330689,1.012381,OUT,26476.14388,26476.73712,0.971121,7596572.0,4557046.0
25267,10.6716,LH2,-3.642,16.75,4.868,10.305,HMSDIS,0.25,3.3,0.67,2.0,26064.502,27.324,26702.081,27.993,26610.731,27.897,26644.203,27.932,26632.299,27.919,0.9991,0.996,-999,-999,-1.0,-1.0,-1.0,3.0,-1.0,-1.0,0.29051,0.989418,-999,-999,-999,303.458,0.342731,-999,-999,1.012757,OUT,-999,-999,-999,3763883.0,2277126.0
25268,10.6716,LH2,-3.642,16.75,4.868,10.305,SHMSDIS,0.25,3.3,0.67,2.0,24719.582,27.367,25262.89,27.969,25173.257,27.869,25202.811,27.902,25185.618,27.883,-999,-999,0.9877,0.9803,-1.0,17.0,-1.0,-1.0,-1.0,-1.0,0.99864,0.989405,-999,-999,-999,-4673.06,-17.8431,-999,-999,1.012606,OUT,-999,-999,-999,3560448.0,2156906.0
25269,10.6716,Dummy,-3.642,16.75,4.868,10.305,PI+SIDIS,0.25,3.3,0.67,2.0,66.842,38.332,68.362,39.204,68.222,39.124,68.295,39.166,68.25,39.14,0.9989,0.9959,0.988,0.9782,-1.0,-1.0,-1.0,-1.0,-1.0,1.0,0.99993,0.999897,10373.0,9602.83,102.476,143.768,1.53422,51.2535,0.338309,1.0,OUT,33592.76744,33594.47456,0.967771,7056878.0,4033318.0
25270,10.6716,Dummy,-3.642,16.75,4.868,10.305,HMSDIS,0.25,3.3,0.67,2.0,37873.015,38.918,38659.802,39.726,38581.294,39.645,38621.651,39.687,38608.18,39.673,0.999,0.9967,-999,-999,-1.0,-1.0,-1.0,3.0,-1.0,-1.0,0.26602,0.989718,-999,-999,-999,241.778,0.265707,-999,-999,1.0,OUT,-999,-999,-999,3988508.0,2269406.0
25271,10.6716,Dummy,-3.642,16.75,4.868,10.305,SHMSDIS,0.25,3.3,0.67,2.0,32315.076,37.711,33022.046,38.536,32952.863,38.455,32988.234,38.496,32976.436,38.482,-999,-999,0.988,0.9787,-1.0,17.0,-1.0,-1.0,-1.0,-1.0,0.99872,0.989809,-999,-999,-999,-3012.41,-12.5285,-999,-999,1.0,OUT,-999,-999,-999,3405091.0,1929526.0
25272,10.6716,C,-3.642,16.75,4.868,10.305,PI+SIDIS,0.25,3.3,0.67,2.0,89.5,52.498,91.614,53.737,91.771,53.83,91.825,53.861,91.814,53.855,0.999,0.9964,0.986,0.9755,-1.0,-1.0,-1.0,-1.0,-1.0,1.0,0.99964,0.999766,28036.0,24090.0,169.392,269.922,1.898,51.2529,0.342004,1.0,OUT,45023.4407,45023.6513,0.957632,15792763.0,12022496.0
25273,10.6716,C,-3.642,16.75,4.868,10.305,PI+SIDIS,0.25,3.3,0.67,2.0,94.696,53.354,97.127,54.724,97.337,54.842,97.397,54.876,97.381,54.867,0.9989,0.9964,0.9858,0.9753,-1.0,-1.0,-1.0,-1.0,-1.0,1.0,0.99968,0.999765,29944.0,25792.5,175.031,272.668,1.85036,51.2545,0.340557,1.0,OUT,47737.12309,47734.06491,0.95794,16719256.0,12812137.0
25274,10.6716,C,-3.642,16.75,4.868,10.305,HMSDIS,0.25,3.3,0.67,2.0,45044.056,50.415,46406.441,51.94,46522.905,52.07,46547.762,52.098,46518.72,52.066,0.9989,0.9966,-999,-999,-1.0,-1.0,-1.0,9.0,-1.0,-1.0,0.26534,0.976864,-999,-999,-999,404.741,0.544199,-999,-999,1.0,OUT,-999,-999,-999,7988387.0,6149034.0
25275,10.6716,Cu,-3.642,16.75,4.868,10.305,PI+SIDIS,0.25,3.3,0.67,2.0,95.51,53.169,98.456,54.809,98.791,54.996,98.835,55.02,98.807,55.004,0.9989,0.9968,0.9834,0.974,-1.0,-1.0,-1.0,-1.0,-1.0,1.0,0.99976,0.9998,15947.0,13390.5,127.957,139.822,1.33612,51.2382,0.34255,1.0,OUT,48387.20659,48389.55641,0.956647,12888937.0,12450089.0
25276,10.6716,Cu,-3.642,16.75,4.868,10.305,PI+SIDIS,0.25,3.3,0.67,2.0,93.999,53.031,97.086,54.773,97.497,55.004,97.534,55.025,97.473,54.991,0.999,0.9967,0.9862,0.9742,-1.0,-1.0,-1.0,-1.0,-1.0,1.0,0.99973,0.9998,16008.0,13462.8,128.188,142.522,1.35704,51.2414,0.343156,1.0,OUT,47740.47018,47736.73782,0.957535,12707222.0,18532809.0
25277,10.6716,Cu,-3.642,16.75,4.868,10.305,PI+SIDIS,0.25,3.3,0.67,2.0,91.441,52.014,94.531,53.771,94.965,54.018,95.012,54.045,94.941,54.004,0.9989,0.9967,0.9826,0.9734,-1.0,-1.0,-1.0,-1.0,-1.0,1.0,0.99979,0.999801,15426.0,12984.0,125.829,141.291,1.36926,51.2391,0.341911,1.0,OUT,46456.39826,46454.96474,0.957469,12374915.0,18603315.0
25278,10.6716,Cu,-3.642,16.75,4.868,10.305,HMSDIS,0.25,3.3,0.67,2.0,49442.582,52.156,51277.106,54.091,51530.875,54.359,51555.548,54.385,51498.849,54.325,0.9989,0.997,-999,-999,-1.0,-1.0,-1.0,5.0,-1.0,-1.0,0.26051,0.98011,-999,-999,-999,312.15,0.342003,-999,-999,1.0,OUT,-999,-999,-999,6706107.0,10148436.0
25279,10.6716,Dummy,-3.642,16.75,4.868,10.305,PI+SIDIS,0.25,3.3,0.67,2.0,67.814,38.87,70.07,40.164,70.223,40.252,70.276,40.282,70.196,40.236,0.999,0.9956,0.9854,0.9793,-1.0,-1.0,-1.0,-1.0,-1.0,1.0,0.99993,0.999897,10549.0,9767.33,103.341,142.494,1.50761,51.2368,0.339521,1.0,OUT,34436.57859,34438.20941,0.968152,7218808.0,6030963.0
25280,10.6716,LD2,-3.642,16.75,3.632,10.305,PI+SIDIS,0.25,3.3,0.5,2.0,34.284,19.494,35.622,20.255,35.718,20.309,35.721,20.311,35.713,20.306,0.9991,0.9967,0.9822,0.9727,-1.0,-1.0,-1.0,-1.0,-1.0,1.0,0.99961,0.999582,22198.0,16785.0,151.987,485.049,4.3921,51.227,0.347035,1.007075,OUT,17509.14526,17506.96974,0.960065,9488651.0,14550960.0
25281,10.6716,LD2,-3.642,16.75,3.632,10.305,PI+SIDIS,0.25,3.3,0.5,2.0,34.514,19.591,35.862,20.357,35.72,20.276,35.728,20.28,35.668,20.246,0.999,0.9966,0.9819,0.973,-1.0,-1.0,-1.0,-1.0,-1.0,1.0,0.99965,0.999581,22924.0,17506.2,154.36,502.377,4.42968,51.2733,0.343667,1.007111,OUT,17625.29693,17625.66907,0.957803,9546024.0,14712370.0
25282,10.6716,LD2,-3.642,16.75,3.632,10.305,PI+SIDIS,0.25,3.3,0.5,2.0,16.217,9.704,16.909,10.118,16.798,10.052,16.828,10.07,16.807,10.057,0.9992,0.9966,0.9843,0.9784,-1.0,-1.0,-1.0,-1.0,-1.0,1.0,0.99992,0.999791,9670.0,8377.33,99.4256,506.821,6.01515,51.2598,0.337766,1.003534,OUT,8329.99003,8330.22197,0.966707,4510566.0,4849562.0
25283,10.6716,LD2,-3.642,16.75,3.632,10.305,PI+SIDIS,0.25,3.3,0.5,2.0,17.503,9.766,18.25,10.183,18.184,10.146,18.216,10.164,18.202,10.156,0.9993,0.9966,0.9872,0.9776,-1.0,-1.0,-1.0,-1.0,-1.0,1.0,0.99991,0.999791,10419.0,8985.83,103.237,504.054,5.791,51.2422,0.335243,1.003557,OUT,8970.01292,8970.06208,0.967219,4866854.0,5265610.0
25284,10.6716,LD2,-3.642,16.75,3.632,10.305,HMSDIS,0.25,3.3,0.5,2.0,7807.832,9.591,8142.424,10.002,8128.241,9.984,8140.14,9.999,8132.969,9.99,0.9992,0.997,-999,-999,-1.0,-1.0,-1.0,2.0,-1.0,-1.0,0.35154,0.979201,-999,-999,-999,471.295,0.574075,-999,-999,1.003494,OUT,-999,-999,-999,2170421.0,2347318.0
25285,10.6716,LD2,-3.642,16.75,3.632,10.305,SHMSDIS,0.25,3.3,0.5,2.0,8657.694,9.759,9024.822,10.173,9015.308,10.162,9028.852,10.177,9024.936,10.173,-999,-999,0.9868,0.9794,-1.0,33.0,-1.0,-1.0,-1.0,-1.0,0.99968,0.97909,-999,-999,-999,-31912.8,-108.744,-999,-999,1.003553,OUT,-999,-999,-999,2406340.0,2606711.0
25286,10.6716,LH2,-3.642,16.75,3.632,10.305,PI+SIDIS,0.25,3.3,0.5,2.0,71.278,40.584,73.976,42.121,74.383,42.353,74.431,42.38,74.386,42.354,0.999,0.9955,0.9811,0.9705,-1.0,-1.0,-1.0,-1.0,-1.0,1.0,0.99998,0.999568,26226.0,20090.8,165.071,280.126,2.30158,51.2147,0.350257,1.028169,OUT,36364.88609,36365.86991,0.959769,10255127.0,17028496.0
25287,10.6716,LH2,-3.642,16.75,3.632,10.305,PI+SIDIS,0.25,3.3,0.5,2.0,63.87,38.304,66.284,39.751,66.41,39.827,66.439,39.845,66.309,39.767,0.999,0.9955,0.9809,0.9712,-1.0,-1.0,-1.0,-1.0,-1.0,1.0,0.99963,0.999578,23326.0,17956.0,155.631,279.311,2.42089,51.2427,0.346546,1.026371,OUT,32562.55494,32561.03006,0.958997,9174249.0,14784421.0
25288,10.6716,LH2,-3.642,16.75,3.632,10.305,PI+SIDIS,0.25,3.3,0.5,2.0,65.983,39.775,68.485,41.283,68.295,41.169,68.346,41.199,68.22,41.124,0.9989,0.9971,0.9819,0.9706,-1.0,-1.0,-1.0,-1.0,1.0,-1.0,0.99885,0.99957,23954.0,19030.5,157.399,286.939,2.37325,51.2624,0.339651,1.029342,OUT,33653.81393,33653.54807,0.929949,9460723.0,15318577.0
25289,10.6716,LH2,-3.642,16.75,3.632,10.305,PI+SIDIS,0.25,3.3,0.5,2.0,36.133,20.802,37.543,21.614,37.458,21.565,37.478,21.576,37.482,21.579,0.9992,0.9953,0.9854,0.9764,-1.0,-1.0,-1.0,-1.0,-1.0,1.0,0.99992,0.999775,12204.0,10482.8,111.763,286.223,3.05156,51.2458,0.334725,1.008513,OUT,18451.56529,18451.68271,0.967301,5300401.0,5987272.0
25290,10.6716,LH2,-3.642,16.75,3.632,10.305,PI+SIDIS,0.25,3.3,0.5,2.0,34.172,20.629,35.513,21.438,35.532,21.45,35.546,21.458,35.568,21.471,0.9992,0.996,0.9852,0.9753,-1.0,-1.0,-1.0,-1.0,-1.0,1.0,1.0,0.999775,11401.0,9777.33,108.035,282.516,3.12167,51.2311,0.336569,1.008316,OUT,17452.77885,17454.23515,0.967707,5009040.0,5741464.0
25291,10.6716,LH2,-3.642,16.75,3.632,10.305,HMSDIS,0.25,3.3,0.5,2.0,18786.953,20.993,19532.473,21.826,19573.874,21.873,19577.546,21.877,19592.561,21.893,0.9991,0.9958,-999,-999,-1.0,-1.0,-1.0,2.0,-1.0,-1.0,0.22932,0.977586,-999,-999,-999,384.249,0.414396,-999,-999,1.008464,OUT,-999,-999,-999,2753358.0,3169424.0
25292,10.6716,LH2,-3.642,16.75,3.632,10.305,SHMSDIS,0.25,3.3,0.5,2.0,17895.273,20.956,18610.177,21.793,18667.98,21.861,18670.978,21.865,18683.195,21.879,-999,-999,0.9844,0.9771,-1.0,33.0,-1.0,-1.0,-1.0,-1.0,0.9993,0.977597,-999,-999,-999,-16424.1,-54.3922,-999,-999,1.008559,OUT,-999,-999,-999,2624113.0,3024623.0
25293,10.6716,Dummy,-3.642,16.75,3.632,10.305,PI+SIDIS,0.25,3.3,0.5,2.0,64.86,37.685,67.417,39.17,67.255,39.077,67.292,39.098,67.163,39.023,0.9991,0.9959,0.9829,0.972,-1.0,-1.0,-1.0,-1.0,-1.0,1.0,0.9998,0.99972,12583.0,10158.3,113.961,155.19,1.741,51.2641,0.339055,1.0,OUT,33126.9911,33126.3209,0.960654,6955860.0,8862938.0
25294,10.6716,Dummy,-3.642,16.75,3.632,10.305,HMSDIS,0.25,3.3,0.5,2.0,29341.765,36.932,30510.999,38.403,30363.689,38.218,30390.883,38.252,30358.394,38.211,0.999,0.9963,-999,-999,-1.0,-1.0,-1.0,3.0,-1.0,-1.0,0.74432,0.972159,-999,-999,-999,86.2666,0.106805,-999,-999,1.0,OUT,-999,-999,-999,3144166.0,3966217.0
25295,10.6716,C,-3.642,16.75,3.632,10.305,PI+SIDIS,0.25,3.3,0.5,2.0,66.737,35.45,69.396,36.862,69.329,36.826,69.405,36.867,69.417,36.873,0.9989,0.996,0.9805,0.9679,-1.0,-1.0,-1.0,-1.0,-1.0,1.0,0.99954,0.99957,25758.0,19215.2,163.855,286.522,2.44328,51.237,0.34905,1.0,OUT,34108.60014,34110.64486,0.957503,11904101.0,17208813.0
25296,10.6716,C,-3.642,16.75,3.632,10.305,PI+SIDIS,0.25,3.3,0.5,2.0,60.601,35.394,63.021,36.807,63.16,36.888,63.22,36.923,63.234,36.931,0.9989,0.996,0.9813,0.9669,-1.0,-1.0,-1.0,-1.0,-1.0,1.0,0.99956,0.999571,23226.0,17274.7,155.621,283.932,2.55783,51.2207,0.346749,1.0,OUT,30969.52458,30972.91342,0.958161,10806434.0,15518724.0
25297,10.6716,C,-3.642,16.75,3.632,10.305,HMSDIS,0.25,3.3,0.5,2.0,18233.696,33.409,18962.894,34.745,19036.362,34.88,19052.401,34.909,19056.826,34.917,0.999,0.9963,-999,-999,-1.0,-1.0,-1.0,5.0,-1.0,-1.0,0.37662,0.958051,-999,-999,-999,284.174,0.446263,-999,-999,1.0,OUT,-999,-999,-999,3254162.0,4647782.0
25298,10.6716,Cu,-3.642,16.75,3.632,10.305,PI+SIDIS,0.25,3.3,0.5,2.0,73.099,43.832,76.047,45.6,76.365,45.791,76.392,45.807,76.338,45.774,0.9989,0.9964,0.9775,0.9629,-1.0,-1.0,-1.0,-1.0,-1.0,1.0,0.99951,0.999549,16521.0,11148.5,131.971,152.49,1.80512,51.2379,0.348785,1.0,OUT,37369.06865,37367.54235,0.954199,9960495.0,18573842.0
25299,10.6716,Cu,-3.642,16.75,3.632,10.305,PI+SIDIS,0.25,3.3,0.5,2.0,20.117,45.735,20.933,47.589,20.916,47.55,20.921,47.563,20.89,47.491,0.9988,0.9964,0.9792,0.9631,-1.0,-1.0,-1.0,-1.0,-1.0,1.0,0.99958,0.999542,4698.0,3193.33,70.3475,158.652,3.49502,51.2766,0.345295,1.0,OUT,10218.14584,10217.61816,0.953235,2740092.0,5137295.0
25300,10.6716,Cu,-3.642,16.75,3.632,10.305,PI+SIDIS,0.25,3.3,0.5,2.0,81.239,44.817,84.579,46.66,85.227,47.017,85.252,47.031,85.411,47.119,0.9989,0.9963,0.9765,0.9608,-1.0,-1.0,-1.0,-1.0,-1.0,1.0,1.0,0.999544,18801.0,12753.0,140.744,157.107,1.73386,51.2216,0.352696,1.0,OUT,41672.07689,41668.96111,0.955151,11098425.0,20915345.0
25301,10.6716,Cu,-3.642,16.75,3.632,10.305,PI+SIDIS,0.25,3.3,0.5,2.0,56.617,42.412,58.955,44.164,59.42,44.512,59.436,44.524,59.523,44.59,0.9989,0.9962,0.9783,0.9614,-1.0,-1.0,-1.0,-1.0,-1.0,1.0,1.0,0.999554,13153.0,9029.33,117.645,159.481,2.0779,51.2329,0.345949,1.0,OUT,28986.62252,28987.99148,0.954921,7721456.0,14345778.0
25302,10.6716,Cu,-3.642,16.75,3.632,10.305,HMSDIS,0.25,3.3,0.5,2.0,36597.431,43.211,38107.75,44.994,38405.975,45.346,38416.555,45.359,38484.518,45.439,0.999,0.9964,-999,-999,-1.0,-1.0,-1.0,5.0,-1.0,-1.0,0.24144,0.955323,-999,-999,-999,337.456,0.428448,-999,-999,1.0,OUT,-999,-999,-999,4987680.0,9247613.0
25303,10.6716,Al,-3.642,16.75,3.632,10.305,PI+SIDIS,0.25,3.3,0.5,2.0,70.563,46.748,73.482,48.681,74.136,49.114,74.145,49.12,74.242,49.185,0.9992,0.9957,0.986,0.9745,-1.0,-1.0,-1.0,-1.0,-1.0,1.0,0.99992,0.999863,6803.0,6055.67,83.2319,84.6411,1.16335,51.2404,0.3363,1.0,OUT,36099.11013,36098.32587,0.971877,4075565.0,2585293.0
25305,10.6716,Al,-3.642,16.75,3.632,10.305,PI+SIDIS,0.25,3.3,0.5,2.0,111.793,46.509,116.409,48.43,117.417,48.849,117.435,48.856,117.643,48.943,0.9992,0.995,0.9844,0.9746,-1.0,-1.0,-1.0,-1.0,-1.0,1.0,0.9999,0.999863,11101.0,9963.33,106.257,87.8985,0.937423,51.235,0.336128,1.0,OUT,57240.10146,57244.21254,0.971901,6455591.0,4040704.0
25306,10.6716,Al,-3.642,16.75,3.632,10.305,PI+SIDIS,0.25,3.3,0.5,2.0,55.664,44.674,57.984,46.536,58.26,46.757,58.278,46.772,58.33,46.814,0.9991,0.9948,0.9846,0.9757,-1.0,-1.0,-1.0,-1.0,-1.0,1.0,0.99992,0.999864,5485.0,4906.67,74.7087,86.8137,1.32182,51.2386,0.331247,1.0,OUT,28458.40645,28458.89755,0.971036,3221834.0,1965029.0
25308,10.6716,Al,-3.642,16.75,3.632,10.305,HMSDIS,0.25,3.3,0.5,2.0,21396.478,24.445,22295.863,25.472,22327.489,25.508,22339.42,25.522,22355.296,25.54,0.9991,0.996,-999,-999,-1.0,-1.0,-1.0,1.0,-1.0,-1.0,0.23887,0.993048,-999,-999,-999,145.324,0.165263,-999,-999,1.0,OUT,-999,-999,-999,1238285.0,618661.0
25309,10.6716,LD2,-3.642,16.75,3.632,10.305,PI+SIDIS,0.25,3.3,0.5,2.0,33.473,18.978,34.909,19.792,35.009,19.849,35.012,19.85,35.071,19.884,0.9989,0.9963,0.9814,0.9695,-1.0,-1.0,-1.0,-1.0,-1.0,1.0,0.99967,0.999585,21941.0,16699.5,151.045,494.128,4.46933,51.2299,0.345644,1.006913,OUT,17153.69926,17155.69874,0.960081,9279636.0,13954369.0
25310,10.6716,LD2,-3.642,16.75,3.632,10.305,PI+SIDIS,0.25,3.3,0.5,2.0,9.024,19.431,9.413,20.268,9.44,20.327,9.439,20.324,9.453,20.354,0.999,0.9965,0.9805,0.9692,-1.0,-1.0,-1.0,-1.0,-1.0,1.0,0.9996,0.999582,6042.0,4628.67,79.231,508.072,8.6969,51.2365,0.347159,1.00708,OUT,4598.02499,4597.78501,0.960022,2500094.0,3849266.0
25311,10.6716,LD2,-3.642,16.75,3.632,10.305,PI+SIDIS,0.25,3.3,0.5,2.0,22.443,18.682,23.428,19.502,23.438,19.51,23.435,19.508,23.449,19.519,0.9991,0.9964,0.9807,0.9696,-1.0,-1.0,-1.0,-1.0,-1.0,1.0,0.99962,0.999587,14840.0,11313.8,124.208,498.698,5.47493,51.2433,0.349507,1.006812,OUT,11499.73307,11501.29893,0.959015,6230197.0,9250015.0
25312,10.6716,LD2,-3.642,16.75,3.632,10.305,PI+SIDIS,0.25,3.3,0.5,2.0,17.052,9.619,17.866,10.078,17.711,9.99,17.732,10.002,17.709,9.99,0.9991,0.996,0.983,0.9754,-1.0,-1.0,-1.0,-1.0,-1.0,1.0,0.99992,0.999791,10154.0,8765.0,101.909,503.464,5.8537,51.2877,0.328768,1.00352,OUT,8782.40891,8781.57509,0.966559,4759197.0,5078959.0
25313,10.6716,LD2,-3.642,16.75,3.632,10.305,PI+SIDIS,0.25,3.3,0.5,2.0,17.366,9.725,18.19,10.187,18.069,10.119,18.096,10.134,18.106,10.139,0.9991,0.996,0.9849,0.9744,-1.0,-1.0,-1.0,-1.0,-1.0,1.0,0.99992,0.99979,10546.0,9139.17,103.829,516.133,5.86373,51.2595,0.342659,1.003558,OUT,8940.02207,8940.56693,0.967081,4846979.0,5203701.0
25314,10.6716,LD2,-3.642,16.75,3.632,10.305,PI+SIDIS,0.25,3.3,0.5,2.0,14.521,18.291,15.16,19.096,15.147,19.079,15.15,19.083,15.178,19.119,0.999,0.9963,0.9817,0.9687,-1.0,-1.0,-1.0,-1.0,-1.0,1.0,0.99967,0.99959,9533.0,7290.5,99.5327,497.103,6.78664,51.2427,0.345556,1.00667,OUT,7426.57396,7427.22804,0.959958,4034833.0,6137994.0
25315,10.6716,LH2,-3.642,16.75,3.632,10.305,PI+SIDIS,0.25,3.3,0.5,2.0,62.569,38.141,65.261,39.782,65.606,39.993,65.634,40.01,65.688,40.043,0.999,0.9952,0.9799,0.9674,-1.0,-1.0,-1.0,-1.0,-1.0,1.0,0.99962,0.999576,22811.0,17468.5,153.953,277.073,2.44189,51.2158,0.346034,1.025375,OUT,32059.55994,32065.29106,0.960006,9054290.0,14935947.0
25316,10.6716,LH2,-3.642,16.75,3.632,10.305,PI+SIDIS,0.25,3.3,0.5,2.0,31.684,19.496,33.091,20.362,33.059,20.342,33.048,20.335,33.036,20.328,0.9991,0.9954,0.984,0.9744,-1.0,-1.0,-1.0,-1.0,-1.0,1.0,0.99991,0.999783,11034.0,9561.5,106.205,296.831,3.29705,51.2601,0.340327,1.007713,OUT,16254.68714,16253.91086,0.96777,4662765.0,5276793.0
25317,10.6716,Dummy,-3.642,16.75,3.632,10.305,PI+SIDIS,0.25,3.3,0.5,2.0,64.316,37.037,67.108,38.646,66.829,38.485,66.871,38.509,66.815,38.476,0.9992,0.9958,0.983,0.9707,-1.0,-1.0,-1.0,-1.0,-1.0,1.0,0.99985,0.999721,12386.0,9929.5,113.117,152.573,1.73812,51.2675,0.337969,1.0,OUT,32974.63956,32973.85844,0.960703,6912749.0,8795490.0
25318,10.6716,LD2,-3.642,16.75,2.615,10.305,PI+SIDIS,0.25,3.3,0.36,2.0,15.686,8.741,16.453,9.169,16.42,9.15,16.451,9.167,16.452,9.168,0.9991,0.9961,0.9779,0.9702,-1.0,-1.0,-1.0,-1.0,-1.0,1.0,0.99986,0.999589,11006.0,7915.83,107.336,496.41,6.73115,51.2258,0.346312,1.003203,OUT,8087.48285,8087.29215,0.961261,4385461.0,8199441.0
25319,10.6716,LD2,-3.642,16.75,2.615,10.305,PI+SIDIS,0.25,3.3,0.36,2.0,15.415,8.714,16.173,9.143,16.139,9.123,16.162,9.137,16.154,9.132,0.9991,0.9963,0.9775,0.9707,-1.0,-1.0,-1.0,-1.0,-1.0,1.0,1.0,0.999589,10984.0,7948.0,107.191,506.726,6.83401,51.2395,0.345873,1.003194,OUT,7955.80712,7956.23488,0.961085,4306159.0,8050422.0
25320,10.6716,LD2,-3.642,16.75,2.615,10.305,PI+SIDIS,0.25,3.3,0.36,2.0,4.946,8.739,5.189,9.169,5.155,9.11,5.163,9.122,5.156,9.111,0.999,0.9962,0.9782,0.9703,-1.0,-1.0,-1.0,-1.0,-1.0,1.0,0.99986,0.999587,3574.0,2593.33,61.1346,515.66,12.1561,51.2728,0.348638,1.003203,OUT,2537.72189,2537.64411,0.95838,1381095.0,2574722.0
25321,10.6716,LD2,-3.642,16.75,2.615,10.305,PI+SIDIS,0.25,3.3,0.36,2.0,7.503,8.743,7.871,9.173,7.807,9.098,7.823,9.116,7.815,9.107,0.999,0.9962,0.9779,0.9683,-1.0,-1.0,-1.0,-1.0,-1.0,1.0,0.99984,0.999587,5414.0,3964.67,75.2034,520.802,9.87879,51.2616,0.337212,1.003204,OUT,3859.49771,3859.71329,0.959772,2098059.0,3893503.0
25322,10.6716,LD2,-3.642,16.75,2.615,10.305,PI+SIDIS,0.25,3.3,0.36,2.0,8.612,4.814,9.098,5.086,9.027,5.046,9.024,5.045,9.036,5.052,0.9992,0.9965,0.9797,0.9743,-1.0,-1.0,-1.0,-1.0,-1.0,1.0,0.99994,0.999772,5627.0,4665.0,76.0745,526.729,8.58964,51.2433,0.336363,1.001777,OUT,4471.3129,4471.2841,0.967903,2428691.0,3623671.0
25323,10.6716,LD2,-3.642,16.75,2.615,10.305,PI+SIDIS,0.25,3.3,0.36,2.0,8.529,4.809,9.012,5.081,8.974,5.06,8.969,5.057,8.984,5.066,0.9989,0.9961,0.9854,0.9741,-1.0,-1.0,-1.0,-1.0,-1.0,1.0,0.99995,0.999772,5560.0,4608.17,75.6217,525.535,8.62422,51.2243,0.34264,1.001775,OUT,4428.42277,4428.40223,0.96857,2404687.0,3595762.0
25328,10.6716,LH2,-3.642,16.75,2.615,10.305,PI+SIDIS,0.25,3.3,0.36,2.0,30.397,18.506,31.824,19.375,31.67,19.281,31.662,19.276,31.616,19.248,0.9992,0.9955,0.9761,0.964,-1.0,-1.0,-1.0,-1.0,-1.0,1.0,0.99982,0.999551,12465.0,9056.33,114.163,295.492,3.72493,51.2637,0.343956,1.006298,IN,15636.22727,15634.26873,0.958539,4505083.0,8348759.0
25329,10.6716,LH2,-3.642,16.75,2.615,10.305,PI+SIDIS,0.25,3.3,0.36,2.0,34.326,18.979,35.921,19.86,35.802,19.795,35.814,19.801,35.838,19.814,0.9991,0.9954,0.9749,0.9635,-1.0,-1.0,-1.0,-1.0,-1.0,1.0,0.99984,0.999548,13870.0,9976.67,120.494,288.568,3.48521,51.2394,0.344189,1.006052,IN,17655.14204,17655.31596,0.959175,5088914.0,9656988.0
25330,10.6716,LH2,-3.642,16.75,2.615,10.305,PI+SIDIS,0.25,3.3,0.36,2.0,28.304,18.412,29.615,19.265,29.644,19.284,29.649,19.287,29.678,19.306,0.9991,0.9954,0.9762,0.9647,-1.0,-1.0,-1.0,-1.0,-1.0,1.0,0.99984,0.999554,11251.0,8084.67,108.53,283.281,3.80281,51.2157,0.349387,1.005832,IN,14548.16271,14547.60229,0.96084,4195239.0,8047373.0
25331,10.6716,LH2,-3.642,16.75,2.615,10.305,PI+SIDIS,0.25,3.3,0.36,2.0,35.544,19.14,37.18,20.021,37.275,20.072,37.272,20.07,37.287,20.078,0.9991,0.9969,0.9751,0.9646,-1.0,-1.0,-1.0,-1.0,1.0,-1.0,0.99943,0.999548,14376.0,10765.7,122.384,300.623,3.41747,51.2173,0.345708,1.005746,IN,18300.37135,18300.37565,0.933582,5259732.0,10226203.0
25333,10.6716,LH2,-3.642,16.75,2.615,10.305,PI+SIDIS,0.25,3.3,0.36,2.0,17.359,9.687,18.23,10.173,18.118,10.11,18.137,10.121,18.106,10.103,0.999,0.9956,0.977,0.9714,-1.0,-1.0,-1.0,-1.0,-1.0,1.0,0.99994,0.999772,6346.0,5287.17,80.7618,298.882,4.56545,51.2684,0.337594,1.003072,IN,8959.7778,8960.3962,0.967,2595477.0,3745395.0
25334,10.6716,LH2,-3.642,16.75,2.615,10.305,PI+SIDIS,0.25,3.3,0.36,2.0,16.54,9.59,17.369,10.071,17.266,10.011,17.289,10.025,17.286,10.023,0.9992,0.995,0.9809,0.9695,-1.0,-1.0,-1.0,-1.0,-1.0,1.0,0.99992,0.999773,6056.0,5077.83,78.8608,301.814,4.68729,51.2455,0.340947,1.002967,IN,8536.13693,8535.90807,0.967204,2474910.0,3559279.0
25335,10.6716,LH2,-3.642,16.75,2.615,10.305,HMSDIS,0.25,3.3,0.36,2.0,8504.58,9.586,8933.854,10.069,8923.425,10.058,8934.546,10.07,8937.898,10.074,0.9992,0.9957,-999,-999,-1.0,-1.0,-1.0,1.0,-1.0,-1.0,0.99359,0.977331,-999,-999,-999,89.3241,0.100354,-999,-999,1.003015,IN,-999,-999,-999,1272232.0,1837642.0
25336,10.6716,Dummy,-3.642,16.75,2.615,10.305,PI+SIDIS,0.25,3.3,0.36,2.0,36.37,19.249,38.049,20.138,38.023,20.124,38.021,20.123,38.019,20.122,0.999,0.9958,0.9776,0.9655,-1.0,-1.0,-1.0,-1.0,-1.0,1.0,0.99991,0.99967,7872.0,5823.67,90.6277,158.699,2.46968,51.2397,0.340032,1.0,IN,18702.5611,18700.5199,0.961014,3930057.0,6819514.0
25337,10.6716,C,-3.642,16.75,2.615,10.305,PI+SIDIS,0.25,3.3,0.36,2.0,17.122,9.624,17.983,10.107,17.838,10.026,17.865,10.041,17.861,10.039,0.999,0.9962,0.9789,0.9698,-1.0,-1.0,-1.0,-1.0,-1.0,1.0,0.99992,0.999732,6500.0,5158.67,81.9973,296.116,4.70679,51.2589,0.341804,1.0,IN,8838.52921,8838.54379,0.964328,3087397.0,4527353.0
25338,10.6716,C,-3.642,16.75,2.615,10.305,PI+SIDIS,0.25,3.3,0.36,2.0,16.155,9.648,16.972,10.136,16.933,10.113,16.956,10.127,16.967,10.133,0.9992,0.9966,0.979,0.9681,-1.0,-1.0,-1.0,-1.0,-1.0,1.0,1.0,0.999732,6294.0,5045.5,80.6355,307.325,4.91157,51.2237,0.336449,1.0,IN,8341.90241,8342.13259,0.965251,2911606.0,4292438.0
25340,10.6716,Cu,-3.642,16.75,2.615,10.305,PI+SIDIS,0.25,3.3,0.36,2.0,28.053,14.44,29.395,15.13,29.326,15.095,29.339,15.102,29.319,15.091,0.9991,0.9964,0.9763,0.9659,-1.0,-1.0,-1.0,-1.0,-1.0,1.0,0.9999,0.999659,6737.0,4718.33,84.1038,166.349,2.96515,51.243,0.342096,1.0,IN,14448.02353,14447.65047,0.959997,3871264.0,8330043.0
25341,10.6716,Cu,-3.642,16.75,2.615,10.305,PI+SIDIS,0.25,3.3,0.36,2.0,16.732,14.365,17.531,15.051,17.391,14.93,17.398,14.936,17.377,14.919,0.9992,0.9964,0.9751,0.966,-1.0,-1.0,-1.0,-1.0,-1.0,1.0,0.9999,0.999668,3901.0,2773.17,63.9451,163.902,3.77934,51.2736,0.335035,1.0,IN,8606.23003,8605.90697,0.959424,2308695.0,4684389.0
25342,10.6716,Cu,-3.642,16.75,2.615,10.305,PI+SIDIS,0.25,3.3,0.36,2.0,21.999,14.51,23.053,15.205,22.879,15.09,22.887,15.095,22.856,15.075,0.999,0.9965,0.9781,0.9661,-1.0,-1.0,-1.0,-1.0,-1.0,1.0,0.99991,0.999657,5394.0,3822.83,75.2055,171.835,3.38045,51.2695,0.338486,1.0,IN,11326.09008,11326.43592,0.958286,3042972.0,6411828.0
25343,10.6716,Dummy,-3.642,16.75,2.615,10.305,PI+SIDIS,0.25,3.3,0.36,2.0,28.655,19.454,29.985,20.357,29.885,20.289,29.896,20.297,29.936,20.323,0.999,0.9959,0.9779,0.9668,-1.0,-1.0,-1.0,-1.0,-1.0,1.0,0.99991,0.999669,6183.0,4579.33,80.3136,158.138,2.77347,51.2359,0.345378,1.0,IN,14732.07549,14731.95751,0.960351,3098637.0,5319773.0
25344,10.6716,LD2,-3.642,16.75,2.615,10.305,PI+SIDIS,0.25,3.3,0.36,2.0,16.0,8.719,16.829,9.17,16.809,9.16,16.835,9.174,16.82,9.166,0.9992,0.9965,0.9762,0.9665,-1.0,-1.0,-1.0,-1.0,-1.0,1.0,0.99984,0.999589,11134.0,8023.33,107.946,493.755,6.64302,51.2208,0.347909,1.003203,IN,8271.37331,8271.06569,0.961431,4478687.0,8269506.0
25345,10.6716,LD2,-3.642,16.75,2.615,10.305,PI+SIDIS,0.25,3.3,0.36,2.0,9.099,8.715,9.572,9.168,9.52,9.118,9.534,9.131,9.52,9.117,0.9991,0.9958,0.9802,0.9668,-1.0,-1.0,-1.0,-1.0,-1.0,1.0,0.99984,0.999587,6336.0,4551.67,81.4456,492.372,8.81029,51.253,0.344578,1.003202,IN,4697.45176,4697.21524,0.959389,2546869.0,4701645.0
25356,10.6716,LH2,-3.642,16.75,3.632,13.51,PI+SIDIS,0.25,3.3,0.5,5.2,86.016,52.451,89.685,54.688,90.443,55.15,90.406,55.128,90.421,55.137,0.999,0.995,0.9825,0.9692,-1.0,-1.0,-1.0,-1.0,-1.0,1.0,0.9964,0.999782,22356.0,19264.7,151.232,222.654,1.74789,51.2094,0.345527,1.015099,IN,44058.84415,44062.35485,0.966041,12583856.0,5564869.0
25357,10.6716,LH2,-3.642,16.75,3.632,13.51,PI+SIDIS,0.25,3.3,0.5,5.2,83.389,53.392,86.915,55.649,87.635,56.111,87.625,56.104,87.608,56.093,0.9989,0.9942,0.9827,0.9688,-1.0,-1.0,-1.0,-1.0,-1.0,1.0,0.99971,0.999781,21700.0,18701.3,148.996,222.406,1.77194,51.2141,0.342887,1.015307,IN,42687.72149,42688.94951,0.965144,12183206.0,5415590.0
25358,10.6716,LH2,-3.642,16.75,3.632,13.51,PI+SIDIS,0.25,3.3,0.5,5.2,85.839,52.693,89.622,55.015,90.356,55.466,90.345,55.459,90.303,55.433,0.9989,0.9963,0.9825,0.9697,-1.0,-1.0,-1.0,-1.0,1.0,-1.0,1.0,0.999784,22563.0,19868.3,151.697,228.869,1.74745,51.2103,0.34015,1.014933,IN,44190.17183,44191.34917,0.939245,12583917.0,5550011.0
25359,10.6716,LH2,-3.642,16.75,3.632,13.51,PI+SIDIS,0.25,3.3,0.5,5.2,49.025,28.695,51.047,29.878,51.216,29.977,51.242,29.992,51.198,29.966,0.9993,0.9952,0.9858,0.9741,-1.0,-1.0,-1.0,-1.0,-1.0,1.0,0.99993,0.999887,12321.0,11362.8,111.717,228.691,2.24845,51.2069,0.33893,1.008577,IN,25082.80565,25083.07435,0.973872,7210212.0,2294954.0
25360,10.6716,LH2,-3.642,16.75,3.632,13.51,PI+SIDIS,0.25,3.3,0.5,5.2,49.542,28.987,51.638,30.213,51.827,30.324,51.853,30.339,51.815,30.317,0.9992,0.9954,0.988,0.9752,-1.0,-1.0,-1.0,-1.0,-1.0,1.0,0.99993,0.999887,12544.0,11596.8,112.703,230.491,2.24,51.2074,0.340069,1.00909,IN,25374.87696,25375.38904,0.973734,7291666.0,2330621.0
25361,10.6716,LH2,-3.642,16.75,3.632,13.51,HMSDIS,0.25,3.3,0.5,5.2,18222.362,29.244,19009.784,30.507,19081.98,30.623,19090.27,30.636,19075.457,30.613,0.9991,0.9955,-999,-999,-1.0,-1.0,-1.0,2.0,-1.0,-1.0,0.99665,0.988666,-999,-999,-999,88.6046,0.0967563,-999,-999,1.008932,IN,-999,-999,-999,2683981.0,860042.0
25363,10.6716,LD2,-3.642,16.75,3.632,13.51,PI+SIDIS,0.25,3.3,0.5,5.2,57.359,36.15,59.846,37.717,60.238,37.964,60.25,37.972,60.202,37.941,0.9987,0.9957,0.982,0.9673,-1.0,-1.0,-1.0,-1.0,-1.0,1.0,0.99932,0.99969,27450.0,22120.5,168.34,382.876,2.91373,51.2017,0.349357,1.013175,IN,29380.15767,29381.14733,0.960763,15833629.0,8076133.0
25364,10.6716,LD2,-3.642,16.75,3.632,13.51,PI+SIDIS,0.25,3.3,0.5,5.2,78.087,43.26,81.377,45.082,81.984,45.418,81.996,45.425,81.943,45.396,0.9988,0.9954,0.9815,0.9662,-1.0,-1.0,-1.0,-1.0,-1.0,1.0,0.99923,0.999665,37958.0,30144.2,198.142,384.141,2.52502,51.2008,0.348209,1.015747,IN,39998.00973,39999.26727,0.960287,21518606.0,11458132.0
25365,10.6716,LD2,-3.642,16.75,3.632,13.51,PI+SIDIS,0.25,3.3,0.5,5.2,39.163,21.268,40.919,22.222,41.064,22.3,41.061,22.299,41.039,22.287,0.999,0.9957,0.9871,0.9734,-1.0,-1.0,-1.0,-1.0,-1.0,1.0,0.99981,0.999836,17737.0,15728.7,134.431,395.362,3.37911,51.2086,0.336224,1.007762,IN,20113.68306,20113.06894,0.968766,10856217.0,3915932.0
25366,10.6716,LD2,-3.642,16.75,3.632,13.51,PI+SIDIS,0.25,3.3,0.5,5.2,19.083,19.962,19.953,20.871,19.903,20.82,19.896,20.812,19.848,20.762,0.9991,0.9956,0.9852,0.9727,-1.0,-1.0,-1.0,-1.0,-1.0,1.0,0.99986,0.999839,8454.0,7467.0,92.8359,385.135,4.78831,51.2549,0.337371,1.00729,IN,9783.7806,9783.6314,0.967959,5294365.0,1902391.0
25367,10.6716,LD2,-3.642,16.75,3.632,13.51,HMSDIS,0.25,3.3,0.5,5.2,17243.63,19.994,18042.161,20.92,17979.838,20.848,17980.4,20.848,17972.643,20.839,0.999,0.9961,-999,-999,-1.0,-1.0,-1.0,3.0,-1.0,-1.0,0.99754,0.983886,-999,-999,-999,165.451,0.166151,-999,-999,1.007307,IN,-999,-999,-999,4788168.0,1717121.0
25368,10.6716,Dummy,-3.642,16.75,3.632,13.51,PI+SIDIS,0.25,3.3,0.5,5.2,62.278,36.102,65.089,37.731,65.232,37.815,65.266,37.834,65.207,37.8,0.9991,0.9958,0.9848,0.9716,-1.0,-1.0,-1.0,-1.0,-1.0,1.0,0.99993,0.999892,8497.0,7755.33,92.8472,122.752,1.46959,51.2097,0.343489,1.0,IN,32050.01157,32047.94843,0.970947,6703726.0,2073211.0
25369,10.6716,Dummy,-3.642,16.75,3.632,13.51,HMSDIS,0.25,3.3,0.5,5.2,25123.856,36.082,26260.351,37.714,26369.958,37.872,26379.31,37.885,26354.474,37.849,0.999,0.996,-999,-999,-1.0,-1.0,-1.0,1.0,-1.0,-1.0,0.76262,0.989218,-999,-999,-999,64.4193,0.056744,-999,-999,1.0,IN,-999,-999,-999,2701406.0,839541.0
25370,10.6716,C,-3.642,16.75,3.632,13.51,PI+SIDIS,0.25,3.3,0.5,5.2,3.588,30.931,3.753,32.351,3.774,32.529,3.775,32.539,3.774,32.535,0.9992,0.995,0.985,0.971,-1.0,-1.0,-1.0,-1.0,-1.0,1.0,0.99986,0.99983,825.0,713.5,29.0445,195.976,7.97761,51.1522,0.331327,1.0,IN,1835.51489,1835.53111,0.965505,644739.0,219175.0
25371,10.6716,C,-3.642,16.75,3.632,13.51,PI+SIDIS,0.25,3.3,0.5,5.2,85.462,47.718,89.369,49.899,89.599,50.028,89.579,50.017,89.383,49.908,0.9989,0.996,0.9828,0.9691,-1.0,-1.0,-1.0,-1.0,-1.0,1.0,0.99972,0.99978,23136.0,19621.7,154.019,226.872,1.78081,51.2284,0.340571,1.0,IN,43925.84713,43924.43587,0.963606,15288830.0,5965884.0
25372,10.6716,C,-3.642,16.75,3.632,13.51,PI+SIDIS,0.25,3.3,0.5,5.2,94.108,52.203,98.56,54.672,98.778,54.793,98.778,54.793,98.671,54.734,0.9989,0.9955,0.9814,0.9677,-1.0,-1.0,-1.0,-1.0,-1.0,1.0,0.99952,0.999743,25988.0,21500.3,163.511,225.782,1.71709,51.222,0.34908,1.0,IN,48511.27857,48512.24343,0.961919,16928891.0,7219677.0
25373,10.6716,C,-3.642,16.75,3.632,13.51,HMSDIS,0.25,3.3,0.5,5.2,14705.219,26.393,15382.322,27.608,15383.362,27.61,15393.113,27.627,15380.71,27.605,0.9989,0.9963,-999,-999,-1.0,-1.0,-1.0,3.0,-1.0,-1.0,0.99732,0.987188,-999,-999,-999,107.424,0.145018,-999,-999,1.0,IN,-999,-999,-999,2635587.0,789051.0
25374,10.6716,Cu,-3.642,16.75,3.632,13.51,PI+SIDIS,0.25,3.3,0.5,5.2,126.958,53.199,132.958,55.713,134.037,56.166,134.018,56.158,133.946,56.128,0.9988,0.9963,0.9828,0.9666,-1.0,-1.0,-1.0,-1.0,-1.0,1.0,0.99969,0.999776,19768.0,16070.7,142.773,125.236,1.11261,51.1942,0.349376,1.0,IN,65376.76416,65372.60584,0.962313,17332032.0,8679711.0
25375,10.6716,Cu,-3.642,16.75,3.632,13.51,PI+SIDIS,0.25,3.3,0.5,5.2,84.685,51.521,88.698,53.963,89.306,54.333,89.281,54.317,89.151,54.238,0.9989,0.9962,0.9819,0.967,-1.0,-1.0,-1.0,-1.0,-1.0,1.0,0.99975,0.999778,13207.0,10719.5,116.712,125.146,1.36257,51.2073,0.339929,1.0,IN,43573.02968,43575.54432,0.962196,11569718.0,5727133.0
25376,10.6716,Cu,-3.642,16.75,3.632,13.51,PI+SIDIS,0.25,3.3,0.5,5.2,81.504,51.407,85.378,53.851,85.329,53.819,85.318,53.813,85.091,53.67,0.9989,0.9964,0.9842,0.9673,-1.0,-1.0,-1.0,-1.0,-1.0,1.0,0.99968,0.999778,12673.0,10257.5,114.349,124.38,1.38656,51.2563,0.342156,1.0,IN,41940.03928,41937.48772,0.960033,11140466.0,5496937.0
25378,10.6716,Cu,-3.642,16.75,3.632,13.51,HMSDIS,0.25,3.3,0.5,5.2,51150.604,52.977,53578.76,55.492,53686.195,55.603,53686.306,55.604,53674.839,55.592,0.9989,0.9964,-999,-999,-1.0,-1.0,-1.0,9.0,-1.0,-1.0,0.99864,0.977422,-999,-999,-999,81.2423,0.116964,-999,-999,1.0,IN,-999,-999,-999,6983273.0,3473423.0
25379,10.6716,LD2,-3.642,16.75,3.632,13.51,PI+SIDIS,0.25,3.3,0.5,5.2,96.705,53.056,101.286,55.569,102.087,56.008,102.081,56.005,101.979,55.949,0.9986,0.9956,0.979,0.9639,-1.0,-1.0,-1.0,-1.0,-1.0,1.0,0.99953,0.999571,49111.0,36932.2,226.143,378.998,2.32068,51.2028,0.352644,1.01941,IN,49827.41239,49824.26861,0.956142,26750979.0,16525078.0
25380,10.6716,LD2,-3.642,16.75,3.632,13.51,PI+SIDIS,0.25,3.3,0.5,5.2,49.635,27.53,51.929,28.802,52.011,28.848,52.023,28.855,51.882,28.776,0.9989,0.996,0.9856,0.9724,-1.0,-1.0,-1.0,-1.0,-1.0,1.0,0.99971,0.999781,22909.0,19560.8,153.19,387.916,3.03794,51.2267,0.338341,1.010061,IN,25519.0344,25517.4386,0.965104,13747640.0,5695562.0
25381,10.6716,LH2,-3.642,16.75,3.632,13.51,PI+SIDIS,0.25,3.3,0.5,5.2,108.445,54.331,113.613,56.92,113.522,56.875,113.51,56.869,113.297,56.762,0.9991,0.9955,0.983,0.9714,-1.0,-1.0,-1.0,-1.0,-1.0,1.0,0.99972,0.99978,28283.0,24337.2,170.119,220.778,1.54326,51.2599,0.337884,1.015321,IN,55849.86513,55842.75887,0.963819,15957351.0,7039737.0
25382,10.6716,LH2,-3.642,16.75,3.632,13.51,PI+SIDIS,0.25,3.3,0.5,5.2,51.698,28.878,54.078,30.208,54.033,30.182,54.073,30.205,54.006,30.167,0.9991,0.9954,0.9865,0.976,-1.0,-1.0,-1.0,-1.0,-1.0,1.0,0.99991,0.999887,12952.0,11972.8,114.522,227.068,2.17193,51.2225,0.335946,1.008679,IN,26578.58313,26578.81587,0.972556,7648671.0,2432058.0
25383,10.6716,Dummy,-3.642,16.75,3.632,13.51,PI+SIDIS,0.25,3.3,0.5,5.2,75.339,38.152,78.77,39.889,79.049,40.031,79.071,40.042,78.937,39.974,0.9991,0.9956,0.9848,0.9718,-1.0,-1.0,-1.0,-1.0,-1.0,1.0,0.99993,0.999891,10389.0,9457.33,102.685,123.667,1.34275,51.2245,0.336917,1.0,IN,38783.14245,38781.95255,0.971348,8106108.0,2543292.0
25384,10.6716,LH2,-3.642,16.75,3.632,16.81,PI+SIDIS,0.25,3.3,0.5,8.5,41.303,56.962,43.27,59.675,43.255,59.654,43.253,59.652,43.133,59.486,0.9989,0.9944,0.9906,0.9745,-1.0,-1.0,-1.0,-1.0,-1.0,1.0,0.99992,0.999926,5523.0,5151.0,74.7329,122.303,1.77442,51.2625,0.326916,1.01589,IN,21194.10772,21193.11428,0.9704,6076652.0,597529.0
25385,10.6716,LH2,-3.642,16.75,3.632,16.81,PI+SIDIS,0.25,3.3,0.5,8.5,118.588,54.222,124.21,56.793,124.805,57.065,124.813,57.069,124.68,57.008,0.999,0.9949,0.9848,0.9741,-1.0,-1.0,-1.0,-1.0,-1.0,1.0,0.99999,0.999927,16002.0,14952.2,127.189,123.703,1.05227,51.2218,0.33855,1.015186,IN,61072.1954,61070.8446,0.972732,17455514.0,1713785.0
25386,10.6716,LH2,-3.642,16.75,3.632,16.81,PI+SIDIS,0.25,3.3,0.5,8.5,117.142,52.152,122.681,54.618,123.648,55.048,123.62,55.036,123.447,54.958,0.9989,0.9955,0.9862,0.9732,-1.0,-1.0,-1.0,-1.0,-1.0,1.0,0.99992,0.999928,15790.0,14781.0,126.326,123.948,1.05932,51.2087,0.335734,1.014735,IN,60315.10263,60311.33637,0.972669,17245518.0,1690142.0
25387,10.6716,LH2,-3.642,16.75,3.632,16.81,PI+SIDIS,0.25,3.3,0.5,8.5,99.858,54.11,104.622,56.691,104.815,56.796,104.806,56.791,104.595,56.677,0.9988,0.9965,0.9852,0.9737,-1.0,-1.0,-1.0,-1.0,1.0,-1.0,0.99975,0.999927,13607.0,12832.0,117.201,126.147,1.15216,51.254,0.334012,1.015121,IN,51415.70876,51412.85924,0.946602,14709643.0,1443109.0
25388,10.6716,LH2,-3.642,16.75,3.632,16.81,PI+SIDIS,0.25,3.3,0.5,8.5,50.471,28.317,52.807,29.627,52.763,29.603,52.804,29.626,52.695,29.565,0.9994,0.9957,0.9844,0.9764,-1.0,-1.0,-1.0,-1.0,-1.0,1.0,0.99998,0.999963,6601.0,6366.83,81.4864,123.559,1.58138,51.2359,0.336045,1.008573,IN,25950.23305,25951.35395,0.979398,7465463.0,585808.0
25389,10.6716,LH2,-3.642,16.75,3.632,16.81,PI+SIDIS,0.25,3.3,0.5,8.5,49.747,28.283,52.054,29.594,52.112,29.627,52.153,29.651,52.039,29.586,0.9992,0.9948,0.9855,0.9767,-1.0,-1.0,-1.0,-1.0,-1.0,1.0,0.99998,0.999963,6459.0,6229.5,80.6055,122.63,1.58674,51.2227,0.329631,1.008434,IN,25577.72926,25576.79174,0.979572,7360378.0,576916.0
25391,10.6716,LH2,-3.642,16.75,3.632,16.81,HMSDIS,0.25,3.3,0.5,8.5,25248.697,28.633,26417.557,29.959,26471.323,30.02,26492.103,30.043,26441.575,29.986,0.9991,0.9955,-999,-999,-1.0,-1.0,-1.0,3.0,-1.0,-1.0,0.99727,0.996271,-999,-999,-999,88.6291,0.100506,-999,-999,1.008856,IN,-999,-999,-999,3731773.0,293405.0
25394,10.6716,Dummy,-3.642,16.75,3.632,16.81,PI+SIDIS,0.25,3.3,0.5,8.5,67.855,37.933,70.886,39.628,71.175,39.789,71.209,39.808,71.099,39.747,0.9987,0.9951,0.9875,0.9732,-1.0,-1.0,-1.0,-1.0,-1.0,1.0,0.99996,0.999959,4905.0,4683.83,70.2984,67.9861,1.02039,51.2353,0.332709,1.0,IN,34837.69054,34838.63046,0.975953,7296033.0,618556.0
25395,10.6716,Dummy,-3.642,16.75,3.632,16.81,PI+SIDIS,0.25,3.3,0.5,8.5,59.357,36.757,61.983,38.383,62.199,38.517,62.229,38.535,62.103,38.458,0.9992,0.9954,0.9824,0.9731,-1.0,-1.0,-1.0,-1.0,-1.0,1.0,0.99998,0.999959,4176.0,3987.83,64.8642,66.1702,1.07629,51.2296,0.331281,1.0,IN,30450.86247,30451.62253,0.976507,6378003.0,541445.0
25396,10.6716,LH2,-3.642,16.75,3.632,16.81,HMSDIS,0.25,3.3,0.5,8.5,9861.555,9.657,10355.452,10.14,10333.949,10.119,10348.374,10.134,10331.742,10.117,0.9992,0.9958,-999,-999,-1.0,-1.0,-1.0,1.0,-1.0,-1.0,0.9932,0.999426,-999,-999,-999,89.0604,0.0930923,-999,-999,1.003074,IN,-999,-999,-999,1472415.0,1786512.0
25397,10.6716,LH2,-3.642,16.75,3.632,16.81,HMSDIS,0.25,3.3,0.5,8.5,6182.78,19.488,6443.251,20.309,6442.795,20.308,6443.606,20.311,6442.17,20.306,0.9991,0.9957,-999,-999,-1.0,-1.0,-1.0,2.0,-1.0,-1.0,1.0,0.998854,-999,-999,-999,89.1387,0.166414,-999,-999,1.005972,IN,-999,-999,-999,913542.0,1103043.0
25399,10.6716,LH2,-3.642,16.75,3.632,16.81,HMSDIS,0.25,3.3,0.5,8.5,7726.791,34.107,8061.263,35.583,8072.152,35.631,8077.442,35.654,8067.42,35.61,0.999,0.9953,-999,-999,-1.0,-1.0,-1.0,3.0,-1.0,-1.0,0.99752,0.998015,-999,-999,-999,88.5781,0.181877,-999,-999,1.009821,IN,-999,-999,-999,1138226.0,1379608.0
25400,10.6716,LH2,-3.642,16.75,3.632,16.81,HMSDIS,0.25,3.3,0.5,8.5,11842.397,43.856,12360.967,45.776,12402.744,45.931,12405.969,45.943,12389.651,45.883,0.999,0.9954,-999,-999,-1.0,-1.0,-1.0,5.0,-1.0,-1.0,0.99942,0.997404,-999,-999,-999,88.2457,0.189081,-999,-999,1.012435,IN,-999,-999,-999,1741367.0,2117003.0
25401,10.6716,LH2,-3.642,16.75,3.632,16.81,HMSDIS,0.25,3.3,0.5,8.5,11907.189,57.587,12459.238,60.257,12531.933,60.608,12531.608,60.607,12517.705,60.539,0.9988,0.9955,-999,-999,-1.0,-1.0,-1.0,5.0,-1.0,-1.0,0.99797,0.996559,-999,-999,-999,88.1347,0.188371,-999,-999,1.015966,IN,-999,-999,-999,1749721.0,2134555.0
25402,10.6716,LH2,-3.642,16.75,3.632,16.81,HMSDIS,0.25,3.3,0.5,8.5,13752.781,57.59,14380.271,60.217,14462.65,60.562,14464.181,60.569,14447.766,60.5,0.9991,0.9955,-999,-999,-1.0,-1.0,-1.0,5.0,-1.0,-1.0,0.99887,0.996615,-999,-999,-999,87.4025,0.174504,-999,-999,1.021955,IN,-999,-999,-999,2002743.0,2440691.0
25403,10.6716,LH2,-3.642,16.75,3.632,16.81,HMSDIS,0.25,3.3,0.5,8.5,10022.791,43.263,10454.339,45.126,10487.335,45.268,10492.371,45.29,10473.85,45.21,0.999,0.9952,-999,-999,-1.0,-1.0,-1.0,5.0,-1.0,-1.0,0.99807,0.997471,-999,-999,-999,88.219,0.205709,-999,-999,1.016714,IN,-999,-999,-999,1466936.0,1785055.0
25404,10.6716,LH2,-3.642,16.75,3.632,16.81,HMSDIS,0.25,3.3,0.5,8.5,10560.238,33.518,11018.095,34.971,11028.685,35.005,11038.586,35.036,11022.76,34.986,0.9991,0.9954,-999,-999,-1.0,-1.0,-1.0,5.0,-1.0,-1.0,1.0,0.998026,-999,-999,-999,88.3425,0.200314,-999,-999,1.013349,IN,-999,-999,-999,1548934.0,1879548.0
25405,10.6716,LH2,-3.642,16.75,3.632,16.81,HMSDIS,0.25,3.3,0.5,8.5,5012.372,18.946,5241.699,19.813,5238.786,19.802,5239.412,19.804,5235.904,19.791,0.9992,0.9958,-999,-999,-1.0,-1.0,-1.0,3.0,-1.0,-1.0,1.0,0.998893,-999,-999,-999,88.8343,0.225574,-999,-999,1.00759,IN,-999,-999,-999,740760.0,893994.0
25406,10.6716,LH2,-3.642,16.75,3.632,16.81,HMSDIS,0.25,3.3,0.5,8.5,3008.446,9.291,3160.712,9.761,3151.278,9.732,3157.217,9.75,3149.86,9.728,0.9991,0.9958,-999,-999,-1.0,-1.0,-1.0,1.0,-1.0,-1.0,0.99463,0.999459,-999,-999,-999,89.0527,0.168382,-999,-999,1.003686,IN,-999,-999,-999,448801.0,539082.0
25407,10.6716,LH2,-3.642,16.75,3.632,16.81,HMSDIS,0.25,3.3,0.5,8.5,3335.996,9.307,3506.342,9.782,3495.952,9.753,3502.427,9.771,3492.366,9.743,0.9992,0.9959,-999,-999,-1.0,-1.0,-1.0,1.0,-1.0,-1.0,0.99343,0.999463,-999,-999,-999,89.1861,0.160076,-999,-999,1.003478,IN,-999,-999,-999,498148.0,599400.0
25408,10.6716,LH2,-3.642,16.75,3.632,16.81,HMSDIS,0.25,3.3,0.5,8.5,3122.133,16.381,3268.501,17.149,3267.657,17.144,3267.504,17.144,3263.221,17.121,0.9992,0.9959,-999,-999,-1.0,-1.0,-1.0,2.0,-1.0,-1.0,0.99585,0.998921,-999,-999,-999,88.6335,0.233462,-999,-999,1.006611,IN,-999,-999,-999,461402.0,556324.0
25409,10.6716,LH2,-3.642,16.75,3.632,16.81,HMSDIS,0.25,3.3,0.5,8.5,7218.1,33.527,7535.964,35.003,7545.119,35.046,7550.307,35.07,7533.26,34.991,0.999,0.9956,-999,-999,-1.0,-1.0,-1.0,3.0,-1.0,-1.0,0.99727,0.99805,-999,-999,-999,88.1379,0.187666,-999,-999,1.015575,IN,-999,-999,-999,1056875.0,1283308.0
25410,10.6716,LH2,-3.642,16.75,3.632,16.81,HMSDIS,0.25,3.3,0.5,8.5,10947.737,43.182,11415.049,45.026,11450.937,45.167,11454.311,45.18,11429.841,45.084,0.9989,0.9956,-999,-999,-1.0,-1.0,-1.0,5.0,-1.0,-1.0,0.99836,0.997454,-999,-999,-999,87.5513,0.196098,-999,-999,1.022077,IN,-999,-999,-999,1594566.0,1937737.0
25411,10.6716,LH2,-3.642,16.75,3.632,16.81,HMSDIS,0.25,3.3,0.5,8.5,15290.819,57.596,15977.534,60.182,16067.603,60.521,16069.362,60.528,16044.546,60.435,0.999,0.9957,-999,-999,-1.0,-1.0,-1.0,5.0,-1.0,-1.0,0.99807,0.996667,-999,-999,-999,86.3582,0.164634,-999,-999,1.033204,IN,-999,-999,-999,2204773.0,2686359.0
25412,10.6716,LH2,-3.642,16.75,3.632,16.81,HMSDIS,0.25,3.3,0.5,8.5,15645.195,57.593,16339.38,60.149,16432.175,60.49,16432.141,60.49,16416.202,60.431,0.999,0.9955,-999,-999,-1.0,-1.0,-1.0,5.0,-1.0,-1.0,0.99805,0.996756,-999,-999,-999,84.8649,0.161388,-999,-999,1.054527,IN,-999,-999,-999,2211891.0,2697171.0
25413,10.6716,LH2,-3.642,16.75,3.632,16.81,HMSDIS,0.25,3.3,0.5,8.5,12613.702,43.171,13151.079,45.01,13192.24,45.151,13198.67,45.173,13166.46,45.063,0.9989,0.9955,-999,-999,-1.0,-1.0,-1.0,5.0,-1.0,-1.0,1.0,0.997506,-999,-999,-999,87.0906,0.182066,-999,-999,1.029799,IN,-999,-999,-999,1819920.0,2208909.0
25414,10.6716,LH2,-3.642,16.75,3.632,16.81,HMSDIS,0.25,3.3,0.5,8.5,9517.126,33.611,9934.715,35.086,9946.09,35.126,9954.264,35.155,9934.662,35.086,0.9991,0.9957,-999,-999,-1.0,-1.0,-1.0,3.0,-1.0,-1.0,0.99788,0.998021,-999,-999,-999,88.1274,0.163378,-999,-999,1.015517,IN,-999,-999,-999,1396102.0,1694407.0
25415,10.6716,LH2,-3.642,16.75,3.632,16.81,HMSDIS,0.25,3.3,0.5,8.5,5660.038,18.983,5909.267,19.819,5907.08,19.812,5908.075,19.815,5905.254,19.806,0.9992,0.9956,-999,-999,-1.0,-1.0,-1.0,2.0,-1.0,-1.0,0.99665,0.998899,-999,-999,-999,88.8001,0.173723,-999,-999,1.007815,IN,-999,-999,-999,835432.0,1004147.0
25416,10.6716,LH2,-3.642,16.75,3.632,16.81,HMSDIS,0.25,3.3,0.5,8.5,2326.853,9.332,2438.058,9.778,2431.562,9.752,2436.203,9.77,2430.612,9.748,0.9991,0.9961,-999,-999,-1.0,-1.0,-1.0,1.0,-1.0,-1.0,0.99329,0.999454,-999,-999,-999,89.1341,0.191936,-999,-999,1.003297,IN,-999,-999,-999,346760.0,416843.0
25417,10.6716,LH2,-3.642,16.75,3.632,16.81,HMSDIS,0.25,3.3,0.5,8.5,2680.914,9.368,2806.442,9.807,2799.084,9.781,2804.332,9.799,2797.847,9.777,0.9992,0.9958,-999,-999,-1.0,-1.0,-1.0,1.0,-1.0,-1.0,0.99323,0.999443,-999,-999,-999,89.1848,0.178944,-999,-999,1.001873,IN,-999,-999,-999,399454.0,477182.0
25418,10.6716,LH2,-3.642,16.75,3.632,16.81,HMSDIS,0.25,3.3,0.5,8.5,4935.903,19.047,5124.56,19.775,5124.255,19.774,5125.128,19.778,5124.549,19.775,0.9991,0.996,-999,-999,-1.0,-1.0,-1.0,2.0,-1.0,-1.0,0.99656,0.998878,-999,-999,-999,88.5881,0.186345,-999,-999,1.007226,IN,-999,-999,-999,722378.0,871986.0
25420,10.6716,LH2,-3.642,16.75,3.632,16.81,HMSDIS,0.25,3.3,0.5,8.5,7438.139,30.735,7715.991,31.883,7727.854,31.932,7734.309,31.959,7725.092,31.921,0.9991,0.9957,-999,-999,-1.0,-1.0,-1.0,3.0,-1.0,-1.0,0.99969,0.998124,-999,-999,-999,87.4878,0.184544,-999,-999,1.017861,IN,-999,-999,-999,1075354.0,1300997.0
25421,10.6716,LH2,-3.642,16.75,3.632,16.81,HMSDIS,0.25,3.3,0.5,8.5,12228.639,43.167,12747.231,44.998,12792.933,45.159,12798.909,45.18,12773.955,45.092,0.9989,0.9954,-999,-999,-1.0,-1.0,-1.0,5.0,-1.0,-1.0,0.99814,0.997517,-999,-999,-999,86.416,0.184382,-999,-999,1.035373,IN,-999,-999,-999,1755948.0,2133265.0
25422,10.6716,LH2,-3.642,16.75,3.632,16.81,HMSDIS,0.25,3.3,0.5,8.5,15224.206,57.636,15896.849,60.182,15994.913,60.554,15995.852,60.557,15982.631,60.507,0.999,0.9951,-999,-999,-1.0,-1.0,-1.0,5.0,-1.0,-1.0,0.99904,0.996814,-999,-999,-999,83.1481,0.161876,-999,-999,1.072835,IN,-999,-999,-999,2107785.0,2570494.0
25423,10.6716,LH2,-3.642,16.75,-3.632,16.81,PI-SIDIS,0.25,3.3,0.5,8.5,103.796,56.588,108.441,59.121,109.157,59.511,109.135,59.499,109.039,59.447,0.9991,0.9955,0.9896,0.984,-1.0,-1.0,-1.0,-1.0,-1.0,1.0,0.99996,0.999966,6873.0,6290.67,83.4869,59.0089,0.783139,51.2298,0.328302,1.016053,IN,53297.95086,53302.66314,0.967115,15204843.0,18548851.0
25424,10.6716,LH2,-3.642,16.75,-3.632,16.81,PI-SIDIS,0.25,3.3,0.5,8.5,97.336,52.523,101.647,54.85,102.304,55.204,102.299,55.202,102.215,55.156,0.9989,0.9953,0.991,0.9846,-1.0,-1.0,-1.0,-1.0,-1.0,1.0,0.99994,0.999967,6372.0,5832.5,80.386,58.3454,0.804142,51.2287,0.334513,1.015276,IN,49947.49675,49944.77625,0.967478,14264531.0,17382967.0
25425,10.6716,LH2,-3.642,16.75,-3.632,16.81,PI-SIDIS,0.25,3.3,0.5,8.5,100.684,56.598,105.116,59.089,105.848,59.501,105.84,59.497,105.736,59.438,0.9991,0.9949,0.9912,0.9841,-1.0,-1.0,-1.0,-1.0,-1.0,1.0,0.99999,0.999966,6392.0,5826.0,80.5378,56.3714,0.77927,51.2163,0.324959,1.016909,IN,51664.10318,51661.33482,0.967547,14720829.0,17952728.0
25426,10.6716,LH2,-3.642,16.75,-3.632,16.81,PI-SIDIS,0.25,3.3,0.5,8.5,95.371,53.427,99.649,55.823,100.363,56.223,100.349,56.215,100.281,56.178,0.9993,0.9948,0.9896,0.9839,-1.0,-1.0,-1.0,-1.0,-1.0,1.0,0.99997,0.999967,6129.0,5607.5,78.8411,57.2349,0.804719,51.2147,0.332787,1.017544,IN,48958.73818,48954.47482,0.968629,13945252.0,16999757.0
25427,10.6716,LH2,-3.642,16.75,-3.632,16.81,PI-SIDIS,0.25,3.3,0.5,8.5,98.315,55.186,102.824,57.716,103.62,58.163,103.595,58.149,103.498,58.094,0.9989,0.9951,0.9904,0.983,-1.0,-1.0,-1.0,-1.0,-1.0,1.0,0.99998,0.999967,6240.0,5701.83,79.5594,56.4749,0.788011,51.2175,0.326774,1.017271,IN,50649.3467,50649.8543,0.96818,14398589.0,17552518.0
25428,10.6716,LH2,-3.642,16.75,-3.632,16.81,PI-SIDIS,0.25,3.3,0.5,8.5,115.085,57.569,120.354,60.204,121.371,60.713,121.338,60.697,121.212,60.634,0.9989,0.9969,0.9911,0.9832,-1.0,-1.0,-1.0,-1.0,1.0,-1.0,0.99985,0.999966,7355.0,6778.83,86.3193,57.3583,0.730381,51.2145,0.337484,1.016375,IN,59171.94548,59169.14752,0.938996,16866798.0,20574214.0
25429,10.6716,LH2,-3.642,16.75,-3.632,16.81,PI-SIDIS,0.25,3.3,0.5,8.5,51.29,28.406,53.599,29.685,53.821,29.808,53.846,29.822,53.753,29.77,0.9992,0.9956,0.9904,0.985,-1.0,-1.0,-1.0,-1.0,-1.0,1.0,1.0,0.999983,3243.0,3102.33,57.1528,58.8089,1.08341,51.2162,0.33023,1.009295,IN,26343.49964,26342.11036,0.975107,7570107.0,9162402.0
25430,10.6716,LH2,-3.642,16.75,-3.632,16.81,PI-SIDIS,0.25,3.3,0.5,8.5,48.307,27.57,50.493,28.817,50.488,28.814,50.503,28.823,50.355,28.738,0.9989,0.9941,0.9913,0.9882,-1.0,-1.0,-1.0,-1.0,-1.0,1.0,0.99998,0.999983,2965.0,2828.83,54.6598,56.7566,1.09667,51.2446,0.323313,1.009681,IN,24812.42337,24812.57663,0.97432,7128359.0,8629275.0
25431,10.6716,LH2,-3.642,16.75,-3.632,16.81,HMSDIS,0.25,3.3,0.5,8.5,24247.894,28.064,25358.964,29.35,25197.075,29.163,25208.73,29.176,25115.724,29.068,0.9991,0.9959,-999,-999,-1.0,-1.0,-1.0,3.0,-1.0,-1.0,0.9974,0.998321,-999,-999,-999,88.5957,0.102556,-999,-999,1.009935,IN,-999,-999,-999,3580388.0,4332076.0
25432,10.6716,Dummy,-3.642,16.75,-3.632,16.81,PI-SIDIS,0.25,3.3,0.5,8.5,69.994,38.296,73.168,40.032,73.088,39.988,73.134,40.014,73.01,39.945,0.9994,0.9961,0.9869,0.985,-1.0,-1.0,-1.0,-1.0,-1.0,1.0,1.0,0.99998,3136.0,2946.83,56.2808,40.9128,0.781382,51.2248,0.317726,1.0,IN,35964.40968,35963.08032,0.971548,7530202.0,9515978.0
25433,10.6716,Dummy,-3.642,16.75,-3.632,16.81,PI-SIDIS,0.25,3.3,0.5,8.5,51.366,37.06,53.703,38.747,53.915,38.9,53.941,38.919,53.853,38.855,0.9997,0.9937,0.9916,0.9864,-1.0,-1.0,-1.0,-1.0,-1.0,1.0,0.99998,0.999981,2236.0,2102.67,47.5208,39.706,0.897365,51.2046,0.336707,1.0,IN,26376.2234,26371.0216,0.972031,5523952.0,6988991.0
25434,10.6716,LH2,-3.642,16.75,-3.632,13.51,PI-SIDIS,0.25,3.3,0.5,5.2,93.859,54.096,98.323,56.669,98.782,56.934,98.74,56.91,98.499,56.77,0.9988,0.9952,0.9888,0.9826,-1.0,-1.0,-1.0,-1.0,-1.0,1.0,0.99989,0.99989,12642.0,10545.8,113.98,109.299,1.18131,51.2348,0.338174,1.01629,IN,48313.56944,48319.86656,0.961993,13761253.0,50121456.0
25435,10.6716,LH2,-3.642,16.75,-3.632,13.51,PI-SIDIS,0.25,3.3,0.5,5.2,95.318,51.051,99.87,53.488,99.777,53.439,99.762,53.431,99.542,53.313,0.999,0.9955,0.9889,0.9828,-1.0,-1.0,-1.0,-1.0,-1.0,1.0,0.99989,0.999892,12840.0,10726.7,114.857,109.408,1.1715,51.2624,0.333725,1.016024,IN,49195.99326,49194.19474,0.960555,13972272.0,50898415.0
25436,10.6716,LH2,-3.642,16.75,-3.632,13.51,PI-SIDIS,0.25,3.3,0.5,5.2,101.164,56.432,105.975,59.115,106.361,59.331,106.366,59.333,106.275,59.282,0.999,0.9952,0.9887,0.983,-1.0,-1.0,-1.0,-1.0,-1.0,1.0,0.99988,0.999888,13985.0,11669.2,119.879,112.143,1.15206,51.2209,0.333131,1.015947,IN,52201.14538,52201.45362,0.963185,14854298.0,54171430.0
25437,10.6716,LH2,-3.642,16.75,-3.632,13.51,PI-SIDIS,0.25,3.3,0.5,5.2,94.078,55.155,98.552,57.778,99.276,58.202,99.269,58.199,99.2,58.158,0.9988,0.9971,0.9899,0.9831,-1.0,-1.0,-1.0,-1.0,1.0,-1.0,1.0,0.999889,12808.0,10960.5,114.525,113.263,1.18347,51.2037,0.341332,1.015771,IN,48462.34273,48463.18627,0.933596,13807369.0,50279541.0
25438,10.6716,LH2,-3.642,16.75,-3.632,13.51,PI-SIDIS,0.25,3.3,0.5,5.2,49.971,28.048,52.28,29.344,52.346,29.381,52.365,29.391,52.216,29.308,0.9991,0.9956,0.9902,0.9854,-1.0,-1.0,-1.0,-1.0,-1.0,1.0,0.99996,0.999945,6222.0,5646.67,79.4851,109.711,1.54435,51.2173,0.326433,1.008892,IN,25690.61693,25690.37407,0.968954,7382309.0,26433249.0
25439,10.6716,LH2,-3.642,16.75,-3.632,13.51,PI-SIDIS,0.25,3.3,0.5,5.2,43.455,26.814,45.468,28.057,45.217,27.902,45.236,27.913,45.05,27.799,0.9991,0.9962,0.9907,0.984,-1.0,-1.0,-1.0,-1.0,-1.0,1.0,0.99999,0.999945,5504.0,5011.83,74.7397,112.122,1.67203,51.2624,0.3289,1.008389,IN,22339.74365,22339.30535,0.968372,6421928.0,22993070.0
25440,10.6716,Dummy,-3.642,16.75,-3.632,13.51,PI-SIDIS,0.25,3.3,0.5,5.2,45.586,32.027,47.683,33.5,47.668,33.489,47.696,33.509,47.624,33.458,0.9991,0.996,0.9895,0.9855,-1.0,-1.0,-1.0,-1.0,-1.0,1.0,0.99994,0.999944,4037.0,3642.83,64.0523,77.5953,1.36437,51.2275,0.33823,1.0,IN,23465.78503,23467.22297,0.967639,4911532.0,19422718.0
25441,10.6716,Dummy,-3.642,16.75,-3.632,13.51,PI-SIDIS,0.25,3.3,0.5,5.2,63.499,36.838,66.389,38.514,66.63,38.654,66.665,38.675,66.562,38.615,0.9993,0.9955,0.9895,0.9838,-1.0,-1.0,-1.0,-1.0,-1.0,1.0,0.99994,0.999941,5644.0,5057.17,75.7747,77.4882,1.16105,51.2114,0.321646,1.0,IN,32625.0649,32623.5911,0.968377,6825827.0,27006820.0
25442,10.6716,LH2,-3.642,16.75,-3.632,13.51,PI-SIDIS,0.25,3.3,0.5,5.2,105.301,52.825,110.31,55.338,110.582,55.474,110.553,55.46,110.269,55.317,0.9989,0.9954,0.9892,0.9827,-1.0,-1.0,-1.0,-1.0,-1.0,1.0,0.99991,0.999891,14321.0,12011.2,121.268,110.935,1.12003,51.2414,0.33328,1.015062,IN,54219.94888,54211.89112,0.961126,15467725.0,56334286.0
25443,10.6716,LD2,-3.642,16.75,-3.632,10.31,PI-SIDIS,0.25,3.3,0.5,2.0,50.604,28.64,52.93,29.956,52.922,29.951,52.961,29.973,52.877,29.926,0.999,0.9963,0.9834,0.9765,-1.0,-1.0,-1.0,-1.0,-1.0,1.0,1.0,0.999575,24925.0,15871.0,162.585,307.372,3.14878,51.2112,0.348658,1.010464,IN,26043.27833,26043.04567,0.953613,14006392.0,179026498.0
25444,10.6716,LD2,-3.642,16.75,-3.632,10.31,PI-SIDIS,0.25,3.3,0.5,2.0,43.654,27.112,45.672,28.366,45.81,28.451,45.839,28.469,45.767,28.425,0.9989,0.9962,0.9829,0.9766,-1.0,-1.0,-1.0,-1.0,-1.0,1.0,0.99945,0.999583,21628.0,13935.2,151.361,312.941,3.3991,51.1933,0.349296,1.009908,IN,22437.63537,22437.29463,0.954862,12082516.0,154642995.0
25445,10.6716,LD2,-3.642,16.75,-3.632,10.31,PI-SIDIS,0.25,3.3,0.5,2.0,51.358,28.618,53.729,29.939,53.624,29.881,53.651,29.895,53.48,29.8,0.9989,0.9962,0.9839,0.9767,-1.0,-1.0,-1.0,-1.0,-1.0,1.0,0.9994,0.999575,25585.0,16438.0,164.65,313.775,3.1429,51.2346,0.343606,1.010458,IN,26409.35169,26408.10531,0.952444,14218077.0,194483460.0
25446,10.6716,LD2,-3.642,16.75,-3.632,10.31,PI-SIDIS,0.25,3.3,0.5,2.0,25.547,14.126,26.789,14.813,26.581,14.698,26.595,14.706,26.537,14.674,0.9993,0.9967,0.9879,0.9818,-1.0,-1.0,-1.0,-1.0,-1.0,1.0,0.9999,0.99979,10966.0,8556.0,106.619,325.565,4.05698,51.2609,0.328665,1.005174,IN,13167.3151,13167.6899,0.959892,7116959.0,90901789.0
25447,10.6716,LD2,-3.642,16.75,-3.632,10.31,PI-SIDIS,0.25,3.3,0.5,2.0,15.219,14.094,15.958,14.778,15.932,14.754,15.942,14.763,15.936,14.758,0.999,0.9963,0.9881,0.9816,-1.0,-1.0,-1.0,-1.0,-1.0,1.0,0.99986,0.999786,6602.0,5163.5,82.7149,330.01,5.28647,51.2088,0.346078,1.005162,IN,7831.15454,7830.56846,0.961402,4244992.0,54857247.0
25448,10.6716,LH2,-3.642,16.75,-3.632,10.31,PI-SIDIS,0.25,3.3,0.5,2.0,73.844,44.334,77.227,46.365,77.729,46.667,77.742,46.675,77.648,46.618,0.9989,0.9954,0.9843,0.9775,-1.0,-1.0,-1.0,-1.0,-1.0,1.0,0.99974,0.99969,16129.0,11050.3,130.29,146.582,1.72829,51.1928,0.351981,1.013383,IN,37938.59721,37938.96179,0.957103,10855955.0,140396981.0
25449,10.6716,LH2,-3.642,16.75,-3.632,10.31,PI-SIDIS,0.25,3.3,0.5,2.0,84.326,47.735,88.209,49.933,88.243,49.952,88.247,49.954,88.009,49.82,0.999,0.9953,0.9836,0.9761,-1.0,-1.0,-1.0,-1.0,-1.0,1.0,1.0,0.999681,18586.0,12680.0,139.894,147.417,1.6264,51.2406,0.344071,1.014052,IN,43397.09989,43398.20711,0.954374,12411456.0,161673392.0
25450,10.6716,LH2,-3.642,16.75,-3.632,10.31,PI-SIDIS,0.25,3.3,0.5,2.0,68.596,42.626,71.75,44.587,71.727,44.572,71.747,44.585,71.681,44.544,0.999,0.9955,0.9842,0.9769,-1.0,-1.0,-1.0,-1.0,-1.0,1.0,0.9997,0.999693,14878.0,10263.0,125.089,146.611,1.78694,51.2314,0.341255,1.014011,IN,35340.95537,35341.68663,0.954481,10074344.0,130214318.0
25451,10.6716,LH2,-3.642,16.75,-3.632,10.31,PI-SIDIS,0.25,3.3,0.5,2.0,42.515,23.655,44.495,24.757,44.493,24.756,44.517,24.769,44.514,24.767,0.999,0.9962,0.9869,0.9811,-1.0,-1.0,-1.0,-1.0,-1.0,1.0,0.99993,0.999842,8169.0,6612.17,91.8067,151.63,2.10531,51.2236,0.333232,1.008629,IN,21863.8999,21864.0711,0.962591,6291930.0,76000786.0
25452,10.6716,LH2,-3.642,16.75,-3.632,10.31,PI-SIDIS,0.25,3.3,0.5,2.0,42.719,24.305,44.7,25.433,44.809,25.494,44.829,25.506,44.803,25.491,0.9991,0.995,0.988,0.9804,-1.0,-1.0,-1.0,-1.0,-1.0,1.0,0.99993,0.999841,8091.0,6497.0,91.4148,148.397,2.08799,51.2154,0.345465,1.008616,IN,21969.36037,21969.52063,0.963948,6319048.0,76356863.0
25453,10.6716,Dummy,-3.642,16.75,-3.632,10.31,PI-SIDIS,0.25,3.3,0.5,2.0,68.075,37.916,71.196,39.655,71.642,39.903,71.683,39.926,71.637,39.9,0.9989,0.9962,0.9855,0.9789,-1.0,-1.0,-1.0,-1.0,-1.0,1.0,0.99989,0.999813,8963.0,6893.33,96.4777,99.0288,1.38599,51.2003,0.33493,1.0,IN,34989.59819,34991.62781,0.961322,7324154.0,101670784.0
25455,10.6716,LH2,3.642,16.75,-3.632,10.31,PI-SIDIS,0.25,3.3,0.5,2.0,55.261,42.848,57.797,44.814,57.715,44.751,57.724,44.758,57.552,44.625,0.9858,0.9956,0.9845,0.9764,-1.0,-1.0,-1.0,-1.0,-1.0,1.0,0.99977,0.999713,36.0,19.8333,6.22049,0.356593,0.111841,51.25,0.5,1.013086,IN,28378.39335,28382.71265,0.951768,377057.0,97571747.0
25456,10.6716,LH2,3.642,16.75,-3.632,10.31,HMSDIS,0.25,3.3,0.5,2.0,37729.695,43.72,39458.551,45.723,39410.395,45.667,39423.594,45.682,39388.952,45.642,0.987,0.9953,-999,-999,-1.0,-1.0,-1.0,3.0,-1.0,-1.0,0.99793,0.971137,-999,-999,-999,0.417212,0.00567491,-999,-999,1.013312,IN,-999,-999,-999,257821.0,69998367.0
25457,10.6716,LH2,3.642,16.75,-3.632,10.31,PI-SIDIS,0.25,3.3,0.5,2.0,101.508,42.49,106.145,44.43,106.313,44.501,106.356,44.519,106.325,44.506,0.9866,0.9956,0.9848,0.9766,-1.0,-1.0,-1.0,-1.0,-1.0,1.0,0.99979,0.999714,73.0,45.8333,8.80499,0.448245,0.0861118,51.25,0.5,1.012673,IN,52270.34445,52270.51655,0.953216,691740.0,191697374.0
25459,10.6716,Cu,3.642,16.75,-3.632,10.31,PI-SIDIS,0.25,3.3,0.5,2.0,79.516,33.771,83.139,35.31,83.358,35.403,83.418,35.428,83.365,35.406,0.9866,0.9949,0.9858,0.9777,-1.0,-1.0,-1.0,-1.0,-1.0,1.0,1.0,0.999781,80.0,47.5,9.24211,0.5923,0.115244,51.25,0.5,1.0,IN,40903.83926,40903.17474,0.954323,699877.0,153078935.0
25461,10.6716,Cu,3.642,16.75,-3.632,10.31,HMSDIS,0.25,3.3,0.5,2.0,41164.943,46.95,43048.446,49.099,43365.875,49.461,43375.15,49.471,43363.091,49.457,0.9893,0.9943,-999,-999,-1.0,-1.0,-1.0,5.0,-1.0,-1.0,0.99917,0.96884,-999,-999,-999,0.847661,0.00998008,-999,-999,1.0,IN,-999,-999,-999,366304.0,82015292.0
25462,10.6716,LH2,3.642,16.75,-3.632,13.515,PI-SIDIS,0.25,3.3,0.5,5.2,114.652,51.041,120.097,53.466,121.196,53.955,121.194,53.954,121.142,53.931,0.9813,0.9953,0.9889,0.9808,-1.0,-1.0,-1.0,-1.0,-1.0,1.0,0.99988,0.999892,34.0,21.0,6.01387,0.181701,0.0520346,51.25,0.5,1.016991,IN,59042.00609,59037.21991,0.960111,780206.0,63227200.0
25463,10.6716,LH2,3.642,16.75,-3.632,16.81,PI-SIDIS,0.25,3.3,0.5,8.5,115.898,51.535,121.399,53.981,122.126,54.304,122.101,54.293,121.903,54.205,0.9932,0.9948,0.9903,0.9821,-1.0,-1.0,-1.0,-1.0,-1.0,1.0,0.99995,0.999967,13.0,9.66667,3.68179,0.081638,0.0310938,51.25,0.5,1.017338,IN,59773.15088,59771.23712,0.963744,795705.0,21086517.0
25464,10.6716,LH2,3.642,16.75,3.632,16.81,PI+SIDIS,0.25,3.3,0.5,8.5,125.117,51.467,131.063,53.913,131.785,54.21,131.799,54.216,131.721,54.183,0.9812,0.995,0.9853,0.9723,-1.0,-1.0,-1.0,-1.0,-1.0,1.0,0.99993,0.999928,13.0,8.16667,3.71558,0.065319,0.0297181,51.25,0.5,1.015829,IN,64536.56327,64542.78573,0.957983,844669.0,1803973.0
25465,10.6716,LH2,3.642,16.75,3.632,13.61,PI+SIDIS,-999,-999,-999,-999,116.815,50.528,122.353,52.923,123.42,53.385,123.422,53.386,123.293,53.33,0.983,0.9953,0.9837,0.9685,-1.0,-1.0,-1.0,-1.0,-1.0,1.0,0.99979,0.999793,43.0,26.0,6.77003,0.223253,0.058132,51.25,0.5,1.015801,IN,60139.81182,60144.46318,0.9541,785726.0,7239661.0
25466,10.6716,Cu,3.642,16.75,3.632,13.61,PI+SIDIS,-999,-999,-999,-999,85.095,50.143,89.142,52.527,89.534,52.759,89.511,52.745,89.286,52.613,0.9924,0.9946,0.9816,0.9655,-1.0,-1.0,-1.0,-1.0,-1.0,1.0,0.99976,0.999783,39.0,11.5,6.60177,0.134673,0.0773112,51.25,0.5,1.0,IN,43791.06432,43790.26568,0.950821,760326.0,5640395.0
25467,10.6716,LH2,3.642,16.75,3.632,10.315,PI+SIDIS,0.25,3.3,0.5,2.0,100.294,42.433,104.879,44.373,104.932,44.395,104.974,44.413,104.839,44.356,0.98,0.9957,0.978,0.9642,-1.0,-1.0,-1.0,-1.0,-1.0,1.0,0.99965,0.999531,70.0,19.8333,8.85218,0.200201,0.0893554,51.25,0.5,1.016412,IN,51656.52906,51659.15194,0.947462,673279.0,25558904.0
25468,10.6716,Cu,3.642,16.75,3.632,10.315,PI+SIDIS,0.25,3.3,0.5,2.0,77.141,42.499,80.651,44.432,81.076,44.666,81.105,44.683,81.064,44.66,0.9922,0.9947,0.9773,0.9613,-1.0,-1.0,-1.0,-1.0,-1.0,1.0,0.99957,0.999566,73.0,18.5,9.05999,0.240598,0.117828,51.25,0.5,1.0,IN,39634.54018,39636.04782,0.947916,675939.0,19310630.0
25469,10.6716,Cu,3.642,16.75,2.615,10.315,PI+SIDIS,0.25,3.3,0.36,2.0,28.389,17.255,29.73,18.069,29.722,18.065,29.721,18.064,29.677,18.038,0.9923,0.9961,0.9801,0.9669,-1.0,-1.0,-1.0,-1.0,-1.0,1.0,0.99988,0.999594,30.0,8.33333,5.79751,0.292182,0.203271,51.25,0.5,1.0,IN,14607.24771,14607.25629,0.951776,247914.0,8996458.0
25470,10.6716,Cu,3.642,16.75,2.615,10.315,HMSDIS,0.25,3.3,0.36,2.0,11397.819,16.697,11938.497,17.489,11860.827,17.375,11860.602,17.375,11827.357,17.326,0.9896,0.9958,-999,-999,-1.0,-1.0,-1.0,2.0,-1.0,-1.0,0.99628,0.959563,-999,-999,-999,0.871166,0.0121666,-999,-999,1.0,IN,-999,-999,-999,100435.0,3647448.0
25471,10.6716,C,3.642,16.75,2.615,10.315,HMSDIS,0.25,3.3,0.36,2.0,13126.632,16.933,13750.608,17.738,13661.156,17.623,13664.13,17.627,13646.088,17.604,0.9875,0.9962,-999,-999,-1.0,-1.0,-1.0,2.0,-1.0,-1.0,0.99665,0.952258,-999,-999,-999,0.615962,0.00954091,-999,-999,1.0,IN,-999,-999,-999,115557.0,4478494.0
25472,10.6716,Al,3.642,16.75,2.615,10.315,HMSDIS,0.25,3.3,0.36,2.0,33140.855,33.466,34648.638,34.988,34618.074,34.958,34637.442,34.977,34606.408,34.946,0.9879,0.9964,-999,-999,-1.0,-1.0,-1.0,2.0,-1.0,-1.0,0.99539,0.975584,-999,-999,-999,0.149215,0.00295954,-999,-999,1.0,IN,-999,-999,-999,78291.0,2078785.0
25473,10.6716,LD2,3.642,16.75,2.615,10.315,HMSDIS,0.25,3.3,0.36,2.0,6959.233,9.693,7313.013,10.186,7297.711,10.165,7308.552,10.18,7301.136,10.169,0.9877,0.9962,-999,-999,-1.0,-1.0,-1.0,2.0,-1.0,-1.0,0.99658,0.954409,-999,-999,-999,0.863806,0.0154919,-999,-999,1.003558,IN,-999,-999,-999,92937.0,3828281.0
25474,10.6716,LH2,3.642,16.75,2.615,10.315,PI+SIDIS,0.25,3.3,0.36,2.0,44.349,17.093,46.44,17.899,46.506,17.924,46.5,17.922,46.459,17.906,0.9852,0.9963,0.9744,0.9683,-1.0,-1.0,-1.0,-1.0,-1.0,1.0,0.99985,0.999595,33.0,11.6667,6.04612,0.263382,0.136495,51.25,0.5,1.006676,IN,22840.32664,22839.83836,0.953332,303220.0,12294151.0
25475,10.6716,Dummy,4.72,26.395,-6.72,18.56,SHMSHEEP,-999,-999,-999,-999,65.207,36.382,68.148,38.023,68.348,38.134,68.37,38.146,68.224,38.065,0.0,0.9943,0.9897,0.84,-1.0,-1.0,-1.0,-1.0,1.0,-1.0,1.0,0.999998,-999,-999,-999,-999,-999,-999,-999,1.0,OUT,4.9999999999999994e+75,-4.9999999999999994e+75,0.995524,19148.0,620961.0
25476,10.6716,LH2,4.72,26.395,-6.72,18.56,SHMSHEEP,-999,-999,-999,-999,69.345,44.97,72.509,47.022,72.298,46.885,72.316,46.897,72.036,46.716,0.0,0.9945,0.9923,0.8421,-1.0,-1.0,-1.0,-1.0,1.0,-1.0,1.0,0.999996,-999,-999,-999,-999,-999,-999,-999,1.014272,OUT,4.9999999999999994e+75,-4.9999999999999994e+75,0.999306,15995.0,1077085.0
25477,10.6716,LH2,4.72,26.395,-6.384,18.56,SHMSHEEP,-999,-999,-999,-999,83.405,46.163,87.194,48.261,87.501,48.431,87.52,48.441,87.433,48.393,0.0,0.9957,0.9891,0.9053,-1.0,-1.0,-1.0,-1.0,1.0,-1.0,1.0,0.999996,-999,-999,-999,-999,-999,-999,-999,1.015721,OUT,4.9999999999999994e+75,-4.9999999999999994e+75,0.999578,18788.0,1826782.0
25478,10.6716,LH2,4.72,26.395,-6.6048,18.56,SHMSHEEP,-999,-999,-999,-999,79.557,44.348,83.197,46.377,83.598,46.601,83.592,46.597,83.369,46.473,0.9999,0.9952,0.9919,0.8602,-1.0,-1.0,-1.0,-1.0,1.0,-1.0,1.0,0.999996,-999,-999,-999,-999,-999,-999,-999,1.015066,OUT,4.9999999999999994e+75,-4.9999999999999994e+75,0.999913,18634.0,1397942.0
25479,10.6716,LH2,4.72,26.395,-5.712,18.56,SHMSHEEP,-999,-999,-999,-999,94.395,47.814,98.71,49.999,98.529,49.908,98.527,49.907,98.146,49.714,0.0,0.9956,0.992,0.9556,-1.0,-1.0,-1.0,-1.0,1.0,-1.0,1.0,0.999995,-999,-999,-999,-999,-999,-999,-999,1.016507,OUT,4.9999999999999994e+75,-4.9999999999999994e+75,0.999387,20552.0,3634109.0
25480,10.6716,LH2,4.72,26.395,-5.376,18.56,SHMSHEEP,-999,-999,-999,-999,86.85,47.719,90.804,49.892,90.927,49.96,90.939,49.966,90.81,49.895,0.9999,0.9946,0.9912,0.9677,-1.0,-1.0,-1.0,-1.0,1.0,-1.0,1.0,0.999995,-999,-999,-999,-999,-999,-999,-999,1.016138,OUT,4.9999999999999994e+75,-4.9999999999999994e+75,0.999111,19006.0,4209484.0
25481,10.6716,LH2,4.72,26.395,-5.04,18.56,SHMSHEEP,-999,-999,-999,-999,64.839,48.557,67.759,50.744,68.204,51.077,68.205,51.078,68.105,51.003,0.0,0.993,0.9915,0.7168,-1.0,-1.0,-1.0,-1.0,1.0,-1.0,1.0,0.999994,-999,-999,-999,-999,-999,-999,-999,1.01636,OUT,4.9999999999999994e+75,-4.9999999999999994e+75,0.998824,13893.0,3838502.0
25482,10.6716,LH2,4.72,26.395,-5.04,18.56,SHMSHEEP,-999,-999,-999,-999,24.976,45.815,26.112,47.899,26.18,48.024,26.179,48.023,26.109,47.894,0.0,0.9966,0.9972,0.7609,-1.0,-1.0,-1.0,-1.0,1.0,-1.0,1.0,0.999995,-999,-999,-999,-999,-999,-999,-999,1.015307,OUT,4.9999999999999994e+75,-4.9999999999999994e+75,0.99759,5663.0,1480064.0
25483,10.6716,LH2,4.72,26.395,-4.704,18.56,SHMSHEEP,-999,-999,-999,-999,86.74,46.99,90.671,49.12,90.595,49.079,90.6,49.082,90.345,48.943,0.9999,0.995,0.9957,0.8394,-1.0,-1.0,-1.0,-1.0,1.0,-1.0,1.0,0.999994,-999,-999,-999,-999,-999,-999,-999,1.016659,OUT,4.9999999999999994e+75,-4.9999999999999994e+75,0.997976,19213.0,6101407.0
25484,10.6716,LD2,-3.642,16.755,-3.632,10.31,PI-SIDIS,0.25,3.3,0.5,2.0,39.619,25.968,41.441,27.161,41.485,27.191,41.51,27.207,41.5,27.2,0.9993,0.9957,0.9819,0.9733,-1.0,-1.0,-1.0,-1.0,-1.0,1.0,0.99943,0.999585,19377.0,12511.0,143.253,310.574,3.55611,51.2245,0.349643,1.009487,OUT,20351.31265,20349.66635,0.952025,10940226.0,139873458.0
25485,10.6716,LD2,-3.642,16.755,-3.632,10.31,PI-SIDIS,0.25,3.3,0.5,2.0,49.194,28.886,51.45,30.211,51.596,30.297,51.634,30.319,51.607,30.303,0.9993,0.9958,0.9816,0.9732,-1.0,-1.0,-1.0,-1.0,-1.0,1.0,0.99942,0.999569,23897.0,14974.2,159.324,299.441,3.18603,51.2269,0.346894,1.010553,OUT,25282.76307,25282.60993,0.952598,13578731.0,174178644.0
25486,10.6716,LD2,-3.642,16.755,-3.632,10.31,PI-SIDIS,0.25,3.3,0.5,2.0,49.454,28.102,51.737,29.399,51.936,29.512,51.968,29.53,51.955,29.523,0.9993,0.9956,0.9808,0.9725,-1.0,-1.0,-1.0,-1.0,-1.0,1.0,0.99941,0.999573,24574.0,15714.3,161.402,312.728,3.21203,51.2271,0.350284,1.010269,OUT,25423.82099,25426.17001,0.953144,13654341.0,178780329.0
25487,10.6716,LD2,-3.642,16.755,-3.632,10.31,PI-SIDIS,0.25,3.3,0.5,2.0,48.811,28.28,51.073,29.59,51.31,29.728,51.341,29.746,51.345,29.748,0.9993,0.9955,0.982,0.9726,-1.0,-1.0,-1.0,-1.0,-1.0,1.0,0.99943,0.999572,24429.0,15706.5,160.881,316.597,3.2429,51.2214,0.350703,1.010336,OUT,25098.43169,25101.67631,0.953513,13486157.0,187735381.0
25488,10.6716,LD2,-3.642,16.755,-3.632,10.31,PI-SIDIS,0.25,3.3,0.5,2.0,52.143,28.919,54.56,30.26,54.597,30.281,54.621,30.294,54.52,30.238,0.9992,0.9956,0.9817,0.9728,-1.0,-1.0,-1.0,-1.0,-1.0,1.0,0.99939,0.999568,25885.0,16500.0,165.678,311.314,3.12593,51.2569,0.348617,1.01057,OUT,26814.89146,26814.95954,0.951421,14392512.0,201381863.0
25489,10.6716,LD2,-3.642,16.755,-3.632,10.31,PI-SIDIS,0.25,3.3,0.5,2.0,28.591,14.379,29.984,15.079,29.803,14.988,29.817,14.995,29.787,14.98,0.9994,0.996,0.9852,0.9787,-1.0,-1.0,-1.0,-1.0,-1.0,1.0,0.99987,0.999784,12271.0,9520.0,112.825,324.65,3.84754,51.2793,0.337172,1.005267,OUT,14740.81848,14740.93452,0.957916,7941143.0,102240157.0
25490,10.6716,LD2,-3.642,16.755,-3.632,10.31,PI-SIDIS,0.25,3.3,0.5,2.0,21.384,14.424,22.423,15.125,22.35,15.076,22.368,15.088,22.369,15.089,0.9994,0.9956,0.9848,0.9786,-1.0,-1.0,-1.0,-1.0,-1.0,1.0,0.99985,0.999785,9110.0,7079.17,97.2033,322.856,4.4331,51.2584,0.330891,1.005283,OUT,11015.26185,11015.17115,0.959579,5940409.0,76391712.0
25491,10.6716,LH2,-3.642,16.755,-3.632,10.31,PI-SIDIS,0.25,3.3,0.5,2.0,87.016,48.526,91.027,50.763,91.512,51.033,91.547,51.053,91.581,51.072,0.9992,0.995,0.9829,0.9741,-1.0,-1.0,-1.0,-1.0,-1.0,1.0,0.99969,0.999679,19254.0,13157.3,142.373,148.551,1.60745,51.2398,0.344793,1.014655,OUT,44739.68538,44742.73462,0.955049,12768109.0,166597564.0
25492,10.6716,LH2,-3.642,16.755,-3.632,10.31,PI-SIDIS,0.25,3.3,0.5,2.0,84.27,47.699,88.157,49.899,88.742,50.23,88.766,50.244,88.768,50.245,0.9993,0.9948,0.9822,0.9739,-1.0,-1.0,-1.0,-1.0,-1.0,1.0,0.99968,0.999681,18316.0,12423.3,138.918,144.847,1.61968,51.2371,0.347227,1.014389,OUT,43326.7652,43326.6678,0.955064,12371752.0,161584774.0
25493,10.6716,LH2,-3.642,16.755,-3.632,10.31,PI-SIDIS,0.25,3.3,0.5,2.0,79.382,48.459,83.043,50.694,83.691,51.089,83.701,51.095,83.748,51.124,0.9993,0.9951,0.9821,0.9739,-1.0,-1.0,-1.0,-1.0,-1.0,1.0,0.99971,0.999679,17595.0,11998.2,136.117,148.501,1.68471,51.2358,0.345201,1.014583,OUT,40808.29053,40807.01447,0.955549,11651937.0,152789717.0
25494,10.6716,LH2,-3.642,16.755,-3.632,10.31,PI-SIDIS,0.25,3.3,0.5,2.0,67.669,44.955,70.786,47.026,71.383,47.422,71.395,47.43,71.385,47.424,0.9992,0.9954,0.9834,0.9745,-1.0,-1.0,-1.0,-1.0,-1.0,1.0,0.9997,0.999688,14681.0,10084.0,124.287,146.347,1.80374,51.2297,0.350844,1.013911,OUT,34766.66654,34766.25346,0.955624,9930777.0,129262045.0
25495,10.6716,LH2,-3.642,16.755,-3.632,10.31,PI-SIDIS,0.25,3.3,0.5,2.0,91.753,47.504,95.981,49.693,96.764,50.098,96.772,50.102,96.754,50.093,0.9994,0.9951,0.9831,0.9747,-1.0,-1.0,-1.0,-1.0,-1.0,1.0,0.99968,0.999682,20059.0,13683.2,145.333,146.396,1.55492,51.2345,0.347378,1.014272,OUT,47248.66157,47246.82243,0.955807,13476346.0,176310497.0
25496,10.6716,LH2,-3.642,16.755,-3.632,10.31,PI-SIDIS,0.25,3.3,0.5,2.0,41.767,23.727,43.725,24.84,43.574,24.754,43.584,24.76,43.53,24.729,0.9994,0.9957,0.9862,0.9791,-1.0,-1.0,-1.0,-1.0,-1.0,1.0,0.99994,0.999841,7960.0,6421.17,90.6448,150.088,2.11872,51.2727,0.334498,1.007928,OUT,21489.5378,21488.1572,0.960455,6167654.0,74863616.0
25497,10.6716,LH2,-3.642,16.755,-3.632,10.31,PI-SIDIS,0.25,3.3,0.5,2.0,43.837,23.736,45.883,24.844,45.79,24.794,45.818,24.809,45.828,24.814,0.9993,0.9954,0.9863,0.9785,-1.0,-1.0,-1.0,-1.0,-1.0,1.0,0.99993,0.999841,8389.0,6771.33,93.0517,150.937,2.07418,51.2538,0.328443,1.007932,OUT,22553.85538,22554.56262,0.961255,6468923.0,78606886.0
25498,10.6716,Dummy,-3.642,16.755,-3.632,10.31,PI-SIDIS,0.25,3.3,0.5,2.0,69.227,37.793,72.4,39.525,72.638,39.655,72.686,39.681,72.721,39.7,0.9994,0.9957,0.9856,0.9783,-1.0,-1.0,-1.0,-1.0,-1.0,1.0,0.99989,0.999813,8961.0,6900.83,96.4591,97.4987,1.36283,51.257,0.331123,1.0,OUT,35592.14394,35591.03306,0.959609,7432294.0,103705466.0
25499,10.6716,LD2,-3.642,16.755,-3.632,8.11,PI-SIDIS,0.25,3.3,0.5,-0.2,23.902,13.401,25.075,14.059,25.128,14.089,25.151,14.102,25.15,14.101,0.9994,0.9962,0.9814,0.9731,-1.0,-1.0,-1.0,-1.0,-1.0,1.0,1.0,0.99953,13106.0,7996.17,118.142,327.902,4.84471,51.245,0.351352,1.004911,OUT,12332.06946,12331.53154,0.954262,6647353.0,235805179.0
25500,10.6716,LD2,-3.642,16.755,-3.632,8.11,PI-SIDIS,0.25,3.3,0.5,-0.2,22.355,13.331,23.447,13.982,23.477,14.0,23.499,14.013,23.483,14.004,0.9994,0.9961,0.9804,0.9731,-1.0,-1.0,-1.0,-1.0,-1.0,1.0,0.99975,0.99953,12210.0,7483.17,114.008,328.256,5.00106,51.2563,0.343903,1.004884,OUT,11520.72485,11519.80915,0.953255,6214016.0,220997134.0
25501,10.6716,LD2,-3.642,16.755,-3.632,8.11,PI-SIDIS,0.25,3.3,0.5,-0.2,24.473,13.389,25.665,14.041,25.507,13.954,25.528,13.966,25.483,13.941,0.9994,0.996,0.9813,0.9729,-1.0,-1.0,-1.0,-1.0,-1.0,1.0,0.99975,0.999527,13485.0,8221.0,119.843,329.523,4.80367,51.2997,0.342042,1.004905,OUT,12613.50042,12613.59558,0.951257,6807020.0,241559190.0
25502,10.6716,LD2,-3.642,16.755,-3.632,8.11,PI-SIDIS,0.25,3.3,0.5,-0.2,24.534,13.435,25.724,14.088,25.615,14.027,25.642,14.042,25.633,14.037,0.9994,0.9963,0.9813,0.9733,-1.0,-1.0,-1.0,-1.0,-1.0,1.0,0.99975,0.999528,13544.0,8306.0,120.071,332.03,4.7998,51.2704,0.342561,1.004921,OUT,12644.93157,12643.96143,0.952143,6817707.0,241348065.0
25503,10.6716,LD2,-3.642,16.755,-3.632,8.11,PI-SIDIS,0.25,3.3,0.5,-0.2,23.899,13.367,25.067,14.021,25.057,14.015,25.083,14.029,25.09,14.033,0.9994,0.9958,0.9814,0.972,-1.0,-1.0,-1.0,-1.0,-1.0,1.0,0.99973,0.999529,13082.0,8003.33,118.019,328.76,4.84797,51.2529,0.346434,1.004898,OUT,12318.7783,12318.1497,0.953132,6643706.0,235355220.0
25504,10.6716,LD2,-3.642,16.755,-3.632,8.11,PI-SIDIS,0.25,3.3,0.5,-0.2,11.978,6.697,12.637,7.066,12.62,7.056,12.645,7.07,12.649,7.072,0.9995,0.9962,0.9876,0.9779,-1.0,-1.0,-1.0,-1.0,-1.0,1.0,0.99996,0.999765,5514.0,4175.33,75.7437,338.057,6.1326,51.2594,0.337325,1.002468,OUT,6211.62908,6211.48192,0.961759,3356006.0,110263837.0
25505,10.6716,LD2,-3.642,16.755,-3.632,8.11,PI-SIDIS,0.25,3.3,0.5,-0.2,12.035,6.702,12.698,7.072,12.61,7.023,12.635,7.036,12.608,7.022,0.9996,0.9963,0.9854,0.9773,-1.0,-1.0,-1.0,-1.0,-1.0,1.0,0.99992,0.999765,5528.0,4185.0,75.8408,337.395,6.1143,51.2924,0.329652,1.00247,OUT,6241.48532,6241.13768,0.960217,3373557.0,110819093.0
25506,10.6716,LH2,-3.642,16.755,-3.632,8.11,PI-SIDIS,0.25,3.3,0.5,-0.2,51.643,28.311,54.005,29.606,53.759,29.471,53.797,29.492,53.734,29.457,0.9994,0.9949,0.9812,0.97,-1.0,-1.0,-1.0,-1.0,-1.0,1.0,0.99974,0.999546,13609.0,8185.83,120.469,156.398,2.30168,51.2832,0.342157,1.009469,OUT,26540.921,26541.118,0.950933,7606212.0,261300555.0
25507,10.6716,LH2,-3.642,16.755,-3.632,8.11,PI-SIDIS,0.25,3.3,0.5,-0.2,58.408,28.916,61.062,30.23,61.089,30.243,61.144,30.27,61.115,30.256,0.9993,0.9948,0.9804,0.971,-1.0,-1.0,-1.0,-1.0,-1.0,1.0,0.99975,0.999544,15339.0,9203.0,127.913,155.365,2.15942,51.2523,0.351009,1.009355,OUT,30019.36118,30016.80782,0.953072,8598506.0,297165262.0
25508,10.6716,LH2,-3.642,16.755,-3.632,8.11,PI-SIDIS,0.25,3.3,0.5,-0.2,51.675,28.901,54.028,30.217,54.209,30.318,54.245,30.338,54.232,30.331,0.9994,0.995,0.9804,0.9707,-1.0,-1.0,-1.0,-1.0,-1.0,1.0,0.99978,0.999544,13471.0,8015.67,119.918,152.964,2.28841,51.2462,0.34734,1.009197,OUT,26552.62858,26551.62042,0.953335,7613908.0,263640461.0
25509,10.6716,LH2,-3.642,16.755,-3.632,8.11,PI-SIDIS,0.25,3.3,0.5,-0.2,51.25,28.906,53.58,30.22,53.483,30.165,53.51,30.18,53.364,30.098,0.9994,0.9954,0.9807,0.9701,-1.0,-1.0,-1.0,-1.0,-1.0,1.0,0.99974,0.999543,13228.0,7789.0,118.889,149.981,2.28925,51.279,0.347783,1.009475,OUT,26334.00801,26332.47899,0.95194,7550720.0,260484310.0
25510,10.6716,LH2,-3.642,16.755,-3.632,8.11,PI-SIDIS,0.25,3.3,0.5,-0.2,18.043,27.612,18.868,28.874,18.751,28.694,18.759,28.708,18.714,28.638,0.9995,0.9953,0.98,0.9708,-1.0,-1.0,-1.0,-1.0,-1.0,1.0,0.99974,0.999549,4745.0,2885.67,71.0977,157.659,3.88445,51.3038,0.346566,1.009286,OUT,9233.61181,9233.60619,0.948737,2656877.0,91647126.0
25511,10.6716,LH2,-3.642,16.755,-3.632,8.11,PI-SIDIS,0.25,3.3,0.5,-0.2,32.551,28.796,34.011,30.088,33.92,30.008,33.952,30.036,33.939,30.024,0.9994,0.9954,0.9804,0.9712,-1.0,-1.0,-1.0,-1.0,-1.0,1.0,0.99977,0.999544,8485.0,5007.67,95.208,151.728,2.88473,51.2576,0.354538,1.009394,OUT,16693.86403,16692.27997,0.951997,4792189.0,165286697.0
25512,10.6716,LH2,-3.642,16.755,-3.632,8.11,PI-SIDIS,0.25,3.3,0.5,-0.2,25.866,14.348,27.096,15.03,27.09,15.027,27.112,15.039,27.113,15.039,0.9997,0.9955,0.9856,0.9761,-1.0,-1.0,-1.0,-1.0,-1.0,1.0,0.99994,0.999773,5681.0,4220.17,76.9706,159.619,2.91126,51.2582,0.340106,1.004863,OUT,13317.26633,13317.55167,0.961021,3832541.0,122489750.0
25513,10.6716,LH2,-3.642,16.755,-3.632,8.11,PI-SIDIS,0.25,3.3,0.5,-0.2,25.573,14.505,26.787,15.193,26.815,15.209,26.832,15.219,26.813,15.208,0.9994,0.9962,0.9864,0.9791,-1.0,-1.0,-1.0,-1.0,-1.0,1.0,0.99994,0.999773,5633.0,4191.83,76.6368,159.933,2.92397,51.2535,0.339356,1.005056,OUT,13163.88447,13163.59553,0.961532,3785523.0,121093036.0
25514,10.6716,Dummy,-3.642,16.755,-3.632,8.11,PI-SIDIS,0.25,3.3,0.5,-0.2,33.123,19.202,34.653,20.089,34.475,19.986,34.481,19.989,34.432,19.961,0.9994,0.9959,0.9862,0.9771,-1.0,-1.0,-1.0,-1.0,-1.0,1.0,0.9999,0.999761,4790.0,3513.67,70.7299,103.845,2.0904,51.2984,0.327351,1.0,OUT,17029.54427,17029.27773,0.955488,3568146.0,130180303.0
25515,10.6716,LD2,-3.642,16.755,-3.632,8.11,PI-SIDIS,0.25,3.3,0.5,-0.2,2.87,10.507,3.012,11.026,2.996,10.965,3.001,10.983,2.998,10.973,0.9991,0.9963,0.9828,0.9746,-1.0,-1.0,-1.0,-1.0,-1.0,1.0,0.99976,0.999603,1550.0,1031.17,40.4533,351.675,13.7964,51.2812,0.328876,1.003851,OUT,1467.2353,1467.2437,0.953204,798488.0,27437702.0
25516,10.6716,LD2,-3.642,16.755,-3.632,8.11,PI-SIDIS,0.25,3.3,0.5,-0.2,-999,-999,-999,-999,-999,-999,-999,-999,-999,-999,-999,-999,-999,-999,-999,-999,-999,-999,-999,-999,-999,-999,-999,-999,-999,-999,-999,-999,-999,-999,OUT,-999,-999,0.9548,-999,-999
25517,10.6716,LD2,-3.642,16.755,-3.632,8.11,PI-SIDIS,0.25,3.3,0.5,-0.2,20.718,12.451,21.705,13.045,21.522,12.935,21.549,12.951,21.525,12.936,0.9994,0.9963,0.9829,0.9739,-1.0,-1.0,-1.0,-1.0,-1.0,1.0,0.99978,0.999561,11153.0,7055.17,108.793,334.033,5.15091,51.2824,0.340445,1.004557,OUT,10665.9183,10665.2357,0.951946,5748969.0,187643532.0
25518,10.6716,LD2,-3.642,16.755,-3.632,8.11,PI-SIDIS,0.25,3.3,0.5,-0.2,23.142,12.642,24.228,13.235,24.162,13.199,24.192,13.215,24.205,13.222,0.9995,0.9961,0.9826,0.9732,-1.0,-1.0,-1.0,-1.0,-1.0,1.0,0.99978,0.99956,12475.0,7839.0,115.099,332.702,4.885,51.2583,0.337049,1.004623,OUT,11908.08476,11909.59724,0.954583,6420132.0,209790857.0
25519,10.6716,LD2,-3.642,16.755,-3.632,8.11,PI-SIDIS,0.25,3.3,0.5,-0.2,21.774,12.455,22.804,13.045,22.837,13.063,22.861,13.077,22.879,13.087,0.9994,0.9958,0.9815,0.9738,-1.0,-1.0,-1.0,-1.0,-1.0,1.0,0.99996,0.999562,11482.0,7179.33,110.45,323.506,4.97694,51.2449,0.340813,1.004557,OUT,11208.72147,11210.35853,0.955105,6042753.0,210341383.0
25520,10.6716,LD2,-3.642,16.755,-3.632,8.11,PI-SIDIS,0.25,3.3,0.5,-0.2,23.708,12.476,24.836,13.069,24.747,13.022,24.774,13.036,24.736,13.017,0.9995,0.9961,0.9823,0.9737,-1.0,-1.0,-1.0,-1.0,-1.0,1.0,0.99981,0.999561,12775.0,8086.5,116.432,334.623,4.818,51.2968,0.341689,1.004565,OUT,12209.14001,12209.20199,0.953102,6584606.0,229403248.0
25521,10.6716,Optics1,-6.358,16.755,-6.358,13.505,OPTICS,-999,-999,-999,-999,69940.676,44.332,73049.978,46.303,73132.582,46.355,73164.48,46.376,73024.03,46.287,0.9993,0.831,-999,-999,-1.0,1.0,-1.0,1.0,-1.0,-1.0,1.0,0.999958,-999,-999,-999,-999,-999,-999,-999,1.0,OUT,-999,-999,-999,122234.0,241724.0
25522,10.6716,Optics1,-6.358,16.755,-6.358,13.505,OPTICS,-999,-999,-999,-999,77712.7,44.004,81171.091,45.962,81553.192,46.178,81581.378,46.194,81492.943,46.144,0.9992,0.7992,-999,-999,-1.0,1.0,-1.0,1.0,-1.0,-1.0,1.0,0.999957,-999,-999,-999,-999,-999,-999,-999,1.0,OUT,-999,-999,-999,136171.0,267297.0
25523,10.6716,C,-6.358,16.755,-6.358,13.505,OPTICS,-999,-999,-999,-999,74618.298,45.623,78002.292,47.692,78661.286,48.095,78669.431,48.1,78577.911,48.044,0.9992,0.8698,-999,-999,-1.0,2.0,-1.0,2.0,-1.0,-1.0,1.0,0.999426,-999,-999,-999,-999,-999,-999,-999,1.0,OUT,-999,-999,-999,993600.0,2030762.0
25524,10.6716,C,-6.358,16.755,-6.358,13.505,OPTICS,-999,-999,-999,-999,85926.95,51.494,89819.323,53.826,90702.112,54.356,90706.369,54.358,90569.808,54.276,0.9993,0.872,-999,-999,-1.0,2.0,-1.0,2.0,-1.0,-1.0,1.0,0.999404,-999,-999,-999,-999,-999,-999,-999,1.0,OUT,-999,-999,-999,1143475.0,2335276.0
25525,10.6716,C,-5.983,16.755,-5.983,13.505,OPTICS,-999,-999,-999,-999,95667.734,55.149,99823.833,57.545,99997.009,57.645,99993.209,57.643,99689.505,57.468,0.9992,0.9269,-999,-999,-1.0,2.0,-1.0,2.0,-1.0,-1.0,0.77761,0.999211,-999,-999,-999,-999,-999,-999,-999,1.0,OUT,-999,-999,-999,1758928.0,2964827.0
25526,10.6716,C,-5.983,16.755,-5.983,13.505,OPTICS,-999,-999,-999,-999,86488.768,51.789,90202.799,54.013,90286.75,54.063,90306.069,54.074,90147.304,53.979,0.9992,0.928,-999,-999,-1.0,2.0,-1.0,2.0,-1.0,-1.0,1.0,0.999225,-999,-999,-999,-999,-999,-999,-999,1.0,OUT,-999,-999,-999,1591152.0,2678427.0
25527,10.6716,Optics1,-5.983,16.755,-5.983,13.505,OPTICS,-999,-999,-999,-999,88795.604,47.163,92472.12,49.116,92867.604,49.326,92903.499,49.345,92731.61,49.254,0.9994,0.8985,-999,-999,-1.0,1.0,-1.0,1.0,-1.0,-1.0,1.0,0.999944,-999,-999,-999,-999,-999,-999,-999,1.0,OUT,-999,-999,-999,198641.0,341944.0
25528,10.6716,Optics1,-5.983,16.755,-5.983,13.505,OPTICS,-999,-999,-999,-999,78468.323,46.23,81813.028,48.201,82314.107,48.496,82351.931,48.518,82189.855,48.423,0.9992,0.9129,-999,-999,-1.0,1.0,-1.0,1.0,-1.0,-1.0,1.0,0.999932,-999,-999,-999,-999,-999,-999,-999,1.0,OUT,-999,-999,-999,175797.0,303092.0
25529,10.6716,Optics1,-5.27,16.755,-5.27,13.505,OPTICS,-999,-999,-999,-999,81798.012,47.058,85367.101,49.111,86085.202,49.524,86107.538,49.537,85934.405,49.438,0.9992,0.9883,-999,-999,-1.0,1.0,-1.0,1.0,-1.0,-1.0,1.0,0.999901,-999,-999,-999,-999,-999,-999,-999,1.0,OUT,-999,-999,-999,249089.0,373647.0
25530,10.6716,Optics1,-5.27,16.755,-5.27,13.505,OPTICS,-999,-999,-999,-999,85158.085,47.762,88907.876,49.866,89733.529,50.329,89749.668,50.338,89577.383,50.241,0.9994,0.986,-999,-999,-1.0,1.0,-1.0,1.0,-1.0,-1.0,1.0,0.999898,-999,-999,-999,-999,-999,-999,-999,1.0,OUT,-999,-999,-999,258876.0,388853.0
25532,10.6716,LH2,-3.642,16.755,-3.632,8.11,PI-SIDIS,0.25,3.3,0.5,-0.2,50.351,28.611,52.586,29.881,52.512,29.839,52.561,29.867,52.499,29.832,0.9994,0.9948,0.9809,0.9707,-1.0,-1.0,-1.0,-1.0,-1.0,1.0,0.99976,0.999544,13154.0,7858.17,118.476,154.075,2.32296,51.2496,0.345897,1.009583,OUT,25838.65271,25839.20129,0.951736,7368380.0,232999635.0
25533,10.6716,LH2,-3.642,16.755,-3.632,8.11,PI-SIDIS,0.25,3.3,0.5,-0.2,29.318,28.661,30.626,29.939,30.651,29.964,30.679,29.992,30.657,29.97,0.9993,0.9953,0.9806,0.9706,-1.0,-1.0,-1.0,-1.0,-1.0,1.0,0.99978,0.999544,7664.0,4589.0,90.424,154.52,3.04475,51.2565,0.346564,1.009566,OUT,15025.27365,15025.48435,0.953204,4295386.0,147031637.0
25534,10.6716,LH2,-3.642,16.755,-3.632,8.11,PI-SIDIS,0.25,3.3,0.5,-0.2,38.584,28.076,40.311,29.333,40.479,29.456,40.502,29.473,40.457,29.44,0.9994,0.9952,0.9797,0.9712,-1.0,-1.0,-1.0,-1.0,-1.0,1.0,0.99975,0.999548,10086.0,6078.83,103.701,155.402,2.65105,51.2318,0.348232,1.00888,OUT,19795.44497,19796.00603,0.953607,5653626.0,193899201.0
25536,10.6716,LH2,-3.642,16.755,-3.632,8.11,PI-SIDIS,0.25,3.3,0.5,-0.2,12.863,27.008,13.44,28.221,13.458,28.259,13.463,28.269,13.429,28.197,0.9995,0.9953,0.9799,0.9713,-1.0,-1.0,-1.0,-1.0,-1.0,1.0,0.99969,0.999553,3343.0,1999.83,59.7232,153.319,4.57872,51.2622,0.344879,1.00861,OUT,6618.44084,6619.48216,0.952914,1883936.0,64612072.0
25538,10.6716,LH2,-3.642,16.755,-3.632,8.11,PI-SIDIS,0.25,3.3,0.5,-0.2,47.564,26.743,49.683,27.935,49.826,28.015,49.851,28.029,49.756,27.975,0.9995,0.9953,0.9806,0.9715,-1.0,-1.0,-1.0,-1.0,-1.0,1.0,0.99975,0.999554,12218.0,7342.0,114.152,152.226,2.36678,51.2332,0.348213,1.010225,OUT,24412.5529,24410.1981,0.953496,6961994.0,219478971.0
25539,10.6716,LH2,-3.642,16.755,3.632,8.11,PI+SIDIS,0.25,3.3,0.5,-0.2,33.127,21.243,34.601,22.189,34.563,22.164,34.575,22.172,34.57,22.169,0.9994,0.995,0.9759,0.966,-1.0,-1.0,-1.0,-1.0,-1.0,1.0,0.99982,0.999548,13172.0,9722.17,117.247,291.097,3.51058,51.2579,0.349908,1.008139,OUT,16999.0069,17001.4581,0.958296,4864081.0,16070892.0
25540,10.6716,LH2,-3.642,16.755,3.632,8.11,PI+SIDIS,0.25,3.3,0.5,-0.2,36.084,20.736,37.698,21.664,37.775,21.708,37.787,21.715,37.765,21.702,0.9994,0.9952,0.9775,0.9662,-1.0,-1.0,-1.0,-1.0,-1.0,1.0,0.99979,0.999552,14466.0,10712.8,122.848,294.355,3.37546,51.2409,0.342993,1.007988,OUT,18525.66419,18523.74181,0.959108,5299942.0,17439905.0
25541,10.6716,LH2,-3.642,16.755,3.632,8.11,PI+SIDIS,0.25,3.3,0.5,-0.2,33.103,20.511,34.575,21.423,34.607,21.443,34.608,21.444,34.555,21.411,0.9994,0.9954,0.9784,0.9664,-1.0,-1.0,-1.0,-1.0,-1.0,1.0,0.99984,0.999553,13242.0,9789.5,117.548,293.205,3.52067,51.2539,0.343474,1.007964,OUT,16987.59612,16987.00488,0.958132,4856378.0,15985821.0
25542,10.6716,LH2,-3.642,16.755,3.632,8.11,PI+SIDIS,0.25,3.3,0.5,-0.2,37.91,21.278,39.594,22.222,39.341,22.081,39.348,22.085,39.262,22.037,0.9995,0.9954,0.9788,0.9667,-1.0,-1.0,-1.0,-1.0,-1.0,1.0,0.99983,0.999547,15070.0,11080.7,125.439,289.693,3.27947,51.2998,0.347236,1.008304,OUT,19458.0817,19457.8823,0.956867,5564807.0,18398333.0
25543,10.6716,LH2,-3.642,16.755,3.632,8.11,PI+SIDIS,0.25,3.3,0.5,-0.2,36.77,20.933,38.394,21.858,38.245,21.773,38.261,21.782,38.26,21.781,0.9995,0.995,0.9781,0.9667,-1.0,-1.0,-1.0,-1.0,-1.0,1.0,0.9998,0.99955,14632.0,10751.8,123.607,289.888,3.33266,51.2729,0.344106,1.008215,OUT,18867.09139,18869.11061,0.958015,5392361.0,17860065.0
25544,10.6716,LH2,-3.642,16.755,3.632,8.11,PI+SIDIS,0.25,3.3,0.5,-0.2,35.427,21.136,36.986,22.066,37.034,22.094,37.049,22.103,37.041,22.098,0.9994,0.995,0.9797,0.9671,-1.0,-1.0,-1.0,-1.0,-1.0,1.0,1.0,0.999549,14069.0,10354.2,121.195,289.646,3.39028,51.2411,0.351015,1.008247,OUT,18191.23452,18190.36648,0.959315,5194807.0,17267660.0
25545,10.6716,LH2,-3.642,16.755,3.632,8.11,PI+SIDIS,0.25,3.3,0.5,-0.2,29.051,19.832,30.333,20.708,30.368,20.732,30.372,20.734,30.32,20.699,0.9996,0.9951,0.9792,0.9667,-1.0,-1.0,-1.0,-1.0,-1.0,1.0,0.99976,0.999558,11545.0,8552.5,109.744,291.853,3.745,51.2571,0.345603,1.00781,OUT,14896.81923,14896.08777,0.959361,4260272.0,14026751.0
25546,10.6716,Dummy,-3.642,16.755,3.632,8.11,PI+SIDIS,0.25,3.3,0.5,-0.2,57.37,27.717,59.841,28.911,59.508,28.75,59.548,28.769,59.427,28.711,0.9994,0.9958,0.9761,0.9666,-1.0,-1.0,-1.0,-1.0,-1.0,1.0,0.99979,0.999564,12794.0,9031.83,115.849,156.273,2.00447,51.2894,0.349047,1.0,OUT,29412.37113,29410.13287,0.953911,6123027.0,20580362.0
25547,10.6716,LH2,-3.642,16.755,3.632,8.11,PI+SIDIS,0.25,3.3,0.5,-0.2,38.703,21.298,40.384,22.223,40.427,22.247,40.443,22.255,40.437,22.252,0.9995,0.9951,0.979,0.9667,-1.0,-1.0,-1.0,-1.0,-1.0,1.0,0.99982,0.999548,15481.0,11424.8,127.11,292.849,3.25817,51.2403,0.353031,1.008353,OUT,19849.25214,19849.11986,0.959043,5675305.0,18839575.0
25548,10.6716,LH2,-3.642,16.755,3.632,8.11,PI+SIDIS,0.25,3.3,0.5,-0.2,19.894,21.049,20.763,21.968,20.823,22.031,20.827,22.036,20.817,22.025,0.9993,0.9951,0.9789,0.9668,-1.0,-1.0,-1.0,-1.0,-1.0,1.0,0.99981,0.99955,7953.0,5878.33,91.0976,293.098,4.54219,51.2432,0.348307,1.008239,OUT,10184.18283,10184.42617,-999,2916231.0,9693060.0
25550,2.231,LH2,-2.257,19.0,-2.36,18.5,HMSHEE,-999,-999,-999,-999,5769.499,9.676,5970.595,10.013,5922.032,9.931,5927.786,9.941,5903.865,9.901,0.9661,0.5082,-999,-999,-1.0,-1.0,-1.0,5.0,-1.0,-1.0,0.07174,0.997935,-999,-999,-999,372.227,2.12079,-999,-999,1.003267,OUT,-999,-999,-999,6289589.0,19295936.0
25551,2.231,LH2,-2.237,19.0,-2.36,18.5,HMSHEE,-999,-999,-999,-999,4558.622,9.751,4714.644,10.085,4692.102,10.037,4696.288,10.046,4687.443,10.027,0.9646,0.4673,-999,-999,-1.0,-1.0,-1.0,5.0,-1.0,-1.0,0.0055,0.997949,-999,-999,-999,7458.0,38.615,-999,-999,1.003396,OUT,-999,-999,-999,8639324.0,15224483.0
25552,2.231,LH2,-2.218,19.0,-2.36,18.5,HMSHEE,-999,-999,-999,-999,4668.218,9.69,4826.984,10.02,4815.799,9.997,4821.412,10.008,4810.458,9.986,0.9747,0.4603,-999,-999,-1.0,-1.0,-1.0,9.0,-1.0,-1.0,0.00877,0.997948,-999,-999,-999,6299.38,37.0699,-999,-999,1.003642,OUT,-999,-999,-999,11902984.0,15582015.0
25554,2.231,LH2,-2.198,19.0,-2.36,18.5,HMSHEE,-999,-999,-999,-999,4582.36,9.835,4740.663,10.174,4742.539,10.178,4747.425,10.189,4736.67,10.166,0.9913,0.4701,-999,-999,-1.0,-1.0,-1.0,9.0,-1.0,-1.0,0.02799,0.997956,-999,-999,-999,2603.0,13.345,-999,-999,1.003773,OUT,-999,-999,-999,14158637.0,15296092.0
25555,2.231,LH2,-2.178,19.0,-2.36,18.5,HMSHEE,-999,-999,-999,-999,4186.4,9.789,4331.544,10.128,4335.134,10.137,4339.505,10.147,4328.972,10.122,0.9969,0.4599,-999,-999,-1.0,-1.0,-1.0,17.0,-1.0,-1.0,0.20265,0.997953,-999,-999,-999,1710.73,5.76502,-999,-999,1.003726,OUT,-999,-999,-999,14958066.0,13984330.0
25556,2.231,LH2,-2.158,19.0,-2.36,18.5,HMSHEE,-999,-999,-999,-999,5038.633,9.841,5213.641,10.183,5203.046,10.162,5207.986,10.172,5189.539,10.136,0.9984,0.4988,-999,-999,-1.0,-1.0,-1.0,17.0,-1.0,-1.0,0.142,0.997933,-999,-999,-999,9622.32,14.8763,-999,-999,-999,OUT,-999,-999,-999,19937764.0,16829458.0
25557,2.231,LH2,-2.138,19.0,-2.36,18.5,HMSHEE,-999,-999,-999,-999,4561.233,9.839,4716.762,10.175,4694.666,10.127,4698.174,10.135,4676.389,10.088,0.999,0.6201,-999,-999,-1.0,-1.0,-1.0,17.0,-1.0,-1.0,0.14264,0.997927,-999,-999,-999,16945.4,20.7024,-999,-999,1.003728,OUT,-999,-999,-999,19083594.0,15225743.0
25558,2.231,LH2,-1.98,19.0,-2.36,18.5,HMSHEE,-999,-999,-999,-999,4301.157,9.701,4446.429,10.029,4412.109,9.951,4415.465,9.959,4396.909,9.917,0.9995,0.6889,-999,-999,-1.0,-1.0,-1.0,17.0,-1.0,-1.0,0.11466,0.997958,-999,-999,-999,39177.7,36.1529,-999,-999,1.003658,OUT,-999,-999,-999,21713662.0,14341869.0
25560,2.231,Dummy,-1.98,19.0,-2.36,18.5,HMSHEE,-999,-999,-999,-999,5392.353,9.845,5576.896,10.182,5522.676,10.083,5529.554,10.096,5513.653,10.067,0.9996,0.7478,-999,-999,-1.0,-1.0,-1.0,9.0,-1.0,-1.0,0.10835,0.998886,-999,-999,-999,20702.7,17.5632,-999,-999,1.0,OUT,-999,-999,-999,15642705.0,7820329.0
25562,2.231,LH2,-1.822,19.0,-2.36,18.5,HMSHEE,-999,-999,-999,-999,3050.555,9.391,3153.156,9.706,3142.834,9.675,3145.62,9.683,3139.283,9.664,0.9996,0.7641,-999,-999,-1.0,-1.0,-1.0,33.0,-1.0,-1.0,0.15008,0.99798,-999,-999,-999,22911.4,39.979,-999,-999,1.003626,OUT,-999,-999,-999,20858748.0,10175940.0
25563,2.231,LH2,-1.802,19.0,-2.36,18.5,HMSHEE,-999,-999,-999,-999,4821.723,9.871,4981.969,10.199,4972.924,10.18,4978.682,10.192,4965.155,10.164,0.9994,0.822,-999,-999,-1.0,-1.0,-1.0,33.0,-1.0,-1.0,0.33004,0.997967,-999,-999,-999,8577.37,13.1245,-999,-999,1.003816,OUT,-999,-999,-999,33434243.0,16089597.0
25564,2.231,LH2,-1.782,19.0,-2.36,18.5,HMSHEE,-999,-999,-999,-999,4717.505,9.883,4871.466,10.205,4871.866,10.206,4876.485,10.216,4866.855,10.196,0.9993,0.8292,-999,-999,-1.0,-1.0,-1.0,33.0,-1.0,-1.0,0.83303,0.997932,-999,-999,-999,3279.93,5.16632,-999,-999,1.003807,OUT,-999,-999,-999,31990443.0,15731625.0
25565,2.231,LH2,-1.762,19.0,-2.36,18.5,HMSHEE,-999,-999,-999,-999,3862.829,9.624,3990.942,9.944,3994.827,9.953,3997.417,9.96,3987.511,9.935,0.9992,0.8709,-999,-999,-1.0,-1.0,-1.0,33.0,-1.0,-1.0,0.57514,0.997956,-999,-999,-999,4895.35,8.39263,-999,-999,1.003743,OUT,-999,-999,-999,23635882.0,12882812.0
25566,2.231,LH2,-1.742,19.0,-2.36,18.5,HMSHEE,-999,-999,-999,-999,4111.201,9.893,4246.154,10.218,4239.496,10.202,4242.416,10.209,4224.909,10.167,0.9993,0.8553,-999,-999,-1.0,-1.0,-1.0,33.0,-1.0,-1.0,0.95175,0.997962,-999,-999,-999,3054.71,4.99613,-999,-999,1.003825,OUT,-999,-999,-999,21914777.0,13704057.0
25567,2.231,LH2,-1.723,19.0,-2.36,18.5,HMSHEE,-999,-999,-999,-999,4325.643,9.74,4467.43,10.06,4449.335,10.019,4452.585,10.026,4431.645,9.979,0.9994,0.8987,-999,-999,-1.0,-1.0,-1.0,33.0,-1.0,-1.0,0.66105,0.997961,-999,-999,-999,4535.6,7.12128,-999,-999,1.003766,OUT,-999,-999,-999,20262878.0,14419163.0
25573,2.231,LH2,-1.723,19.0,-2.36,18.5,SHMSHEE,-999,-999,-999,-999,3321.03,9.846,3430.974,10.172,3416.298,10.128,3420.526,10.141,3412.389,10.117,-999,-999,0.9944,0.9411,-1.0,17.0,-1.0,-1.0,-1.0,-1.0,0.9987,0.997927,-999,-999,-999,-701.573,-18.697,-999,-999,1.003797,OUT,-999,-999,-999,15567993.0,11072704.0
25574,2.231,LH2,-1.723,19.0,-2.32,18.5,SHMSHEE,-999,-999,-999,-999,3715.939,9.877,3836.828,10.198,3826.079,10.17,3830.876,10.182,3822.84,10.161,-999,-999,0.9949,0.9506,-1.0,17.0,-1.0,-1.0,-1.0,-1.0,1.0,0.997793,-999,-999,-999,-1864.22,-28.8136,-999,-999,1.003787,OUT,-999,-999,-999,17404872.0,13653276.0
25575,2.231,LH2,-1.723,19.0,-2.28,18.5,SHMSHEE,-999,-999,-999,-999,3917.045,9.884,4044.775,10.206,4040.685,10.196,4045.258,10.207,4039.2,10.192,-999,-999,0.9951,0.9558,-1.0,17.0,-1.0,-1.0,-1.0,-1.0,1.0,0.997679,-999,-999,-999,-4480.45,-43.5015,-999,-999,1.003792,OUT,-999,-999,-999,18343932.0,15120220.0
25576,2.231,LH2,-1.723,19.0,-2.24,18.5,SHMSHEE,-999,-999,-999,-999,4237.81,9.866,4375.024,10.185,4375.73,10.187,4380.09,10.197,4375.394,10.186,-999,-999,0.9953,0.9541,-1.0,17.0,-1.0,-1.0,-1.0,-1.0,0.99874,0.997584,-999,-999,-999,-62551.3,-156.27,-999,-999,1.003792,OUT,-999,-999,-999,19849596.0,17090903.0
25577,2.231,LH2,-1.723,19.0,-2.2,18.5,SHMSHEE,-999,-999,-999,-999,3998.73,9.868,4127.664,10.186,4125.149,10.18,4128.666,10.189,4119.981,10.167,-999,-999,0.9954,0.9613,-1.0,17.0,-1.0,-1.0,-1.0,-1.0,0.99938,0.997469,-999,-999,-999,-251599.0,-322.647,-999,-999,1.003796,OUT,-999,-999,-999,18732020.0,16971926.0
25578,2.231,LH2,-1.723,19.0,-2.0,18.5,SHMSHEE,-999,-999,-999,-999,3608.406,9.794,3726.044,10.113,3718.574,10.093,3721.743,10.102,3712.862,10.078,-999,-999,0.996,0.962,-1.0,17.0,-1.0,-1.0,-1.0,-1.0,0.99821,0.996853,-999,-999,-999,-370518.0,-411.979,-999,-999,1.003779,OUT,-999,-999,-999,16908285.0,20034441.0
25579,2.231,Dummy,-1.723,19.0,-2.0,18.5,SHMSHEE,-999,-999,-999,-999,4491.18,9.866,4634.486,10.181,4602.635,10.111,4607.158,10.121,4589.645,10.083,-999,-999,0.9939,0.9607,-1.0,17.0,-1.0,-1.0,-1.0,-1.0,0.99865,0.997938,-999,-999,-999,-217195.0,-283.125,-999,-999,1.0,OUT,-999,-999,-999,16519155.0,15544300.0
25580,2.231,LH2,-1.723,19.0,-1.64,18.5,SHMSHEE,-999,-999,-999,-999,3283.445,9.898,3387.789,10.213,3359.151,10.126,3362.53,10.136,3350.632,10.1,-999,-999,0.9924,0.9768,-1.0,17.0,-1.0,-1.0,-1.0,-1.0,1.0,0.996328,-999,-999,-999,-372365.0,-433.918,-999,-999,1.003831,OUT,-999,-999,-999,15393645.0,19686341.0
25581,2.231,LH2,-1.723,19.0,-1.6,18.5,SHMSHEE,-999,-999,-999,-999,3928.59,9.69,4055.253,10.002,4019.109,9.913,4023.153,9.923,4006.612,9.882,-999,-999,0.9925,0.9777,-1.0,33.0,-1.0,-1.0,-1.0,-1.0,1.0,0.996331,-999,-999,-999,-330244.0,-520.355,-999,-999,1.00375,OUT,-999,-999,-999,18408021.0,23318707.0
25582,2.231,LH2,-1.723,19.0,-1.56,18.5,SHMSHEE,-999,-999,-999,-999,4923.54,9.733,5080.25,10.043,5043.006,9.97,5047.61,9.979,5032.124,9.948,-999,-999,0.9929,0.9574,-1.0,33.0,-1.0,-1.0,-1.0,-1.0,1.0,0.996278,-999,-999,-999,-328789.0,-463.789,-999,-999,1.00377,OUT,-999,-999,-999,23044588.0,28772252.0
25583,2.231,LH2,-1.723,19.0,-1.52,18.5,SHMSHEE,-999,-999,-999,-999,4744.17,9.882,4893.082,10.193,4868.715,10.142,4873.713,10.152,4861.628,10.127,-999,-999,0.9933,0.898,-1.0,33.0,-1.0,-1.0,-1.0,-1.0,0.99922,0.996256,-999,-999,-999,-330137.0,-473.448,-999,-999,1.003832,OUT,-999,-999,-999,22203306.0,26327412.0
25584,2.231,LH2,-1.723,19.0,-1.48,18.5,SHMSHEE,-999,-999,-999,-999,4329.624,9.906,4464.008,10.214,4451.108,10.184,4455.349,10.194,4446.304,10.173,-999,-999,0.9933,0.8699,-1.0,33.0,-1.0,-1.0,-1.0,-1.0,1.0,0.99624,-999,-999,-999,-331090.0,-496.395,-999,-999,1.003825,OUT,-999,-999,-999,20246342.0,22267542.0
25585,2.231,LH2,-1.723,19.0,-1.44,18.5,SHMSHEE,-999,-999,-999,-999,3090.274,9.889,3187.214,10.199,3183.141,10.186,3186.064,10.196,3180.062,10.176,-999,-999,0.9934,0.8923,-1.0,17.0,-1.0,-1.0,-1.0,-1.0,1.0,0.996341,-999,-999,-999,-320545.0,-414.86,-999,-999,1.003808,OUT,-999,-999,-999,14457944.0,14632302.0
25586,2.231,LH2,-1.723,19.0,-1.4,18.5,SHMSHEE,-999,-999,-999,-999,3342.269,9.884,3445.469,10.189,3444.423,10.186,3448.329,10.197,3440.695,10.175,-999,-999,0.9937,0.9221,-1.0,17.0,-1.0,-1.0,-1.0,-1.0,0.99837,0.996364,-999,-999,-999,-294924.0,-382.673,-999,-999,1.003809,OUT,-999,-999,-999,15619565.0,14969171.0
25587,2.231,LH2,-1.723,19.0,-1.36,18.5,SHMSHEE,-999,-999,-999,-999,2898.499,9.878,2989.129,10.187,2991.493,10.195,2994.691,10.206,2988.352,10.185,-999,-999,0.9935,0.938,-1.0,17.0,-1.0,-1.0,-1.0,-1.0,0.99842,0.996377,-999,-999,-999,-272816.0,-395.187,-999,-999,1.003815,OUT,-999,-999,-999,13557246.0,12425146.0
25588,2.231,LH2,-1.723,19.0,-1.32,18.5,SHMSHEE,-999,-999,-999,-999,3379.018,9.881,3485.58,10.193,3487.424,10.198,3491.341,10.209,3484.293,10.189,-999,-999,0.9929,0.9429,-1.0,17.0,-1.0,-1.0,-1.0,-1.0,0.99851,0.996438,-999,-999,-999,-260129.0,-357.461,-999,-999,1.003804,OUT,-999,-999,-999,15809223.0,13753566.0
25589,2.231,LH2,-1.723,19.0,-1.28,18.5,SHMSHEE,-999,-999,-999,-999,3542.824,9.888,3653.178,10.196,3648.789,10.184,3652.716,10.195,3643.118,10.168,-999,-999,0.993,0.9343,-1.0,17.0,-1.0,-1.0,-1.0,-1.0,0.99856,0.996463,-999,-999,-999,-250871.0,-342.878,-999,-999,1.003801,OUT,-999,-999,-999,16572684.0,13484334.0
25590,2.231,LH2,-1.723,19.0,-2.34,18.5,SHMSHEE,-999,-999,-999,-999,2526.651,9.605,2606.126,9.908,2587.979,9.839,2589.963,9.846,2578.183,9.801,-999,-999,0.9943,0.9497,-1.0,1.0,-1.0,-1.0,-1.0,-1.0,0.9927,0.999869,-999,-999,-999,-66.5696,-1.60281,-999,-999,1.003686,OUT,-999,-999,-999,11820781.0,510768.0
25591,2.231,LH2,-1.723,19.0,-2.3,18.5,SHMSHEE,-999,-999,-999,-999,3371.035,9.851,3475.29,10.156,3446.468,10.072,3449.764,10.081,3433.623,10.034,-999,-999,0.9943,0.9563,-1.0,1.0,-1.0,-1.0,-1.0,-1.0,0.99391,0.999861,-999,-999,-999,-160.325,-2.154,-999,-999,1.003783,OUT,-999,-999,-999,15768076.0,726775.0
25592,2.231,LH2,-1.723,19.0,-2.26,18.5,SHMSHEE,-999,-999,-999,-999,3621.55,9.918,3733.297,10.224,3698.516,10.129,3702.344,10.139,3686.728,10.097,-999,-999,0.9953,0.9618,-1.0,1.0,-1.0,-1.0,-1.0,-1.0,0.99632,0.999859,-999,-999,-999,-675.449,-4.26357,-999,-999,1.003811,OUT,-999,-999,-999,16928074.0,815470.0
25593,2.231,LH2,-1.723,19.0,-2.22,18.5,SHMSHEE,-999,-999,-999,-999,2945.779,9.655,3037.84,9.956,3006.49,9.854,3009.656,9.864,2997.995,9.826,-999,-999,0.9953,0.9607,-1.0,1.0,-1.0,-1.0,-1.0,-1.0,0.9932,0.999859,-999,-999,-999,-9459.8,-17.6881,-999,-999,1.003704,OUT,-999,-999,-999,13784702.0,693702.0
25594,2.231,LH2,-1.723,19.0,-2.18,18.5,SHMSHEE,-999,-999,-999,-999,3477.369,9.866,3585.325,10.173,3547.991,10.067,3551.995,10.078,3537.218,10.036,-999,-999,0.9961,0.963,-1.0,1.0,-1.0,-1.0,-1.0,-1.0,0.9935,0.999856,-999,-999,-999,-17132.0,-21.9022,-999,-999,1.003795,OUT,-999,-999,-999,16260345.0,866214.0
25595,2.231,LH2,-1.723,19.0,-2.14,18.5,SHMSHEE,-999,-999,-999,-999,3488.826,9.739,3599.369,10.047,3568.531,9.961,3572.912,9.974,3561.099,9.941,-999,-999,0.9957,0.9632,-1.0,1.0,-1.0,-1.0,-1.0,-1.0,0.9937,0.999827,-999,-999,-999,-18967.1,-23.005,-999,-999,1.003735,OUT,-999,-999,-999,16331772.0,922298.0
25596,2.231,LH2,-1.723,19.0,-2.1,18.5,SHMSHEE,-999,-999,-999,-999,3268.059,9.876,3370.205,10.185,3347.382,10.116,3351.454,10.128,3343.933,10.106,-999,-999,0.996,0.9584,-1.0,1.0,-1.0,-1.0,-1.0,-1.0,0.9934,0.999837,-999,-999,-999,-19803.9,-24.2894,-999,-999,1.003761,OUT,-999,-999,-999,15289384.0,919990.0
25597,2.231,LH2,-1.723,19.0,-2.06,18.5,SHMSHEE,-999,-999,-999,-999,3230.748,9.628,3330.938,9.926,3314.69,9.878,3318.11,9.888,3311.083,9.867,-999,-999,0.9964,0.9593,-1.0,1.0,-1.0,-1.0,-1.0,-1.0,0.99651,0.999802,-999,-999,-999,-20195.9,-24.6679,-999,-999,1.003647,OUT,-999,-999,-999,15116918.0,957330.0
25598,2.231,LH2,-1.723,19.0,-2.02,18.5,SHMSHEE,-999,-999,-999,-999,2683.682,9.839,2766.897,10.144,2757.488,10.11,2760.065,10.119,2755.011,10.101,-999,-999,0.9965,0.9596,-1.0,1.0,-1.0,-1.0,-1.0,-1.0,0.99089,0.999803,-999,-999,-999,-20502.8,-27.2691,-999,-999,1.003703,OUT,-999,-999,-999,12560299.0,830174.0
25599,2.231,LH2,-1.723,19.0,-1.98,18.5,SHMSHEE,-999,-999,-999,-999,2874.126,9.869,2964.149,10.178,2960.612,10.166,2963.841,10.177,2957.348,10.155,-999,-999,0.9954,0.9634,-1.0,1.0,-1.0,-1.0,-1.0,-1.0,0.9917,0.999799,-999,-999,-999,-21076.1,-26.7268,-999,-999,1.003756,OUT,-999,-999,-999,13456836.0,912379.0
25600,2.231,LH2,-1.723,19.0,-1.94,18.5,SHMSHEE,-999,-999,-999,-999,2933.214,9.887,3025.115,10.197,3025.068,10.197,3028.187,10.207,3020.788,10.183,-999,-999,0.987,0.9729,-1.0,1.0,-1.0,-1.0,-1.0,-1.0,0.99013,0.999811,-999,-999,-999,-21824.7,-27.0361,-999,-999,1.00382,OUT,-999,-999,-999,13721542.0,933083.0
25601,2.231,LH2,-1.723,19.0,-1.9,18.5,SHMSHEE,-999,-999,-999,-999,2771.502,9.892,2858.169,10.201,2860.442,10.21,2863.027,10.219,2855.65,10.192,-999,-999,0.9908,0.9703,-1.0,1.0,-1.0,-1.0,-1.0,-1.0,0.99687,0.999792,-999,-999,-999,-23665.8,-28.9084,-999,-999,1.003804,OUT,-999,-999,-999,12972338.0,879111.0
25602,2.231,LH2,-1.723,19.0,-1.86,18.5,SHMSHEE,-999,-999,-999,-999,2327.12,9.433,2401.158,9.733,2400.898,9.732,2402.449,9.738,2395.447,9.71,-999,-999,0.993,0.9713,-1.0,1.0,-1.0,-1.0,-1.0,-1.0,0.98876,0.999776,-999,-999,-999,-25539.5,-32.7281,-999,-999,1.003613,OUT,-999,-999,-999,10897282.0,729829.0
25603,2.231,LH2,-1.723,19.0,-1.82,18.5,SHMSHEE,-999,-999,-999,-999,4300.495,9.739,4435.161,10.044,4427.123,10.025,4430.738,10.033,4413.769,9.995,-999,-999,0.9944,0.9782,-1.0,1.0,-1.0,-1.0,-1.0,-1.0,0.98815,0.999762,-999,-999,-999,-27052.5,-24.7667,-999,-999,1.003728,OUT,-999,-999,-999,20133428.0,1330295.0
27106,6.4724,LH2,1.67,47.91,-5.52,13.005,SHMSHEEP,-999,-999,-999,-999,38.022,18.078,38.044,18.089,38.446,18.28,216.751,103.06,38.652,18.378,0.0,0.9997,0.9985,0.7914,-1.0,-1.0,-1.0,-1.0,1.0,-1.0,0.99969,0.999984,-999,-999,-999,-999,-999,-999,-999,1.006,IN,4.9999999999999994e+75,-4.9999999999999994e+75,0.997336,572.0,42963717.0
27107,6.4724,Dummy,1.67,47.91,-5.52,13.005,SHMSHEEP,-999,-999,-999,-999,66.173,36.547,66.162,36.54,66.593,36.779,258.743,142.901,66.89,36.943,0.9999,0.9996,0.9972,0.7476,-1.0,-1.0,-1.0,-1.0,1.0,-1.0,0.99998,0.999988,-999,-999,-999,-999,-999,-999,-999,1.000,IN,4.9999999999999994e+75,-4.9999999999999994e+75,0.983996,920.0,26415388.0
27108,6.4724,Dummy,1.67,47.91,-5.52,13.005,SHMSHEE,-999,-999,-999,-999,31130.369,40.488,31132.899,40.492,31208.617,40.59,115227.036,149.865,31361.294,40.789,-999,-999,0.996,0.6696,9.0,-1.0,-1.0,-1.0,-1.0,-1.0,0.99869,0.998715,-999,-999,-999,-14510.2,-20.5219,-999,-999,1.000,IN,-999,-999,-999,401.0,12413835.0
27109,6.4724,LH2,1.67,47.91,-5.52,13.005,SHMSHEE,-999,-999,-999,-999,56318.663,39.78,56348.684,39.801,56371.401,39.817,208583.348,147.331,56664.524,40.024,-999,-999,0.9952,0.6586,33.0,-1.0,-1.0,-1.0,-1.0,-1.0,0.99896,0.99646,-999,-999,-999,-42246.8,-49.8605,-999,-999,1.014,IN,-999,-999,-999,823.0,62627678.0
27113,6.4724,LH2,-1.165,31.28,-2.766,8.275,HMSDIS,0.22,2.2,0.5,2.0,27241.602,27.852,27227.115,27.837,27341.925,27.954,149002.979,152.34,27456.636,28.072,0.9998,0.9985,-999,-999,-1.0,-1.0,17.0,-1.0,-1.0,-1.0,0.99906,0.956526,-999,-999,-999,19.3697,0.110036,-999,-999,1.009,IN,-999,-999,-999,781651.0,270706998.0
27114,6.4724,LH2,-1.165,31.28,-2.766,8.275,HMSDIS,0.22,2.2,0.5,2.0,21501.812,27.553,21496.515,27.547,21541.637,27.604,117685.305,150.807,21633.75,27.723,0.9766,0.9761,-999,-999,-1.0,-1.0,-1.0,1.0,-1.0,-1.0,0.99626,0.956492,-999,-999,-999,19.1941,0.0302938,-999,-999,1.009,IN,-999,-999,-999,616391.0,213618100.0
27115,6.4724,LH2,-1.165,31.28,-2.766,8.275,HMSDIS,0.22,2.2,0.5,2.0,16281.01,27.196,16280.136,27.194,16355.393,27.32,89033.557,148.72,16441.276,27.463,0.9998,0.9985,-999,-999,-1.0,-1.0,-1.0,1.0,-1.0,-1.0,0.99626,0.956494,-999,-999,-999,19.1774,0.0343894,-999,-999,1.009,IN,-999,-999,-999,467475.0,162016192.0
27116,6.4724,LH2,-1.165,31.28,-2.766,8.275,SHMSDIS,0.22,2.2,0.5,2.0,13498.587,26.996,13502.332,27.004,13599.012,27.197,73877.368,147.749,13680.939,27.361,-999,-999,0.9855,0.9793,513.0,-1.0,-1.0,-1.0,-1.0,-1.0,1.0,0.95652,-999,-999,-999,-646594.0,-1578.85,-999,-999,1.009,-999,-999,-999,-999,388111.0,134379858.0
27118,6.4724,LH2,-1.165,31.28,-2.766,8.275,HMSDIS,0.22,2.2,0.5,2.0,24411.151,27.094,24438.23,27.124,24720.652,27.438,133302.957,147.955,24861.399,27.594,0.9996,0.9988,-999,-999,-1.0,-1.0,17.0,-1.0,-1.0,-1.0,0.99979,0.956528,-999,-999,-999,20.3715,0.119079,-999,-999,1.009,-999,-999,-999,-999,705089.0,244447168.0
27119,6.4724,LH2,-1.165,31.28,-2.766,8.275,HMSDIS,0.22,2.2,0.5,2.0,27761.301,27.324,27774.529,27.337,28120.459,27.678,152121.935,149.728,28284.527,27.839,0.9998,0.9988,-999,-999,-1.0,-1.0,-1.0,1.0,-1.0,-1.0,0.99625,0.956639,-999,-999,-999,20.135,0.0269781,-999,-999,1.009,IN,-999,-999,-999,800422.0,277909280.0
27120,6.4724,LH2,-1.165,31.28,-2.766,8.275,SHMSDIS,0.22,2.2,0.5,2.0,30044.998,27.07,30037.834,27.063,30454.14,27.438,164370.271,148.093,30623.835,27.591,-999,-999,0.9853,0.9782,257.0,-1.0,-1.0,-1.0,-1.0,-1.0,0.99838,0.956536,-999,-999,-999,-645130.0,-748.465,-999,-999,1.009,IN,-999,-999,-999,868687.0,300692200.0
27121,6.4724,LH2,-1.165,31.28,-2.766,8.275,SHMSDIS,0.22,2.2,0.5,2.0,25692.577,27.907,25687.587,27.902,26033.515,28.277,140248.817,152.338,26184.376,28.441,-999,-999,0.9883,0.9551,-1.0,129.0,-1.0,-1.0,-1.0,-1.0,0.99858,0.956214,-999,-999,-999,-566849.0,-536.689,-999,-999,1.009,IN,-999,-999,-999,741722.0,256983202.0
27122,6.4724,LH2,-1.165,31.28,-2.766,8.275,PI-SIDIS,0.22,2.2,0.5,2.0,51.233,27.608,51.235,27.609,51.599,27.805,279.757,150.751,51.818,27.923,0.9997,0.9989,0.9843,0.977,-1.0,-1.0,-1.0,-1.0,-1.0,1.0,0.99991,0.999561,1326.0,874.231,36.8884,17.4716,0.73722,51.3922,0.424779,1.009,IN,25189.74114,25170.83486,0.901253,1479435.0,512459259.0
27123,6.4724,LH2,-1.165,31.28,-2.766,8.275,PI-SIDIS,0.22,2.2,0.5,2.0,47.43,27.265,47.457,27.281,47.688,27.413,259.791,149.341,47.929,27.552,0.9998,0.9986,0.9848,0.9765,-1.0,-1.0,-1.0,-1.0,-1.0,1.0,0.99992,0.999562,1146.0,732.769,34.3189,15.8167,0.74077,51.4007,0.438162,1.009,IN,23326.49773,23311.17327,0.900252,1371090.0,475145843.0
27124,6.4724,LH2,-1.165,31.28,-2.766,8.275,PI-SIDIS,0.22,2.2,0.5,2.0,51.145,27.199,51.199,27.227,51.638,27.461,280.037,148.921,51.943,27.623,0.9999,0.999,0.984,0.977,-1.0,-1.0,-1.0,-1.0,-1.0,1.0,0.99992,0.999562,1314.0,868.0,36.7193,17.3557,0.734203,51.3883,0.439571,1.009,IN,25171.64062,25153.76738,0.902252,1477661.0,513117603.0
27125,6.4724,LH2,-1.165,31.28,-2.766,8.275,PI-SIDIS,0.22,2.2,0.5,2.0,43.566,27.481,43.564,27.479,44.063,27.794,238.036,150.149,44.332,27.964,0.9998,0.9988,0.9852,0.9764,-1.0,-1.0,-1.0,-1.0,-1.0,1.0,0.99993,0.999562,1120.0,728.0,33.9139,17.1197,0.797521,51.4029,0.437411,1.009,IN,21464.8622,21447.0868,0.90227,1259229.0,436716971.0
27126,6.4724,LH2,-1.165,31.28,-2.766,8.275,PI-SIDIS,0.22,2.2,0.5,2.0,20.336,27.774,20.326,27.761,20.589,28.12,110.809,151.344,20.709,28.285,0.9999,0.9986,0.9831,0.9745,-1.0,-1.0,-1.0,-1.0,-1.0,1.0,0.9999,0.99956,523.0,344.231,23.1679,17.3822,1.16988,51.3771,0.418467,1.009,IN,9957.52099,9949.82001,0.902564,587758.0,203692243.0
27127,6.4724,LH2,-1.165,31.28,-2.766,8.275,PI-SIDIS,0.22,2.2,0.5,2.0,73.448,27.555,73.451,27.556,74.158,27.822,401.918,150.786,74.496,27.948,0.9999,0.9988,0.9835,0.9754,-1.0,-1.0,-1.0,-1.0,-1.0,1.0,0.9999,0.999562,1995.0,1338.69,45.227,18.6891,0.631403,51.3821,0.428476,1.009,IN,36138.06302,36111.29398,0.901947,2123407.0,736105798.0
27128,6.4724,LH2,-1.165,31.28,-2.766,8.275,PI-SIDIS,0.22,2.2,0.5,2.0,16.513,27.336,16.523,27.353,16.559,27.411,90.398,149.646,16.62,27.513,0.9999,0.9992,0.984,0.9748,-1.0,-1.0,-1.0,-1.0,-1.0,1.0,0.99994,0.999561,438.0,288.923,21.2006,17.941,1.31648,51.4086,0.465848,1.009,IN,8084.2158,8079.6022,0.899758,477221.0,165638125.0
27129,6.4724,LH2,-1.165,31.28,-2.766,8.275,PI-SIDIS,0.22,2.2,0.5,2.0,83.988,27.71,84.057,27.732,84.568,27.901,459.46,151.586,85.089,28.073,0.9998,0.9991,0.9833,0.9749,-1.0,-1.0,-1.0,-1.0,-1.0,1.0,0.99991,0.99956,2222.0,1469.38,47.7482,17.9361,0.58284,51.3956,0.429131,1.009,IN,41366.2354,41335.1096,0.902091,2427371.0,843075106.0
27130,6.4724,LH2,-1.165,31.28,-2.766,8.275,PI-SIDIS,0.22,2.2,0.5,2.0,50.062,27.722,50.048,27.714,50.606,28.023,273.344,151.366,50.924,28.199,0.9998,0.9989,0.9841,0.9744,-1.0,-1.0,-1.0,-1.0,-1.0,1.0,0.99991,0.99956,1289.0,852.923,36.3668,17.4948,0.745942,51.261,0.409333,1.009,IN,24604.21376,24585.53924,0.902773,1446346.0,502199020.0
27131,6.4724,LH2,-1.165,31.28,-2.766,8.275,PI-SIDIS,0.22,2.2,0.5,2.0,52.434,27.85,52.423,27.844,53.005,28.153,286.113,151.964,53.302,28.31,0.9998,0.9991,0.9826,0.9746,-1.0,-1.0,-1.0,-1.0,-1.0,1.0,0.99988,0.999561,1323.0,852.846,36.8669,16.6978,0.721815,51.2585,0.430748,1.009,IN,25775.93934,25757.31066,0.902594,1515696.0,525994843.0
27132,6.4724,LH2,-1.165,31.28,-2.766,8.275,PI-SIDIS,0.22,2.2,0.5,2.0,7.779,27.894,7.779,27.895,7.829,28.072,42.485,152.34,7.862,28.193,1.0,0.9991,0.9719,0.9615,-1.0,-1.0,-1.0,-1.0,1.0,-1.0,0.99533,0.99956,181.0,110.077,13.6549,14.7861,1.8342,51.2463,0.360245,1.009,IN,3776.07103,3773.50197,0.899916,224429.0,78018352.0
27133,6.4724,LH2,-1.165,31.28,-2.766,8.275,PI-SIDIS,0.22,2.2,0.5,2.0,34.63,27.374,34.638,27.38,34.766,27.481,188.857,149.284,34.914,27.598,0.9998,0.999,0.9709,0.9619,-1.0,-1.0,-1.0,-1.0,1.0,-1.0,0.9954,0.99956,930.0,615.231,30.8903,18.5543,0.931598,51.3294,0.45804,1.009,IN,17010.67396,16998.70804,0.900312,1001708.0,347428667.0
27134,6.4724,LH2,-1.165,31.28,-2.766,8.275,HMSDIS,0.22,2.2,0.5,2.0,25096.736,27.454,25113.473,27.472,25249.034,27.621,137197.024,150.083,25390.667,27.775,0.9998,0.9989,-999,-999,-1.0,-1.0,-1.0,1.0,-1.0,-1.0,0.9961,0.956126,-999,-999,-999,20.2261,0.0284377,-999,-999,1.009,IN,-999,-999,0.169275,728013.0,252155022.0
27135,6.4724,Dummy,-1.165,31.28,-2.766,8.275,PI-SIDIS,0.22,2.2,0.5,2.0,81.141,41.153,81.253,41.21,82.001,41.59,298.952,151.623,82.547,41.866,0.9997,0.9991,0.9863,0.9775,-1.0,-1.0,-1.0,-1.0,-1.0,1.0,1.0,0.999744,619.0,471.385,25.1069,5.93676,0.316204,51.2547,0.403031,1.000,IN,39953.90519,39924.34581,0.92113,823721.0,328931040.0
27136,6.4724,Dummy,-1.165,31.28,-2.766,8.275,PI-SIDIS,0.22,2.2,0.5,2.0,80.523,41.176,80.547,41.188,81.258,41.552,296.337,151.533,81.676,41.766,0.9998,0.9993,0.9867,0.9767,-1.0,-1.0,-1.0,-1.0,-1.0,1.0,0.99997,0.999745,586.0,438.385,24.4408,5.57373,0.310747,51.2686,0.450044,1.000,IN,39608.82309,39579.67591,0.919859,817357.0,325983609.0
27137,6.4724,Dummy,-1.165,31.28,-2.766,8.275,PI-SIDIS,0.22,2.2,0.5,2.0,78.927,41.204,78.942,41.213,79.133,41.312,290.339,151.575,79.471,41.488,0.9999,0.9994,0.9862,0.9775,-1.0,-1.0,-1.0,-1.0,-1.0,1.0,0.99998,0.999744,631.0,488.615,25.3368,6.33281,0.328383,51.3285,0.367286,1.000,IN,38816.30241,38788.35659,0.919666,801637.0,319220650.0
27138,6.4724,Dummy,-1.165,31.28,-2.766,8.275,HMSDIS,0.22,2.2,0.5,2.0,36918.6,40.565,36933.006,40.581,37009.194,40.665,136568.574,150.059,37206.105,40.881,0.9998,0.9989,-999,-999,-1.0,-1.0,-1.0,1.0,-1.0,-1.0,0.99892,0.974543,-999,-999,-999,7.03781,0.013813,-999,-999,1.000,IN,-999,-999,0.157156,375370.0,149392966.0
27139,6.4724,LH2,-1.165,31.28,-2.766,8.275,PI-SIDIS,0.22,2.2,0.5,2.0,46.114,27.319,46.136,27.332,46.575,27.592,251.744,149.14,46.869,27.766,0.9998,0.999,0.9826,0.9749,-1.0,-1.0,-1.0,-1.0,-1.0,1.0,0.99992,0.999561,1128.0,726.615,34.0423,16.1594,0.757077,51.235,0.417465,1.009,IN,22674.82449,22657.47451,0.903703,1336377.0,463869701.0
27140,6.4724,LH2,-1.165,31.28,-2.766,8.275,PI-SIDIS,0.22,2.2,0.5,2.0,49.755,27.59,49.81,27.621,50.226,27.851,271.797,150.717,50.475,27.99,0.9998,0.9988,0.9835,0.9752,-1.0,-1.0,-1.0,-1.0,-1.0,1.0,0.99988,0.999562,1304.0,868.692,36.5716,17.8894,0.753136,51.241,0.407071,1.009,IN,24485.75748,24468.92852,0.902785,1443539.0,500641444.0
27141,6.4724,LH2,-1.165,31.28,-2.766,8.275,PI-SIDIS,0.22,2.2,0.5,2.0,50.453,27.555,50.467,27.562,50.604,27.637,275.191,150.295,50.833,27.763,0.9998,0.9989,0.9831,0.9751,-1.0,-1.0,-1.0,-1.0,-1.0,1.0,0.9999,0.99956,1325.0,878.615,36.8692,17.8597,0.749442,51.2782,0.40421,1.009,IN,24812.36372,24792.61328,0.902584,1461139.0,506726286.0
27142,6.4724,LH2,-1.165,31.28,-2.766,8.275,PI-SIDIS,0.22,2.2,0.5,2.0,51.429,27.879,51.406,27.867,51.581,27.962,280.45,152.029,51.87,28.118,0.9998,0.9987,0.9838,0.9741,-1.0,-1.0,-1.0,-1.0,-1.0,1.0,0.99989,0.999559,1257.0,787.154,35.9603,15.7244,0.718354,51.2776,0.389002,1.009,IN,25275.55391,25257.00609,0.903306,1488422.0,515958927.0
27143,6.4724,LH2,-1.165,31.28,-2.766,8.275,PI-SIDIS,0.22,2.2,0.5,2.0,50.278,27.652,50.272,27.649,50.785,27.931,274.498,150.968,51.111,28.11,0.9999,0.9989,0.9841,0.974,-1.0,-1.0,-1.0,-1.0,-1.0,1.0,0.99992,0.999561,1325.0,887.077,36.8604,18.1199,0.752929,51.2123,0.40745,1.009,IN,24763.32784,24744.69016,0.904346,1454646.0,504924931.0
27144,6.4724,LH2,-1.165,31.28,-2.766,8.275,PI-SIDIS,0.22,2.2,0.5,2.0,49.223,27.681,49.245,27.694,49.669,27.932,268.165,150.807,49.915,28.07,0.9997,0.9985,0.9833,0.974,-1.0,-1.0,-1.0,-1.0,-1.0,1.0,0.99991,0.999561,1265.0,831.308,36.0328,17.3385,0.75153,51.2245,0.383047,1.009,IN,24210.62747,24192.50853,0.903031,1426144.0,494859523.0
27145,6.4724,LH2,-1.165,31.28,-2.766,8.275,PI-SIDIS,0.22,2.2,0.5,2.0,44.732,27.601,44.777,27.628,44.948,27.734,243.745,150.397,45.145,27.856,0.9999,0.9986,0.984,0.9729,-1.0,-1.0,-1.0,-1.0,-1.0,1.0,0.99992,0.99956,1223.0,826.385,35.4049,18.973,0.812864,51.3163,0.444567,1.009,IN,22008.64205,21991.21995,0.9013,1297163.0,449844349.0
27146,6.4724,LH2,-1.165,31.28,-2.766,8.275,PI-SIDIS,0.22,2.2,0.5,2.0,56.652,27.569,56.681,27.583,56.943,27.71,309.126,150.431,57.268,27.869,0.9997,0.9986,0.9822,0.9751,-1.0,-1.0,-1.0,-1.0,-1.0,1.0,0.99993,0.99956,1487.0,977.846,39.0662,17.6988,0.707089,51.2515,0.398734,1.009,IN,27871.44919,27850.53281,0.902538,1640264.0,569598985.0
27147,6.4724,LH2,-1.165,31.28,-2.766,8.275,PI-SIDIS,0.22,2.2,0.5,2.0,50.714,27.93,50.693,27.918,51.266,28.234,276.012,152.009,51.591,28.413,0.9998,0.9988,0.983,0.9755,-1.0,-1.0,-1.0,-1.0,-1.0,1.0,0.99993,0.99956,1320.0,863.615,36.8118,17.4688,0.744612,51.2235,0.409047,1.009,IN,24924.1008,24905.5322,0.904674,1471142.0,509665560.0
27148,6.4724,LH2,-1.165,31.28,-2.766,8.275,PI-SIDIS,0.22,2.2,0.5,2.0,11.252,27.235,11.251,27.23,11.366,27.51,61.431,148.686,11.423,27.647,1.0,0.9993,0.9824,0.9718,-1.0,-1.0,-1.0,-1.0,-1.0,1.0,0.99988,0.999563,320.0,217.923,18.1067,19.9338,1.65625,51.2475,0.430936,1.009,IN,5488.18807,5483.04093,0.902998,326016.0,113134857.0
27149,6.4724,LH2,-1.165,31.28,-2.766,8.275,PI-SIDIS,0.22,2.2,0.5,2.0,31.396,27.827,31.398,27.829,31.561,27.973,171.041,151.597,31.696,28.093,0.9999,0.9983,0.9823,0.9721,-1.0,-1.0,-1.0,-1.0,-1.0,1.0,0.99988,0.99956,826.0,543.538,29.1158,17.8121,0.95414,51.2398,0.419801,1.009,IN,15415.08592,15403.76808,0.903286,909332.0,315708398.0
27150,6.4724,Dummy,-1.165,31.28,-2.766,8.275,PI-SIDIS,0.22,2.2,0.5,2.0,72.63,40.63,72.71,40.675,72.766,40.706,268.016,149.931,73.123,40.906,0.9999,0.9986,0.9844,0.9781,-1.0,-1.0,-1.0,-1.0,-1.0,1.0,0.99996,0.999744,563.0,437.308,23.9305,6.14997,0.33654,51.3022,0.378724,1.000,IN,35746.27954,35719.35646,0.920392,737410.0,294759042.0
27151,6.4724,Dummy,-1.165,31.28,-2.766,8.275,PI-SIDIS,0.22,2.2,0.5,2.0,70.932,41.331,71.036,41.392,70.973,41.354,260.826,151.978,71.351,41.575,0.9999,0.998,0.9876,0.9749,-1.0,-1.0,-1.0,-1.0,-1.0,1.0,0.99998,0.999743,493.0,361.923,22.4295,5.22672,0.323916,51.3079,0.402808,1.000,IN,34921.75112,34895.74888,0.919022,720317.0,287682162.0
27152,6.4724,Dummy,-1.165,31.28,-2.766,8.275,PI-SIDIS,0.22,2.2,0.5,2.0,60.623,41.197,60.651,41.216,60.951,41.42,222.774,151.389,61.374,41.707,0.9998,0.9983,0.9855,0.9785,-1.0,-1.0,-1.0,-1.0,-1.0,1.0,0.99998,0.999744,410.0,297.692,20.4607,5.01724,0.34484,51.2408,0.345573,1.000,IN,29799.23361,29778.16939,0.921183,616009.0,245773212.0
27153,6.4724,LH2,-1.165,31.28,-2.766,8.275,PI-SIDIS,0.22,2.2,0.5,2.0,16.079,27.859,16.07,27.845,16.239,28.137,87.675,151.914,16.348,28.327,0.9999,0.9986,0.9835,0.9737,-1.0,-1.0,-1.0,-1.0,-1.0,1.0,0.99987,0.99956,420.0,277.154,20.7603,17.7165,1.32706,51.2092,0.406756,1.009,IN,7864.08741,7857.94359,0.904917,465798.0,161772795.0
27154,6.4724,LH2,-1.165,31.28,-2.766,8.275,PI-SIDIS,0.22,2.2,0.5,2.0,54.994,27.709,55.002,27.713,55.365,27.896,299.254,150.781,55.623,28.026,0.9998,0.9983,0.9813,0.9744,-1.0,-1.0,-1.0,-1.0,-1.0,1.0,0.99992,0.99956,1422.0,933.769,38.2041,17.4279,0.713045,51.4721,0.44802,1.009,IN,27045.85415,27024.64185,0.901423,1594744.0,553189361.0
27155,6.4724,LH2,-1.165,31.28,-2.766,8.275,PI-SIDIS,0.22,2.2,0.5,2.0,45.123,27.797,45.142,27.809,45.263,27.884,245.684,151.352,45.482,28.019,0.9999,0.9986,0.9821,0.9727,-1.0,-1.0,-1.0,-1.0,-1.0,1.0,0.99992,0.999559,1202.0,801.385,35.1115,18.2541,0.799776,51.5035,0.412223,1.009,IN,22188.40677,22171.31823,0.900019,1307850.0,453624765.0
27156,6.4724,LH2,-1.165,31.28,4.978,8.275,PI+SIDIS,0.22,2.2,0.9,2.0,77.015,49.947,77.11,50.009,77.388,50.189,229.852,149.067,77.773,50.438,0.9997,0.9991,0.9865,0.9829,-1.0,-1.0,-1.0,-1.0,-1.0,1.0,0.99995,0.999891,1983.0,1870.46,44.628,24.6877,0.589032,51.1516,0.42479,1.017,IN,37885.38089,37855.49011,0.872923,2206041.0,29647301.0
27157,6.4724,LH2,-1.165,31.28,4.978,8.275,PI+SIDIS,0.22,2.2,0.9,2.0,22.657,51.536,22.683,51.593,22.828,51.925,66.739,151.804,22.98,52.269,0.9994,0.9985,0.988,0.9835,-1.0,-1.0,-1.0,-1.0,-1.0,1.0,1.0,0.99989,593.0,558.308,24.4063,25.0414,1.09468,51.1015,0.423694,1.018,IN,11072.6992,11064.8328,0.874278,647555.0,8700180.0
27158,6.4724,LH2,-1.165,31.28,4.978,8.275,PI+SIDIS,0.22,2.2,0.9,2.0,70.864,50.208,70.951,50.269,71.504,50.661,210.883,149.411,71.871,50.921,0.9998,0.9988,0.9861,0.9836,-1.0,-1.0,-1.0,-1.0,-1.0,1.0,0.99994,0.999891,1796.0,1689.85,42.4755,24.2206,0.608801,51.1095,0.43885,1.017,IN,34857.47957,34828.92643,0.872765,2029611.0,27291485.0
27159,6.4724,LH2,-1.165,31.28,4.978,8.275,HMSDIS,0.22,2.2,0.9,2.0,46461.401,50.639,46526.279,50.71,46872.221,51.087,137833.841,150.228,47122.663,51.36,0.9998,0.9986,-999,-999,-1.0,-1.0,-1.0,2.0,-1.0,-1.0,0.99883,0.989082,-999,-999,-999,20.1375,0.029442,-999,-999,1.017,IN,-999,-999,0.136587,1325310.0,17945325.0
27160,6.4724,Dummy,-1.165,31.28,4.978,8.275,PI+SIDIS,0.22,2.2,0.9,2.0,83.325,41.14,83.333,41.145,83.638,41.295,306.531,151.345,84.096,41.521,1.0,0.9984,0.9898,0.9818,-1.0,-1.0,-1.0,-1.0,-1.0,1.0,1.0,0.99998,421.0,414.385,20.5307,5.06481,0.250936,51.1187,0.461579,1.000,IN,40980.04417,40950.66883,0.92071,839668.0,6575919.0
27161,6.4724,Dummy,-1.165,31.28,4.978,8.275,HMSDIS,0.22,2.2,0.9,2.0,41576.834,41.52,41578.222,41.521,41691.466,41.634,152554.304,152.344,41919.719,41.862,0.9997,0.9987,-999,-999,-1.0,-1.0,-1.0,2.0,-1.0,-1.0,0.99982,0.998057,-999,-999,-999,7.03101,0.0183948,-999,-999,1.000,IN,-999,-999,0.159875,419708.0,3282257.0
27162,6.4724,LH2,-1.165,31.28,2.766,8.275,PI+SIDIS,0.22,2.2,0.5,2.0,13.524,19.583,13.522,19.58,13.591,19.679,76.495,110.766,13.659,19.779,0.9999,0.9979,0.976,0.9815,-1.0,-1.0,-1.0,-1.0,-1.0,1.0,0.99992,0.999708,538.0,426.692,23.3787,32.156,1.76184,51.0813,0.432228,1.007,IN,6623.12408,6618.43592,0.921072,392363.0,15882335.0
27163,6.4724,LH2,-1.165,31.28,2.766,8.275,PI+SIDIS,0.22,2.2,0.5,2.0,49.964,30.741,49.964,30.741,50.11,30.831,245.245,150.891,50.386,31.001,0.9999,0.9987,0.977,0.9795,-1.0,-1.0,-1.0,-1.0,-1.0,1.0,0.99989,0.99954,2226.0,1563.85,47.7172,31.9613,0.975227,51.1628,0.420363,1.010,IN,24554.28296,24536.86204,0.905765,1434940.0,60584461.0
27164,6.4724,LH2,-1.165,31.28,2.766,8.275,PI+SIDIS,0.22,2.2,0.5,2.0,49.053,30.725,49.059,30.729,49.5,31.006,240.915,150.902,49.841,31.219,0.9998,0.9986,0.9815,0.9792,-1.0,-1.0,-1.0,-1.0,-1.0,1.0,0.99992,0.999541,2267.0,1638.15,48.1183,34.1103,1.00194,51.122,0.439988,1.010,IN,24112.37183,24094.97817,0.9071,1409582.0,59584300.0
27165,6.4724,LH2,-1.165,31.28,2.766,8.275,PI+SIDIS,0.22,2.2,0.5,2.0,49.1,30.546,49.08,30.534,49.674,30.903,240.979,149.919,49.975,31.09,0.9998,0.9985,0.9812,0.9796,-1.0,-1.0,-1.0,-1.0,-1.0,1.0,0.9999,0.999543,2225.0,1588.54,47.686,33.0504,0.992133,51.1102,0.420929,1.010,IN,24120.16669,24102.39031,0.907673,1410191.0,59661261.0
27166,6.4724,LH2,-1.165,31.28,2.766,8.275,PI+SIDIS,0.22,2.2,0.5,2.0,53.724,30.871,53.695,30.854,54.039,31.052,263.268,151.279,54.265,31.182,0.9998,0.9986,0.9777,0.9789,-1.0,-1.0,-1.0,-1.0,-1.0,1.0,0.99989,0.999541,2338.0,1642.15,48.9032,31.252,0.930682,51.1704,0.412307,1.010,IN,26395.39477,26376.70623,0.905596,1542683.0,65033360.0
27167,6.4724,LH2,-1.165,31.28,2.766,8.275,PI+SIDIS,0.22,2.2,0.5,2.0,53.32,30.719,53.298,30.706,53.51,30.828,261.649,150.742,53.786,30.987,0.9999,0.9983,0.9791,0.9785,-1.0,-1.0,-1.0,-1.0,-1.0,1.0,0.99987,0.99954,2438.0,1747.92,49.9107,33.5234,0.957238,51.1531,0.429417,1.010,IN,26200.24669,26181.04531,0.90566,1530154.0,64402789.0
27168,6.4724,LH2,-1.165,31.28,2.766,8.275,PI+SIDIS,0.22,2.2,0.5,2.0,54.109,30.803,54.09,30.793,54.529,31.042,265.512,151.153,54.873,31.239,0.9999,0.9987,0.9789,0.9794,-1.0,-1.0,-1.0,-1.0,-1.0,1.0,0.9999,0.999539,2473.0,1768.38,50.2713,33.3878,0.949143,51.0396,0.42691,1.010,IN,26651.40404,26631.79696,0.906018,1554893.0,65509446.0
27169,6.4724,LH2,-1.165,31.28,2.766,8.275,PI+SIDIS,0.22,2.2,0.5,2.0,48.662,30.688,48.662,30.688,49.149,30.995,239.061,150.76,49.447,31.183,0.9999,0.9986,0.9789,0.9788,-1.0,-1.0,-1.0,-1.0,-1.0,1.0,0.99989,0.99954,2174.0,1546.38,47.141,32.4733,0.989939,51.0404,0.41578,1.010,IN,23916.75795,23897.32905,0.907887,1396464.0,59042230.0
27170,6.4724,LH2,-1.165,31.28,2.766,8.275,PI+SIDIS,0.22,2.2,0.5,2.0,45.906,30.44,45.913,30.444,46.405,30.77,225.922,149.804,46.67,30.946,0.9998,0.9987,0.9809,0.9793,-1.0,-1.0,-1.0,-1.0,-1.0,1.0,0.99992,0.999542,2164.0,1569.0,47.0082,34.9055,1.04579,51.0163,0.426966,1.010,IN,22562.16062,22545.73138,0.908519,1321785.0,55787265.0
27171,6.4724,LH2,-1.165,31.28,2.766,8.275,PI+SIDIS,0.22,2.2,0.5,2.0,55.666,30.997,55.625,30.974,56.219,31.306,272.989,152.013,56.527,31.477,0.9998,0.9987,0.9686,0.968,-1.0,-1.0,-1.0,-1.0,1.0,-1.0,0.99152,0.999539,2565.0,1820.46,51.2081,34.1053,0.959355,51.0047,0.411818,1.011,IN,27348.3196,27328.6174,0.894285,1599925.0,67621810.0
27172,6.4724,LH2,-1.165,31.28,2.766,8.275,PI+SIDIS,0.22,2.2,0.5,2.0,32.177,30.991,32.154,30.968,32.488,31.29,158.17,152.339,32.664,31.46,0.9998,0.9986,0.9792,0.9812,-1.0,-1.0,-1.0,-1.0,-1.0,1.0,0.99992,0.99954,1408.0,987.462,37.9519,31.3076,1.20327,50.9966,0.435199,1.011,IN,15783.53687,15771.91713,0.907733,924778.0,39053524.0
27173,6.4724,LH2,-1.165,31.28,2.766,8.275,PI+SIDIS,0.22,2.2,0.5,2.0,30.348,30.856,30.328,30.837,30.642,31.156,148.93,151.427,30.801,31.318,0.9999,0.9985,0.9758,0.9804,-1.0,-1.0,-1.0,-1.0,-1.0,1.0,0.9999,0.99954,1367.0,966.692,37.3871,32.5182,1.25765,51.0126,0.419617,1.010,IN,14883.20524,14871.92176,0.90609,873419.0,36835513.0
27174,6.4724,LH2,-1.165,31.28,2.766,8.275,HMSDIS,0.22,2.2,0.5,2.0,27433.71,30.805,27420.148,30.79,27699.387,31.103,134810.92,151.377,27841.857,31.263,0.9998,0.9987,-999,-999,-1.0,-1.0,-1.0,1.0,-1.0,-1.0,0.99451,0.954118,-999,-999,-999,20.23,0.0272396,-999,-999,1.010,IN,-999,-999,-999,789180.0,33301848.0
27175,6.4724,LH2,-1.165,31.28,2.766,8.275,HMSDIS,0.22,2.2,0.5,2.0,27451.703,30.76,27442.967,30.75,27716.356,31.057,135041.819,151.316,27863.706,31.222,0.9998,0.9987,-999,-999,-1.0,-1.0,17.0,-1.0,-1.0,-1.0,0.99888,0.954159,-999,-999,-999,20.3341,0.112307,-999,-999,1.010,IN,-999,-999,0.175698,789836.0,33342469.0
27176,6.4724,Dummy,-1.165,31.28,2.766,8.275,PI+SIDIS,0.22,2.2,0.5,2.0,72.349,40.949,72.376,40.964,73.071,41.358,266.775,150.993,73.486,41.592,0.9999,0.999,0.9867,0.9851,-1.0,-1.0,-1.0,-1.0,-1.0,1.0,0.99999,0.999796,807.0,658.538,28.608,9.2375,0.401293,51.02,0.424614,1.000,IN,35661.97862,35636.44338,0.930501,730862.0,23996914.0
27177,6.4724,Dummy,-1.165,31.28,2.766,8.275,PI+SIDIS,0.22,2.2,0.5,2.0,69.181,40.462,69.17,40.455,69.845,40.85,256.081,149.774,70.24,41.081,0.9997,0.9991,0.9837,0.9838,-1.0,-1.0,-1.0,-1.0,-1.0,1.0,0.99998,0.999797,744.0,599.615,27.4792,8.8143,0.403942,51.0516,0.419184,1.000,IN,33994.90062,33970.40838,0.930704,699129.0,22958343.0
27178,6.4724,Dummy,-1.165,31.28,2.766,8.275,PI+SIDIS,0.22,2.2,0.5,2.0,71.916,40.768,71.874,40.745,72.569,41.139,265.717,150.632,72.979,41.371,0.9999,0.9987,0.9857,0.9853,-1.0,-1.0,-1.0,-1.0,-1.0,1.0,0.99996,0.999797,767.0,621.077,27.8967,8.77137,0.39398,51.0425,0.411699,1.000,IN,35330.68998,35307.55502,0.929939,724932.0,23867831.0
27179,6.4724,Dummy,-1.165,31.28,2.766,8.275,HMSDIS,0.22,2.2,0.5,2.0,40986.043,40.522,40970.652,40.507,41368.358,40.9,151334.463,149.62,41589.012,41.118,0.9999,0.999,-999,-999,-1.0,-1.0,-1.0,1.0,-1.0,-1.0,0.99894,0.979689,-999,-999,-999,7.04701,0.0131225,-999,-999,1.000,IN,-999,-999,0.160497,414952.0,13613461.0
27180,6.4724,LH2,-1.165,31.28,2.766,8.275,PI+SIDIS,0.22,2.2,0.5,2.0,51.649,30.632,51.626,30.618,52.107,30.904,253.891,150.578,52.379,31.065,0.9998,0.9991,0.9803,0.9816,-1.0,-1.0,-1.0,-1.0,-1.0,1.0,0.99988,0.999542,2244.0,1565.46,47.9186,30.9014,0.945888,51.0066,0.438843,1.010,IN,25377.42006,25357.98094,0.906928,1488610.0,62983814.0
27181,6.4724,LH2,-1.165,31.28,2.766,8.275,PI+SIDIS,0.22,2.2,0.5,2.0,45.628,30.649,45.621,30.644,46.045,30.929,224.657,150.904,46.282,31.088,0.9998,0.999,0.9802,0.9821,-1.0,-1.0,-1.0,-1.0,-1.0,1.0,0.99988,0.999542,2119.0,1516.85,46.533,33.8657,1.03891,51.0018,0.427291,1.010,IN,22479.30407,22462.15293,0.907443,1314235.0,55622568.0
27182,6.4724,LH2,-1.165,31.28,2.766,8.275,PI+SIDIS,0.22,2.2,0.5,2.0,54.75,30.859,54.714,30.839,55.227,31.128,269.465,151.881,55.504,31.284,0.9998,0.9989,0.981,0.982,-1.0,-1.0,-1.0,-1.0,-1.0,1.0,0.99993,0.999542,2499.0,1793.38,50.53,33.3874,0.940714,51.0237,0.425703,1.010,IN,26900.42098,26879.87502,0.907197,1575093.0,66654753.0
27183,6.4724,LH2,-1.165,31.28,2.766,8.275,PI+SIDIS,0.22,2.2,0.5,2.0,56.527,30.691,56.467,30.659,57.012,30.954,278.004,150.94,57.291,31.106,0.9999,0.9992,0.9798,0.982,-1.0,-1.0,-1.0,-1.0,-1.0,1.0,1.0,0.999542,2622.0,1883.08,51.7575,33.9629,0.933492,51.0177,0.428528,1.010,-999,27781.71459,27759.79841,0.90645,1626226.0,68735455.0
27184,6.4724,LH2,-1.165,31.28,2.766,8.275,PI+SIDIS,0.22,2.2,0.5,2.0,56.461,30.687,56.415,30.662,56.977,30.968,278.073,151.136,57.258,31.12,0.9998,0.999,0.9824,0.9825,-1.0,-1.0,-1.0,-1.0,-1.0,1.0,0.99992,0.999543,2532.0,1802.77,50.8733,32.5338,0.918088,51.0344,0.434947,1.010,IN,27736.28683,27715.70217,0.90838,1623409.0,68663296.0
27185,6.4724,LH2,-1.165,31.28,2.766,8.275,PI+SIDIS,0.22,2.2,0.5,2.0,59.266,30.947,59.236,30.932,59.814,31.233,291.741,152.339,60.109,31.388,0.9998,0.9991,0.9827,0.9831,-1.0,-1.0,-1.0,-1.0,-1.0,1.0,0.9999,0.999542,2788.0,2007.38,53.3671,34.481,0.91669,51.0012,0.439547,1.011,IN,29125.92265,29104.78635,0.906341,1705165.0,72121035.0
27186,6.4724,Dummy,-1.165,31.28,2.766,8.275,PI+SIDIS,0.22,2.2,0.5,2.0,75.873,40.696,75.884,40.702,76.637,41.105,280.832,150.628,77.044,41.323,0.9998,0.9993,0.9858,0.9843,-1.0,-1.0,-1.0,-1.0,-1.0,1.0,0.99998,0.999797,799.0,644.538,28.476,8.63111,0.381326,51.0505,0.399564,1.000,IN,37309.76788,37281.20112,0.929927,767753.0,25252988.0
27187,6.4724,Dummy,-1.165,31.28,2.766,8.275,PI+SIDIS,0.22,2.2,0.5,2.0,52.201,40.395,52.173,40.373,52.739,40.811,193.457,149.704,53.013,41.023,0.9999,0.9992,0.9854,0.9848,-1.0,-1.0,-1.0,-1.0,-1.0,1.0,0.99994,0.999797,583.0,470.462,24.324,9.15794,0.473487,51.0262,0.431954,1.000,IN,25623.68767,25603.17833,0.932734,526993.0,17381953.0
27188,6.4724,Dummy,-1.165,31.28,2.766,8.275,PI+SIDIS,0.22,2.2,0.5,2.0,94.544,40.773,94.518,40.762,95.62,41.237,349.548,150.746,96.1,41.444,0.9998,0.9989,0.9854,0.9861,-1.0,-1.0,-1.0,-1.0,-1.0,1.0,0.99997,0.999797,1069.0,871.692,32.9269,9.35468,0.353359,51.0421,0.423371,1.000,IN,46489.9582,46451.6268,0.931454,957028.0,31578533.0
27189,6.4724,LH2,-1.165,44.83,5.154,10.24,PI+SIDIS,0.44,4.4,0.9,2.0,39.255,46.419,39.315,46.49,39.477,46.681,121.163,143.275,39.658,46.895,0.9987,1.0,1.0,0.9824,-1.0,-1.0,-1.0,-1.0,-1.0,1.0,1.0,0.999958,134.0,132.0,11.5825,3.4221,0.300275,51.0743,0.667251,1.016,IN,19362.11586,19351.41014,0.900039,139216.0,5095360.0
27190,6.4724,LH2,-1.165,44.83,5.154,10.24,PI+SIDIS,0.44,4.4,0.9,2.0,83.345,50.613,83.448,50.676,84.138,51.094,247.919,150.553,84.635,51.396,1.0,0.9993,1.0,0.981,-1.0,-1.0,-1.0,-1.0,-1.0,1.0,1.0,0.999958,283.0,277.692,16.8347,3.39218,0.205647,51.1033,0.383335,1.017,IN,41014.30525,40983.99775,0.900606,293426.0,10826295.0
27191,6.4724,LH2,-1.165,44.83,5.154,10.24,PI+SIDIS,0.44,4.4,0.9,2.0,104.723,54.18,104.845,54.244,106.141,54.914,290.957,150.533,106.732,55.22,0.9995,0.9995,0.9948,0.983,-1.0,-1.0,-1.0,-1.0,-1.0,1.0,0.99997,0.999955,353.0,347.846,18.7988,3.37689,0.182499,51.0401,0.411163,1.019,IN,51659.66036,51622.24364,0.896515,368399.0,13648989.0
27192,6.4724,LH2,-1.165,44.83,5.154,10.24,HMSDIS,0.44,4.4,0.9,2.0,49697.658,55.6,49782.264,55.694,50468.282,56.462,134606.027,150.592,50732.638,56.758,0.9999,0.9992,-999,-999,-1.0,-1.0,-1.0,1.0,-1.0,-1.0,0.99961,0.995362,-999,-999,-999,2.36391,0.00689262,-999,-999,1.019,IN,-999,-999,-999,174835.0,6480116.0
27194,6.4724,LH2,-1.165,44.83,5.154,10.24,HMSDIS,0.44,4.4,0.9,2.0,37031.094,56.016,37103.054,56.125,37398.29,56.571,100069.095,151.371,37546.756,56.796,0.9999,0.9992,-999,-999,-1.0,-1.0,5.0,-1.0,-1.0,-1.0,0.99893,0.995352,-999,-999,-999,2.39181,0.0179638,-999,-999,1.019,IN,-999,-999,-999,130418.0,4820427.0
27195,6.4724,Dummy,-1.165,44.83,5.154,10.24,PI+SIDIS,0.44,4.4,0.9,2.0,62.231,41.128,62.259,41.146,62.376,41.223,229.736,151.828,62.695,41.434,1.0,1.0,1.0,0.9759,-1.0,-1.0,-1.0,-1.0,-1.0,1.0,1.0,0.999992,34.0,34.0,5.83095,0.559592,0.0959692,51.1842,0.553744,1.000,IN,30599.26859,30574.93541,0.926606,79859.0,1725365.0
27196,6.4724,Dummy,-1.165,44.83,5.154,10.24,PI+SIDIS,0.44,4.4,0.9,2.0,70.039,41.052,70.009,41.034,70.612,41.388,258.334,151.417,71.002,41.616,0.9932,0.9923,0.9,0.9897,-1.0,-1.0,-1.0,-1.0,-1.0,1.0,1.0,0.999992,37.0,36.7692,6.08422,0.534306,0.0884119,51.1184,0.525515,1.000,IN,34416.77882,34389.59418,0.926692,89206.0,1950303.0
27197,6.4724,Dummy,-1.165,44.83,5.154,10.24,HMSDIS,0.44,4.4,0.9,2.0,36375.976,41.426,36359.525,41.408,36728.751,41.828,133766.344,152.338,36928.271,42.055,0.9998,0.9992,-999,-999,-1.0,-1.0,-1.0,1.0,-1.0,-1.0,0.99992,0.99918,-999,-999,-999,0.728432,0.00447658,-999,-999,1.000,IN,-999,-999,-999,46595.0,1008402.0
27198,6.4724,LH2,-1.165,44.83,5.154,10.24,PI+SIDIS,0.44,4.4,0.9,2.0,90.057,54.953,90.206,55.044,91.402,55.774,245.476,149.791,91.844,56.044,1.0,0.9989,0.9943,0.9851,-1.0,-1.0,-1.0,-1.0,-1.0,1.0,1.0,0.999954,292.0,287.769,17.0975,3.23839,0.192406,51.0237,0.409562,1.019,IN,44334.02083,44300.47817,0.895876,316879.0,11771402.0
27199,6.4724,LH2,-1.165,44.83,5.154,10.24,PI+SIDIS,0.44,4.4,0.9,2.0,99.297,56.422,99.505,56.541,100.143,56.903,267.56,152.033,100.484,57.097,0.9995,0.9978,0.9907,0.9856,-1.0,-1.0,-1.0,-1.0,-1.0,1.0,1.0,0.999953,334.0,328.308,18.2876,3.34929,0.186565,51.0834,0.38499,1.019,IN,48920.25791,48883.32709,0.89188,348108.0,12933504.0
27200,6.4724,Dummy,-1.165,44.83,5.154,10.24,PI+SIDIS,0.44,4.4,0.9,2.0,73.819,40.989,73.856,41.009,73.918,41.044,272.602,151.364,74.277,41.243,1.0,0.9921,1.0,0.9892,-1.0,-1.0,-1.0,-1.0,-1.0,1.0,1.0,0.999992,38.0,37.6154,6.16681,0.514868,0.0844094,51.1347,0.362948,1.000,IN,36310.36182,36283.82218,0.933216,94016.0,2042650.0
27201,6.4724,LH2,-1.165,44.83,3.837,10.24,PI+SIDIS,0.44,4.4,0.67,2.0,108.455,60.538,108.619,60.63,109.837,61.31,269.851,150.628,110.477,61.667,0.9999,0.9984,0.9808,0.9842,-1.0,-1.0,-1.0,-1.0,-1.0,1.0,0.99997,0.999794,565.0,513.385,23.8531,4.80299,0.223159,51.0829,0.422895,1.021,IN,53456.5058,53418.9262,0.911231,379588.0,62997300.0
27202,6.4724,LH2,-1.165,44.83,3.837,10.24,PI+SIDIS,0.44,4.4,0.67,2.0,106.624,65.15,106.872,65.302,107.753,65.84,245.589,150.062,107.849,65.899,0.9999,0.9987,0.9841,0.9804,-1.0,-1.0,-1.0,-1.0,-1.0,1.0,0.99998,0.999776,513.0,459.308,22.7405,4.38416,0.217062,51.0907,0.439708,1.022,IN,52522.66629,52480.36071,0.905626,370920.0,61850234.0
27203,6.4724,LH2,-1.165,44.83,3.837,10.24,PI+SIDIS,0.44,4.4,0.67,2.0,115.996,66.951,116.514,67.249,111.994,64.641,257.764,148.776,110.8,63.952,0.9998,0.9988,0.9835,0.9805,-1.0,-1.0,-1.0,-1.0,-1.0,1.0,1.0,0.999763,542.0,478.769,23.3851,4.19167,0.204739,51.2097,0.456199,1.023,IN,57272.2337,57236.9343,0.894573,402667.0,65580924.0
27204,6.4724,LH2,-1.165,44.83,3.837,10.24,PI+SIDIS,0.44,4.4,0.67,2.0,127.406,70.2,128.271,70.677,119.697,65.953,275.542,151.823,119.487,65.837,0.9999,0.9988,0.9849,0.9816,-1.0,-1.0,-1.0,-1.0,-1.0,1.0,0.99995,0.999757,596.0,528.769,24.5188,4.2002,0.194761,50.9996,0.826014,1.024,IN,63063.99504,63018.15596,0.888723,438689.0,70823873.0
27206,6.4724,LH2,-1.165,44.83,3.837,10.24,PI+SIDIS,0.44,4.4,0.67,2.0,118.376,69.534,119.164,69.997,108.8,63.909,257.67,151.355,109.352,64.233,0.9999,0.9997,0.983,0.9804,-1.0,-1.0,-1.0,-1.0,-1.0,1.0,0.99999,0.999758,494.0,426.846,22.342,3.65403,0.19126,50.1562,1.08205,1.024,IN,58582.94594,58534.53706,0.888318,409437.0,64210674.0
27208,6.4724,LH2,-1.165,44.83,3.837,10.24,PI+SIDIS,0.44,4.4,0.67,2.0,104.209,65.054,104.817,65.434,96.921,60.504,235.379,146.939,97.225,60.694,0.9998,0.9991,0.9874,0.9793,-1.0,-1.0,-1.0,-1.0,-1.0,1.0,0.99998,0.999765,504.0,449.231,22.5436,4.3774,0.219669,49.6241,0.493073,1.022,IN,51611.41217,51570.70383,0.886933,360263.0,57587055.0
27209,6.4724,LH2,-1.165,44.83,3.837,10.24,PI+SIDIS,0.44,4.4,0.67,2.0,120.17,69.401,120.98,69.869,110.317,63.71,261.761,151.172,110.901,64.048,0.9999,0.9989,0.9827,0.9817,-1.0,-1.0,-1.0,-1.0,-1.0,1.0,0.99999,0.99976,517.0,452.538,22.8464,3.81077,0.192387,49.1973,0.56386,1.024,IN,59470.9354,59423.3366,0.887984,416877.0,66321511.0
27210,6.4724,LH2,-1.165,44.83,3.837,10.24,PI+SIDIS,0.44,4.4,0.67,2.0,113.856,68.376,114.648,68.852,102.973,61.84,250.007,150.141,102.764,61.714,0.9999,0.9985,0.9816,0.9809,-1.0,-1.0,-1.0,-1.0,-1.0,1.0,0.99997,0.99976,525.0,461.462,23.0193,4.10394,0.204719,49.7095,0.557493,1.024,IN,56352.55106,56312.12794,0.885983,392599.0,62419735.0
27211,6.4724,LH2,-1.165,44.83,3.837,10.24,PI+SIDIS,0.44,4.4,0.67,2.0,108.399,67.698,109.028,68.09,100.798,62.95,239.138,149.347,104.176,65.06,0.9997,0.9983,0.9849,0.9788,-1.0,-1.0,-1.0,-1.0,-1.0,1.0,0.99999,0.999761,500.0,444.231,22.4564,4.16403,0.210497,49.9327,0.468809,1.023,IN,53577.5373,53538.5357,0.889814,375958.0,60233388.0
27212,6.4724,LH2,-1.165,44.83,3.837,10.24,PI+SIDIS,0.44,4.4,0.67,2.0,107.567,68.611,108.022,68.901,105.047,67.004,235.786,150.396,105.841,67.51,1.0,0.999,0.9816,0.9774,-1.0,-1.0,-1.0,-1.0,-1.0,1.0,1.0,0.999763,448.0,390.077,21.271,3.69459,0.201467,49.8626,0.459827,1.024,IN,53083.04451,53042.83649,0.896364,372927.0,61627641.0
27213,6.4724,LH2,-1.165,44.83,3.837,10.24,PI+SIDIS,0.44,4.4,0.67,2.0,119.657,68.643,120.16,68.932,117.668,67.503,262.111,150.365,117.823,67.592,0.9997,0.9991,0.9778,0.9747,-1.0,-1.0,-1.0,-1.0,1.0,-1.0,0.99974,0.999763,604.0,538.077,24.6794,4.5968,0.210836,50.0294,0.419481,1.024,IN,59063.49835,59020.17765,0.883231,414068.0,68463294.0
27214,6.4724,LH2,-1.165,44.83,3.837,10.24,HMSDIS,0.44,4.4,0.67,2.0,61440.864,68.801,61717.434,69.111,60335.477,67.564,134535.943,150.653,60492.836,67.74,0.9999,0.9989,-999,-999,-1.0,-1.0,-1.0,1.0,-1.0,-1.0,0.99945,0.976274,-999,-999,-999,2.3453,0.00616647,-999,-999,1.024,IN,-999,-999,-999,212799.0,35112786.0
27215,6.4724,LH2,-1.165,44.83,3.837,10.24,HMSDIS,0.44,4.4,0.67,2.0,67894.379,70.577,68223.533,70.919,67417.773,70.082,146565.084,152.356,66752.978,69.391,0.9999,0.9991,-999,-999,-1.0,-1.0,5.0,-1.0,-1.0,-1.0,0.99882,0.976015,-999,-999,-999,2.37129,0.0131913,-999,-999,1.024,IN,-999,-999,-999,234964.0,38788667.0
27216,6.4724,Dummy,-1.165,44.83,3.837,10.24,PI+SIDIS,0.44,4.4,0.67,2.0,71.42,40.128,71.587,40.222,71.317,40.07,269.483,151.413,71.722,40.298,1.0,1.0,0.975,0.9756,-1.0,-1.0,-1.0,-1.0,-1.0,1.0,1.0,0.999966,75.0,73.3077,8.66777,1.04965,0.124108,49.9145,0.476757,1.000,IN,35194.38786,35168.11614,0.939114,91421.0,8765529.0
27217,6.4724,Dummy,-1.165,44.83,3.837,10.24,PI+SIDIS,0.44,4.4,0.67,2.0,74.207,40.472,74.331,40.54,74.151,40.442,279.34,152.352,74.516,40.641,1.0,1.0,1.0,0.9741,-1.0,-1.0,-1.0,-1.0,-1.0,1.0,1.0,0.999966,84.0,83.0769,9.16902,1.14738,0.126634,49.8695,0.447841,1.000,IN,36547.46325,36520.15575,0.931146,94135.0,9123723.0
27218,6.4724,Dummy,-1.165,44.83,3.837,10.24,PI+SIDIS,0.44,4.4,0.67,2.0,65.956,39.934,66.021,39.973,65.932,39.919,248.848,150.668,66.211,40.088,1.0,0.9959,0.9649,0.9702,-1.0,-1.0,-1.0,-1.0,-1.0,1.0,1.0,0.999966,72.0,71.3846,8.48807,1.11445,0.132515,49.9663,0.428503,1.000,IN,32453.14396,32426.94204,0.934881,84673.0,8112886.0
27219,6.4724,Dummy,-1.165,44.83,3.837,10.24,PI+SIDIS,0.44,4.4,0.67,2.0,65.803,39.71,65.884,39.759,65.819,39.719,248.862,150.178,66.095,39.886,1.0,0.998,0.9828,0.9708,-1.0,-1.0,-1.0,-1.0,-1.0,1.0,1.0,0.999966,72.0,70.9231,8.49016,1.10886,0.132741,49.8222,0.309472,1.000,IN,32381.1819,32356.2201,0.936037,84412.0,8118858.0
27220,6.4724,Dummy,-1.165,44.83,3.837,10.24,HMSDIS,0.44,4.4,0.67,2.0,37536.655,40.441,37590.169,40.499,37557.788,40.464,141409.236,152.35,37706.103,40.624,0.9999,0.9992,-999,-999,-1.0,-1.0,-1.0,1.0,-1.0,-1.0,0.99989,0.996595,-999,-999,-999,0.717094,0.00436814,-999,-999,1.000,IN,-999,-999,-999,47742.0,4637570.0
27221,6.4724,LH2,-1.165,44.83,3.837,10.24,PI+SIDIS,0.44,4.4,0.67,2.0,73.94,62.668,74.212,62.899,74.385,63.045,170.103,144.171,72.433,61.391,1.0,0.9986,0.9882,0.9813,-1.0,-1.0,-1.0,-1.0,-1.0,1.0,1.0,0.999768,361.0,322.154,19.0785,4.42372,0.26198,49.7918,0.448679,1.022,IN,36422.78576,36391.82724,0.897063,256561.0,42343860.0
27222,6.4724,LH2,-1.165,44.83,3.837,10.24,PI+SIDIS,0.44,4.4,0.67,2.0,112.431,67.775,112.843,68.023,113.131,68.197,247.69,149.31,110.486,66.602,1.0,0.9992,0.9777,0.9813,-1.0,-1.0,-1.0,-1.0,-1.0,1.0,1.0,0.999762,524.0,462.615,22.994,4.17776,0.207653,49.7582,0.40947,1.023,IN,55462.92977,55421.99223,0.900573,389286.0,64414433.0
27223,6.4724,LH2,-1.165,44.83,3.837,10.24,PI+SIDIS,0.44,4.4,0.67,2.0,111.336,67.266,111.659,67.461,112.037,67.689,246.552,148.959,109.205,65.978,1.0,0.9995,0.991,0.9821,-1.0,-1.0,-1.0,-1.0,-1.0,1.0,0.99999,0.999763,582.0,524.615,24.216,4.78408,0.220831,49.6459,0.419331,1.023,IN,55019.50952,54974.99248,0.898502,385408.0,63619517.0
27224,6.4724,LH2,-1.165,44.83,3.837,10.24,PI+SIDIS,0.44,4.4,0.67,2.0,120.358,69.008,120.716,69.214,121.224,69.505,262.974,150.779,118.24,67.794,0.9999,0.9994,0.9831,0.9801,-1.0,-1.0,-1.0,-1.0,-1.0,1.0,0.99999,0.999761,626.0,559.0,25.1228,4.72526,0.212364,49.56,0.401083,1.024,IN,59482.01217,59438.37283,0.896209,415457.0,68733610.0
27225,6.4724,LH2,-1.165,44.83,3.837,10.24,PI+SIDIS,0.44,4.4,0.67,2.0,118.618,68.883,119.027,69.121,119.66,69.488,259.519,150.706,116.773,67.812,0.9998,0.9994,0.9869,0.9798,-1.0,-1.0,-1.0,-1.0,-1.0,1.0,1.0,0.999762,574.0,513.846,24.0547,4.40694,0.206302,49.3966,0.422077,1.024,IN,58512.89394,58469.34306,0.899321,408619.0,67815991.0
27226,6.4724,LH2,-1.165,44.83,3.837,10.24,PI+SIDIS,0.44,4.4,0.67,2.0,120.353,69.304,120.798,69.56,121.582,70.012,262.499,151.157,118.41,68.185,0.9998,0.9994,0.9799,0.9815,-1.0,-1.0,-1.0,-1.0,-1.0,1.0,1.0,0.999762,594.0,533.077,24.4681,4.49704,0.206413,49.0868,0.435231,1.024,IN,59520.22822,59477.76278,0.896808,415094.0,68886307.0
27227,6.4724,LH2,-1.165,44.83,3.837,10.24,PI+SIDIS,0.44,4.4,0.67,2.0,132.893,67.937,133.363,68.177,134.353,68.683,292.62,149.591,130.582,66.755,0.9999,0.9996,0.9853,0.9803,-1.0,-1.0,-1.0,-1.0,-1.0,1.0,1.0,0.999763,635.0,561.0,25.3119,4.29153,0.193631,48.2572,0.94022,1.023,IN,65575.71574,65528.22426,0.890306,459736.0,76168142.0
27228,6.4724,LH2,-1.165,44.83,3.837,10.24,PI+SIDIS,0.44,4.4,0.67,2.0,118.921,68.451,119.238,68.634,120.234,69.207,260.8,150.117,116.874,67.273,1.0,0.9995,0.9846,0.9804,-1.0,-1.0,-1.0,-1.0,-1.0,1.0,0.99999,0.999762,543.0,482.538,23.4019,4.12781,0.200189,47.331,0.482469,1.024,IN,58609.74877,58570.88323,0.884944,410788.0,68036515.0
27229,6.4724,LH2,-1.165,44.83,3.837,10.24,PI+SIDIS,0.44,4.4,0.67,2.0,113.991,67.91,114.314,68.102,115.351,68.72,251.055,149.565,112.052,66.755,1.0,0.999,0.9842,0.982,-1.0,-1.0,-1.0,-1.0,-1.0,1.0,0.99999,0.999763,567.0,505.615,23.9107,4.50418,0.213004,46.6865,0.600976,1.023,IN,56184.04253,56137.18047,0.875526,394431.0,65278176.0
27230,6.4724,LH2,-1.165,44.83,3.837,10.24,PI+SIDIS,0.44,4.4,0.67,2.0,121.414,68.984,121.788,69.197,122.966,69.866,265.446,150.82,119.38,67.829,0.9999,0.9993,0.9881,0.9826,-1.0,-1.0,-1.0,-1.0,-1.0,1.0,0.99996,0.999762,621.0,553.231,25.0242,4.62367,0.209142,46.3237,0.571331,1.024,IN,59874.23059,59829.56741,0.870724,419305.0,69482412.0
27231,6.4724,LH2,-1.165,44.83,3.837,10.24,PI+SIDIS,0.44,4.4,0.67,2.0,118.759,68.879,119.166,69.115,120.425,69.845,259.823,150.694,116.825,67.757,1.0,0.9993,0.9911,0.9826,-1.0,-1.0,-1.0,-1.0,-1.0,1.0,1.0,0.999762,580.0,515.923,24.1853,4.40612,0.206549,46.0001,0.661387,1.024,IN,58576.1581,58532.8629,0.871792,409444.0,68049714.0
27232,6.4724,Dummy,-1.165,44.83,3.837,10.24,PI+SIDIS,0.44,4.4,0.67,2.0,73.362,40.41,73.476,40.473,74.118,40.827,276.568,152.343,74.557,41.069,1.0,0.998,0.9796,0.9728,-1.0,-1.0,-1.0,-1.0,-1.0,1.0,1.0,0.999966,68.0,65.8462,8.25625,0.921216,0.115508,47.5917,0.414199,1.000,IN,36124.74602,36098.00698,0.932754,93370.0,9048245.0
27233,6.4724,Dummy,-1.165,44.83,3.837,10.24,PI+SIDIS,0.44,4.4,0.67,2.0,64.202,39.448,64.245,39.474,64.882,39.866,243.27,149.474,65.277,40.108,1.0,1.0,0.9574,0.9754,-1.0,-1.0,-1.0,-1.0,-1.0,1.0,1.0,0.999966,49.0,47.6923,7.00718,0.761073,0.11182,48.4465,0.422829,1.000,IN,31571.3578,31545.1692,0.928884,82058.0,7932683.0
27234,6.4724,Dummy,-1.165,44.83,3.837,10.24,PI+SIDIS,0.44,4.4,0.67,2.0,63.18,39.477,63.226,39.506,63.913,39.935,239.549,149.678,64.305,40.18,1.0,1.0,1.0,0.9747,-1.0,-1.0,-1.0,-1.0,-1.0,1.0,1.0,0.999966,56.0,54.7692,7.48964,0.88873,0.121533,49.3967,0.383335,1.000,IN,31153.13252,31128.45948,0.942442,80991.0,7824397.0
27235,6.4724,Dummy,-1.165,44.83,3.837,10.24,PI+SIDIS,0.44,4.4,0.67,2.0,68.961,39.869,69.023,39.905,69.805,40.357,260.716,150.73,70.229,40.602,1.0,1.0,0.9516,0.9768,-1.0,-1.0,-1.0,-1.0,-1.0,1.0,1.0,0.999966,62.0,60.6923,7.88039,0.90019,0.116882,49.75,0.386589,1.000,IN,33931.45995,33905.81105,0.935798,88469.0,8547743.0
27236,6.4724,LD2,-1.165,44.83,2.978,10.24,PI+SIDIS,0.44,4.4,0.52,2.0,24.215,23.607,24.229,23.621,24.573,23.956,135.249,131.851,24.706,24.085,0.9998,0.9988,0.9789,0.9811,-1.0,-1.0,-1.0,-1.0,-1.0,1.0,0.99997,0.999603,214.0,168.462,14.748,7.08847,0.620561,49.8713,0.468614,1.005,IN,11936.80891,11927.87809,0.906638,158195.0,38883064.0
27237,6.4724,LD2,-1.165,44.83,2.978,10.24,PI+SIDIS,0.44,4.4,0.52,2.0,49.792,29.022,49.793,29.023,50.472,29.419,259.214,151.09,50.776,29.596,0.9998,0.9993,0.9813,0.9799,-1.0,-1.0,-1.0,-1.0,-1.0,1.0,0.99999,0.999528,454.0,346.538,21.5004,7.10386,0.440747,49.9046,0.425379,1.006,IN,24474.23219,24455.93081,0.900663,319583.0,80508565.0
27238,6.4724,LD2,-1.165,44.83,2.978,10.24,PI+SIDIS,0.44,4.4,0.52,2.0,48.786,28.871,48.805,28.882,49.502,29.295,254.136,150.396,49.807,29.475,0.9998,0.9993,0.9833,0.981,-1.0,-1.0,-1.0,-1.0,-1.0,1.0,0.99994,0.999528,473.0,356.769,21.9532,7.45359,0.458643,49.9623,0.41177,1.006,IN,23990.71811,23972.71089,0.900126,315334.0,78776922.0
27239,6.4724,LD2,-1.165,44.83,2.978,10.24,PI+SIDIS,0.44,4.4,0.52,2.0,47.162,28.876,47.189,28.892,47.886,29.319,245.703,150.438,48.189,29.505,1.0,0.999,0.9809,0.9821,-1.0,-1.0,-1.0,-1.0,-1.0,1.0,0.99996,0.999528,444.0,340.231,21.2599,7.3417,0.458758,50.0206,0.43804,1.006,IN,23190.84855,23173.98345,0.900176,303986.0,76159128.0
27240,6.4724,LD2,-1.165,44.83,2.978,10.24,PI+SIDIS,0.44,4.4,0.52,2.0,53.028,29.063,53.074,29.088,53.808,29.491,276.206,151.381,54.096,29.648,0.9998,0.9993,0.9823,0.9817,-1.0,-1.0,-1.0,-1.0,-1.0,1.0,0.99995,0.999527,529.0,407.462,23.2024,7.82227,0.445429,50.0613,0.395398,1.006,IN,26095.16343,26074.35557,0.899515,343081.0,85564232.0
27241,6.4724,LD2,-1.165,44.83,2.978,10.24,PI+SIDIS,0.44,4.4,0.52,2.0,52.476,28.897,52.537,28.93,52.847,29.101,273.638,150.683,52.934,29.149,0.9999,0.9993,0.9808,0.9802,-1.0,-1.0,-1.0,-1.0,-1.0,1.0,0.99996,0.999527,471.0,357.077,21.9035,6.93494,0.425397,50.0791,0.465637,1.006,IN,25877.58893,25857.32707,0.897622,339357.0,84341388.0
27242,6.4724,LD2,-1.165,44.83,2.978,10.24,PI+SIDIS,0.44,4.4,0.52,2.0,50.866,29.155,50.894,29.171,51.233,29.365,265.057,151.924,51.427,29.477,0.9995,0.9989,0.9828,0.9811,-1.0,-1.0,-1.0,-1.0,-1.0,1.0,0.99993,0.999526,471.0,354.769,21.9076,7.10908,0.438997,50.1038,0.408279,1.006,IN,25022.50938,25004.18762,0.898704,328362.0,81677435.0
27243,6.4724,LD2,-1.165,44.83,2.978,10.24,PI+SIDIS,0.44,4.4,0.52,2.0,50.928,29.039,50.929,29.04,51.485,29.357,264.931,151.062,51.783,29.526,1.0,0.999,0.9823,0.9813,-1.0,-1.0,-1.0,-1.0,-1.0,1.0,0.99995,0.999527,459.0,345.615,21.6269,6.91587,0.432761,50.0924,0.41039,1.006,IN,25035.89395,25017.94605,0.898652,328623.0,81967908.0
27244,6.4724,LD2,-1.165,44.83,2.978,10.24,PI+SIDIS,0.44,4.4,0.52,2.0,52.666,28.982,52.686,28.993,53.397,29.385,274.185,150.886,53.706,29.555,0.9997,0.9991,0.9843,0.9813,-1.0,-1.0,-1.0,-1.0,-1.0,1.0,0.99994,0.999528,507.0,392.923,22.7107,7.60268,0.43943,50.0605,0.423708,1.006,IN,25904.26904,25883.88696,0.900079,340854.0,84950981.0
27245,6.4724,LD2,-1.165,44.83,2.978,10.24,PI+SIDIS,0.44,4.4,0.52,2.0,48.722,28.588,48.751,28.606,49.358,28.962,253.837,148.944,49.573,29.088,0.9999,0.9988,0.9839,0.9814,-1.0,-1.0,-1.0,-1.0,-1.0,1.0,0.99996,0.999529,453.0,343.923,21.48,7.18937,0.449018,50.0988,0.413091,1.006,IN,23957.43346,23940.10554,0.899736,315268.0,78571754.0
27246,6.4724,LD2,-1.165,44.83,2.978,10.24,PI+SIDIS,0.44,4.4,0.52,2.0,49.155,29.009,49.198,29.035,49.454,29.186,255.638,150.867,49.527,29.229,0.9999,0.9987,0.9805,0.9819,-1.0,-1.0,-1.0,-1.0,-1.0,1.0,0.99995,0.999526,411.0,301.308,20.4802,6.23822,0.424018,50.1242,0.414579,1.006,IN,24186.51964,24170.58336,0.898704,317638.0,79034968.0
27247,6.4724,LD2,-1.165,44.83,2.978,10.24,HMSDIS,0.44,4.4,0.52,2.0,23649.589,28.937,23672.802,28.966,23815.631,29.141,123229.824,150.783,23898.328,29.242,0.9999,0.9989,-999,-999,-1.0,-1.0,-1.0,1.0,-1.0,-1.0,0.99919,0.952776,-999,-999,-999,4.20167,0.0133286,-999,-999,1.006,IN,-999,-999,-999,152522.0,38020294.0
27248,6.4724,LD2,-1.165,44.83,2.978,10.24,HMSDIS,0.44,4.4,0.52,2.0,24770.783,28.893,24790.821,28.917,25011.211,29.174,129027.634,150.502,25146.965,29.332,0.9999,0.999,-999,-999,-1.0,-1.0,9.0,-1.0,-1.0,-1.0,0.99883,0.952779,-999,-999,-999,4.23876,0.0392528,-999,-999,1.006,IN,-999,-999,-999,160148.0,39903763.0
27249,6.4724,LH2,-1.165,44.83,2.978,10.24,PI+SIDIS,0.44,4.4,0.52,2.0,106.263,60.067,106.483,60.191,108.286,61.21,268.002,151.492,108.912,61.564,0.9999,0.9989,0.9827,0.9763,-1.0,-1.0,-1.0,-1.0,-1.0,1.0,1.0,0.999509,627.0,487.308,25.2536,4.68795,0.242943,50.0015,0.417093,1.021,IN,52350.26782,52312.16818,0.895596,371634.0,86995016.0
27250,6.4724,LH2,-1.165,44.83,2.978,10.24,PI+SIDIS,0.44,4.4,0.52,2.0,104.472,59.622,104.719,59.764,106.024,60.508,264.931,151.197,106.374,60.708,0.9999,0.9989,0.9823,0.9773,-1.0,-1.0,-1.0,-1.0,-1.0,1.0,0.99997,0.99951,567.0,435.0,24.024,4.25101,0.234773,49.977,0.439772,1.020,IN,51477.6599,51439.6751,0.896979,367056.0,85212373.0
27251,6.4724,LH2,-1.165,44.83,2.978,10.24,PI+SIDIS,0.44,4.4,0.52,2.0,104.903,59.575,105.164,59.724,106.048,60.226,266.047,151.091,106.314,60.377,0.9999,0.9989,0.9761,0.9786,-1.0,-1.0,-1.0,-1.0,-1.0,1.0,0.99998,0.99951,669.0,533.923,26.0651,5.18869,0.253302,50.0056,0.398942,1.020,IN,51690.63325,51650.33775,0.89729,366947.0,85329907.0
27252,6.4724,LH2,-1.165,44.83,2.978,10.24,PI+SIDIS,0.44,4.4,0.52,2.0,114.227,60.223,114.547,60.391,115.955,61.133,288.222,151.955,116.619,61.484,0.9997,0.9989,0.9807,0.9775,-1.0,-1.0,-1.0,-1.0,-1.0,1.0,0.99999,0.999509,713.0,562.692,26.9177,5.02695,0.240476,50.0039,0.432165,1.021,IN,56322.9019,56280.9261,0.89566,398181.0,93194537.0
27253,6.4724,LH2,-1.165,44.83,2.978,10.24,PI+SIDIS,0.44,4.4,0.52,2.0,116.168,60.197,116.522,60.38,118.366,61.335,293.168,151.915,119.042,61.686,0.9998,0.9987,0.9754,0.9757,-1.0,-1.0,-1.0,-1.0,-1.0,1.0,0.99996,0.999509,681.0,528.231,26.3202,4.64735,0.231563,49.9766,0.417908,1.021,IN,57297.13817,57254.96483,0.895295,406001.0,95103223.0
27254,6.4724,LH2,-1.165,44.83,2.978,10.24,PI+SIDIS,0.44,4.4,0.52,2.0,111.945,59.845,112.201,59.982,114.02,60.955,283.132,151.362,114.519,61.222,1.0,0.999,0.9823,0.9759,-1.0,-1.0,-1.0,-1.0,-1.0,1.0,0.99999,0.99951,643.0,498.692,25.5754,4.55444,0.233574,49.9348,0.418533,1.021,IN,55167.08636,55124.15864,0.897374,390092.0,91591281.0
27255,6.4724,LH2,-1.165,44.83,2.978,10.24,PI+SIDIS,0.44,4.4,0.52,2.0,114.047,59.981,114.289,60.108,115.411,60.699,288.313,151.633,115.66,60.829,1.0,0.999,0.9804,0.9752,-1.0,-1.0,-1.0,-1.0,-1.0,1.0,0.99996,0.999509,703.0,557.385,26.7245,5.00118,0.239788,49.9856,0.419901,1.021,IN,56199.06058,56155.80942,0.896308,398211.0,92819335.0
27257,6.4724,LH2,-1.165,44.83,2.978,10.24,PI+SIDIS,0.44,4.4,0.52,2.0,110.184,59.618,110.439,59.756,111.686,60.431,279.492,151.228,112.252,60.737,0.9998,0.9988,0.9765,0.9762,-1.0,-1.0,-1.0,-1.0,-1.0,1.0,0.99996,0.99951,698.0,553.615,26.6291,5.13633,0.247059,49.97,0.421228,1.020,IN,54295.56974,54256.40726,0.896154,384696.0,89877813.0
27258,6.4724,LH2,-1.165,44.83,2.978,10.24,PI+SIDIS,0.44,4.4,0.52,2.0,105.768,59.533,106.053,59.693,107.617,60.574,268.301,151.017,108.218,60.912,0.9999,0.9985,0.9799,0.976,-1.0,-1.0,-1.0,-1.0,-1.0,1.0,0.99995,0.999511,631.0,500.462,25.3188,4.83573,0.244644,49.8921,0.452106,1.020,IN,52134.1269,52096.0211,0.895601,369306.0,86512971.0
27259,6.4724,LH2,-1.165,44.83,2.978,10.24,PI+SIDIS,0.44,4.4,0.52,2.0,111.724,59.858,112.049,60.032,113.924,61.037,282.748,151.487,114.537,61.365,0.9999,0.9986,0.9783,0.9762,-1.0,-1.0,-1.0,-1.0,-1.0,1.0,0.99997,0.99951,659.0,520.0,25.8784,4.75458,0.236617,49.9056,0.40237,1.021,IN,55092.26574,55050.80326,0.896499,389581.0,91570776.0
27261,6.4724,LH2,-1.165,44.83,2.978,10.24,PI+SIDIS,0.44,4.4,0.52,2.0,110.894,59.868,111.147,60.005,112.866,60.933,280.557,151.464,113.351,61.195,0.9998,0.999,0.9709,0.9673,-1.0,-1.0,-1.0,-1.0,1.0,-1.0,0.99951,0.99951,658.0,509.077,25.8738,4.73833,0.240826,49.8983,0.437953,1.021,IN,54654.25748,54612.25252,0.886727,386521.0,90807275.0
27262,6.4724,LH2,-1.165,44.83,2.978,10.24,HMSDIS,0.44,4.4,0.52,2.0,65961.149,60.047,66088.329,60.163,66654.56,60.679,166621.629,151.683,66728.976,60.746,0.9998,0.9989,-999,-999,-1.0,-1.0,-1.0,1.0,-1.0,-1.0,0.99956,0.950908,-999,-999,-999,2.3635,0.0059821,-999,-999,1.021,IN,-999,-999,-999,230555.0,53760671.0
27264,6.4724,LH2,-1.165,44.83,2.978,10.24,HMSDIS,0.44,4.4,0.52,2.0,48325.517,59.17,48427.243,59.295,48832.321,59.791,123011.931,150.617,48981.967,59.974,0.9999,0.999,-999,-999,-1.0,-1.0,5.0,-1.0,-1.0,-1.0,0.99881,0.951676,-999,-999,-999,2.33403,0.0155336,-999,-999,1.020,IN,-999,-999,-999,166933.0,38864215.0
27265,6.4724,Dummy,-1.165,44.83,2.978,10.24,PI+SIDIS,0.44,4.4,0.52,2.0,62.795,39.711,62.824,39.729,63.398,40.092,237.813,150.389,63.752,40.316,1.0,1.0,1.0,0.9673,-1.0,-1.0,-1.0,-1.0,-1.0,1.0,1.0,0.99991,82.0,77.4615,9.07464,1.27467,0.149328,49.9331,0.414501,1.000,IN,30872.96523,30850.97177,0.933694,80259.0,11370677.0
27266,6.4724,Dummy,-1.165,44.83,2.978,10.24,PI+SIDIS,0.44,4.4,0.52,2.0,71.54,40.299,71.604,40.335,72.493,40.836,269.845,152.008,72.862,41.044,1.0,1.0,0.9593,0.9702,-1.0,-1.0,-1.0,-1.0,-1.0,1.0,1.0,0.999909,66.0,60.4615,8.15022,0.870323,0.11732,49.9456,0.465049,1.000,IN,35204.27334,35176.08766,0.936907,91129.0,13086716.0
27267,6.4724,Dummy,-1.165,44.83,2.978,10.24,PI+SIDIS,0.44,4.4,0.52,2.0,61.989,39.215,62.034,39.244,62.901,39.792,235.564,149.022,63.2,39.982,1.0,0.9992,0.984,0.9735,-1.0,-1.0,-1.0,-1.0,-1.0,1.0,0.99996,0.99991,75.0,70.0,8.68243,1.15918,0.143779,49.9516,0.265969,1.000,IN,30484.12845,30459.47255,0.931715,79619.0,11347872.0
27269,6.4724,Dummy,-1.165,44.83,2.978,10.24,PI+SIDIS,0.44,4.4,0.52,2.0,70.172,40.277,70.308,40.355,71.012,40.759,264.628,151.89,71.212,40.874,1.0,0.9985,0.9854,0.9723,-1.0,-1.0,-1.0,-1.0,-1.0,1.0,1.0,0.999909,67.0,62.3846,8.20701,0.912583,0.120055,49.8795,0.343365,1.000,IN,34564.77932,34536.23868,0.933602,89966.0,12949311.0
27270,6.4724,Dummy,-1.165,44.83,2.978,10.24,HMSDIS,0.44,4.4,0.52,2.0,33504.294,39.795,33574.983,39.879,33719.638,40.05,126754.702,150.553,33765.809,40.105,0.9999,0.9991,-999,-999,-1.0,-1.0,-1.0,1.0,-1.0,-1.0,0.99987,0.990938,-999,-999,-999,0.724042,0.00464435,-999,-999,1.000,IN,-999,-999,-999,43025.0,6133288.0
27271,6.4724,C,-1.165,44.83,2.978,10.24,PI+SIDIS,0.44,4.4,0.52,2.0,8.72,49.832,8.747,49.987,8.838,50.511,26.657,152.345,8.89,50.808,1.0,0.9982,0.9839,0.9775,-1.0,-1.0,-1.0,-1.0,-1.0,1.0,0.99994,0.999531,38.0,26.0,6.23884,3.04106,0.729719,49.7738,0.563266,1.000,IN,4208.55347,4205.49853,0.89022,39514.0,7549581.0
27272,6.4724,C,-1.165,44.83,2.978,10.24,PI+SIDIS,0.44,4.4,0.52,2.0,73.737,46.942,73.8,46.982,74.733,47.577,234.254,149.13,75.178,47.86,0.9999,0.9989,0.9813,0.9786,-1.0,-1.0,-1.0,-1.0,-1.0,1.0,0.99997,0.999549,387.0,279.077,19.8822,3.86473,0.275334,49.8365,0.454316,1.000,IN,36262.70159,36238.98141,0.896531,334935.0,63198267.0
27273,6.4724,C,-1.165,44.83,2.978,10.24,PI+SIDIS,0.44,4.4,0.52,2.0,82.5,48.152,82.587,48.202,83.838,48.933,259.708,151.58,84.308,49.207,1.0,0.9987,0.9818,0.9784,-1.0,-1.0,-1.0,-1.0,-1.0,1.0,0.99997,0.999546,447.0,329.462,21.3551,4.07745,0.264293,49.7902,0.367784,1.000,IN,40594.27563,40565.48637,0.895453,374396.0,70625676.0
27274,6.4724,C,-1.165,44.83,2.978,10.24,PI+SIDIS,0.44,4.4,0.52,2.0,74.444,46.867,74.565,46.942,75.572,47.576,236.807,149.083,75.885,47.774,1.0,0.9989,0.9832,0.9782,-1.0,-1.0,-1.0,-1.0,-1.0,1.0,0.99998,0.99955,423.0,321.462,20.756,4.40734,0.284571,49.7772,0.373828,1.000,IN,36638.33414,36613.24986,0.895669,337688.0,63638094.0
27275,6.4724,C,-1.165,44.83,2.978,10.24,PI+SIDIS,0.44,4.4,0.52,2.0,65.656,45.101,65.798,45.198,66.339,45.569,212.011,145.634,66.507,45.685,0.9998,0.9992,0.9781,0.9794,-1.0,-1.0,-1.0,-1.0,-1.0,1.0,0.99995,0.999554,348.0,257.077,18.8413,3.99023,0.292446,49.8716,0.476257,1.000,IN,32317.48397,32296.95603,0.898489,298765.0,55903166.0
27276,6.4724,C,-1.165,44.83,2.978,10.24,PI+SIDIS,0.44,4.4,0.52,2.0,77.354,46.407,77.51,46.501,78.359,47.011,246.958,148.159,78.815,47.284,0.9996,0.999,0.979,0.9784,-1.0,-1.0,-1.0,-1.0,-1.0,1.0,0.99996,0.99955,403.0,298.615,20.2739,3.93941,0.267458,49.8328,0.446242,1.000,IN,38090.85953,38066.10547,0.895251,351299.0,65998041.0
27277,6.4724,C,-1.165,44.83,2.978,10.24,PI+SIDIS,0.44,4.4,0.52,2.0,80.822,47.829,80.989,47.928,82.142,48.61,255.267,151.062,82.632,48.9,0.9999,0.999,0.9769,0.9784,-1.0,-1.0,-1.0,-1.0,-1.0,1.0,0.99996,0.999547,436.0,325.231,21.0837,4.10495,0.266111,49.7647,0.387928,1.000,IN,39806.18046,39778.55854,0.896095,365818.0,69163304.0
27278,6.4724,C,-1.165,44.83,2.978,10.24,PI+SIDIS,0.44,4.4,0.52,2.0,77.391,46.843,77.432,46.868,78.469,47.495,245.741,148.741,78.796,47.693,0.9998,0.9988,0.9838,0.9779,-1.0,-1.0,-1.0,-1.0,-1.0,1.0,0.99997,0.999549,406.0,299.231,20.3522,3.95268,0.268842,49.7569,0.388608,1.000,IN,38047.61304,38020.95396,0.896134,351022.0,66032621.0
27279,6.4724,C,-1.165,44.83,2.978,10.24,PI+SIDIS,0.44,4.4,0.52,2.0,82.409,47.892,82.522,47.957,83.096,48.291,259.753,150.955,83.26,48.386,0.9998,0.9989,0.9784,0.9778,-1.0,-1.0,-1.0,-1.0,-1.0,1.0,0.99996,0.999545,447.0,332.231,21.3501,4.11837,0.264659,49.8703,0.411626,1.000,IN,40566.05645,40534.86655,0.896152,373048.0,70090262.0
27280,6.4724,C,-1.165,44.83,2.978,10.24,PI+SIDIS,0.44,4.4,0.52,2.0,34.744,47.48,34.797,47.553,34.953,47.767,109.883,150.165,35.03,47.872,0.9998,0.9985,0.9771,0.9789,-1.0,-1.0,-1.0,-1.0,-1.0,1.0,0.99995,0.999546,187.0,139.846,13.8068,4.10656,0.405433,49.8688,0.473307,1.000,IN,17047.8499,17034.5371,0.894526,157461.0,29464602.0
27281,6.4724,C,-1.165,44.83,2.978,10.24,PI+SIDIS,0.44,4.4,0.52,2.0,118.016,47.946,118.253,48.042,119.919,48.719,371.997,151.131,120.519,48.963,1.0,0.9991,0.9811,0.9772,-1.0,-1.0,-1.0,-1.0,-1.0,1.0,0.99995,0.999546,685.0,519.154,26.4151,4.49285,0.228601,49.7339,0.424352,1.000,IN,58177.63727,58128.68573,0.896305,534416.0,101218166.0
27282,6.4724,C,-1.165,44.83,2.978,10.24,HMSDIS,0.44,4.4,0.52,2.0,10983.703,47.079,11006.515,47.176,11124.249,47.681,34927.345,149.706,11159.497,47.832,0.9998,0.9986,-999,-999,-1.0,-1.0,-1.0,1.0,-1.0,-1.0,0.9991,0.954942,-999,-999,-999,2.99007,0.0164913,-999,-999,1.000,IN,-999,-999,-999,49750.0,9384970.0
27283,6.4724,C,-1.165,44.83,2.978,10.24,HMSDIS,0.44,4.4,0.52,2.0,38517.529,47.294,38576.373,47.366,38891.455,47.753,122008.235,149.809,38983.458,47.866,0.9998,0.9987,-999,-999,-1.0,-1.0,-1.0,1.0,-1.0,-1.0,0.99916,0.954763,-999,-999,-999,3.00165,0.00882561,-999,-999,1.000,IN,-999,-999,-999,174963.0,32814297.0
27284,6.4724,C,-1.165,44.83,2.978,10.24,HMSDIS,0.44,4.4,0.52,2.0,42198.426,47.182,42215.337,47.201,42440.853,47.453,133549.65,149.322,42532.421,47.555,0.9996,0.9987,-999,-999,-1.0,-1.0,9.0,-1.0,-1.0,-1.0,0.99901,0.954731,-999,-999,-999,3.00678,0.0253361,-999,-999,1.000,IN,-999,-999,-999,190287.0,35802372.0
27285,6.4724,Cu,-1.165,44.83,2.978,10.24,PI+SIDIS,0.44,4.4,0.52,2.0,80.534,47.733,80.647,47.799,81.749,48.453,254.045,150.573,82.221,48.733,0.9999,0.9984,0.9808,0.9735,-1.0,-1.0,-1.0,-1.0,-1.0,1.0,0.99996,0.99956,272.0,181.692,16.7017,2.31459,0.212764,49.6817,0.393147,1.000,IN,39637.23876,39609.10624,0.882023,352059.0,63121866.0
27286,6.4724,Cu,-1.165,44.83,2.978,10.24,PI+SIDIS,0.44,4.4,0.52,2.0,78.591,47.275,78.736,47.362,79.956,48.096,248.805,149.663,80.332,48.322,0.9995,0.9991,0.976,0.9747,-1.0,-1.0,-1.0,-1.0,-1.0,1.0,0.99998,0.999562,256.0,162.077,16.2242,2.11302,0.211517,49.6597,0.495406,1.000,IN,38696.97072,38670.77728,0.883517,344016.0,61538327.0
27287,6.4724,Cu,-1.165,44.83,2.978,10.24,PI+SIDIS,0.44,4.4,0.52,2.0,76.284,47.206,76.461,47.315,77.245,47.8,241.737,149.59,77.454,47.929,0.9999,0.9982,0.9795,0.9758,-1.0,-1.0,-1.0,-1.0,-1.0,1.0,0.99992,0.999561,248.0,157.615,15.9672,2.11289,0.214046,49.7558,0.391043,1.000,IN,37576.83185,37547.55515,0.882489,333950.0,59549218.0
27288,6.4724,Cu,-1.165,44.83,2.978,10.24,PI+SIDIS,0.44,4.4,0.52,2.0,34.745,48.069,34.821,48.174,35.042,48.48,109.242,151.134,35.118,48.586,0.9998,0.9982,0.9789,0.9747,-1.0,-1.0,-1.0,-1.0,-1.0,1.0,0.99997,0.999558,110.0,64.8462,10.6524,1.91105,0.313931,49.7133,0.498273,1.000,IN,17058.43094,17045.42106,0.88208,152040.0,27063450.0
27289,6.4724,Cu,-1.165,44.83,2.978,10.24,PI+SIDIS,0.44,4.4,0.52,2.0,135.281,47.795,135.419,47.844,137.086,48.432,425.831,150.446,137.904,48.722,0.9999,0.9983,0.9778,0.9738,-1.0,-1.0,-1.0,-1.0,-1.0,1.0,0.99995,0.999559,498.0,333.846,22.5971,2.53199,0.171383,49.687,0.424099,1.000,IN,66633.37666,66584.69434,0.883157,592590.0,105696918.0
27290,6.4724,Cu,-1.165,44.83,2.978,10.24,PI+SIDIS,0.44,4.4,0.52,2.0,81.636,47.237,81.742,47.298,83.073,48.068,258.279,149.447,83.51,48.321,0.9998,0.9982,0.9765,0.9738,-1.0,-1.0,-1.0,-1.0,-1.0,1.0,0.99997,0.999562,289.0,188.231,17.2265,2.36525,0.216463,49.6787,0.478132,1.000,IN,40173.99753,40144.16047,0.884598,356900.0,63834240.0
27291,6.4724,Cu,-1.165,44.83,2.978,10.24,PI+SIDIS,0.44,4.4,0.52,2.0,84.504,48.158,84.642,48.237,86.125,49.082,265.906,151.539,86.564,49.332,0.9999,0.9981,0.9811,0.9734,-1.0,-1.0,-1.0,-1.0,-1.0,1.0,0.99995,0.99956,299.0,198.769,17.5131,2.41288,0.212594,49.5865,0.42252,1.000,IN,41612.07389,41580.15711,0.884917,369627.0,66133310.0
27292,6.4724,Cu,-1.165,44.83,2.978,10.24,PI+SIDIS,0.44,4.4,0.52,2.0,67.67,46.046,67.803,46.136,69.056,46.989,216.655,147.422,69.422,47.238,0.9996,0.9984,0.9789,0.9741,-1.0,-1.0,-1.0,-1.0,-1.0,1.0,0.99998,0.999566,225.0,146.308,15.2004,2.21615,0.230244,49.6089,0.442853,1.000,IN,33302.26096,33279.79104,0.882209,296435.0,52893733.0
27293,6.4724,Cu,-1.165,44.83,2.978,10.24,PI+SIDIS,0.44,4.4,0.52,2.0,78.5,47.301,78.692,47.417,80.146,48.293,248.757,149.893,80.596,48.565,1.0,0.9982,0.98,0.9746,-1.0,-1.0,-1.0,-1.0,-1.0,1.0,0.99995,0.999562,290.0,194.846,17.243,2.54072,0.224841,49.5645,0.429931,1.000,IN,38678.2204,38649.0316,0.883804,343535.0,61499794.0
27294,6.4724,Cu,-1.165,44.83,2.978,10.24,PI+SIDIS,0.44,4.4,0.52,2.0,80.983,47.893,81.173,48.005,82.432,48.75,255.2,150.923,82.805,48.97,0.9998,0.9982,0.9792,0.973,-1.0,-1.0,-1.0,-1.0,-1.0,1.0,0.99994,0.99956,281.0,188.538,16.9739,2.38775,0.214966,49.5508,0.423808,1.000,IN,39899.88264,39869.75836,0.883294,354804.0,63428237.0
27295,6.4724,Cu,-1.165,44.83,2.978,10.24,HMSDIS,0.44,4.4,0.52,2.0,43764.978,47.65,43808.496,47.697,44187.457,48.11,137890.233,150.129,44234.579,48.161,0.9998,0.9983,-999,-999,-1.0,-1.0,-1.0,1.0,-1.0,-1.0,0.99911,0.955941,-999,-999,-999,2.85015,0.00807032,-999,-999,1.000,IN,-999,-999,-999,191612.0,34064339.0
27297,6.4724,Cu,-1.165,44.83,2.978,10.24,HMSDIS,0.44,4.4,0.52,2.0,43376.282,48.193,43398.695,48.218,43778.743,48.64,136192.582,151.316,43927.45,48.805,0.9993,0.9984,-999,-999,-1.0,-1.0,9.0,-1.0,-1.0,-1.0,0.99886,0.955825,-999,-999,-999,2.843,0.0243036,-999,-999,1.000,IN,-999,-999,-999,189485.0,33740001.0
27298,6.4724,Al,-1.165,44.83,2.978,10.24,HMSDIS,0.44,4.4,0.52,2.0,70687.99,40.29,70756.243,40.329,71527.293,40.769,265863.084,151.535,71949.49,41.009,0.9998,0.9986,-999,-999,-1.0,-1.0,-1.0,1.0,-1.0,-1.0,0.99986,0.991099,-999,-999,-999,0.93337,0.00363262,-999,-999,1.000,IN,-999,-999,-999,111522.0,12528366.0
27299,6.4724,Al,-1.165,44.83,2.978,10.24,HMSDIS,0.44,4.4,0.52,2.0,67142.898,39.544,67233.07,39.597,68041.994,40.073,254016.027,149.603,68423.981,40.298,0.9997,0.9988,-999,-999,-1.0,-1.0,2.0,-1.0,-1.0,-1.0,0.99892,0.991155,-999,-999,-999,0.932043,0.00526915,-999,-999,1.000,IN,-999,-999,-999,106252.0,11938071.0
27300,6.4724,LD2,-1.165,44.83,2.978,10.24,PI+SIDIS,0.44,4.4,0.52,2.0,52.101,29.264,52.089,29.257,52.797,29.655,270.399,151.878,53.079,29.813,0.9998,0.9981,0.9787,0.9765,-1.0,-1.0,-1.0,-1.0,-1.0,1.0,0.99997,0.999525,479.0,361.385,22.0918,7.10646,0.434425,49.4329,0.448836,1.006,IN,25610.04977,25590.06523,0.898286,335809.0,84697399.0
27301,6.4724,LD2,-1.165,44.83,2.978,10.24,PI+SIDIS,0.44,4.4,0.52,2.0,50.146,29.065,50.133,29.057,50.839,29.466,260.049,150.726,51.099,29.617,0.9998,0.9979,0.9795,0.9768,-1.0,-1.0,-1.0,-1.0,-1.0,1.0,0.99998,0.999526,474.0,364.308,21.9645,7.44106,0.448629,49.4222,0.423992,1.006,IN,24641.89242,24623.30858,0.900973,323596.0,81258441.0
27302,6.4724,LD2,-1.165,44.83,2.978,10.24,PI+SIDIS,0.44,4.4,0.52,2.0,52.9,29.055,52.908,29.059,53.662,29.473,274.659,150.855,53.934,29.623,0.9999,0.9985,0.9811,0.978,-1.0,-1.0,-1.0,-1.0,-1.0,1.0,0.99998,0.999526,489.0,369.231,22.3207,7.13657,0.431419,49.3662,0.435075,1.006,IN,26011.83505,25992.43495,0.899803,341261.0,85740162.0
27303,6.4724,LD2,-1.165,44.83,2.978,10.24,PI+SIDIS,0.44,4.4,0.52,2.0,47.792,28.865,47.829,28.887,48.503,29.294,248.559,150.12,48.757,29.447,0.9998,0.9986,0.9775,0.978,-1.0,-1.0,-1.0,-1.0,-1.0,1.0,0.99996,0.999527,467.0,360.538,21.7988,7.70952,0.466132,49.1393,0.427005,1.006,IN,23510.69058,23490.31442,0.898993,308990.0,77499245.0
27304,6.4724,LD2,-1.165,44.83,2.978,10.24,PI+SIDIS,0.44,4.4,0.52,2.0,47.382,28.678,47.427,28.705,48.118,29.123,246.331,149.09,48.352,29.265,0.9999,0.9987,0.9835,0.9786,-1.0,-1.0,-1.0,-1.0,-1.0,1.0,0.99998,0.999528,452.0,348.692,21.4464,7.51388,0.462142,48.9365,0.428758,1.006,IN,23310.22025,23291.90075,0.897444,306185.0,76906557.0
27305,6.4724,LD2,-1.165,44.83,2.978,10.24,PI+SIDIS,0.44,4.4,0.52,2.0,47.56,28.855,47.581,28.868,48.264,29.283,247.357,150.076,48.511,29.432,0.9998,0.9984,0.9776,0.9779,-1.0,-1.0,-1.0,-1.0,-1.0,1.0,0.99991,0.999527,447.0,342.0,21.3325,7.3523,0.458606,48.8569,0.441465,1.006,IN,23385.57626,23366.95174,0.89753,307016.0,77109727.0
27306,6.4724,LD2,-1.165,44.83,2.978,10.24,PI+SIDIS,0.44,4.4,0.52,2.0,71.613,28.86,71.578,28.846,72.638,29.273,371.747,149.811,73.002,29.419,0.9997,0.9989,0.98,0.9783,-1.0,-1.0,-1.0,-1.0,-1.0,1.0,0.99998,0.999527,649.0,489.538,25.7151,6.99316,0.367346,48.9256,0.490855,1.006,IN,35211.30302,35183.06498,0.895586,462223.0,116084173.0
27307,6.4724,LD2,-1.165,44.83,2.978,10.24,PI+SIDIS,0.44,4.4,0.52,2.0,44.953,29.041,44.959,29.045,45.623,29.474,233.557,150.886,45.847,29.619,0.9997,0.999,0.9845,0.9787,-1.0,-1.0,-1.0,-1.0,-1.0,1.0,0.99994,0.999527,417.0,314.385,20.6129,7.14745,0.46863,47.3523,1.25476,1.006,IN,22094.90092,22078.75608,0.879227,295841.0,72963888.0
27308,6.4724,LD2,-1.165,44.83,2.978,10.24,PI+SIDIS,0.44,4.4,0.52,2.0,47.064,28.667,47.101,28.69,47.794,29.112,244.835,149.132,48.036,29.259,0.9997,0.999,0.9789,0.9799,-1.0,-1.0,-1.0,-1.0,-1.0,1.0,0.99997,0.999528,393.0,285.769,20.0312,6.19365,0.434148,49.6111,0.447614,1.006,IN,23148.87964,23130.09636,0.892722,308089.0,76422366.0
27309,6.4724,LD2,-1.165,44.83,2.978,10.24,PI+SIDIS,0.44,4.4,0.52,2.0,30.067,28.698,30.093,28.722,30.541,29.15,156.464,149.337,30.692,29.294,0.9999,0.999,0.9804,0.979,-1.0,-1.0,-1.0,-1.0,-1.0,1.0,0.99996,0.999528,274.0,204.769,16.713,6.95151,0.567374,49.5715,0.47216,1.006,IN,14769.00376,14754.96924,0.896945,197010.0,48843932.0
27310,6.4724,LH2,-1.165,44.83,2.978,10.24,PI+SIDIS,0.44,4.4,0.52,2.0,99.71,54.804,99.908,54.913,101.711,55.904,272.577,149.818,102.243,56.196,0.9999,0.999,0.98,0.9752,-1.0,-1.0,-1.0,-1.0,-1.0,1.0,0.99997,0.999546,578.0,460.462,24.2289,4.72668,0.248712,49.6217,0.420522,1.019,IN,49121.58867,49077.31233,0.894801,351892.0,81714920.0
27311,6.4724,LH2,-1.165,44.83,2.978,10.24,PI+SIDIS,0.44,4.4,0.52,2.0,96.594,55.497,96.829,55.632,97.975,56.291,262.464,150.796,98.208,56.425,0.9999,0.999,0.9783,0.977,-1.0,-1.0,-1.0,-1.0,-1.0,1.0,0.99997,0.999543,559.0,443.077,23.831,4.68421,0.251941,49.6978,0.437756,1.019,IN,47600.42173,47562.81827,0.894962,341559.0,78853538.0
27312,6.4724,LH2,-1.165,44.83,2.978,10.24,PI+SIDIS,0.44,4.4,0.52,2.0,97.825,54.354,98.095,54.504,98.885,54.943,268.109,148.969,99.13,55.079,0.9999,0.9993,0.9794,0.9763,-1.0,-1.0,-1.0,-1.0,-1.0,1.0,0.99996,0.999545,595.0,477.692,24.5769,4.98861,0.25666,49.7126,0.395568,1.019,IN,48222.21065,48186.34235,0.89416,345038.0,79589086.0
27313,6.4724,LH2,-1.165,44.83,2.978,10.24,PI+SIDIS,0.44,4.4,0.52,2.0,85.66,54.739,85.855,54.864,86.874,55.515,234.197,149.659,87.358,55.824,0.9997,0.9993,0.9754,0.9765,-1.0,-1.0,-1.0,-1.0,-1.0,1.0,0.99999,0.999544,485.0,380.615,22.2043,4.54134,0.264932,49.6901,0.458497,1.019,IN,42196.75488,42161.72612,0.89564,301040.0,69790185.0
27314,6.4724,LH2,-1.165,44.83,2.978,10.24,PI+SIDIS,0.44,4.4,0.52,2.0,91.919,54.919,92.038,54.99,93.474,55.848,250.357,149.582,94.053,56.194,1.0,0.9987,0.9826,0.9769,-1.0,-1.0,-1.0,-1.0,-1.0,1.0,0.99998,0.999544,523.0,408.0,23.0618,4.53787,0.256499,49.6655,0.430655,1.019,IN,45239.40489,45203.59411,0.895893,323915.0,75032611.0
27315,6.4724,LH2,-1.165,44.83,2.978,10.24,PI+SIDIS,0.44,4.4,0.52,2.0,91.371,55.262,91.561,55.377,93.128,56.325,248.578,150.343,93.674,56.655,0.9997,0.9988,0.9792,0.9753,-1.0,-1.0,-1.0,-1.0,-1.0,1.0,0.99994,0.999544,553.0,441.692,23.6973,4.94795,0.265463,49.6396,0.433336,1.019,IN,45004.6993,44972.2507,0.896921,322013.0,74728595.0
27316,6.4724,LH2,-1.165,44.83,2.978,10.24,PI+SIDIS,0.44,4.4,0.52,2.0,92.705,54.72,92.914,54.843,94.025,55.499,253.103,149.395,94.317,55.671,1.0,0.9989,0.9792,0.9763,-1.0,-1.0,-1.0,-1.0,-1.0,1.0,0.99996,0.999544,562.0,449.231,23.8888,4.95249,0.263359,49.684,0.439518,1.019,IN,45666.80589,45633.88011,0.896264,327959.0,75572251.0
27317,6.4724,LH2,-1.165,44.83,2.978,10.24,PI+SIDIS,0.44,4.4,0.52,2.0,115.725,54.842,115.992,54.968,117.156,55.52,315.856,149.683,117.55,55.707,0.9999,0.9988,0.9817,0.9761,-1.0,-1.0,-1.0,-1.0,-1.0,1.0,0.99996,0.999544,682.0,545.615,26.3152,4.81973,0.232457,49.6832,0.473341,1.019,IN,57046.07941,56999.59859,0.895499,408550.0,94168231.0
27318,6.4724,LH2,-1.165,44.83,2.978,10.24,PI+SIDIS,0.44,4.4,0.52,2.0,85.89,52.711,86.091,52.835,87.448,53.667,238.747,146.52,87.991,54.001,0.9997,0.999,0.9795,0.9751,-1.0,-1.0,-1.0,-1.0,-1.0,1.0,1.0,0.99955,469.0,368.615,21.834,4.39235,0.260169,49.6552,0.406279,1.018,IN,42297.33796,42271.25204,0.897513,303791.0,70123858.0
27319,6.4724,LH2,-1.165,44.83,2.978,10.24,PI+SIDIS,0.44,4.4,0.52,2.0,95.96,55.181,96.19,55.313,97.791,56.234,261.158,150.175,98.368,56.565,0.9997,0.9992,0.9837,0.9775,-1.0,-1.0,-1.0,-1.0,-1.0,1.0,0.99996,0.999544,585.0,465.0,24.3768,4.94715,0.259346,49.7198,0.409701,1.019,IN,47278.99388,47244.20112,0.894973,338901.0,78496782.0
27320,6.4724,Dummy,-1.165,44.83,2.978,10.24,PI+SIDIS,0.44,4.4,0.52,2.0,63.222,39.124,63.273,39.155,63.638,39.381,239.97,148.502,63.752,39.452,0.9986,0.9992,0.9623,0.9728,-1.0,-1.0,-1.0,-1.0,-1.0,1.0,1.0,0.99991,63.0,59.0769,7.95624,0.961135,0.129442,49.9763,0.538535,1.000,IN,31095.70126,31068.65774,0.932592,82222.0,11482852.0
27321,6.4724,Dummy,-1.165,44.83,2.978,10.24,PI+SIDIS,0.44,4.4,0.52,2.0,61.189,39.721,61.234,39.75,61.697,40.05,231.055,149.988,61.967,40.225,1.0,0.9992,0.9911,0.9733,-1.0,-1.0,-1.0,-1.0,-1.0,1.0,1.0,0.999909,52.0,48.0,7.23241,0.805382,0.121351,49.837,0.372182,1.000,IN,30086.81134,30062.71566,0.934332,78182.0,11153442.0
27322,6.4724,Dummy,-1.165,44.83,2.978,10.24,PI+SIDIS,0.44,4.4,0.52,2.0,70.388,39.092,70.441,39.121,71.312,39.605,267.336,148.472,71.783,39.866,1.0,0.997,0.9716,0.9666,-1.0,-1.0,-1.0,-1.0,-1.0,1.0,1.0,0.99991,63.0,58.3846,7.95959,0.857484,0.116901,49.7145,0.582055,1.000,IN,34625.47808,34596.49792,0.939012,90042.0,12885417.0
27323,6.4724,Dummy,-1.165,44.83,2.978,10.24,PI+SIDIS,0.44,4.4,0.52,2.0,65.748,39.622,65.801,39.654,66.68,40.184,248.479,149.743,67.037,40.399,1.0,0.9992,0.9804,0.9682,-1.0,-1.0,-1.0,-1.0,-1.0,1.0,1.0,0.99991,70.0,66.2308,8.38391,1.03959,0.131598,49.7699,0.399089,1.000,IN,32340.38842,32314.02958,0.932487,84116.0,12069071.0
27324,6.4724,C,-1.165,44.83,2.978,10.24,PI+SIDIS,0.44,4.4,0.52,2.0,78.975,47.48,79.09,47.55,79.649,47.885,249.737,150.144,79.793,47.972,0.9999,0.9989,0.9778,0.9783,-1.0,-1.0,-1.0,-1.0,-1.0,1.0,0.99994,0.999547,415.0,310.385,20.5681,4.01213,0.26587,49.784,0.456312,1.000,IN,38873.68454,38844.69546,0.897073,357183.0,67638652.0
27326,6.4724,C,-1.165,44.83,2.978,10.24,PI+SIDIS,0.44,4.4,0.52,2.0,80.265,47.562,80.381,47.631,81.031,48.016,253.613,150.283,81.409,48.24,0.9998,0.9985,0.9848,0.9787,-1.0,-1.0,-1.0,-1.0,-1.0,1.0,0.99995,0.999546,443.0,327.077,21.2583,4.15868,0.270293,49.8,0.470305,1.000,IN,39510.28154,39479.92046,0.895393,361801.0,68524181.0
27327,6.4724,C,-1.165,44.83,2.978,10.24,PI+SIDIS,0.44,4.4,0.52,2.0,79.177,47.59,79.291,47.658,80.376,48.31,249.893,150.199,80.922,48.639,0.9999,0.9986,0.9789,0.9797,-1.0,-1.0,-1.0,-1.0,-1.0,1.0,0.99992,0.999547,478.0,368.231,22.0555,4.74112,0.283973,49.7614,0.424502,1.000,IN,38979.18151,38949.37949,0.896877,356833.0,67808319.0
27328,6.4724,C,-1.165,44.83,2.978,10.24,PI+SIDIS,0.44,4.4,0.52,2.0,81.724,47.884,81.843,47.954,83.092,48.685,257.281,150.746,83.576,48.969,0.9997,0.9985,0.9796,0.9778,-1.0,-1.0,-1.0,-1.0,-1.0,1.0,0.99994,0.999546,423.0,306.462,20.7838,3.83089,0.259805,49.7418,0.454374,1.000,IN,40230.31253,40200.71247,0.897071,368894.0,70052739.0
27329,6.4724,C,-1.165,44.83,2.978,10.24,PI+SIDIS,0.44,4.4,0.52,2.0,70.073,47.463,70.175,47.532,70.875,48.006,221.626,150.115,71.1,48.158,0.9999,0.999,0.9824,0.9789,-1.0,-1.0,-1.0,-1.0,-1.0,1.0,0.99995,0.999547,354.0,257.769,19.0106,3.75297,0.276783,49.769,0.406443,1.000,IN,34480.59699,34454.20301,0.895618,317404.0,59855767.0
27330,6.4724,C,-1.165,44.83,2.978,10.24,PI+SIDIS,0.44,4.4,0.52,2.0,64.82,46.544,64.909,46.608,65.432,46.983,206.475,148.258,65.652,47.141,0.9997,0.9986,0.9782,0.9786,-1.0,-1.0,-1.0,-1.0,-1.0,1.0,0.99995,0.999549,329.0,238.769,18.3287,3.76029,0.288652,49.7866,0.477176,1.000,IN,31888.71791,31860.42909,0.895826,291928.0,55240934.0
27331,6.4724,C,-1.165,44.83,2.978,10.24,PI+SIDIS,0.44,4.4,0.52,2.0,71.463,48.253,71.564,48.322,72.414,48.895,224.245,151.414,72.901,49.224,0.9996,0.9988,0.981,0.9784,-1.0,-1.0,-1.0,-1.0,-1.0,1.0,0.99995,0.999544,395.0,297.462,20.0625,4.25025,0.286661,49.7447,0.383833,1.000,IN,35169.44612,35140.60288,0.894669,321827.0,61139784.0
27332,6.4724,C,-1.165,44.83,2.978,10.24,PI+SIDIS,0.44,4.4,0.52,2.0,114.368,48.391,114.534,48.461,116.368,49.237,358.934,151.871,117.136,49.562,0.9999,0.9989,0.9799,0.9768,-1.0,-1.0,-1.0,-1.0,-1.0,1.0,0.99998,0.999545,637.0,480.923,25.4756,4.2992,0.227738,49.7247,0.403536,1.000,IN,56346.0305,56300.5715,0.89717,515597.0,98187741.0
27333,6.4724,C,-1.165,44.83,2.978,10.24,PI+SIDIS,0.44,4.4,0.52,2.0,80.985,47.524,81.112,47.598,82.542,48.438,255.81,150.115,83.053,48.737,0.9999,0.9986,0.9812,0.9785,-1.0,-1.0,-1.0,-1.0,-1.0,1.0,0.99995,0.999547,428.0,319.0,20.8898,4.01985,0.263241,49.7174,0.386649,1.000,IN,39869.59663,39836.56137,0.898347,365747.0,69410566.0
27334,6.4724,C,-1.165,44.83,2.978,10.24,PI+SIDIS,0.44,4.4,0.52,2.0,83.771,47.895,83.905,47.972,85.413,48.834,264.009,150.945,85.917,49.122,0.9996,0.9981,0.9779,0.9782,-1.0,-1.0,-1.0,-1.0,-1.0,1.0,0.99997,0.999546,483.0,372.615,22.1696,4.54186,0.270228,49.7378,0.401488,1.000,IN,41250.50933,41215.08767,0.897946,377914.0,71787961.0
27335,6.4724,Cu,-1.165,44.83,2.978,10.24,PI+SIDIS,0.44,4.4,0.52,2.0,77.641,46.814,77.758,46.885,79.153,47.726,246.446,148.598,79.566,47.976,0.9995,0.9984,0.9794,0.9743,-1.0,-1.0,-1.0,-1.0,-1.0,1.0,0.99996,0.999562,268.0,174.154,16.5897,2.3,0.219096,49.7525,0.377202,1.000,IN,38216.2234,38186.6166,0.883277,337957.0,61029743.0
27336,6.4724,Cu,-1.165,44.83,2.978,10.24,PI+SIDIS,0.44,4.4,0.52,2.0,73.036,46.788,73.144,46.857,74.4,47.662,232.08,148.673,74.779,47.904,0.9995,0.9987,0.9792,0.975,-1.0,-1.0,-1.0,-1.0,-1.0,1.0,0.99993,0.999563,267.0,182.0,16.539,2.55349,0.232045,49.7406,0.443391,1.000,IN,35935.94417,35909.71383,0.884806,318748.0,57230550.0
27337,6.4724,Cu,-1.165,44.83,2.978,10.24,PI+SIDIS,0.44,4.4,0.52,2.0,70.94,47.014,71.038,47.079,72.203,47.852,225.129,149.2,72.574,48.097,0.9998,0.9984,0.979,0.9736,-1.0,-1.0,-1.0,-1.0,-1.0,1.0,0.99997,0.999562,247.0,160.077,15.9275,2.31504,0.230344,49.7843,0.415249,1.000,IN,34898.06131,34871.48869,0.883147,309062.0,55589997.0
27338,6.4724,Cu,-1.165,44.83,2.978,10.24,PI+SIDIS,0.44,4.4,0.52,2.0,84.17,47.811,84.277,47.871,85.613,48.63,265.465,150.791,86.041,48.873,0.9996,0.9985,0.9793,0.9753,-1.0,-1.0,-1.0,-1.0,-1.0,1.0,0.99995,0.99956,289.0,189.231,17.2242,2.30325,0.209647,49.7043,0.404875,1.000,IN,41430.32936,41397.97464,0.883747,367340.0,65921332.0
27339,6.4724,Cu,-1.165,44.83,2.978,10.24,PI+SIDIS,0.44,4.4,0.52,2.0,81.691,47.58,81.793,47.64,83.034,48.362,258.053,150.301,83.466,48.614,0.9996,0.998,0.9794,0.9742,-1.0,-1.0,-1.0,-1.0,-1.0,1.0,0.99994,0.999561,261.0,160.846,16.3922,2.01952,0.205813,49.7033,0.417057,1.000,IN,40206.46473,40174.56527,0.883232,355982.0,63979640.0
27340,6.4724,Cu,-1.165,44.83,2.978,10.24,PI+SIDIS,0.44,4.4,0.52,2.0,75.797,46.63,75.89,46.687,77.013,47.378,241.772,148.737,77.401,47.617,0.9998,0.9983,0.9756,0.9742,-1.0,-1.0,-1.0,-1.0,-1.0,1.0,0.99996,0.999564,256.0,163.923,16.2198,2.21775,0.219442,49.6534,0.354536,1.000,IN,37389.46622,37359.57778,0.884314,330901.0,59283412.0
27341,6.4724,Cu,-1.165,44.83,2.978,10.24,PI+SIDIS,0.44,4.4,0.52,2.0,77.871,46.576,78.001,46.654,79.116,47.32,248.376,148.558,79.521,47.563,0.9998,0.9988,0.9753,0.9738,-1.0,-1.0,-1.0,-1.0,-1.0,1.0,0.99998,0.999564,239.0,147.846,15.6848,1.94687,0.20654,49.6422,0.366988,1.000,IN,38333.40884,38305.97216,0.883766,341926.0,60959784.0
27342,6.4724,Cu,-1.165,44.83,2.978,10.24,PI+SIDIS,0.44,4.4,0.52,2.0,31.563,46.99,31.627,47.084,32.07,47.744,100.173,149.132,32.234,47.988,1.0,0.999,0.9779,0.9717,-1.0,-1.0,-1.0,-1.0,-1.0,1.0,0.99994,0.999563,127.0,91.3077,11.3906,2.97129,0.370667,49.5565,0.423828,1.000,IN,15489.73779,15476.79721,0.881038,138343.0,24754487.0
27343,6.4724,Cu,-1.165,44.83,2.978,10.24,PI+SIDIS,0.44,4.4,0.52,2.0,76.985,47.156,76.996,47.163,78.061,47.816,244.19,149.575,78.454,48.056,0.9997,0.9991,0.9814,0.9738,-1.0,-1.0,-1.0,-1.0,-1.0,1.0,0.99993,0.999562,252.0,159.308,16.0975,2.12549,0.214774,49.4027,0.458231,1.000,IN,37840.37385,37808.89915,0.880167,338889.0,60467129.0
27344,6.4724,Cu,-1.165,44.83,2.978,10.24,PI+SIDIS,0.44,4.4,0.52,2.0,86.005,47.479,86.069,47.514,87.247,48.165,272.033,150.175,87.676,48.401,0.9998,0.9987,0.9784,0.9744,-1.0,-1.0,-1.0,-1.0,-1.0,1.0,0.99997,0.999562,300.0,200.692,17.5396,2.39356,0.209187,49.0247,1.64499,1.000,IN,42315.00467,42278.99933,0.879129,378772.0,67342975.0
27345,6.4724,Cu,-1.165,44.83,2.978,10.24,PI+SIDIS,0.44,4.4,0.52,2.0,75.557,46.642,75.655,46.703,76.669,47.329,240.786,148.641,77.05,47.564,0.9997,0.9987,0.9785,0.9758,-1.0,-1.0,-1.0,-1.0,-1.0,1.0,0.99996,0.999565,230.0,137.846,15.3977,1.86787,0.208644,48.9126,0.652938,1.000,IN,37179.05802,37150.83598,0.876521,333297.0,59106466.0
27347,6.4724,Cu,-1.165,44.83,2.978,10.24,PI+SIDIS,0.44,4.4,0.52,2.0,80.162,47.399,80.3,47.481,81.338,48.095,254.156,150.28,81.762,48.345,0.9998,0.9986,0.9783,0.9748,-1.0,-1.0,-1.0,-1.0,-1.0,1.0,0.99996,0.999563,276.0,176.692,16.8416,2.25782,0.215206,49.9879,1.34045,1.000,IN,39468.53385,39438.92215,0.882447,350280.0,62750513.0
27348,6.4724,Cu,-1.165,44.83,2.978,10.24,PI+SIDIS,0.44,4.4,0.52,2.0,83.329,46.026,83.446,46.091,84.515,46.681,266.913,147.428,84.964,46.929,0.9997,0.9988,0.9767,0.9755,-1.0,-1.0,-1.0,-1.0,-1.0,1.0,0.99999,0.999567,274.0,172.0,16.7883,2.11364,0.206305,51.2114,0.415776,1.000,IN,41015.78999,40984.01701,0.884628,365636.0,65137862.0
27349,6.4724,Cu,-1.165,44.83,2.978,10.24,PI+SIDIS,0.44,4.4,0.52,2.0,102.446,47.264,102.463,47.272,103.819,47.897,324.62,149.765,104.344,48.14,0.9999,0.9989,0.9785,0.9734,-1.0,-1.0,-1.0,-1.0,-1.0,1.0,0.99997,0.999563,376.0,254.769,19.6297,2.55473,0.196839,51.2771,0.402574,1.000,IN,50380.4444,50341.5326,0.886725,448507.0,80059953.0
27350,6.4724,Cu,-1.165,44.83,2.978,10.24,PI+SIDIS,0.44,4.4,0.52,2.0,108.019,47.905,108.124,47.952,109.58,48.598,340.745,151.118,110.144,48.848,0.9998,0.9988,0.9787,0.9755,-1.0,-1.0,-1.0,-1.0,-1.0,1.0,0.99997,0.999561,378.0,246.923,19.6998,2.3416,0.186816,51.2396,0.352247,1.000,IN,53179.51128,53138.17472,0.886324,473726.0,84499260.0
27352,6.4724,LH2,-5.39,13.995,3.61,27.72,HMSHEE,-999,-999,-999,-999,133642.529,66.536,133956.666,66.693,135319.931,67.372,297185.053,147.959,131320.932,65.381,0.9981,0.199,-999,-999,-1.0,-1.0,-1.0,17.0,-1.0,-1.0,0.99915,0.999852,-999,-999,-999,263.347,0.183064,-999,-999,1.023,IN,-999,-999,-999,60259395.0,54852.0
27355,6.4724,Dummy,-5.39,13.995,3.61,27.72,HMSHEE,-999,-999,-999,-999,33307.12,36.141,33295.466,36.128,33699.754,36.567,139439.049,151.303,33895.411,36.779,0.9988,0.211,-999,-999,-1.0,-1.0,-1.0,2.0,-1.0,-1.0,0.9987,0.999969,-999,-999,-999,81.7242,0.070152,-999,-999,1.000,IN,-999,-999,-999,4849921.0,15519.0
27356,6.4724,LD2,-5.39,13.995,3.61,27.72,HMSHEE,-999,-999,-999,-999,95055.112,55.14,95268.694,55.264,96921.611,56.223,256474.54,148.777,97455.524,56.533,0.9975,0.2307,-999,-999,-1.0,-1.0,-1.0,17.0,-1.0,-1.0,0.9988,0.999732,-999,-999,-999,447.953,0.28325,-999,-999,1.011,IN,-999,-999,-999,73630755.0,68867.0
27357,6.4724,LH2,-3.7,27.01,3.61,27.72,HMSHEEP,-999,-999,-999,-999,6.484,70.204,6.5,70.376,6.561,71.041,13.961,151.161,6.359,68.848,1.0,0.9999,0.0,0.9882,-1.0,-1.0,-1.0,-1.0,-1.0,1.0,1.0,0.999998,1.0,1.0,1.0,0.155683,0.155683,53.0751,0.245959,1.024,IN,3065.62636,3063.05564,0.99194,16202.0,2683.0
27358,6.4724,LH2,-1.165,44.83,-3.837,10.24,PI-SIDIS,0.44,4.4,0.67,2.0,120.18,68.541,120.406,68.67,121.442,69.261,263.846,150.476,118.177,67.398,0.9999,0.9988,0.9823,0.9565,-1.0,-1.0,-1.0,-1.0,-1.0,1.0,0.99997,0.999613,213.0,176.846,14.6895,1.53575,0.127565,51.307,0.411551,1.024,IN,59179.12484,59141.71716,0.908082,417086.0,815117663.0
27361,6.4724,LH2,-1.165,44.83,-3.837,10.24,PI-SIDIS,0.44,4.4,0.67,2.0,126.156,68.946,126.414,69.087,127.375,69.612,275.533,150.583,123.996,67.766,0.9998,0.9988,0.9832,0.9508,-1.0,-1.0,-1.0,-1.0,-1.0,1.0,0.99998,0.999612,251.0,216.308,15.927,1.80004,0.132539,51.2423,0.366618,1.024,IN,62149.73232,62106.32668,0.90672,436378.0,854288784.0
27362,6.4724,LH2,-1.165,44.83,-3.837,10.24,PI-SIDIS,0.44,4.4,0.67,2.0,108.477,69.348,108.577,69.412,109.403,69.94,236.567,151.235,106.5,68.084,0.9999,0.9984,0.9846,0.957,-1.0,-1.0,-1.0,-1.0,-1.0,1.0,1.0,0.999612,205.0,176.462,14.3943,1.69841,0.138543,51.3055,0.397303,1.024,IN,53427.2785,53390.3655,0.906696,374776.0,733194950.0
27363,6.4724,LH2,-1.165,44.83,-3.837,10.24,PI-SIDIS,0.44,4.4,0.67,2.0,82.781,65.987,82.911,66.09,83.527,66.581,185.323,147.725,81.388,64.877,0.9999,0.9989,0.9834,0.9564,-1.0,-1.0,-1.0,-1.0,-1.0,1.0,0.99999,0.999618,144.0,121.231,12.0728,1.52901,0.152266,51.2704,0.328527,1.023,IN,40698.99219,40667.54281,0.906794,287188.0,560483473.0
27364,6.4724,LH2,-1.165,44.83,-3.837,10.24,PI-SIDIS,0.44,4.4,0.67,2.0,105.382,66.395,105.607,66.536,106.336,66.996,235.213,148.193,103.605,65.275,0.9997,0.9993,0.9822,0.9565,-1.0,-1.0,-1.0,-1.0,-1.0,1.0,0.99993,0.999617,220.0,190.923,14.9076,1.89078,0.147635,51.2768,0.359179,1.023,IN,52033.80776,51990.61924,0.90615,366452.0,713700280.0
27365,6.4724,LH2,-1.165,44.83,-3.837,10.24,PI-SIDIS,0.44,4.4,0.67,2.0,122.745,68.416,123.013,68.566,123.824,69.018,269.544,150.24,120.763,67.312,0.9998,0.9989,0.9846,0.9545,-1.0,-1.0,-1.0,-1.0,-1.0,1.0,0.99997,0.999613,229.0,194.385,15.2205,1.6559,0.129659,51.247,0.38765,1.024,IN,60467.61182,60423.98018,0.907612,425124.0,830963556.0
27366,6.4724,LH2,-1.165,44.83,-3.837,10.24,PI-SIDIS,0.44,4.4,0.67,2.0,115.86,67.761,116.093,67.898,116.845,68.337,255.546,149.458,113.868,66.597,0.9999,0.999,0.984,0.9625,-1.0,-1.0,-1.0,-1.0,-1.0,1.0,0.99998,0.999614,204.0,170.692,14.3723,1.52778,0.128639,51.2433,0.388455,1.023,IN,57057.49774,57017.35626,0.905977,401553.0,784223145.0
27367,6.4724,LH2,-1.165,44.83,-3.837,10.24,PI-SIDIS,0.44,4.4,0.67,2.0,119.361,68.554,119.456,68.608,120.268,69.075,261.496,150.187,117.093,67.251,0.9998,0.9992,0.9829,0.9608,-1.0,-1.0,-1.0,-1.0,-1.0,1.0,0.99997,0.999613,222.0,186.692,14.9905,1.62699,0.13064,51.2994,0.410452,1.024,IN,58717.61348,58673.71052,0.907156,412985.0,806819774.0
27368,6.4724,LH2,-1.165,44.83,-3.837,10.24,PI-SIDIS,0.44,4.4,0.67,2.0,115.141,68.926,115.313,69.03,116.096,69.498,251.715,150.684,113.142,67.73,0.9998,0.9996,0.9846,0.9524,-1.0,-1.0,-1.0,-1.0,-1.0,1.0,0.99997,0.999612,232.0,201.692,15.3079,1.83693,0.139418,51.299,0.351576,1.024,IN,56679.08178,56641.32322,0.90798,399829.0,778609684.0
27369,6.4724,LH2,-1.165,44.83,-3.837,10.24,PI-SIDIS,0.44,4.4,0.67,2.0,119.376,68.988,119.625,69.132,120.415,69.589,260.946,150.802,117.337,67.81,0.9998,0.9991,0.9836,0.9575,-1.0,-1.0,-1.0,-1.0,-1.0,1.0,0.99998,0.999612,206.0,171.923,14.4437,1.50131,0.126129,51.2843,0.367265,1.024,IN,58797.44939,58755.69861,0.906595,412383.0,808010422.0
27370,6.4724,LH2,-1.165,44.83,-3.837,10.24,PI-SIDIS,0.44,4.4,0.67,2.0,129.472,70.189,129.74,70.334,130.612,70.807,280.13,151.864,127.101,68.904,0.9999,0.9993,0.9757,0.9477,-1.0,-1.0,-1.0,-1.0,1.0,-1.0,0.99954,0.99961,213.0,176.154,14.6913,1.43348,0.119553,51.2275,0.394478,1.024,IN,63796.34039,63743.22561,0.901061,447330.0,876069992.0
27372,6.4724,LH2,-1.165,44.83,-3.837,10.24,HMSDIS,0.44,4.4,0.67,2.0,62297.598,68.04,62423.809,68.178,62877.207,68.673,137232.21,149.882,61260.623,66.907,0.9999,0.9993,-999,-999,-1.0,-1.0,-1.0,1.0,-1.0,-1.0,0.99948,0.961455,-999,-999,-999,2.35765,0.00614751,-999,-999,1.023,IN,-999,-999,-999,216426.0,421837800.0
27373,6.4724,LH2,-1.165,44.83,-3.837,10.24,HMSDIS,0.44,4.4,0.67,2.0,58378.54,68.272,58463.155,68.371,58891.566,68.872,128278.978,150.018,57420.461,67.151,0.9998,0.9993,-999,-999,-1.0,-1.0,5.0,-1.0,-1.0,-1.0,0.9988,0.961441,-999,-999,-999,2.34937,0.0141848,-999,-999,1.024,IN,-999,-999,-999,202026.0,395030104.0
27375,6.4724,Dummy,-1.165,44.83,-3.837,10.24,PI-SIDIS,0.44,4.4,0.67,2.0,70.262,39.668,70.228,39.649,70.597,39.857,266.199,150.287,70.801,39.972,1.0,0.9985,0.9776,0.961,-1.0,-1.0,-1.0,-1.0,-1.0,1.0,1.0,0.999918,45.0,44.0,6.71393,0.651957,0.0994818,51.2785,0.454305,1.000,-999,34526.07421,34497.15079,0.945659,90780.0,198949801.0
27376,6.4724,Dummy,-1.165,44.83,-3.837,10.24,PI-SIDIS,0.44,4.4,0.67,2.0,51.121,38.809,51.116,38.805,51.415,39.032,194.84,147.916,51.555,39.139,1.0,0.999,0.9693,0.9664,-1.0,-1.0,-1.0,-1.0,-1.0,1.0,1.0,0.999919,28.0,27.5385,5.29486,0.557476,0.107187,51.2986,0.47683,1.000,IN,25108.23107,25088.40593,0.945736,66177.0,144848647.0
27377,6.4724,Dummy,-1.165,44.83,-3.837,10.24,PI-SIDIS,0.44,4.4,0.67,2.0,72.06,39.142,72.084,39.155,72.552,39.409,274.372,149.035,72.771,39.528,1.0,1.0,0.9811,0.9503,-1.0,-1.0,-1.0,-1.0,-1.0,1.0,0.99996,0.999919,26.0,25.5385,5.1025,0.372831,0.0744905,51.5864,0.456786,1.000,IN,35441.30429,35408.78671,0.951634,93363.0,204472097.0
27378,6.4724,Dummy,-1.165,44.83,-3.837,10.24,PI-SIDIS,0.44,4.4,0.67,2.0,67.455,38.844,67.487,38.863,68.057,39.191,257.296,148.164,68.451,39.417,1.0,0.9992,0.9791,0.9362,-1.0,-1.0,-1.0,-1.0,-1.0,1.0,1.0,0.999919,31.0,29.3077,5.57944,0.463866,0.0883084,51.2796,0.533285,1.000,IN,33168.16102,33141.29798,0.950318,87349.0,191404203.0
27379,6.4724,Dummy,-1.165,44.83,-3.837,10.24,HMSDIS,0.44,4.4,0.67,2.0,36416.132,39.252,36424.1,39.261,36801.802,39.668,138422.467,149.202,37031.725,39.916,0.9998,0.9991,-999,-999,-1.0,-1.0,-1.0,1.0,-1.0,-1.0,0.99983,0.991858,-999,-999,-999,0.719678,0.00444585,-999,-999,1.000,IN,-999,-999,-999,47052.0,103286608.0
27381,6.4724,LH2,-1.165,44.83,-3.837,10.24,PI-SIDIS,0.44,4.4,0.67,2.0,121.854,67.477,122.032,67.576,123.981,68.655,269.621,149.304,119.833,66.358,0.9998,0.9993,0.9852,0.9593,-1.0,-1.0,-1.0,-1.0,-1.0,1.0,1.0,0.999617,245.0,208.0,15.7431,1.77714,0.134509,51.258,0.37843,1.023,IN,60118.00046,60066.35154,0.909606,421577.0,825247035.0
27382,6.4724,LH2,-1.165,44.83,-3.837,10.24,PI-SIDIS,0.44,4.4,0.67,2.0,116.696,68.283,116.913,68.41,118.824,69.528,256.184,149.903,114.706,67.119,1.0,0.9994,0.9834,0.9625,-1.0,-1.0,-1.0,-1.0,-1.0,1.0,0.99999,0.999615,243.0,211.692,15.6655,1.88125,0.139215,51.1964,0.349154,1.024,IN,57463.08793,57419.86707,0.908285,403578.0,790242284.0
27383,6.4724,LH2,-1.165,44.83,-3.837,10.24,PI-SIDIS,0.44,4.4,0.67,2.0,125.927,68.445,126.18,68.582,127.336,69.211,276.474,150.271,123.761,67.267,0.9999,0.9986,0.984,0.9592,-1.0,-1.0,-1.0,-1.0,-1.0,1.0,0.99998,0.999614,240.0,203.769,15.5816,1.6838,0.128755,51.2983,0.498568,1.024,IN,62085.13828,62039.45272,0.907855,436342.0,852405987.0
27384,6.4724,LH2,-1.165,44.83,-3.837,10.24,PI-SIDIS,0.44,4.4,0.67,2.0,121.119,69.528,121.387,69.682,122.394,70.259,263.391,151.198,118.977,68.298,1.0,0.9989,0.983,0.961,-1.0,-1.0,-1.0,-1.0,-1.0,1.0,0.99997,0.999612,241.0,206.308,15.6099,1.76862,0.133819,51.241,0.404361,1.024,IN,59678.30274,59631.22026,0.907698,418565.0,819991021.0
27385,6.4724,LH2,-1.165,44.83,-3.837,10.24,PI-SIDIS,0.44,4.4,0.67,2.0,47.843,68.965,47.951,69.121,48.492,69.901,104.321,150.378,47.019,67.777,0.9998,0.9999,0.9863,0.9654,-1.0,-1.0,-1.0,-1.0,-1.0,1.0,1.0,0.999612,90.0,77.4615,9.53753,1.67366,0.206071,51.1903,0.405676,1.024,IN,23487.34994,23468.39106,0.90904,164881.0,324118892.0
27386,6.4724,LH2,-1.165,44.83,-3.837,10.24,PI-SIDIS,0.44,4.4,0.67,2.0,117.343,69.545,117.597,69.695,119.245,70.672,255.277,151.292,115.293,68.33,0.9998,0.9991,0.9853,0.9548,-1.0,-1.0,-1.0,-1.0,-1.0,1.0,0.99997,0.999613,239.0,205.538,15.5426,1.83099,0.138458,51.2268,0.345346,1.024,IN,57806.34883,57761.72517,0.908519,405230.0,794838093.0
27387,6.4724,LH2,-1.165,44.83,-3.837,10.24,PI-SIDIS,0.44,4.4,0.67,2.0,103.559,69.38,103.675,69.458,104.467,69.989,225.375,150.992,101.652,68.102,0.9997,0.9987,0.9831,0.9516,-1.0,-1.0,-1.0,-1.0,-1.0,1.0,1.0,0.999612,208.0,179.308,14.4985,1.81803,0.147003,51.3586,0.348941,1.024,IN,50944.76249,50907.90151,0.904961,356999.0,699859874.0
27388,6.4724,LH2,-1.165,44.83,-3.837,10.24,PI-SIDIS,0.44,4.4,0.67,2.0,106.865,67.012,107.029,67.115,108.106,67.79,237.242,148.767,105.054,65.876,1.0,0.9984,0.9834,0.9525,-1.0,-1.0,-1.0,-1.0,-1.0,1.0,0.99998,0.999617,187.0,158.538,13.7546,1.55517,0.134925,51.3046,0.348637,1.023,IN,52591.83797,52556.73703,0.906315,370574.0,723188735.0
27389,6.4724,LH2,-1.165,44.83,-3.837,10.24,PI-SIDIS,0.44,4.4,0.67,2.0,116.875,69.093,117.098,69.225,118.687,70.165,255.044,150.775,114.845,67.893,0.9998,0.9985,0.9845,0.9584,-1.0,-1.0,-1.0,-1.0,-1.0,1.0,0.99997,0.999613,226.0,190.692,15.1234,1.69956,0.134788,51.2297,0.427052,1.024,IN,57555.6819,57516.7711,0.908831,403243.0,790825180.0
27390,6.4724,LH2,-1.165,44.83,-3.837,10.24,PI-SIDIS,0.44,4.4,0.67,2.0,119.114,69.401,119.37,69.55,121.221,70.629,259.155,150.995,117.057,68.202,0.9998,0.9985,0.9843,0.9558,-1.0,-1.0,-1.0,-1.0,-1.0,1.0,0.99997,0.999613,252.0,216.154,15.9611,1.89496,0.139927,51.2765,0.411295,1.024,IN,58682.87218,58640.67282,0.904695,412147.0,806148127.0
27391,6.4724,LH2,-1.165,44.83,-3.837,10.24,PI-SIDIS,0.44,4.4,0.67,2.0,113.312,67.663,113.564,67.813,115.353,68.881,250.191,149.398,111.476,66.566,0.9997,0.9987,0.9841,0.9584,-1.0,-1.0,-1.0,-1.0,-1.0,1.0,0.99997,0.999616,223.0,191.231,15.0148,1.75758,0.137999,51.2104,0.374969,1.023,IN,55822.22131,55778.48769,0.909508,393606.0,767597792.0
27392,6.4724,Dummy,-1.165,44.83,-3.837,10.24,PI-SIDIS,0.44,4.4,0.67,2.0,77.018,39.932,77.022,39.934,78.026,40.455,291.02,150.888,78.475,40.687,0.9981,1.0,0.982,0.9513,-1.0,-1.0,-1.0,-1.0,-1.0,1.0,1.0,0.999918,28.0,26.4615,5.30267,0.361833,0.0725084,51.3552,0.500873,1.000,IN,37871.73715,37842.61385,0.944159,99795.0,218232298.0
27393,6.4724,Dummy,-1.165,44.83,-3.837,10.24,PI-SIDIS,0.44,4.4,0.67,2.0,71.634,40.339,71.58,40.308,72.515,40.835,269.807,151.935,72.908,41.057,1.0,0.996,0.9806,0.9557,-1.0,-1.0,-1.0,-1.0,-1.0,1.0,1.0,0.999918,33.0,31.7692,5.7528,0.464401,0.0840941,51.201,0.296177,1.000,IN,35192.46812,35164.28488,0.94828,92298.0,202790142.0
27394,6.4724,Dummy,-1.165,44.83,-3.837,10.24,PI-SIDIS,0.44,4.4,0.67,2.0,52.173,40.207,52.163,40.2,52.813,40.7,196.615,151.523,53.09,40.915,1.0,0.9989,0.976,0.9524,-1.0,-1.0,-1.0,-1.0,-1.0,1.0,1.0,0.999918,24.0,23.5385,4.9026,0.473801,0.0986835,51.25,0.273264,1.000,IN,25626.40071,25606.20829,0.938471,67248.0,147769112.0
27395,6.4724,Dummy,-1.165,44.83,-3.837,10.24,PI-SIDIS,0.44,4.4,0.67,2.0,86.828,39.679,86.851,39.69,87.842,40.143,328.936,150.319,88.298,40.351,1.0,0.9981,0.9777,0.9447,-1.0,-1.0,-1.0,-1.0,-1.0,1.0,1.0,0.999918,56.0,53.9231,7.49398,0.657213,0.0913364,51.2606,0.334672,1.000,IN,42715.74193,42677.82407,0.940168,112422.0,246380808.0
27396,6.4724,Dummy,-1.165,44.83,-3.837,10.24,PI-SIDIS,0.44,4.4,0.67,2.0,71.831,39.82,71.855,39.834,72.618,40.256,271.902,150.732,72.991,40.463,1.0,0.9985,0.9767,0.9456,-1.0,-1.0,-1.0,-1.0,-1.0,1.0,1.0,0.999918,43.0,41.8462,6.5642,0.615873,0.096609,51.25,0.337271,1.000,IN,35324.13282,35295.75618,0.946708,92516.0,203748561.0
27397,6.4724,Dummy,-1.165,44.83,-3.837,10.24,PI-SIDIS,0.44,4.4,0.67,2.0,76.126,40.044,76.094,40.028,76.857,40.429,287.8,151.391,77.246,40.634,1.0,0.9985,0.9798,0.9494,-1.0,-1.0,-1.0,-1.0,-1.0,1.0,1.0,0.999918,29.0,28.1538,5.3912,0.389707,0.0746253,51.3125,0.300035,1.000,IN,37417.31589,37388.52411,0.950781,98597.0,215690459.0
27399,6.4724,LD2,-1.165,44.83,-2.987,10.24,PI-SIDIS,0.44,4.4,0.52,2.0,49.404,27.792,49.402,27.79,49.797,28.013,266.526,149.931,50.024,28.141,0.9999,0.9988,0.9852,0.9788,-1.0,-1.0,-1.0,-1.0,-1.0,1.0,0.99997,0.999557,257.0,177.0,16.222,3.66092,0.335523,51.2528,0.383753,1.006,IN,24285.87684,24264.10416,0.903606,324496.0,512093677.0
27400,6.4724,LD2,-1.165,44.83,-2.987,10.24,PI-SIDIS,0.44,4.4,0.52,2.0,48.233,28.149,48.236,28.151,48.552,28.335,260.123,151.809,48.64,28.386,1.0,0.9988,0.9843,0.9783,-1.0,-1.0,-1.0,-1.0,-1.0,1.0,0.99997,0.999555,293.0,211.077,17.3003,4.47312,0.366627,51.3249,0.468032,1.006,IN,23712.48629,23693.32071,0.905345,316218.0,499564391.0
27401,6.4724,LD2,-1.165,44.83,-2.987,10.24,PI-SIDIS,0.44,4.4,0.52,2.0,45.493,27.19,45.493,27.19,45.785,27.364,245.062,146.467,45.876,27.419,1.0,0.999,0.9834,0.9777,-1.0,-1.0,-1.0,-1.0,-1.0,1.0,0.99995,0.999559,265.0,191.077,16.4525,4.29614,0.369917,51.2736,0.359587,1.005,IN,22361.62945,22346.23755,0.9054,298350.0,471283630.0
27402,6.4724,LD2,-1.165,44.83,-2.987,10.24,PI-SIDIS,0.44,4.4,0.52,2.0,60.023,27.808,59.961,27.779,60.448,28.004,323.37,149.812,60.71,28.126,1.0,0.9994,0.9848,0.9755,-1.0,-1.0,-1.0,-1.0,-1.0,1.0,0.99998,0.999558,316.0,213.308,17.9972,3.64685,0.307692,51.3019,0.461862,1.006,IN,29485.77476,29462.57824,0.905638,392314.0,620924351.0
27403,6.4724,LD2,-1.165,44.83,-2.978,10.24,PI-SIDIS,0.44,4.4,0.52,2.0,2.983,28.026,2.982,28.013,3.011,28.282,16.123,151.468,3.026,28.423,0.9984,0.9989,0.98,0.9808,-1.0,-1.0,-1.0,-1.0,-1.0,1.0,1.0,0.999555,18.0,12.0,4.29669,4.1095,1.47144,51.19,0.294066,1.006,IN,1414.88459,1413.68141,0.903766,19574.0,30805468.0
27406,6.4724,LD2,-1.165,44.83,-2.978,10.245,PI-SIDIS,0.44,4.4,0.52,2.0,50.609,28.438,50.614,28.441,50.828,28.561,271.119,152.346,50.894,28.598,0.9997,0.9984,0.984,0.9741,-1.0,-1.0,-1.0,-1.0,-1.0,1.0,0.99995,0.999551,307.0,220.769,17.7097,4.47935,0.359325,51.2848,0.312195,1.006,IN,24892.57064,24860.76936,0.908136,323945.0,520338138.0
27407,6.4724,LD2,-1.165,44.83,-2.978,10.245,PI-SIDIS,0.44,4.4,0.52,2.0,47.685,28.17,47.647,28.147,48.026,28.371,254.635,150.425,48.214,28.482,0.9997,0.9978,0.9839,0.9743,-1.0,-1.0,-1.0,-1.0,-1.0,1.0,0.99996,0.999552,295.0,213.385,17.3574,4.59814,0.374027,51.2711,0.346312,1.006,IN,23428.23621,23397.74179,0.909291,305024.0,489725819.0
27408,6.4724,LD2,-1.165,44.83,-2.978,10.245,PI-SIDIS,0.44,4.4,0.52,2.0,47.938,27.926,47.922,27.917,48.563,28.29,257.242,149.854,48.816,28.437,1.0,0.9979,0.9841,0.9759,-1.0,-1.0,-1.0,-1.0,-1.0,1.0,0.99997,0.999555,279.0,193.0,16.9002,4.12697,0.36138,51.2141,0.427799,1.006,IN,23558.67361,23528.19339,0.911039,307337.0,492998283.0
27409,6.4724,LD2,-1.165,44.83,-2.978,10.245,PI-SIDIS,0.44,4.4,0.52,2.0,47.224,28.257,47.219,28.253,47.72,28.554,251.578,150.532,47.865,28.64,0.9997,0.9978,0.9834,0.9743,-1.0,-1.0,-1.0,-1.0,-1.0,1.0,0.99994,0.999551,267.0,189.538,16.5215,4.12138,0.359247,51.3125,0.382399,1.006,IN,23218.40125,23189.16975,0.911512,302699.0,485440237.0
27410,6.4724,LD2,-1.165,44.83,-2.978,10.245,PI-SIDIS,0.44,4.4,0.52,2.0,28.486,28.253,28.498,28.265,28.673,28.439,152.458,151.212,28.697,28.463,1.0,0.9983,0.9835,0.9721,-1.0,-1.0,-1.0,-1.0,-1.0,1.0,0.99992,0.999552,166.0,117.769,13.0273,4.25148,0.470286,51.3139,0.321369,1.006,IN,13988.42279,13969.75321,0.909579,182285.0,292879251.0
27411,6.4724,LD2,-1.165,44.83,-2.978,10.245,PI-SIDIS,0.44,4.4,0.52,2.0,47.884,28.235,47.914,28.253,48.33,28.498,256.375,151.176,48.527,28.615,0.9997,0.9975,0.9827,0.9742,-1.0,-1.0,-1.0,-1.0,-1.0,1.0,0.99996,0.999552,254.0,171.538,16.1352,3.6762,0.345788,51.2302,0.402788,1.006,IN,23559.7918,23531.6632,0.911687,306633.0,492693532.0
27412,6.4724,LD2,-1.165,44.83,-2.978,10.245,PI-SIDIS,0.44,4.4,0.52,2.0,46.959,28.006,46.958,28.005,47.577,28.375,251.589,150.045,47.845,28.534,0.9998,0.9979,0.9844,0.9753,-1.0,-1.0,-1.0,-1.0,-1.0,1.0,0.99996,0.999554,262.0,184.0,16.3707,4.0186,0.35754,51.2472,0.405982,1.006,IN,23085.29294,23059.35606,0.912967,300596.0,482848775.0
27413,6.4724,LD2,-1.165,44.83,-2.978,10.245,PI-SIDIS,0.44,4.4,0.52,2.0,49.93,28.091,49.894,28.071,50.613,28.475,267.742,150.635,50.834,28.6,0.9998,0.9977,0.985,0.9719,-1.0,-1.0,-1.0,-1.0,-1.0,1.0,0.99995,0.999554,274.0,191.154,16.7443,3.94297,0.345389,51.2103,0.425155,1.006,IN,24535.70977,24504.60223,0.911175,320001.0,513132494.0
27414,6.4724,LD2,-1.165,44.83,-2.978,10.245,PI-SIDIS,0.44,4.4,0.52,2.0,43.384,27.123,43.377,27.119,43.759,27.358,232.783,145.533,43.828,27.401,0.9997,0.9976,0.9814,0.9731,-1.0,-1.0,-1.0,-1.0,-1.0,1.0,0.99995,0.999557,216.0,142.231,14.8887,3.37077,0.352853,51.2824,0.357078,1.005,IN,21325.41111,21296.89989,0.910635,278319.0,445990432.0
27415,6.4724,LD2,-1.165,44.83,-2.978,10.245,HMSDIS,0.44,4.4,0.52,2.0,24793.038,28.384,24788.407,28.378,24992.4,28.612,133073.467,152.346,25045.992,28.673,0.9998,0.9976,-999,-999,-1.0,-1.0,-1.0,1.0,-1.0,-1.0,0.99926,0.955245,-999,-999,-999,4.23225,0.0130727,-999,-999,1.006,IN,-999,-999,-999,159612.0,254699455.0
27417,6.4724,LD2,-1.165,44.83,-2.978,10.245,HMSDIS,0.44,4.4,0.52,2.0,23099.577,27.829,23109.814,27.841,23407.039,28.199,124410.013,149.879,23525.957,28.342,0.9997,0.9978,-999,-999,-1.0,-1.0,9.0,-1.0,-1.0,-1.0,0.9989,0.955567,-999,-999,-999,4.24076,0.0406676,-999,-999,1.006,IN,-999,-999,-999,148479.0,238077291.0
27418,6.4724,LH2,-1.165,44.83,-2.978,10.245,PI-SIDIS,0.44,4.4,0.52,2.0,98.034,55.674,98.199,55.767,99.765,56.656,265.781,150.937,100.272,56.944,0.9998,0.9978,0.9807,0.9706,-1.0,-1.0,-1.0,-1.0,-1.0,1.0,0.99999,0.99959,248.0,174.385,15.9268,1.83001,0.167137,51.2053,0.393943,1.019,IN,48400.68889,48341.13511,0.910693,341108.0,499062377.0
27419,6.4724,LH2,-1.165,44.83,-2.978,10.245,PI-SIDIS,0.44,4.4,0.52,2.0,66.798,55.245,66.847,55.286,67.932,56.183,181.17,149.837,68.276,56.468,0.9997,0.9976,0.9783,0.9685,-1.0,-1.0,-1.0,-1.0,-1.0,1.0,0.99998,0.999591,171.0,119.308,13.2279,1.84342,0.204383,51.2006,0.404185,1.019,IN,32832.65506,32790.51794,0.905918,232385.0,339662472.0
27420,6.4724,LH2,-1.165,44.83,-2.978,10.245,PI-SIDIS,0.44,4.4,0.52,2.0,75.981,55.787,76.092,55.869,77.347,56.79,202.998,149.045,77.729,57.07,1.0,0.998,0.9801,0.9686,-1.0,-1.0,-1.0,-1.0,-1.0,1.0,0.99999,0.999583,185.0,123.077,13.7755,1.66993,0.186908,51.1928,0.375692,1.019,IN,37394.96945,37348.35855,0.910739,263736.0,386784718.0
27421,6.4724,LH2,-1.165,44.83,-2.978,10.245,PI-SIDIS,0.44,4.4,0.52,2.0,97.835,59.124,98.031,59.243,99.669,60.232,246.422,148.919,100.148,60.522,1.0,0.9977,0.9779,0.9665,-1.0,-1.0,-1.0,-1.0,-1.0,1.0,0.99999,0.999557,242.0,163.077,15.7503,1.7212,0.166237,51.214,0.372954,1.020,IN,48323.12896,48252.41604,0.906645,340074.0,497672864.0
27423,6.4724,LH2,-1.165,44.83,-2.978,10.245,PI-SIDIS,0.44,4.4,0.52,2.0,98.868,59.676,99.087,59.808,100.739,60.805,248.202,149.812,101.236,61.105,0.9998,0.9978,0.9792,0.9668,-1.0,-1.0,-1.0,-1.0,-1.0,1.0,0.99996,0.999556,274.0,186.615,16.7548,1.9485,0.174941,51.1505,0.439696,1.021,IN,48706.18603,48646.49897,0.907461,342817.0,502990920.0
27424,6.4724,LH2,-1.165,44.83,-2.978,10.245,PI-SIDIS,0.44,4.4,0.52,2.0,105.292,59.139,105.458,59.233,107.193,60.207,265.399,149.066,107.747,60.518,0.9998,0.9976,0.9809,0.9659,-1.0,-1.0,-1.0,-1.0,-1.0,1.0,0.99998,0.999557,280.0,189.846,16.9392,1.86417,0.166332,51.1924,0.407175,1.020,IN,51915.94687,51848.61413,0.906239,365178.0,535399058.0
27425,6.4724,LH2,-1.165,44.83,-2.978,10.245,PI-SIDIS,0.44,4.4,0.52,2.0,82.424,57.962,82.499,58.015,83.872,58.981,208.989,146.965,84.288,59.273,0.9999,0.9973,0.9775,0.9681,-1.0,-1.0,-1.0,-1.0,-1.0,1.0,0.99999,0.999559,235.0,167.308,15.4986,2.09506,0.194077,51.1991,0.354255,1.020,IN,40663.67023,40609.08577,0.905603,286504.0,418848332.0
27426,6.4724,LH2,-1.165,44.83,-2.978,10.245,PI-SIDIS,0.44,4.4,0.52,2.0,99.604,58.825,99.737,58.903,101.378,59.873,251.407,148.478,101.874,60.166,0.9999,0.9981,0.9815,0.9685,-1.0,-1.0,-1.0,-1.0,-1.0,1.0,0.99998,0.999557,281.0,191.923,16.9662,1.98712,0.175664,51.1922,0.383982,1.020,IN,49027.0947,48966.5663,0.90435,346067.0,506428279.0
27427,6.4724,LH2,-1.165,44.83,-2.978,10.245,PI-SIDIS,0.44,4.4,0.52,2.0,91.058,59.44,91.238,59.558,92.724,60.528,229.163,149.592,93.172,60.82,0.9998,0.9981,0.9784,0.9693,-1.0,-1.0,-1.0,-1.0,-1.0,1.0,0.99999,0.999557,227.0,154.615,15.2502,1.74868,0.172478,51.1736,0.451406,1.020,IN,44866.10453,44808.96647,0.90751,315841.0,463265736.0
27428,6.4724,LH2,-1.165,44.83,-2.978,10.245,PI-SIDIS,0.44,4.4,0.52,2.0,105.717,60.771,105.944,60.902,107.618,61.864,262.824,151.083,108.171,62.182,0.9996,0.9983,0.9781,0.9674,-1.0,-1.0,-1.0,-1.0,-1.0,1.0,0.99997,0.999553,292.0,205.692,17.2812,2.00781,0.168686,51.2175,0.375551,1.021,IN,52098.43131,52029.62069,0.908016,365353.0,537813781.0
27429,6.4724,LH2,-1.165,44.83,-2.978,10.245,PI-SIDIS,0.44,4.4,0.52,2.0,107.833,60.753,108.021,60.858,109.701,61.805,268.523,151.284,110.285,62.134,0.9996,0.9983,0.9711,0.9599,-1.0,-1.0,-1.0,-1.0,1.0,-1.0,0.99951,0.999554,310.0,216.154,17.8106,2.08649,0.171923,51.2265,0.385002,1.021,IN,53241.05907,53177.91993,0.896145,373457.0,548207338.0
27430,6.4724,LH2,-1.165,44.83,-2.978,10.245,HMSDIS,0.44,4.4,0.52,2.0,54520.915,57.584,54556.674,57.622,55440.811,58.555,139385.589,147.216,55719.672,58.85,0.9999,0.9984,-999,-999,-1.0,-1.0,-1.0,1.0,-1.0,-1.0,0.99957,0.956213,-999,-999,-999,2.34286,0.00655488,-999,-999,1.020,IN,-999,-999,-999,188480.0,276944293.0
27431,6.4724,LH2,-1.165,44.83,-2.978,10.245,HMSDIS,0.44,4.4,0.52,2.0,53708.0,60.569,53771.436,60.641,54648.137,61.629,133644.595,150.718,54916.956,61.933,0.9998,0.9983,-999,-999,-1.0,-1.0,5.0,-1.0,-1.0,-1.0,0.99903,0.95546,-999,-999,-999,2.37308,0.0148634,-999,-999,1.021,IN,-999,-999,-999,185784.0,272912094.0
27432,6.4724,Dummy,-1.165,44.83,-2.978,10.245,PI-SIDIS,0.44,4.4,0.52,2.0,72.378,40.099,72.394,40.108,73.356,40.641,273.129,151.319,73.727,40.846,1.0,0.9987,0.9708,0.9633,-1.0,-1.0,-1.0,-1.0,-1.0,1.0,0.99996,0.999897,39.0,36.0769,6.26297,0.517348,0.089812,51.327,0.44986,1.000,IN,35599.47778,35555.84022,0.939798,92323.0,151082730.0
27433,6.4724,Dummy,-1.165,44.83,-2.978,10.245,PI-SIDIS,0.44,4.4,0.52,2.0,68.339,39.723,68.374,39.744,69.302,40.283,258.332,150.16,69.652,40.487,1.0,0.998,0.976,0.96,-1.0,-1.0,-1.0,-1.0,-1.0,1.0,1.0,0.999898,26.0,22.8462,5.12275,0.348057,0.0780443,51.3981,0.23968,1.000,IN,33696.23382,33657.96418,0.942489,86962.0,142799327.0
27435,6.4724,Dummy,-1.165,44.83,-2.978,10.245,PI-SIDIS,0.44,4.4,0.52,2.0,45.809,39.685,45.789,39.668,46.475,40.262,173.166,150.016,46.706,40.462,1.0,0.9957,0.965,0.9562,-1.0,-1.0,-1.0,-1.0,-1.0,1.0,1.0,0.999898,31.0,28.7692,5.58315,0.65708,0.127517,51.3533,0.356949,1.000,IN,22487.81885,22459.69415,0.947095,58459.0,95840942.0
27436,6.4724,Dummy,-1.165,44.83,-2.978,10.245,PI-SIDIS,0.44,4.4,0.52,2.0,58.466,40.036,58.498,40.058,59.133,40.493,220.467,150.972,59.436,40.701,1.0,1.0,0.9812,0.9672,-1.0,-1.0,-1.0,-1.0,-1.0,1.0,1.0,0.999897,33.0,29.4615,5.76821,0.520713,0.101949,51.1856,0.570608,1.000,IN,28765.29705,28708.83395,0.943532,74147.0,122398707.0
27437,6.4724,Dummy,-1.165,44.83,-2.978,10.245,PI-SIDIS,0.44,4.4,0.52,2.0,94.778,40.243,94.735,40.225,96.032,40.776,355.984,151.154,96.507,40.978,1.0,0.9995,0.9729,0.9531,-1.0,-1.0,-1.0,-1.0,-1.0,1.0,1.0,0.999897,64.0,58.3846,8.02695,0.646621,0.0889,51.1734,0.361007,1.000,IN,46615.35828,46544.11072,0.933721,120681.0,198057826.0
27438,6.4724,Dummy,-1.165,44.83,-2.978,10.245,HMSDIS,0.44,4.4,0.52,2.0,35915.914,39.741,35914.061,39.739,36296.309,40.162,135653.592,150.1,36410.593,40.288,0.9999,0.9988,-999,-999,-1.0,-1.0,-1.0,1.0,-1.0,-1.0,0.99983,0.989771,-999,-999,-999,0.719603,0.00447684,-999,-999,1.000,IN,-999,-999,-999,45815.0,75035759.0
27439,6.4724,LD2,-1.165,44.83,-2.978,10.245,PI-SIDIS,0.44,4.4,0.52,2.0,48.562,28.024,48.567,28.027,48.828,28.178,260.787,150.495,48.875,28.205,0.9997,0.9986,0.9833,0.9747,-1.0,-1.0,-1.0,-1.0,-1.0,1.0,0.99996,0.999554,262.0,175.385,16.3909,3.70618,0.346369,51.2848,0.344572,1.006,IN,23883.21564,23851.00336,0.908413,311448.0,499825793.0
27440,6.4724,LD2,-1.165,44.83,-2.978,10.245,PI-SIDIS,0.44,4.4,0.52,2.0,40.566,27.937,40.586,27.951,40.971,28.216,218.183,150.261,41.15,28.34,1.0,0.9982,0.9823,0.9742,-1.0,-1.0,-1.0,-1.0,-1.0,1.0,0.99996,0.999555,260.0,192.231,16.2854,4.862,0.411897,51.1968,0.372708,1.006,IN,20004.29182,19980.08818,0.910439,260270.0,417909241.0
27442,6.4724,LH2,-1.165,26.6,-2.738,7.5,PI-SIDIS,0.16,1.6,0.5,2.0,33.7,20.993,33.664,20.97,34.023,21.194,191.92,119.554,33.041,20.582,0.9997,0.9987,0.9844,0.9756,-1.0,-1.0,-1.0,-1.0,-1.0,1.0,0.99987,0.999556,1939.0,1311.08,44.5792,39.9371,1.35794,51.2135,0.36154,1.007,IN,16551.05206,16530.19994,0.908673,2075722.0,465822446.0
27443,6.4724,LH2,-1.165,26.6,-2.738,7.5,PI-SIDIS,0.16,1.6,0.5,2.0,36.655,21.017,36.63,21.003,37.029,21.232,208.84,119.745,36.002,20.643,0.9998,0.9987,0.9847,0.9747,-1.0,-1.0,-1.0,-1.0,-1.0,1.0,0.99989,0.999556,2103.0,1417.62,46.4298,39.7179,1.30084,51.2224,0.370539,1.007,IN,18013.23232,17989.76168,0.908898,2257717.0,506271800.0
27444,6.4724,LH2,-1.165,26.6,-2.738,7.5,PI-SIDIS,0.16,1.6,0.5,2.0,36.191,20.917,36.183,20.913,36.585,21.145,206.342,119.26,35.581,20.565,0.9999,0.9987,0.9845,0.9754,-1.0,-1.0,-1.0,-1.0,-1.0,1.0,0.99985,0.999557,2151.0,1489.38,46.9243,42.2113,1.3299,51.2121,0.36194,1.007,IN,17791.16916,17769.97184,0.908741,2229417.0,500113587.0
27445,6.4724,LH2,-1.165,26.6,-2.738,7.5,PI-SIDIS,0.16,1.6,0.5,2.0,37.522,21.141,37.511,21.135,37.928,21.37,213.949,120.545,37.105,20.906,0.9999,0.9986,0.9843,0.9756,-1.0,-1.0,-1.0,-1.0,-1.0,1.0,0.99987,0.999556,2140.0,1449.77,46.8305,39.6249,1.27997,51.2227,0.361723,1.007,IN,18446.58792,18424.05908,0.908671,2313134.0,518281976.0
27446,6.4724,LH2,-1.165,26.6,-2.738,7.5,PI-SIDIS,0.16,1.6,0.5,2.0,37.668,21.15,37.642,21.135,38.102,21.393,214.895,120.659,37.32,20.954,0.9997,0.9987,0.9845,0.975,-1.0,-1.0,-1.0,-1.0,-1.0,1.0,0.99988,0.999556,2122.0,1421.15,46.6467,38.7386,1.27152,51.2301,0.368234,1.007,IN,18511.97248,18489.35752,0.908951,2320330.0,519975558.0
27447,6.4724,LH2,-1.165,26.6,-2.738,7.5,PI-SIDIS,0.16,1.6,0.5,2.0,36.105,21.057,36.065,21.033,36.535,21.307,206.076,120.184,36.314,21.178,0.9998,0.9986,0.9848,0.9747,-1.0,-1.0,-1.0,-1.0,-1.0,1.0,0.99985,0.999557,2097.0,1440.38,46.3412,40.9897,1.31875,51.224,0.365587,1.007,IN,17730.65807,17709.92293,0.907661,2227551.0,498249631.0
27448,6.4724,LH2,-1.165,26.6,-2.738,7.5,PI-SIDIS,0.16,1.6,0.5,2.0,35.581,20.948,35.56,20.935,36.058,21.228,203.367,119.728,36.225,21.326,0.9998,0.9988,0.9846,0.9755,-1.0,-1.0,-1.0,-1.0,-1.0,1.0,0.99989,0.999557,2006.0,1351.15,45.3472,38.9629,1.30767,51.2151,0.361472,1.007,IN,17484.17978,17464.05322,0.907795,2198537.0,491309559.0
27449,6.4724,LH2,-1.165,26.6,-2.738,7.5,PI-SIDIS,0.16,1.6,0.5,2.0,34.321,21.004,34.314,20.999,34.821,21.309,196.378,120.177,35.012,21.426,0.9998,0.9985,0.9845,0.9751,-1.0,-1.0,-1.0,-1.0,-1.0,1.0,0.9999,0.999559,1925.0,1295.62,44.4231,38.7335,1.32807,51.2202,0.368176,1.007,IN,16867.94207,16848.57293,0.906143,2132305.0,474248966.0
27451,6.4724,LH2,-1.165,26.6,-2.738,7.5,PI-SIDIS,0.16,1.6,0.5,2.0,37.08,21.062,37.077,21.061,37.649,21.386,212.307,120.595,37.887,21.521,0.9998,0.9988,0.9729,0.9623,-1.0,-1.0,-1.0,-1.0,1.0,-1.0,0.96409,0.999557,2121.0,1453.62,46.6083,42.2672,1.35525,51.213,0.361097,1.007,IN,18234.09993,18210.74107,0.899407,2312418.0,512441975.0
27452,6.4724,LH2,-1.165,26.6,-2.738,7.5,HMSDIS,0.16,1.6,0.5,2.0,17028.431,21.009,17028.45,21.009,17298.849,21.342,97554.559,120.357,17414.796,21.485,0.9998,0.9987,-999,-999,-1.0,-1.0,-1.0,2.0,-1.0,-1.0,0.99921,0.955721,-999,-999,-999,43.5163,0.0715268,-999,-999,1.007,-999,-999,-999,-999,1061209.0,235340514.0
27453,6.4724,LH2,-1.165,26.6,-2.738,7.5,HMSDIS,0.16,1.6,0.5,2.0,18654.248,20.931,18646.403,20.922,18957.495,21.271,106902.414,119.948,19083.701,21.413,0.9996,0.9987,-999,-999,-1.0,-1.0,33.0,-1.0,-1.0,-1.0,0.99928,0.955787,-999,-999,-999,43.7853,0.278526,-999,-999,1.007,IN,-999,-999,-999,1165540.0,257721441.0
27454,6.4724,Dummy,-1.165,26.6,-2.738,7.5,PI-SIDIS,0.16,1.6,0.5,2.0,72.66,46.044,72.692,46.064,73.325,46.465,228.419,144.747,73.634,46.661,0.9998,0.9985,0.9853,0.9763,-1.0,-1.0,-1.0,-1.0,-1.0,1.0,0.99988,0.99959,1404.0,950.846,37.9323,13.4023,0.534659,51.2692,0.342925,1.000,IN,35727.1242,35675.5498,0.905843,1595204.0,401816598.0
27455,6.4724,Dummy,-1.165,26.6,-2.738,7.5,PI-SIDIS,0.16,1.6,0.5,2.0,84.611,49.079,84.671,49.114,85.152,49.393,258.769,150.1,85.538,49.617,0.9998,0.9987,0.9847,0.9775,-1.0,-1.0,-1.0,-1.0,-1.0,1.0,0.99992,0.999582,1585.0,1041.0,40.3342,12.5812,0.487466,51.2858,0.348779,1.000,IN,41637.46393,41579.30907,0.906155,1851733.0,467305133.0
27456,6.4724,Dummy,-1.165,26.6,-2.738,7.5,PI-SIDIS,0.16,1.6,0.5,2.0,85.67,49.448,85.757,49.498,86.623,49.998,261.794,151.105,87.314,50.397,0.9998,0.9987,0.9842,0.9751,-1.0,-1.0,-1.0,-1.0,-1.0,1.0,0.99988,0.999582,1628.0,1077.85,40.8695,12.8936,0.488898,51.2287,0.357661,1.000,IN,42169.40512,42117.44088,0.907313,1874632.0,473620585.0
27457,6.4724,Dummy,-1.165,26.6,-2.738,7.5,HMSDIS,0.16,1.6,0.5,2.0,37553.777,46.793,37588.878,46.837,38071.121,47.438,117326.752,146.193,38386.32,47.83,0.9997,0.9985,-999,-999,-1.0,-1.0,-1.0,2.0,-1.0,-1.0,0.99928,0.959008,-999,-999,-999,15.3223,0.0285672,-999,-999,1.000,IN,-999,-999,-999,823997.0,207749868.0
27458,6.4724,LH2,-1.165,26.6,-2.738,7.5,PI-SIDIS,0.16,1.6,0.5,2.0,37.706,21.165,37.685,21.153,38.273,21.483,215.882,121.177,38.562,21.645,0.9998,0.9984,0.9852,0.9758,-1.0,-1.0,-1.0,-1.0,-1.0,1.0,0.99987,0.999557,2143.0,1443.85,46.8698,39.2765,1.27499,51.2342,0.361349,1.007,IN,18533.02938,18510.76362,0.904504,2354902.0,520838417.0
27459,6.4724,LH2,-1.165,26.6,-2.738,7.5,PI-SIDIS,0.16,1.6,0.5,2.0,7.026,20.8,7.017,20.773,7.11,21.048,40.104,118.724,7.153,21.175,0.9999,0.9986,0.9839,0.9738,-1.0,-1.0,-1.0,-1.0,-1.0,1.0,0.99987,0.999558,380.0,247.385,19.7535,36.2118,2.89149,51.2639,0.374747,1.007,IN,3433.3332,3429.5418,0.901988,439316.0,96977274.0
27460,6.4724,LH2,-1.165,26.6,-2.738,7.5,PI-SIDIS,0.16,1.6,0.5,2.0,36.246,21.048,36.226,21.037,36.466,21.176,205.717,119.461,36.591,21.248,0.9998,0.9987,0.9842,0.9751,-1.0,-1.0,-1.0,-1.0,-1.0,1.0,0.99986,0.999556,2041.0,1366.77,45.7478,38.7056,1.29553,51.275,0.338493,1.007,IN,17814.83053,17791.57347,0.901502,2262007.0,500286591.0
27461,6.4724,LH2,-1.165,26.6,-2.738,7.5,PI-SIDIS,0.16,1.6,0.5,2.0,36.365,21.008,36.355,21.002,36.708,21.206,207.057,119.615,36.954,21.348,0.9996,0.9985,0.9847,0.9754,-1.0,-1.0,-1.0,-1.0,-1.0,1.0,0.99986,0.999557,2012.0,1338.38,45.4292,37.7631,1.28181,51.2506,0.35858,1.007,IN,17876.27945,17853.57255,0.902942,2272000.0,502017271.0
27462,6.4724,LH2,-1.165,26.6,-2.738,7.5,PI-SIDIS,0.16,1.6,0.5,2.0,39.01,21.124,39.006,21.122,39.515,21.398,222.874,120.688,39.853,21.581,0.9997,0.9981,0.9851,0.9749,-1.0,-1.0,-1.0,-1.0,-1.0,1.0,0.99988,0.999557,2160.0,1436.77,47.0705,37.7988,1.23834,51.2005,0.379804,1.007,IN,19183.96307,19159.84093,0.903875,2436346.0,538986294.0
27463,6.4724,LH2,-1.165,26.6,-2.738,7.5,PI-SIDIS,0.16,1.6,0.5,2.0,27.921,21.126,27.917,21.123,28.347,21.448,159.871,120.962,28.582,21.626,0.9999,0.9984,0.9848,0.9755,-1.0,-1.0,-1.0,-1.0,-1.0,1.0,0.99985,0.999556,1514.0,999.0,39.4159,36.6925,1.44772,51.2002,0.348093,1.007,IN,13718.46141,13702.66859,0.903897,1746970.0,385946493.0
27464,6.4724,LH2,-1.165,26.6,-2.738,7.5,PI-SIDIS,0.16,1.6,0.5,2.0,36.208,20.935,36.181,20.919,36.669,21.201,206.864,119.604,36.924,21.349,0.9998,0.9982,0.9846,0.9745,-1.0,-1.0,-1.0,-1.0,-1.0,1.0,0.99987,0.999559,2083.0,1415.69,46.1988,40.1651,1.31072,51.236,0.348144,1.007,IN,17789.76579,17767.57921,0.903165,2258157.0,500138695.0
27465,6.4724,LH2,-1.165,26.6,-2.738,7.5,PI-SIDIS,0.16,1.6,0.5,2.0,36.59,20.908,36.56,20.891,36.849,21.057,207.883,118.791,37.007,21.147,0.9999,0.9984,0.9842,0.9754,-1.0,-1.0,-1.0,-1.0,-1.0,1.0,0.99985,0.999557,2043.0,1365.92,45.7721,38.3129,1.28387,51.2713,0.357183,1.007,IN,17975.69784,17953.53616,0.901556,2286899.0,504858446.0
27466,6.4724,LH2,-1.165,26.6,-2.738,7.5,PI-SIDIS,0.16,1.6,0.5,2.0,39.417,21.256,39.398,21.245,39.799,21.462,224.504,121.065,40.118,21.634,0.9998,0.9984,0.984,0.9749,-1.0,-1.0,-1.0,-1.0,-1.0,1.0,0.99986,0.999555,2186.0,1452.85,47.3539,37.8383,1.2333,51.2721,0.354786,1.007,IN,19375.83459,19351.68241,0.902834,2461833.0,544064356.0
27467,6.4724,LH2,-1.165,26.6,4.929,7.5,PI+SIDIS,0.16,1.6,0.9,2.0,72.555,58.929,72.675,59.027,73.77,59.916,173.181,140.658,71.583,58.139,0.9997,0.9977,0.9832,0.9803,-1.0,-1.0,-1.0,-1.0,-1.0,1.0,0.99977,0.999786,3953.0,3501.69,63.1484,49.1773,0.886847,51.2624,0.37425,1.020,IN,35667.13161,35621.11939,0.830788,4467821.0,40602657.0
27468,6.4724,LH2,-1.165,26.6,4.929,7.5,PI+SIDIS,0.16,1.6,0.9,2.0,92.565,62.236,92.691,62.321,94.052,63.236,218.479,146.895,93.717,63.011,0.9996,0.9978,0.9848,0.9799,-1.0,-1.0,-1.0,-1.0,-1.0,1.0,0.99977,0.999791,5172.0,4600.31,72.2217,50.6803,0.795647,51.277,0.37223,1.021,IN,45680.31992,45618.59408,0.833522,5706819.0,51769282.0
27469,6.4724,LH2,-1.165,26.6,4.929,7.5,HMSDIS,0.16,1.6,0.9,2.0,47190.365,64.441,47215.109,64.474,47906.839,65.419,108014.192,147.498,47659.944,65.082,0.9997,0.9977,-999,-999,-1.0,-1.0,-1.0,5.0,-1.0,-1.0,0.99884,0.978525,-999,-999,-999,43.2052,0.067691,-999,-999,1.022,IN,-999,-999,-999,2903858.0,26372764.0
27470,6.4724,LH2,-1.165,26.6,4.929,7.5,HMSDIS,0.16,1.6,0.9,2.0,86100.648,63.384,86199.687,63.456,87435.616,64.366,197651.165,145.502,86955.582,64.013,0.9998,0.9977,-999,-999,-1.0,-1.0,65.0,-1.0,-1.0,-1.0,0.9991,0.978545,-999,-999,-999,44.273,0.182815,-999,-999,1.022,IN,-999,-999,-999,5310282.0,48216385.0
27471,6.4724,Dummy,-1.165,26.6,4.929,7.5,PI+SIDIS,0.16,1.6,0.9,2.0,91.935,49.4,92.008,49.44,93.129,50.042,279.895,150.399,93.94,50.478,0.9998,0.9978,0.9872,0.9862,-1.0,-1.0,-1.0,-1.0,-1.0,1.0,1.0,0.999966,1090.0,1057.54,33.0529,11.6572,0.36434,51.3035,0.339483,1.000,IN,45243.96776,45186.61924,0.900728,2026774.0,10839392.0
27472,6.4724,Dummy,-1.165,26.6,4.929,7.5,HMSDIS,0.16,1.6,0.9,2.0,43452.155,49.722,43486.645,49.762,43988.203,50.336,131869.97,150.898,44384.565,50.789,0.9998,0.9981,-999,-999,-1.0,-1.0,-1.0,5.0,-1.0,-1.0,0.99982,0.996589,-999,-999,-999,15.3919,0.0420762,-999,-999,1.000,IN,-999,-999,-999,954101.0,5137628.0
27473,6.4724,LH2,-1.165,26.6,2.738,7.5,PI+SIDIS,0.16,1.6,0.5,2.0,41.941,24.343,41.919,24.331,42.375,24.596,238.967,138.703,42.726,24.799,0.9998,0.9982,0.9805,0.981,-1.0,-1.0,-1.0,-1.0,-1.0,1.0,0.99983,0.999567,3813.0,2686.62,62.4471,65.356,1.51912,51.2455,0.363489,1.008,IN,20631.50346,20605.35354,0.901815,2614539.0,60071903.0
27474,6.4724,LH2,-1.165,26.6,2.738,7.5,PI+SIDIS,0.16,1.6,0.5,2.0,46.864,25.033,46.795,24.996,47.262,25.245,266.488,142.348,47.644,25.45,0.9998,0.9983,0.9811,0.9804,-1.0,-1.0,-1.0,-1.0,-1.0,1.0,0.99984,0.999558,4282.0,2985.69,66.1945,65.1028,1.44337,51.269,0.367833,1.008,IN,23067.1368,23038.2542,0.900784,2920761.0,66919667.0
27475,6.4724,LH2,-1.165,26.6,2.738,7.5,PI+SIDIS,0.16,1.6,0.5,2.0,42.082,25.169,42.04,25.144,42.405,25.362,239.104,143.004,42.748,25.567,0.9997,0.9984,0.9804,0.981,-1.0,-1.0,-1.0,-1.0,-1.0,1.0,0.99979,0.999557,3822.0,2675.77,62.5314,64.9138,1.517,51.2739,0.35829,1.009,IN,20669.33006,20644.32094,0.90071,2622733.0,60050951.0
27476,6.4724,LH2,-1.165,26.6,2.738,7.5,PI+SIDIS,0.16,1.6,0.5,2.0,43.669,25.018,43.645,25.004,43.981,25.197,247.985,142.071,44.32,25.391,0.9998,0.9985,0.9802,0.9807,-1.0,-1.0,-1.0,-1.0,-1.0,1.0,0.99986,0.999558,3959.0,2754.77,63.6524,64.382,1.48763,51.2738,0.357123,1.008,IN,21461.41082,21436.94718,0.900732,2723194.0,62274641.0
27477,6.4724,LH2,-1.165,26.6,2.738,7.5,PI+SIDIS,0.16,1.6,0.5,2.0,41.723,24.913,41.706,24.903,41.99,25.072,236.775,141.377,42.213,25.205,0.9998,0.9985,0.9821,0.9819,-1.0,-1.0,-1.0,-1.0,-1.0,1.0,0.99985,0.999558,3676.0,2526.0,61.3552,61.7048,1.49878,51.2791,0.359531,1.008,IN,20505.37839,20479.72061,0.900342,2602760.0,59508949.0
27478,6.4724,LH2,-1.165,26.6,2.738,7.5,PI+SIDIS,0.16,1.6,0.5,2.0,42.508,24.78,42.49,24.77,42.766,24.931,241.191,140.603,43.012,25.074,0.9998,0.9985,0.9802,0.9815,-1.0,-1.0,-1.0,-1.0,-1.0,1.0,0.9998,0.999559,3824.0,2655.15,62.5613,63.692,1.50072,51.2713,0.356429,1.008,IN,20889.07803,20865.13697,0.899383,2649007.0,60615781.0
27479,6.4724,LH2,-1.165,26.6,2.738,7.5,PI+SIDIS,0.16,1.6,0.5,2.0,38.975,24.716,38.921,24.681,39.227,24.876,221.194,140.27,39.497,25.047,0.9998,0.9987,0.9814,0.9811,-1.0,-1.0,-1.0,-1.0,-1.0,1.0,0.99982,0.999559,3522.0,2464.23,60.0281,64.5582,1.57262,51.2669,0.353544,1.008,IN,19134.3754,19110.6436,0.900308,2430355.0,55642736.0
27480,6.4724,LH2,-1.165,26.6,2.738,7.5,PI+SIDIS,0.16,1.6,0.5,2.0,43.907,25.098,43.869,25.076,44.307,25.326,249.809,142.794,44.697,25.549,0.9997,0.9987,0.9807,0.9819,-1.0,-1.0,-1.0,-1.0,-1.0,1.0,0.99982,0.999559,3901.0,2704.46,63.1905,62.8154,1.4677,51.2664,0.364773,1.008,IN,21574.76414,21547.40686,0.90091,2737934.0,62716937.0
27481,6.4724,LH2,-1.165,26.6,2.738,7.5,PI+SIDIS,0.16,1.6,0.5,2.0,43.486,24.934,43.459,24.918,43.973,25.213,247.932,142.159,44.355,25.432,0.9998,0.9988,0.9693,0.9688,-1.0,-1.0,-1.0,-1.0,1.0,-1.0,0.93316,0.999561,3682.0,2547.54,61.3944,64.854,1.56295,51.2493,0.363706,1.008,IN,21370.08792,21344.36508,0.895959,2708113.0,62205083.0
27482,6.4724,LH2,-1.165,26.6,2.738,7.5,PI+SIDIS,0.16,1.6,0.5,2.0,38.849,24.752,38.829,24.739,39.313,25.047,221.672,141.235,39.655,25.265,0.9998,0.9987,0.9824,0.9816,-1.0,-1.0,-1.0,-1.0,-1.0,1.0,0.99983,0.99956,3583.0,2525.92,60.5336,66.2963,1.58879,51.2507,0.36483,1.008,IN,19135.4244,19111.6936,0.901791,2421472.0,55642728.0
27483,6.4724,LH2,-1.165,26.6,2.738,7.5,PI+SIDIS,0.16,1.6,0.5,2.0,48.835,24.922,48.822,24.916,49.463,25.242,278.854,142.308,49.88,25.456,0.9998,0.9987,0.9813,0.9814,-1.0,-1.0,-1.0,-1.0,-1.0,1.0,0.99984,0.99956,4458.0,3116.0,67.5369,65.0569,1.41006,51.2445,0.364033,1.008,IN,24011.74159,23980.55741,0.901685,3047903.0,69980568.0
27484,6.4724,LH2,-1.165,26.6,2.738,7.5,HMSDIS,0.16,1.6,0.5,2.0,20643.467,24.737,20641.128,24.734,20925.862,25.076,117980.72,141.377,21105.255,25.29,0.9998,0.999,-999,-999,-1.0,-1.0,-1.0,5.0,-1.0,-1.0,0.99973,0.956141,-999,-999,-999,43.5861,0.102777,-999,-999,1.008,IN,-999,-999,-999,1287537.0,29592079.0
27485,6.4724,LH2,-1.165,26.6,2.738,7.5,HMSDIS,0.16,1.6,0.5,2.0,21506.231,24.826,21502.612,24.822,21811.289,25.179,122970.608,141.955,21994.916,25.39,0.9997,0.9988,-999,-999,-1.0,-1.0,129.0,-1.0,-1.0,-1.0,1.0,0.956001,-999,-999,-999,43.8978,0.513258,-999,-999,1.008,IN,-999,-999,-999,1341468.0,30874872.0
27486,6.4724,Dummy,-1.165,26.6,2.738,7.5,PI+SIDIS,0.16,1.6,0.5,2.0,82.714,48.996,82.713,48.995,84.001,49.758,252.084,149.323,84.758,50.207,0.9998,0.9988,0.9834,0.9844,-1.0,-1.0,-1.0,-1.0,-1.0,1.0,0.99991,0.999695,2142.0,1544.46,46.7757,18.9739,0.574646,51.2366,0.368462,1.000,IN,40656.30696,40604.31004,0.916505,1820668.0,37043938.0
27487,6.4724,Dummy,-1.165,26.6,2.738,7.5,PI+SIDIS,0.16,1.6,0.5,2.0,81.933,49.206,81.967,49.227,83.07,49.889,249.441,149.806,83.757,50.302,0.9998,0.9987,0.9829,0.9848,-1.0,-1.0,-1.0,-1.0,-1.0,1.0,0.99991,0.999695,2006.0,1415.92,45.2923,17.546,0.561257,51.2551,0.383697,1.000,IN,40303.13986,40247.50614,0.915561,1802745.0,36608047.0
27488,6.4724,Dummy,-1.165,26.6,2.738,7.5,HMSDIS,0.16,1.6,0.5,2.0,44212.976,49.999,44239.236,50.029,44551.276,50.381,133906.301,151.43,44780.927,50.641,0.9997,0.9988,-999,-999,-1.0,-1.0,-1.0,5.0,-1.0,-1.0,0.99982,0.969309,-999,-999,-999,15.374,0.0416945,-999,-999,1.000,IN,-999,-999,-999,972826.0,19698311.0
27490,6.4724,LH2,1.165,26.6,4.929,7.5,PI+SIDIS,0.16,1.6,0.9,2.0,47.322,62.796,47.388,62.884,48.043,63.752,108.806,144.384,46.529,61.744,0.9985,0.9963,0.9832,0.981,-1.0,-1.0,-1.0,-1.0,-1.0,1.0,0.99964,0.999781,47.0,5.53846,7.08444,0.11936,0.152678,51.25,0.5,1.022,IN,23211.32233,23176.59767,0.797275,614256.0,26553316.0
27491,6.4724,LH2,1.165,26.6,4.929,7.5,HMSDIS,0.16,1.6,0.9,2.0,60639.816,64.357,60740.581,64.464,61634.9,65.413,137210.176,145.622,59616.578,63.271,0.9986,0.9963,-999,-999,-1.0,-1.0,-1.0,5.0,-1.0,-1.0,0.99801,0.977985,-999,-999,-999,5.91246,0.0220987,-999,-999,1.022,IN,-999,-999,0.129866,786709.0,33991308.0
27492,6.4724,LH2,1.165,26.6,4.929,7.5,PI+SIDIS,0.16,1.6,0.9,2.0,70.273,67.544,70.39,67.657,71.491,68.715,155.043,149.022,69.108,66.425,0.9983,0.9961,0.9845,0.9802,-1.0,-1.0,-1.0,-1.0,-1.0,1.0,0.9996,0.999777,81.0,22.0769,9.24838,0.320647,0.134324,51.25,0.5,1.023,IN,34548.53227,34505.35573,0.796963,913484.0,39445219.0
27493,6.4724,Dummy,1.165,26.6,4.929,7.5,PI+SIDIS,0.16,1.6,0.9,2.0,45.848,50.554,45.892,50.602,46.579,51.361,138.156,152.338,47.036,51.864,1.0,0.9967,0.9819,0.9838,-1.0,-1.0,-1.0,-1.0,-1.0,1.0,1.0,0.999966,2.0,0.769231,1.4473,0.0170378,0.0320564,51.25,0.5,1.000,IN,22519.19213,22490.78187,0.876001,147287.0,5422750.0
27494,6.4724,Dummy,1.165,26.6,4.929,7.5,HMSDIS,0.16,1.6,0.9,2.0,45581.93,49.427,45608.278,49.455,46300.182,50.206,138402.912,150.077,46733.463,50.675,0.9988,0.9983,-999,-999,-1.0,-1.0,-1.0,5.0,-1.0,-1.0,0.99985,0.996606,-999,-999,-999,1.54984,0.0130437,-999,-999,1.000,IN,-999,-999,0.126209,146538.0,5392212.0
27495,6.4724,Dummy,1.165,26.6,2.738,7.5,PI+SIDIS,0.16,1.6,0.5,2.0,75.674,44.012,75.657,44.002,76.087,44.252,255.788,148.765,76.463,44.47,0.9981,0.9982,0.982,0.9846,-1.0,-1.0,-1.0,-1.0,-1.0,1.0,0.99994,0.999725,107.0,57.6154,10.5261,0.77496,0.141582,51.25,0.5,1.000,IN,37195.75543,37149.79557,0.903489,246113.0,33436622.0
27496,6.4724,LH2,1.165,26.6,2.738,7.5,PI+SIDIS,0.16,1.6,0.5,2.0,47.396,24.932,47.364,24.915,47.801,25.145,269.544,141.79,48.196,25.353,0.999,0.9979,0.9799,0.982,-1.0,-1.0,-1.0,-1.0,-1.0,1.0,0.99978,0.99956,284.0,109.154,17.2467,2.34969,0.371261,51.25,0.5,1.008,IN,23346.60395,23317.97205,0.884144,602020.0,67763298.0
27497,6.4724,LH2,1.165,26.6,2.738,7.5,PI+SIDIS,0.16,1.6,0.5,2.0,47.158,25.057,47.144,25.05,47.729,25.36,269.131,143.001,48.166,25.593,0.9983,0.9975,0.9822,0.9819,-1.0,-1.0,-1.0,-1.0,-1.0,1.0,0.99976,0.99956,272.0,101.846,16.8846,2.20441,0.365458,51.25,0.5,1.008,IN,23238.58694,23209.38606,0.884536,595915.0,67518593.0
27498,6.4724,LH2,1.165,26.6,2.738,7.5,HMSDIS,0.16,1.6,0.5,2.0,24479.692,25.006,24477.076,25.003,24818.564,25.352,139955.598,142.962,25048.831,25.587,0.9988,0.9977,-999,-999,-1.0,-1.0,-1.0,5.0,-1.0,-1.0,0.99948,0.955946,-999,-999,-999,6.02863,0.0351226,-999,-999,1.008,IN,-999,-999,0.165336,310251.0,35105940.0
27499,6.4724,LH2,1.165,26.6,2.738,7.5,HMSDIS,0.16,1.6,0.5,2.0,22887.477,25.253,22884.318,25.25,23220.311,25.621,130931.313,144.465,23437.14,25.86,0.9983,0.9978,-999,-999,-1.0,-1.0,-1.0,5.0,-1.0,-1.0,0.99948,0.956,-999,-999,-999,6.00475,0.0362614,-999,-999,1.009,IN,-999,-999,0.166483,289569.0,32808017.0
27500,6.4724,LH2,1.165,26.6,-2.738,7.5,PI-SIDIS,0.16,1.6,0.5,2.0,41.103,21.099,41.074,21.084,41.365,21.233,233.418,119.819,41.569,21.338,0.9987,0.9979,0.9853,0.9758,-1.0,-1.0,-1.0,-1.0,-1.0,1.0,0.99978,0.999557,199.0,95.3077,14.3867,2.38154,0.359493,51.25,0.5,1.007,IN,20204.38633,20179.08667,0.890016,525067.0,566974371.0
27501,6.4724,LH2,1.165,26.6,-2.738,7.5,PI-SIDIS,0.16,1.6,0.5,2.0,38.607,21.103,38.585,21.091,39.01,21.323,220.124,120.322,39.359,21.514,0.9988,0.9979,0.9849,0.9758,-1.0,-1.0,-1.0,-1.0,-1.0,1.0,0.9998,0.999557,169.0,76.5385,13.2707,2.03568,0.352959,51.25,0.5,1.007,IN,18976.47474,18951.00726,0.890775,492176.0,532500379.0
27502,6.4724,Dummy,1.165,26.6,-2.738,7.5,PI-SIDIS,0.16,1.6,0.5,2.0,62.709,48.813,62.751,48.846,63.613,49.517,191.47,149.041,64.235,50.001,0.9981,0.9978,0.9845,0.9758,-1.0,-1.0,-1.0,-1.0,-1.0,1.0,0.99988,0.999581,48.0,7.76923,7.14805,0.127138,0.116973,51.25,0.5,1.000,IN,30826.65408,30788.63892,0.896942,203429.0,346922834.0
27504,6.4724,Dummy,1.165,31.29,-2.766,8.275,PI-SIDIS,0.22,2.2,0.5,2.0,88.287,44.668,88.34,44.694,88.867,44.961,297.1,150.314,89.378,45.219,0.9979,0.9982,0.9861,0.9782,-1.0,-1.0,-1.0,-1.0,-1.0,1.0,0.99996,0.999719,28.0,10.6923,5.41584,0.123998,0.0628072,51.25,0.5,1.000,IN,43454.25837,43398.72363,0.910493,146890.0,355013641.0
27505,6.4724,LH2,1.165,31.29,-2.766,8.275,PI-SIDIS,0.22,2.2,0.5,2.0,51.305,27.265,51.243,27.232,51.709,27.48,285.464,151.705,52.186,27.733,0.9988,0.998,0.9856,0.9755,-1.0,-1.0,-1.0,-1.0,-1.0,1.0,0.99986,0.99957,79.0,22.4615,9.12957,0.449946,0.182882,51.25,0.5,1.009,IN,25201.57021,25168.47679,0.894235,303906.0,510530075.0
27506,6.4724,LH2,1.165,31.29,-2.766,8.275,PI-SIDIS,0.22,2.2,0.5,2.0,50.962,26.764,50.923,26.743,51.569,27.083,283.829,149.059,52.069,27.345,0.999,0.9978,0.9854,0.9767,-1.0,-1.0,-1.0,-1.0,-1.0,1.0,0.99989,0.999572,70.0,13.3077,8.62328,0.267863,0.173573,51.25,0.5,1.009,IN,25046.81666,25013.40934,0.895349,302642.0,507472832.0
27507,6.4724,LH2,1.165,31.29,4.978,8.275,PI+SIDIS,0.22,2.2,0.9,2.0,58.692,58.191,58.793,58.291,59.526,59.018,150.434,149.15,59.991,59.479,0.9985,0.9968,0.9887,0.9818,-1.0,-1.0,-1.0,-1.0,-1.0,1.0,0.99992,0.999871,15.0,2.61538,3.99408,0.045381,0.0693034,51.25,0.5,1.020,IN,28859.25518,28824.51882,0.834055,350788.0,22400599.0
27508,6.4724,LH2,1.165,31.29,4.978,8.275,HMSDIS,0.22,2.2,0.9,2.0,55205.583,57.923,55300.002,58.022,55723.592,58.466,141575.501,148.543,55979.682,58.735,0.9984,0.9971,-999,-999,-1.0,-1.0,-1.0,5.0,-1.0,-1.0,0.99919,0.987075,-999,-999,-999,2.51112,0.0150862,-999,-999,1.020,IN,-999,-999,0.124939,330475.0,21013092.0
27509,6.4724,LH2,1.165,31.29,4.978,8.275,HMSDIS,0.22,2.2,0.9,2.0,54404.967,59.864,54504.873,59.974,54822.187,60.323,137616.911,151.426,55142.066,60.675,0.998,0.9971,-999,-999,-1.0,-1.0,-1.0,5.0,-1.0,-1.0,0.99918,0.986949,-999,-999,-999,2.47575,0.0150915,-999,-999,1.021,IN,-999,-999,0.123302,325890.0,20703814.0
27510,6.4724,Dummy,1.165,31.29,4.978,8.275,PI+SIDIS,0.22,2.2,0.9,2.0,44.538,48.22,44.578,48.263,44.942,48.656,136.647,147.942,45.337,49.084,1.0,0.9954,0.9889,0.9809,-1.0,-1.0,-1.0,-1.0,-1.0,1.0,1.0,0.999976,0.0,-0.461538,0.188422,-0.0105551,0.0043091,51.25,0.5,1.000,IN,21869.12593,21841.07307,0.88672,74819.0,3492919.0
27511,6.4724,Dummy,1.165,31.29,4.978,8.275,HMSDIS,0.22,2.2,0.9,2.0,40790.386,48.635,40794.415,48.64,41230.327,49.159,124744.244,148.734,41633.337,49.64,0.9989,0.9978,-999,-999,-1.0,-1.0,-1.0,1.0,-1.0,-1.0,0.99856,0.997615,-999,-999,-999,0.705733,0.00416458,-999,-999,1.000,IN,-999,-999,0.126717,68224.0,3202033.0
27512,6.4724,Dummy,1.165,31.29,4.978,8.275,HMSDIS,0.22,2.2,0.9,2.0,42646.749,49.272,42651.75,49.278,43180.305,49.889,129641.885,149.782,43609.219,50.384,0.9992,0.9979,-999,-999,-1.0,-1.0,-1.0,1.0,-1.0,-1.0,0.99856,0.997616,-999,-999,-999,0.701898,0.00406122,-999,-999,1.000,IN,-999,-999,0.126265,70627.0,3356441.0
27513,6.4724,Dummy,1.165,31.29,2.766,8.275,PI+SIDIS,0.22,2.2,0.5,2.0,83.414,49.9,83.471,49.935,84.728,50.686,252.566,151.091,85.522,51.161,0.9974,0.9981,0.9862,0.9825,-1.0,-1.0,-1.0,-1.0,-1.0,1.0,0.99997,0.999751,38.0,16.2308,6.29877,0.198434,0.0770075,51.25,0.5,1.000,IN,41045.39229,40990.20271,0.905485,139102.0,27618401.0
27514,6.4724,LH2,1.165,31.29,2.766,8.275,PI+SIDIS,0.22,2.2,0.5,2.0,51.385,29.978,51.382,29.976,52.116,30.405,258.419,150.762,52.568,30.668,0.9982,0.9975,0.9805,0.9802,-1.0,-1.0,-1.0,-1.0,-1.0,1.0,0.99984,0.999553,117.0,39.5385,11.0887,0.786584,0.2206,51.25,0.5,1.010,IN,25265.90674,25232.92226,0.887811,306309.0,61094415.0
27515,6.4724,LH2,1.165,31.29,2.766,8.275,PI+SIDIS,0.22,2.2,0.5,2.0,49.307,29.861,49.305,29.86,49.985,30.271,247.907,150.135,50.411,30.529,0.9987,0.9978,0.9803,0.98,-1.0,-1.0,-1.0,-1.0,-1.0,1.0,0.99984,0.999553,120.0,46.0769,11.211,0.954993,0.23236,51.25,0.5,1.010,IN,24239.493,24210.952,0.887555,294976.0,58537774.0
27516,6.4724,LH2,1.165,37.33,5.051,9.225,PI+SIDIS,0.31,3.1,0.9,2.0,61.972,69.586,62.016,69.635,62.954,70.689,134.602,151.139,60.815,68.287,0.9985,0.9969,0.9898,0.9807,-1.0,-1.0,-1.0,-1.0,-1.0,1.0,0.99994,0.999901,2.0,-0.769231,1.48762,-0.0126676,0.024498,51.25,0.5,1.024,IN,30423.83396,30385.59704,0.840898,131184.0,14410294.0
27517,6.4724,LH2,1.165,37.33,5.051,9.225,HMSDIS,0.31,3.1,0.9,2.0,58325.754,69.527,58380.636,69.592,59257.005,70.637,126704.065,151.037,57214.7,68.202,0.9987,0.9974,-999,-999,-1.0,-1.0,-1.0,1.0,-1.0,-1.0,0.96213,0.990072,-999,-999,-999,0.761593,0.00368461,-999,-999,1.024,IN,-999,-999,0.123909,123839.0,13549753.0
27518,6.4724,LH2,1.165,37.33,5.051,9.225,HMSDIS,0.31,3.1,0.9,2.0,55952.468,63.726,56016.671,63.799,56828.751,64.724,127684.391,145.424,55134.819,62.795,0.9991,0.9974,-999,-999,-1.0,-1.0,-1.0,2.0,-1.0,-1.0,0.9988,0.990348,-999,-999,-999,0.757687,0.00520664,-999,-999,1.022,-999,-999,-999,-999,118860.0,12980707.0
27519,6.4724,Dummy,1.165,37.33,5.051,9.225,PI+SIDIS,0.31,3.1,0.9,2.0,47.995,49.474,48.041,49.521,48.637,50.136,145.832,150.326,49.056,50.567,1.0,0.9959,1.0,0.9866,-1.0,-1.0,-1.0,-1.0,-1.0,1.0,1.0,0.999984,0.0,0.0,0.0,0.0,0.0,51.25,0.5,1.000,IN,23577.70685,23545.92315,0.883495,36758.0,2310465.0
27521,6.4724,Dummy,1.165,37.33,5.051,9.225,HMSDIS,0.31,3.1,0.9,2.0,44113.943,50.53,44159.018,50.581,44676.026,51.174,132996.378,152.339,45067.672,51.622,0.9991,0.998,-999,-999,-1.0,-1.0,-1.0,1.0,-1.0,-1.0,0.99946,0.9984,-999,-999,-999,0.242315,0.00234419,-999,-999,1.000,IN,-999,-999,0.131254,33517.0,2128153.0
27522,6.4724,Dummy,1.165,37.33,5.051,9.225,HMSDIS,0.31,3.1,0.9,2.0,143.23,35.468,143.423,35.516,146.196,36.203,434.657,107.635,146.782,36.348,1.0,0.9941,-999,-999,-1.0,-1.0,-1.0,1.0,-1.0,-1.0,1.0,0.998299,-999,-999,-999,0.264951,0.0429807,-999,-999,1.000,IN,-999,-999,0.12,110.0,6879.0
27523,6.4724,Dummy,1.165,37.33,5.051,9.225,HMSDIS,0.31,3.1,0.9,2.0,48698.065,49.228,48747.033,49.277,49296.125,49.833,148287.038,149.901,49727.096,50.268,0.9991,0.9981,-999,-999,-1.0,-1.0,-1.0,1.0,-1.0,-1.0,0.99943,0.998419,-999,-999,-999,0.250063,0.00226657,-999,-999,1.000,IN,-999,-999,0.126755,37394.0,2357888.0
27530,6.4724,LD2,1.165,37.33,5.051,9.225,PI+SIDIS,0.31,3.1,0.9,2.0,69.967,65.809,70.028,65.867,70.915,66.7,156.552,147.248,68.775,64.688,0.9975,0.9971,0.9843,0.9798,-1.0,-1.0,-1.0,-1.0,-1.0,1.0,0.99987,0.999815,9.0,-1.23077,3.12842,-0.0179849,0.0457148,51.25,0.5,1.013,IN,34512.06149,34465.48051,0.822979,286183.0,31508217.0
27532,6.4724,LD2,1.165,37.33,5.051,9.225,HMSDIS,0.31,3.1,0.9,2.0,47826.258,66.198,47881.117,66.274,48482.024,67.106,106578.497,147.519,47020.923,65.083,0.9987,0.9972,-999,-999,-1.0,-1.0,-1.0,3.0,-1.0,-1.0,0.99881,0.981488,-999,-999,-999,1.60753,0.0100485,-999,-999,1.013,IN,-999,-999,0.128771,195873.0,21501164.0
27533,6.4724,LD2,1.165,37.33,5.051,9.225,HMSDIS,0.31,3.1,0.9,2.0,39071.648,59.756,39120.673,59.831,39623.374,60.6,92573.866,141.582,38613.635,59.056,0.9986,0.997,-999,-999,-1.0,-1.0,-1.0,3.0,-1.0,-1.0,0.99887,0.982165,-999,-999,-999,1.61779,0.0111524,-999,-999,1.012,IN,-999,-999,0.128323,160662.0,17533638.0
27536,6.4724,LD2,1.165,37.33,2.806,9.225,PI+SIDIS,0.31,3.1,0.5,2.0,28.151,18.014,28.153,18.015,28.533,18.258,161.122,103.101,28.767,18.408,0.9993,0.9984,0.9819,0.9808,-1.0,-1.0,-1.0,-1.0,-1.0,1.0,0.99992,0.99956,29.0,1.15385,5.5805,0.0418199,0.202259,51.25,0.5,1.004,IN,13841.00249,13822.11151,0.896576,121762.0,53544782.0
27537,6.4724,LD2,1.165,37.33,2.806,9.225,PI+SIDIS,0.31,3.1,0.5,2.0,36.454,18.021,36.458,18.023,36.958,18.27,208.699,103.17,37.253,18.416,0.9992,0.9984,0.9796,0.9805,-1.0,-1.0,-1.0,-1.0,-1.0,1.0,0.99992,0.99956,48.0,13.9231,7.11486,0.389831,0.199209,51.25,0.5,1.004,IN,17956.84579,17931.60121,0.895155,157953.0,69472854.0
27538,6.4724,LH2,1.165,37.33,2.806,9.225,PI+SIDIS,0.31,3.1,0.5,2.0,62.994,36.086,62.99,36.084,63.624,36.447,264.248,151.375,64.183,36.767,0.9968,0.9985,0.9826,0.9799,-1.0,-1.0,-1.0,-1.0,-1.0,1.0,0.99991,0.999571,49.0,20.3846,7.1555,0.331343,0.11631,51.25,0.5,1.012,IN,30976.79214,30936.25086,0.891661,140299.0,59000874.0
27539,6.4724,LH2,1.165,37.33,2.806,9.225,PI+SIDIS,0.31,3.1,0.5,2.0,63.043,35.904,63.027,35.894,63.714,36.286,264.406,150.582,64.276,36.606,0.9987,0.9986,0.9801,0.9813,-1.0,-1.0,-1.0,-1.0,-1.0,1.0,0.99989,0.999571,37.0,7.53846,6.26628,0.122059,0.10146,51.25,0.5,1.012,IN,30995.50047,30951.85053,0.893689,140436.0,58975207.0
27540,6.4724,Dummy,1.165,37.33,2.806,9.225,PI+SIDIS,0.31,3.1,0.5,2.0,86.856,49.246,86.866,49.252,88.049,49.923,264.209,149.803,88.836,50.369,1.0,0.9977,0.9794,0.9818,-1.0,-1.0,-1.0,-1.0,-1.0,1.0,1.0,0.999816,8.0,2.46154,2.90276,0.0288625,0.034036,51.25,0.5,1.000,IN,42713.81565,42655.36335,0.912288,66032.0,20043533.0
27541,6.4724,Dummy,1.165,37.33,-2.806,9.225,PI-SIDIS,0.31,3.1,0.5,2.0,92.925,50.533,93.012,50.581,94.364,51.316,280.132,152.338,95.223,51.783,1.0,0.9982,0.9867,0.9774,-1.0,-1.0,-1.0,-1.0,-1.0,1.0,0.99995,0.999788,11.0,5.92308,3.37499,0.0651562,0.0371262,51.25,0.5,1.000,IN,45747.12927,45684.96273,0.917368,70378.0,261695032.0
27542,6.4724,LH2,1.165,37.33,-2.806,9.225,PI-SIDIS,0.31,3.1,0.5,2.0,61.832,36.156,61.832,36.156,62.617,36.615,258.711,151.28,63.144,36.923,0.9993,0.9984,0.9854,0.9765,-1.0,-1.0,-1.0,-1.0,-1.0,1.0,0.9999,0.999594,38.0,17.6154,6.29031,0.29198,0.104264,51.25,0.5,1.012,IN,30408.29584,30364.44916,0.898578,136857.0,428455099.0
27543,6.4724,LH2,1.165,37.33,-2.806,9.225,PI-SIDIS,0.31,3.1,0.5,2.0,68.008,36.101,67.987,36.09,68.393,36.305,284.687,151.123,68.758,36.5,0.9981,0.9982,0.985,0.9767,-1.0,-1.0,-1.0,-1.0,-1.0,1.0,0.99991,0.999593,49.0,27.6923,7.11611,0.417866,0.107379,51.25,0.5,1.012,IN,33440.28283,33396.89717,0.896082,151144.0,470361641.0
27544,6.4724,LH2,1.165,44.82,-3.837,10.245,PI-SIDIS,0.44,4.4,0.67,2.0,110.32,67.382,110.462,67.469,111.678,68.212,244.191,149.149,108.202,66.088,1.0,0.999,0.9859,0.9562,-1.0,-1.0,-1.0,-1.0,-1.0,1.0,0.99994,0.999617,4.0,1.92308,2.03955,0.0182079,0.0193107,51.25,0.5,1.023,IN,54307.26654,54236.24746,0.899207,73687.0,745293758.0
27545,6.4724,LH2,1.165,44.82,-3.837,10.245,PI-SIDIS,0.44,4.4,0.67,2.0,124.187,68.558,124.362,68.655,126.071,69.598,271.719,150.005,121.964,67.331,0.9985,0.9981,0.9852,0.952,-1.0,-1.0,-1.0,-1.0,-1.0,1.0,0.99996,0.999615,4.0,1.69231,2.0439,0.014316,0.0172903,51.25,0.5,1.024,IN,61161.44633,61077.67667,0.900636,82412.0,838627108.0
27546,6.4724,LH2,1.165,44.82,-3.837,10.245,PI-SIDIS,0.44,4.4,0.67,2.0,129.438,70.197,129.663,70.319,131.667,71.405,279.91,151.801,126.999,68.874,0.9981,0.9983,0.9846,0.9568,-1.0,-1.0,-1.0,-1.0,-1.0,1.0,0.99996,0.999612,6.0,3.76923,2.48427,0.030441,0.0200634,51.25,0.5,1.024,IN,63772.85193,63686.93307,0.897453,90494.0,874021301.0
27547,6.4724,Dummy,1.165,44.82,-3.837,10.245,PI-SIDIS,0.44,4.4,0.67,2.0,89.52,48.697,89.638,48.761,90.962,49.482,273.486,148.772,91.752,49.911,1.0,0.9984,0.9762,0.9335,-1.0,-1.0,-1.0,-1.0,-1.0,1.0,0.99997,0.999898,1.0,0.923077,1.00295,0.0110318,0.0119864,51.25,0.5,1.000,IN,44166.01227,44108.70573,0.93305,35246.0,252862286.0
27548,6.4724,Dummy,1.165,44.82,-3.837,10.245,PI-SIDIS,0.44,4.4,0.67,2.0,92.175,48.918,92.275,48.971,93.023,49.369,281.277,149.278,93.552,49.65,0.9908,0.9993,0.9841,0.9449,-1.0,-1.0,-1.0,-1.0,-1.0,1.0,1.0,0.999898,0.0,-0.0769231,0.0769231,-0.000890432,0.000890432,51.25,0.5,1.000,IN,45380.60956,45322.85744,0.926678,36265.0,260179095.0
27550,6.4724,Dummy,1.165,44.82,-2.978,10.245,PI-SIDIS,0.44,4.4,0.52,2.0,94.236,50.019,94.28,50.042,95.224,50.544,284.876,151.208,96.11,51.014,1.0,0.9987,0.9747,0.9611,-1.0,-1.0,-1.0,-1.0,-1.0,1.0,1.0,0.999871,0.0,-0.538462,0.203519,-0.00594246,0.00224604,51.25,0.5,1.000,IN,46372.39265,46311.61835,0.918934,36768.0,196462057.0
27551,6.4724,Dummy,1.165,44.82,-2.978,10.245,PI-SIDIS,0.44,4.4,0.52,2.0,91.378,50.0,91.437,50.032,92.62,50.68,276.428,151.256,93.523,51.174,0.9926,0.9974,0.9774,0.9676,-1.0,-1.0,-1.0,-1.0,-1.0,1.0,0.99997,0.999872,2.0,1.46154,1.42878,0.016643,0.01627,51.25,0.5,1.000,IN,45069.9081,45009.5909,0.926647,35594.0,190624363.0
27552,6.4724,LD2,1.165,44.82,-2.978,10.245,PI-SIDIS,0.44,4.4,0.52,2.0,52.973,28.117,52.978,28.12,53.588,28.444,284.953,151.249,54.02,28.673,0.9985,0.9983,0.9845,0.9759,-1.0,-1.0,-1.0,-1.0,-1.0,1.0,0.99993,0.999554,16.0,7.07692,4.0849,0.137096,0.0791336,51.25,0.5,1.006,IN,26058.03519,26019.99581,0.89634,74004.0,545749155.0
27553,6.4724,LD2,1.165,44.82,-2.978,10.245,PI-SIDIS,0.44,4.4,0.52,2.0,51.301,28.14,51.299,28.139,51.535,28.268,275.854,151.314,51.765,28.395,0.9977,0.9979,0.983,0.9739,-1.0,-1.0,-1.0,-1.0,-1.0,1.0,0.99999,0.999554,8.0,0.615385,2.92712,0.0123461,0.0587252,51.25,0.5,1.006,IN,25231.0009,25199.3111,0.894947,72096.0,527470552.0
27554,6.4724,LD2,1.165,44.82,-2.978,10.245,PI-SIDIS,0.44,4.4,0.52,2.0,51.539,27.906,51.489,27.879,51.8,28.047,277.14,150.059,52.158,28.241,0.9984,0.9982,0.9833,0.9737,-1.0,-1.0,-1.0,-1.0,-1.0,1.0,0.99993,0.999555,18.0,11.3846,4.30219,0.22746,0.0859559,51.25,0.5,1.006,IN,25323.07099,25293.32901,0.899316,69458.0,529449702.0
27555,6.4724,LH2,1.165,44.82,-2.978,10.245,PI-SIDIS,0.44,4.4,0.52,2.0,109.757,58.984,109.854,59.036,111.31,59.819,279.272,150.082,112.394,60.401,0.9984,0.9981,0.9833,0.9728,-1.0,-1.0,-1.0,-1.0,-1.0,1.0,0.99997,0.999563,8.0,1.69231,2.91294,0.0158616,0.0273023,51.25,0.5,1.020,-999,54020.34618,53952.33782,0.901521,67912.0,557293506.0
27556,6.4724,LH2,1.165,44.82,-2.978,10.245,PI-SIDIS,0.44,4.4,0.52,2.0,109.641,59.327,109.779,59.401,111.471,60.317,278.498,150.695,112.554,60.903,0.9991,0.9983,0.9825,0.9741,-1.0,-1.0,-1.0,-1.0,-1.0,1.0,0.99995,0.999563,13.0,6.38462,3.67544,0.0597621,0.0344034,51.25,0.5,1.020,IN,53988.52271,53920.08729,0.90126,67516.0,557017832.0
27557,6.4724,LH2,1.165,44.82,-2.978,10.245,PI-SIDIS,0.44,4.4,0.52,2.0,121.583,59.064,121.782,59.161,123.337,59.917,309.27,150.241,124.325,60.396,0.9987,0.998,0.9812,0.972,-1.0,-1.0,-1.0,-1.0,-1.0,1.0,0.99996,0.999563,13.0,5.92308,3.68027,0.0501049,0.0311324,51.25,0.5,1.020,IN,59902.31193,59823.23507,0.892955,84607.0,617726738.0
27558,6.4724,LH2,1.165,44.82,5.154,10.245,PI+SIDIS,0.44,4.4,0.9,2.0,70.478,65.991,70.574,66.081,71.227,66.692,157.616,147.581,69.248,64.839,1.0,0.9978,0.9948,0.9828,-1.0,-1.0,-1.0,-1.0,-1.0,1.0,1.0,0.999941,1.0,0.615385,1.01469,0.00887231,0.0146292,51.25,0.5,1.023,IN,34774.20333,34733.23167,0.844885,47174.0,8991938.0
27559,6.4724,LH2,1.165,44.82,5.154,10.245,PI+SIDIS,0.44,4.4,0.9,2.0,67.758,68.795,67.794,68.831,68.584,69.634,147.965,150.229,66.408,67.424,1.0,0.998,0.9943,0.9777,-1.0,-1.0,-1.0,-1.0,-1.0,1.0,1.0,0.99994,1.0,0.692308,1.01177,0.0104449,0.0152645,51.25,0.5,1.024,IN,33276.20459,33228.16041,0.848355,41094.0,8645444.0
27560,6.4724,LH2,1.165,44.82,5.154,10.245,HMSDIS,0.44,4.4,0.9,2.0,67887.583,68.77,67920.349,68.803,68823.864,69.718,148337.023,150.264,66568.208,67.433,0.999,0.9979,-999,-999,-1.0,-1.0,-1.0,1.0,-1.0,-1.0,0.99896,0.994047,-999,-999,-999,0.168009,0.00157438,-999,-999,1.024,IN,-999,-999,0.121732,41086.0,8667352.0
27561,6.4724,LH2,1.165,44.82,5.154,10.245,HMSDIS,0.44,4.4,0.9,2.0,64315.572,70.833,64377.549,70.901,65312.708,71.931,138318.788,152.335,63011.389,69.397,0.9982,0.9978,-999,-999,-1.0,-1.0,-1.0,1.0,-1.0,-1.0,0.99892,0.994009,-999,-999,-999,0.169319,0.00162409,-999,-999,1.024,IN,-999,-999,0.121671,39256.0,8227189.0
27562,6.4724,Dummy,1.165,44.82,5.154,10.245,PI+SIDIS,0.44,4.4,0.9,2.0,49.169,48.97,49.193,48.993,49.916,49.713,150.054,149.445,50.395,50.19,1.0,1.0,0.0,0.9785,-1.0,-1.0,-1.0,-1.0,-1.0,1.0,1.0,0.99999,0.0,-0.0769231,0.0769231,-0.00159806,0.00159806,51.25,0.5,1.000,IN,24236.4224,24202.2746,0.902098,17770.0,1342568.0
27563,6.4724,Dummy,1.165,44.82,5.154,10.245,PI+SIDIS,0.44,4.4,0.9,2.0,46.5,49.765,46.544,49.813,47.217,50.532,141.153,151.064,47.651,50.997,1.0,0.9917,1.0,0.9756,-1.0,-1.0,-1.0,-1.0,-1.0,1.0,1.0,0.99999,0.0,0.0,0.0,0.0,0.0,51.25,0.5,1.000,IN,22911.14434,22881.76266,0.90625,16622.0,1271178.0
27564,6.4724,Dummy,1.165,44.82,5.154,10.245,HMSDIS,0.44,4.4,0.9,2.0,47647.247,49.616,47695.876,49.667,48187.266,50.178,144685.414,150.664,48562.22,50.569,0.9984,0.9977,-999,-999,-1.0,-1.0,-1.0,1.0,-1.0,-1.0,0.99985,0.998983,-999,-999,-999,0.0677133,0.00119255,-999,-999,1.000,IN,-999,-999,0.147671,17209.0,1302999.0
27565,6.4724,Dummy,1.165,44.82,5.154,10.245,HMSDIS,0.44,4.4,0.9,2.0,41178.503,49.976,41217.494,50.024,41485.001,50.348,124655.431,151.288,41694.797,50.603,0.9981,0.9973,-999,-999,-1.0,-1.0,-1.0,1.0,-1.0,-1.0,0.99979,0.998981,-999,-999,-999,0.0689755,0.00129499,-999,-999,1.000,IN,-999,-999,0.129994,14875.0,1125605.0
27566,6.4724,C,1.165,44.82,5.154,10.245,HMSDIS,0.44,4.4,0.9,2.0,48384.405,49.383,48440.679,49.44,49010.535,50.022,147069.631,150.105,49407.33,50.427,0.9989,0.9973,-999,-999,-1.0,-1.0,-1.0,1.0,-1.0,-1.0,0.99905,0.99571,-999,-999,-999,0.386128,0.00282622,-999,-999,1.000,IN,-999,-999,0.122792,50158.0,5996859.0
27567,6.4724,C,1.165,44.82,5.154,10.245,HMSDIS,0.44,4.4,0.9,2.0,45163.194,49.208,45203.024,49.252,45541.938,49.621,137514.838,149.831,45794.834,49.896,0.9985,0.9975,-999,-999,-1.0,-1.0,-1.0,1.0,-1.0,-1.0,0.99908,0.995716,-999,-999,-999,0.38185,0.00290997,-999,-999,1.000,IN,-999,-999,0.124557,47139.0,5561824.0
27571,6.4724,NONE,1.165,44.82,5.154,10.245,BCM,0.44,4.4,0.9,2.0,90739.027,39.113,90740.031,39.113,92078.078,39.69,285489.354,123.059,89436.505,38.551,0.0,0.0,-999,-999,-1.0,-1.0,-1.0,1.0,-1.0,-1.0,1.0,1.0,-999,-999,-999,-999,-999,-999,-999,1.000,IN,-999,-999,-999,23129.0,23142.0
27572,6.4724,Cu,1.165,44.82,5.154,10.245,HMSDIS,0.44,4.4,0.9,2.0,57491.352,69.516,57547.297,69.584,58419.382,70.638,125103.431,151.269,56485.813,68.3,0.9986,0.997,-999,-999,-1.0,-1.0,-1.0,1.0,-1.0,-1.0,0.99796,0.991029,-999,-999,-999,0.767661,0.00365864,-999,-999,1.000,IN,-999,-999,0.115801,92870.0,6539303.0
27573,6.4724,Cu,1.165,44.82,5.154,10.245,HMSDIS,0.44,4.4,0.9,2.0,56016.981,68.029,56094.812,68.123,56957.99,69.171,123223.747,149.646,55119.382,66.939,0.9989,0.997,-999,-999,-1.0,-1.0,-1.0,1.0,-1.0,-1.0,0.99805,0.991134,-999,-999,-999,0.771581,0.00371442,-999,-999,1.000,IN,-999,-999,0.116756,90820.0,6321069.0
27574,6.4724,Al,1.165,44.82,5.154,10.245,HMSDIS,0.44,4.4,0.9,2.0,45133.365,48.991,45169.322,49.03,45807.03,49.723,137612.55,149.376,46232.788,50.185,0.9983,0.9984,-999,-999,-1.0,-1.0,-1.0,1.0,-1.0,-1.0,0.99975,0.999044,-999,-999,-999,0.0929437,0.00143586,-999,-999,1.000,IN,-999,-999,0.129888,18694.0,1206841.0
27575,6.4724,Al,1.165,44.82,5.154,10.245,HMSDIS,0.44,4.4,0.9,2.0,45592.043,50.444,45631.354,50.487,46271.966,51.196,137685.163,152.336,46700.532,51.67,0.9986,0.9982,-999,-999,-1.0,-1.0,-1.0,1.0,-1.0,-1.0,0.99979,0.999054,-999,-999,-999,0.0955267,0.00144804,-999,-999,1.000,IN,-999,-999,0.135841,18891.0,1221467.0
27576,6.4724,LD2,1.165,44.82,5.154,10.245,HMSDIS,0.44,4.4,0.9,2.0,66233.381,70.614,66288.812,70.673,67341.794,71.796,142885.247,152.335,65092.54,69.398,0.9985,0.9974,-999,-999,-1.0,-1.0,-1.0,1.0,-1.0,-1.0,0.99816,0.988689,-999,-999,-999,0.343755,0.00228103,-999,-999,1.014,-999,-999,-999,0.123384,69732.0,16241099.0
27579,6.4724,LD2,1.165,44.82,5.154,10.245,HMSDIS,0.44,4.4,0.9,2.0,68933.844,68.479,68987.536,68.532,69924.06,69.463,151185.246,150.188,67855.457,67.408,0.9984,0.9976,-999,-999,-1.0,-1.0,-1.0,1.0,-1.0,-1.0,0.99753,0.988773,-999,-999,-999,0.348465,0.00225205,-999,-999,1.014,IN,-999,-999,-999,69667.0,16812834.0
27580,6.4724,LD2,1.165,44.82,5.154,10.245,HMSDIS,0.44,4.4,0.9,2.0,65327.745,70.571,65386.987,70.635,65970.546,71.265,141019.687,152.337,64235.999,69.391,0.9984,0.9977,-999,-999,-1.0,-1.0,-1.0,1.0,-1.0,-1.0,0.99747,0.98866,-999,-999,-999,0.344918,0.0023015,-999,-999,1.014,IN,-999,-999,0.126409,65373.0,15904646.0
27581,6.4724,LH2,1.165,44.82,3.837,10.245,HMSDIS,0.44,4.4,0.67,2.0,118301.988,68.366,118453.222,68.454,119407.969,69.005,259787.378,150.13,116295.925,67.207,0.9988,0.998,-999,-999,-1.0,-1.0,-1.0,1.0,-1.0,-1.0,0.99899,0.976462,-999,-999,-999,0.168193,0.00119292,-999,-999,1.024,IN,-999,-999,0.144568,70360.0,67407340.0
27582,6.4724,LH2,1.165,44.82,3.837,10.245,HMSDIS,0.44,4.4,0.67,2.0,2995.361,42.617,2998.468,42.661,3029.959,43.109,8819.731,125.483,2998.435,42.66,0.9923,0.9981,-999,-999,-1.0,-1.0,-1.0,1.0,-1.0,-1.0,0.99922,0.980916,-999,-999,-999,0.162795,0.00739978,-999,-999,1.015,IN,-999,-999,0.148002,1974.0,1682374.0
27583,6.4724,LH2,1.165,44.82,3.837,10.245,PI+SIDIS,0.44,4.4,0.67,2.0,109.872,67.642,110.022,67.735,111.377,68.568,242.476,149.279,107.946,66.456,1.0,0.998,0.9829,0.9773,-1.0,-1.0,-1.0,-1.0,-1.0,1.0,0.99997,0.999765,12.0,7.92308,3.50908,0.0736888,0.0326362,51.25,0.5,1.023,IN,54086.15909,54016.71991,0.891809,65282.0,62627431.0
27584,6.4724,LH2,1.165,44.82,3.837,10.245,PI+SIDIS,0.44,4.4,0.67,2.0,118.958,69.082,119.015,69.115,120.773,70.136,259.299,150.582,116.604,67.715,1.0,0.9988,0.9848,0.9782,-1.0,-1.0,-1.0,-1.0,-1.0,1.0,0.99995,0.999764,13.0,8.76923,3.6504,0.0753278,0.031357,51.25,0.5,1.024,IN,58518.57285,58440.24115,0.892999,70092.0,67700332.0
27585,6.4724,LH2,1.165,44.82,3.837,10.245,PI+SIDIS,0.44,4.4,0.67,2.0,56.249,68.108,56.284,68.15,57.169,69.222,123.387,149.401,55.194,66.83,1.0,0.9977,0.9842,0.9763,-1.0,-1.0,-1.0,-1.0,-1.0,1.0,0.99996,0.999765,4.0,2.38462,2.03083,0.043398,0.0369594,51.25,0.5,1.023,IN,27603.77413,27563.14287,0.895103,33289.0,32039791.0
27586,6.4724,Dummy,1.165,44.82,3.837,10.245,PI+SIDIS,0.44,4.4,0.67,2.0,53.24,50.116,53.255,50.13,53.715,50.564,160.667,151.24,54.047,50.876,1.0,1.0,1.0,0.9696,-1.0,-1.0,-1.0,-1.0,-1.0,1.0,1.0,0.999958,0.0,-0.0769231,0.0769231,-0.00148972,0.00148972,51.25,0.5,1.000,IN,26149.21233,26110.09767,0.91063,18714.0,6559644.0
27590,6.4724,Dummy,1.165,44.82,2.978,10.245,PI+SIDIS,0.44,4.4,0.52,2.0,74.428,47.765,74.472,47.794,75.382,48.378,229.682,147.402,75.477,48.439,0.987,0.9971,0.9929,0.971,-1.0,-1.0,-1.0,-1.0,-1.0,1.0,1.0,0.999889,1.0,0.538462,1.0176,0.00754441,0.0142576,51.25,0.5,1.000,IN,36604.06841,36546.95459,0.918715,27020.0,13130118.0
27591,6.4724,Dummy,1.165,44.82,2.978,10.245,PI+SIDIS,0.44,4.4,0.52,2.0,79.575,48.328,79.649,48.374,80.076,48.633,244.751,148.646,80.062,48.624,1.0,0.9985,0.9852,0.9718,-1.0,-1.0,-1.0,-1.0,-1.0,1.0,1.0,0.999888,1.0,0.153846,1.03203,0.0019876,0.0133332,51.25,0.5,1.000,IN,39156.55761,39105.40439,0.917438,28513.0,13923387.0
27592,6.4724,Dummy,1.165,44.82,2.978,10.245,PI+SIDIS,0.44,4.4,0.52,2.0,83.159,48.726,83.167,48.731,83.536,48.947,254.865,149.336,83.67,49.026,1.0,0.999,0.976,0.9739,-1.0,-1.0,-1.0,-1.0,-1.0,1.0,1.0,0.999888,2.0,1.0,1.44115,0.0123462,0.0177928,51.25,0.5,1.000,IN,40894.66319,40836.18581,0.920898,29735.0,14513058.0
27593,6.4724,C,1.165,44.82,2.978,10.245,PI+SIDIS,0.44,4.4,0.52,2.0,78.828,46.886,78.754,46.842,79.426,47.242,250.782,149.162,79.629,47.362,0.9994,0.9981,0.9773,0.9765,-1.0,-1.0,-1.0,-1.0,-1.0,1.0,0.99996,0.999552,18.0,5.53846,4.35415,0.0720647,0.0566547,51.25,0.5,1.000,IN,38717.95645,38664.45155,0.888206,80496.0,64084030.0
27594,6.4724,C,1.165,44.82,2.978,10.245,PI+SIDIS,0.44,4.4,0.52,2.0,87.55,48.149,87.507,48.126,88.404,48.619,275.987,151.783,88.627,48.742,0.9963,0.9976,0.9784,0.9757,-1.0,-1.0,-1.0,-1.0,-1.0,1.0,0.99996,0.999549,26.0,11.0769,5.21037,0.130223,0.0612545,51.25,0.5,1.000,IN,43035.74246,42981.37854,0.886726,88610.0,70988861.0
27595,6.4724,C,1.165,44.82,2.978,10.245,PI+SIDIS,0.44,4.4,0.52,2.0,89.804,48.429,89.821,48.438,90.868,49.003,282.487,152.338,91.083,49.119,0.9995,0.9978,0.9776,0.9783,-1.0,-1.0,-1.0,-1.0,-1.0,1.0,0.99993,0.999548,19.0,4.38462,4.48601,0.0499263,0.0510808,51.25,0.5,1.000,IN,44176.81277,44120.89123,0.888829,91003.0,72771250.0
27596,6.4724,C,1.165,44.82,2.978,10.245,PI+SIDIS,0.44,4.4,0.52,2.0,86.899,47.399,86.947,47.425,87.973,47.986,275.447,150.244,88.134,48.073,0.999,0.9983,0.9823,0.9773,-1.0,-1.0,-1.0,-1.0,-1.0,1.0,0.99994,0.999551,29.0,13.2308,5.49664,0.15587,0.0647551,51.25,0.5,1.000,IN,42853.60132,42800.32968,0.88744,88323.0,70563406.0
27597,6.4724,Cu,1.165,44.82,2.978,10.245,PI+SIDIS,0.44,4.4,0.52,2.0,59.459,50.602,59.484,50.623,59.798,50.89,178.892,152.243,59.809,50.899,0.998,0.998,0.9714,0.973,-1.0,-1.0,-1.0,-1.0,-1.0,1.0,0.99991,0.99954,28.0,8.69231,5.43003,0.150498,0.0940149,51.25,0.5,1.000,IN,29272.58399,29235.47401,0.865391,96175.0,44284795.0
27598,6.4724,Cu,1.165,44.82,2.978,10.245,PI+SIDIS,0.44,4.4,0.52,2.0,99.634,50.506,99.573,50.475,100.326,50.857,300.529,152.343,100.617,51.004,0.9995,0.9977,0.9807,0.9746,-1.0,-1.0,-1.0,-1.0,-1.0,1.0,0.99995,0.999543,49.0,17.4615,7.17119,0.180034,0.0739371,51.25,0.5,1.000,IN,48981.75256,48917.55644,0.868407,161059.0,74151854.0
27599,6.4724,Cu,1.165,44.82,2.978,10.245,PI+SIDIS,0.44,4.4,0.52,2.0,91.586,49.502,91.573,49.495,92.575,50.037,278.182,150.357,92.866,50.194,0.9984,0.9976,0.9722,0.9734,-1.0,-1.0,-1.0,-1.0,-1.0,1.0,0.99995,0.999544,45.0,13.9231,6.88408,0.156457,0.077358,51.25,0.5,1.000,IN,45039.4261,44979.5789,0.862233,149512.0,68252318.0
27600,6.4724,Cu,1.165,44.82,2.978,10.245,PI+SIDIS,0.44,4.4,0.52,2.0,87.381,50.179,87.43,50.207,88.326,50.721,264.312,151.782,88.474,50.806,1.0,0.9975,0.9749,0.9731,-1.0,-1.0,-1.0,-1.0,-1.0,1.0,0.99993,0.999545,49.0,18.0,7.16831,0.211586,0.0842619,51.25,0.5,1.000,IN,42994.97006,42941.18294,0.866417,141272.0,65046182.0
27601,6.4724,Cu,1.165,44.82,2.978,10.245,PI+SIDIS,0.44,4.4,0.52,2.0,133.525,49.507,133.645,49.552,134.144,49.737,406.316,150.65,134.26,49.78,0.9984,0.9981,0.9785,0.9739,-1.0,-1.0,-1.0,-1.0,-1.0,1.0,0.99995,0.999546,59.0,17.2308,7.88752,0.132603,0.0607002,51.25,0.5,1.000,IN,65772.74846,65690.31654,0.866868,217256.0,99041277.0
27602,6.4724,Cu,1.165,44.82,2.978,10.245,PI+SIDIS,0.44,4.4,0.52,2.0,89.046,50.251,89.032,50.244,89.696,50.618,268.949,151.776,89.98,50.778,0.9981,0.9978,0.9818,0.9737,-1.0,-1.0,-1.0,-1.0,-1.0,1.0,0.99998,0.999543,35.0,7.15385,6.09442,0.0826808,0.0704365,51.25,0.5,1.000,IN,43782.39882,43725.27118,0.868629,144571.0,66159474.0
27603,6.4724,Cu,1.165,44.82,2.978,10.245,PI+SIDIS,0.44,4.4,0.52,2.0,88.495,50.256,88.449,50.23,89.431,50.788,267.489,151.908,89.715,50.949,0.9987,0.9973,0.9811,0.9757,-1.0,-1.0,-1.0,-1.0,-1.0,1.0,0.99994,0.999544,45.0,18.2308,6.85997,0.211536,0.0795979,51.25,0.5,1.000,IN,43496.03641,43442.18259,0.868223,144169.0,65906417.0
27604,6.4724,LD2,1.165,44.82,2.978,10.245,PI+SIDIS,0.44,4.4,0.52,2.0,47.106,27.204,47.068,27.181,47.428,27.389,261.438,150.979,47.44,27.396,0.998,0.9981,0.9815,0.9785,-1.0,-1.0,-1.0,-1.0,-1.0,1.0,0.99996,0.999559,14.0,6.07692,3.82223,0.132216,0.0831604,51.25,0.5,1.005,IN,23147.05343,23114.65857,0.897965,58652.0,72133053.0
27605,6.4724,LD2,1.165,44.82,2.978,10.245,PI+SIDIS,0.44,4.4,0.52,2.0,46.839,27.257,46.823,27.247,46.912,27.299,261.063,151.919,46.925,27.307,1.0,0.998,0.9783,0.9782,-1.0,-1.0,-1.0,-1.0,-1.0,1.0,0.99997,0.999559,9.0,0.615385,3.10564,0.0134361,0.0678073,51.25,0.5,1.005,IN,23024.07702,22993.84098,0.897456,58822.0,71361536.0
27606,6.4724,LD2,1.165,44.82,2.978,10.245,PI+SIDIS,0.44,4.4,0.52,2.0,48.459,27.244,48.444,27.235,48.655,27.354,270.342,151.987,48.802,27.437,0.9972,0.9986,0.9759,0.977,-1.0,-1.0,-1.0,-1.0,-1.0,1.0,0.99994,0.99956,11.0,2.07692,3.41854,0.0440076,0.0724349,51.25,0.5,1.005,IN,23823.40559,23792.76541,0.895723,60057.0,74004995.0
27607,6.4724,LD2,1.165,44.82,2.978,10.245,PI+SIDIS,0.44,4.4,0.52,2.0,48.571,27.196,48.506,27.159,48.954,27.41,270.785,151.618,49.106,27.495,0.999,0.9981,0.9752,0.9779,-1.0,-1.0,-1.0,-1.0,-1.0,1.0,0.99998,0.999561,11.0,3.15385,3.4064,0.0665569,0.0718866,51.25,0.5,1.005,IN,23856.02163,23825.05637,0.900206,60501.0,74343432.0
27608,6.4724,LH2,1.165,44.82,2.978,10.245,PI+SIDIS,0.44,4.4,0.52,2.0,107.233,44.544,107.162,44.515,107.639,44.713,363.421,150.965,107.763,44.765,0.9979,0.9978,0.9803,0.9783,-1.0,-1.0,-1.0,-1.0,-1.0,1.0,0.99997,0.999636,14.0,6.38462,3.81914,0.0610308,0.0365073,51.25,0.5,1.015,IN,52728.82034,52660.45466,0.900412,74004.0,81365419.0
27609,6.4724,LH2,1.165,44.82,2.978,10.245,PI+SIDIS,0.44,4.4,0.52,2.0,48.228,50.597,48.281,50.653,48.764,51.16,138.119,144.904,48.929,51.333,1.0,0.9987,0.9776,0.9766,-1.0,-1.0,-1.0,-1.0,-1.0,1.0,0.99995,0.999565,10.0,6.61538,3.20318,0.140308,0.0679373,51.25,0.5,1.017,IN,23690.94422,23658.09278,0.89238,32308.0,37359460.0
27610,6.4724,LH2,1.165,44.82,2.978,10.245,PI+SIDIS,0.44,4.4,0.52,2.0,91.589,54.002,91.709,54.074,92.825,54.731,255.499,150.647,93.116,54.903,0.9979,0.9978,0.9788,0.9763,-1.0,-1.0,-1.0,-1.0,-1.0,1.0,0.99998,0.999558,10.0,3.07692,3.24539,0.0344386,0.0363241,51.25,0.5,1.019,IN,45097.88057,45040.41943,0.892402,59623.0,71153788.0
27612,6.4724,LH2,1.165,44.82,2.978,10.245,PI+SIDIS,0.44,4.4,0.52,2.0,111.096,55.016,111.082,55.009,111.649,55.29,307.632,152.343,111.806,55.367,0.9984,0.9977,0.9769,0.9764,-1.0,-1.0,-1.0,-1.0,-1.0,1.0,0.99992,0.999555,17.0,7.23077,4.21325,0.0667797,0.0389114,51.25,0.5,1.019,IN,54644.35514,54570.47086,0.889929,72452.0,85725514.0
27614,6.4724,Dummy,-1.165,44.82,-2.978,10.245,PI-SIDIS,0.44,4.4,0.52,2.0,78.501,45.02,78.468,45.001,78.741,45.158,262.557,150.576,78.716,45.143,1.0,0.9995,0.9841,0.9605,-1.0,-1.0,-1.0,-1.0,-1.0,1.0,1.0,0.999884,44.0,39.6154,6.65862,0.525622,0.0883476,51.3595,0.3385,1.000,IN,38588.45861,38532.20939,0.937168,97961.0,162283581.0
27615,6.4724,Dummy,-1.165,44.82,-2.978,10.245,PI-SIDIS,0.44,4.4,0.52,2.0,80.139,50.165,80.192,50.199,80.288,50.259,241.221,151.0,80.402,50.33,1.0,0.9995,0.9819,0.9546,-1.0,-1.0,-1.0,-1.0,-1.0,1.0,1.0,0.999871,60.0,55.0769,7.77037,0.719477,0.101505,51.291,0.349081,1.000,IN,39429.29118,39372.55682,0.934693,97560.0,165547152.0
27616,6.4724,Dummy,-1.165,44.82,-2.978,10.245,PI-SIDIS,0.44,4.4,0.52,2.0,82.804,50.236,82.869,50.276,83.302,50.538,248.971,151.048,83.579,50.706,1.0,1.0,0.9807,0.961,-1.0,-1.0,-1.0,-1.0,-1.0,1.0,1.0,0.999871,42.0,35.9231,6.51671,0.451085,0.08183,51.383,0.359519,1.000,IN,40744.7994,40689.2426,0.936957,101045.0,171130664.0
27617,6.4724,Dummy,-1.165,44.82,-2.978,10.245,PI-SIDIS,0.44,4.4,0.52,2.0,86.842,50.293,86.901,50.327,87.624,50.746,261.041,151.177,87.92,50.917,0.999,0.9987,0.9851,0.9706,-1.0,-1.0,-1.0,-1.0,-1.0,1.0,1.0,0.999871,59.0,52.9231,7.71151,0.628079,0.0915185,51.3224,0.407766,1.000,IN,42729.21962,42672.72038,0.937161,106048.0,179575223.0
27618,6.4724,Dummy,-1.165,44.82,-2.978,10.245,PI-SIDIS,0.44,4.4,0.52,2.0,81.34,50.101,81.312,50.084,82.056,50.542,244.796,150.781,82.243,50.657,1.0,0.999,0.9819,0.965,-1.0,-1.0,-1.0,-1.0,-1.0,1.0,1.0,0.999871,39.0,33.3846,6.27949,0.425466,0.080028,51.1499,0.608719,1.000,IN,39979.52908,39926.47292,0.936859,99376.0,168051233.0
27619,6.4724,Dummy,-1.165,44.82,-2.978,10.245,PI-SIDIS,0.44,4.4,0.52,2.0,72.434,48.488,72.412,48.473,72.693,48.661,220.525,147.62,72.744,48.695,1.0,0.9994,0.9849,0.9563,-1.0,-1.0,-1.0,-1.0,-1.0,1.0,1.0,0.999872,43.0,38.6923,6.58266,0.558753,0.0950597,51.3289,0.403201,1.000,IN,35587.80135,35538.71065,0.936421,89431.0,149589772.0
27620,6.4724,Dummy,-1.165,44.82,-2.978,10.245,PI-SIDIS,0.44,4.4,0.52,2.0,87.597,50.954,87.617,50.965,87.702,51.014,261.904,152.344,87.835,51.092,1.0,0.9987,0.9752,0.9647,-1.0,-1.0,-1.0,-1.0,-1.0,1.0,1.0,0.99987,47.0,41.6923,6.88537,0.493259,0.0814604,51.3039,0.345515,1.000,IN,43090.46776,43031.97024,0.933925,106761.0,180738257.0
27621,6.4724,Dummy,-1.165,44.82,-2.978,10.245,PI-SIDIS,0.44,4.4,0.52,2.0,81.081,50.328,81.13,50.358,81.535,50.61,243.689,151.261,81.822,50.788,1.0,0.999,0.9753,0.96,-1.0,-1.0,-1.0,-1.0,-1.0,1.0,1.0,0.99987,52.0,46.3846,7.24099,0.595554,0.0929705,51.2718,0.313133,1.000,IN,39886.93059,39836.73141,0.933152,98722.0,167536964.0
27622,6.4724,Dummy,-1.165,44.82,-2.978,10.245,PI-SIDIS,0.44,4.4,0.52,2.0,69.462,50.538,69.521,50.581,70.113,51.012,208.19,151.472,70.348,51.183,0.9988,0.9989,0.9815,0.9639,-1.0,-1.0,-1.0,-1.0,-1.0,1.0,1.0,0.99987,40.0,35.3846,6.35256,0.528674,0.0949123,51.1377,0.425931,1.000,IN,34168.27787,34123.55613,0.931463,84686.0,143607133.0
27623,6.4724,Dummy,-1.165,44.82,-2.978,10.245,PI-SIDIS,0.44,4.4,0.52,2.0,128.407,50.197,128.427,50.205,129.238,50.522,386.416,151.059,129.516,50.631,0.9993,0.9981,0.9778,0.9688,-1.0,-1.0,-1.0,-1.0,-1.0,1.0,0.99995,0.99987,78.0,70.1538,8.86586,0.56427,0.071311,51.3695,0.349032,1.000,IN,63210.21631,63109.67869,0.933215,157567.0,265609754.0
27624,6.4724,LD2,-1.165,44.82,-2.978,10.245,PI-SIDIS,0.44,4.4,0.52,2.0,29.967,27.982,29.911,27.93,30.044,28.054,160.112,149.506,30.095,28.101,0.9999,0.9989,0.9827,0.9761,-1.0,-1.0,-1.0,-1.0,-1.0,1.0,0.99996,0.999552,166.0,113.923,13.0386,3.90253,0.446649,51.2943,0.403439,1.006,IN,14690.15045,14670.40955,0.910872,191983.0,304688073.0
27625,6.4724,LD2,-1.165,44.82,-2.978,10.245,PI-SIDIS,0.44,4.4,0.52,2.0,53.777,27.995,53.749,27.98,54.243,28.237,287.688,149.762,54.345,28.29,0.9998,0.9995,0.9832,0.9746,-1.0,-1.0,-1.0,-1.0,-1.0,1.0,0.99999,0.999554,315.0,224.769,17.9427,4.29174,0.342597,51.2333,0.371432,1.006,IN,26443.68456,26399.86644,0.904227,352866.0,548057322.0
27626,6.4724,LD2,-1.165,44.82,-2.978,10.245,PI-SIDIS,0.44,4.4,0.52,2.0,53.548,28.095,53.546,28.094,54.052,28.359,286.327,150.225,54.167,28.419,0.9998,0.9991,0.9844,0.9772,-1.0,-1.0,-1.0,-1.0,-1.0,1.0,0.99996,0.999553,312.0,219.923,17.8629,4.204,0.341463,51.2058,0.400644,1.006,IN,26338.83414,26298.53586,0.904144,351075.0,545279948.0
27627,6.4724,LD2,-1.165,44.82,-2.978,10.245,PI-SIDIS,0.44,4.4,0.52,2.0,43.945,27.803,43.931,27.794,44.282,28.016,235.01,148.684,44.325,28.043,0.9999,0.999,0.9819,0.9762,-1.0,-1.0,-1.0,-1.0,-1.0,1.0,0.99993,0.999555,243.0,169.538,15.7687,3.95398,0.367757,51.2528,0.370559,1.006,IN,21595.84902,21566.81098,0.904547,287193.0,447305492.0
27628,6.4724,LD2,-1.165,44.82,-2.978,10.245,PI-SIDIS,0.44,4.4,0.52,2.0,41.973,27.782,41.912,27.742,41.965,27.777,224.512,148.606,41.961,27.774,0.9999,0.999,0.9832,0.976,-1.0,-1.0,-1.0,-1.0,-1.0,1.0,1.0,0.999554,268.0,194.308,16.5429,4.75056,0.404453,51.2826,0.396002,1.006,IN,20659.97096,20627.26704,0.901191,276215.0,426353613.0
27629,6.4724,LD2,-1.165,44.82,-2.978,10.245,PI-SIDIS,0.44,4.4,0.52,2.0,46.73,27.789,46.662,27.748,46.781,27.819,250.006,148.669,46.896,27.887,0.9998,0.9991,0.9831,0.9784,-1.0,-1.0,-1.0,-1.0,-1.0,1.0,0.99995,0.999554,245.0,166.154,15.845,3.64031,0.347153,51.2229,0.400942,1.006,IN,22999.43812,22967.19588,0.904048,306992.0,474759478.0
27630,6.4724,LD2,-1.165,44.82,-2.978,10.245,PI-SIDIS,0.44,4.4,0.52,2.0,49.289,28.246,49.244,28.22,49.526,28.382,263.611,151.067,49.675,28.467,0.9998,0.999,0.9843,0.978,-1.0,-1.0,-1.0,-1.0,-1.0,1.0,0.99992,0.999553,296.0,210.538,17.3947,4.3728,0.36128,51.2041,0.364801,1.006,IN,24213.3143,24181.1947,0.903124,322592.0,501292662.0
27631,6.4724,LD2,-1.165,44.82,-2.978,10.245,PI-SIDIS,0.44,4.4,0.52,2.0,50.368,28.522,50.348,28.51,50.752,28.739,269.025,152.341,50.886,28.815,0.9996,0.999,0.9825,0.9765,-1.0,-1.0,-1.0,-1.0,-1.0,1.0,0.99997,0.999552,299.0,213.077,17.4817,4.33579,0.355726,51.2368,0.357527,1.006,IN,24760.7098,24727.6882,0.904598,329948.0,512714825.0
27632,6.4724,LH2,-1.165,44.82,-2.978,10.245,PI-SIDIS,0.44,4.4,0.52,2.0,87.145,54.532,87.264,54.607,87.648,54.847,231.735,145.011,87.719,54.891,0.9997,0.9996,0.9821,0.9731,-1.0,-1.0,-1.0,-1.0,-1.0,1.0,0.99995,0.999577,234.0,157.0,15.4895,1.84952,0.182472,51.2864,0.392475,1.019,IN,42879.67515,42823.03985,0.900629,306968.0,438579509.0
27633,6.4724,LH2,-1.165,44.82,-2.978,10.245,PI-SIDIS,0.44,4.4,0.52,2.0,104.946,59.634,104.991,59.659,105.348,59.862,266.099,151.206,105.601,60.006,0.9998,0.9992,0.9824,0.9742,-1.0,-1.0,-1.0,-1.0,-1.0,1.0,0.99993,0.999562,296.0,213.0,17.3892,2.08304,0.170059,51.2315,0.378565,1.020,IN,51629.90241,51564.28959,0.899327,367329.0,526890161.0
27634,6.4724,LH2,-1.165,44.82,-2.978,10.245,PI-SIDIS,0.44,4.4,0.52,2.0,102.456,60.49,102.485,60.506,103.253,60.96,258.033,152.341,103.602,61.166,0.9999,0.9992,0.9801,0.9734,-1.0,-1.0,-1.0,-1.0,-1.0,1.0,0.99996,0.999561,272.0,186.308,16.6911,1.86785,0.167338,51.1789,0.401892,1.021,IN,50401.1729,50334.9201,0.900277,358304.0,514553490.0
27635,6.4724,LH2,-1.165,44.82,-2.978,10.245,PI-SIDIS,0.44,4.4,0.52,2.0,79.205,59.886,79.259,59.927,80.065,60.536,200.318,151.458,80.305,60.718,0.9999,0.9989,0.9796,0.9721,-1.0,-1.0,-1.0,-1.0,-1.0,1.0,0.99996,0.999563,217.0,146.385,14.9142,1.90019,0.193598,51.2304,0.399554,1.021,IN,38943.41605,38890.62095,0.899663,277433.0,398340261.0
27636,6.4724,LH2,-1.165,44.82,-2.978,10.245,PI-SIDIS,0.44,4.4,0.52,2.0,103.487,60.475,103.626,60.556,104.507,61.071,260.686,152.338,104.682,61.173,0.9997,0.9989,0.9813,0.9731,-1.0,-1.0,-1.0,-1.0,-1.0,1.0,0.99999,0.999561,268.0,179.846,16.5765,1.78406,0.164438,51.1701,0.440505,1.021,IN,50959.80839,50891.86561,0.899514,362070.0,520759159.0
27637,6.4724,LH2,-1.165,44.82,-2.978,10.245,PI-SIDIS,0.44,4.4,0.52,2.0,97.876,58.657,98.037,58.753,98.291,58.906,250.197,149.943,98.341,58.936,0.9999,0.9986,0.9806,0.9728,-1.0,-1.0,-1.0,-1.0,-1.0,1.0,0.99998,0.999564,237.0,154.846,15.5987,1.62383,0.163579,51.2302,0.362554,1.020,IN,48197.72177,48131.18823,0.898125,343138.0,492554419.0
27638,6.4724,LH2,-1.165,44.82,-2.978,10.245,PI-SIDIS,0.44,4.4,0.52,2.0,109.024,59.169,109.182,59.255,109.332,59.337,277.474,150.59,109.592,59.478,0.9998,0.9988,0.9799,0.9699,-1.0,-1.0,-1.0,-1.0,-1.0,1.0,0.99998,0.999563,284.0,187.615,17.0709,1.77209,0.16124,51.2802,0.333998,1.020,IN,53697.61208,53629.99792,0.901191,382573.0,548454614.0
27639,6.4724,LH2,-1.165,44.82,-2.978,10.245,PI-SIDIS,0.44,4.4,0.52,2.0,99.383,58.589,99.404,58.601,100.089,59.005,253.886,149.672,100.44,59.212,0.9997,0.9986,0.9813,0.9699,-1.0,-1.0,-1.0,-1.0,-1.0,1.0,0.99998,0.999565,257.0,171.846,16.2342,1.78299,0.168438,51.1875,0.430852,1.020,IN,48870.30108,48812.43292,0.900684,348190.0,499923885.0
27640,6.4724,LH2,-1.165,44.82,-2.978,10.245,PI-SIDIS,0.44,4.4,0.52,2.0,93.22,58.488,93.25,58.506,94.171,59.084,238.506,149.643,94.472,59.274,0.9995,0.9985,0.9804,0.9689,-1.0,-1.0,-1.0,-1.0,-1.0,1.0,0.99999,0.999566,263.0,185.538,16.4,2.05461,0.181609,51.1602,0.374474,1.020,IN,45843.79183,45787.64817,0.900232,326548.0,469325639.0
27641,6.4724,LH2,-1.165,44.82,-2.978,10.245,PI-SIDIS,0.44,4.4,0.52,2.0,109.665,60.403,109.773,60.462,110.544,60.887,276.388,152.232,110.692,60.968,0.9998,0.9989,0.9797,0.9717,-1.0,-1.0,-1.0,-1.0,-1.0,1.0,0.99999,0.999561,317.0,221.538,18.0095,2.07736,0.168875,51.2653,0.386418,1.021,IN,53986.76678,53918.89822,0.901736,382521.0,552221496.0
27642,6.4724,LH2,-1.165,37.33,5.051,9.235,PI+SIDIS,0.31,3.1,0.9,2.0,173.711,67.38,173.838,67.429,174.977,67.871,384.897,149.295,171.163,66.391,0.9998,0.9985,0.9911,0.9827,-1.0,-1.0,-1.0,-1.0,-1.0,1.0,0.99997,0.999903,1737.0,1661.54,41.7469,9.72848,0.244433,51.2575,0.368051,1.023,IN,85539.12952,85425.67748,0.863313,1929382.0,39067164.0
27643,6.4724,Dummy,-1.165,37.33,5.051,9.235,PI+SIDIS,0.31,3.1,0.9,2.0,31.583,45.081,31.61,45.12,31.762,45.337,99.163,141.546,31.816,45.414,1.0,1.0,1.0,0.9893,-1.0,-1.0,-1.0,-1.0,-1.0,1.0,1.0,0.999985,47.0,46.5385,6.85824,1.48819,0.219311,51.2637,0.379335,1.000,IN,15482.42131,15456.56169,0.908826,124277.0,1480041.0
27644,6.4724,Dummy,-1.165,37.33,5.051,9.235,PI+SIDIS,0.31,3.1,0.9,2.0,16.078,50.246,16.096,50.301,16.166,50.519,48.748,152.343,16.194,50.608,1.0,1.0,1.0,0.9891,-1.0,-1.0,-1.0,-1.0,-1.0,1.0,1.0,0.999984,26.0,25.6154,5.10192,1.60895,0.320461,51.3795,0.48527,1.000,IN,7844.60519,7833.90381,0.909263,62631.0,752787.0
27650,6.4724,LD2,-1.165,37.33,2.806,9.235,PI+SIDIS,0.31,3.1,0.5,2.0,32.508,18.106,32.457,18.077,32.681,18.202,184.424,102.718,32.718,18.223,0.9999,0.9988,0.9803,0.9817,-1.0,-1.0,-1.0,-1.0,-1.0,1.0,0.99993,0.999562,1100.0,825.692,33.4828,25.9182,1.05102,51.2684,0.387906,1.004,IN,15962.04212,15940.53688,0.904379,709338.0,59315249.0
27651,6.4724,LD2,-1.165,37.33,2.806,9.235,PI+SIDIS,0.31,3.1,0.5,2.0,31.631,18.006,31.589,17.983,31.806,18.106,179.523,102.196,31.848,18.13,0.9998,0.999,0.9844,0.9821,-1.0,-1.0,-1.0,-1.0,-1.0,1.0,0.99991,0.999564,1042.0,780.769,32.5898,25.1743,1.05079,51.2397,0.394681,1.004,IN,15535.05063,15514.69637,0.904749,692036.0,57802787.0
27652,6.4724,LD2,-1.165,37.33,2.806,9.235,PI+SIDIS,0.31,3.1,0.5,2.0,31.482,18.071,31.469,18.064,31.685,18.188,178.822,102.647,31.73,18.213,0.9998,0.9989,0.9827,0.9825,-1.0,-1.0,-1.0,-1.0,-1.0,1.0,0.99995,0.999561,999.0,731.769,31.9305,23.6738,1.033,51.2466,0.376891,1.004,IN,15475.92685,15456.14715,0.904303,690063.0,57734158.0
27653,6.4724,LD2,-1.165,37.33,2.806,9.235,PI+SIDIS,0.31,3.1,0.5,2.0,30.502,18.088,30.504,18.089,30.713,18.213,173.351,102.799,30.758,18.24,0.9998,0.9988,0.9848,0.9817,-1.0,-1.0,-1.0,-1.0,-1.0,1.0,0.99993,0.999561,960.0,700.231,31.3047,23.3895,1.04566,51.2365,0.356729,1.004,IN,14999.87914,14981.72186,0.903152,668981.0,56021793.0
27654,6.4724,LD2,-1.165,37.33,2.806,9.235,PI+SIDIS,0.31,3.1,0.5,2.0,31.12,18.044,31.129,18.049,31.346,18.175,176.931,102.586,31.386,18.198,0.9999,0.9989,0.98,0.983,-1.0,-1.0,-1.0,-1.0,-1.0,1.0,0.99994,0.999562,1032.0,764.846,32.443,24.9992,1.06041,51.2373,0.380429,1.004,IN,15307.28252,15288.66648,0.904431,680570.0,57211406.0
27655,6.4724,LD2,-1.165,37.33,2.806,9.235,PI+SIDIS,0.31,3.1,0.5,2.0,31.725,18.086,31.707,18.076,31.927,18.201,180.221,102.743,31.973,18.228,0.9998,0.9989,0.9789,0.9825,-1.0,-1.0,-1.0,-1.0,-1.0,1.0,0.99991,0.999562,1002.0,726.923,31.9869,23.3413,1.02709,51.256,0.373355,1.004,IN,15593.64343,15574.11757,0.904226,694456.0,58234121.0
27656,6.4724,LD2,-1.165,37.33,2.806,9.235,PI+SIDIS,0.31,3.1,0.5,2.0,30.912,18.031,30.862,18.002,31.093,18.137,175.506,102.377,31.14,18.165,0.9998,0.9989,0.9813,0.9825,-1.0,-1.0,-1.0,-1.0,-1.0,1.0,0.9999,0.999563,1017.0,748.846,32.2122,24.7039,1.06266,51.2394,0.35275,1.004,-999,15176.25941,15157.12059,0.903981,676043.0,56737511.0
27657,6.4724,LD2,-1.165,37.33,2.806,9.235,PI+SIDIS,0.31,3.1,0.5,2.0,31.493,17.886,31.453,17.863,31.703,18.005,178.938,101.625,31.746,18.03,0.9999,0.999,0.9819,0.9825,-1.0,-1.0,-1.0,-1.0,-1.0,1.0,0.99994,0.999564,1028.0,758.769,32.3838,24.5576,1.0481,51.252,0.386342,1.004,IN,15467.83783,15448.55917,0.904667,689200.0,57832322.0
27658,6.4724,LD2,-1.165,37.33,2.806,9.235,PI+SIDIS,0.31,3.1,0.5,2.0,29.729,17.758,29.717,17.751,29.966,17.9,169.121,101.024,30.003,17.922,0.9998,0.999,0.9817,0.9822,-1.0,-1.0,-1.0,-1.0,-1.0,1.0,0.99989,0.999564,943.0,691.923,31.0212,23.713,1.06313,51.2267,0.391437,1.004,IN,14610.72837,14592.18363,0.905902,651594.0,54738829.0
27659,6.4724,LD2,-1.165,37.33,2.806,9.235,PI+SIDIS,0.31,3.1,0.5,2.0,31.996,17.926,32.001,17.929,32.275,18.082,182.154,102.053,32.321,18.108,0.9998,0.9992,0.9832,0.982,-1.0,-1.0,-1.0,-1.0,-1.0,1.0,0.99993,0.999565,1052.0,774.615,32.7618,24.6563,1.04282,51.2217,0.355848,1.004,IN,15774.60654,15754.79946,0.905113,700701.0,59074023.0
27660,6.4724,LD2,-1.165,37.33,2.806,9.235,HMSDIS,0.31,3.1,0.5,2.0,11505.838,17.84,11512.309,17.85,11617.56,18.014,65565.968,101.664,11633.35,18.038,0.9998,0.9989,-999,-999,-1.0,-1.0,-1.0,1.0,-1.0,-1.0,0.99812,0.956484,-999,-999,-999,14.6527,0.0357132,-999,-999,1.004,IN,-999,-999,-999,252473.0,21234130.0
27661,6.4724,LD2,-1.165,37.33,2.806,9.235,HMSDIS,0.31,3.1,0.5,2.0,4574.495,18.14,4570.039,18.123,4615.564,18.303,26042.196,103.272,4620.849,18.324,0.9998,0.999,-999,-999,-1.0,-1.0,-1.0,1.0,-1.0,-1.0,0.99807,0.956259,-999,-999,-999,14.5921,0.0565669,-999,-999,1.004,IN,-999,-999,-999,100146.0,8497441.0
27662,6.4724,LD2,-1.165,37.33,2.806,9.235,HMSDIS,0.31,3.1,0.5,2.0,15421.17,18.05,15398.732,18.023,15554.645,18.206,87794.99,102.758,15577.204,18.232,1.0,0.999,-999,-999,-1.0,-1.0,17.0,-1.0,-1.0,-1.0,0.99899,0.956373,-999,-999,-999,14.5708,0.126894,-999,-999,1.004,IN,-999,-999,-999,337912.0,28507763.0
27663,6.4724,LD2,-1.165,37.33,2.806,9.235,HMSDIS,0.31,3.1,0.5,2.0,2568.781,18.174,2564.625,18.144,2590.768,18.329,14623.029,103.456,2594.628,18.357,0.9999,0.9986,-999,-999,-1.0,-1.0,-1.0,1.0,-1.0,-1.0,0.99811,0.956199,-999,-999,-999,14.7293,0.0758595,-999,-999,1.004,IN,-999,-999,-999,56566.0,4748949.0
27664,6.4724,LH2,-1.165,37.33,2.806,9.235,PI+SIDIS,0.31,3.1,0.5,2.0,59.998,37.464,59.917,37.413,60.34,37.678,239.382,149.475,60.454,37.749,0.9998,0.9991,0.9794,0.9803,-1.0,-1.0,-1.0,-1.0,-1.0,1.0,0.99996,0.999551,1114.0,830.615,33.7016,14.1448,0.573914,51.2232,0.345715,1.013,IN,29459.79985,29417.16315,0.90213,677991.0,54937656.0
27665,6.4724,LH2,-1.165,37.33,2.806,9.235,PI+SIDIS,0.31,3.1,0.5,2.0,59.505,36.862,59.473,36.843,59.919,37.119,238.371,147.668,60.027,37.186,0.9997,0.9986,0.9835,0.9807,-1.0,-1.0,-1.0,-1.0,-1.0,1.0,0.99995,0.999553,1085.0,814.692,33.2535,13.973,0.570338,51.2288,0.384268,1.013,IN,29311.81976,29275.74824,0.902386,673906.0,54465107.0
27666,6.4724,LH2,-1.165,37.33,2.806,9.235,PI+SIDIS,0.31,3.1,0.5,2.0,64.573,37.728,64.564,37.722,65.061,38.012,257.411,150.394,65.181,38.082,0.9998,0.9993,0.9828,0.9801,-1.0,-1.0,-1.0,-1.0,-1.0,1.0,0.99994,0.99955,1207.0,900.692,35.0794,14.2373,0.554504,51.2298,0.378514,1.013,IN,31744.96918,31703.53882,0.902855,729716.0,59168507.0
27667,6.4724,LH2,-1.165,37.33,2.806,9.235,PI+SIDIS,0.31,3.1,0.5,2.0,68.222,38.401,68.23,38.406,68.773,38.711,270.638,152.338,68.913,38.79,0.9998,0.9989,0.9824,0.9803,-1.0,-1.0,-1.0,-1.0,-1.0,1.0,0.9999,0.999548,1243.0,920.846,35.6059,13.7715,0.532498,51.2188,0.380093,1.013,-999,33556.56812,33513.87788,0.902401,771330.0,62528988.0
27668,6.4724,LH2,-1.165,37.33,2.806,9.235,PI+SIDIS,0.31,3.1,0.5,2.0,64.468,38.196,64.43,38.174,64.97,38.494,255.991,151.672,65.096,38.568,0.9999,0.9989,0.9817,0.9808,-1.0,-1.0,-1.0,-1.0,-1.0,1.0,0.99993,0.999548,1197.0,884.846,34.943,14.0046,0.553049,51.2192,0.374665,1.013,IN,31678.38814,31637.22086,0.902292,727753.0,59055258.0
27669,6.4724,LH2,-1.165,37.33,2.806,9.235,PI+SIDIS,0.31,3.1,0.5,2.0,23.883,38.178,23.846,38.119,23.974,38.323,95.011,151.881,23.987,38.344,1.0,0.9992,0.9766,0.9792,-1.0,-1.0,-1.0,-1.0,-1.0,1.0,0.99996,0.999549,426.0,318.385,20.8393,13.6358,0.892511,51.293,0.376166,1.013,IN,11676.0008,11661.7202,0.902943,269589.0,21818941.0
27670,6.4724,LH2,-1.165,37.33,2.806,9.235,PI+SIDIS,0.31,3.1,0.5,2.0,109.517,38.043,109.523,38.045,110.374,38.34,435.709,151.351,110.626,38.428,0.9999,0.9987,0.98,0.98,-1.0,-1.0,-1.0,-1.0,-1.0,1.0,0.99994,0.999549,2034.0,1526.62,45.5305,14.2255,0.424269,51.2294,0.358903,1.013,IN,53917.07933,53833.24167,0.90554,1225972.0,100806470.0
27671,6.4724,LH2,-1.165,37.33,2.806,9.235,PI+SIDIS,0.31,3.1,0.5,2.0,65.12,38.211,65.032,38.16,65.18,38.247,258.675,151.787,65.222,38.272,0.9998,0.9989,0.9827,0.9804,-1.0,-1.0,-1.0,-1.0,-1.0,1.0,0.99997,0.999548,1179.0,871.692,34.6791,13.6751,0.544047,51.2522,0.35973,1.013,IN,31980.643,31935.695,0.904176,728666.0,59458771.0
27672,6.4724,LH2,-1.165,37.33,2.806,9.235,PI+SIDIS,0.31,3.1,0.5,2.0,68.725,38.376,68.635,38.326,68.67,38.345,272.824,152.344,68.804,38.42,0.9997,0.9988,0.9777,0.9803,-1.0,-1.0,-1.0,-1.0,-1.0,1.0,0.99996,0.999547,1235.0,916.0,35.49,13.6188,0.527655,51.2579,0.355501,1.013,-999,33756.61613,33710.70887,0.903679,770589.0,62613859.0
27673,6.4724,LH2,-1.165,37.33,2.806,9.235,PI+SIDIS,0.31,3.1,0.5,2.0,56.204,38.23,56.147,38.191,56.388,38.355,223.209,151.825,56.583,38.487,0.9997,0.9986,0.9799,0.9787,-1.0,-1.0,-1.0,-1.0,-1.0,1.0,0.99996,0.999548,1058.0,796.077,32.8352,14.4919,0.597737,51.2128,0.376068,1.013,IN,27600.77609,27563.68291,0.904815,629405.0,51393498.0
27674,6.4724,LH2,-1.165,37.33,2.806,9.235,PI+SIDIS,0.31,3.1,0.5,2.0,51.226,38.418,51.219,38.413,51.605,38.702,203.127,152.34,51.766,38.823,0.9998,0.9986,0.9691,0.9685,-1.0,-1.0,-1.0,-1.0,1.0,-1.0,0.99877,0.999548,925.0,688.0,30.7121,13.8893,0.620013,51.2108,0.377726,1.013,IN,25169.58407,25135.82293,0.897665,573305.0,47076138.0
27675,6.4724,LH2,-1.165,37.33,2.806,9.235,PI+SIDIS,0.31,3.1,0.5,2.0,16.796,38.391,16.797,38.393,16.943,38.727,66.649,152.339,16.992,38.839,0.9996,0.9985,0.9685,0.9692,-1.0,-1.0,-1.0,-1.0,1.0,-1.0,0.99869,0.999548,304.0,223.462,17.6124,13.7499,1.08372,51.2228,0.38611,1.013,IN,8202.21578,8191.17122,0.897564,188370.0,15437526.0
27676,6.4724,LH2,-1.165,37.33,2.806,9.235,HMSDIS,0.31,3.1,0.5,2.0,41742.109,38.064,41752.608,38.073,42115.494,38.404,165780.247,151.171,42217.682,38.497,0.9998,0.9984,-999,-999,-1.0,-1.0,-1.0,1.0,-1.0,-1.0,0.99883,0.954909,-999,-999,-999,7.7455,0.0136295,-999,-999,1.013,IN,-999,-999,-999,467033.0,38391326.0
27677,6.4724,LH2,-1.165,37.33,2.806,9.235,HMSDIS,0.31,3.1,0.5,2.0,40901.293,37.764,40915.029,37.776,41107.714,37.954,162908.596,150.412,41133.148,37.978,0.9997,0.9986,-999,-999,-1.0,-1.0,17.0,-1.0,-1.0,-1.0,0.99961,0.95499,-999,-999,-999,7.8408,0.0570969,-999,-999,1.013,IN,-999,-999,-999,458913.0,37531846.0
27678,6.4724,Dummy,-1.165,37.33,2.806,9.235,PI+SIDIS,0.31,3.1,0.5,2.0,85.876,50.147,85.861,50.138,85.971,50.202,259.904,151.769,86.057,50.252,1.0,0.9981,0.9798,0.9797,-1.0,-1.0,-1.0,-1.0,-1.0,1.0,0.99998,0.999815,368.0,312.769,19.2937,3.71829,0.22937,51.293,0.362529,1.000,IN,42216.84218,42161.23682,0.922521,332940.0,19265384.0
27679,6.4724,Dummy,-1.165,37.33,2.806,9.235,PI+SIDIS,0.31,3.1,0.5,2.0,82.883,49.114,82.847,49.093,83.237,49.324,252.676,149.729,83.514,49.488,0.9996,0.9984,0.984,0.9794,-1.0,-1.0,-1.0,-1.0,-1.0,1.0,1.0,0.999817,338.0,288.538,18.488,3.55746,0.227943,51.2667,0.35892,1.000,IN,40731.07348,40677.20452,0.924438,321033.0,18663066.0
27680,6.4724,Dummy,-1.165,37.33,2.806,9.235,HMSDIS,0.31,3.1,0.5,2.0,58931.02,50.028,58930.914,50.028,59391.634,50.419,178378.539,151.43,59598.614,50.595,0.9998,0.9983,-999,-999,-1.0,-1.0,-1.0,1.0,-1.0,-1.0,0.99953,0.981605,-999,-999,-999,2.58993,0.00663159,-999,-999,1.000,IN,-999,-999,-999,227807.0,13310614.0
27681,6.4724,LD2,-1.165,37.33,2.806,9.235,PI+SIDIS,0.31,3.1,0.5,2.0,32.638,18.069,32.641,18.071,33.023,18.282,186.37,103.178,33.08,18.314,0.9997,0.9982,0.979,0.98,-1.0,-1.0,-1.0,-1.0,-1.0,1.0,0.99994,0.999563,1043.0,756.846,32.6345,23.6688,1.02058,51.2662,0.37718,1.004,IN,16053.8701,16032.1169,0.909133,705594.0,60815129.0
27682,6.4724,LD2,-1.165,37.33,2.806,9.235,PI+SIDIS,0.31,3.1,0.5,2.0,29.408,17.987,29.42,17.994,29.593,18.1,167.024,102.158,29.597,18.102,0.9998,0.9982,0.9808,0.98,-1.0,-1.0,-1.0,-1.0,-1.0,1.0,0.99995,0.999563,1037.0,788.692,32.4977,27.362,1.12744,51.274,0.374064,1.004,IN,14466.3428,14446.3042,0.90802,636764.0,54525786.0
27683,6.4724,LD2,-1.165,37.33,2.806,9.235,PI+SIDIS,0.31,3.1,0.5,2.0,32.081,18.03,32.076,18.027,32.166,18.077,181.542,102.028,32.199,18.096,0.9998,0.9979,0.9819,0.9801,-1.0,-1.0,-1.0,-1.0,-1.0,1.0,0.99991,0.999562,1098.0,821.692,33.4553,26.1448,1.06449,51.28,0.373323,1.004,IN,15775.39879,15754.36221,0.908165,695579.0,59256840.0
27684,6.4724,LD2,-1.165,37.33,2.806,9.235,PI+SIDIS,0.31,3.1,0.5,2.0,33.01,18.094,32.958,18.066,33.208,18.203,187.427,102.739,33.304,18.256,0.9997,0.9981,0.9801,0.9794,-1.0,-1.0,-1.0,-1.0,-1.0,1.0,0.99995,0.999563,1069.0,791.923,33.0199,24.5421,1.0233,51.2632,0.376497,1.004,IN,16209.82121,16188.21079,0.909311,713441.0,61056331.0
27685,6.4724,LD2,-1.165,37.33,2.806,9.235,PI+SIDIS,0.31,3.1,0.5,2.0,21.546,17.968,21.518,17.944,21.74,18.129,122.698,102.32,21.792,18.173,0.9999,0.9973,0.9854,0.9788,-1.0,-1.0,-1.0,-1.0,-1.0,1.0,0.99995,0.999582,592.0,443.846,24.5641,21.0767,1.16647,51.2362,0.377311,1.004,IN,10568.12603,10553.91997,0.907727,466602.0,32845007.0
27686,6.4724,LD2,-1.165,37.33,2.806,9.235,PI+SIDIS,0.31,3.1,0.5,2.0,41.548,17.919,41.549,17.92,42.071,18.145,237.434,102.405,42.149,18.179,0.9996,0.998,0.9832,0.9783,-1.0,-1.0,-1.0,-1.0,-1.0,1.0,0.99995,0.999564,1359.0,1002.69,37.2345,24.6791,0.916446,51.2291,0.364529,1.004,IN,20444.99405,20416.80295,0.909557,900038.0,77451831.0
27687,6.4724,LD2,-1.165,37.33,2.806,9.235,PI+SIDIS,0.31,3.1,0.5,2.0,30.251,17.799,30.256,17.802,30.646,18.032,172.955,101.765,30.694,18.06,0.9997,0.9977,0.9822,0.9791,-1.0,-1.0,-1.0,-1.0,-1.0,1.0,0.9999,0.999566,982.0,726.615,31.6488,24.5379,1.06878,51.2216,0.362075,1.004,IN,14878.45596,14857.74904,0.909011,653671.0,56192836.0
27688,6.4724,LD2,-1.165,37.33,2.806,9.235,PI+SIDIS,0.31,3.1,0.5,2.0,32.31,18.103,32.272,18.081,32.696,18.319,184.5,103.371,32.746,18.347,0.9997,0.9977,0.9797,0.9792,-1.0,-1.0,-1.0,-1.0,-1.0,1.0,0.99994,0.999563,1007.0,737.308,32.0585,23.3404,1.01485,51.2383,0.374957,1.004,IN,15872.89599,15850.93201,0.908925,699437.0,59958821.0
27689,6.4724,LD2,-1.165,37.33,2.806,9.235,PI+SIDIS,0.31,3.1,0.5,2.0,31.582,17.997,31.533,17.969,31.953,18.208,180.31,102.75,31.996,18.233,0.9998,0.9978,0.978,0.9792,-1.0,-1.0,-1.0,-1.0,-1.0,1.0,0.99992,0.999564,1052.0,781.385,32.7539,25.3133,1.06108,51.2173,0.386289,1.004,IN,15506.2406,15484.5914,0.91009,682973.0,58589692.0
27690,6.4724,LD2,-1.165,37.33,2.806,9.235,PI+SIDIS,0.31,3.1,0.5,2.0,31.755,17.894,31.723,17.876,32.149,18.116,181.402,102.218,32.188,18.137,0.9997,0.9982,0.979,0.9784,-1.0,-1.0,-1.0,-1.0,-1.0,1.0,0.99995,0.999564,1045.0,782.231,32.6376,25.2114,1.05191,51.2218,0.360496,1.004,IN,15600.69025,15580.37775,0.909998,688563.0,58958816.0
27691,6.4724,LH2,-1.165,37.33,2.806,9.235,PI+SIDIS,0.31,3.1,0.5,2.0,60.43,37.206,60.412,37.195,60.511,37.255,241.803,148.874,60.533,37.269,0.9998,0.9978,0.9792,0.9764,-1.0,-1.0,-1.0,-1.0,-1.0,1.0,0.99996,0.999551,1113.0,836.538,33.6789,14.1853,0.571096,51.3592,0.437709,1.013,IN,29777.64883,29738.33217,0.903253,678975.0,55456740.0
27692,6.4724,LH2,-1.165,37.33,2.806,9.235,PI+SIDIS,0.31,3.1,0.5,2.0,59.122,33.16,59.127,33.162,59.228,33.219,236.501,132.645,59.319,33.27,0.9999,0.9977,0.9774,0.9767,-1.0,-1.0,-1.0,-1.0,-1.0,1.0,0.99996,0.999552,1081.0,812.385,33.1913,14.0694,0.574829,51.2715,0.363195,1.011,IN,29067.23101,29027.47799,0.903915,666207.0,54152639.0
27693,6.4724,LH2,-1.165,37.33,2.806,9.235,PI+SIDIS,0.31,3.1,0.5,2.0,64.789,38.038,64.739,38.008,65.027,38.178,257.783,151.346,65.211,38.286,0.9999,0.9976,0.9762,0.9771,-1.0,-1.0,-1.0,-1.0,-1.0,1.0,0.99996,0.999549,1270.0,965.923,35.9637,15.2721,0.568617,51.2332,0.375691,1.013,IN,31836.81789,31793.34511,0.905101,727546.0,59514576.0
27694,6.4724,LH2,-1.165,37.33,2.806,9.235,PI+SIDIS,0.31,3.1,0.5,2.0,68.146,38.198,68.023,38.129,68.517,38.405,270.575,151.665,68.695,38.506,0.9998,0.9981,0.9768,0.9778,-1.0,-1.0,-1.0,-1.0,-1.0,1.0,0.99994,0.999548,1249.0,924.231,35.6929,13.8992,0.536773,51.2138,0.374735,1.013,-999,33453.97184,33408.72516,0.906717,763046.0,62581052.0
27695,6.4724,LH2,-1.165,37.33,2.806,9.235,PI+SIDIS,0.31,3.1,0.5,2.0,67.838,38.253,67.743,38.199,68.339,38.536,269.189,151.792,68.52,38.637,0.9998,0.998,0.9773,0.9774,-1.0,-1.0,-1.0,-1.0,-1.0,1.0,0.99995,0.999548,1193.0,876.308,34.8907,13.2382,0.527088,51.2074,0.387226,1.013,IN,33316.2555,33271.0325,0.906056,759906.0,62351158.0
27696,6.4724,LH2,-1.165,37.33,2.806,9.235,PI+SIDIS,0.31,3.1,0.5,2.0,68.378,38.224,68.335,38.2,68.683,38.394,271.413,151.723,68.743,38.428,0.9998,0.9984,0.9823,0.977,-1.0,-1.0,-1.0,-1.0,-1.0,1.0,0.99994,0.999548,1283.0,957.615,36.1667,14.3472,0.541858,51.25,0.388023,1.013,IN,33604.66604,33560.89596,0.904533,767907.0,62827017.0
27697,6.4724,LH2,-1.165,37.33,2.806,9.235,PI+SIDIS,0.31,3.1,0.5,2.0,71.785,38.408,71.779,38.405,71.742,38.385,284.73,152.343,71.765,38.398,0.9998,0.9978,0.9799,0.9764,-1.0,-1.0,-1.0,-1.0,-1.0,1.0,0.99993,0.999546,1305.0,978.538,36.4707,13.9659,0.520517,51.2622,0.379064,1.013,IN,35305.9248,35260.0052,0.903179,804690.0,65737874.0
27698,6.4724,LH2,-1.165,37.33,2.806,9.235,PI+SIDIS,0.31,3.1,0.5,2.0,67.821,38.388,67.818,38.387,67.901,38.434,269.147,152.344,68.104,38.549,0.9999,0.9981,0.9781,0.977,-1.0,-1.0,-1.0,-1.0,-1.0,1.0,0.99993,0.999547,1200.0,879.692,34.9948,13.279,0.528249,51.2414,0.38064,1.013,IN,33352.0194,33307.7826,0.90296,761915.0,62165083.0
27699,6.4724,Dummy,-1.165,37.33,2.806,9.235,PI+SIDIS,0.31,3.1,0.5,2.0,89.483,50.174,89.433,50.145,90.262,50.61,270.534,151.689,90.573,50.785,0.9998,0.9987,0.9845,0.9782,-1.0,-1.0,-1.0,-1.0,-1.0,1.0,0.99993,0.999816,389.0,333.154,19.8317,3.80923,0.226753,51.2679,0.391561,1.000,IN,43980.43026,43923.00074,0.925168,346478.0,20282273.0
27700,6.4724,Dummy,-1.165,37.33,2.806,9.235,PI+SIDIS,0.31,3.1,0.5,2.0,83.874,48.879,83.841,48.86,84.57,49.285,256.161,149.282,84.73,49.378,0.9998,0.9978,0.983,0.9809,-1.0,-1.0,-1.0,-1.0,-1.0,1.0,0.99998,0.999817,322.0,271.154,18.053,3.29784,0.219565,51.2765,0.344948,1.000,IN,41219.0475,41164.7155,0.925844,324811.0,19013474.0
27701,6.4724,Dummy,-1.165,37.33,2.806,9.235,PI+SIDIS,0.31,3.1,0.5,2.0,86.243,49.477,86.267,49.491,86.438,49.589,262.127,150.381,86.509,49.629,0.9996,0.9973,0.9802,0.9761,-1.0,-1.0,-1.0,-1.0,-1.0,1.0,0.99998,0.999816,376.0,325.923,19.4898,3.8722,0.231553,51.2964,0.357532,1.000,IN,42425.15944,42365.17656,0.921222,334179.0,19500949.0
27702,6.4724,Dummy,-1.165,37.33,2.806,9.235,PI+SIDIS,0.31,3.1,0.5,2.0,87.514,49.846,87.59,49.89,87.822,50.022,265.479,151.212,88.097,50.179,0.9996,0.9969,0.9786,0.9763,-1.0,-1.0,-1.0,-1.0,-1.0,1.0,1.0,0.999815,344.0,288.385,18.6622,3.37371,0.218323,51.2858,0.373509,1.000,IN,43075.79725,43015.81075,0.921959,339355.0,19805643.0
27703,6.4724,LH2,-1.165,37.33,-2.806,9.235,PI-SIDIS,0.31,3.1,0.5,2.0,69.283,39.842,69.214,39.802,69.693,40.077,261.531,150.395,69.862,40.174,0.9998,0.998,0.9831,0.9723,-1.0,-1.0,-1.0,-1.0,-1.0,1.0,0.99995,0.999552,665.0,430.692,26.1347,6.40152,0.388449,51.2135,0.336728,1.014,IN,34038.2551,33989.7569,0.90649,774228.0,473886000.0
27704,6.4724,LH2,-1.165,37.33,-2.806,9.235,PI-SIDIS,0.31,3.1,0.5,2.0,67.163,39.918,67.07,39.863,67.176,39.926,253.235,150.511,67.259,39.975,0.9998,0.998,0.9827,0.973,-1.0,-1.0,-1.0,-1.0,-1.0,1.0,0.99996,0.99955,667.0,429.462,26.1777,6.58244,0.401231,51.2635,0.355352,1.014,IN,32980.61732,32936.76368,0.904579,753017.0,458367393.0
27705,6.4724,LH2,-1.165,37.33,-2.806,9.235,PI-SIDIS,0.31,3.1,0.5,2.0,62.825,40.101,62.761,40.061,62.94,40.175,236.748,151.117,63.151,40.309,1.0,0.9978,0.9817,0.9721,-1.0,-1.0,-1.0,-1.0,-1.0,1.0,0.99996,0.99955,651.0,434.769,25.8386,7.12646,0.42353,51.2328,0.350967,1.014,IN,30853.2235,30812.8555,0.903711,703288.0,429003135.0
27706,6.4724,LH2,-1.165,37.33,-2.806,9.235,PI-SIDIS,0.31,3.1,0.5,2.0,66.749,39.639,66.727,39.627,67.199,39.907,252.601,150.009,67.462,40.063,0.9999,0.9979,0.9817,0.9729,-1.0,-1.0,-1.0,-1.0,-1.0,1.0,0.99996,0.999553,654.0,426.846,25.9128,6.57604,0.399216,51.193,0.358378,1.013,IN,32810.62647,32767.28153,0.904782,747472.0,456377541.0
27707,6.4724,LH2,-1.165,37.33,-2.806,9.235,PI-SIDIS,0.31,3.1,0.5,2.0,69.949,39.903,69.977,39.919,70.516,40.226,264.307,150.776,70.688,40.324,0.9997,0.9978,0.9832,0.9725,-1.0,-1.0,-1.0,-1.0,-1.0,1.0,0.99996,0.999552,683.0,434.846,26.497,6.39201,0.389491,51.2091,0.338048,1.014,IN,34413.5637,34363.9193,0.90668,782946.0,478585864.0
27708,6.4724,LH2,-1.165,37.33,-2.806,9.235,PI-SIDIS,0.31,3.1,0.5,2.0,72.994,40.452,72.98,40.444,73.117,40.521,274.892,152.342,73.168,40.549,0.9997,0.9979,0.9824,0.973,-1.0,-1.0,-1.0,-1.0,-1.0,1.0,0.99993,0.99955,703.0,447.231,26.8826,6.30053,0.378719,51.2289,0.359983,1.014,IN,35892.26663,35843.00237,0.905426,818000.0,498611959.0
27709,6.4724,LH2,-1.165,37.33,-2.806,9.235,PI-SIDIS,0.31,3.1,0.5,2.0,74.53,40.567,74.418,40.506,74.56,40.584,279.886,152.344,74.777,40.702,0.9997,0.9978,0.9835,0.9728,-1.0,-1.0,-1.0,-1.0,-1.0,1.0,0.99994,0.999549,725.0,470.462,27.287,6.50096,0.377058,51.2456,0.358993,1.014,IN,36604.48764,36553.29036,0.905197,833754.0,508449751.0
27710,6.4724,LH2,-1.165,37.33,-2.806,9.235,PI-SIDIS,0.31,3.1,0.5,2.0,74.255,40.517,74.164,40.467,74.711,40.765,279.194,152.341,74.997,40.922,0.9997,0.9981,0.9815,0.9707,-1.0,-1.0,-1.0,-1.0,-1.0,1.0,0.99997,0.99955,782.0,524.769,28.3158,7.29178,0.393455,51.2179,0.36029,1.014,IN,36477.48613,36428.78087,0.906846,830638.0,507117891.0
27711,6.4724,LH2,-1.165,37.33,-2.806,9.235,PI-SIDIS,0.31,3.1,0.5,2.0,72.045,40.311,72.026,40.3,72.61,40.627,271.258,151.774,72.794,40.73,0.9998,0.9975,0.9824,0.9722,-1.0,-1.0,-1.0,-1.0,-1.0,1.0,0.9999,0.99955,690.0,445.231,26.6238,6.36017,0.380324,51.2185,0.388738,1.014,IN,35423.45321,35372.20379,0.905993,807103.0,492609929.0
27712,6.4724,LH2,-1.165,37.33,-2.806,9.235,PI-SIDIS,0.31,3.1,0.5,2.0,68.105,39.758,68.125,39.769,68.281,39.86,257.525,150.336,68.331,39.89,0.9998,0.9975,0.9827,0.9737,-1.0,-1.0,-1.0,-1.0,-1.0,1.0,0.99995,0.999551,683.0,445.385,26.4817,6.71602,0.399321,51.2672,0.365003,1.014,IN,33496.05117,33451.97783,0.904957,763327.0,465597812.0
27713,6.4724,LH2,-1.165,37.33,-2.806,9.235,PI-SIDIS,0.31,3.1,0.5,2.0,70.747,40.236,70.748,40.236,70.836,40.286,266.917,151.802,71.051,40.408,0.9996,0.9979,0.9718,0.9611,-1.0,-1.0,-1.0,-1.0,1.0,-1.0,0.9987,0.99955,699.0,449.769,26.7987,6.62594,0.394795,51.2547,0.365585,1.014,IN,34790.83463,34743.81537,0.89864,792393.0,483494133.0
27714,6.4724,Dummy,-1.165,37.33,-2.806,9.235,PI-SIDIS,0.31,3.1,0.5,2.0,81.744,48.362,81.697,48.334,82.539,48.832,252.028,149.106,82.868,49.027,0.9998,0.9972,0.9855,0.9749,-1.0,-1.0,-1.0,-1.0,-1.0,1.0,0.99998,0.999793,222.0,182.615,15.001,2.29333,0.188386,51.2228,0.337435,1.000,IN,40183.06895,40127.49205,0.926296,316674.0,227659394.0
27715,6.4724,Dummy,-1.165,37.33,-2.806,9.235,PI-SIDIS,0.31,3.1,0.5,2.0,52.905,49.956,52.896,49.948,53.421,50.443,160.152,151.226,53.53,50.546,0.9991,0.998,0.9871,0.9786,-1.0,-1.0,-1.0,-1.0,-1.0,1.0,0.99998,0.99979,144.0,117.0,12.0862,2.26235,0.233703,51.2545,0.350633,1.000,IN,25970.77821,25935.59579,0.929114,203808.0,147299783.0
27716,6.4724,Dummy,-1.165,37.33,-2.806,9.235,PI-SIDIS,0.31,3.1,0.5,2.0,85.989,49.893,86.001,49.9,86.923,50.435,260.467,151.13,87.232,50.614,0.9996,0.9968,0.9833,0.9721,-1.0,-1.0,-1.0,-1.0,-1.0,1.0,0.99998,0.99979,217.0,175.154,14.8398,2.09598,0.17758,51.2471,0.352818,1.000,IN,42293.8626,42225.8114,0.929721,329765.0,239882968.0
27717,6.4724,Dummy,-1.165,37.33,-2.806,9.235,PI-SIDIS,0.31,3.1,0.5,2.0,123.575,49.847,123.527,49.828,124.324,50.15,374.895,151.225,124.483,50.214,0.9996,0.997,0.986,0.9773,-1.0,-1.0,-1.0,-1.0,-1.0,1.0,1.0,0.99979,361.0,301.385,19.1203,2.4975,0.158445,51.2778,0.358073,1.000,IN,60796.68766,60703.00334,0.928511,473740.0,343940040.0
27718,6.4724,LH2,-1.165,37.33,-2.806,9.235,PI-SIDIS,0.31,3.1,0.5,2.0,70.759,41.011,70.74,41.0,71.104,41.211,261.135,151.351,71.38,41.371,0.9997,0.9977,0.9814,0.9719,-1.0,-1.0,-1.0,-1.0,-1.0,1.0,0.99995,0.999539,712.0,468.385,27.0322,6.81504,0.393321,51.1922,0.39308,1.014,IN,34770.93527,34718.32073,0.90015,798440.0,483796884.0
27719,6.4724,LH2,-1.165,37.33,-2.806,9.235,PI-SIDIS,0.31,3.1,0.5,2.0,70.074,40.009,70.078,40.011,70.64,40.332,264.699,151.13,70.885,40.472,0.9999,0.9973,0.9814,0.9714,-1.0,-1.0,-1.0,-1.0,-1.0,1.0,0.99993,0.999552,693.0,450.692,26.6766,6.6218,0.391945,51.1765,0.397123,1.014,IN,34466.01786,34414.84514,0.903314,791596.0,479647623.0
27720,6.4724,LH2,-1.165,37.33,-2.806,9.235,PI-SIDIS,0.31,3.1,0.5,2.0,64.033,39.125,64.047,39.134,64.656,39.506,243.526,148.799,64.858,39.629,0.9998,0.9971,0.9805,0.9707,-1.0,-1.0,-1.0,-1.0,-1.0,1.0,0.99994,0.999555,645.0,432.077,25.7173,6.95171,0.413767,51.1993,0.388807,1.013,IN,31489.42536,31444.43764,0.903383,722964.0,438586117.0
27721,6.4724,LH2,-1.165,37.33,-2.806,9.235,PI-SIDIS,0.31,3.1,0.5,2.0,69.305,40.074,69.228,40.029,69.918,40.429,261.572,151.248,70.136,40.555,0.9997,0.9973,0.9813,0.9715,-1.0,-1.0,-1.0,-1.0,-1.0,1.0,0.99994,0.999551,697.0,457.077,26.748,6.79865,0.397855,51.201,0.33974,1.014,IN,34045.3569,33994.5241,0.903207,780815.0,474053624.0
27722,6.4724,LH2,-1.165,37.33,-2.806,9.235,PI-SIDIS,0.31,3.1,0.5,2.0,69.429,39.823,69.324,39.763,70.016,40.159,262.329,150.465,70.2,40.265,0.9998,0.9972,0.9802,0.9713,-1.0,-1.0,-1.0,-1.0,-1.0,1.0,0.99994,0.999552,708.0,473.769,26.9447,7.03788,0.400266,51.1811,0.379012,1.014,IN,34094.38728,34044.70272,0.902525,783789.0,474635925.0
27723,6.4724,LH2,-1.165,37.33,-2.806,9.235,PI-SIDIS,0.31,3.1,0.5,2.0,72.639,40.471,72.563,40.429,73.253,40.813,273.422,152.338,73.451,40.924,0.9997,0.997,0.981,0.9699,-1.0,-1.0,-1.0,-1.0,-1.0,1.0,0.99994,0.99955,745.0,490.692,27.6507,6.97464,0.393024,51.1785,0.364775,1.014,IN,35690.84123,35639.04177,0.90068,820125.0,496762861.0
27724,6.4724,LH2,-1.165,37.33,-2.806,9.235,PI-SIDIS,0.31,3.1,0.5,2.0,56.202,40.098,56.185,40.086,56.703,40.455,212.344,151.5,56.848,40.559,0.9999,0.9968,0.9831,0.9696,-1.0,-1.0,-1.0,-1.0,-1.0,1.0,0.99996,0.999551,524.0,329.462,23.2156,6.0486,0.426216,51.2116,0.34886,1.014,IN,27615.16575,27575.97625,0.90354,634438.0,384649472.0
27725,6.4724,LH2,-1.165,37.33,-2.806,9.235,PI-SIDIS,0.31,3.1,0.5,2.0,67.93,39.392,67.944,39.4,68.545,39.749,258.055,149.644,68.698,39.838,0.9995,0.9973,0.9832,0.971,-1.0,-1.0,-1.0,-1.0,-1.0,1.0,0.99994,0.999554,684.0,448.846,26.497,6.80723,0.401855,51.1851,0.397418,1.013,IN,33418.4022,33369.6678,0.903587,767768.0,465435497.0
27726,6.4724,LH2,-1.165,37.33,-2.806,9.235,PI-SIDIS,0.31,3.1,0.5,2.0,64.709,39.539,64.706,39.537,65.266,39.879,245.35,149.913,65.412,39.968,0.9998,0.9967,0.9822,0.9711,-1.0,-1.0,-1.0,-1.0,-1.0,1.0,0.99995,0.999553,653.0,433.308,25.8824,6.89758,0.412008,51.1795,0.403324,1.013,IN,31815.89274,31771.47426,0.902711,731031.0,443163802.0
27727,6.4724,LH2,-1.165,37.33,-2.806,9.235,PI-SIDIS,0.31,3.1,0.5,2.0,36.05,39.555,36.002,39.503,36.31,39.841,136.556,149.836,36.398,39.937,0.9998,0.9973,0.9816,0.9715,-1.0,-1.0,-1.0,-1.0,-1.0,1.0,0.99995,0.999553,399.0,272.231,20.2176,7.7853,0.578187,51.2464,0.40648,1.013,IN,17670.37766,17643.75434,0.903468,408050.0,246571121.0
27728,6.4724,LH2,-1.165,37.33,-2.806,9.235,PI-SIDIS,0.31,3.1,0.5,2.0,70.587,39.798,70.496,39.747,71.1,40.088,266.978,150.528,71.259,40.177,0.9998,0.9973,0.9818,0.9714,-1.0,-1.0,-1.0,-1.0,-1.0,1.0,0.99994,0.999553,730.0,483.077,27.3678,7.05615,0.399752,51.3565,0.341898,1.014,IN,34672.9605,34616.1475,0.900275,796608.0,483200944.0
27730,6.4724,Dummy,-1.165,37.33,-2.806,9.235,PI-SIDIS,0.31,3.1,0.5,2.0,80.835,48.682,80.894,48.718,81.727,49.22,247.622,149.129,81.901,49.325,0.9998,0.9982,0.9808,0.9711,-1.0,-1.0,-1.0,-1.0,-1.0,1.0,0.99998,0.999791,219.0,176.385,14.909,2.24582,0.189829,51.2445,0.338498,1.000,IN,39878.07749,39817.25751,0.922377,317273.0,225569735.0
27731,6.4724,Dummy,-1.165,37.33,-2.806,9.235,PI-SIDIS,0.31,3.1,0.5,2.0,91.275,50.386,91.372,50.44,92.296,50.949,275.963,152.338,92.51,51.068,1.0,0.9968,0.9874,0.9736,-1.0,-1.0,-1.0,-1.0,-1.0,1.0,0.99998,0.999789,235.0,189.692,15.443,2.13237,0.173598,51.2341,0.356627,1.000,IN,44945.47268,44875.65032,0.923525,356793.0,254599954.0
27732,6.4724,Dummy,-1.165,37.33,-2.806,9.235,PI-SIDIS,0.31,3.1,0.5,2.0,80.032,48.69,80.039,48.694,80.879,49.205,245.23,149.192,81.077,49.325,0.9998,0.9988,0.9858,0.9755,-1.0,-1.0,-1.0,-1.0,-1.0,1.0,0.99996,0.999792,218.0,177.769,14.8693,2.27735,0.190486,51.1871,0.340882,1.000,IN,39350.63989,39292.92711,0.924761,313603.0,223096319.0
27733,6.4724,LH2,-3.7,27.0,3.61,27.72,HMSHEEP,-999,-999,-999,-999,103.409,65.212,103.469,65.25,104.756,66.061,232.964,146.911,101.947,64.289,0.9999,0.8182,0.75,0.9759,-1.0,-1.0,-1.0,-1.0,-1.0,1.0,1.0,0.999999,36.0,36.0,6.0,0.356558,0.0594264,53.4315,0.471512,1.022,-999,50849.28413,50787.90387,-999,264407.0,42030.0
27734,6.4724,LH2,-3.7,27.0,3.61,27.72,HMSHEEP,-999,-999,-999,-999,115.272,66.327,115.378,66.388,116.836,67.227,257.255,148.025,113.537,65.329,0.9999,0.913,0.0,0.9766,-1.0,-1.0,-1.0,-1.0,-1.0,1.0,1.0,0.999999,48.0,48.0,6.9282,0.426035,0.0614928,53.4716,0.503332,1.023,IN,56725.91305,56642.90995,-999,294410.0,46761.0
27735,6.4724,LH2,-3.7,27.0,3.61,27.72,HMSHEE,-999,-999,-999,-999,121684.959,68.173,121819.248,68.248,123292.09,69.074,266460.093,149.283,118768.617,66.539,0.9991,0.635,-999,-999,-1.0,-1.0,-1.0,1.0,-1.0,-1.0,0.99952,0.99985,-999,-999,-999,1.17691,0.00311038,-999,-999,1.023,IN,-999,-999,-999,308799.0,49034.0
27736,6.4724,Dummy,-3.7,27.0,3.61,27.72,HMSHEEP,-999,-999,-999,-999,88.392,50.2,88.32,50.159,88.579,50.306,264.022,149.945,88.591,50.313,1.0,1.0,0.0,0.9768,-1.0,-1.0,-1.0,-1.0,-1.0,1.0,1.0,0.999999,1.0,1.0,1.0,0.0115914,0.0115914,53.0751,0.245959,1.000,IN,43529.8515,43471.7985,-999,88316.0,33901.0
27737,6.4724,Dummy,-3.7,27.0,3.61,27.72,HMSHEE,-999,-999,-999,-999,47244.494,51.503,47202.821,51.458,47396.366,51.669,139746.043,152.343,47520.572,51.804,0.9992,0.9436,-999,-999,-1.0,-1.0,-1.0,1.0,-1.0,-1.0,0.99956,0.99994,-999,-999,-999,0.420327,0.00298593,-999,-999,1.000,IN,-999,-999,-999,46966.0,18001.0
27738,6.4724,LD2,-3.7,27.0,3.61,27.72,HMSHEE,-999,-999,-999,-999,124623.865,68.263,124673.763,68.291,125870.443,68.946,271601.884,148.771,120570.716,66.043,0.999,0.8398,-999,-999,-1.0,-1.0,-1.0,1.0,-1.0,-1.0,0.99933,0.999678,-999,-999,-999,2.10149,0.00410903,-999,-999,1.014,IN,-999,-999,-999,532951.0,84371.0
27739,6.4724,LH2,-3.318,30.5,4.01,24.825,HMSHEEP,-999,-999,-999,-999,119.452,68.732,119.62,68.829,120.529,69.352,259.315,149.209,115.486,66.45,0.9998,0.9444,0.0,0.9777,-1.0,-1.0,-1.0,-1.0,-1.0,1.0,1.0,0.999998,31.0,31.0,5.56776,0.265118,0.0476166,52.7598,0.349857,1.024,IN,58819.8305,58740.0675,-999,128133.0,61577.0
27740,6.4724,LH2,-3.318,30.5,4.01,24.825,HMSHEEP,-999,-999,-999,-999,107.185,66.758,107.278,66.816,107.632,67.037,236.297,147.174,103.644,64.553,0.9998,0.9,1.0,0.9774,-1.0,-1.0,-1.0,-1.0,-1.0,1.0,1.0,0.999998,33.0,33.0,5.74456,0.314788,0.0547975,52.8605,0.317145,1.023,IN,52735.0842,52657.5108,-999,115679.0,55178.0
27741,6.4724,LH2,-3.318,30.5,4.01,24.825,HMSHEE,-999,-999,-999,-999,106505.458,65.291,106468.96,65.269,107326.381,65.794,236696.101,145.102,102940.24,63.105,0.9995,0.8061,-999,-999,-1.0,-1.0,-1.0,1.0,-1.0,-1.0,0.99964,0.999823,-999,-999,-999,0.453102,0.00206382,-999,-999,1.022,IN,-999,-999,-999,115270.0,54897.0
27742,6.4724,Dummy,-3.318,30.5,4.01,24.825,HMSHEEP,-999,-999,-999,-999,91.723,50.32,91.69,50.301,92.759,50.888,273.235,149.898,93.047,51.046,1.0,0.9999,0.0,0.9904,-1.0,-1.0,-1.0,-1.0,-1.0,1.0,1.0,0.999999,1.0,1.0,1.0,0.011012,0.011012,52.575,0.245977,1.000,IN,45092.22676,45028.47724,-999,47923.0,39595.0
27743,6.4724,Dummy,-3.318,30.5,4.01,24.825,HMSHEE,-999,-999,-999,-999,42365.724,49.673,42377.22,49.687,42747.031,50.12,127037.647,148.95,42811.714,50.196,0.9995,0.9726,-999,-999,-1.0,-1.0,-1.0,1.0,-1.0,-1.0,0.99989,0.999946,-999,-999,-999,0.168376,0.00199391,-999,-999,1.000,IN,-999,-999,-999,22170.0,18402.0
27744,6.4724,LD2,-3.318,30.5,4.01,24.825,HMSHEE,-999,-999,-999,-999,95423.581,64.552,95538.884,64.63,95946.667,64.906,214540.636,145.132,92530.991,62.595,0.9991,0.9136,-999,-999,-1.0,-1.0,-1.0,1.0,-1.0,-1.0,0.99963,0.999624,-999,-999,-999,0.819219,0.00293012,-999,-999,1.013,IN,-999,-999,-999,169834.0,87138.0
27745,6.4724,LH2,1.165,44.83,2.978,10.25,PI+SIDIS,0.44,4.4,0.52,2.0,91.214,52.615,91.284,52.656,91.673,52.88,262.115,151.198,91.929,53.028,0.998,0.9969,0.9758,0.9744,-1.0,-1.0,-1.0,-1.0,-1.0,1.0,0.99995,0.999572,17.0,9.53846,4.19213,0.107458,0.0472275,51.25,0.5,1.018,IN,44901.40154,44837.89246,0.891209,63512.0,72203221.0
27746,6.4724,LH2,1.165,44.83,2.978,10.25,PI+SIDIS,0.44,4.4,0.52,2.0,86.13,52.559,86.236,52.624,87.017,53.1,246.662,150.52,87.377,53.32,0.999,0.9973,0.9815,0.9728,-1.0,-1.0,-1.0,-1.0,-1.0,1.0,0.99999,0.999571,14.0,7.07692,3.81216,0.0844444,0.045488,51.25,0.5,1.018,-999,42398.33861,42335.17939,0.892314,58897.0,68166101.0
27747,6.4724,Cu,1.165,44.83,2.978,10.25,PI+SIDIS,0.44,4.4,0.52,2.0,84.611,48.68,84.632,48.692,85.197,49.017,261.78,150.612,85.313,49.084,0.9983,0.9966,0.9783,0.9717,-1.0,-1.0,-1.0,-1.0,-1.0,1.0,0.99998,0.999554,34.0,4.53846,6.02215,0.055283,0.0733558,51.25,0.5,1.000,IN,41619.47383,41556.59717,0.867507,141799.0,64771043.0
27748,6.4724,Cu,1.165,44.83,2.978,10.25,PI+SIDIS,0.44,4.4,0.52,2.0,82.894,48.689,82.848,48.662,83.026,48.767,256.217,150.493,83.116,48.82,0.9997,0.9966,0.9792,0.9702,-1.0,-1.0,-1.0,-1.0,-1.0,1.0,0.99995,0.999554,40.0,14.0769,6.48028,0.175193,0.0806499,51.25,0.5,1.000,IN,40735.56585,40678.22115,0.864543,138455.0,62918446.0
27749,6.4724,LH2,1.165,37.325,-2.806,9.43,PI-SIDIS,0.31,3.1,0.5,2.2,78.108,43.59,78.12,43.597,78.779,43.965,272.976,152.341,79.1,44.144,0.9981,0.9963,0.9835,0.9733,-1.0,-1.0,-1.0,-1.0,-1.0,1.0,0.99991,0.999546,52.0,27.3077,7.34162,0.359865,0.0967491,51.25,0.5,1.015,IN,38427.03068,38371.38832,0.894275,162864.0,497110795.0
27750,6.4724,LH2,1.165,37.325,-2.806,9.43,PI-SIDIS,0.31,3.1,0.5,2.2,53.336,43.048,53.367,43.074,53.675,43.322,187.725,151.515,53.771,43.399,0.998,0.9962,0.9819,0.9729,-1.0,-1.0,-1.0,-1.0,-1.0,1.0,0.99992,0.999549,32.0,15.3846,5.76872,0.296928,0.111338,51.25,0.5,1.015,IN,26220.70256,26181.33544,0.892359,111725.0,339360916.0
27751,6.4724,LH2,1.165,37.325,-2.806,9.43,PI-SIDIS,0.31,3.1,0.5,2.2,76.561,42.542,76.538,42.529,76.636,42.583,274.167,152.344,76.785,42.666,0.9981,0.9963,0.9831,0.9732,-1.0,-1.0,-1.0,-1.0,-1.0,1.0,0.9999,0.999556,51.0,24.8462,7.28092,0.334232,0.0979433,51.25,0.5,1.014,IN,37644.89094,37589.94306,0.892859,160104.0,486346961.0
27752,6.4724,LH2,1.165,37.325,-2.806,9.43,PI-SIDIS,0.31,3.1,0.5,2.2,72.506,42.099,72.41,42.043,72.719,42.222,260.081,151.009,73.016,42.395,0.9983,0.9962,0.9818,0.9724,-1.0,-1.0,-1.0,-1.0,-1.0,1.0,0.99993,0.999557,30.0,6.76923,5.63799,0.096309,0.0802144,51.25,0.5,1.014,-999,35694.84287,35643.56813,0.893199,151505.0,460213370.0
27753,6.4724,LD2,1.165,37.325,2.806,9.43,PI+SIDIS,0.31,3.1,0.5,2.2,30.068,18.03,30.069,18.031,30.461,18.266,171.97,103.122,30.533,18.309,0.9986,0.9966,0.9796,0.9761,-1.0,-1.0,-1.0,-1.0,-1.0,1.0,0.99991,0.99958,41.0,14.1538,6.5624,0.482956,0.223921,51.25,0.5,1.004,IN,14786.17909,14764.08691,0.899781,124994.0,52706233.0
27754,6.4724,LD2,1.165,37.325,2.806,9.43,PI+SIDIS,0.31,3.1,0.5,2.2,12.761,17.885,12.765,17.891,12.931,18.122,73.002,102.314,12.959,18.163,0.9982,0.9963,0.9781,0.9767,-1.0,-1.0,-1.0,-1.0,-1.0,1.0,0.99998,0.999586,19.0,8.92308,4.44693,0.717011,0.357331,51.25,0.5,1.004,IN,6256.37551,6247.10349,0.896596,52695.0,22045750.0
27756,8.5814,LH2,-3.254,13.76,-2.661,10.12,PI-SIDIS,0.16,1.6,0.5,2.0,61.087,37.904,61.098,37.91,61.315,38.046,235.557,146.161,61.53,38.179,0.9991,0.9962,0.9862,0.9839,-1.0,-1.0,-1.0,-1.0,-1.0,1.0,0.99835,0.999569,41895.0,27142.2,207.436,452.665,3.45952,51.1936,0.36676,1.013,-999,30064.91994,30021.52506,0.912172,36742383.0,174549495.0
27757,8.5814,LH2,-3.254,13.76,-2.661,10.12,PI-SIDIS,0.16,1.6,0.5,2.0,8.548,40.196,8.549,40.203,8.602,40.453,32.186,151.356,8.632,40.591,0.9991,0.9959,0.986,0.9837,-1.0,-1.0,-1.0,-1.0,-1.0,1.0,0.99752,0.99956,5872.0,3772.46,77.6756,450.109,9.26783,51.1844,0.376195,1.014,IN,4132.70774,4126.71826,0.911745,5138303.0,24404972.0
27758,8.5814,LH2,-3.254,13.76,-2.738,10.12,PI-SIDIS,0.16,1.6,0.5,2.0,57.969,40.118,57.966,40.116,57.839,40.028,211.632,146.462,57.955,40.108,0.9991,0.9963,0.9857,0.9839,-1.0,-1.0,-1.0,-1.0,-1.0,1.0,0.99714,0.999567,39282.0,25704.8,200.814,452.405,3.53433,51.241,0.362109,1.014,IN,28498.49827,28444.76273,-999,34847015.0,169473983.0
27759,8.5814,LH2,-3.254,13.76,-2.738,10.12,PI-SIDIS,0.16,1.6,0.5,2.0,30.301,40.292,30.262,40.24,30.239,40.209,110.799,147.33,30.299,40.289,0.9991,0.9965,0.9847,0.9818,-1.0,-1.0,-1.0,-1.0,-1.0,1.0,0.99722,0.999568,20549.0,13515.4,145.224,456.569,4.90588,51.2352,0.361538,1.014,IN,14835.27781,14808.25119,0.907981,18197030.0,88410212.0
27760,8.5814,LH2,-3.254,13.76,-2.738,10.12,PI-SIDIS,0.16,1.6,0.5,2.0,70.558,41.102,70.476,41.054,70.45,41.039,256.159,149.221,70.594,41.123,0.999,0.9974,0.9726,0.9682,-1.0,-1.0,-1.0,-1.0,1.0,-1.0,0.74299,0.999565,36418.0,23889.2,193.344,471.677,3.81744,51.2294,0.366171,1.014,IN,34740.55199,34684.49801,0.903322,42397048.0,205602489.0
27761,8.5814,LH2,-3.254,13.76,-2.738,10.12,HMSDIS,0.16,1.6,0.5,2.0,26049.032,40.145,26031.694,40.118,26032.837,40.12,95141.238,146.624,26083.719,40.198,0.9991,0.9962,-999,-999,-1.0,-1.0,-1.0,17.0,-1.0,-1.0,0.99888,0.956838,-999,-999,-999,382.351,0.500199,-999,-999,1.014,IN,-999,-999,-999,15660978.0,75921481.0
27762,8.5814,LH2,-3.254,13.76,-2.738,10.12,PI-SIDIS,0.16,1.6,0.5,2.0,17.796,42.321,17.79,42.306,17.788,42.301,64.062,152.345,17.824,42.388,0.999,0.9964,0.9845,0.9815,-1.0,-1.0,-1.0,-1.0,-1.0,1.0,0.99702,0.999562,12162.0,7982.92,111.729,459.014,6.42439,51.2343,0.360064,1.014,IN,8687.9027,8673.9873,0.910159,10692658.0,51902822.0
27763,8.5814,Dummy,-3.254,13.76,-2.738,10.12,PI-SIDIS,0.16,1.6,0.5,2.0,53.319,49.141,53.379,49.196,53.499,49.307,162.961,150.192,53.609,49.409,0.9994,0.9957,0.9882,0.9862,-1.0,-1.0,-1.0,-1.0,-1.0,1.0,0.99977,0.999823,10705.0,8741.15,104.192,166.185,1.98089,51.2609,0.34851,1.000,IN,26214.95512,26175.72588,0.932159,12763793.0,59513933.0
27764,8.5814,Dummy,-3.254,13.76,-2.738,10.12,HMSDIS,0.16,1.6,0.5,2.0,35487.558,47.308,35526.501,47.36,35635.119,47.505,109596.69,146.102,35697.998,47.588,0.9995,0.9966,-999,-999,-1.0,-1.0,-1.0,17.0,-1.0,-1.0,0.99973,0.982457,-999,-999,-999,152.245,0.270014,-999,-999,1.000,IN,-999,-999,-999,8496807.0,39573113.0
27765,8.5814,Dummy,-3.254,13.76,-2.738,8.26,PI-SIDIS,0.16,1.6,0.5,0.1,10.655,47.191,10.655,47.191,10.693,47.362,32.89,145.672,10.715,47.46,0.9993,0.9964,0.9848,0.9824,-1.0,-1.0,-1.0,-1.0,-1.0,1.0,0.99941,0.999652,2535.0,1724.77,50.964,164.988,4.8751,51.3919,0.345424,1.000,IN,5146.71747,5141.22053,0.921518,2548910.0,25368259.0
27766,8.5814,Dummy,-3.254,13.76,-2.738,8.26,PI-SIDIS,0.16,1.6,0.5,0.1,43.776,49.66,43.775,49.659,43.993,49.906,133.337,151.259,44.077,50.002,0.9994,0.9961,0.9859,0.9825,-1.0,-1.0,-1.0,-1.0,-1.0,1.0,0.99945,0.999648,10425.0,7096.15,103.349,165.183,2.40574,51.2254,0.359184,1.000,IN,21482.66412,21448.53688,0.922104,10469118.0,104293379.0
27767,8.5814,LH2,-3.254,13.76,-2.738,8.26,PI-SIDIS,0.16,1.6,0.5,0.1,46.083,23.86,46.068,23.853,46.31,23.977,260.964,135.117,46.387,24.017,0.9993,0.9965,0.9842,0.9812,-1.0,-1.0,-1.0,-1.0,-1.0,1.0,0.99903,0.999562,32195.0,21157.0,181.78,468.836,4.02823,51.2207,0.366135,1.008,-999,22662.33916,22627.01584,0.914119,27892718.0,279543301.0
27768,8.5814,LH2,-3.254,13.76,-2.738,8.26,PI-SIDIS,0.16,1.6,0.5,0.1,36.465,23.939,36.467,23.94,36.671,24.074,206.637,135.653,36.728,24.111,0.9993,0.9968,0.9843,0.9806,-1.0,-1.0,-1.0,-1.0,-1.0,1.0,0.99906,0.999562,25584.0,16770.3,162.055,469.746,4.53927,51.2231,0.366819,1.008,IN,17928.68261,17903.56339,0.914344,22075153.0,221202086.0
27769,8.5814,LH2,-3.254,13.76,2.738,8.26,PI+SIDIS,0.16,1.6,0.5,0.1,39.746,17.796,39.691,17.772,40.064,17.938,226.062,101.219,40.114,17.961,0.9994,0.9965,0.9809,0.9806,-1.0,-1.0,-1.0,-1.0,-1.0,1.0,0.99931,0.99957,40047.0,30622.5,201.921,787.799,5.19464,51.2278,0.372729,1.006,IN,19531.11608,19503.52892,0.917707,24240054.0,77378817.0
27770,8.5814,LH2,-3.254,13.76,2.738,8.26,PI+SIDIS,0.16,1.6,0.5,0.1,43.303,18.005,43.272,17.992,43.679,18.161,246.43,102.463,43.735,18.185,0.9995,0.9966,0.981,0.9807,-1.0,-1.0,-1.0,-1.0,-1.0,1.0,0.99931,0.999569,43460.0,33143.6,210.365,781.937,4.96302,51.2242,0.368039,1.006,IN,21295.2197,21265.1853,0.917402,26399275.0,84216869.0
27771,8.5814,Dummy,-3.254,13.76,2.738,8.26,PI+SIDIS,0.16,1.6,0.5,0.1,118.878,44.378,118.915,44.392,119.685,44.679,402.657,150.315,119.936,44.773,0.9994,0.9959,0.9818,0.9812,-1.0,-1.0,-1.0,-1.0,-1.0,1.0,0.99951,0.999637,35735.0,26318.0,190.943,225.805,1.63827,51.2288,0.364917,1.000,IN,58524.84736,58446.72064,0.923408,28483778.0,67831908.0
27772,8.5814,LH2,-3.254,13.76,4.929,10.13,PI+SIDIS,0.16,1.6,0.9,2.0,105.508,39.274,105.463,39.258,105.506,39.274,400.818,149.201,105.689,39.342,0.9991,0.9961,0.9897,0.9857,-1.0,-1.0,-1.0,-1.0,-1.0,1.0,0.99969,0.999903,80373.0,77159.1,283.937,743.135,2.73466,51.2145,0.484872,1.013,IN,51915.59775,51823.12325,0.921207,63642913.0,48086218.0
27773,8.5814,Dummy,-3.254,13.76,4.929,10.13,PI+SIDIS,0.16,1.6,0.9,2.0,21.345,35.583,21.308,35.521,21.359,35.606,83.269,138.814,21.392,35.661,0.999,0.9955,0.9881,0.9883,-1.0,-1.0,-1.0,-1.0,-1.0,1.0,0.99994,0.999975,3705.0,3642.23,60.9084,173.139,2.89538,51.2245,0.483911,1.000,IN,10429.45053,10409.65647,0.941586,5124625.0,2286188.0
27774,8.5814,LH2,-3.254,13.76,2.738,10.13,PI+SIDIS,0.16,1.6,0.5,2.0,7.82,19.85,7.812,19.829,7.858,19.946,44.327,112.516,7.871,19.978,0.9994,0.9969,0.9857,0.9834,-1.0,-1.0,-1.0,-1.0,-1.0,1.0,0.99944,0.999676,7377.0,6064.46,86.4752,790.321,11.2695,51.2194,0.505615,1.007,-999,3812.12784,3806.08816,0.925886,4753502.0,8552636.0
27775,8.5814,LH2,-3.254,13.76,2.738,10.13,PI+SIDIS,0.16,1.6,0.5,2.0,4.528,20.019,4.52,19.984,4.564,20.178,25.738,113.798,4.569,20.203,0.9995,0.9965,0.9832,0.9829,-1.0,-1.0,-1.0,-1.0,-1.0,1.0,0.99948,0.999673,4192.0,3425.46,65.1994,771.818,14.6906,51.1686,0.374925,1.007,IN,2187.04582,2183.64518,0.923439,2754866.0,4973516.0
27776,8.5814,LH2,-3.254,13.76,2.738,10.13,PI+SIDIS,0.16,1.6,0.5,2.0,41.91,24.937,41.904,24.934,42.343,25.195,238.568,141.952,42.393,25.225,0.9993,0.9963,0.9811,0.981,-1.0,-1.0,-1.0,-1.0,-1.0,1.0,0.99896,0.999595,40310.0,31635.7,202.428,770.916,4.93289,51.0338,0.4299,1.008,IN,20611.61563,20573.10837,0.920705,25390801.0,46749367.0
27777,8.5814,LH2,-3.254,13.76,2.738,10.13,PI+SIDIS,0.16,1.6,0.5,2.0,17.296,24.686,17.289,24.676,17.453,24.91,98.354,140.374,17.465,24.926,0.9992,0.9963,0.9828,0.9812,-1.0,-1.0,-1.0,-1.0,-1.0,1.0,0.99906,0.999596,16689.0,13102.4,130.249,773.715,7.69142,51.0787,0.423531,1.008,IN,8519.85883,8504.43817,0.919923,10485005.0,19224361.0
27778,8.5814,LH2,-3.254,13.76,2.738,10.13,PI+SIDIS,0.16,1.6,0.5,2.0,43.053,24.948,42.986,24.909,43.128,24.991,243.062,140.844,43.111,24.981,0.9992,0.9974,0.9709,0.9689,-1.0,-1.0,-1.0,-1.0,1.0,-1.0,0.97171,0.999595,40586.0,31822.6,203.126,786.935,5.02306,51.1184,0.404875,1.008,IN,21142.335,21109.086,0.905396,26081912.0,47517877.0
27779,8.5814,LH2,-3.254,13.76,2.738,10.13,HMSDIS,0.16,1.6,0.5,2.0,22117.571,25.107,22079.951,25.065,22144.749,25.138,124784.701,141.652,22178.383,25.176,0.9993,0.9967,-999,-999,-1.0,-1.0,-1.0,17.0,-1.0,-1.0,0.9996,0.959492,-999,-999,-999,386.615,0.545889,-999,-999,1.008,IN,-999,-999,-999,13406997.0,24364394.0
27780,8.5814,LH2,-3.254,13.76,2.738,10.13,HMSDIS,0.16,1.6,0.5,2.0,21244.136,24.95,21214.733,24.915,21322.259,25.042,120186.807,141.152,21370.099,25.098,0.9993,0.9976,-999,-999,-1.0,-1.0,33.0,-1.0,-1.0,-1.0,0.99921,0.959613,-999,-999,-999,387.398,0.776855,-999,-999,1.008,IN,-999,-999,-999,12875514.0,23433662.0
27783,8.5814,Dummy,-3.254,13.76,2.738,10.13,PI+SIDIS,0.16,1.6,0.5,2.0,88.96,49.954,88.918,49.93,89.022,49.989,270.131,151.688,89.101,50.033,0.9994,0.9961,0.9845,0.9843,-1.0,-1.0,-1.0,-1.0,-1.0,1.0,0.99963,0.999756,24137.0,20092.6,156.359,229.795,1.78824,51.0361,0.433383,1.000,IN,43733.78229,43662.05171,0.929003,21320710.0,24522492.0
27786,8.5814,Dummy,-3.254,13.76,2.738,10.13,HMSDIS,0.16,1.6,0.5,2.0,40525.487,49.51,40521.483,49.505,40690.706,49.712,123543.785,150.933,40807.533,49.854,0.9994,0.9963,-999,-999,-1.0,-1.0,-1.0,3.0,-1.0,-1.0,0.96353,0.975666,-999,-999,-999,152.654,0.108336,-999,-999,1.000,IN,-999,-999,-999,9710063.0,11192762.0
27787,8.5814,LH2,-3.254,16.125,4.978,11.415,PI+SIDIS,0.22,2.2,0.9,2.0,125.838,57.146,126.0,57.22,127.234,57.78,325.884,147.992,127.505,57.903,0.9993,0.9954,0.9891,0.9861,-1.0,-1.0,-1.0,-1.0,-1.0,1.0,0.99982,0.99992,42901.0,41642.7,207.359,335.453,1.67038,50.9557,0.460889,1.020,IN,61987.29813,61896.37187,0.91908,36543085.0,29186664.0
27788,8.5814,Dummy,-3.254,16.125,4.978,11.415,PI+SIDIS,0.22,2.2,0.9,2.0,31.986,50.252,31.976,50.235,32.271,50.699,96.967,152.339,32.336,50.8,0.9996,0.9943,0.9935,0.9877,-1.0,-1.0,-1.0,-1.0,-1.0,1.0,0.99997,0.999981,2211.0,2184.15,47.0432,69.1866,1.49017,51.0595,0.428176,1.000,IN,15662.96267,15639.14533,0.945535,3600228.0,1829697.0
27789,8.5814,LH2,-3.254,16.125,2.766,11.415,PI+SIDIS,0.22,2.2,0.5,2.0,42.553,30.018,42.471,29.96,42.825,30.209,215.023,151.682,42.896,30.26,0.9995,0.9959,0.9813,0.984,-1.0,-1.0,-1.0,-1.0,-1.0,1.0,0.99956,0.999645,20090.0,16510.5,142.707,395.441,3.41795,51.0028,0.453854,1.010,IN,20876.30637,20844.82963,0.924451,12393247.0,32062853.0
27790,8.5814,LH2,-3.254,16.125,2.766,11.415,PI+SIDIS,0.22,2.2,0.5,2.0,48.029,29.576,47.964,29.536,48.361,29.781,243.385,149.876,48.422,29.818,0.9995,0.9958,0.9841,0.9838,-1.0,-1.0,-1.0,-1.0,-1.0,1.0,0.99962,0.999647,22883.0,18927.5,152.274,401.47,3.22988,51.0093,0.442795,1.010,IN,23585.46648,23549.20452,0.924791,13998253.0,36123122.0
27791,8.5814,LH2,-3.254,16.125,2.766,11.415,PI+SIDIS,0.22,2.2,0.5,2.0,54.069,30.024,54.024,30.0,54.423,30.221,273.15,151.681,54.483,30.255,0.9994,0.9976,0.9731,0.9734,-1.0,-1.0,-1.0,-1.0,1.0,-1.0,0.99843,0.999644,25543.0,20971.5,160.918,399.662,3.06668,51.0289,0.398501,1.010,IN,26575.3801,26534.4329,0.906,15753189.0,40552038.0
27792,8.5814,LH2,-3.254,16.125,2.766,11.415,HMSDIS,0.22,2.2,0.5,2.0,13926.451,28.958,13917.841,28.94,14015.47,29.143,70398.798,146.382,14031.02,29.175,0.9995,0.9962,-999,-999,-1.0,-1.0,-1.0,5.0,-1.0,-1.0,0.9989,0.964745,-999,-999,-999,186.558,0.259091,-999,-999,1.010,IN,-999,-999,-999,4061991.0,10439773.0
27793,8.5814,LH2,-3.254,16.125,2.766,11.415,HMSDIS,0.22,2.2,0.5,2.0,5615.449,29.372,5612.227,29.355,5648.278,29.543,28353.881,148.306,5653.137,29.569,0.9994,0.9968,-999,-999,-1.0,-1.0,-1.0,5.0,-1.0,-1.0,0.99894,0.964637,-999,-999,-999,186.623,0.408094,-999,-999,1.010,-999,-999,-999,-999,1637685.0,4213379.0
27794,8.5814,LH2,-3.254,16.125,2.766,11.415,HMSDIS,0.22,2.2,0.5,2.0,27153.005,29.978,27138.103,29.962,27283.649,30.122,136904.304,151.149,27319.633,30.162,0.9995,0.9964,-999,-999,-1.0,-1.0,-1.0,5.0,-1.0,-1.0,0.99891,0.964389,-999,-999,-999,186.421,0.185477,-999,-999,1.010,IN,-999,-999,-999,7914270.0,20360526.0
27795,8.5814,LH2,-3.254,16.125,2.766,11.415,HMSDIS,0.22,2.2,0.5,2.0,26473.165,29.67,26441.63,29.635,26573.651,29.783,133669.37,149.811,26604.969,29.818,0.9995,0.9978,-999,-999,-1.0,-1.0,17.0,-1.0,-1.0,-1.0,0.99912,0.964494,-999,-999,-999,187.414,0.347361,-999,-999,1.010,IN,-999,-999,-999,7719685.0,19822119.0
27796,8.5814,Dummy,-3.254,16.125,2.766,11.415,PI+SIDIS,0.22,2.2,0.5,2.0,89.132,49.674,89.051,49.629,89.494,49.875,271.103,151.088,89.615,49.943,0.9996,0.9956,0.9861,0.9864,-1.0,-1.0,-1.0,-1.0,-1.0,1.0,0.99991,0.999829,11157.0,9870.46,106.094,112.424,1.2084,51.1731,0.389082,1.000,IN,43795.04514,43734.14786,0.938015,10015278.0,16231142.0
27798,8.5814,Dummy,-3.254,16.125,2.766,11.415,HMSDIS,0.22,2.2,0.5,2.0,53602.889,50.067,53589.768,50.055,53711.582,50.168,163033.243,152.278,53787.822,50.24,0.9996,0.9962,-999,-999,-1.0,-1.0,-1.0,3.0,-1.0,-1.0,0.99883,0.982912,-999,-999,-999,71.9883,0.0635318,-999,-999,1.000,IN,-999,-999,-999,6026185.0,9803783.0
27799,8.5814,LH2,-3.254,16.125,2.766,8.405,PI+SIDIS,0.22,2.2,0.5,-1.0,34.743,19.015,34.724,19.004,34.773,19.031,196.247,107.405,34.8,19.046,0.9995,0.9963,0.9829,0.9844,-1.0,-1.0,-1.0,-1.0,-1.0,1.0,0.99972,0.999563,17305.0,13217.5,132.738,386.979,3.88629,51.2544,0.366223,1.006,IN,17079.92177,17054.42623,0.916974,10218888.0,66343271.0
27800,8.5814,LH2,-3.254,16.125,2.766,8.405,PI+SIDIS,0.22,2.2,0.5,-1.0,33.052,18.922,33.042,18.916,33.039,18.914,186.491,106.763,33.059,18.925,0.9996,0.9958,0.9817,0.9843,-1.0,-1.0,-1.0,-1.0,-1.0,1.0,0.9997,0.999563,16607.0,12766.2,130.009,392.802,4.00024,51.2763,0.360685,1.006,IN,16250.04308,16225.77792,0.917361,9720219.0,63003482.0
27801,8.5814,LH2,-3.254,16.125,2.766,8.405,PI+SIDIS,0.22,2.2,0.5,-1.0,34.877,18.936,34.863,18.928,34.815,18.903,196.505,106.69,34.833,18.912,0.9996,0.9963,0.9833,0.9844,-1.0,-1.0,-1.0,-1.0,-1.0,1.0,0.99971,0.999563,17772.0,13694.1,134.483,399.296,3.9213,51.2705,0.360113,1.006,IN,17148.72164,17123.23836,0.917118,10262157.0,66443959.0
27802,8.5814,Dummy,-3.254,16.125,2.766,8.405,PI+SIDIS,0.22,2.2,0.5,-1.0,50.7,38.185,50.607,38.115,50.315,37.895,194.371,146.39,50.365,37.932,0.9996,0.9961,0.9856,0.9863,-1.0,-1.0,-1.0,-1.0,-1.0,1.0,0.99982,0.999696,7096.0,5532.23,84.9487,110.9,1.7029,51.2351,0.361157,1.000,IN,24897.47112,24860.99888,0.927056,5704148.0,27353823.0
27803,8.5814,LH2,-3.254,16.125,-2.766,8.405,PI-SIDIS,0.22,2.2,0.5,-1.0,45.907,25.933,45.846,25.899,45.781,25.862,258.047,145.773,45.849,25.901,0.9995,0.9962,0.9852,0.9834,-1.0,-1.0,-1.0,-1.0,-1.0,1.0,0.99958,0.999551,15386.0,9902.62,125.729,219.846,2.79128,51.1557,0.387594,1.009,IN,22551.14242,22508.20958,0.91333,13402972.0,264610099.0
27804,8.5814,LH2,-3.254,16.125,-2.766,8.405,PI-SIDIS,0.22,2.2,0.5,-1.0,48.406,25.662,48.33,25.622,48.315,25.614,272.314,144.367,48.377,25.647,0.9995,0.9964,0.9856,0.9833,-1.0,-1.0,-1.0,-1.0,-1.0,1.0,0.9996,0.999551,16271.0,10476.3,129.293,220.647,2.72311,51.1905,0.522193,1.009,IN,23777.59176,23735.67824,0.913825,14133302.0,278780381.0
27805,8.5814,LH2,-3.254,16.125,-2.766,8.405,PI-SIDIS,0.22,2.2,0.5,-1.0,49.732,26.084,49.678,26.056,49.678,26.056,279.981,146.85,49.748,26.093,0.9995,0.996,0.9854,0.9829,-1.0,-1.0,-1.0,-1.0,-1.0,1.0,0.99957,0.99955,16973.0,11050.5,132.017,226.522,2.70621,51.1269,0.5214,1.009,IN,24440.81813,24401.29087,0.914612,14512788.0,286452456.0
27806,8.5814,Dummy,-3.254,16.125,-2.766,8.405,PI-SIDIS,0.22,2.2,0.5,-1.0,67.636,48.538,67.688,48.576,67.776,48.639,207.003,148.553,67.898,48.726,0.9996,0.9962,0.9876,0.9843,-1.0,-1.0,-1.0,-1.0,-1.0,1.0,0.9998,0.999671,7419.0,5142.54,87.1442,77.2325,1.30876,51.2332,0.501214,1.000,IN,33261.72951,33211.46249,0.924799,7599053.0,152983260.0
27807,8.5814,LH2,-3.254,16.125,-2.766,11.395,PI-SIDIS,0.22,2.2,0.5,2.0,52.41,47.84,52.464,47.89,52.543,47.962,161.458,147.381,52.655,48.064,0.9994,0.9962,0.9866,0.9853,-1.0,-1.0,-1.0,-1.0,-1.0,1.0,0.99935,0.999661,15786.0,11129.4,127.06,215.568,2.46106,51.1907,0.501015,1.016,IN,25760.05518,25725.96882,0.91825,15213459.0,97201981.0
27809,8.5814,LH2,-3.254,16.125,-2.766,11.395,PI-SIDIS,0.22,2.2,0.5,2.0,34.546,52.209,34.558,52.228,34.722,52.475,93.165,140.8,34.777,52.559,0.9993,0.9962,0.9854,0.9838,-1.0,-1.0,-1.0,-1.0,-1.0,1.0,0.99891,0.999606,10983.0,7451.46,106.088,219.566,3.12601,51.1937,0.520983,1.018,IN,17002.63714,16981.85486,0.913457,10027899.0,64165920.0
27810,8.5814,LH2,-3.254,16.125,-2.766,11.395,PI-SIDIS,0.22,2.2,0.5,2.0,33.004,38.521,32.956,38.465,33.017,38.536,126.337,147.454,33.077,38.606,0.9994,0.9958,0.9889,0.9866,-1.0,-1.0,-1.0,-1.0,-1.0,1.0,0.99962,0.99973,9648.0,7264.77,99.153,223.652,3.05251,51.1694,0.51769,1.013,IN,16167.38415,16141.30785,0.926186,9587247.0,60760782.0
27811,8.5814,LH2,-3.254,16.125,-2.766,11.395,PI-SIDIS,0.22,2.2,0.5,2.0,42.301,29.681,42.239,29.637,42.343,29.71,214.062,150.197,42.403,29.752,0.9994,0.9962,0.988,0.9873,-1.0,-1.0,-1.0,-1.0,-1.0,1.0,0.99981,0.999796,11577.0,9214.54,108.438,221.133,2.60231,51.2098,0.49378,1.010,IN,20765.67884,20732.92216,0.932138,12319990.0,77623180.0
27812,8.5814,LH2,-3.254,16.125,-2.766,11.395,PI-SIDIS,0.22,2.2,0.5,2.0,32.323,19.714,32.297,19.699,32.467,19.802,183.195,111.733,32.497,19.82,0.9995,0.996,0.9892,0.9881,-1.0,-1.0,-1.0,-1.0,-1.0,1.0,0.99991,0.999864,8301.0,7068.62,91.6286,221.63,2.87294,51.2321,0.506349,1.007,IN,15881.34125,15856.94675,0.94083,9482587.0,59324446.0
27813,8.5814,LH2,-3.254,16.125,-2.766,11.395,PI-SIDIS,0.22,2.2,0.5,2.0,18.174,9.794,18.201,9.809,18.452,9.944,104.606,56.375,18.451,9.944,0.9997,0.9962,0.9925,0.9879,-1.0,-1.0,-1.0,-1.0,-1.0,1.0,0.99997,0.999932,4466.0,4099.23,67.0389,228.055,3.72961,51.2337,0.512858,1.003,IN,8952.10795,8939.58905,0.950124,5435321.0,33655151.0
27814,8.5814,LH2,-3.254,16.125,-2.766,11.395,PI-SIDIS,0.22,2.2,0.5,2.0,46.193,56.767,46.272,56.864,46.529,57.18,120.468,148.046,46.608,57.277,0.9993,0.9958,0.9853,0.9837,-1.0,-1.0,-1.0,-1.0,-1.0,1.0,0.99897,0.999597,14605.0,9796.31,122.372,215.592,2.6931,51.2378,0.509447,1.019,IN,22772.6485,22738.4605,0.912026,13401720.0,86105197.0
27815,8.5814,LH2,-3.254,16.125,-2.766,11.395,PI-SIDIS,0.22,2.2,0.5,2.0,48.66,47.684,48.684,47.707,48.91,47.929,150.598,147.578,48.982,47.999,0.9994,0.996,0.9864,0.9847,-1.0,-1.0,-1.0,-1.0,-1.0,1.0,0.99939,0.999663,14576.0,10262.1,122.098,214.325,2.55003,51.2248,0.496781,1.016,IN,23893.47012,23861.60588,0.919044,14119423.0,90172677.0
27816,8.5814,LH2,-3.254,16.125,-2.766,11.395,PI-SIDIS,0.22,2.2,0.5,2.0,39.648,38.153,39.589,38.097,39.725,38.227,152.155,146.417,39.79,38.29,0.9994,0.9956,0.9876,0.9857,-1.0,-1.0,-1.0,-1.0,-1.0,1.0,0.9996,0.999731,11371.0,8505.31,107.664,218.175,2.76174,51.147,0.509581,1.013,IN,19430.81916,19403.00784,0.925906,11509903.0,73048961.0
27817,8.5814,LH2,-3.254,16.125,-2.766,11.395,PI-SIDIS,0.22,2.2,0.5,2.0,42.623,29.956,42.553,29.906,42.722,30.025,215.333,151.337,42.778,30.064,0.9995,0.9959,0.9888,0.9861,-1.0,-1.0,-1.0,-1.0,-1.0,1.0,0.99979,0.999795,11798.0,9396.23,109.466,224.084,2.61057,51.0614,0.466732,1.010,IN,20916.0301,20886.1389,0.932944,12415022.0,78246245.0
27818,8.5814,LH2,-3.254,16.125,-2.766,11.395,PI-SIDIS,0.22,2.2,0.5,2.0,2.045,17.949,2.042,17.93,2.059,18.079,11.621,102.018,2.06,18.083,0.9997,0.9971,0.9886,0.9882,-1.0,-1.0,-1.0,-1.0,-1.0,1.0,0.99993,0.999866,515.0,434.538,22.8296,215.421,11.3177,51.033,0.478857,1.006,IN,966.09454,964.90046,0.940532,600691.0,3752909.0
27819,8.5814,LH2,-3.254,16.125,-2.766,11.395,PI-SIDIS,0.22,2.2,0.5,2.0,34.596,19.861,34.572,19.848,34.813,19.986,196.406,112.754,34.851,20.008,0.9995,0.9956,0.9907,0.9886,-1.0,-1.0,-1.0,-1.0,-1.0,1.0,0.99991,0.999864,9062.0,7735.08,95.7292,226.451,2.80255,51.0674,0.477307,1.007,IN,17002.23318,16976.36882,0.941042,10145189.0,63683439.0
27820,8.5814,LH2,-3.254,16.125,-2.766,11.395,PI-SIDIS,0.22,2.2,0.5,2.0,22.375,9.814,22.409,9.829,22.772,9.988,129.076,56.617,22.768,9.987,0.9994,0.9955,0.991,0.9882,-1.0,-1.0,-1.0,-1.0,-1.0,1.0,0.99999,0.999932,5755.0,5298.31,76.0929,239.407,3.4383,51.0638,0.465861,1.003,IN,11028.68618,11012.63682,0.95083,6682826.0,41476681.0
27821,8.5814,LH2,-3.254,16.125,-2.766,11.395,PI-SIDIS,0.22,2.2,0.5,2.0,81.956,58.002,82.086,58.094,82.749,58.563,211.245,149.502,82.889,58.662,0.9992,0.996,0.9845,0.9833,-1.0,-1.0,-1.0,-1.0,-1.0,1.0,0.99894,0.999595,25847.0,17246.1,162.815,214.065,2.02092,50.9824,0.483065,1.020,IN,40343.17726,40288.61574,0.914128,23786658.0,152939479.0
27822,8.5814,LH2,-3.254,16.125,-2.766,11.395,PI-SIDIS,0.22,2.2,0.5,2.0,96.647,58.756,96.699,58.788,97.56,59.311,247.239,150.309,97.725,59.412,0.9993,0.9959,0.9853,0.9829,-1.0,-1.0,-1.0,-1.0,-1.0,1.0,0.99897,0.999593,30786.0,20654.5,177.666,217.688,1.87251,51.1152,0.521567,1.020,IN,47665.71005,47599.31395,0.913568,28027589.0,179832535.0
27823,8.5814,LH2,-3.254,16.125,-2.766,11.395,PI-SIDIS,0.22,2.2,0.5,2.0,98.766,59.7,98.787,59.714,99.735,60.287,250.631,151.498,99.888,60.379,0.9992,0.9973,0.974,0.9699,-1.0,-1.0,-1.0,-1.0,1.0,-1.0,0.97012,0.999591,30619.0,20377.2,177.22,219.402,1.90813,51.144,0.519613,1.020,IN,48579.24909,48511.82091,0.90037,28640789.0,183655481.0
27824,8.5814,LH2,-3.254,16.125,-2.766,11.395,HMSDIS,0.22,2.2,0.5,2.0,46828.245,58.138,46852.864,58.168,47322.288,58.751,120396.587,149.473,47390.034,58.835,0.9993,0.9958,-999,-999,-1.0,-1.0,-1.0,9.0,-1.0,-1.0,0.99878,0.959568,-999,-999,-999,185.305,0.188849,-999,-999,1.020,IN,-999,-999,-999,13585277.0,87114742.0
27825,8.5814,Dummy,-3.254,16.125,-2.766,11.395,PI-SIDIS,0.22,2.2,0.5,2.0,73.497,48.374,73.526,48.393,74.164,48.813,226.05,148.781,74.281,48.89,0.9995,0.9959,0.9899,0.9876,-1.0,-1.0,-1.0,-1.0,-1.0,1.0,0.99992,0.999891,6336.0,5537.85,79.9837,76.3079,1.10212,51.1717,0.469224,1.000,IN,36142.81232,36089.78468,0.942428,8249644.0,52272711.0
27826,8.5814,Dummy,-3.254,16.125,-2.766,11.395,HMSDIS,0.22,2.2,0.5,2.0,40411.989,48.432,40443.427,48.47,40615.036,48.676,124101.748,148.732,40609.602,48.669,0.9996,0.9959,-999,-999,-1.0,-1.0,-1.0,3.0,-1.0,-1.0,0.99884,0.989079,-999,-999,-999,71.836,0.0730543,-999,-999,1.000,IN,-999,-999,-999,4538649.0,28757105.0
27827,8.5814,Dummy,-3.254,16.125,-2.766,11.395,PI-SIDIS,0.22,2.2,0.5,2.0,44.292,50.256,44.335,50.305,44.349,50.321,134.261,152.341,44.331,50.301,0.9996,0.9964,0.991,0.9872,-1.0,-1.0,-1.0,-1.0,-1.0,1.0,0.99993,0.999889,3828.0,3342.62,62.1718,76.4078,1.42117,51.1978,0.466892,1.000,IN,21754.8174,21722.8196,0.942081,4967855.0,31495798.0
27828,8.5814,LH2,-3.254,19.175,-2.806,12.98,PI-SIDIS,0.31,3.1,0.5,2.0,92.362,57.402,92.427,57.442,92.842,57.7,239.131,148.616,93.092,57.855,0.9995,0.9952,0.9873,0.9847,-1.0,-1.0,-1.0,-1.0,-1.0,1.0,0.99984,0.999765,9955.0,7712.15,100.636,84.7933,1.10646,51.1188,0.464098,1.020,IN,45438.08364,45371.62636,0.926867,10820778.0,100774767.0
27829,8.5814,LH2,-3.254,19.175,-2.806,12.98,PI-SIDIS,0.31,3.1,0.5,2.0,97.476,58.388,97.491,58.397,98.185,58.813,249.961,149.727,98.411,58.948,0.9995,0.9943,0.9873,0.985,-1.0,-1.0,-1.0,-1.0,-1.0,1.0,0.99985,0.999763,10348.0,7975.62,102.618,83.1086,1.06932,51.167,0.502198,1.020,IN,47934.72759,47864.61641,0.926287,11412807.0,106270317.0
27830,8.5814,LH2,-3.254,19.175,-2.806,12.98,PI-SIDIS,0.31,3.1,0.5,2.0,105.692,58.428,105.749,58.459,106.558,58.907,270.806,149.705,106.753,59.015,0.9995,0.9944,0.987,0.9841,-1.0,-1.0,-1.0,-1.0,-1.0,1.0,0.99982,0.999763,11286.0,8709.15,107.164,83.7448,1.03046,51.1952,0.502247,1.020,IN,52003.83039,51928.49761,0.925996,12376426.0,115217591.0
27831,8.5814,LH2,-3.254,19.175,-2.806,12.98,PI-SIDIS,0.31,3.1,0.5,2.0,90.391,57.402,90.49,57.464,91.135,57.874,234.624,148.995,91.292,57.974,0.9995,0.9944,0.9882,0.9846,-1.0,-1.0,-1.0,-1.0,-1.0,1.0,0.99983,0.999765,9603.0,7420.08,98.8479,83.3376,1.1102,51.1469,0.473137,1.020,IN,44480.5479,44421.5151,0.925972,10587220.0,98591736.0
27832,8.5814,LH2,-3.254,19.175,-2.806,12.98,PI-SIDIS,0.31,3.1,0.5,2.0,101.755,58.524,101.906,58.611,102.549,58.98,260.691,149.935,102.699,59.066,0.9996,0.995,0.9871,0.9838,-1.0,-1.0,-1.0,-1.0,-1.0,1.0,0.99984,0.999763,10896.0,8406.15,105.297,83.8948,1.05088,51.1934,0.50232,1.020,IN,50106.08532,50033.02068,0.925776,11924250.0,111024385.0
27833,8.5814,LH2,-3.254,19.175,-2.806,12.98,PI-SIDIS,0.31,3.1,0.5,2.0,73.296,59.145,73.408,59.236,73.79,59.544,186.889,150.808,73.906,59.638,0.9995,0.9945,0.9864,0.9846,-1.0,-1.0,-1.0,-1.0,-1.0,1.0,0.99982,0.999762,7860.0,6051.54,89.4378,83.7832,1.23826,51.2152,0.501835,1.020,IN,36069.88853,36019.84347,0.924941,8593301.0,79932965.0
27834,8.5814,LH2,-3.254,19.175,-2.806,12.98,PI-SIDIS,0.31,3.1,0.5,2.0,103.592,59.911,103.643,59.941,104.12,60.217,262.307,151.702,104.274,60.306,0.9995,0.9967,0.9791,0.9752,-1.0,-1.0,-1.0,-1.0,1.0,-1.0,0.9995,0.999761,11267.0,8704.54,107.071,86.2078,1.0604,51.109,0.478346,1.021,IN,50968.63627,50898.12773,0.907472,12139222.0,112838142.0
27835,8.5814,LH2,-3.254,19.175,-2.806,12.98,HMSDIS,0.31,3.1,0.5,2.0,44104.504,57.721,44102.528,57.718,44281.685,57.953,113175.436,148.116,44330.666,58.017,0.9995,0.994,-999,-999,-1.0,-1.0,-1.0,5.0,-1.0,-1.0,0.99919,0.976309,-999,-999,-999,75.4323,0.0925373,-999,-999,1.020,IN,-999,-999,-999,5168911.0,48046729.0
27836,8.5814,Dummy,-3.254,19.175,-2.806,12.98,PI-SIDIS,0.31,3.1,0.5,2.0,85.366,49.466,85.337,49.449,85.428,49.501,259.904,150.602,85.552,49.574,0.9997,0.9957,0.9892,0.9847,-1.0,-1.0,-1.0,-1.0,-1.0,1.0,0.99999,0.999936,2527.0,2323.85,50.4245,27.6632,0.600256,51.2217,0.44484,1.000,IN,42063.60708,42004.78392,0.944927,3653409.0,36209574.0
27837,8.5814,Dummy,-3.254,19.175,-2.806,12.98,PI-SIDIS,0.31,3.1,0.5,2.0,75.009,44.393,75.024,44.402,75.04,44.412,236.224,139.806,75.124,44.461,0.9998,0.9953,0.9888,0.9868,-1.0,-1.0,-1.0,-1.0,-1.0,1.0,0.99999,0.999937,2363.0,2189.69,48.7476,29.5833,0.658593,51.1455,0.454899,1.000,IN,36881.36088,36826.63812,0.946543,3214981.0,31849680.0
27838,8.5814,Dummy,-3.254,19.175,-2.806,12.98,PI-SIDIS,0.31,3.1,0.5,2.0,26.538,44.544,26.552,44.566,26.518,44.51,86.648,145.436,26.55,44.563,0.9997,0.9957,0.987,0.9905,-1.0,-1.0,-1.0,-1.0,-1.0,1.0,1.0,0.999939,748.0,686.769,27.4356,26.121,1.0435,51.1452,0.46128,1.000,IN,13055.01534,13035.95866,0.94521,1136361.0,11279903.0
27839,8.5814,Dummy,-3.254,19.175,-2.806,12.98,PI-SIDIS,0.31,3.1,0.5,2.0,88.353,49.37,88.417,49.406,88.206,49.288,269.276,150.467,88.322,49.353,0.9997,0.9942,0.9875,0.9876,-1.0,-1.0,-1.0,-1.0,-1.0,1.0,0.99996,0.999935,2740.0,2526.85,52.5014,28.9474,0.601452,51.1223,0.463703,1.000,IN,43485.71412,43423.17888,0.946156,3781285.0,37574972.0
27840,8.5814,Dummy,-3.254,19.175,-2.806,12.98,HMSDIS,0.31,3.1,0.5,2.0,48318.938,48.769,48347.013,48.797,48192.843,48.641,148193.34,149.573,48257.462,48.707,0.9997,0.9954,-999,-999,-1.0,-1.0,-1.0,1.0,-1.0,-1.0,0.99575,0.993579,-999,-999,-999,27.4468,0.0238809,-999,-999,1.000,IN,-999,-999,-999,2066966.0,20534772.0
27841,8.5814,LH2,-3.254,19.175,5.051,12.98,PI+SIDIS,0.31,3.1,0.9,2.0,163.801,59.156,163.87,59.18,163.667,59.107,417.408,150.744,163.92,59.199,0.9996,0.992,0.9895,0.986,-1.0,-1.0,-1.0,-1.0,-1.0,1.0,0.99995,0.999962,20729.0,20499.4,144.037,126.928,0.89185,51.0438,0.484805,1.020,IN,80660.95554,80545.91146,0.928914,19200307.0,15174545.0
27842,8.5814,Dummy,-3.254,19.175,5.051,12.98,PI+SIDIS,0.31,3.1,0.9,2.0,14.58,26.61,14.578,26.608,14.571,26.594,63.335,115.596,14.589,26.627,1.0,1.0,0.9808,0.9859,-1.0,-1.0,-1.0,-1.0,-1.0,1.0,1.0,0.999993,354.0,352.154,18.8187,24.502,1.30936,51.0866,0.495483,1.000,IN,7178.92055,7167.13845,0.954751,631583.0,366778.0
27843,8.5814,Dummy,-3.254,19.175,5.051,12.98,PI+SIDIS,0.31,3.1,0.9,2.0,35.023,39.838,35.045,39.862,35.052,39.871,120.176,136.697,35.123,39.952,1.0,0.9946,0.9903,0.9842,-1.0,-1.0,-1.0,-1.0,-1.0,1.0,1.0,0.999991,871.0,867.154,29.5177,25.1412,0.855802,50.9794,0.463507,1.000,IN,17252.15163,17224.91437,0.955343,1503533.0,884905.0
27844,8.5814,LH2,-3.254,19.175,2.806,12.98,PI+SIDIS,0.31,3.1,0.5,2.0,77.183,49.915,77.247,49.957,77.376,50.04,232.308,150.237,77.549,50.152,0.9996,0.9945,0.9821,0.9814,-1.0,-1.0,-1.0,-1.0,-1.0,1.0,0.99971,0.999601,15352.0,12679.8,124.73,167.373,1.64642,51.1623,0.520673,1.017,IN,37994.6594,37938.5366,0.918676,9059357.0,37016270.0
27845,8.5814,LH2,-3.254,19.175,2.806,12.98,PI+SIDIS,0.31,3.1,0.5,2.0,84.829,49.681,84.812,49.671,85.074,49.825,255.26,149.497,85.241,49.922,0.9996,0.9947,0.9815,0.9815,-1.0,-1.0,-1.0,-1.0,-1.0,1.0,0.99972,0.999601,17050.0,14124.1,131.435,169.787,1.57999,51.1991,0.514746,1.017,IN,41705.13866,41638.08234,0.918407,9962352.0,40508852.0
27846,8.5814,LH2,-3.254,19.175,2.806,12.98,PI+SIDIS,0.31,3.1,0.5,2.0,79.602,49.656,79.578,49.64,79.903,49.843,239.523,149.414,80.041,49.93,0.9995,0.9945,0.9825,0.9815,-1.0,-1.0,-1.0,-1.0,-1.0,1.0,0.99972,0.999601,15875.0,13156.8,126.823,168.581,1.625,51.1538,0.518437,1.017,IN,39126.93072,39068.73728,0.918961,9339067.0,37949046.0
27847,8.5814,LD2,-3.254,19.175,2.806,12.98,PI+SIDIS,0.31,3.1,0.5,2.0,41.095,28.275,41.069,28.257,41.238,28.374,216.985,149.294,41.3,28.416,0.9995,0.9958,0.983,0.9811,-1.0,-1.0,-1.0,-1.0,-1.0,1.0,0.99961,0.999552,14612.0,11690.9,121.806,290.407,3.0257,51.1141,0.537824,1.006,IN,20186.70419,20159.14581,0.916132,8985638.0,39162164.0
27848,8.5814,LD2,-3.254,19.175,2.806,12.98,PI+SIDIS,0.31,3.1,0.5,2.0,41.722,27.889,41.714,27.883,41.927,28.026,220.343,147.285,41.988,28.066,0.9995,0.996,0.9836,0.981,-1.0,-1.0,-1.0,-1.0,-1.0,1.0,0.99966,0.999553,14424.0,11485.9,121.037,280.919,2.96029,51.0748,0.482926,1.006,IN,20502.55705,20471.84095,0.91657,9122140.0,39682997.0
27849,8.5814,LD2,-3.254,19.175,2.806,12.98,PI+SIDIS,0.31,3.1,0.5,2.0,59.59,28.431,59.541,28.407,59.881,28.569,314.099,149.859,59.969,28.611,0.9995,0.9962,0.9819,0.981,-1.0,-1.0,-1.0,-1.0,-1.0,1.0,0.99962,0.999551,21030.0,16794.2,146.136,287.775,2.50411,51.0805,0.481891,1.006,IN,29292.82714,29248.64886,0.916735,13034281.0,56664457.0
27850,8.5814,LD2,-3.254,19.175,2.806,12.98,HMSDIS,0.31,3.1,0.5,2.0,26484.261,28.157,26436.95,28.107,26616.789,28.298,139690.09,148.513,26656.398,28.34,0.9996,0.996,-999,-999,-1.0,-1.0,-1.0,5.0,-1.0,-1.0,0.9992,0.955276,-999,-999,-999,140.529,0.163125,-999,-999,1.006,IN,-999,-999,-999,5783130.0,25135678.0
27852,8.5814,Dummy,-3.254,19.175,2.806,12.98,PI+SIDIS,0.31,3.1,0.5,2.0,57.046,51.123,57.033,51.111,57.503,51.533,169.871,152.234,57.607,51.626,0.9997,0.9939,0.9858,0.9845,-1.0,-1.0,-1.0,-1.0,-1.0,1.0,0.99999,0.999884,2680.0,2484.23,51.914,44.2573,0.924863,51.2279,0.473939,1.000,IN,28015.48198,27973.78402,0.945769,2443099.0,6535644.0
27853,8.5814,Dummy,-3.254,19.175,2.806,12.98,PI+SIDIS,0.31,3.1,0.5,2.0,83.008,49.854,83.052,49.881,83.806,50.334,249.463,149.827,83.954,50.423,0.9996,0.9955,0.9867,0.9841,-1.0,-1.0,-1.0,-1.0,-1.0,1.0,0.99995,0.999884,4047.0,3768.62,63.7841,46.1304,0.780761,51.1565,0.466323,1.000,IN,40838.63347,40770.73453,0.945902,3558073.0,9576082.0
27854,8.5814,Dummy,-3.254,19.175,2.806,12.98,HMSDIS,0.31,3.1,0.5,2.0,43706.537,51.214,43739.964,51.253,44146.021,51.729,129872.798,152.18,44227.02,51.824,0.9997,0.9954,-999,-999,-1.0,-1.0,-1.0,2.0,-1.0,-1.0,0.99929,0.988352,-999,-999,-999,27.4805,0.0354656,-999,-999,1.000,IN,-999,-999,-999,1869466.0,5048240.0
27855,8.5814,LH2,-3.254,19.175,2.806,12.98,PI+SIDIS,0.31,3.1,0.5,2.0,82.898,50.545,82.971,50.59,83.769,51.076,247.836,151.112,83.898,51.155,0.9996,0.9969,0.9698,0.9698,-1.0,-1.0,-1.0,-1.0,1.0,-1.0,0.99921,0.9996,16621.0,13731.9,129.781,170.861,1.61482,51.0094,0.501252,1.017,IN,40802.33353,40739.12947,0.902114,9725641.0,39948151.0
27856,8.5814,LH2,-3.254,19.175,2.806,12.98,HMSDIS,0.31,3.1,0.5,2.0,41685.333,50.531,41685.649,50.532,41895.452,50.786,124535.222,150.963,41900.606,50.792,0.9996,0.9948,-999,-999,-1.0,-1.0,-1.0,3.0,-1.0,-1.0,0.99882,0.960002,-999,-999,-999,75.6203,0.0738295,-999,-999,1.017,IN,-999,-999,-999,4890703.0,19955107.0
27857,8.5814,LH2,-3.254,19.175,2.806,12.98,HMSDIS,0.31,3.1,0.5,2.0,45828.382,50.32,45806.23,50.296,45848.46,50.342,137498.355,150.976,45830.677,50.323,0.9996,0.9966,-999,-999,-1.0,-1.0,9.0,-1.0,-1.0,-1.0,0.999,0.960073,-999,-999,-999,75.7566,0.122088,-999,-999,1.017,IN,-999,-999,-999,5374442.0,21830049.0
27858,8.5814,LH2,-3.254,22.895,5.154,14.79,PI+SIDIS,0.44,4.4,0.9,2.0,146.296,58.583,146.389,58.62,147.375,59.015,371.227,148.655,147.683,59.138,0.9997,0.9859,0.9893,0.9884,-1.0,-1.0,-1.0,-1.0,-1.0,1.0,1.0,0.999984,6062.0,6045.0,77.8672,41.7913,0.538324,51.1144,0.469099,1.020,IN,72034.78841,71931.48259,0.945511,5424908.0,4037770.0
27859,8.5814,Dummy,-3.254,22.895,5.154,14.79,PI+SIDIS,0.44,4.4,0.9,2.0,33.132,51.314,33.156,51.353,33.403,51.735,98.36,152.339,33.468,51.835,1.0,0.98,1.0,0.9809,-1.0,-1.0,-1.0,-1.0,-1.0,1.0,1.0,0.999995,223.0,222.692,14.934,6.84728,0.459186,51.1983,0.560775,1.000,IN,16240.04487,16216.44713,0.956147,410168.0,292974.0
27860,8.5814,LH2,-3.254,22.895,3.837,14.79,PI+SIDIS,0.44,4.4,0.67,2.0,96.478,58.853,96.61,58.933,97.587,59.529,244.05,148.873,97.739,59.622,0.9997,0.9855,0.99,0.9838,-1.0,-1.0,-1.0,-1.0,-1.0,1.0,0.99997,0.99992,5385.0,5253.92,73.4512,55.2965,0.77306,51.2027,0.468182,1.020,IN,47501.50934,47432.52666,0.945594,3575579.0,16841707.0
27861,8.5814,LH2,-3.254,22.895,3.837,14.79,PI+SIDIS,0.44,4.4,0.67,2.0,102.498,58.83,102.552,58.861,103.651,59.492,259.262,148.807,103.844,59.602,0.9995,0.9884,0.9902,0.9856,-1.0,-1.0,-1.0,-1.0,-1.0,1.0,0.99997,0.99992,5685.0,5543.38,75.4711,54.8731,0.747077,51.2441,0.509647,1.020,IN,50555.90728,50477.92572,0.945922,3798185.0,17844745.0
27862,8.5814,LH2,-3.254,22.895,3.837,14.79,PI+SIDIS,0.44,4.4,0.67,2.0,105.113,60.409,105.117,60.412,106.32,61.103,262.801,151.033,106.51,61.212,0.9996,0.9884,0.9842,0.9848,-1.0,-1.0,-1.0,-1.0,-1.0,1.0,0.99998,0.99992,5703.0,5556.23,75.5929,53.6959,0.730536,51.2697,0.501226,1.021,IN,51693.79296,51619.21504,0.945199,3893818.0,18307374.0
27863,8.5814,LH2,-3.254,22.895,3.837,14.79,PI+SIDIS,0.44,4.4,0.67,2.0,100.263,59.017,100.307,59.043,101.48,59.733,253.795,149.39,101.629,59.821,0.9996,0.9898,0.9896,0.9843,-1.0,-1.0,-1.0,-1.0,-1.0,1.0,0.99997,0.99992,5504.0,5362.62,74.2622,54.338,0.75248,51.2397,0.518056,1.020,IN,49448.56598,49368.22202,0.945356,3714173.0,17463686.0
27864,8.5814,LH2,-3.254,22.895,3.837,14.79,PI+SIDIS,0.44,4.4,0.67,2.0,101.428,58.478,101.534,58.539,102.482,59.086,257.818,148.644,102.539,59.119,0.9996,0.9893,0.989,0.9822,-1.0,-1.0,-1.0,-1.0,-1.0,1.0,0.99995,0.99992,5701.0,5566.69,75.5734,55.8444,0.758143,51.2056,0.461673,1.020,IN,49924.63721,49849.55979,0.944769,3760136.0,17680006.0
27865,8.5814,LH2,-3.254,22.895,3.837,14.79,HMSDIS,0.44,4.4,0.67,2.0,49614.896,59.349,49683.544,59.431,49812.035,59.585,125189.879,149.752,49787.511,59.556,0.9996,0.9904,-999,-999,-1.0,-1.0,-1.0,1.0,-1.0,-1.0,0.99668,0.991997,-999,-999,-999,24.0788,0.0220556,-999,-999,1.020,IN,-999,-999,-999,1839292.0,8619665.0
27867,8.5814,Dummy,-3.254,22.895,3.837,14.79,PI+SIDIS,0.44,4.4,0.67,2.0,102.136,50.95,102.08,50.923,102.968,51.365,304.024,151.662,103.219,51.491,0.9995,0.9873,0.9902,0.983,-1.0,-1.0,-1.0,-1.0,-1.0,1.0,1.0,0.999979,1334.0,1322.0,36.5366,13.1812,0.364293,51.0455,0.467521,1.000,IN,50221.54304,50141.40196,0.962286,1266266.0,4832475.0
27868,8.5814,Dummy,-3.254,22.895,3.837,14.79,PI+SIDIS,0.44,4.4,0.67,2.0,52.277,50.742,52.264,50.729,52.788,51.238,155.902,151.324,52.919,51.365,0.9997,0.9836,0.9944,0.9839,-1.0,-1.0,-1.0,-1.0,-1.0,1.0,1.0,0.999979,624.0,618.077,24.9891,12.0232,0.486102,51.0551,0.467688,1.000,IN,25663.38692,25622.01808,0.96393,647119.0,2469799.0
27870,8.5814,Dummy,-3.254,22.895,3.837,14.79,HMSDIS,0.44,4.4,0.67,2.0,46568.527,50.262,46601.057,50.297,46780.064,50.49,141146.298,152.34,46794.37,50.505,0.9997,0.9938,-999,-999,-1.0,-1.0,-1.0,1.0,-1.0,-1.0,0.99932,0.997912,-999,-999,-999,7.93712,0.0130571,-999,-999,1.000,IN,-999,-999,-999,578050.0,2207921.0
27871,8.5814,LH2,-3.254,22.895,3.837,14.79,PI+SIDIS,0.44,4.4,0.67,2.0,104.591,59.021,104.757,59.115,105.197,59.363,267.216,150.79,105.389,59.471,0.9997,0.9854,0.9912,0.9822,-1.0,-1.0,-1.0,-1.0,-1.0,1.0,0.99997,0.999921,5789.0,5644.23,76.1586,54.8736,0.74042,51.0174,0.502743,1.020,IN,51643.44754,51557.09046,0.944799,3875517.0,18277811.0
27872,8.5814,LH2,-3.254,22.895,3.837,14.79,PI+SIDIS,0.44,4.4,0.67,2.0,93.319,58.211,93.392,58.256,94.178,58.747,239.28,149.259,94.425,58.901,0.9995,0.99,0.9919,0.9819,-1.0,-1.0,-1.0,-1.0,-1.0,1.0,1.0,0.999921,5405.0,5278.92,73.5846,57.5951,0.802837,51.1106,0.492453,1.020,IN,45914.68893,45845.05007,0.94584,3456687.0,16298588.0
27873,8.5814,LH2,-3.254,22.895,3.837,14.79,PI+SIDIS,0.44,4.4,0.67,2.0,87.429,58.17,87.428,58.169,88.366,58.793,224.742,149.528,88.589,58.941,0.9995,0.9891,0.9881,0.983,-1.0,-1.0,-1.0,-1.0,-1.0,1.0,0.99993,0.999922,4859.0,4742.15,69.771,55.2105,0.812308,51.1391,0.466783,1.020,IN,43097.41784,43036.17216,0.94492,3238441.0,15232205.0
27874,8.5814,Dummy,-3.254,22.895,3.837,14.79,PI+SIDIS,0.44,4.4,0.67,2.0,112.093,48.595,112.102,48.599,113.297,49.117,343.581,148.951,113.522,49.215,0.9999,0.986,0.9914,0.9823,-1.0,-1.0,-1.0,-1.0,-1.0,1.0,1.0,0.999979,1407.0,1392.0,37.5254,12.6423,0.340809,51.1319,0.468638,1.000,IN,55162.84123,55075.30877,0.963192,1390366.0,5296316.0
27875,8.5814,LD2,-3.254,22.895,2.978,14.79,PI+SIDIS,0.44,4.4,0.52,2.0,22.355,52.662,22.385,52.734,22.66,53.381,60.303,142.059,22.697,53.468,0.9996,0.9934,0.9776,0.9755,-1.0,-1.0,-1.0,-1.0,-1.0,1.0,0.99983,0.999536,2152.0,1763.31,46.7108,80.7966,2.14034,51.1631,0.543746,1.011,IN,10932.06285,10916.32815,0.910787,1464067.0,13389624.0
27876,8.5814,LD2,-3.254,22.895,2.978,14.79,PI+SIDIS,0.44,4.4,0.52,2.0,84.228,53.771,84.329,53.835,85.253,54.426,234.617,149.78,85.398,54.518,0.9996,0.9928,0.9791,0.9751,-1.0,-1.0,-1.0,-1.0,-1.0,1.0,0.99982,0.999559,8499.0,7104.77,92.7699,86.4522,1.12884,51.1884,0.519498,1.011,IN,41461.06859,41399.85441,0.913232,5512648.0,50095740.0
27877,8.5814,LD2,-3.254,22.895,2.978,14.79,PI+SIDIS,0.44,4.4,0.52,2.0,91.531,53.025,91.637,53.086,92.573,53.628,255.612,148.078,92.714,53.71,0.9996,0.9931,0.9783,0.9756,-1.0,-1.0,-1.0,-1.0,-1.0,1.0,0.99984,0.999559,9196.0,7702.69,96.4928,86.2071,1.07993,51.1886,0.518508,1.011,IN,45068.76791,44996.21909,0.913027,5990258.0,54139568.0
27878,8.5814,LD2,-3.254,22.895,2.978,14.79,PI+SIDIS,0.44,4.4,0.52,2.0,85.858,53.789,85.861,53.791,86.683,54.306,239.297,149.917,86.819,54.391,0.9996,0.9938,0.9787,0.9756,-1.0,-1.0,-1.0,-1.0,-1.0,1.0,0.99983,0.999559,8644.0,7215.54,93.5622,86.1883,1.11758,51.1304,0.525847,1.011,IN,42212.5554,42149.8686,0.912604,5624187.0,50689167.0
27879,8.5814,LD2,-3.254,22.895,2.978,14.79,HMSDIS,0.44,4.4,0.52,2.0,38752.81,51.827,38738.014,51.807,39096.579,52.287,109551.443,146.512,39163.0,52.376,0.9996,0.9938,-999,-999,-1.0,-1.0,-1.0,2.0,-1.0,-1.0,0.99888,0.956345,-999,-999,-999,42.4586,0.0468555,-999,-999,1.010,IN,-999,-999,-999,2537044.0,22841101.0
27881,8.5814,Dummy,-3.254,22.895,2.978,14.79,PI+SIDIS,0.44,4.4,0.52,2.0,74.673,48.375,74.652,48.362,75.215,48.726,229.227,148.499,75.322,48.795,0.9996,0.9919,0.9814,0.9808,-1.0,-1.0,-1.0,-1.0,-1.0,1.0,1.0,0.999939,990.0,957.385,31.5041,13.0809,0.430446,51.13,0.4591,1.000,IN,36704.84047,36645.67853,0.958206,927426.0,5497976.0
27883,8.5814,Dummy,-3.254,22.895,2.978,14.79,PI+SIDIS,0.44,4.4,0.52,2.0,8.977,47.579,8.981,47.6,9.039,47.908,27.772,147.191,9.052,47.973,1.0,1.0,1.0,0.9743,-1.0,-1.0,-1.0,-1.0,-1.0,1.0,1.0,0.999939,113.0,108.615,10.646,12.4129,1.21666,51.1667,0.477826,1.000,IN,4326.53994,4317.92206,0.957097,111200.0,670185.0
27884,8.5814,Dummy,-3.254,22.895,2.978,14.79,PI+SIDIS,0.44,4.4,0.52,2.0,82.513,48.025,82.524,48.032,83.056,48.341,254.754,148.275,83.163,48.404,0.9997,0.9938,0.9814,0.9803,-1.0,-1.0,-1.0,-1.0,-1.0,1.0,0.99992,0.999939,1009.0,976.462,31.8041,12.0748,0.393286,51.1521,0.470705,1.000,IN,40646.19355,40571.60145,0.957493,1022958.0,6140744.0
27885,8.5814,Dummy,-3.254,22.895,2.978,14.79,HMSDIS,0.44,4.4,0.52,2.0,47523.518,50.171,47483.453,50.129,47791.44,50.454,144127.614,152.157,47868.171,50.535,0.9997,0.9943,-999,-999,-1.0,-1.0,-1.0,1.0,-1.0,-1.0,0.9993,0.993801,-999,-999,-999,7.95227,0.0129477,-999,-999,1.000,IN,-999,-999,-999,590531.0,3532945.0
27886,8.5814,LH2,-3.254,22.895,2.978,14.79,PI+SIDIS,0.44,4.4,0.52,2.0,91.815,58.661,91.816,58.662,92.543,59.126,235.218,150.281,92.685,59.216,0.9996,0.9897,0.9848,0.979,-1.0,-1.0,-1.0,-1.0,-1.0,1.0,0.99992,0.999758,5638.0,5134.69,75.344,57.1505,0.838599,51.2079,0.516506,1.020,IN,45180.48452,45103.02948,0.931972,3397164.0,26771542.0
27887,8.5814,LH2,-3.254,22.895,2.978,14.79,PI+SIDIS,0.44,4.4,0.52,2.0,80.532,55.627,80.588,55.665,81.213,56.098,211.446,146.055,81.32,56.171,0.9997,0.9923,0.9808,0.9789,-1.0,-1.0,-1.0,-1.0,-1.0,1.0,0.99993,0.999761,4826.0,4387.85,69.7116,55.6424,0.884014,51.2577,0.508233,1.019,IN,39604.10891,39535.63309,0.932551,2981855.0,23421280.0
27888,8.5814,LH2,-3.254,22.895,2.978,14.79,PI+SIDIS,0.44,4.4,0.52,2.0,62.677,53.826,62.745,53.885,63.234,54.305,166.458,142.953,63.304,54.365,0.9997,0.9909,0.9849,0.9789,-1.0,-1.0,-1.0,-1.0,-1.0,1.0,0.99997,0.999763,3921.0,3591.31,62.8201,58.4895,1.02311,51.2512,0.514579,1.018,IN,30804.2344,30756.3816,0.933252,2321635.0,18216205.0
27891,8.5814,LH2,-3.254,22.895,2.978,14.79,PI+SIDIS,0.44,4.4,0.52,2.0,101.49,58.943,101.527,58.965,102.346,59.44,259.078,150.466,102.492,59.525,0.9997,0.9892,0.9821,0.98,-1.0,-1.0,-1.0,-1.0,-1.0,1.0,0.99993,0.999757,6116.0,5568.46,78.4737,55.9874,0.789003,51.2608,0.504856,1.020,IN,49929.46603,49846.71897,0.932758,3760799.0,29572215.0
27892,8.5814,LH2,-3.254,22.895,2.978,14.79,PI+SIDIS,0.44,4.4,0.52,2.0,105.228,59.334,105.211,59.325,106.11,59.832,267.829,151.02,106.267,59.92,0.9997,0.987,0.9831,0.9787,-1.0,-1.0,-1.0,-1.0,-1.0,1.0,0.99991,0.999757,6524.0,5951.54,81.0434,57.821,0.787362,51.2702,0.50236,1.020,IN,51743.20635,51657.75665,0.93179,3898685.0,30534005.0
27893,8.5814,LH2,-3.254,22.895,2.978,14.79,PI+SIDIS,0.44,4.4,0.52,2.0,82.629,54.399,82.648,54.411,83.372,54.888,220.951,145.463,83.496,54.97,0.9996,0.9948,0.9773,0.9728,-1.0,-1.0,-1.0,-1.0,1.0,-1.0,0.99988,0.999765,4854.0,4412.38,69.914,54.9089,0.870029,51.2817,0.500168,1.019,IN,40744.65903,40677.77697,0.91465,3059591.0,23937658.0
27894,8.5814,LH2,-3.254,22.895,2.978,14.79,HMSDIS,0.44,4.4,0.52,2.0,47790.876,57.528,47833.199,57.579,48263.75,58.097,123113.453,148.197,48332.255,58.18,0.9996,0.9902,-999,-999,-1.0,-1.0,-1.0,1.0,-1.0,-1.0,0.99635,0.97585,-999,-999,-999,24.1078,0.0224954,-999,-999,1.020,IN,-999,-999,-999,1773305.0,13897800.0
27895,8.5814,LH2,-3.254,22.895,2.978,14.79,HMSDIS,0.44,4.4,0.52,2.0,48423.089,57.395,48476.125,57.458,48923.376,57.988,124979.371,148.137,48987.781,58.065,0.9996,0.9948,-999,-999,-1.0,-1.0,3.0,-1.0,-1.0,-1.0,0.99919,0.975835,-999,-999,-999,24.0424,0.0385965,-999,-999,1.020,IN,-999,-999,-999,1791609.0,14081504.0
27896,8.5814,Al,-3.254,22.895,2.978,14.79,HMSDIS,0.44,4.4,0.52,2.0,41680.356,49.377,41681.913,49.379,42029.73,49.791,126673.515,150.066,42104.52,49.88,0.9997,0.9943,-999,-999,-1.0,-1.0,-1.0,1.0,-1.0,-1.0,0.99923,0.993928,-999,-999,-999,8.86451,0.014591,-999,-999,1.000,IN,-999,-999,-999,575852.0,3023385.0
27897,8.5814,Al,-3.254,22.895,2.978,14.79,HMSDIS,0.44,4.4,0.52,2.0,45216.514,50.068,45187.06,50.035,45575.153,50.465,136894.738,151.582,45654.393,50.553,0.9997,0.9942,-999,-999,-1.0,-1.0,-1.0,1.0,-1.0,-1.0,0.99921,0.993937,-999,-999,-999,8.86805,0.0140167,-999,-999,1.000,IN,-999,-999,-999,623188.0,3273265.0
27898,8.5814,Cu,-3.254,22.895,2.978,14.79,PI+SIDIS,0.44,4.4,0.52,2.0,45.919,54.802,45.91,54.791,46.404,55.382,120.61,143.943,46.468,55.457,0.9995,0.995,0.9794,0.978,-1.0,-1.0,-1.0,-1.0,-1.0,1.0,0.99991,0.999708,1337.0,1115.92,36.7968,24.8682,0.820013,51.2363,0.500152,1.000,IN,22637.29183,22599.60117,0.915104,1465911.0,14359500.0
27899,8.5814,Cu,-3.254,22.895,2.978,14.79,PI+SIDIS,0.44,4.4,0.52,2.0,95.636,58.877,95.67,58.897,96.697,59.529,243.474,149.89,96.833,59.613,0.9995,0.996,0.9803,0.9768,-1.0,-1.0,-1.0,-1.0,-1.0,1.0,0.99992,0.999702,2874.0,2401.54,53.9476,25.7134,0.577619,51.2551,0.511319,1.000,IN,47042.64654,46966.08246,0.916004,3049625.0,29884245.0
27900,8.5814,Cu,-3.254,22.895,2.978,14.79,PI+SIDIS,0.44,4.4,0.52,2.0,103.037,59.242,103.142,59.302,104.251,59.94,261.426,150.309,104.409,60.031,0.9996,0.9961,0.9785,0.9765,-1.0,-1.0,-1.0,-1.0,-1.0,1.0,0.99992,0.999702,3120.0,2606.46,56.2095,25.8911,0.558352,51.2521,0.513693,1.000,IN,50724.81814,50648.20286,0.915421,3285636.0,32093677.0
27901,8.5814,Cu,-3.254,22.895,2.978,14.79,PI+SIDIS,0.44,4.4,0.52,2.0,102.066,59.362,102.193,59.436,103.314,60.088,258.675,150.447,103.468,60.177,0.9996,0.9954,0.9809,0.9769,-1.0,-1.0,-1.0,-1.0,-1.0,1.0,0.99994,0.999702,3117.0,2613.54,56.1759,26.1913,0.562961,51.245,0.5315,1.000,IN,50378.64128,50298.47372,0.914885,3255024.0,31797918.0
27902,8.5814,Cu,-3.254,22.895,2.978,14.79,PI+SIDIS,0.44,4.4,0.52,2.0,99.254,58.728,99.388,58.808,100.498,59.464,252.778,149.568,100.659,59.56,0.9997,0.9963,0.9841,0.9766,-1.0,-1.0,-1.0,-1.0,-1.0,1.0,0.9999,0.999703,2984.0,2498.54,54.9667,25.752,0.566532,51.2614,0.519731,1.000,IN,48870.97051,48795.31349,0.916847,3165237.0,30903238.0
27903,8.5814,Cu,-3.254,22.895,2.978,14.79,HMSDIS,0.44,4.4,0.52,2.0,35705.199,60.643,35741.675,60.705,36155.961,61.409,89691.046,152.336,36213.988,61.508,0.9996,0.9966,-999,-999,-1.0,-1.0,-1.0,1.0,-1.0,-1.0,0.99383,0.970051,-999,-999,-999,20.397,0.0239678,-999,-999,1.000,IN,-999,-999,-999,1137854.0,11131525.0
27904,8.5814,Cu,-3.254,22.895,2.978,14.79,HMSDIS,0.44,4.4,0.52,2.0,30855.012,57.126,30866.03,57.146,31240.38,57.84,79609.287,147.391,31288.269,57.928,0.9996,0.9965,-999,-999,-1.0,-1.0,-1.0,1.0,-1.0,-1.0,0.99412,0.970582,-999,-999,-999,20.4227,0.0258038,-999,-999,1.000,IN,-999,-999,-999,982300.0,9596375.0
27905,8.5814,C,-3.254,22.895,2.978,14.79,PI+SIDIS,0.44,4.4,0.52,2.0,85.902,49.567,85.847,49.535,86.376,49.841,260.958,150.579,86.371,49.838,0.9997,0.9938,0.9856,0.979,-1.0,-1.0,-1.0,-1.0,-1.0,1.0,0.99994,0.999756,4423.0,3937.15,66.786,46.863,0.794939,51.2923,0.502772,1.000,IN,42220.3838,42158.4422,0.928071,3602715.0,27429264.0
27906,8.5814,C,-3.254,22.895,2.978,14.79,PI+SIDIS,0.44,4.4,0.52,2.0,81.546,48.692,81.529,48.682,81.603,48.726,249.058,148.715,81.609,48.729,0.9997,0.9944,0.9835,0.9785,-1.0,-1.0,-1.0,-1.0,-1.0,1.0,0.99998,0.999757,4174.0,3716.15,64.8785,46.5974,0.813521,51.3075,0.512088,1.000,IN,40184.48994,40128.86106,0.928399,3415369.0,25924988.0
27907,8.5814,C,-3.254,22.895,2.978,14.79,PI+SIDIS,0.44,4.4,0.52,2.0,81.078,49.308,81.105,49.324,81.418,49.514,246.441,149.873,81.621,49.638,0.9997,0.9947,0.9806,0.9798,-1.0,-1.0,-1.0,-1.0,-1.0,1.0,0.99992,0.999756,4235.0,3774.38,65.3485,47.5144,0.822649,51.2887,0.510865,1.000,IN,39878.67994,39821.00206,0.929562,3400294.0,25879974.0
27908,8.5814,C,-3.254,22.895,2.978,14.79,PI+SIDIS,0.44,4.4,0.52,2.0,84.711,49.603,84.763,49.634,85.34,49.972,256.792,150.367,85.544,50.091,0.9995,0.9955,0.9836,0.9782,-1.0,-1.0,-1.0,-1.0,-1.0,1.0,0.99992,0.999756,4426.0,3947.23,66.8044,47.6334,0.806166,51.2816,0.513519,1.000,IN,41684.4699,41621.1411,0.930899,3544744.0,27086847.0
27909,8.5814,C,-3.254,22.895,2.978,14.79,PI+SIDIS,0.44,4.4,0.52,2.0,80.76,49.268,80.825,49.308,81.536,49.741,245.541,149.793,81.719,49.853,0.9997,0.9948,0.985,0.9798,-1.0,-1.0,-1.0,-1.0,-1.0,1.0,0.99993,0.999756,4335.0,3873.69,66.1096,48.9332,0.835109,51.281,0.502697,1.000,IN,39741.32251,39685.12449,0.930439,3383914.0,25882854.0
27910,8.5814,C,-3.254,22.895,2.978,14.79,HMSDIS,0.44,4.4,0.52,2.0,24023.291,47.269,24035.784,47.294,24269.32,47.753,74225.843,146.049,24326.309,47.865,0.9996,0.9949,-999,-999,-1.0,-1.0,-1.0,1.0,-1.0,-1.0,0.99533,0.975968,-999,-999,-999,27.1582,0.0336996,-999,-999,1.000,IN,-999,-999,-999,1007906.0,7701924.0
27911,8.5814,C,-3.254,22.895,2.978,14.79,HMSDIS,0.44,4.4,0.52,2.0,28410.88,49.578,28408.418,49.574,28690.913,50.066,86399.292,150.769,28750.005,50.17,0.9996,0.9949,-999,-999,-1.0,-1.0,-1.0,1.0,-1.0,-1.0,0.99519,0.97566,-999,-999,-999,27.1549,0.0309981,-999,-999,1.000,IN,-999,-999,-999,1190993.0,9123054.0
27912,8.5814,LD2,-3.254,22.895,2.978,14.79,PI+SIDIS,0.44,4.4,0.52,2.0,86.978,53.06,86.969,53.054,87.356,53.291,242.595,147.992,87.347,53.285,0.9997,0.9935,0.9803,0.977,-1.0,-1.0,-1.0,-1.0,-1.0,1.0,0.99981,0.999558,8676.0,7226.0,93.7419,85.0847,1.10379,51.2848,0.51041,1.011,IN,42760.82058,42697.70642,0.911015,5692392.0,51390613.0
27913,8.5814,LD2,-3.254,22.895,2.978,14.79,PI+SIDIS,0.44,4.4,0.52,2.0,85.097,52.704,85.119,52.718,85.319,52.841,238.069,147.445,85.445,52.919,0.9996,0.9929,0.9807,0.9764,-1.0,-1.0,-1.0,-1.0,-1.0,1.0,0.99982,0.999558,8485.0,7063.38,92.7057,85.0372,1.1161,51.2466,0.521601,1.011,IN,41849.44961,41785.30339,0.911452,5572252.0,50055059.0
27914,8.5814,Dummy,-3.254,22.895,2.978,14.79,PI+SIDIS,0.44,4.4,0.52,2.0,87.443,49.596,87.492,49.624,88.068,49.95,265.155,150.391,88.318,50.092,0.9997,0.9935,0.9816,0.979,-1.0,-1.0,-1.0,-1.0,-1.0,1.0,1.0,0.999938,1107.0,1070.92,33.3133,12.5066,0.389042,51.2669,0.512561,1.000,IN,43034.29099,42970.35201,0.953157,1086081.0,6458724.0
27915,8.5814,LH2,-3.254,22.895,2.978,14.79,PI+SIDIS,0.44,4.4,0.52,2.0,104.891,59.361,105.046,59.449,106.147,60.072,265.862,150.461,106.391,60.21,0.9997,0.988,0.9855,0.9798,-1.0,-1.0,-1.0,-1.0,-1.0,1.0,0.99993,0.999755,6548.0,5984.69,81.187,58.1683,0.789098,51.2551,0.491628,1.020,IN,51664.53263,51588.82337,0.931691,3881421.0,30623705.0
27916,8.5814,LH2,-3.254,22.895,2.978,14.79,PI+SIDIS,0.44,4.4,0.52,2.0,106.944,59.498,107.053,59.558,107.686,59.911,270.954,150.743,107.716,59.927,0.9998,0.9908,0.9801,0.9797,-1.0,-1.0,-1.0,-1.0,-1.0,1.0,0.99995,0.999755,6633.0,6053.69,81.7164,57.7349,0.77934,51.262,0.49061,1.020,IN,52649.20522,52573.35778,0.931018,3959907.0,31053678.0
27918,8.5814,C,-3.254,22.895,2.978,14.79,PI+SIDIS,0.44,4.4,0.52,2.0,35.542,50.707,35.524,50.681,35.647,50.856,106.776,152.335,35.738,50.987,0.9999,0.9932,0.9823,0.98,-1.0,-1.0,-1.0,-1.0,-1.0,1.0,0.99995,0.999754,1838.0,1634.46,43.0541,46.9563,1.2369,51.2703,0.505412,1.000,IN,17411.7096,17386.6234,0.930102,1491487.0,11361781.0
27925,8.5814,C,-3.254,22.895,2.978,14.79,PI+SIDIS,0.44,4.4,0.52,2.0,79.108,48.794,79.141,48.814,79.406,48.978,241.4,148.895,79.527,49.052,0.9996,0.9941,0.9863,0.9826,-1.0,-1.0,-1.0,-1.0,-1.0,1.0,0.99995,0.999756,4184.0,3738.46,64.9482,48.0961,0.835572,51.2194,0.487723,1.000,IN,38922.14286,38837.87114,0.928769,3308171.0,25459094.0
27926,8.5814,C,-3.254,22.895,2.978,14.79,PI+SIDIS,0.44,4.4,0.52,2.0,46.146,49.137,46.174,49.167,46.349,49.354,140.671,149.789,46.44,49.45,0.9995,0.9939,0.986,0.9826,-1.0,-1.0,-1.0,-1.0,-1.0,1.0,0.99993,0.999756,2418.0,2145.0,49.3862,47.3042,1.08913,51.2164,0.499704,1.000,IN,22717.88693,22671.90907,0.928553,1931003.0,14800162.0
27927,8.5814,Cu,-3.254,22.895,2.978,14.79,PI+SIDIS,0.44,4.4,0.52,2.0,62.747,48.006,62.765,48.019,63.104,48.279,189.191,144.744,63.203,48.355,0.9995,0.9958,0.9829,0.9797,-1.0,-1.0,-1.0,-1.0,-1.0,1.0,0.99996,0.999747,1808.0,1546.62,42.7564,25.1656,0.695706,51.1761,0.505907,1.000,IN,30916.01876,30851.22024,0.920413,1998580.0,19357992.0
27928,8.5814,Cu,-3.254,22.895,2.978,14.79,PI+SIDIS,0.44,4.4,0.52,2.0,104.223,48.792,104.142,48.754,104.813,49.068,315.738,147.812,104.964,49.139,0.9996,0.9965,0.9828,0.9804,-1.0,-1.0,-1.0,-1.0,-1.0,1.0,0.99993,0.99975,3125.0,2692.77,56.1983,26.3862,0.550681,51.1964,0.496726,1.000,IN,51244.6498,51137.2522,0.922227,3319684.0,32030897.0
27929,8.5814,Cu,-3.254,22.895,2.978,14.79,PI+SIDIS,0.44,4.4,0.52,2.0,87.715,49.979,87.685,49.962,88.232,50.273,265.341,151.188,88.381,50.358,0.9996,0.9961,0.9852,0.98,-1.0,-1.0,-1.0,-1.0,-1.0,1.0,0.99994,0.999752,2634.0,2267.31,51.5966,26.3974,0.600719,51.2007,0.452483,1.000,IN,43134.65456,43052.05444,0.923125,2790709.0,26876810.0
27931,8.5814,Cu,-3.254,22.895,2.978,14.79,PI+SIDIS,0.44,4.4,0.52,2.0,85.762,49.299,85.794,49.317,86.348,49.636,260.713,149.866,86.461,49.7,0.9997,0.9957,0.984,0.9807,-1.0,-1.0,-1.0,-1.0,-1.0,1.0,0.99992,0.999752,2575.0,2223.0,51.0106,26.4308,0.606499,51.2464,0.485569,1.000,IN,42200.12183,42119.81517,0.923173,2732187.0,26371629.0
27932,8.5814,LH2,-3.254,22.895,-3.837,14.79,PI-SIDIS,0.44,4.4,0.67,2.0,98.022,54.212,98.002,54.201,98.754,54.617,273.367,151.189,98.895,54.695,0.9996,0.9919,0.9919,0.9855,-1.0,-1.0,-1.0,-1.0,-1.0,1.0,1.0,0.999956,2278.0,2211.31,47.7821,22.9051,0.494934,51.2331,0.435657,1.019,-999,48275.90264,48185.62436,0.944874,3625990.0,59493250.0
27933,8.5814,LH2,-3.254,22.895,-3.837,14.79,PI-SIDIS,0.44,4.4,0.67,2.0,102.309,55.646,102.262,55.62,103.077,56.063,280.085,152.338,103.212,56.137,0.9996,0.9941,0.9931,0.9838,-1.0,-1.0,-1.0,-1.0,-1.0,1.0,0.99998,0.999956,2241.0,2172.69,47.3947,21.6052,0.471292,51.2127,0.442293,1.019,IN,50303.62532,50210.07168,0.945946,3786740.0,62001964.0
27934,8.5814,LH2,-3.254,22.895,-3.837,14.79,PI-SIDIS,0.44,4.4,0.67,2.0,78.23,53.735,78.242,53.743,78.873,54.177,217.382,149.317,78.959,54.236,0.9994,0.9935,0.9913,0.9827,-1.0,-1.0,-1.0,-1.0,-1.0,1.0,0.99998,0.999956,1838.0,1786.85,42.9178,23.2539,0.558529,51.1679,0.447749,1.018,IN,38462.39544,38389.61156,0.945394,2895208.0,47384240.0
27935,8.5814,LH2,-3.254,22.895,-3.837,14.79,PI-SIDIS,0.44,4.4,0.67,2.0,93.165,54.513,93.242,54.558,93.993,54.997,257.252,150.524,94.105,55.063,0.9996,0.9943,0.9916,0.984,-1.0,-1.0,-1.0,-1.0,-1.0,1.0,1.0,0.999956,2068.0,1999.31,45.5333,21.7995,0.496474,51.1748,0.446258,1.019,IN,45860.44244,45773.07456,0.946144,3445429.0,56474122.0
27936,8.5814,LH2,-3.254,22.895,-3.837,14.79,PI-SIDIS,0.44,4.4,0.67,2.0,89.169,53.995,89.271,54.057,90.006,54.502,245.287,148.53,90.112,54.566,0.9995,0.9909,0.9911,0.9843,-1.0,-1.0,-1.0,-1.0,-1.0,1.0,0.99998,0.999956,2077.0,2014.23,45.6271,22.9349,0.519529,51.1729,0.446328,1.018,IN,43900.97833,43820.06267,0.945184,3301203.0,54080982.0
27937,8.5814,LH2,-3.254,22.895,-3.837,14.79,PI-SIDIS,0.44,4.4,0.67,2.0,97.714,55.425,97.816,55.483,98.651,55.956,265.463,150.575,98.75,56.012,0.9997,0.9942,0.991,0.9862,-1.0,-1.0,-1.0,-1.0,-1.0,1.0,1.0,0.999955,2144.0,2073.0,46.3623,21.4959,0.480751,51.1594,0.443071,1.019,IN,48114.18646,48024.70554,0.944762,3615452.0,59244138.0
27938,8.5814,LH2,-3.254,22.895,-3.837,14.79,PI-SIDIS,0.44,4.4,0.67,2.0,92.957,54.97,92.941,54.96,93.773,55.452,253.251,149.758,93.882,55.516,0.9998,0.9948,0.9906,0.9855,-1.0,-1.0,-1.0,-1.0,-1.0,1.0,0.99998,0.999955,2127.0,2058.15,46.1768,22.4755,0.50426,51.1615,0.442169,1.019,IN,45701.35066,45620.20834,0.942145,3440412.0,56305509.0
27939,8.5814,LH2,-3.254,22.895,-3.837,14.79,HMSDIS,0.44,4.4,0.67,2.0,55027.634,55.279,55017.388,55.268,55508.144,55.761,149348.379,150.029,55587.206,55.841,0.9997,0.9906,-999,-999,-1.0,-1.0,-1.0,1.0,-1.0,-1.0,0.99728,0.995526,-999,-999,-999,24.0725,0.0209491,-999,-999,1.019,IN,-999,-999,-999,2034944.0,33323350.0
27940,8.5814,Dummy,-3.254,22.895,-3.837,14.79,PI-SIDIS,0.44,4.4,0.67,2.0,91.907,51.195,91.915,51.199,92.606,51.584,272.341,151.7,92.791,51.687,1.0,0.9937,0.9846,0.9834,-1.0,-1.0,-1.0,-1.0,-1.0,1.0,0.99996,0.999985,613.0,605.154,24.771,6.69525,0.27406,51.1415,0.461579,1.000,IN,45254.75286,45171.16214,0.956044,1137679.0,21849366.0
27941,8.5814,Dummy,-3.254,22.895,-3.837,14.79,PI-SIDIS,0.44,4.4,0.67,2.0,50.655,50.537,50.687,50.569,51.077,50.959,150.658,150.309,51.178,51.059,0.9985,0.9948,0.9965,0.9809,-1.0,-1.0,-1.0,-1.0,-1.0,1.0,1.0,0.999985,348.0,344.154,18.6627,6.93239,0.375928,51.1451,0.46065,1.000,IN,24887.34783,24839.40617,0.958707,628828.0,12045201.0
27942,8.5814,Dummy,-3.254,22.895,-3.837,14.79,PI-SIDIS,0.44,4.4,0.67,2.0,86.152,50.324,86.229,50.37,86.941,50.786,257.336,150.319,87.08,50.866,0.9995,0.9965,0.9856,0.9796,-1.0,-1.0,-1.0,-1.0,-1.0,1.0,1.0,0.999985,571.0,564.308,23.9064,6.68392,0.283158,51.1374,0.4497,1.000,IN,42513.07027,42431.44373,0.964508,1066718.0,20511450.0
27943,8.5814,Dummy,-3.254,22.895,-3.837,14.79,HMSDIS,0.44,4.4,0.67,2.0,47177.081,51.528,47211.93,51.567,47468.105,51.846,139472.056,152.336,47478.432,51.858,0.9997,0.9936,-999,-999,-1.0,-1.0,-1.0,1.0,-1.0,-1.0,0.99922,0.998478,-999,-999,-999,7.91552,0.0129554,-999,-999,1.000,IN,-999,-999,-999,583034.0,11233840.0
27944,8.5814,Dummy,-3.254,22.895,-3.837,14.79,PI-SIDIS,0.44,4.4,0.67,2.0,89.92,50.607,89.886,50.588,89.87,50.579,267.532,150.566,89.85,50.568,0.9991,0.9985,0.9859,0.9821,-1.0,-1.0,-1.0,-1.0,-1.0,1.0,1.0,0.999985,558.0,550.615,23.634,6.24298,0.267967,51.23,0.475771,1.000,IN,44217.20254,44137.40746,0.959557,1114316.0,21363480.0
27945,8.5814,Dummy,-3.254,22.895,-3.837,14.79,PI-SIDIS,0.44,4.4,0.67,2.0,43.877,51.563,43.848,51.529,43.843,51.523,129.499,152.184,43.937,51.634,1.0,1.0,0.9892,0.9871,-1.0,-1.0,-1.0,-1.0,-1.0,1.0,1.0,0.999985,294.0,290.154,17.1551,6.70374,0.396352,51.2168,0.401777,1.000,IN,21519.05619,21478.61181,0.95395,542576.0,10425002.0
27946,8.5814,Dummy,-3.254,22.895,-3.837,14.79,PI-SIDIS,0.44,4.4,0.67,2.0,90.964,49.916,90.948,49.908,91.321,50.112,275.755,151.321,91.535,50.23,0.9996,0.9952,0.9892,0.9849,-1.0,-1.0,-1.0,-1.0,-1.0,1.0,1.0,0.999985,547.0,539.846,23.3998,6.02918,0.261337,51.152,0.412679,1.000,IN,44834.64373,44752.30527,0.95894,1126159.0,21649328.0
27947,8.5814,LH2,-3.254,22.895,-3.837,14.79,PI-SIDIS,0.44,4.4,0.67,2.0,98.264,58.778,98.393,58.855,99.114,59.287,250.32,149.733,99.341,59.422,0.9997,0.9946,0.9915,0.9837,-1.0,-1.0,-1.0,-1.0,-1.0,1.0,1.0,0.999952,2260.0,2185.23,47.5999,22.584,0.491937,51.1736,0.450439,1.020,IN,48400.32239,48305.36061,0.945699,3636727.0,59620025.0
27948,8.5814,LH2,-3.254,22.895,-3.837,14.79,PI-SIDIS,0.44,4.4,0.67,2.0,155.796,58.879,155.976,58.947,157.267,59.435,397.128,150.085,157.995,59.71,0.9994,0.9939,0.9914,0.9847,-1.0,-1.0,-1.0,-1.0,-1.0,1.0,0.99998,0.999952,3495.0,3376.62,59.1955,21.9983,0.385653,51.162,0.444757,1.020,IN,76807.00977,76669.64623,0.943508,5757657.0,94481542.0
27949,8.5814,LH2,-3.254,22.895,-3.837,14.79,PI-SIDIS,0.44,4.4,0.67,2.0,80.68,58.945,80.672,58.939,81.349,59.434,198.641,145.127,81.924,59.854,0.9999,0.9955,0.989,0.9847,-1.0,-1.0,-1.0,-1.0,-1.0,1.0,0.99998,0.99995,1814.0,1749.08,42.6497,22.0208,0.536958,51.1742,0.453028,1.020,IN,39645.79254,39577.85446,0.943024,2976935.0,48813139.0
27951,8.5814,LH2,-3.254,22.895,-3.837,14.79,PI-SIDIS,0.44,4.4,0.67,2.0,54.635,64.832,54.648,64.848,55.055,65.33,124.848,148.149,54.236,64.359,0.9997,0.9942,0.9899,0.9827,-1.0,-1.0,-1.0,-1.0,-1.0,1.0,1.0,0.999946,1215.0,1167.92,34.9088,21.7545,0.650234,51.1539,0.448513,1.022,IN,26929.47366,26900.11134,0.939744,2013831.0,33007833.0
27952,8.5814,LH2,-3.254,22.895,-3.837,14.79,PI-SIDIS,0.44,4.4,0.67,2.0,91.476,65.508,91.563,65.57,92.208,66.032,205.245,146.979,89.774,64.288,0.9996,0.9903,0.9924,0.9823,-1.0,-1.0,-1.0,-1.0,-1.0,1.0,1.0,0.999945,2052.0,1969.62,45.3689,21.9074,0.504624,51.1391,0.445667,1.023,IN,44983.79297,44982.60303,0.940066,3370933.0,55271988.0
27953,8.5814,LH2,-3.254,22.895,-3.837,14.79,PI-SIDIS,0.44,4.4,0.67,2.0,185.884,67.457,186.106,67.537,187.334,67.983,410.575,148.996,182.471,66.218,0.9996,0.9944,0.9903,0.9842,-1.0,-1.0,-1.0,-1.0,-1.0,1.0,1.0,0.999944,4239.0,4080.31,65.2013,22.2855,0.356112,51.1823,0.47831,1.023,IN,91622.27655,91451.63545,0.938984,6844358.0,112276754.0
27954,8.5814,LH2,-3.254,22.895,-3.837,14.79,PI-SIDIS,0.44,4.4,0.67,2.0,86.73,67.568,86.73,67.568,87.34,68.043,191.387,149.103,85.146,66.334,0.9996,0.9963,0.9905,0.9855,-1.0,-1.0,-1.0,-1.0,-1.0,1.0,0.99996,0.999944,2027.0,1950.0,45.0879,22.8244,0.527746,51.3125,0.453271,1.023,IN,42759.85181,42680.46919,0.937952,3193045.0,52312127.0
27956,8.5814,LD2,-3.254,22.895,-2.978,14.79,PI-SIDIS,0.44,4.4,0.52,2.0,34.56,54.312,34.544,54.285,34.81,54.703,93.202,146.467,34.48,54.185,0.9996,0.9942,0.9856,0.984,-1.0,-1.0,-1.0,-1.0,-1.0,1.0,0.99984,0.999741,2072.0,1635.69,45.8864,48.1481,1.35071,51.2572,0.485157,1.011,IN,16952.00534,16917.77566,0.919215,2254154.0,46446345.0
27957,8.5814,LD2,-3.254,22.895,-2.978,14.79,PI-SIDIS,0.44,4.4,0.52,2.0,112.942,65.04,113.007,65.077,113.874,65.577,250.716,144.38,107.606,61.967,0.9995,0.9939,0.9858,0.9828,-1.0,-1.0,-1.0,-1.0,-1.0,1.0,0.99987,0.999694,7233.0,5531.23,85.8132,49.8337,0.773135,51.2645,0.48404,1.013,IN,55565.39454,55458.68746,0.915914,7356793.0,151863651.0
27958,8.5814,LD2,-3.254,22.895,-2.978,14.79,PI-SIDIS,0.44,4.4,0.52,2.0,86.486,68.941,86.552,68.994,87.0,69.351,182.473,145.457,78.776,62.795,0.9996,0.9932,0.9854,0.9838,-1.0,-1.0,-1.0,-1.0,-1.0,1.0,0.99985,0.999678,5594.0,4239.54,75.4864,49.8163,0.886996,51.2306,0.487639,1.014,IN,42597.53543,42508.82957,0.913633,5625757.0,116179387.0
27959,8.5814,LD2,-3.254,22.895,-2.978,14.79,HMSDIS,0.44,4.4,0.52,2.0,41789.602,71.474,41816.309,71.52,41970.722,71.784,84737.154,144.929,36552.691,62.517,0.9996,0.9941,-999,-999,-1.0,-1.0,-1.0,2.0,-1.0,-1.0,0.99813,0.966404,-999,-999,-999,42.1715,0.044962,-999,-999,1.014,IN,-999,-999,-999,2715003.0,56067813.0
27961,8.5814,NONE,-3.254,22.895,-2.978,14.79,BCM,0.44,4.4,0.52,2.0,86.063,36.005,86.008,35.981,86.438,36.161,265.615,111.12,83.058,34.747,0.0,0.0,0.0,0.0,-1.0,-1.0,-1.0,-1.0,-1.0,1.0,1.0,1.0,0.0,0.0,0.0,nan,nan,0.0,0.0,1.000,IN,42241.38757,42160.97643,-999,23835.0,23843.0
27962,8.5814,LH2,-3.254,22.895,-2.978,14.79,PI-SIDIS,0.44,4.4,0.52,2.0,114.968,68.324,115.055,68.376,115.558,68.675,251.693,149.578,112.555,66.89,0.9996,0.9912,0.9879,0.9862,-1.0,-1.0,-1.0,-1.0,-1.0,1.0,0.99998,0.999872,3079.0,2668.0,55.7729,23.5232,0.491738,51.1671,0.458238,1.024,IN,56589.04745,56480.73855,0.933261,4231010.0,73263106.0
27963,8.5814,LH2,-3.254,22.895,-2.978,14.79,PI-SIDIS,0.44,4.4,0.52,2.0,121.337,68.536,121.457,68.603,122.002,68.911,265.562,149.999,118.748,67.073,0.9997,0.9903,0.9886,0.9851,-1.0,-1.0,-1.0,-1.0,-1.0,1.0,0.99996,0.999872,3237.0,2807.31,57.1844,23.4712,0.478103,51.1805,0.441671,1.024,IN,59787.49834,59677.33866,0.933267,4461419.0,77275176.0
27964,8.5814,LH2,-3.254,22.895,-2.978,14.79,PI-SIDIS,0.44,4.4,0.52,2.0,113.28,68.322,113.304,68.337,113.84,68.66,247.97,149.557,110.878,66.874,0.9996,0.9903,0.9883,0.9866,-1.0,-1.0,-1.0,-1.0,-1.0,1.0,0.99992,0.999872,3021.0,2618.23,55.2447,23.4332,0.494441,51.1867,0.453301,1.024,IN,55715.27838,55612.74262,0.934151,4170549.0,72100557.0
27965,8.5814,LH2,-3.254,22.895,-2.978,14.79,PI-SIDIS,0.44,4.4,0.52,2.0,119.903,68.023,119.825,67.979,120.454,68.336,263.525,149.502,117.433,66.622,0.9997,0.9901,0.9895,0.9853,-1.0,-1.0,-1.0,-1.0,-1.0,1.0,0.99999,0.999872,3118.0,2713.0,56.1173,22.9862,0.475461,51.1565,0.449267,1.023,IN,59074.9947,58966.7033,0.932369,4402283.0,76247397.0
27966,8.5814,LH2,-3.254,22.895,-2.978,14.79,PI-SIDIS,0.44,4.4,0.52,2.0,107.24,67.562,107.215,67.547,107.774,67.899,236.494,148.994,105.121,66.227,0.9996,0.9932,0.9903,0.9854,-1.0,-1.0,-1.0,-1.0,-1.0,1.0,0.99998,0.999872,2911.0,2542.23,54.2159,24.0729,0.513382,51.2407,0.465742,1.023,IN,52717.253,52617.138,0.933065,3944845.0,68253650.0
27967,8.5814,LH2,-3.254,22.895,-2.978,14.79,PI-SIDIS,0.44,4.4,0.52,2.0,111.538,68.328,111.588,68.359,112.187,68.726,244.918,150.037,109.486,67.071,0.9996,0.9902,0.9884,0.9853,-1.0,-1.0,-1.0,-1.0,-1.0,1.0,0.99999,0.999872,2983.0,2584.77,54.8966,23.5187,0.499502,51.2762,0.493316,1.024,IN,54878.65057,54771.73543,0.931297,4103123.0,71032600.0
27968,8.5814,LH2,-3.254,22.895,-2.978,14.79,PI-SIDIS,0.44,4.4,0.52,2.0,111.733,69.383,111.827,69.442,112.415,69.807,243.054,150.931,109.65,68.09,0.9997,0.9945,0.9838,0.9801,-1.0,-1.0,-1.0,-1.0,1.0,-1.0,0.99995,0.999872,3079.0,2685.46,55.7608,24.5105,0.508936,51.3082,0.470263,1.024,IN,54997.23066,54892.47234,0.91441,4104992.0,71182131.0
27969,8.5814,LH2,-3.254,22.895,-2.978,14.79,HMSDIS,0.44,4.4,0.52,2.0,57771.71,68.434,57830.368,68.504,58155.176,68.888,126656.497,150.032,56653.782,67.11,0.9997,0.9907,-999,-999,-1.0,-1.0,-1.0,1.0,-1.0,-1.0,0.99419,0.987204,-999,-999,-999,23.9213,0.0204007,-999,-999,1.024,IN,-999,-999,-999,2124696.0,36814771.0
27970,8.5814,LH2,-3.254,22.895,-2.978,14.79,HMSDIS,0.44,4.4,0.52,2.0,58495.416,68.66,58551.631,68.726,58886.85,69.12,128428.928,150.746,57470.878,67.458,0.9997,0.9949,-999,-999,-1.0,-1.0,3.0,-1.0,-1.0,-1.0,0.99893,0.987243,-999,-999,-999,23.9829,0.0350784,-999,-999,1.024,IN,-999,-999,-999,2153826.0,37273111.0
27972,8.5814,Dummy,-3.254,22.895,-2.978,14.79,PI-SIDIS,0.44,4.4,0.52,2.0,86.226,49.642,86.153,49.6,86.656,49.889,261.572,150.592,86.617,49.867,0.9992,0.9923,0.9845,0.9831,-1.0,-1.0,-1.0,-1.0,-1.0,1.0,1.0,0.999968,598.0,571.923,24.495,6.75798,0.289439,51.3524,0.455926,1.000,IN,42376.58466,42298.47034,0.955611,1068316.0,21735514.0
27973,8.5814,Dummy,-3.254,22.895,-2.978,14.79,PI-SIDIS,0.44,4.4,0.52,2.0,80.434,48.953,80.357,48.907,80.949,49.267,245.171,149.214,81.416,49.551,0.9997,0.9946,0.9886,0.9818,-1.0,-1.0,-1.0,-1.0,-1.0,1.0,1.0,0.999968,569.0,548.154,23.8873,6.95002,0.302866,51.2247,0.450799,1.000,IN,39520.2488,39447.2412,0.949736,995565.0,20279949.0
27974,8.5814,Dummy,-3.254,22.895,-2.978,14.79,PI-SIDIS,0.44,4.4,0.52,2.0,81.37,48.913,81.337,48.893,81.991,49.287,248.238,149.222,82.593,49.649,0.9997,0.9945,0.9895,0.9852,-1.0,-1.0,-1.0,-1.0,-1.0,1.0,1.0,0.999968,621.0,599.692,24.9527,7.48594,0.311484,51.26,0.42242,1.000,IN,40002.78006,39928.61294,0.953946,1007481.0,20546618.0
27975,8.5814,Dummy,-3.254,22.895,-2.978,14.79,HMSDIS,0.44,4.4,0.52,2.0,41875.751,49.425,41879.516,49.43,42140.94,49.738,127395.671,150.362,42176.997,49.781,0.9997,0.9945,-999,-999,-1.0,-1.0,-1.0,1.0,-1.0,-1.0,0.99931,0.996831,-999,-999,-999,7.922,0.0137604,-999,-999,1.000,IN,-999,-999,-999,517945.0,10573409.0
27976,8.5814,LH2,-3.254,22.895,-2.978,14.79,PI-SIDIS,0.44,4.4,0.52,2.0,97.043,66.457,97.145,66.527,97.291,66.627,215.956,147.892,95.156,65.165,0.9995,0.9897,0.9876,0.9848,-1.0,-1.0,-1.0,-1.0,-1.0,1.0,0.99999,0.999873,2695.0,2355.38,52.1644,24.6329,0.545541,51.3253,0.481246,1.023,IN,47790.37841,47700.93759,0.931525,3570622.0,61872266.0
27977,8.5814,LH2,-3.254,22.895,-2.978,14.79,PI-SIDIS,0.44,4.4,0.52,2.0,113.662,68.925,113.794,69.004,113.894,69.065,248.0,150.386,111.37,67.535,0.9995,0.9899,0.9875,0.9865,-1.0,-1.0,-1.0,-1.0,-1.0,1.0,0.99994,0.999871,3038.0,2636.62,55.3974,23.5003,0.49376,51.315,0.469619,1.024,IN,55967.97074,55859.59226,0.934341,4178829.0,72390881.0
27978,8.5814,LH2,-3.254,22.895,-2.978,14.79,PI-SIDIS,0.44,4.4,0.52,2.0,98.314,64.669,98.345,64.689,98.859,65.027,221.806,145.9,96.419,63.423,0.9997,0.9925,0.9876,0.985,-1.0,-1.0,-1.0,-1.0,-1.0,1.0,0.99996,0.999874,2674.0,2331.62,51.9648,24.0777,0.536621,51.1461,0.445917,1.022,IN,48342.03518,48247.82282,0.933555,3620481.0,62648362.0
27979,8.5814,LH2,-3.254,22.895,-2.978,14.79,PI-SIDIS,0.44,4.4,0.52,2.0,124.4,70.309,124.357,70.285,125.355,70.849,268.354,151.67,121.706,68.787,0.9997,0.9888,0.9878,0.9844,-1.0,-1.0,-1.0,-1.0,-1.0,1.0,0.99999,0.999871,3368.0,2919.62,58.3309,23.8571,0.47664,51.2167,0.472069,1.024,IN,61173.7857,61058.6123,0.934828,4571711.0,79194276.0
27980,8.5814,LH2,-3.254,22.895,-2.978,14.79,PI-SIDIS,0.44,4.4,0.52,2.0,121.705,68.785,121.713,68.789,122.609,69.296,265.356,149.974,119.259,67.403,0.9997,0.9904,0.9897,0.9846,-1.0,-1.0,-1.0,-1.0,-1.0,1.0,0.99996,0.999872,3366.0,2950.69,58.2919,24.6306,0.486585,51.3105,0.491754,1.024,IN,59865.38593,59760.75707,0.933473,4477561.0,77497769.0
27981,8.5814,LH2,-3.254,22.895,-2.978,14.79,PI-SIDIS,0.44,4.4,0.52,2.0,138.152,70.68,138.247,70.728,138.292,70.752,295.626,151.245,133.616,68.359,0.9996,0.9906,0.9884,0.9853,-1.0,-1.0,-1.0,-1.0,-1.0,1.0,0.99997,0.999869,3684.0,3191.0,61.0076,23.4364,0.448072,51.3688,0.476282,1.024,IN,68161.41387,68034.29413,0.933198,5078090.0,87843219.0
27982,8.5814,LH2,-3.254,22.895,-2.978,14.79,PI-SIDIS,0.44,4.4,0.52,2.0,132.322,68.626,132.448,68.692,132.702,68.824,287.59,149.154,127.922,66.344,0.9995,0.9896,0.9868,0.984,-1.0,-1.0,-1.0,-1.0,-1.0,1.0,0.99995,0.99987,3671.0,3193.54,60.8911,24.5172,0.467468,51.3462,0.472352,1.024,IN,65163.52676,65044.49024,0.930625,4863303.0,84194296.0
27983,8.5814,Dummy,-3.254,22.895,-2.978,14.79,PI-SIDIS,0.44,4.4,0.52,2.0,90.993,50.966,91.024,50.983,91.542,51.273,270.935,151.753,91.562,51.284,1.0,0.9966,0.9875,0.9832,-1.0,-1.0,-1.0,-1.0,-1.0,1.0,1.0,0.999968,683.0,655.154,26.1752,7.32058,0.292478,51.3541,0.477701,1.000,IN,44812.06926,44732.94474,0.952258,1125537.0,22971005.0
27984,8.5814,Dummy,-3.254,22.895,-2.978,14.79,PI-SIDIS,0.44,4.4,0.52,2.0,80.237,48.364,80.188,48.335,80.848,48.733,242.862,146.389,80.772,48.687,0.9994,0.9945,0.9951,0.9798,-1.0,-1.0,-1.0,-1.0,-1.0,1.0,1.0,0.999968,602.0,579.0,24.5717,7.37382,0.312932,51.3102,0.413798,1.000,IN,39419.11994,39348.98506,0.956076,992869.0,20252624.0
27985,8.5814,Dummy,-3.254,22.895,-2.978,14.79,PI-SIDIS,0.44,4.4,0.52,2.0,88.156,50.646,88.101,50.615,88.491,50.839,262.173,150.62,88.285,50.72,1.0,0.9951,0.9857,0.9818,-1.0,-1.0,-1.0,-1.0,-1.0,1.0,1.0,0.999968,656.0,629.692,25.652,7.27989,0.296563,51.3728,0.479876,1.000,IN,43328.44362,43249.09238,0.949737,1090352.0,22245836.0
27986,8.5814,Dummy,-3.254,22.895,-2.978,14.79,PI-SIDIS,0.44,4.4,0.52,2.0,75.507,50.715,75.503,50.713,75.438,50.669,224.768,150.968,75.29,50.569,0.9997,0.9956,0.9813,0.9822,-1.0,-1.0,-1.0,-1.0,-1.0,1.0,1.0,0.999968,569.0,547.077,23.889,7.37929,0.322229,51.3883,0.467064,1.000,IN,37122.14743,37055.31057,0.952954,934557.0,19057692.0
27987,8.5814,LD2,-3.254,22.895,-2.978,14.79,PI-SIDIS,0.44,4.4,0.52,2.0,113.104,68.576,113.212,68.642,113.528,68.833,245.64,148.934,109.342,66.295,0.9996,0.9934,0.9853,0.9821,-1.0,-1.0,-1.0,-1.0,-1.0,1.0,0.99989,0.999692,7102.0,5407.0,85.0434,48.6552,0.765267,51.3083,0.497034,1.014,IN,55672.05385,55568.01515,0.91506,7363098.0,152103446.0
27988,8.5814,LD2,-3.254,22.895,-2.978,14.79,PI-SIDIS,0.44,4.4,0.52,2.0,106.791,66.905,106.911,66.98,107.732,67.494,235.628,147.622,103.251,64.687,0.9996,0.9936,0.985,0.982,-1.0,-1.0,-1.0,-1.0,-1.0,1.0,0.99989,0.999695,6889.0,5295.69,83.7351,50.4672,0.797984,51.3017,0.483275,1.013,IN,52569.69616,52470.15784,0.914814,6956608.0,143623740.0
27989,8.5814,LD2,-3.254,22.895,-2.978,14.79,PI-SIDIS,0.44,4.4,0.52,2.0,100.434,65.935,100.448,65.945,100.952,66.276,223.141,146.494,97.033,63.703,0.9995,0.9941,0.9866,0.982,-1.0,-1.0,-1.0,-1.0,-1.0,1.0,0.99985,0.999696,6200.0,4707.15,79.4659,47.7516,0.80614,51.3352,0.471258,1.013,IN,49372.05901,49285.10599,0.915454,6540109.0,134779992.0
27990,8.5814,LD2,-3.254,22.895,-2.978,14.79,PI-SIDIS,0.44,4.4,0.52,2.0,29.337,72.123,29.33,72.104,29.402,72.283,61.914,152.21,28.201,69.33,0.9996,0.9935,0.9869,0.9827,-1.0,-1.0,-1.0,-1.0,-1.0,1.0,0.99989,0.999687,1926.0,1475.46,44.2793,51.2172,1.53705,51.3233,0.488505,1.014,IN,14319.28926,14292.35874,0.914727,1911335.0,39331475.0
27992,8.5814,LD2,-3.254,22.895,-2.978,14.79,PI-SIDIS,0.44,4.4,0.52,2.0,98.151,63.915,98.241,63.974,99.11,64.54,219.917,143.209,96.167,62.623,0.9995,0.9935,0.9859,0.9822,-1.0,-1.0,-1.0,-1.0,-1.0,1.0,0.99984,0.9997,6262.0,4808.54,79.8361,49.866,0.827925,51.2751,0.489335,1.013,IN,48294.28398,48190.96102,0.916046,6392428.0,132138504.0
27993,8.5814,LD2,-3.254,22.895,-2.978,14.79,PI-SIDIS,0.44,4.4,0.52,2.0,117.748,69.381,117.893,69.466,118.65,69.912,256.197,150.959,115.206,67.883,0.9996,0.9933,0.9849,0.9823,-1.0,-1.0,-1.0,-1.0,-1.0,1.0,0.99987,0.999695,7507.0,5757.38,87.4162,49.7423,0.755252,51.315,0.488446,1.014,IN,57988.35715,57874.38985,0.915038,7673055.0,158239983.0
27994,8.5814,LD2,-3.254,22.895,-2.978,14.79,PI-SIDIS,0.44,4.4,0.52,2.0,104.828,66.55,104.92,66.609,105.145,66.752,233.231,148.067,102.591,65.13,0.9996,0.994,0.9852,0.9819,-1.0,-1.0,-1.0,-1.0,-1.0,1.0,0.99986,0.999698,6773.0,5247.38,83.0082,50.9629,0.80618,51.3315,0.489301,1.013,IN,51584.77365,51486.09835,0.915685,6827153.0,140609535.0
27995,8.5814,LD2,-3.254,19.185,-2.978,14.79,HMSDIS,0.31,3.1,0.52,3.8,47574.562,68.864,47628.338,68.942,47649.995,68.973,100748.079,145.832,43693.094,63.245,0.9993,0.9953,-999,-999,-1.0,-1.0,-1.0,9.0,-1.0,-1.0,0.99888,0.967983,-999,-999,-999,138.594,0.161978,-999,-999,1.014,IN,-999,-999,-999,10261926.0,63940878.0
27996,8.5814,LD2,-3.254,19.185,-2.978,14.79,HMSDIS,0.31,3.1,0.52,3.8,34018.744,55.785,34059.65,55.852,34036.599,55.815,92900.228,152.342,34002.023,55.758,0.9994,0.9956,-999,-999,-1.0,-1.0,-1.0,5.0,-1.0,-1.0,0.99831,0.975785,-999,-999,-999,139.406,0.14322,-999,-999,1.011,IN,-999,-999,-999,7373642.0,45600999.0
27997,8.5814,LD2,-3.254,19.185,-2.978,14.79,HMSDIS,0.31,3.1,0.52,3.8,15785.728,34.55,15776.642,34.53,15756.85,34.486,68021.911,148.876,15768.2,34.511,0.9995,0.996,-999,-999,-1.0,-1.0,-1.0,5.0,-1.0,-1.0,0.99888,0.984784,-999,-999,-999,139.792,0.210655,-999,-999,1.007,IN,-999,-999,-999,3422472.0,21032515.0
27998,8.5814,LD2,-3.254,19.185,-2.978,14.79,HMSDIS,0.31,3.1,0.52,3.8,9839.628,14.937,9833.634,14.928,9904.301,15.035,55994.328,85.003,9917.061,15.055,0.9996,0.9959,-999,-999,-1.0,-1.0,-1.0,5.0,-1.0,-1.0,0.99973,0.993454,-999,-999,-999,141.502,0.268321,-999,-999,1.003,OUT,-999,-999,-999,2167489.0,13136242.0
27999,8.5814,LD2,-3.254,19.185,-2.978,14.79,HMSDIS,0.31,3.1,0.52,3.8,6111.417,9.888,6112.193,9.889,6208.67,10.045,35200.556,56.951,6209.48,10.046,0.9996,0.9956,-999,-999,-1.0,-1.0,-1.0,5.0,-1.0,-1.0,0.99985,0.995639,-999,-999,-999,143.239,0.342402,-999,-999,1.002,OUT,-999,-999,-999,1360117.0,8213765.0
28000,8.5814,LH2,-3.254,19.185,-2.978,14.79,HMSDIS,0.31,3.1,0.52,3.8,37665.5,69.769,37648.833,69.738,38025.887,70.436,79405.311,147.084,34587.919,64.068,0.9995,0.9939,-999,-999,-1.0,-1.0,-1.0,5.0,-1.0,-1.0,0.99886,0.986545,-999,-999,-999,74.7304,0.0997042,-999,-999,1.024,OUT,-999,-999,-999,4363516.0,23977326.0
28001,8.5814,LH2,-3.254,19.185,-2.978,14.79,HMSDIS,0.31,3.1,0.52,3.8,28290.168,52.569,28284.739,52.559,28569.843,53.089,79024.208,146.843,28541.366,53.036,0.9996,0.9941,-999,-999,-1.0,-1.0,-1.0,5.0,-1.0,-1.0,0.99933,0.989991,-999,-999,-999,75.2848,0.115424,-999,-999,1.018,OUT,-999,-999,-999,3298654.0,18079265.0
28002,8.5814,LH2,-3.254,19.185,-2.978,14.79,HMSDIS,0.31,3.1,0.52,3.8,19677.705,34.047,19645.604,33.992,19750.189,34.173,84911.42,146.918,19706.296,34.097,0.9996,0.9948,-999,-999,-1.0,-1.0,-1.0,5.0,-1.0,-1.0,0.9997,0.993577,-999,-999,-999,75.8301,0.138971,-999,-999,1.012,OUT,-999,-999,-999,2304155.0,12531332.0
28003,8.5814,LH2,-3.254,19.185,-2.978,14.79,HMSDIS,0.31,3.1,0.52,3.8,7925.704,15.061,7919.612,15.05,7983.49,15.171,45113.03,85.729,7966.705,15.139,0.9997,0.9943,-999,-999,-1.0,-1.0,-1.0,1.0,-1.0,-1.0,0.99745,0.997216,-999,-999,-999,76.5425,0.0984507,-999,-999,1.005,OUT,-999,-999,-999,943607.0,5079260.0
28004,8.5814,LH2,-3.254,19.185,-2.978,14.79,HMSDIS,0.31,3.1,0.52,3.8,5429.816,9.894,5433.881,9.902,5498.354,10.019,31166.041,56.791,5480.538,9.987,0.9997,0.9946,-999,-999,-1.0,-1.0,-1.0,1.0,-1.0,-1.0,0.99863,0.998134,-999,-999,-999,77.5266,0.119546,-999,-999,1.003,OUT,-999,-999,-999,655454.0,3509419.0
28005,8.5814,Dummy,-3.254,19.185,-2.978,14.79,HMSDIS,0.31,3.1,0.52,3.8,25560.674,35.519,25545.166,35.497,25537.288,35.486,99409.816,138.138,25505.594,35.442,0.9996,0.9951,-999,-999,-1.0,-1.0,-1.0,1.0,-1.0,-1.0,0.99768,0.99752,-999,-999,-999,27.3974,0.0327938,-999,-999,1.000,OUT,-999,-999,-999,1089519.0,6431321.0
28006,8.5814,C,-3.254,19.185,-2.978,14.79,HMSDIS,0.31,3.1,0.52,3.8,29954.273,50.734,29968.22,50.758,30068.636,50.928,89944.325,152.341,30102.391,50.985,0.9995,0.996,-999,-999,-1.0,-1.0,-1.0,3.0,-1.0,-1.0,0.99827,0.987543,-999,-999,-999,91.9962,0.0960727,-999,-999,1.000,OUT,-999,-999,-999,4271735.0,24946711.0
28007,8.5814,C,-3.254,19.185,-2.978,14.79,HMSDIS,0.31,3.1,0.52,3.8,19944.065,35.536,19933.555,35.517,20008.26,35.65,85498.759,152.341,20028.815,35.687,0.9996,0.9959,-999,-999,-1.0,-1.0,-1.0,3.0,-1.0,-1.0,0.99896,0.99135,-999,-999,-999,91.9169,0.117701,-999,-999,1.000,OUT,-999,-999,-999,2839786.0,16494361.0
28008,8.5814,C,-3.254,19.185,-2.978,14.79,HMSDIS,0.31,3.1,0.52,3.8,13151.579,15.09,13155.142,15.094,13300.264,15.261,75176.718,86.257,13309.037,15.271,0.9996,0.9959,-999,-999,-1.0,-1.0,-1.0,3.0,-1.0,-1.0,0.99966,0.996312,-999,-999,-999,92.8316,0.145553,-999,-999,1.000,OUT,-999,-999,-999,1899741.0,10893298.0
28010,8.5814,C,-3.254,19.185,-2.978,14.79,HMSDIS,0.31,3.1,0.52,3.8,9024.339,9.925,9027.794,9.929,9138.296,10.05,51815.523,56.986,9130.948,10.042,0.9996,0.996,-999,-999,-1.0,-1.0,-1.0,1.0,-1.0,-1.0,0.99795,0.997531,-999,-999,-999,93.7019,0.102004,-999,-999,1.000,OUT,-999,-999,-999,1317884.0,7540205.0
28012,8.5814,C,-3.254,19.185,-2.978,14.79,HMSDIS,0.31,3.1,0.52,3.8,6170.722,4.854,6205.263,4.882,6407.168,5.04,36644.389,28.827,6396.258,5.032,0.9997,0.996,-999,-999,-1.0,-1.0,-1.0,1.0,-1.0,-1.0,0.99912,0.998767,-999,-999,-999,96.0422,0.124482,-999,-999,1.000,OUT,-999,-999,-999,934174.0,5290679.0
28014,8.5814,Cu,-3.254,19.185,-2.978,14.79,HMSDIS,0.31,3.1,0.52,3.8,47415.905,71.042,47458.932,71.106,47925.993,71.806,98686.386,147.859,43523.205,65.21,0.9994,0.9963,-999,-999,-1.0,-1.0,-1.0,5.0,-1.0,-1.0,0.9988,0.982278,-999,-999,-999,73.3127,0.0879641,-999,-999,1.000,OUT,-999,-999,-999,5428004.0,35570775.0
28015,8.5814,Cu,-3.254,19.185,-2.978,14.79,HMSDIS,0.31,3.1,0.52,3.8,41654.846,55.765,41706.195,55.834,42077.943,56.332,113789.781,152.335,42011.958,56.243,0.9995,0.9966,-999,-999,-1.0,-1.0,-1.0,3.0,-1.0,-1.0,0.99836,0.986906,-999,-999,-999,73.4451,0.0727623,-999,-999,1.000,OUT,-999,-999,-999,4769276.0,31112882.0
28016,8.5814,Cu,-3.254,19.185,-2.978,14.79,HMSDIS,0.31,3.1,0.52,3.8,30621.354,35.412,30608.642,35.397,30696.663,35.499,131731.0,152.339,30620.171,35.41,0.9995,0.9965,-999,-999,-1.0,-1.0,-1.0,2.0,-1.0,-1.0,0.99841,0.991791,-999,-999,-999,73.3525,0.0693033,-999,-999,1.000,OUT,-999,-999,-999,3499902.0,22662180.0
28018,8.5814,Cu,-3.254,19.185,-2.978,14.79,HMSDIS,0.31,3.1,0.52,3.8,13090.672,14.979,13082.101,14.97,13147.035,15.044,74287.97,85.006,13110.702,15.002,0.9997,0.9965,-999,-999,-1.0,-1.0,-1.0,1.0,-1.0,-1.0,0.99674,0.996521,-999,-999,-999,74.2661,0.0754799,-999,-999,1.000,OUT,-999,-999,-999,1518104.0,9686799.0
28019,8.5814,Cu,-3.254,19.185,-2.978,14.79,HMSDIS,0.31,3.1,0.52,3.8,8768.109,9.97,8769.028,9.971,8839.423,10.051,50113.489,56.984,8809.555,10.017,0.9997,0.9966,-999,-999,-1.0,-1.0,-1.0,1.0,-1.0,-1.0,0.99835,0.99767,-999,-999,-999,75.0002,0.0925718,-999,-999,1.000,OUT,-999,-999,-999,1030118.0,6535551.0
28020,8.5814,Cu,-3.254,19.185,-2.978,14.79,HMSDIS,0.31,3.1,0.52,3.8,9385.254,4.846,9426.788,4.868,9692.142,5.005,55448.611,28.631,9673.072,4.995,0.9997,0.9968,-999,-999,-1.0,-1.0,-1.0,1.0,-1.0,-1.0,0.99925,0.998832,-999,-999,-999,77.1228,0.0904979,-999,-999,1.000,OUT,-999,-999,-999,1147387.0,7188605.0
28021,8.5814,LD2,3.254,22.885,-2.978,14.79,PI-SIDIS,0.44,4.4,0.52,2.0,138.126,65.275,138.286,65.35,138.795,65.591,310.536,146.751,135.282,63.931,0.9912,0.9974,0.9837,0.9782,-1.0,-1.0,-1.0,-1.0,-1.0,1.0,0.99995,0.9997,4.0,1.69231,2.0439,0.0126222,0.0152445,51.25,0.5,1.013,OUT,68184.60234,67735.50166,0.909687,179847.0,185711740.0
28022,8.5814,Dummy,3.254,22.885,-2.978,14.79,PI-SIDIS,0.44,4.4,0.52,2.0,115.686,49.847,115.596,49.808,116.488,50.193,349.418,150.558,116.615,50.247,0.9375,0.9973,0.9863,0.9674,-1.0,-1.0,-1.0,-1.0,-1.0,1.0,1.0,0.999968,0.0,-0.0769231,0.0769231,-0.00073373,0.00073373,51.25,0.5,1.000,OUT,57025.05444,56647.27356,0.950577,51344.0,29147126.0
28023,8.5814,LH2,3.254,22.885,-2.978,14.79,PI-SIDIS,0.44,4.4,0.52,2.0,110.553,68.813,110.585,68.833,111.187,69.207,241.916,150.578,107.979,67.21,0.9802,0.9976,0.9856,0.9783,-1.0,-1.0,-1.0,-1.0,-1.0,1.0,0.99993,0.999872,2.0,1.61538,1.42464,0.0152344,0.0134354,51.25,0.5,1.024,OUT,54515.3294,54154.3276,0.932072,77024.0,70450604.0
28024,8.5814,LH2,3.254,22.885,-2.978,14.79,PI-SIDIS,0.44,4.4,0.52,2.0,102.9,69.231,102.994,69.295,103.302,69.502,223.936,150.664,100.504,67.619,1.0,0.9969,0.9899,0.9761,-1.0,-1.0,-1.0,-1.0,-1.0,1.0,0.99998,0.999871,1.0,0.615385,1.01469,0.00612141,0.0100934,51.25,0.5,1.024,OUT,50763.74992,50432.31408,0.931629,70889.0,65562609.0
28025,8.5814,LH2,3.254,22.885,-3.837,14.79,PI-SIDIS,0.44,4.4,0.67,2.0,121.372,69.571,121.406,69.591,122.524,70.232,263.302,150.927,118.475,67.911,0.9896,0.9981,0.988,0.9707,-1.0,-1.0,-1.0,-1.0,-1.0,1.0,1.0,0.999944,2.0,1.84615,1.41839,0.0158301,0.0121622,51.25,0.5,1.024,OUT,59854.84764,59458.92136,0.951135,83692.0,73113839.0
28026,8.5814,LH2,3.254,22.885,-3.837,14.79,PI-SIDIS,0.44,4.4,0.67,2.0,104.569,64.104,104.525,64.077,105.083,64.419,238.407,146.15,102.142,62.616,0.9848,0.9974,0.9883,0.9694,-1.0,-1.0,-1.0,-1.0,-1.0,1.0,0.99998,0.999945,0.0,0.0,0.0,0.0,0.0,51.25,0.5,1.022,OUT,51503.15402,51163.90898,0.950688,73224.0,62939813.0
28027,8.5814,LH2,3.254,22.885,3.837,14.79,PI+SIDIS,0.44,4.4,0.67,2.0,176.039,68.379,176.206,68.444,177.598,68.985,385.596,149.779,172.05,66.83,0.9775,0.9976,0.9847,0.9773,-1.0,-1.0,-1.0,-1.0,-1.0,1.0,1.0,0.999908,1.0,0.769231,1.00884,0.00456974,0.00599316,51.25,0.5,1.024,OUT,86948.63099,86377.07301,0.916791,121294.0,30635966.0
28028,8.5814,LH2,3.254,22.885,2.978,14.79,PI+SIDIS,0.44,4.4,0.52,2.0,172.658,69.05,172.762,69.092,173.672,69.456,377.014,150.777,168.77,67.495,0.9905,0.9975,0.9812,0.9736,-1.0,-1.0,-1.0,-1.0,-1.0,1.0,0.99996,0.999716,1.0,0.307692,1.02628,0.00184694,0.0061603,51.25,0.5,1.024,OUT,85238.63458,84681.67642,0.911782,119319.0,50418149.0
28029,8.5814,LH2,3.254,22.885,2.978,14.79,HMSDIS,0.44,4.4,0.52,2.0,58387.74,69.625,58364.485,69.598,58452.286,69.702,126720.573,151.11,56959.463,67.922,0.9898,0.9972,-999,-999,-1.0,-1.0,-1.0,1.0,-1.0,-1.0,0.99882,0.971459,-999,-999,-999,0.0252681,0.000661751,-999,-999,1.024,OUT,-999,-999,-999,40335.0,16961666.0
28030,8.5814,Dummy,3.254,22.885,2.978,14.79,PI+SIDIS,0.44,4.4,0.52,2.0,85.737,49.929,85.686,49.899,86.159,50.175,258.978,150.817,86.342,50.282,1.0,0.9975,0.9852,0.9734,-1.0,-1.0,-1.0,-1.0,-1.0,1.0,1.0,0.999938,0.0,-0.0769231,0.0769231,-0.000922264,0.000922264,51.25,0.5,1.000,OUT,42245.25639,41971.11861,0.937872,37692.0,6322888.0
28031,8.5814,Dummy,3.254,22.885,2.978,14.79,HMSDIS,0.44,4.4,0.52,2.0,44331.812,49.969,44336.169,49.974,44710.462,50.396,134215.637,151.283,44742.652,50.432,0.9826,0.9973,-999,-999,-1.0,-1.0,-1.0,1.0,-1.0,-1.0,0.99971,0.993795,-999,-999,-999,0.0119397,0.00052359,-999,-999,1.000,OUT,-999,-999,-999,19334.0,3286709.0
28032,8.5814,C,3.254,22.885,2.978,14.79,PI+SIDIS,0.44,4.4,0.52,2.0,138.739,50.774,138.819,50.803,139.089,50.902,416.266,152.34,138.968,50.858,0.9889,0.9972,0.9785,0.9747,-1.0,-1.0,-1.0,-1.0,-1.0,1.0,0.99994,0.999753,3.0,1.15385,1.77257,0.00862384,0.0132482,51.25,0.5,1.000,OUT,68500.33078,68056.95822,0.916573,156441.0,44334429.0
28033,8.5814,C,3.254,22.885,2.978,14.79,HMSDIS,0.44,4.4,0.52,2.0,45382.87,50.66,45410.274,50.691,45343.778,50.617,136472.868,152.343,45320.304,50.59,0.9898,0.997,-999,-999,-1.0,-1.0,-1.0,1.0,-1.0,-1.0,0.99839,0.975376,-999,-999,-999,0.0553763,0.00111086,-999,-999,1.000,OUT,-999,-999,-999,51647.0,14431281.0
28034,8.5814,Cu,3.254,22.885,2.978,14.79,PI+SIDIS,0.44,4.4,0.52,2.0,109.939,60.931,109.922,60.922,110.543,61.266,274.869,152.34,110.792,61.404,0.9891,0.9968,0.9786,0.9717,-1.0,-1.0,-1.0,-1.0,-1.0,1.0,1.0,0.999699,7.0,3.76923,2.69231,0.0356776,0.025484,51.25,0.5,1.000,-999,54241.76651,53892.95149,0.905945,157907.0,34186086.0
28035,8.5814,Cu,3.254,22.885,2.978,14.79,PI+SIDIS,0.44,4.4,0.52,2.0,42.3,60.734,42.289,60.719,42.73,61.352,105.944,152.113,42.804,61.458,0.995,0.9964,0.978,0.9698,-1.0,-1.0,-1.0,-1.0,-1.0,1.0,0.99994,0.9997,3.0,2.15385,1.75074,0.0527844,0.0429055,51.25,0.5,1.000,OUT,20781.64983,20647.15317,0.906844,60680.0,13158292.0
28036,8.5814,Cu,3.254,22.885,2.978,14.79,PI+SIDIS,0.44,4.4,0.52,2.0,74.897,60.862,74.945,60.901,75.189,61.099,187.471,152.34,75.129,61.05,0.9943,0.9966,0.9791,0.9719,-1.0,-1.0,-1.0,-1.0,-1.0,1.0,0.99993,0.999698,1.0,-0.692308,1.0631,-0.00955976,0.0146798,51.25,0.5,1.000,OUT,36917.1079,36677.2901,0.904256,107999.0,23329189.0
28037,8.5814,Cu,3.254,22.885,2.978,14.79,HMSDIS,0.44,4.4,0.52,2.0,41519.01,59.121,41560.066,59.179,41599.019,59.235,105321.234,149.972,41564.785,59.186,0.9898,0.9965,-999,-999,-1.0,-1.0,-1.0,1.0,-1.0,-1.0,0.99559,0.970123,-999,-999,-999,0.100965,0.00157013,-999,-999,1.000,OUT,-999,-999,-999,60136.0,12841011.0
28038,8.5814,Al,3.254,22.885,2.978,14.79,HMSDIS,0.44,4.4,0.52,2.0,40672.72,45.766,40651.199,45.742,40837.426,45.951,127839.877,143.849,40728.706,45.829,0.9866,0.9978,-999,-999,-1.0,-1.0,-1.0,1.0,-1.0,-1.0,0.99965,0.994071,-999,-999,-999,0.0146662,0.000604822,-999,-999,1.000,OUT,-999,-999,-999,19469.0,2954365.0
28039,8.5814,LD2,3.254,22.885,2.978,14.79,PI+SIDIS,0.44,4.4,0.52,2.0,103.334,46.981,103.197,46.919,104.253,47.399,320.026,145.501,103.746,47.169,0.9923,0.9973,0.977,0.9718,-1.0,-1.0,-1.0,-1.0,-1.0,1.0,0.99995,0.999602,1.0,-0.846154,1.06865,-0.00850327,0.0107392,51.25,0.5,1.009,OUT,50910.86931,50569.64969,0.906851,134747.0,60594055.0
28040,8.5814,LD2,3.254,22.885,2.978,14.79,HMSDIS,0.44,4.4,0.52,2.0,44432.131,47.586,44378.864,47.529,44519.157,47.679,136958.34,146.679,44261.964,47.404,0.9872,0.9976,-999,-999,-1.0,-1.0,-1.0,1.0,-1.0,-1.0,0.99804,0.960029,-999,-999,-999,0.0518924,0.0010894,-999,-999,1.010,OUT,-999,-999,-999,57927.0,25844751.0
28042,8.5814,LD2,3.254,19.185,2.806,12.99,PI+SIDIS,0.31,3.1,0.5,2.0,6.74,25.257,6.729,25.218,6.775,25.391,36.405,136.431,6.742,25.267,0.9921,0.9978,0.9788,0.9753,-1.0,-1.0,-1.0,-1.0,-1.0,1.0,0.9999,0.999574,4.0,3.07692,2.01767,0.472623,0.309919,51.25,0.5,1.005,OUT,3269.26563,3246.76937,0.90072,52127.0,6358923.0
28043,8.5814,LD2,3.254,19.185,2.806,12.99,PI+SIDIS,0.31,3.1,0.5,2.0,15.943,27.998,15.924,27.964,15.939,27.99,85.527,150.194,15.857,27.847,0.9984,0.9979,0.9763,0.977,-1.0,-1.0,-1.0,-1.0,-1.0,1.0,0.99988,0.99956,6.0,2.69231,2.50089,0.173351,0.161026,51.25,0.5,1.006,OUT,7812.80071,7757.99829,0.89961,122976.0,15002282.0
28045,8.5814,LD2,3.254,19.185,2.806,12.99,HMSDIS,0.31,3.1,0.5,2.0,31464.528,26.593,31441.064,26.574,31462.878,26.592,169101.232,142.922,31310.863,26.464,0.9926,0.9979,-999,-999,-1.0,-1.0,-1.0,1.0,-1.0,-1.0,0.91134,0.956659,-999,-999,-999,0.392739,0.00371601,-999,-999,1.005,OUT,-999,-999,-999,242714.0,29428334.0
28048,8.5814,Dummy,3.254,19.185,2.806,12.99,PI+SIDIS,0.31,3.1,0.5,2.0,48.484,47.623,48.509,47.648,48.844,47.977,149.454,146.801,48.787,47.921,1.0,0.9974,0.9917,0.9767,-1.0,-1.0,-1.0,-1.0,-1.0,1.0,1.0,0.999887,2.0,1.76923,1.42048,0.0373423,0.0299813,51.25,0.5,1.000,OUT,23977.86947,23811.08853,0.926569,71011.0,5499875.0
28049,8.5814,Dummy,3.254,19.185,2.806,12.99,HMSDIS,0.31,3.1,0.5,2.0,35890.457,45.607,35910.498,45.632,36242.94,46.055,112326.562,142.736,36197.535,45.997,0.9909,0.9982,-999,-999,-1.0,-1.0,-1.0,1.0,-1.0,-1.0,0.99863,0.988902,-999,-999,-999,0.0687494,0.00139094,-999,-999,1.000,OUT,-999,-999,-999,52549.0,4071276.0
28050,8.5814,LH2,3.254,19.185,2.806,12.99,PI+SIDIS,0.31,3.1,0.5,2.0,24.985,44.398,24.979,44.387,25.241,44.853,79.079,140.523,25.147,44.685,0.9905,0.9979,0.9781,0.9769,-1.0,-1.0,-1.0,-1.0,-1.0,1.0,0.9999,0.99962,4.0,2.0,2.0381,0.0827552,0.0843317,51.25,0.5,1.015,OUT,12346.69043,12259.82657,0.903885,96850.0,11856353.0
28051,8.5814,LH2,3.254,19.185,2.806,12.99,PI+SIDIS,0.31,3.1,0.5,2.0,60.262,50.175,60.252,50.166,60.548,50.413,181.734,151.314,60.456,50.337,0.9933,0.998,0.9767,0.9768,-1.0,-1.0,-1.0,-1.0,-1.0,1.0,0.99987,0.999605,6.0,0.692308,2.53146,0.0118441,0.0433084,51.25,0.5,1.017,OUT,29676.4779,29479.6101,0.900044,232422.0,28513240.0
28052,8.5814,LH2,3.254,19.185,2.806,12.99,HMSDIS,0.31,3.1,0.5,2.0,35833.787,43.438,35838.431,43.444,36123.267,43.789,113258.943,137.294,36074.929,43.731,0.9932,0.998,-999,-999,-1.0,-1.0,-1.0,2.0,-1.0,-1.0,0.99897,0.962055,-999,-999,-999,0.188087,0.00325257,-999,-999,1.015,OUT,-999,-999,-999,138551.0,16865046.0
28053,8.5814,LH2,3.254,19.185,-2.806,12.99,PI-SIDIS,0.31,3.1,0.5,2.0,98.65,48.205,98.635,48.197,99.117,48.433,275.047,134.4,98.86,48.307,0.9965,0.9981,0.9872,0.9818,-1.0,-1.0,-1.0,-1.0,-1.0,1.0,0.9999,0.999772,21.0,14.9231,4.6333,0.154658,0.048018,51.25,0.5,1.016,OUT,48632.85362,48304.08038,0.913227,382484.0,106681213.0
28054,8.5814,Dummy,3.254,19.185,-2.806,12.99,PI-SIDIS,0.31,3.1,0.5,2.0,17.134,42.039,17.122,42.009,17.258,42.344,54.727,134.275,17.244,42.309,1.0,0.9976,0.9891,0.9782,-1.0,-1.0,-1.0,-1.0,-1.0,1.0,1.0,0.999938,0.0,-0.153846,0.108786,-0.00918554,0.00649515,51.25,0.5,1.000,OUT,8361.22941,8307.30659,0.938615,25452.0,7225266.0
28055,8.5814,Dummy,3.254,19.185,-2.806,12.99,PI-SIDIS,0.31,3.1,0.5,2.0,41.161,45.928,41.188,45.958,41.343,46.131,128.459,143.337,41.195,45.966,1.0,0.9972,0.9903,0.9819,-1.0,-1.0,-1.0,-1.0,-1.0,1.0,1.0,0.999937,3.0,3.0,1.73205,0.0741794,0.0428275,51.25,0.5,1.000,OUT,20251.50137,20114.30863,0.936715,60293.0,17424894.0
28056,8.5814,Dummy,3.254,16.13,-2.766,8.41,PI-SIDIS,0.22,2.2,0.5,-1.0,58.817,48.684,58.81,48.678,58.91,48.761,179.902,148.908,58.787,48.659,0.9939,0.9982,0.9845,0.9811,-1.0,-1.0,-1.0,-1.0,-1.0,1.0,0.99989,0.999672,17.0,9.30769,4.19425,0.162324,0.0731468,51.25,0.5,1.000,OUT,28965.67288,28774.11012,0.914011,221369.0,132477379.0
28057,8.5814,LH2,3.254,16.13,-2.766,8.41,PI-SIDIS,0.22,2.2,0.5,-1.0,28.48,25.21,28.425,25.161,28.604,25.32,160.752,142.296,28.573,25.292,0.9927,0.9985,0.9833,0.9778,-1.0,-1.0,-1.0,-1.0,-1.0,1.0,0.99969,0.999553,31.0,13.7692,5.68555,0.499202,0.206129,51.25,0.5,1.009,OUT,13994.67001,13899.88599,0.904275,351958.0,163665627.0
28058,8.5814,LH2,3.254,16.13,-2.766,11.41,PI-SIDIS,0.22,2.2,0.5,2.0,119.183,56.353,119.213,56.367,120.551,57.0,309.087,146.146,120.247,56.857,0.9934,0.9979,0.9843,0.98,-1.0,-1.0,-1.0,-1.0,-1.0,1.0,0.99929,0.999599,106.0,43.6154,10.5261,0.376073,0.0907612,51.25,0.5,1.019,OUT,58793.70574,58399.72826,0.899945,1474712.0,219827388.0
28059,8.5814,Dummy,3.254,16.13,-2.766,11.41,PI-SIDIS,0.22,2.2,0.5,2.0,46.086,44.719,46.11,44.742,46.303,44.929,145.592,141.272,46.115,44.747,0.9889,0.9984,0.988,0.9842,-1.0,-1.0,-1.0,-1.0,-1.0,1.0,0.99996,0.999894,11.0,8.61538,3.34416,0.191981,0.0745198,51.25,0.5,1.000,OUT,22684.89878,22540.12222,0.931281,175069.0,32487266.0
28060,8.5814,Dummy,3.254,16.13,2.766,11.41,PI+SIDIS,0.22,2.2,0.5,2.0,32.135,50.731,32.141,50.74,32.252,50.916,96.502,152.346,32.203,50.839,0.9836,0.9983,0.9791,0.9807,-1.0,-1.0,-1.0,-1.0,-1.0,1.0,0.99994,0.999827,5.0,3.23077,2.2663,0.104212,0.0731021,51.25,0.5,1.000,OUT,15790.37164,15687.26736,0.920632,121046.0,5871409.0
28061,8.5814,Dummy,3.254,16.13,2.766,11.41,HMSDIS,0.22,2.2,0.5,2.0,25971.08,49.843,25962.065,49.826,26117.893,50.125,78294.172,150.26,26089.781,50.071,0.9933,0.9982,-999,-999,-1.0,-1.0,-1.0,2.0,-1.0,-1.0,0.99874,0.982727,-999,-999,-999,0.284755,0.00470236,-999,-999,1.000,OUT,-999,-999,-999,98429.0,4808185.0
28062,8.5814,LH2,3.254,16.13,2.766,11.41,PI+SIDIS,0.22,2.2,0.5,2.0,33.453,29.421,33.388,29.364,33.676,29.617,167.713,147.499,33.584,29.536,0.995,0.9982,0.9823,0.9791,-1.0,-1.0,-1.0,-1.0,-1.0,1.0,0.99976,0.999645,28.0,13.0769,5.39888,0.402132,0.166023,51.25,0.5,1.010,OUT,16443.12274,16331.01326,0.907995,412346.0,25113657.0
28063,8.5814,LH2,3.254,16.13,2.766,11.41,HMSDIS,0.22,2.2,0.5,2.0,20643.102,28.128,20609.813,28.083,20750.431,28.274,103897.071,141.568,20664.899,28.158,0.9927,0.9983,-999,-999,-1.0,-1.0,-1.0,5.0,-1.0,-1.0,0.9992,0.964905,-999,-999,-999,0.87805,0.0146545,-999,-999,1.010,OUT,-999,-999,-999,255719.0,15438812.0
28064,8.5814,LH2,3.254,16.13,2.766,11.41,HMSDIS,0.22,2.2,0.5,2.0,24691.495,29.456,24659.766,29.418,24740.124,29.514,123701.597,147.573,24645.783,29.402,0.9933,0.9983,-999,-999,-1.0,-1.0,-1.0,5.0,-1.0,-1.0,0.99921,0.964392,-999,-999,-999,0.874155,0.0133634,-999,-999,1.010,OUT,-999,-999,-999,305953.0,18418225.0
28065,8.5814,LH2,3.254,16.13,2.766,8.405,PI+SIDIS,0.22,2.2,0.5,-1.0,29.371,19.041,29.363,19.036,29.442,19.087,166.061,107.655,29.338,19.019,0.9955,0.9984,0.9794,0.9781,-1.0,-1.0,-1.0,-1.0,-1.0,1.0,0.99978,0.999562,18.0,0.615385,4.39742,0.0215286,0.153839,51.25,0.5,1.006,OUT,14474.58064,14376.41736,0.903321,370777.0,55859733.0
28066,8.5814,Dummy,3.254,16.13,2.766,8.405,PI+SIDIS,0.22,2.2,0.5,-1.0,24.465,45.043,24.478,45.067,24.582,45.259,78.946,145.35,24.57,45.236,0.9961,0.998,0.977,0.979,-1.0,-1.0,-1.0,-1.0,-1.0,1.0,0.99982,0.999635,4.0,0.0769231,2.07407,0.00322308,0.0869038,51.25,0.5,1.000,OUT,12018.00421,11938.25179,0.906704,93141.0,13487390.0
28067,8.5814,Dummy,3.254,13.755,2.738,10.125,PI+SIDIS,0.16,1.6,0.5,2.0,20.589,38.285,20.604,38.312,20.795,38.668,69.517,129.263,20.764,38.61,0.9937,0.9981,0.9783,0.9807,-1.0,-1.0,-1.0,-1.0,-1.0,1.0,0.99984,0.999776,13.0,7.07692,3.66819,0.35251,0.182717,51.25,0.5,1.000,OUT,10075.78206,10009.69494,0.913817,169537.0,5627356.0
28068,8.5814,Dummy,3.254,13.755,2.738,10.125,HMSDIS,0.16,1.6,0.5,2.0,40870.79,45.823,40874.381,45.827,41311.53,46.317,127820.385,143.308,41189.092,46.18,0.9942,0.9982,-999,-999,-1.0,-1.0,-1.0,1.0,-1.0,-1.0,0.6176,0.976141,-999,-999,-999,0.914955,0.0060379,-999,-999,1.000,OUT,-999,-999,-999,333668.0,11255771.0
28069,8.5814,LH2,3.254,13.755,2.738,10.125,PI+SIDIS,0.16,1.6,0.5,2.0,38.323,23.466,38.265,23.43,38.674,23.681,217.943,133.45,38.416,23.523,0.9936,0.9982,0.9806,0.9792,-1.0,-1.0,-1.0,-1.0,-1.0,1.0,0.9994,0.9996,122.0,65.7692,11.2395,1.76766,0.302079,51.25,0.5,1.008,OUT,18862.25805,18735.46095,0.904387,1115292.0,42316722.0
28073,8.5814,LH2,3.254,13.755,2.738,10.125,HMSDIS,0.16,1.6,0.5,2.0,20322.021,24.803,20295.333,24.771,20351.597,24.84,114677.288,139.966,20230.551,24.692,0.9939,0.9982,-999,-999,-1.0,-1.0,-1.0,5.0,-1.0,-1.0,0.99907,0.959292,-999,-999,-999,2.70757,0.0259183,-999,-999,1.008,-999,-999,-999,-999,595162.0,22323243.0
28074,8.5814,LH2,3.254,13.755,2.738,10.125,HMSDIS,0.16,1.6,0.5,2.0,21033.539,24.653,21013.425,24.629,21070.837,24.696,118712.34,139.138,20966.516,24.574,0.9943,0.9982,-999,-999,-1.0,-1.0,-1.0,5.0,-1.0,-1.0,0.99831,0.959385,-999,-999,-999,2.73535,0.0256065,-999,-999,1.008,OUT,-999,-999,-999,614511.0,23091304.0
28076,8.5814,LH2,3.254,13.755,2.738,8.12,PI+SIDIS,0.16,1.6,0.5,0.0,27.098,18.106,27.067,18.085,27.37,18.287,154.448,103.195,27.27,18.22,0.9945,0.9984,0.9796,0.9789,-1.0,-1.0,-1.0,-1.0,-1.0,1.0,0.9995,0.999553,77.0,32.1538,8.96938,1.22086,0.340562,51.25,0.5,1.006,OUT,13342.69661,13253.94739,0.902639,790332.0,54983246.0
28077,8.5814,Dummy,3.254,13.755,2.738,8.12,PI+SIDIS,0.16,1.6,0.5,0.0,36.658,50.518,36.632,50.482,36.995,50.982,110.48,152.25,36.867,50.806,0.9941,0.9983,0.9804,0.9791,-1.0,-1.0,-1.0,-1.0,-1.0,1.0,0.99974,0.999576,36.0,17.2308,6.11913,0.483393,0.171667,51.25,0.5,1.000,OUT,18006.94898,17887.46302,0.905263,300088.0,22395736.0
28078,8.5814,Dummy,3.254,13.755,-2.738,8.12,PI-SIDIS,0.16,1.6,0.5,0.0,63.672,50.331,63.713,50.364,64.325,50.847,192.454,152.13,64.085,50.658,0.9938,0.9984,0.9852,0.9802,-1.0,-1.0,-1.0,-1.0,-1.0,1.0,0.99973,0.999628,50.0,18.1538,7.24222,0.292579,0.11672,51.25,0.5,1.000,OUT,31388.97965,31181.91335,0.912605,522948.0,161736607.0
28080,8.5814,LH2,3.254,13.755,-2.738,8.12,PI-SIDIS,0.16,1.6,0.5,0.0,32.99,21.817,32.989,21.816,33.318,22.033,187.815,124.205,33.157,21.927,0.9932,0.9985,0.9843,0.9802,-1.0,-1.0,-1.0,-1.0,-1.0,1.0,0.99937,0.999581,109.0,57.0,10.6301,1.77594,0.331201,51.25,0.5,1.007,OUT,16260.16574,16150.88226,0.905996,962304.0,212315490.0
28081,8.5814,LH2,3.254,13.755,-2.738,10.12,PI-SIDIS,0.16,1.6,0.5,2.0,50.404,41.794,50.353,41.752,50.752,42.083,181.194,150.241,50.55,41.915,0.9929,0.9981,0.9838,0.9805,-1.0,-1.0,-1.0,-1.0,-1.0,1.0,0.99844,0.999563,153.0,71.7692,12.6194,1.46635,0.257833,51.25,0.5,1.014,OUT,24801.67848,24635.93252,0.898258,1491296.0,146857280.0
28082,8.5814,Dummy,3.254,13.755,-2.738,10.12,PI-SIDIS,0.16,1.6,0.5,2.0,34.81,48.171,34.778,48.126,35.112,48.589,107.204,148.351,34.971,48.394,0.9953,0.9988,0.988,0.9846,-1.0,-1.0,-1.0,-1.0,-1.0,1.0,0.99988,0.999824,25.0,17.0,5.06116,0.498865,0.14852,51.25,0.5,1.000,OUT,17088.88999,16974.35601,0.924522,285438.0,38746545.0
28083,8.5814,LH2,2.28,42.005,-7.07,12.455,SHMSHEEP,-999,-999,-999,-999,109.118,65.706,109.287,65.807,109.378,65.862,247.817,149.223,107.229,64.568,1.0,0.999,0.9925,0.6482,-1.0,-1.0,-1.0,-1.0,1.0,-1.0,0.99977,0.999961,-999,-999,-999,-999,-999,-999,-999,1.023,OUT,4.9999999999999994e+75,-4.9999999999999994e+75,0.993977,17919.0,61521003.0
28084,8.5814,LH2,2.28,42.005,-7.07,12.455,SHMSHEEP,-999,-999,-999,-999,130.734,65.819,130.932,65.918,131.584,66.247,293.012,147.519,127.832,64.358,1.0,0.9989,0.9924,0.6645,-1.0,-1.0,-1.0,-1.0,1.0,-1.0,0.99974,0.99996,-999,-999,-999,-999,-999,-999,-999,1.023,OUT,4.9999999999999994e+75,-4.9999999999999994e+75,0.993993,21214.0,73640155.0
28085,8.5814,LH2,2.28,42.005,-7.07,12.455,SHMSHEE,-999,-999,-999,-999,61344.42,64.681,61389.589,64.729,61923.363,65.291,138432.852,145.962,59991.974,63.255,-999,-999,0.9914,0.5153,33.0,-1.0,-1.0,-1.0,-1.0,-1.0,0.99872,0.996064,-999,-999,-999,-16815.2,-30.1951,-999,-999,1.022,OUT,-999,-999,-999,10010.0,34514558.0
28086,8.5814,Dummy,2.28,42.005,-7.07,12.455,SHMSHEEP,-999,-999,-999,-999,85.529,49.514,85.483,49.487,86.378,50.005,259.077,149.983,85.986,49.778,0.0,0.9987,0.9919,0.5751,-1.0,-1.0,-1.0,-1.0,1.0,-1.0,0.99998,0.99999,-999,-999,-999,-999,-999,-999,-999,1.000,OUT,4.9999999999999994e+75,-4.9999999999999994e+75,0.98742,18263.0,16884591.0
28087,8.5814,Dummy,2.28,42.005,-7.07,12.455,SHMSHEE,-999,-999,-999,-999,23937.89,49.244,23929.602,49.227,24127.708,49.634,72680.167,149.513,24041.428,49.457,-999,-999,0.994,0.5335,33.0,-1.0,-1.0,-1.0,-1.0,-1.0,0.99934,0.999018,-999,-999,-999,-5648.81,-27.9946,-999,-999,1.000,OUT,-999,-999,-999,5137.0,4726935.0
28088,8.5814,Dummy,2.28,42.005,-7.07,12.455,SHMSHEE,-999,-999,-999,-999,38309.257,49.072,38308.525,49.071,38483.966,49.296,116722.265,149.515,38339.605,49.111,-999,-999,0.9936,0.5266,33.0,-1.0,-1.0,-1.0,-1.0,-1.0,0.99923,0.999011,-999,-999,-999,-5570.67,-21.9764,-999,-999,1.000,OUT,-999,-999,-999,8244.0,7564125.0
28089,8.5814,LD2,2.28,42.005,-7.07,12.455,SHMSHEE,-999,-999,-999,-999,38966.924,48.807,39008.997,48.86,39056.561,48.92,110005.797,137.786,38856.793,48.669,-999,-999,0.9904,0.539,33.0,-1.0,-1.0,-1.0,-1.0,-1.0,0.99813,0.994096,-999,-999,-999,-28497.8,-49.3373,-999,-999,1.010,OUT,-999,-999,-999,8741.0,38554184.0
28090,8.5814,LD2,2.28,42.005,-7.07,12.455,SHMSHEE,-999,-999,-999,-999,23407.297,29.263,23400.726,29.255,23396.679,29.25,117503.088,146.9,23305.18,29.136,-999,-999,0.9923,0.5404,17.0,-1.0,-1.0,-1.0,-1.0,-1.0,0.99812,0.996977,-999,-999,-999,-28698.5,-45.8372,-999,-999,1.006,OUT,-999,-999,0.903213,8451.0,23221991.0
28091,8.5814,LH2,-5.44,21.03,3.99,28.53,HMSHEEP,-999,-999,-999,-999,110.956,65.555,111.003,65.582,111.269,65.74,248.09,146.575,107.241,63.36,0.9998,0.35,1.0,0.9789,-1.0,-1.0,-1.0,-1.0,1.0,-1.0,1.0,0.999999,41.0,40.9231,6.40359,0.376688,0.0589437,52.9439,0.263027,1.023,OUT,54729.64687,54370.53913,0.991247,413793.0,35221.0
28092,8.5814,LH2,-5.44,21.03,3.99,28.53,HMSHEEP,-999,-999,-999,-999,118.77,69.668,118.873,69.728,119.64,70.178,255.899,150.105,114.27,67.028,0.9996,0.5926,1.0,0.9754,-1.0,-1.0,-1.0,-1.0,1.0,-1.0,0.99998,0.999999,35.0,35.0,5.91608,0.301985,0.0510448,52.9596,0.393143,1.024,OUT,58610.47099,58219.38201,0.990947,439276.0,36915.0
28093,8.5814,LH2,-5.44,21.03,3.99,28.53,HMSHEEP,-999,-999,-999,-999,113.292,67.701,113.439,67.789,114.559,68.458,247.958,148.175,109.303,65.318,0.9998,0.4138,1.0,0.9791,-1.0,-1.0,-1.0,-1.0,1.0,-1.0,0.99998,0.999998,45.0,45.0,6.7082,0.405247,0.0604107,52.9439,0.263027,1.023,OUT,55925.56276,55551.55824,0.991314,421487.0,35570.0
28094,8.5814,LH2,-5.44,21.03,3.99,28.53,HMSHEE,-999,-999,-999,-999,72299.212,72.011,72403.397,72.115,72924.811,72.634,152946.661,152.337,69545.207,69.268,0.9978,0.2242,-999,-999,-1.0,-1.0,-1.0,1.0,-1.0,-1.0,0.99859,0.999854,-999,-999,-999,1.36517,0.00435009,-999,-999,1.025,OUT,-999,-999,-999,266541.0,22231.0
28095,8.5814,Dummy,-5.44,21.03,3.99,28.53,HMSHEEP,-999,-999,-999,-999,93.854,51.472,93.887,51.49,93.947,51.523,277.745,152.322,93.533,51.296,1.0,0.2,0.0,0.9805,-1.0,-1.0,-1.0,-1.0,1.0,-1.0,1.0,0.999999,0.0,0.0,0.0,0.0,0.0,0.0,0.0,1.000,OUT,46338.80087,46036.04913,0.985075,132365.0,30734.0
28098,8.5814,LH2,-5.44,21.03,3.99,28.53,HMSHEEP,-999,-999,-999,-999,112.759,67.79,112.907,67.879,113.201,68.056,246.957,148.469,108.797,65.408,0.9999,0.3846,1.0,0.9771,-1.0,-1.0,-1.0,-1.0,1.0,-1.0,1.0,0.999998,30.0,29.8462,5.47831,0.270565,0.0496626,53.0557,0.420566,1.023,OUT,55662.23086,55292.18214,0.990601,418285.0,35507.0
28099,8.5814,LH2,-5.44,21.03,3.99,28.53,HMSHEEP,-999,-999,-999,-999,130.676,71.254,130.883,71.367,131.055,71.46,277.915,151.539,125.814,68.603,0.9996,0.3478,1.0,0.9801,-1.0,-1.0,-1.0,-1.0,1.0,-1.0,0.99998,0.999999,46.0,46.0,6.78233,0.358746,0.0528942,53.0002,0.490776,1.025,OUT,64538.27611,64112.79589,0.991627,483529.0,40135.0
28100,8.5814,LH2,-5.44,21.03,3.99,28.53,HMSHEEP,-999,-999,-999,-999,59.295,72.004,59.359,72.083,59.705,72.503,125.263,152.113,57.054,69.283,1.0,0.3333,0.9999,0.9762,-1.0,-1.0,-1.0,-1.0,1.0,-1.0,1.0,0.999999,15.0,15.0,3.87298,0.258861,0.0668375,52.904,0.243327,1.025,OUT,29190.82062,28998.89638,0.991066,219658.0,18272.0
28101,8.5814,LH2,-5.44,21.03,3.99,28.53,HMSHEEP,-999,-999,-999,-999,132.821,69.652,132.836,69.66,133.876,70.205,288.115,151.089,129.657,67.993,0.9997,0.3636,1.0,0.9776,-1.0,-1.0,-1.0,-1.0,1.0,-1.0,1.0,0.999999,41.0,41.0,6.40312,0.315818,0.0493225,53.0103,0.503563,1.024,OUT,65502.00769,65076.19231,0.991264,493890.0,41225.0
28102,8.5814,LH2,-5.44,21.03,3.99,28.53,HMSHEEP,-999,-999,-999,-999,127.408,69.498,127.506,69.551,127.811,69.718,276.832,151.005,124.452,67.885,0.9996,0.3784,1.0,0.9758,-1.0,-1.0,-1.0,-1.0,1.0,-1.0,0.99998,0.999999,37.0,36.8462,6.08374,0.296267,0.0489172,53.0717,0.377318,1.024,OUT,62869.7068,62463.3532,0.991724,471443.0,39352.0
28103,8.5814,LH2,-5.44,21.03,3.99,28.53,HMSHEEP,-999,-999,-999,-999,124.286,68.643,124.428,68.721,124.86,68.96,271.699,150.059,121.379,67.038,0.9997,0.3235,0.6666,0.9778,-1.0,-1.0,-1.0,-1.0,1.0,-1.0,0.99998,0.999999,38.0,38.0,6.16441,0.312432,0.0506831,53.0097,0.503634,1.024,OUT,61356.37205,60947.09695,0.990575,460949.0,38944.0
28104,8.5814,LH2,-5.44,21.03,3.99,28.53,HMSHEEP,-999,-999,-999,-999,124.035,70.215,124.203,70.309,125.287,70.923,267.809,151.603,121.189,68.604,0.9997,0.2727,0.9999,0.976,-1.0,-1.0,-1.0,-1.0,1.0,-1.0,0.99996,0.999999,34.0,33.9231,5.83146,0.279938,0.0481221,53.0459,0.466019,1.024,OUT,61245.09448,60835.86652,0.989953,459083.0,38564.0
28105,8.5814,LH2,-5.44,21.03,3.99,28.53,HMSHEEP,-999,-999,-999,-999,108.507,69.101,108.663,69.2,109.715,69.87,236.739,150.763,106.267,67.674,0.9996,0.3448,0.9999,0.9755,-1.0,-1.0,-1.0,-1.0,1.0,-1.0,1.0,0.999999,34.0,34.0,5.83095,0.320881,0.0550306,53.1122,0.598996,1.024,OUT,53559.43403,53199.80497,0.990521,403104.0,33819.0
28106,8.5814,LH2,-5.44,21.03,3.99,28.53,HMSHEEP,-999,-999,-999,-999,8.82,70.83,8.83,70.91,8.89,71.388,18.961,152.27,8.63,69.303,0.9987,0.9999,0.0,0.9835,-1.0,-1.0,-1.0,-1.0,1.0,-1.0,1.0,0.999999,0.0,-0.461538,0.188422,-0.0532155,0.0217251,62.6837,6.6967,1.024,OUT,4224.18608,4195.83992,0.987397,32502.0,2811.0
28108,10.6759,LH2,-5.343,13.5,5.051,14.74,PI+SIDIS,0.31,3.1,0.9,2.0,111.826,45.563,111.774,45.542,112.579,45.87,362.635,147.754,113.645,46.304,0.999,0.8175,0.9913,0.9881,-1.0,-1.0,-1.0,-1.0,-1.0,1.0,0.99992,0.99998,48245.0,47764.5,219.83,432.946,1.99257,51.2557,0.37909,1.016,OUT,55146.4096,54781.4754,0.943988,48530834.0,6285380.0
28109,10.6759,Dummy,-5.343,13.5,5.051,14.74,PI+SIDIS,0.31,3.1,0.9,2.0,44.893,45.121,44.861,45.089,44.751,44.978,143.974,144.705,45.105,45.334,0.9999,0.7731,0.992,0.9877,-1.0,-1.0,-1.0,-1.0,-1.0,1.0,1.0,0.999993,3680.0,3653.83,60.6989,82.4704,1.37003,51.3157,0.362508,1.000,OUT,22074.78713,21929.16687,0.95372,7129740.0,822288.0
28110,10.6759,LH2,-5.343,13.5,2.806,14.74,PI+SIDIS,0.31,3.1,0.5,2.0,87.348,48.202,87.336,48.195,87.473,48.271,274.475,151.465,88.438,48.803,0.999,0.8569,0.9838,0.9833,-1.0,-1.0,-1.0,-1.0,-1.0,1.0,0.99918,0.999678,66260.0,50608.8,262.428,590.391,3.06143,51.237,0.383554,1.016,OUT,43064.13966,42787.41734,0.924629,37891849.0,30805001.0
28111,10.6759,LH2,-5.343,13.5,2.806,14.74,PI+SIDIS,0.31,3.1,0.5,2.0,84.528,47.388,84.541,47.395,85.028,47.668,267.031,149.703,85.94,48.18,0.999,0.8587,0.984,0.9833,-1.0,-1.0,-1.0,-1.0,-1.0,1.0,0.99919,0.99968,64339.0,49128.2,258.6,592.058,3.11647,51.2203,0.387775,1.016,OUT,41679.05631,41410.66969,0.925504,36669121.0,29786334.0
28112,10.6759,LH2,-5.343,13.5,2.806,14.74,PI+SIDIS,0.31,3.1,0.5,2.0,81.036,47.405,81.061,47.42,81.637,47.757,255.873,149.683,82.429,48.22,0.999,0.9144,0.9746,0.9733,-1.0,-1.0,-1.0,-1.0,1.0,-1.0,0.99873,0.99968,62254.0,47640.0,254.342,605.203,3.23107,51.2302,0.391172,1.016,OUT,39962.72393,39708.01007,0.905387,35174185.0,28572087.0
28113,10.6759,LH2,-5.343,13.5,2.806,14.74,HMSDIS,0.31,3.1,0.5,2.0,44960.817,48.653,44940.413,48.631,45053.796,48.754,140779.034,152.34,45403.19,49.132,0.999,0.8606,-999,-999,-1.0,-1.0,-1.0,9.0,-1.0,-1.0,0.99885,0.967711,-999,-999,-999,261.76,0.229204,-999,-999,1.017,OUT,-999,-999,-999,19514745.0,15779806.0
28114,10.6759,LH2,-5.343,13.5,2.806,14.74,HMSDIS,0.31,3.1,0.5,2.0,43437.14,48.583,43393.563,48.534,43365.378,48.503,135922.112,152.024,43708.038,48.886,0.999,0.9174,-999,-999,-1.0,-1.0,17.0,-1.0,-1.0,-1.0,0.99927,0.967655,-999,-999,-999,262.873,0.321189,-999,-999,1.017,OUT,-999,-999,-999,18865945.0,15175837.0
28117,10.6759,Dummy,-5.343,13.5,2.806,14.74,PI+SIDIS,0.31,3.1,0.5,2.0,84.01,47.429,83.964,47.403,84.13,47.497,265.009,149.616,85.075,48.031,0.9993,0.8535,0.9869,0.9851,-1.0,-1.0,-1.0,-1.0,-1.0,1.0,0.99988,0.9999,14487.0,12937.2,121.43,156.538,1.46929,51.2656,0.381894,1.000,OUT,41393.06259,41130.98841,0.947832,13326415.0,7731712.0
28118,10.6759,Dummy,-5.343,13.5,2.806,14.74,HMSDIS,0.31,3.1,0.5,2.0,36411.255,44.288,36405.057,44.281,36632.877,44.558,117225.34,142.586,37026.661,45.037,0.9994,0.8806,-999,-999,-1.0,-1.0,-1.0,5.0,-1.0,-1.0,0.99929,0.990236,-999,-999,-999,94.8757,0.114226,-999,-999,1.000,OUT,-999,-999,-999,5773202.0,3363814.0
28119,10.6759,LD2,-5.343,13.5,2.806,14.74,PI+SIDIS,0.31,3.1,0.5,2.0,52.5,30.016,52.468,29.998,52.747,30.158,247.313,141.399,53.202,30.418,0.9989,0.8913,0.9823,0.9827,-1.0,-1.0,-1.0,-1.0,-1.0,1.0,0.99865,0.9996,72948.0,51623.2,276.59,1003.67,5.37755,51.221,0.396048,1.006,OUT,25873.29978,25702.38822,0.919116,42857743.0,37209623.0
28120,10.6759,LD2,-5.343,13.5,2.806,14.74,PI+SIDIS,0.31,3.1,0.5,2.0,48.365,29.475,48.3,29.435,48.294,29.431,226.461,138.012,48.69,29.673,0.9989,0.8913,0.9834,0.9824,-1.0,-1.0,-1.0,-1.0,-1.0,1.0,0.99861,0.9996,66739.0,47143.7,264.584,996.025,5.58999,51.2574,0.382613,1.006,OUT,23807.19902,23651.21398,0.91733,39510906.0,33955006.0
28122,10.6759,LD2,-5.343,13.5,2.806,14.74,HMSDIS,0.31,3.1,0.5,2.0,27801.996,30.354,27751.463,30.299,27799.73,30.351,130389.775,142.358,28080.305,30.658,0.9989,0.8973,-999,-999,-1.0,-1.0,-1.0,9.0,-1.0,-1.0,0.99849,0.959763,-999,-999,-999,487.306,0.398058,-999,-999,1.006,OUT,-999,-999,-999,22702173.0,19520753.0
28123,10.6759,Dummy,-5.343,13.5,2.806,14.74,PI+SIDIS,0.31,3.1,0.5,2.0,57.536,47.7,57.493,47.665,57.779,47.902,180.396,149.559,58.374,48.395,0.9993,0.8591,0.9843,0.9846,-1.0,-1.0,-1.0,-1.0,-1.0,1.0,0.99988,0.999899,9935.0,8878.33,100.554,156.968,1.77779,51.2703,0.383595,1.000,OUT,28308.97773,28129.25627,0.947858,9130821.0,5273014.0
28124,10.6759,LD2,-5.343,13.5,2.806,11.745,PI+SIDIS,0.31,3.1,0.5,-1.0,19.598,14.755,19.572,14.736,19.788,14.899,93.126,70.115,19.959,15.027,0.9993,0.8963,0.9825,0.9846,-1.0,-1.0,-1.0,-1.0,-1.0,1.0,0.99938,0.999579,29573.0,19678.8,176.698,1022.53,9.18139,51.2075,0.404583,1.003,OUT,9645.27595,9583.43005,0.921544,16216819.0,38284597.0
28125,10.6759,LD2,-5.343,13.5,2.806,11.745,PI+SIDIS,0.31,3.1,0.5,-1.0,25.518,14.866,25.494,14.852,25.775,15.016,121.291,70.66,26.004,15.149,0.9993,0.8938,0.9825,0.9847,-1.0,-1.0,-1.0,-1.0,-1.0,1.0,0.99939,0.999578,38456.0,25532.8,201.519,1018.42,8.03793,51.214,0.390954,1.003,OUT,12568.21382,12489.12718,0.921308,21112250.0,49594888.0
28126,10.6759,LD2,-5.343,13.5,2.806,11.745,PI+SIDIS,0.31,3.1,0.5,-1.0,24.731,14.883,24.722,14.878,25.001,15.046,117.653,70.805,25.221,15.179,0.9993,0.898,0.9842,0.985,-1.0,-1.0,-1.0,-1.0,-1.0,1.0,0.99942,0.999578,37881.0,25307.2,199.942,1040.6,8.22132,51.2088,0.393077,1.003,OUT,12186.54583,12109.54217,0.922159,20459407.0,48013036.0
28127,10.6759,Dummy,-5.343,13.5,2.806,11.745,PI+SIDIS,0.31,3.1,0.5,-1.0,76.847,45.723,76.848,45.724,77.409,46.057,245.657,146.163,78.126,46.484,0.9994,0.8619,0.9867,0.9866,-1.0,-1.0,-1.0,-1.0,-1.0,1.0,0.99986,0.999806,15219.0,11961.7,125.546,157.884,1.65711,51.2336,0.390802,1.000,OUT,37861.28565,37637.03435,0.937964,12190479.0,18767537.0
28128,10.6759,Dummy,-5.343,13.5,2.806,11.745,PI+SIDIS,0.31,3.1,0.5,-1.0,54.228,39.757,54.228,39.756,54.658,40.072,182.221,133.592,55.155,40.436,0.9994,0.8746,0.9861,0.9873,-1.0,-1.0,-1.0,-1.0,-1.0,1.0,0.99985,0.999816,10658.0,8456.83,104.999,158.074,1.96264,51.224,0.380062,1.000,OUT,26697.17812,26538.51988,0.938908,8609895.0,13213513.0
28129,10.6759,LH2,-5.343,13.5,2.806,11.745,PI+SIDIS,0.31,3.1,0.5,-1.0,45.206,28.157,45.123,28.106,45.482,28.329,212.08,132.099,45.886,28.581,0.9992,0.8626,0.9833,0.9846,-1.0,-1.0,-1.0,-1.0,-1.0,1.0,0.99937,0.999584,39180.0,27011.2,202.998,608.843,4.57566,51.1945,0.389694,1.010,OUT,22276.13149,22144.92851,0.920123,19724655.0,43712779.0
28130,10.6759,LH2,-5.343,13.5,2.806,11.745,PI+SIDIS,0.31,3.1,0.5,-1.0,49.946,30.586,49.861,30.535,50.269,30.784,233.001,142.688,50.726,31.064,0.9992,0.8552,0.9838,0.9846,-1.0,-1.0,-1.0,-1.0,-1.0,1.0,0.99928,0.999563,43117.0,29111.2,213.193,593.879,4.34922,51.1819,0.398125,1.010,OUT,24567.83901,24423.69899,0.91851,21769529.0,48430876.0
28131,10.6759,LH2,-5.343,13.5,2.806,11.745,PI+SIDIS,0.31,3.1,0.5,-1.0,50.164,31.085,50.111,31.052,50.246,31.136,233.58,144.741,50.599,31.354,0.9992,0.8654,0.9838,0.9841,-1.0,-1.0,-1.0,-1.0,-1.0,1.0,0.99927,0.999558,43418.0,29135.8,214.006,591.727,4.34629,51.2261,0.384765,1.011,OUT,24758.99593,24613.96507,0.91755,21873950.0,48540152.0
28132,10.6759,LH2,-5.343,13.5,2.806,11.745,PI+SIDIS,0.31,3.1,0.5,-1.0,59.614,33.082,59.577,33.062,59.423,32.977,273.383,151.713,59.902,33.242,0.9992,0.8652,0.9834,0.9839,-1.0,-1.0,-1.0,-1.0,-1.0,1.0,0.99924,0.999542,52543.0,35025.2,235.505,598.45,4.0239,51.24,0.384701,1.011,OUT,29370.69054,29197.55046,0.915688,25978078.0,57652550.0
28133,10.6759,LD2,-5.343,13.5,2.806,11.745,PI+SIDIS,0.31,3.1,0.5,-1.0,27.954,15.6,27.956,15.601,28.157,15.713,132.488,73.936,28.434,15.868,0.9992,0.893,0.9831,0.9844,-1.0,-1.0,-1.0,-1.0,-1.0,1.0,0.99938,0.999562,43080.0,28351.8,213.389,1031.69,7.76498,51.2133,0.388889,1.003,OUT,13783.77267,13699.07433,0.919957,23116394.0,54380535.0
28134,10.6759,LD2,-5.343,13.5,2.806,11.745,PI+SIDIS,0.31,3.1,0.5,-1.0,26.155,15.511,26.136,15.5,26.418,15.667,124.331,73.733,26.671,15.817,0.9992,0.8912,0.9835,0.9848,-1.0,-1.0,-1.0,-1.0,-1.0,1.0,0.99939,0.999563,39655.0,25989.5,204.774,1011.17,7.96709,51.1932,0.38958,1.003,OUT,12884.05181,12804.93919,0.920785,21633759.0,50936692.0
28135,10.6759,LD2,-5.343,13.5,2.806,11.745,PI+SIDIS,0.31,3.1,0.5,-1.0,16.993,15.197,16.973,15.179,17.193,15.376,80.903,72.354,17.343,15.51,0.9992,0.8943,0.9833,0.9847,-1.0,-1.0,-1.0,-1.0,-1.0,1.0,0.99933,0.999566,26081.0,17317.5,165.957,1037.67,9.94417,51.1837,0.394253,1.003,OUT,8358.54496,8307.01404,0.920829,14057336.0,33181012.0
28136,10.6759,LH2,-5.343,13.5,-2.806,11.745,PI-SIDIS,0.31,3.1,0.5,-1.0,89.163,49.412,89.2,49.432,89.171,49.416,274.905,152.344,90.075,49.917,0.999,0.863,0.9858,0.9859,-1.0,-1.0,-1.0,-1.0,-1.0,1.0,0.99914,0.999633,52977.0,27335.5,239.271,311.414,2.72585,51.2292,0.374635,1.017,OUT,43965.42341,43715.75659,0.916856,38680082.0,122815468.0
28137,10.6759,LH2,-5.343,13.5,-2.806,11.745,PI-SIDIS,0.31,3.1,0.5,-1.0,86.829,49.417,86.881,49.447,87.328,49.701,267.471,152.226,88.291,50.249,0.999,0.8585,0.9864,0.9864,-1.0,-1.0,-1.0,-1.0,-1.0,1.0,0.99915,0.999634,51619.0,26667.2,236.173,311.747,2.76093,51.1994,0.38162,1.017,OUT,42823.58227,42576.70873,0.918196,37649553.0,119708844.0
28138,10.6759,LH2,-5.343,13.5,-2.806,11.745,PI-SIDIS,0.31,3.1,0.5,-1.0,85.944,49.021,85.924,49.01,86.631,49.413,265.558,151.47,87.521,49.921,0.999,0.8677,0.9859,0.9864,-1.0,-1.0,-1.0,-1.0,-1.0,1.0,0.99917,0.999635,51447.0,26832.8,235.689,317.172,2.78591,51.1912,0.381945,1.017,OUT,42344.97417,42102.09183,0.919155,37288123.0,118517132.0
28139,10.6759,LH2,-5.343,13.5,-2.806,11.745,PI-SIDIS,0.31,3.1,0.5,-1.0,39.1,49.507,39.067,49.464,39.264,49.714,120.268,152.277,39.601,50.14,0.999,0.865,0.9858,0.9861,-1.0,-1.0,-1.0,-1.0,-1.0,1.0,0.9992,0.999634,23451.0,12194.8,159.145,317.123,4.13851,51.2216,0.37447,1.017,OUT,19202.84555,19094.45545,0.917749,16965544.0,53811089.0
28140,10.6759,Dummy,-5.343,13.5,-2.806,11.745,PI-SIDIS,0.31,3.1,0.5,-1.0,86.142,48.237,86.121,48.225,86.08,48.202,270.43,151.433,86.895,48.659,0.9994,0.8837,0.9905,0.9882,-1.0,-1.0,-1.0,-1.0,-1.0,1.0,0.99994,0.999885,11748.0,8875.17,110.575,104.354,1.30013,51.2818,0.368927,1.000,OUT,42446.67334,42203.46966,0.93981,13646652.0,42899240.0
28141,10.6759,Dummy,-5.343,13.5,-2.806,11.745,PI-SIDIS,0.31,3.1,0.5,-1.0,53.179,47.356,53.186,47.363,53.375,47.531,167.753,149.386,53.973,48.064,0.9995,0.8807,0.9868,0.9882,-1.0,-1.0,-1.0,-1.0,-1.0,1.0,0.9999,0.999886,7326.0,5582.33,87.2732,106.275,1.66149,51.241,0.369608,1.000,OUT,26175.75086,26026.36614,0.940241,8423374.0,26513907.0
28142,10.6759,LH2,-5.343,13.5,-2.806,14.74,PI-SIDIS,0.31,3.1,0.5,2.0,77.077,46.972,77.104,46.989,77.752,47.383,244.075,148.743,78.587,47.892,0.9989,0.8585,0.9893,0.9886,-1.0,-1.0,-1.0,-1.0,-1.0,1.0,0.99972,0.99986,31127.0,22846.7,180.297,300.142,2.36861,51.2237,0.381483,1.016,OUT,37988.35193,37773.85707,0.935092,33449906.0,38014431.0
28143,10.6759,LH2,-5.343,13.5,-2.806,14.74,PI-SIDIS,0.31,3.1,0.5,2.0,74.99,48.117,75.012,48.132,75.752,48.607,235.832,151.322,76.536,49.11,0.999,0.8518,0.9891,0.9886,-1.0,-1.0,-1.0,-1.0,-1.0,1.0,0.99973,0.999859,30133.0,22047.0,177.428,297.681,2.39565,51.2293,0.379031,1.016,OUT,36954.87987,36747.18913,0.935602,32547660.0,36993221.0
28144,10.6759,LH2,-5.343,13.5,-2.806,14.74,PI-SIDIS,0.31,3.1,0.5,2.0,63.092,45.396,63.036,45.356,63.298,45.544,201.465,144.958,63.786,45.895,0.999,0.8587,0.9902,0.9886,-1.0,-1.0,-1.0,-1.0,-1.0,1.0,0.99968,0.999861,25345.0,18590.5,162.698,298.713,2.61425,51.2727,0.369837,1.015,OUT,31141.94244,30959.74256,0.933154,27395181.0,31030290.0
28145,10.6759,LH2,-5.343,13.5,-2.806,14.74,PI-SIDIS,0.31,3.1,0.5,2.0,80.675,47.319,80.609,47.28,80.728,47.349,254.697,149.387,81.498,47.801,0.9988,0.9168,0.9838,0.9823,-1.0,-1.0,-1.0,-1.0,1.0,-1.0,0.99956,0.999859,32600.0,23812.2,184.566,301.219,2.33472,51.2802,0.370157,1.016,OUT,39724.54204,39496.18196,0.90859,35037523.0,39606253.0
28148,10.6759,LH2,-5.343,13.5,-2.806,14.74,HMSDIS,0.31,3.1,0.5,2.0,41239.392,48.117,41222.65,48.098,41386.342,48.289,129914.249,151.581,41828.811,48.805,0.999,0.8623,-999,-999,-1.0,-1.0,-1.0,9.0,-1.0,-1.0,0.99887,0.985929,-999,-999,-999,262.081,0.23946,-999,-999,1.016,OUT,-999,-999,-999,17903054.0,20277013.0
28149,10.6759,Dummy,-5.343,13.5,-2.806,14.74,PI-SIDIS,0.31,3.1,0.5,2.0,72.994,46.767,72.99,46.764,73.428,47.045,231.578,148.372,74.167,47.519,0.9993,0.8651,0.989,0.988,-1.0,-1.0,-1.0,-1.0,-1.0,1.0,0.99998,0.999953,8014.0,7019.33,90.4421,97.4068,1.25506,51.2586,0.370611,1.000,OUT,35956.4301,35750.4849,0.950292,11565361.0,13740030.0
28150,10.6759,Dummy,-5.343,13.5,-2.806,14.74,HMSDIS,0.31,3.1,0.5,2.0,41669.619,47.835,41672.593,47.839,41952.346,48.16,131353.94,150.789,42366.706,48.635,0.9994,0.8816,-999,-999,-1.0,-1.0,-1.0,3.0,-1.0,-1.0,0.99868,0.995228,-999,-999,-999,94.6005,0.0826037,-999,-999,1.000,OUT,-999,-999,-999,6600800.0,7848937.0
28152,10.6759,Dummy,-5.343,13.5,-2.806,14.74,PI-SIDIS,0.31,3.1,0.5,2.0,83.194,47.176,83.222,47.192,83.801,47.52,263.422,149.376,84.619,47.984,0.9993,0.8605,0.9898,0.9893,-1.0,-1.0,-1.0,-1.0,-1.0,1.0,0.99997,0.999952,9286.0,8162.0,97.3311,99.2085,1.18305,51.2666,0.368555,1.000,OUT,41011.22515,40782.32785,0.948925,13183207.0,15682119.0
28154,10.6759,LH2,-5.343,13.5,-2.806,14.74,PI-SIDIS,0.31,3.1,0.5,2.0,111.399,47.66,111.285,47.612,112.097,47.959,351.239,150.272,113.192,48.427,0.9989,0.8536,0.989,0.9881,-1.0,-1.0,-1.0,-1.0,-1.0,1.0,0.99971,0.999859,45043.0,32964.3,216.924,300.201,1.97549,51.2461,0.379242,1.016,OUT,54878.79275,54567.99725,0.934379,48388324.0,54966583.0
28155,10.6759,LH2,-5.343,15.97,5.154,16.875,PI+SIDIS,0.44,4.4,0.9,2.0,60.449,51.315,60.497,51.356,60.994,51.778,163.021,138.388,61.16,51.919,0.9994,0.6767,0.987,0.9877,-1.0,-1.0,-1.0,-1.0,-1.0,1.0,0.99999,0.99999,8356.0,8326.33,91.4382,139.432,1.53121,51.2712,0.373836,1.018,OUT,29816.55978,29625.30522,0.954143,8626049.0,847091.0
28156,10.6759,LH2,-5.343,15.97,5.154,16.875,PI+SIDIS,0.44,4.4,0.9,2.0,35.29,53.658,35.306,53.682,35.59,54.114,87.868,133.603,34.96,53.157,0.9993,0.6711,0.9912,0.9865,-1.0,-1.0,-1.0,-1.0,-1.0,1.0,0.99995,0.999989,4985.0,4965.67,70.6273,142.678,2.02933,51.2624,0.376128,1.018,OUT,17452.26871,17335.95329,0.951095,5033008.0,493697.0
28157,10.6759,LH2,-5.343,15.97,3.837,16.875,PI+SIDIS,0.44,4.4,0.67,2.0,57.385,61.637,57.336,61.585,57.778,62.059,128.954,138.509,53.471,57.433,0.9992,0.7271,0.9904,0.9858,-1.0,-1.0,-1.0,-1.0,-1.0,1.0,0.99995,0.999938,11691.0,11320.8,108.41,200.463,1.91966,51.2943,0.38625,1.021,OUT,28335.63969,28142.06731,0.947225,8152444.0,5767843.0
28158,10.6759,LH2,-5.343,15.97,3.837,16.875,PI+SIDIS,0.44,4.4,0.67,2.0,110.459,57.236,110.468,57.24,111.309,57.676,267.758,138.742,109.166,56.565,0.9993,0.7171,0.9904,0.9866,-1.0,-1.0,-1.0,-1.0,-1.0,1.0,0.99991,0.999943,22693.0,22058.5,150.993,202.554,1.3865,51.3013,0.392193,1.020,OUT,54588.36193,54228.64207,0.949802,15729914.0,11101903.0
28159,10.6759,LH2,-5.343,15.97,3.837,16.875,PI+SIDIS,0.44,4.4,0.67,2.0,135.233,67.252,135.336,67.303,136.309,67.787,298.463,148.427,132.631,65.958,0.9992,0.7163,0.9902,0.9854,-1.0,-1.0,-1.0,-1.0,-1.0,1.0,0.9999,0.999939,27552.0,26714.0,166.408,200.496,1.24894,51.2956,0.387954,1.023,OUT,66748.60422,66298.89278,0.947499,19210977.0,13596468.0
28160,10.6759,LH2,-5.343,15.97,3.837,16.875,PI+SIDIS,0.44,4.4,0.67,2.0,145.553,70.086,145.68,70.147,146.719,70.648,314.948,151.653,142.754,68.738,0.9993,0.7064,0.9894,0.9859,-1.0,-1.0,-1.0,-1.0,-1.0,1.0,0.9999,0.999938,29612.0,28694.5,172.525,199.947,1.20218,51.3043,0.391374,1.024,OUT,72001.63616,71526.35584,0.948198,20678903.0,14622642.0
28161,10.6759,LH2,-5.343,15.97,3.837,16.875,PI+SIDIS,0.44,4.4,0.67,2.0,64.555,66.47,64.559,66.473,65.046,66.975,143.202,147.449,63.268,65.144,0.9991,0.7187,0.9884,0.9858,-1.0,-1.0,-1.0,-1.0,-1.0,1.0,0.99992,0.999939,13105.0,12696.3,114.774,199.692,1.8052,51.3037,0.395572,1.023,OUT,31767.89859,31561.48041,0.948054,9179074.0,6477148.0
28162,10.6759,LH2,-5.343,15.97,3.837,16.875,PI+SIDIS,0.44,4.4,0.67,2.0,122.509,67.011,122.449,66.979,123.411,67.505,270.841,148.147,120.086,65.686,0.9993,0.8448,0.99,0.9845,-1.0,-1.0,-1.0,-1.0,1.0,-1.0,0.99987,0.999939,25208.0,24447.3,159.169,202.964,1.32144,51.2963,0.394501,1.023,OUT,60523.64194,60114.39706,0.934016,17416792.0,12299701.0
28163,10.6759,LH2,-5.343,15.97,3.837,16.875,HMSDIS,0.44,4.4,0.67,2.0,61172.593,66.177,61165.604,66.17,61647.636,66.691,136089.733,147.224,59994.588,64.903,0.9993,0.7631,-999,-999,-1.0,-1.0,-1.0,5.0,-1.0,-1.0,0.99896,0.99394,-999,-999,-999,87.8849,0.0848335,-999,-999,1.023,OUT,-999,-999,-999,8697632.0,6136706.0
28164,10.6759,LH2,-5.343,15.97,3.837,16.875,HMSDIS,0.44,4.4,0.67,2.0,55484.305,63.667,55501.438,63.686,55941.177,64.191,125890.279,144.456,54584.814,62.635,0.9992,0.8651,-999,-999,-1.0,-1.0,5.0,-1.0,-1.0,-1.0,0.99878,0.994043,-999,-999,-999,87.7951,0.0890238,-999,-999,1.022,OUT,-999,-999,-999,7888029.0,5567140.0
28165,10.6759,Dummy,-5.343,15.97,3.837,16.875,PI+SIDIS,0.44,4.4,0.67,2.0,76.604,49.257,76.613,49.263,77.144,49.604,232.521,149.513,77.879,50.077,0.9995,0.6853,0.9949,0.9886,-1.0,-1.0,-1.0,-1.0,-1.0,1.0,1.0,0.999984,3705.0,3667.5,60.92,48.4467,0.804737,51.3065,0.409968,1.000,OUT,37755.02711,37516.50389,0.969045,3728320.0,2400212.0
28166,10.6759,Dummy,-5.343,15.97,3.837,16.875,PI+SIDIS,0.44,4.4,0.67,2.0,83.188,48.897,83.222,48.917,83.822,49.27,253.653,149.095,84.625,49.742,0.9993,0.7167,0.9954,0.9862,-1.0,-1.0,-1.0,-1.0,-1.0,1.0,1.0,0.999984,4015.0,3969.33,63.4241,48.397,0.773312,51.3089,0.44675,1.000,OUT,41028.55355,40764.18445,0.967142,4047982.0,2608595.0
28167,10.6759,Dummy,-5.343,15.97,3.837,16.875,PI+SIDIS,0.44,4.4,0.67,2.0,87.412,48.927,87.404,48.922,88.1,49.312,265.89,148.826,88.963,49.795,0.9995,0.7258,0.9827,0.9848,-1.0,-1.0,-1.0,-1.0,-1.0,1.0,0.99998,0.999984,4129.0,4085.0,64.3143,47.483,0.747573,51.3181,0.433087,1.000,OUT,43090.84522,42816.94078,0.967867,4255741.0,2749779.0
28168,10.6759,Dummy,-5.343,15.97,3.837,16.875,PI+SIDIS,0.44,4.4,0.67,2.0,28.213,45.834,28.185,45.787,28.439,46.2,87.905,142.806,28.717,46.652,0.9992,0.6667,0.9925,0.9857,-1.0,-1.0,-1.0,-1.0,-1.0,1.0,1.0,0.999985,1304.0,1285.83,36.1528,46.3201,1.30235,51.322,0.44389,1.000,OUT,13822.95435,13734.20665,0.968569,1374671.0,886770.0
28169,10.6759,Dummy,-5.343,15.97,3.837,16.875,PI+SIDIS,0.44,4.4,0.67,2.0,55.395,49.889,55.346,49.844,55.883,50.328,167.418,150.776,56.434,50.824,0.9993,0.7273,0.9948,0.986,-1.0,-1.0,-1.0,-1.0,-1.0,1.0,0.99997,0.999984,2602.0,2572.33,51.0582,47.1716,0.93631,51.3051,0.443868,1.000,OUT,27250.31829,27079.98871,0.965402,2699087.0,1743714.0
28170,10.6759,Dummy,-5.343,15.97,3.837,16.875,HMSDIS,0.44,4.4,0.67,2.0,48642.661,49.837,48610.257,49.804,49107.097,50.313,147147.696,150.76,49584.729,50.802,0.9995,0.83,-999,-999,-1.0,-1.0,-1.0,1.0,-1.0,-1.0,0.99628,0.998399,-999,-999,-999,29.5231,0.0246965,-999,-999,1.000,OUT,-999,-999,-999,2366639.0,1532600.0
28171,10.6759,Dummy,-5.343,15.97,5.154,16.875,PI+SIDIS,0.44,4.4,0.9,2.0,59.045,50.007,59.041,50.004,59.368,50.281,178.311,151.018,59.831,50.673,0.9998,0.7222,0.9965,0.9882,-1.0,-1.0,-1.0,-1.0,-1.0,1.0,1.0,0.999997,1356.0,1352.17,36.8326,23.1803,0.631423,51.2914,0.383406,1.000,OUT,29073.37247,28886.22453,0.962177,2876412.0,330082.0
28172,10.6759,Dummy,-5.343,15.97,3.837,14.875,PI+SIDIS,0.44,4.4,0.67,0.0,79.081,50.096,79.124,50.123,79.07,50.089,238.833,151.295,79.691,50.482,0.9994,0.7874,0.9881,0.986,-1.0,-1.0,-1.0,-1.0,-1.0,1.0,1.0,0.99997,4142.0,4044.67,64.4843,51.875,0.827045,51.3381,0.392027,1.000,OUT,38994.93247,38750.25453,0.961265,3849220.0,5455177.0
28173,10.6759,Dummy,-5.343,15.97,3.837,14.875,PI+SIDIS,0.44,4.4,0.67,0.0,86.473,49.738,86.528,49.769,86.706,49.872,261.822,150.596,87.609,50.391,0.9994,0.7354,0.9876,0.9883,-1.0,-1.0,-1.0,-1.0,-1.0,1.0,0.99999,0.99997,4359.0,4255.83,66.1528,49.7974,0.774052,51.3126,0.384443,1.000,OUT,42656.14699,42388.94501,0.961704,4209554.0,5963806.0
28174,10.6759,Dummy,-5.343,15.97,3.837,14.875,PI+SIDIS,0.44,4.4,0.67,0.0,91.529,50.197,91.53,50.197,92.116,50.519,276.279,151.518,93.114,51.066,0.9992,0.7838,0.9837,0.9857,-1.0,-1.0,-1.0,-1.0,-1.0,1.0,1.0,0.99997,4663.0,4554.5,68.4184,50.5219,0.758949,51.2876,0.378222,1.000,OUT,45127.45388,44844.94012,0.962099,4459603.0,6325273.0
28175,10.6759,Dummy,-5.343,15.97,3.837,14.875,PI+SIDIS,0.44,4.4,0.67,0.0,37.953,47.492,37.92,47.452,38.269,47.888,116.41,145.669,38.679,48.401,0.9988,0.7674,0.9941,0.987,-1.0,-1.0,-1.0,-1.0,-1.0,1.0,1.0,0.999971,2001.0,1951.5,44.8247,52.2041,1.19909,51.2733,0.382691,1.000,OUT,18638.80706,18522.98894,0.961484,1849267.0,2622357.0
28176,10.6759,LH2,-5.343,15.97,3.837,14.875,PI+SIDIS,0.44,4.4,0.67,0.0,107.881,65.184,107.873,65.179,108.871,65.782,242.505,146.527,106.054,64.08,0.9993,0.7044,0.9873,0.9844,-1.0,-1.0,-1.0,-1.0,-1.0,1.0,0.99987,0.999877,25148.0,23375.7,159.51,220.314,1.50337,51.2835,0.395573,1.022,OUT,53167.84381,52828.74219,0.937021,15347224.0,26262171.0
28177,10.6759,LH2,-5.343,15.97,3.837,14.875,PI+SIDIS,0.44,4.4,0.67,0.0,119.799,69.111,119.883,69.16,120.203,69.345,260.246,150.135,117.153,67.585,0.9993,0.7493,0.9882,0.9852,-1.0,-1.0,-1.0,-1.0,-1.0,1.0,0.99985,0.999873,27877.0,25904.5,167.946,219.515,1.42317,51.3105,0.389508,1.024,OUT,59107.98485,58720.70715,0.935487,17024490.0,29022604.0
28178,10.6759,LH2,-5.343,15.97,3.837,14.875,PI+SIDIS,0.44,4.4,0.67,0.0,119.127,70.031,119.263,70.111,119.663,70.346,257.53,151.394,116.601,68.546,0.9991,0.7058,0.9887,0.9849,-1.0,-1.0,-1.0,-1.0,-1.0,1.0,0.99988,0.999873,27533.0,25549.7,166.924,217.736,1.42254,51.2979,0.393311,1.024,OUT,58796.27241,58414.84259,0.935868,16941199.0,28878089.0
28179,10.6759,LH2,-5.343,15.97,3.837,14.875,PI+SIDIS,0.44,4.4,0.67,0.0,122.595,70.073,122.752,70.163,123.679,70.692,265.104,151.528,120.085,68.638,0.9993,0.7365,0.9867,0.9847,-1.0,-1.0,-1.0,-1.0,-1.0,1.0,0.99987,0.999873,28733.0,26704.3,170.503,221.11,1.41175,51.2741,0.398458,1.024,OUT,60527.57066,60138.43834,0.936921,17421910.0,29767379.0
28180,10.6759,LH2,-5.343,15.97,3.837,12.87,PI+SIDIS,0.44,4.4,0.67,-2.0,126.04,71.008,126.065,71.023,127.241,71.685,270.397,152.336,123.151,69.381,0.9992,0.7312,0.9859,0.9828,-1.0,-1.0,-1.0,-1.0,-1.0,1.0,0.99973,0.999742,30981.0,25888.3,178.409,209.175,1.44153,51.2534,0.403825,1.024,OUT,62164.16845,61755.62755,0.921549,17921799.0,71164107.0
28181,10.6759,LH2,-5.343,15.97,3.837,12.87,PI+SIDIS,0.44,4.4,0.67,-2.0,118.019,69.305,118.022,69.307,118.326,69.485,256.286,150.5,115.362,67.745,0.9993,0.7379,0.9865,0.9832,-1.0,-1.0,-1.0,-1.0,-1.0,1.0,0.99972,0.999744,28949.0,24146.0,172.48,208.288,1.48785,51.295,0.401439,1.024,OUT,58325.68022,57942.22078,0.920788,16791409.0,66260344.0
28182,10.6759,LH2,-5.343,15.97,3.837,12.87,PI+SIDIS,0.44,4.4,0.67,-2.0,94.277,63.303,94.324,63.334,94.501,63.453,214.6,144.094,92.46,62.083,0.9993,0.7284,0.9864,0.9831,-1.0,-1.0,-1.0,-1.0,-1.0,1.0,0.99976,0.999751,22936.0,19197.3,153.49,207.219,1.65679,51.2853,0.407021,1.022,OUT,46464.4804,46162.7486,0.92127,13420708.0,52810024.0
28183,10.6759,LH2,-5.343,15.97,3.837,12.87,PI+SIDIS,0.44,4.4,0.67,-2.0,127.001,64.175,127.136,64.243,128.087,64.723,286.935,144.991,124.788,63.057,0.9992,0.7307,0.9862,0.9829,-1.0,-1.0,-1.0,-1.0,-1.0,1.0,0.99975,0.999751,31456.0,26424.3,179.707,211.681,1.4396,51.251,0.401204,1.022,OUT,62703.21475,62287.21025,0.922771,18072471.0,71440790.0
28184,10.6759,Dummy,-5.343,15.97,3.837,12.87,PI+SIDIS,0.44,4.4,0.67,-2.0,67.67,46.87,67.721,46.905,68.331,47.328,208.669,144.528,69.039,47.818,0.9995,0.7764,0.9836,0.9849,-1.0,-1.0,-1.0,-1.0,-1.0,1.0,1.0,0.999945,3541.0,3361.83,59.7567,50.4287,0.896372,51.2831,0.392793,1.000,OUT,33359.05233,33149.77367,0.955487,3295120.0,9991738.0
28185,10.6759,Dummy,-5.343,15.97,3.837,12.87,PI+SIDIS,0.44,4.4,0.67,-2.0,78.302,50.707,78.297,50.704,78.544,50.864,235.245,152.34,79.203,51.29,0.9994,0.8138,0.989,0.9865,-1.0,-1.0,-1.0,-1.0,-1.0,1.0,0.99996,0.999944,4016.0,3800.5,63.6547,49.2353,0.824643,51.2986,0.397411,1.000,OUT,38592.50715,38343.29685,0.953139,3813006.0,11575620.0
28186,10.6759,Dummy,-5.343,15.97,3.837,12.87,PI+SIDIS,0.44,4.4,0.67,-2.0,72.985,49.731,72.943,49.703,72.936,49.698,220.524,150.263,73.588,50.142,0.9993,0.7575,0.9933,0.9841,-1.0,-1.0,-1.0,-1.0,-1.0,1.0,0.99999,0.999944,3832.0,3626.33,62.1794,50.5539,0.86683,51.3221,0.405295,1.000,OUT,35946.05308,35713.47192,0.95446,3555899.0,10774852.0
28187,10.6759,LH2,-5.343,15.97,2.978,12.87,PI+SIDIS,0.44,4.4,0.52,-2.0,84.508,49.704,84.5,49.699,85.017,50.003,255.296,150.153,85.957,50.556,0.9993,0.7495,0.9816,0.9801,-1.0,-1.0,-1.0,-1.0,-1.0,1.0,0.99968,0.999554,23304.0,16478.8,156.338,199.179,1.88965,51.2193,0.423858,1.017,OUT,41660.64829,41391.17071,0.91684,12065823.0,66364480.0
28188,10.6759,LH2,-5.343,15.97,2.978,12.87,PI+SIDIS,0.44,4.4,0.52,-2.0,92.062,50.636,92.107,50.661,93.002,51.154,276.965,152.338,94.019,51.713,0.9992,0.7535,0.9808,0.9796,-1.0,-1.0,-1.0,-1.0,-1.0,1.0,0.99972,0.999553,25544.0,18064.8,163.678,200.43,1.81602,51.2081,0.415209,1.017,OUT,45419.92785,45126.94615,0.916813,13134578.0,72419237.0
28189,10.6759,LH2,-5.343,15.97,2.978,12.87,PI+SIDIS,0.44,4.4,0.52,-2.0,86.991,48.966,87.058,49.003,87.548,49.28,264.614,148.947,88.29,49.697,0.9993,0.7533,0.9812,0.9797,-1.0,-1.0,-1.0,-1.0,-1.0,1.0,0.9997,0.999556,24009.0,17054.3,158.645,200.155,1.8619,51.2496,0.413944,1.017,OUT,43023.77894,42740.39106,0.91698,12418187.0,68332224.0
28190,10.6759,LH2,-5.343,15.97,2.978,12.87,PI+SIDIS,0.44,4.4,0.52,-2.0,92.03,50.047,92.011,50.036,92.27,50.177,277.978,151.166,93.182,50.673,0.9993,0.7414,0.9805,0.9797,-1.0,-1.0,-1.0,-1.0,-1.0,1.0,0.99968,0.999553,25530.0,18059.7,163.631,200.55,1.81709,51.2587,0.402194,1.017,OUT,45371.77932,45077.13268,0.915268,13133574.0,71880656.0
28191,10.6759,Dummy,-5.343,15.97,2.978,12.87,PI+SIDIS,0.44,4.4,0.52,-2.0,89.334,49.092,89.279,49.062,89.858,49.38,270.994,148.921,90.816,49.907,0.9994,0.7861,0.9864,0.9829,-1.0,-1.0,-1.0,-1.0,-1.0,1.0,0.99998,0.999867,4820.0,4123.83,70.2569,47.0232,0.801124,51.2756,0.395658,1.000,OUT,44018.49472,43736.71528,0.94527,4352326.0,17658783.0
28192,10.6759,Dummy,-5.343,15.97,2.978,12.87,PI+SIDIS,0.44,4.4,0.52,-2.0,61.817,48.533,61.812,48.529,62.312,48.921,187.736,147.392,62.95,49.422,0.9993,0.816,0.9862,0.9837,-1.0,-1.0,-1.0,-1.0,-1.0,1.0,0.99996,0.999866,3333.0,2880.67,58.3814,47.411,0.960861,51.2798,0.404587,1.000,OUT,30547.47603,30348.91197,0.944837,3008090.0,12266971.0
28193,10.6759,C,-5.343,15.97,2.978,12.87,PI+SIDIS,0.44,4.4,0.52,-2.0,64.807,40.085,64.789,40.074,65.263,40.368,240.344,148.661,65.936,40.784,0.9994,0.8463,0.9815,0.9794,-1.0,-1.0,-1.0,-1.0,-1.0,1.0,0.99972,0.999572,15905.0,10721.5,129.495,169.113,2.04255,51.2239,0.422889,1.000,OUT,31936.71306,31727.07394,0.917773,10346836.0,56002209.0
28194,10.6759,C,-5.343,15.97,2.978,12.87,PI+SIDIS,0.44,4.4,0.52,-2.0,67.621,39.83,67.616,39.828,68.154,40.145,250.942,147.811,68.824,40.539,0.9993,0.8487,0.9816,0.9788,-1.0,-1.0,-1.0,-1.0,-1.0,1.0,0.99971,0.999573,16701.0,11333.5,132.648,171.416,2.00627,51.2237,0.416565,1.000,OUT,33370.1511,33150.6969,0.918213,10797662.0,58311175.0
28195,10.6759,C,-5.343,15.97,2.978,12.87,PI+SIDIS,0.44,4.4,0.52,-2.0,76.762,41.021,76.697,40.987,77.315,41.317,283.398,151.447,78.1,41.737,0.9993,0.8496,0.9813,0.9789,-1.0,-1.0,-1.0,-1.0,-1.0,1.0,0.99976,0.99957,19225.0,13086.5,142.296,174.468,1.89708,51.2212,0.408936,1.000,OUT,37820.94788,37575.09812,0.917809,12256548.0,66212584.0
28196,10.6759,Cu,-5.343,15.97,2.978,12.87,PI+SIDIS,0.44,4.4,0.52,-2.0,70.159,40.736,70.048,40.672,70.672,41.034,258.907,150.328,71.366,41.437,0.9993,0.8867,0.9797,0.9773,-1.0,-1.0,-1.0,-1.0,-1.0,1.0,0.99979,0.999573,9991.0,6048.0,103.19,88.4266,1.50872,51.21,0.416779,1.000,OUT,34534.33418,34309.35782,0.91237,8475750.0,57242282.0
28197,10.6759,Cu,-5.343,15.97,2.978,12.87,PI+SIDIS,0.44,4.4,0.52,-2.0,70.675,39.632,70.604,39.592,71.226,39.941,262.758,147.345,71.934,40.338,0.9993,0.8981,0.9828,0.9773,-1.0,-1.0,-1.0,-1.0,-1.0,1.0,0.9998,0.999578,10144.0,6270.17,103.873,90.9521,1.50674,51.2151,0.413075,1.000,OUT,34811.44444,34582.47456,0.912907,8529865.0,57620855.0
28198,10.6759,Cu,-5.343,15.97,2.978,12.87,PI+SIDIS,0.44,4.4,0.52,-2.0,75.255,41.271,75.216,41.25,75.844,41.594,277.745,152.321,76.6,42.009,0.9993,0.8926,0.9803,0.9771,-1.0,-1.0,-1.0,-1.0,-1.0,1.0,0.99978,0.999572,10814.0,6603.83,107.311,89.9383,1.46148,51.2191,0.417617,1.000,OUT,37089.38987,36846.56113,0.912563,9090700.0,61477601.0
28199,10.6759,LD2,-5.343,15.97,2.978,12.87,PI+SIDIS,0.44,4.4,0.52,-2.0,42.617,25.226,42.594,25.213,43.007,25.457,201.693,119.387,43.402,25.691,0.9992,0.8087,0.9825,0.9791,-1.0,-1.0,-1.0,-1.0,-1.0,1.0,0.99972,0.999544,19320.0,13159.3,142.642,315.885,3.42408,51.2245,0.408236,1.005,OUT,20998.42245,20860.55555,0.918036,10911460.0,66876066.0
28200,10.6759,LD2,-5.343,15.97,2.978,12.87,PI+SIDIS,0.44,4.4,0.52,-2.0,46.643,25.549,46.563,25.505,47.024,25.757,220.546,120.804,47.46,25.996,0.9993,0.8049,0.9804,0.9798,-1.0,-1.0,-1.0,-1.0,-1.0,1.0,0.9997,0.999542,20848.0,14051.3,148.259,308.301,3.25296,51.2173,0.411435,1.005,OUT,22958.5484,22805.2746,0.91788,11939337.0,73010589.0
28201,10.6759,LD2,-5.343,15.97,2.978,12.87,PI+SIDIS,0.44,4.4,0.52,-2.0,46.268,25.676,46.178,25.626,46.644,25.885,218.731,121.383,47.074,26.123,0.9994,0.8112,0.9819,0.9796,-1.0,-1.0,-1.0,-1.0,-1.0,1.0,0.9997,0.999542,21131.0,14395.3,149.176,318.514,3.30071,51.2171,0.416187,1.005,OUT,22767.84824,22617.44176,0.918419,11842806.0,72343843.0
28202,10.6759,LD2,-5.343,15.97,2.978,12.87,PI+SIDIS,0.44,4.4,0.52,-2.0,44.415,25.67,44.356,25.637,44.801,25.893,210.117,121.441,45.213,26.131,0.9994,0.8153,0.9808,0.9793,-1.0,-1.0,-1.0,-1.0,-1.0,1.0,0.99971,0.999543,20047.0,13577.5,145.345,312.853,3.34905,51.22,0.418291,1.005,OUT,21871.87096,21727.85404,0.918437,11365591.0,69505960.0
28203,10.6759,LD2,-5.343,15.97,2.978,12.87,PI+SIDIS,0.44,4.4,0.52,-2.0,42.322,25.295,42.29,25.276,42.714,25.529,200.342,119.739,43.113,25.768,0.9994,0.8082,0.981,0.9792,-1.0,-1.0,-1.0,-1.0,-1.0,1.0,0.9997,0.999544,18959.0,12849.0,141.341,310.565,3.41627,51.2213,0.403009,1.005,OUT,20853.2879,20713.6121,0.91765,10831643.0,66338963.0
28204,10.6759,LD2,-5.343,15.97,2.978,12.87,PI+SIDIS,0.44,4.4,0.52,-2.0,28.065,24.431,28.052,24.42,28.345,24.675,132.955,115.74,28.604,24.9,0.9993,0.8135,0.9807,0.9799,-1.0,-1.0,-1.0,-1.0,-1.0,1.0,0.99972,0.999549,12758.0,8722.17,115.891,317.619,4.22017,51.2117,0.408663,1.005,OUT,13813.47477,13721.17623,0.918438,7191273.0,44071575.0
28205,10.6759,LD2,-5.343,15.97,2.978,12.87,PI+SIDIS,0.44,4.4,0.52,-2.0,59.272,25.736,59.169,25.691,59.783,25.957,280.401,121.749,60.335,26.197,0.9994,0.8208,0.982,0.9801,-1.0,-1.0,-1.0,-1.0,-1.0,1.0,0.99972,0.999542,27179.0,18625.2,169.129,321.453,2.91901,51.2077,0.422131,1.005,OUT,29192.78536,28999.49864,0.918062,15181177.0,92925362.0
28206,10.6759,Dummy,-5.343,15.97,2.978,12.87,PI+SIDIS,0.44,4.4,0.52,-2.0,90.915,49.703,90.877,49.682,91.495,50.02,272.29,148.861,92.232,50.423,0.9994,0.8023,0.9849,0.9823,-1.0,-1.0,-1.0,-1.0,-1.0,1.0,0.99995,0.999865,4811.0,4118.83,70.188,46.17,0.786772,51.2852,0.38804,1.000,OUT,44809.53061,44513.41539,0.943694,4427388.0,18095219.0
28207,10.6759,C,-5.343,15.97,2.978,12.87,PI+SIDIS,0.44,4.4,0.52,-2.0,72.526,40.312,72.496,40.295,72.614,40.361,272.689,151.567,73.36,40.775,0.9993,0.8527,0.9816,0.9798,-1.0,-1.0,-1.0,-1.0,-1.0,1.0,0.99974,0.999577,17725.0,12038.0,136.649,169.636,1.92562,51.2481,0.405263,1.000,OUT,35751.20518,35514.08682,0.917717,11577789.0,62597008.0
28208,10.6759,Cu,-5.343,15.97,2.978,12.87,PI+SIDIS,0.44,4.4,0.52,-2.0,63.641,39.541,63.608,39.52,63.887,39.693,240.012,149.121,64.546,40.103,0.9993,0.8935,0.9822,0.9786,-1.0,-1.0,-1.0,-1.0,-1.0,1.0,0.9998,0.999582,9117.0,5608.17,98.4977,90.1771,1.5838,51.2275,0.4123,1.000,OUT,31350.32398,31143.32502,0.91414,7691398.0,52110553.0
28209,10.6759,Cu,-5.343,15.97,2.978,12.87,PI+SIDIS,0.44,4.4,0.52,-2.0,93.958,39.964,93.79,39.892,94.431,40.165,353.409,150.317,95.407,40.58,0.9993,0.891,0.9807,0.9781,-1.0,-1.0,-1.0,-1.0,-1.0,1.0,0.99982,0.999581,13360.0,8216.33,119.236,89.6438,1.30092,51.2172,0.413501,1.000,OUT,46276.07641,45968.53959,0.913829,11366537.0,76824435.0
28210,10.6759,LH2,-5.343,15.97,2.978,12.87,PI+SIDIS,0.44,4.4,0.52,-2.0,81.796,49.404,81.77,49.389,82.636,49.911,248.123,149.864,83.476,50.419,0.9993,0.7448,0.9811,0.9796,-1.0,-1.0,-1.0,-1.0,-1.0,1.0,0.99968,0.999556,22438.0,15880.8,153.398,198.459,1.91698,51.1999,0.416615,1.017,OUT,40309.8127,40047.1933,0.917475,11673058.0,64619933.0
28211,10.6759,LH2,-5.343,15.97,2.978,12.87,PI+SIDIS,0.44,4.4,0.52,-2.0,45.785,39.759,45.749,39.729,46.058,39.996,172.395,149.707,46.458,40.344,0.9994,0.758,0.9838,0.9811,-1.0,-1.0,-1.0,-1.0,-1.0,1.0,0.9998,0.999644,12284.0,9330.17,113.032,208.037,2.52032,51.2424,0.403881,1.014,OUT,22529.78313,22379.68187,0.924775,6537239.0,35454610.0
28212,10.6759,LH2,-5.343,15.97,2.978,12.87,PI+SIDIS,0.44,4.4,0.52,-2.0,46.531,30.009,46.503,29.99,46.537,30.012,218.102,140.657,46.87,30.227,0.9995,0.7468,0.9822,0.9821,-1.0,-1.0,-1.0,-1.0,-1.0,1.0,0.99987,0.999731,11674.0,9320.83,109.846,204.216,2.40669,51.2914,0.384393,1.010,OUT,22889.11871,22805.52529,0.932123,6668354.0,35325633.0
28213,10.6759,LH2,-5.343,15.97,2.978,12.87,PI+SIDIS,0.44,4.4,0.52,-2.0,28.942,20.019,28.931,20.012,28.981,20.046,136.107,94.144,29.241,20.225,0.9996,0.7095,0.9857,0.9835,-1.0,-1.0,-1.0,-1.0,-1.0,1.0,0.99995,0.99982,6904.0,5913.5,84.0778,207.923,2.95624,51.307,0.378164,1.007,IN,14227.76187,14198.52413,0.941202,4179585.0,21575052.0
28214,10.6759,LH2,-5.343,15.97,2.978,12.87,PI+SIDIS,0.44,4.4,0.52,-2.0,20.076,9.976,20.079,9.977,20.37,10.122,96.173,47.788,20.563,10.218,0.9993,0.7576,0.9878,0.9843,-1.0,-1.0,-1.0,-1.0,-1.0,1.0,0.99999,0.999909,4576.0,4214.17,68.0904,213.379,3.44767,51.2799,0.381174,1.003,IN,9882.43768,9861.51032,0.952989,2961807.0,14828594.0
28215,10.6759,LH2,-5.343,15.97,2.978,12.87,PI+SIDIS,0.44,4.4,0.52,-2.0,54.531,49.404,54.487,49.364,54.954,49.787,165.171,149.642,55.536,50.314,0.9994,0.7582,0.9795,0.979,-1.0,-1.0,-1.0,-1.0,-1.0,1.0,0.99968,0.999555,15016.0,10673.8,125.458,200.283,2.35409,51.2001,0.411087,1.017,IN,26837.41428,26784.69172,0.916737,7783978.0,43110492.0
28216,10.6759,LH2,-5.343,15.97,2.978,12.87,PI+SIDIS,0.44,4.4,0.52,-2.0,50.098,40.212,50.029,40.157,50.457,40.501,188.19,151.055,50.979,40.92,0.9994,0.7374,0.983,0.9802,-1.0,-1.0,-1.0,-1.0,-1.0,1.0,0.99982,0.999642,13125.0,9821.17,116.943,200.43,2.38657,51.2131,0.400793,1.014,IN,24589.54245,24538.53355,0.924613,7153397.0,38900578.0
28217,10.6759,LH2,-5.343,15.97,2.978,12.87,PI+SIDIS,0.44,4.4,0.52,-2.0,42.394,29.812,42.351,29.782,42.645,29.989,199.881,140.559,43.011,30.246,0.9994,0.7432,0.9841,0.9822,-1.0,-1.0,-1.0,-1.0,-1.0,1.0,0.9999,0.999733,10740.0,8652.17,105.299,208.144,2.53318,51.2603,0.390756,1.010,IN,20828.05095,20782.64805,0.933717,6076803.0,32300867.0
28218,10.6759,LH2,-5.343,15.97,2.978,12.87,PI+SIDIS,0.44,4.4,0.52,-2.0,30.731,20.177,30.715,20.167,30.809,20.228,144.602,94.942,31.022,20.368,0.9994,0.7526,0.9837,0.9839,-1.0,-1.0,-1.0,-1.0,-1.0,1.0,0.99994,0.99982,7256.0,6223.33,86.1865,206.067,2.85381,51.2983,0.385375,1.007,IN,15106.45162,15074.02038,0.941727,4436445.0,22933837.0
28219,10.6759,LH2,-5.343,15.97,2.978,12.87,PI+SIDIS,0.44,4.4,0.52,-2.0,17.927,9.934,17.954,9.95,18.142,10.053,85.627,47.451,18.292,10.137,0.9995,0.75,0.9865,0.9828,-1.0,-1.0,-1.0,-1.0,-1.0,1.0,0.99998,0.99991,4053.0,3753.5,64.054,212.832,3.63201,51.2958,0.38777,1.003,IN,8837.57624,8818.67276,0.953866,2642100.0,13211177.0
28220,10.6759,LH2,-5.343,15.97,2.978,14.875,PI+SIDIS,0.44,4.4,0.52,0.0,105.723,65.686,105.712,65.679,106.694,66.29,235.905,146.569,103.552,64.337,0.9993,0.7463,0.983,0.9801,-1.0,-1.0,-1.0,-1.0,-1.0,1.0,0.99961,0.999639,28003.0,21738.5,170.432,210.043,1.64676,51.2174,0.408161,1.023,IN,51982.93819,51883.80181,0.920973,15044709.0,41872838.0
28221,10.6759,LH2,-5.343,15.97,2.978,14.875,PI+SIDIS,0.44,4.4,0.52,0.0,122.988,69.427,122.965,69.414,124.259,70.144,266.956,150.697,120.301,67.91,0.9993,0.7408,0.9837,0.98,-1.0,-1.0,-1.0,-1.0,-1.0,1.0,0.99962,0.999633,32489.0,25167.5,183.601,209.074,1.52523,51.2271,0.404464,1.024,IN,60493.20639,60367.08361,0.920322,17500699.0,48650186.0
28222,10.6759,LH2,-5.343,15.97,2.978,14.875,PI+SIDIS,0.44,4.4,0.52,0.0,120.694,70.138,120.75,70.17,121.245,70.458,260.592,151.435,118.009,68.578,0.9993,0.7537,0.9813,0.9791,-1.0,-1.0,-1.0,-1.0,-1.0,1.0,0.99963,0.99963,31983.0,24791.3,182.158,209.918,1.54241,51.2665,0.397853,1.024,IN,59401.8395,59279.4985,0.919851,17169325.0,47537207.0
28223,10.6759,LH2,-5.343,15.97,2.978,14.875,PI+SIDIS,0.44,4.4,0.52,0.0,120.534,69.256,120.641,69.318,120.95,69.495,261.808,150.428,117.896,67.74,0.9992,0.8567,0.9716,0.9689,-1.0,-1.0,-1.0,-1.0,1.0,-1.0,0.99941,0.999632,31585.0,24290.8,181.11,208.101,1.55157,51.2664,0.390902,1.024,IN,59347.9688,59225.4752,0.901616,17154734.0,47433723.0
28224,10.6759,LH2,-5.343,15.97,2.978,14.875,HMSDIS,0.44,4.4,0.52,0.0,51982.869,67.076,52038.449,67.148,52354.909,67.556,114724.002,148.034,50976.002,65.777,0.9992,0.7577,-999,-999,-1.0,-1.0,-1.0,5.0,-1.0,-1.0,0.9989,0.963644,-999,-999,-999,88.0262,0.0920537,-999,-999,1.023,IN,-999,-999,-999,7399534.0,20496238.0
28225,10.6759,LH2,-5.343,15.97,2.978,14.875,HMSDIS,0.44,4.4,0.52,0.0,55427.709,67.39,55491.322,67.467,55963.64,68.041,122380.161,148.791,54425.873,66.171,0.9992,0.8665,-999,-999,-1.0,-1.0,9.0,-1.0,-1.0,-1.0,0.99947,0.963746,-999,-999,-999,87.7709,0.119391,-999,-999,1.023,IN,-999,-999,-999,7879382.0,21877247.0
28226,10.6759,Dummy,-5.343,15.97,2.978,14.875,PI+SIDIS,0.44,4.4,0.52,0.0,88.697,50.243,88.69,50.239,89.565,50.735,267.353,151.443,90.457,51.24,0.9994,0.7821,0.9897,0.9834,-1.0,-1.0,-1.0,-1.0,-1.0,1.0,0.99993,0.999917,4778.0,4399.67,69.5777,50.4786,0.798284,51.2599,0.38846,1.000,IN,43629.0104,43537.6236,0.952953,4323058.0,9186353.0
28227,10.6759,Dummy,-5.343,15.97,2.978,14.875,PI+SIDIS,0.44,4.4,0.52,0.0,72.789,48.102,72.734,48.066,72.994,48.238,222.359,146.944,73.571,48.619,0.9993,0.7955,0.9875,0.9825,-1.0,-1.0,-1.0,-1.0,-1.0,1.0,0.99996,0.999918,3950.0,3653.83,63.2405,51.1684,0.885621,51.3026,0.369528,1.000,IN,35863.59809,35786.23591,0.951774,3549552.0,7537450.0
28228,10.6759,Dummy,-5.343,15.97,2.978,14.875,PI+SIDIS,0.44,4.4,0.52,0.0,85.423,49.784,85.387,49.763,85.457,49.804,258.285,150.526,86.246,50.263,0.9994,0.7823,0.988,0.9834,-1.0,-1.0,-1.0,-1.0,-1.0,1.0,0.99998,0.999917,4484.0,4128.17,67.404,49.1931,0.803217,51.3052,0.382097,1.000,IN,42004.48521,41915.83079,0.951723,4159172.0,8827350.0
28229,10.6759,Dummy,-5.343,15.97,2.978,14.875,HMSDIS,0.44,4.4,0.52,0.0,44450.193,49.761,44445.02,49.756,44644.952,49.98,134705.416,150.801,45125.934,50.518,0.9994,0.8356,-999,-999,-1.0,-1.0,-1.0,5.0,-1.0,-1.0,0.99987,0.991723,-999,-999,-999,29.4421,0.0575727,-999,-999,1.000,IN,-999,-999,-999,2158561.0,4607662.0
28230,10.6759,C,-5.343,15.97,2.978,14.875,PI+SIDIS,0.44,4.4,0.52,0.0,86.219,49.413,86.226,49.417,86.947,49.83,261.638,149.946,87.878,50.364,0.9993,0.8434,0.9842,0.9801,-1.0,-1.0,-1.0,-1.0,-1.0,1.0,0.99972,0.99968,19452.0,14829.8,142.205,175.652,1.68435,51.2314,0.404547,1.000,IN,42518.435,42428.905,0.925223,13776472.0,38342970.0
28231,10.6759,C,-5.343,15.97,2.978,14.875,PI+SIDIS,0.44,4.4,0.52,0.0,73.358,50.59,73.38,50.605,74.06,51.074,220.779,152.257,74.793,51.58,0.9993,0.8417,0.9839,0.9799,-1.0,-1.0,-1.0,-1.0,-1.0,1.0,0.99978,0.999678,16498.0,12508.7,131.007,174.121,1.82363,51.2403,0.402074,1.000,IN,36080.41693,36006.12807,0.924937,11710218.0,32591121.0
28232,10.6759,C,-5.343,15.97,2.978,14.875,HMSDIS,0.44,4.4,0.52,0.0,43275.948,49.662,43267.86,49.652,43282.56,49.669,131050.247,150.388,43635.85,50.075,0.9992,0.8497,-999,-999,-1.0,-1.0,-1.0,5.0,-1.0,-1.0,0.99918,0.967882,-999,-999,-999,97.1667,0.10605,-999,-999,1.000,IN,-999,-999,-999,6919358.0,19193488.0
28233,10.6759,Cu,-5.343,15.97,2.978,14.875,PI+SIDIS,0.44,4.4,0.52,0.0,106.518,64.7,106.501,64.689,107.092,65.048,243.013,147.608,106.963,64.97,0.9992,0.8934,0.9824,0.9746,-1.0,-1.0,-1.0,-1.0,-1.0,1.0,0.9996,0.999556,15093.0,9664.5,126.482,93.222,1.22002,51.2251,0.413243,1.000,IN,52387.01551,52274.59649,0.906043,12887700.0,46932771.0
28234,10.6759,Cu,-5.343,15.97,2.978,14.875,PI+SIDIS,0.44,4.4,0.52,0.0,108.762,64.802,108.786,64.816,109.76,65.397,248.051,147.793,109.396,65.18,0.9992,0.8975,0.9783,0.9748,-1.0,-1.0,-1.0,-1.0,-1.0,1.0,0.99963,0.999556,15365.0,9826.67,127.625,92.7737,1.20491,51.2153,0.411167,1.000,IN,53642.13646,53526.40954,0.906405,13158238.0,47948521.0
28235,10.6759,Cu,-5.343,15.97,2.978,14.875,PI+SIDIS,0.44,4.4,0.52,0.0,90.042,64.649,90.098,64.689,91.002,65.338,207.493,148.977,90.573,65.03,0.9992,0.8949,0.9812,0.9743,-1.0,-1.0,-1.0,-1.0,-1.0,1.0,0.99959,0.999559,12585.0,7998.67,115.54,91.23,1.3178,51.2074,0.417081,1.000,IN,44290.98911,44194.92889,0.906829,10884839.0,39683815.0
28236,10.6759,Cu,-5.343,15.97,2.978,14.875,HMSDIS,0.44,4.4,0.52,0.0,57412.981,64.075,57468.257,64.137,58072.825,64.811,131458.942,146.713,57764.047,64.467,0.9992,0.8965,-999,-999,-1.0,-1.0,-1.0,5.0,-1.0,-1.0,0.99909,0.964804,-999,-999,-999,71.7428,0.0790736,-999,-999,1.000,IN,-999,-999,-999,6941516.0,15345564.0
28237,10.6759,Cu,-5.343,15.97,2.978,14.875,PI+SIDIS,0.44,4.4,0.52,0.0,42.654,65.604,42.696,65.67,43.142,66.356,97.216,149.525,42.941,66.046,0.9992,0.8944,0.9814,0.9745,-1.0,-1.0,-1.0,-1.0,-1.0,1.0,0.99963,0.999556,5971.0,3765.83,79.6149,90.6152,1.91573,51.2137,0.41743,1.000,IN,20915.62992,20872.11108,0.906064,5157666.0,18842596.0
28239,10.6759,Al,-5.343,15.97,2.978,14.875,HMSDIS,0.44,4.4,0.52,0.0,60210.379,49.585,60234.356,49.605,60778.678,50.053,182656.98,150.424,61389.194,50.556,0.9994,0.8296,-999,-999,-1.0,-1.0,-1.0,5.0,-1.0,-1.0,0.99985,0.991918,-999,-999,-999,31.8356,0.0514259,-999,-999,1.000,IN,-999,-999,-999,3146763.0,6010256.0
28240,10.6759,LD2,-5.343,15.97,2.978,14.875,PI+SIDIS,0.44,4.4,0.52,0.0,71.869,41.557,71.778,41.504,72.339,41.829,257.786,149.059,73.044,42.236,0.9993,0.8145,0.9802,0.9771,-1.0,-1.0,-1.0,-1.0,-1.0,1.0,0.99948,0.999559,31619.0,22707.0,181.946,324.16,2.59742,51.2278,0.409622,1.008,IN,35305.889,35227.942,0.915382,18311229.0,56711222.0
28241,10.6759,LD2,-5.343,15.97,2.978,14.875,PI+SIDIS,0.44,4.4,0.52,0.0,63.928,40.476,63.817,40.406,64.329,40.73,231.168,146.364,64.938,41.116,0.9992,0.8257,0.9796,0.9768,-1.0,-1.0,-1.0,-1.0,-1.0,1.0,0.99947,0.999563,28081.0,20227.2,171.435,324.916,2.75382,51.2362,0.412521,1.008,IN,31379.44989,31312.97911,0.915285,16283497.0,50246779.0
28242,10.6759,LD2,-5.343,15.97,2.978,14.875,PI+SIDIS,0.44,4.4,0.52,0.0,77.469,43.158,77.38,43.108,77.936,43.418,273.45,152.339,78.681,43.833,0.9992,0.8189,0.981,0.9769,-1.0,-1.0,-1.0,-1.0,-1.0,1.0,0.99949,0.99955,34787.0,25072.2,190.804,332.11,2.52742,51.2363,0.405647,1.009,IN,38073.31239,37993.67961,0.91483,19723761.0,61043393.0
28243,10.6759,LD2,-5.343,15.97,2.978,14.875,PI+SIDIS,0.44,4.4,0.52,0.0,74.82,42.722,74.771,42.694,75.279,42.984,263.579,150.502,75.993,43.392,0.9992,0.8227,0.9789,0.9766,-1.0,-1.0,-1.0,-1.0,-1.0,1.0,0.99946,0.99955,32985.0,23618.5,185.866,323.881,2.54878,51.2361,0.408365,1.009,IN,36871.52484,36793.13716,0.91442,19039074.0,58968367.0
28244,10.6759,LD2,-5.343,15.97,2.978,14.875,HMSDIS,0.44,4.4,0.52,0.0,48982.607,42.279,48959.957,42.259,49273.097,42.53,172895.385,149.233,49730.346,42.924,0.9992,0.8221,-999,-999,-1.0,-1.0,-1.0,5.0,-1.0,-1.0,0.99897,0.957125,-999,-999,-999,155.704,0.126215,-999,-999,1.008,IN,-999,-999,-999,12473142.0,35560127.0
28245,10.6759,LD2,-5.343,15.97,2.978,16.87,PI+SIDIS,0.44,4.4,0.52,2.0,70.771,43.392,70.748,43.378,71.155,43.627,248.461,152.339,71.826,44.039,0.9991,0.8076,0.9846,0.9791,-1.0,-1.0,-1.0,-1.0,-1.0,1.0,0.99971,0.999736,26327.0,21659.8,164.636,313.063,2.37958,51.2677,0.402762,1.009,IN,34799.97377,34727.42923,0.927496,18014236.0,26186215.0
28246,10.6759,LD2,-5.343,15.97,2.978,16.87,PI+SIDIS,0.44,4.4,0.52,2.0,120.507,68.802,120.532,68.817,121.513,69.376,265.295,151.468,118.032,67.389,0.999,0.8173,0.9803,0.9762,-1.0,-1.0,-1.0,-1.0,-1.0,1.0,0.99906,0.999575,49374.0,36912.7,226.828,314.322,1.93151,51.2409,0.41585,1.014,IN,59348.70741,59227.17259,0.911016,30623613.0,46626167.0
28247,10.6759,LD2,-5.343,15.97,2.978,16.87,HMSDIS,0.44,4.4,0.52,2.0,47926.089,65.338,47898.51,65.3,48299.981,65.848,106099.293,144.646,46386.944,63.24,0.999,0.8229,-999,-999,-1.0,-1.0,-1.0,5.0,-1.0,-1.0,0.99803,0.957523,-999,-999,-999,155.386,0.127548,-999,-999,1.013,IN,-999,-999,-999,12184588.0,18496930.0
28248,10.6759,Dummy,-5.343,15.97,2.978,16.87,PI+SIDIS,0.44,4.4,0.52,2.0,80.634,48.212,80.572,48.175,81.204,48.553,244.227,146.027,81.976,49.015,0.9992,0.7889,0.9875,0.981,-1.0,-1.0,-1.0,-1.0,-1.0,1.0,0.99994,0.999948,4011.0,3831.17,63.5686,48.5124,0.804941,51.2992,0.414646,1.000,IN,39727.61893,39640.95907,0.957232,3929822.0,4259614.0
28249,10.6759,Dummy,-5.343,15.97,2.978,16.87,PI+SIDIS,0.44,4.4,0.52,2.0,83.8,49.9,83.787,49.893,84.441,50.282,250.698,149.282,85.256,50.767,0.9995,0.7874,0.9863,0.9805,-1.0,-1.0,-1.0,-1.0,-1.0,1.0,1.0,0.999948,4013.0,3827.83,63.5914,46.6172,0.774446,51.3076,0.413928,1.000,IN,41211.71633,41125.41467,0.958072,4076452.0,4450567.0
28250,10.6759,Dummy,-5.343,15.97,2.978,16.87,PI+SIDIS,0.44,4.4,0.52,2.0,89.475,50.413,89.495,50.424,90.205,50.825,267.001,150.437,91.077,51.316,0.9995,0.785,0.9762,0.9822,-1.0,-1.0,-1.0,-1.0,-1.0,1.0,0.99999,0.999948,4401.0,4202.67,66.5887,47.8353,0.757921,51.2847,0.381162,1.000,IN,44027.92288,43936.19012,0.957836,4352371.0,4763493.0
28251,10.6759,Dummy,-5.343,15.97,2.978,16.87,HMSDIS,0.44,4.4,0.52,2.0,48134.07,49.777,48153.276,49.797,48547.84,50.205,144591.489,149.528,49014.721,50.688,0.9994,0.8289,-999,-999,-1.0,-1.0,-1.0,1.0,-1.0,-1.0,0.99624,0.994812,-999,-999,-999,29.5091,0.0248093,-999,-999,1.000,IN,-999,-999,-999,2343280.0,2566460.0
28252,10.6759,C,-5.343,15.97,2.978,16.87,PI+SIDIS,0.44,4.4,0.52,2.0,80.822,49.065,80.83,49.07,81.526,49.492,243.542,147.847,82.309,49.967,0.9992,0.8466,0.9856,0.9811,-1.0,-1.0,-1.0,-1.0,-1.0,1.0,0.99983,0.999804,15733.0,13448.7,126.94,169.752,1.60227,51.2714,0.437877,1.000,IN,39849.3875,39769.6585,0.934485,12923091.0,17818210.0
28253,10.6759,C,-5.343,15.97,2.978,16.87,PI+SIDIS,0.44,4.4,0.52,2.0,87.195,49.269,87.109,49.22,87.897,49.665,264.554,149.484,88.746,50.145,0.9992,0.8322,0.9879,0.9823,-1.0,-1.0,-1.0,-1.0,-1.0,1.0,0.99985,0.999806,17077.0,14596.2,132.252,170.743,1.54705,51.2873,0.494479,1.000,IN,42853.52284,42764.68916,0.935382,13941069.0,19145086.0
28254,10.6759,C,-5.343,15.97,2.978,16.87,HMSDIS,0.44,4.4,0.52,2.0,-999,-999,-999,-999,-999,-999,-999,-999,-999,-999,-999,-999,-999,-999,-999,-999,-999,-999,-999,-999,-999,-999,-999,-999,-999,-999,-999,-999,-999,-999,IN,-999,-999,-999,-999,-999
28255,10.6759,C,-5.343,15.97,2.978,16.87,HMSDIS,0.44,4.4,0.52,2.0,42143.477,48.841,42123.833,48.818,42513.26,49.269,128335.152,148.73,42926.109,49.748,0.9993,0.8523,-999,-999,-1.0,-1.0,-1.0,3.0,-1.0,-1.0,0.99858,0.98066,-999,-999,-999,97.3029,0.0833336,-999,-999,1.000,IN,-999,-999,-999,6741377.0,9253647.0
28256,10.6759,Cu,-5.343,15.97,2.978,16.87,PI+SIDIS,0.44,4.4,0.52,2.0,109.142,66.426,109.204,66.464,110.317,67.141,243.112,147.962,107.012,65.129,0.9992,0.8898,0.9831,0.9782,-1.0,-1.0,-1.0,-1.0,-1.0,1.0,0.99976,0.999713,12759.0,9581.5,115.276,89.7882,1.08025,51.2573,0.447008,1.000,IN,53853.49529,53740.29371,0.918848,13192503.0,24671867.0
28257,10.6759,Cu,-5.343,15.97,2.978,16.87,PI+SIDIS,0.44,4.4,0.52,2.0,100.806,64.011,100.89,64.064,101.892,64.7,228.546,145.125,98.932,62.821,0.9992,0.8903,0.9836,0.9785,-1.0,-1.0,-1.0,-1.0,-1.0,1.0,0.99978,0.999717,11867.0,8975.5,111.126,91.0111,1.12681,51.2528,0.428618,1.000,IN,49710.46383,49603.84417,0.918693,12182550.0,22697234.0
28258,10.6759,Cu,-5.343,15.97,2.978,16.87,PI+SIDIS,0.44,4.4,0.52,2.0,94.744,61.972,94.789,62.002,95.757,62.635,218.571,142.969,93.255,60.999,0.9991,0.8883,0.9835,0.9791,-1.0,-1.0,-1.0,-1.0,-1.0,1.0,0.99976,0.99972,11246.0,8543.83,108.15,92.1647,1.16664,51.2483,0.442996,1.000,IN,46594.68797,46492.51703,0.919382,11453707.0,21309674.0
28259,10.6759,Cu,-5.343,15.97,2.978,16.87,HMSDIS,0.44,4.4,0.52,2.0,61813.227,69.386,61790.75,69.361,62469.32,70.122,134247.342,150.694,60496.646,67.908,0.9992,0.8932,-999,-999,-1.0,-1.0,-1.0,3.0,-1.0,-1.0,0.99838,0.970916,-999,-999,-999,71.9799,0.0591876,-999,-999,1.000,IN,-999,-999,-999,7475642.0,13942211.0
28260,10.6759,LH2,-5.343,15.97,2.978,16.87,PI+SIDIS,0.44,4.4,0.52,2.0,95.073,57.624,95.042,57.606,96.202,58.309,244.08,147.939,97.12,58.866,0.9993,0.732,0.9866,0.9825,-1.0,-1.0,-1.0,-1.0,-1.0,1.0,0.99983,0.999818,21894.0,19395.0,149.367,207.884,1.60098,51.2595,0.403247,1.020,IN,46737.73361,46643.79739,0.937624,13568114.0,17835803.0
28261,10.6759,LH2,-5.343,15.97,2.978,16.87,PI+SIDIS,0.44,4.4,0.52,2.0,90.974,57.867,90.996,57.88,91.916,58.465,233.234,148.355,92.71,58.971,0.9992,0.7298,0.9852,0.9818,-1.0,-1.0,-1.0,-1.0,-1.0,1.0,0.99981,0.999818,20742.0,18326.3,145.412,205.334,1.62924,51.2731,0.40162,1.020,IN,44742.90752,44651.67748,0.937507,12987863.0,17071206.0
28262,10.6759,LH2,-5.343,15.97,2.978,16.87,PI+SIDIS,0.44,4.4,0.52,2.0,104.725,59.528,104.799,59.57,105.149,59.769,265.379,150.847,105.957,60.228,0.9993,0.7473,0.9859,0.9822,-1.0,-1.0,-1.0,-1.0,-1.0,1.0,0.99984,0.999816,24227.0,21392.3,157.161,208.006,1.52813,51.3144,0.39771,1.020,IN,51560.46301,51454.55399,0.936385,14943759.0,19566192.0
28263,10.6759,LH2,-5.343,15.97,2.978,16.87,PI+SIDIS,0.44,4.4,0.52,2.0,113.881,60.137,113.992,60.196,114.33,60.374,287.152,151.635,115.427,60.953,0.9993,0.7432,0.9862,0.9823,-1.0,-1.0,-1.0,-1.0,-1.0,1.0,0.9998,0.999815,25861.0,22839.8,162.372,204.157,1.45138,51.3023,0.413809,1.021,IN,56091.74787,55972.64113,0.936311,16244350.0,21279679.0
28264,10.6759,LH2,-5.343,15.97,2.978,16.87,PI+SIDIS,0.44,4.4,0.52,2.0,105.709,58.901,105.759,58.93,106.602,59.399,268.876,149.819,107.73,60.028,0.9993,0.8581,0.9787,0.9768,-1.0,-1.0,-1.0,-1.0,1.0,-1.0,0.99973,0.999817,24328.0,21517.0,157.469,208.487,1.52578,51.2749,0.461267,1.020,IN,52030.69122,51922.89178,0.917745,15083990.0,19844805.0
28265,10.6759,LH2,-5.343,15.97,2.978,16.87,HMSDIS,0.44,4.4,0.52,2.0,44344.415,58.053,44327.331,58.031,44807.831,58.66,113521.653,148.616,45269.18,59.264,0.9993,0.753,-999,-999,-1.0,-1.0,-1.0,1.0,-1.0,-1.0,0.63106,0.981806,-999,-999,-999,88.3318,0.0562133,-999,-999,1.020,IN,-999,-999,-999,6328214.0,8330122.0
28266,10.6759,LH2,-5.343,15.97,2.978,16.87,HMSDIS,0.44,4.4,0.52,2.0,59802.97,55.714,59786.061,55.699,60483.933,56.349,155696.869,145.052,61051.829,56.878,0.9992,0.8644,-999,-999,-1.0,-1.0,5.0,-1.0,-1.0,-1.0,0.99902,0.982044,-999,-999,-999,88.4946,0.0861053,-999,-999,1.019,IN,-999,-999,-999,8544730.0,11258936.0
28267,10.6759,LD2,-5.343,15.97,2.978,16.87,PI+SIDIS,0.44,4.4,0.52,2.0,114.852,68.359,114.899,68.387,115.32,68.638,251.536,149.712,112.602,67.02,0.999,0.8083,0.98,0.978,-1.0,-1.0,-1.0,-1.0,-1.0,1.0,0.9991,0.999574,46684.0,34606.2,220.674,308.549,1.96753,51.2969,0.495788,1.014,IN,56513.34565,56394.30135,0.90993,29200763.0,44615260.0
28268,10.6759,LH2,-5.343,15.97,-5.154,16.87,PI-SIDIS,0.44,4.4,0.9,2.0,-999,-999,-999,-999,-999,-999,-999,-999,-999,-999,-999,-999,-999,-999,-999,-999,-999,-999,-999,-999,-999,-999,-999,-999,-999,-999,-999,-999,-999,-999,IN,-999,-999,0.917095,-999,-999
28269,10.6759,Dummy,-5.343,15.97,-5.154,16.87,PI-SIDIS,0.44,4.4,0.9,2.0,58.03,49.872,58.002,49.847,58.007,49.852,175.747,151.039,58.461,50.242,0.9995,0.8857,0.9879,0.9874,-1.0,-1.0,-1.0,-1.0,-1.0,1.0,1.0,0.999997,537.0,534.5,23.1822,9.33746,0.404983,51.3442,0.459033,1.000,IN,28501.19383,28438.43117,0.951212,2822196.0,2438908.0
28270,10.6759,LD2,-5.343,15.97,-5.154,16.87,PI-SIDIS,0.44,4.4,0.9,2.0,126.33,69.929,126.408,69.972,127.071,70.339,273.782,151.549,123.989,68.633,0.9989,0.8718,0.9916,0.9662,-1.0,-1.0,-1.0,-1.0,-1.0,1.0,0.99995,0.999974,9230.0,8978.17,96.2911,73.5947,0.789305,51.2854,0.444155,1.014,IN,62194.55534,62054.88666,0.907315,32060342.0,26446515.0
28276,10.6759,LH2,-5.343,15.97,-3.837,16.87,HMSDIS,0.44,4.4,0.67,2.0,53291.807,69.128,53323.319,69.169,53912.933,69.933,115999.457,150.469,52177.329,67.682,0.9993,0.7569,-999,-999,-1.0,-1.0,-1.0,5.0,-1.0,-1.0,0.99894,0.996417,-999,-999,-999,87.7082,0.0907672,-999,-999,1.024,IN,-999,-999,-999,7567094.0,13702584.0
28277,10.6759,LH2,-5.343,15.97,-3.837,16.87,HMSDIS,0.44,4.4,0.67,2.0,9028.46,70.109,9035.258,70.162,9122.818,70.842,19477.685,151.252,8869.461,68.875,0.9993,0.8676,-999,-999,-1.0,-1.0,5.0,-1.0,-1.0,-1.0,0.99874,0.996416,-999,-999,-999,87.7367,0.220562,-999,-999,1.024,IN,-999,-999,-999,1282941.0,2323077.0
28278,10.6759,LH2,-5.343,15.97,-3.837,16.87,HMSDIS,0.44,4.4,0.67,2.0,27539.484,67.356,27566.213,67.422,27702.478,67.755,60707.04,148.477,26982.042,65.993,0.9992,0.8636,-999,-999,-1.0,-1.0,5.0,-1.0,-1.0,-1.0,0.99874,0.99643,-999,-999,-999,87.5237,0.126126,-999,-999,1.023,IN,-999,-999,-999,3909993.0,7089871.0
28280,10.6759,Dummy,-5.343,15.97,-3.837,16.87,PI-SIDIS,0.44,4.4,0.67,2.0,40.884,49.48,40.906,49.506,40.934,49.54,124.04,150.119,41.295,49.977,0.9997,0.8333,0.991,0.9849,-1.0,-1.0,-1.0,-1.0,-1.0,1.0,1.0,0.999992,994.0,976.167,31.5749,24.2368,0.783958,51.3779,0.482464,1.000,IN,20070.42099,20024.99201,0.96045,1988312.0,3365173.0
28281,10.6759,Dummy,-5.343,15.97,-3.837,16.87,PI-SIDIS,0.44,4.4,0.67,2.0,77.783,48.229,77.697,48.176,78.457,48.647,238.025,147.587,79.164,49.085,0.9995,0.8354,0.9872,0.9872,-1.0,-1.0,-1.0,-1.0,-1.0,1.0,1.0,0.999992,1915.0,1883.67,43.8203,24.5704,0.571589,51.2805,0.409821,1.000,IN,38239.71,38143.721,0.964896,3791551.0,6427855.0
28282,10.6759,Dummy,-5.343,15.97,-3.837,16.87,PI-SIDIS,0.44,4.4,0.67,2.0,91.739,50.236,91.676,50.202,92.458,50.63,276.589,151.46,93.276,51.078,0.9991,0.8737,0.9912,0.9882,-1.0,-1.0,-1.0,-1.0,-1.0,1.0,1.0,0.999992,2232.0,2191.83,47.3148,24.2158,0.522743,51.2848,0.410161,1.000,IN,45113.05929,45002.59571,0.957971,4465915.0,7577131.0
28283,10.6759,Dummy,-5.343,15.97,-3.837,16.87,PI-SIDIS,0.44,4.4,0.67,2.0,30.243,48.384,30.234,48.37,30.461,48.733,92.377,147.787,30.734,49.17,0.9991,0.9091,0.9836,0.9874,-1.0,-1.0,-1.0,-1.0,-1.0,1.0,1.0,0.999992,743.0,731.333,27.2937,24.5198,0.915091,51.3157,0.462488,1.000,IN,14908.99363,14876.23437,0.962235,1471451.0,2497770.0
28284,10.6759,Dummy,-5.343,15.97,-3.837,16.87,HMSDIS,0.44,4.4,0.67,2.0,45459.225,49.735,45462.711,49.739,45762.167,50.066,137670.038,150.619,46159.263,50.501,0.9993,0.8321,-999,-999,-1.0,-1.0,-1.0,3.0,-1.0,-1.0,0.99972,0.999162,-999,-999,-999,29.4349,0.0440938,-999,-999,1.000,IN,-999,-999,-999,2213017.0,3756965.0
28285,10.6759,Dummy,-5.343,15.97,-3.837,16.87,PI-SIDIS,0.44,4.4,0.67,2.0,87.5,49.722,87.52,49.733,88.039,50.028,264.989,150.579,88.802,50.462,0.9998,0.8889,0.994,0.987,-1.0,-1.0,-1.0,-1.0,-1.0,1.0,1.0,0.999991,2083.0,2050.5,45.6992,23.7423,0.52914,51.3208,0.503027,1.000,IN,43061.34622,42962.79078,0.961978,4253571.0,7238259.0
28286,10.6759,Dummy,-5.343,15.97,-3.837,16.87,PI-SIDIS,0.44,4.4,0.67,2.0,63.489,49.245,63.487,49.243,63.842,49.519,192.701,149.467,64.397,49.949,0.9998,0.8971,0.992,0.9865,-1.0,-1.0,-1.0,-1.0,-1.0,1.0,1.0,0.999992,1483.0,1455.33,38.5696,23.2417,0.615956,51.3314,0.486469,1.000,IN,31279.72693,31207.09207,0.962487,3090295.0,5241428.0
28287,10.6759,LH2,-5.343,15.97,-3.837,16.87,PI-SIDIS,0.44,4.4,0.67,2.0,111.684,67.179,111.623,67.142,112.378,67.596,246.372,148.195,109.497,65.864,0.9992,0.7724,0.9898,0.9855,-1.0,-1.0,-1.0,-1.0,-1.0,1.0,0.99998,0.99997,9299.0,8867.5,96.8035,80.6768,0.880722,51.322,0.50287,1.023,IN,54906.31524,54782.59876,0.936527,15883322.0,23359127.0
28288,10.6759,LH2,-5.343,15.97,-3.837,16.87,PI-SIDIS,0.44,4.4,0.67,2.0,96.169,66.126,96.14,66.105,96.739,66.517,214.068,147.192,94.206,64.776,0.9991,0.8213,0.9909,0.9863,-1.0,-1.0,-1.0,-1.0,-1.0,1.0,0.99997,0.99997,8078.0,7712.67,90.2158,81.4131,0.952296,51.3328,0.489486,1.023,IN,47271.40678,47165.02622,0.937716,13676624.0,20097521.0
28289,10.6759,LH2,-5.343,15.97,-3.837,16.87,PI-SIDIS,0.44,4.4,0.67,2.0,133.191,70.112,133.232,70.134,134.048,70.563,287.808,151.503,130.384,68.635,0.9991,0.8024,0.9928,0.9869,-1.0,-1.0,-1.0,-1.0,-1.0,1.0,0.99998,0.999969,11095.0,10587.3,105.734,80.5944,0.804881,51.3195,0.48896,1.024,IN,65556.45887,65410.87113,0.93631,18928698.0,27827549.0
28290,10.6759,LH2,-5.343,15.97,-3.837,16.87,PI-SIDIS,0.44,4.4,0.67,2.0,63.64,63.17,63.672,63.201,64.071,63.598,145.575,144.499,62.526,62.064,0.9991,0.7786,0.9912,0.989,-1.0,-1.0,-1.0,-1.0,-1.0,1.0,0.99996,0.999971,5274.0,5042.33,72.8877,80.1487,1.15856,51.3149,0.495674,1.022,IN,31262.78062,31193.60038,0.93862,9049339.0,13303643.0
28291,10.6759,LH2,-5.343,15.97,-3.837,16.87,PI-SIDIS,0.44,4.4,0.67,2.0,107.164,64.434,107.119,64.408,107.887,64.87,241.043,144.932,105.068,63.174,0.9991,0.8778,0.9898,0.9851,-1.0,-1.0,-1.0,-1.0,1.0,-1.0,0.99995,0.99997,8823.0,8398.33,94.3068,79.6631,0.894556,51.285,0.367449,1.022,IN,52665.89854,52553.21046,0.918854,15236640.0,22400431.0
28292,10.6759,LH2,-5.343,15.97,-3.837,16.87,PI-SIDIS,0.44,4.4,0.67,2.0,115.12,67.57,115.121,67.571,116.015,68.096,253.606,148.855,112.842,66.234,0.9991,0.8135,0.9908,0.9868,-1.0,-1.0,-1.0,-1.0,-1.0,1.0,0.99999,0.99997,9659.0,9203.5,98.6657,81.0899,0.869321,51.3001,0.401119,1.023,IN,56630.91666,56505.81334,0.937734,16357515.0,24060350.0
28293,10.6759,LH2,-5.343,15.97,-3.837,16.87,PI-SIDIS,0.44,4.4,0.67,2.0,116.398,68.232,116.459,68.267,117.42,68.831,255.219,149.607,114.263,66.98,0.999,0.7682,0.9916,0.9882,-1.0,-1.0,-1.0,-1.0,-1.0,1.0,0.99998,0.99997,9576.0,9139.5,98.2281,79.4968,0.854403,51.2811,0.369903,1.023,IN,57289.51761,57158.25139,0.93776,16530288.0,24309653.0
28294,10.6759,LH2,-5.343,15.97,-3.837,16.87,PI-SIDIS,0.44,4.4,0.67,2.0,57.121,67.254,57.159,67.298,57.645,67.871,126.063,148.425,56.114,66.068,0.9992,0.7658,0.9913,0.9856,-1.0,-1.0,-1.0,-1.0,-1.0,1.0,0.99997,0.99997,4755.0,4526.83,69.2317,80.4212,1.22993,51.2843,0.366651,1.023,IN,28045.02368,27981.89032,0.935874,8109189.0,11932638.0
28295,10.6759,LH2,-5.343,15.97,-3.837,14.875,PI-SIDIS,0.44,4.4,0.67,0.0,118.036,68.033,118.152,68.1,119.224,68.718,259.682,149.674,115.917,66.812,0.9991,0.7948,0.9903,0.9848,-1.0,-1.0,-1.0,-1.0,-1.0,1.0,0.99997,0.999937,11991.0,10816.3,110.394,93.0432,0.949619,51.2813,0.364539,1.023,-999,58196.82099,58063.98801,0.931975,16767562.0,51009040.0
28296,10.6759,LH2,-5.343,15.97,-3.837,14.875,PI-SIDIS,0.44,4.4,0.67,0.0,49.682,66.726,49.721,66.778,50.205,67.428,110.054,147.809,48.792,65.531,0.9992,0.7859,0.9909,0.985,-1.0,-1.0,-1.0,-1.0,-1.0,1.0,0.99994,0.999937,5043.0,4538.17,71.604,92.7426,1.46331,51.2798,0.374159,1.023,IN,24378.5478,24326.4652,0.933424,7062857.0,21442184.0
28298,10.6759,LH2,-5.343,15.97,-3.837,14.875,PI-SIDIS,0.44,4.4,0.67,0.0,116.446,67.65,116.425,67.638,117.199,68.087,256.401,148.957,114.05,66.258,0.9992,0.7964,0.9899,0.9859,-1.0,-1.0,-1.0,-1.0,-1.0,1.0,0.99993,0.999937,11787.0,10623.7,109.457,92.635,0.954432,51.2946,0.363272,1.023,IN,57271.52208,57132.74992,0.930865,16551643.0,50246996.0
28299,10.6759,LH2,-5.343,15.97,-3.837,14.875,PI-SIDIS,0.44,4.4,0.67,0.0,116.224,68.921,116.258,68.941,116.503,69.086,253.585,150.375,114.047,67.63,0.9994,0.7896,0.9913,0.9863,-1.0,-1.0,-1.0,-1.0,-1.0,1.0,0.99994,0.999936,11596.0,10449.0,108.569,91.1863,0.947457,51.3108,0.361387,1.024,IN,57196.83504,57061.57696,0.930851,16506812.0,50017325.0
28300,10.6759,Dummy,-5.343,15.97,-3.837,14.875,PI-SIDIS,0.44,4.4,0.67,0.0,84.279,49.768,84.291,49.775,84.761,50.053,254.865,150.5,85.62,50.56,0.9996,0.9236,0.9923,0.9881,-1.0,-1.0,-1.0,-1.0,-1.0,1.0,1.0,0.999983,2361.0,2274.33,48.7385,27.3178,0.585415,51.2776,0.375771,1.000,IN,41463.06523,41371.17877,0.956586,4098344.0,14226447.0
28301,10.6759,Dummy,-5.343,15.97,-3.837,14.875,PI-SIDIS,0.44,4.4,0.67,0.0,88.013,49.694,88.035,49.706,88.773,50.123,266.826,150.655,89.65,50.618,0.9989,0.8571,0.9887,0.9885,-1.0,-1.0,-1.0,-1.0,-1.0,1.0,1.0,0.999983,2516.0,2426.33,50.3085,27.9124,0.578745,51.2739,0.37352,1.000,IN,43309.65905,43213.49895,0.957387,4278212.0,14869117.0
28302,10.6759,Dummy,-5.343,15.97,-3.837,14.875,PI-SIDIS,0.44,4.4,0.67,0.0,88.084,49.289,88.119,49.308,88.961,49.78,267.712,149.803,89.78,50.238,0.9999,0.8406,0.9891,0.9878,-1.0,-1.0,-1.0,-1.0,-1.0,1.0,1.0,0.999983,2551.0,2468.67,50.6431,28.364,0.581869,51.2768,0.368929,1.000,IN,43348.42555,43253.31545,0.957213,4283239.0,14895485.0
28303,10.6759,Dummy,-5.343,15.97,-3.837,14.875,PI-SIDIS,0.44,4.4,0.67,0.0,110.129,50.221,110.077,50.197,110.448,50.367,332.565,151.656,111.256,50.735,0.9993,0.84,0.992,0.9885,-1.0,-1.0,-1.0,-1.0,-1.0,1.0,1.0,0.999983,3100.0,2991.5,55.8398,27.5119,0.513541,51.3188,0.37133,1.000,IN,54180.11215,54061.40585,0.95743,5356347.0,18588830.0
28304,10.6759,LH2,-5.343,15.97,-3.837,14.875,PI-SIDIS,0.44,4.4,0.67,0.0,107.163,68.842,107.172,68.848,107.496,69.056,233.582,150.054,104.997,67.451,0.9991,0.7867,0.9923,0.9863,-1.0,-1.0,-1.0,-1.0,-1.0,1.0,0.99994,0.999936,11089.0,10025.3,106.143,94.9348,1.00512,51.2977,0.380017,1.024,IN,52717.04644,52596.08156,0.930066,15214419.0,46146884.0
28305,10.6759,LH2,-5.343,15.97,-3.837,14.875,PI-SIDIS,0.44,4.4,0.67,0.0,115.763,70.716,115.825,70.753,116.626,71.243,249.189,152.221,113.457,69.307,0.9993,0.7987,0.9914,0.9859,-1.0,-1.0,-1.0,-1.0,-1.0,1.0,0.99995,0.999936,11852.0,10711.7,109.736,93.8746,0.961704,51.2682,0.377003,1.024,IN,56977.30875,56851.96325,0.933247,16436515.0,49843359.0
28306,10.6759,LH2,-5.343,15.97,-3.837,12.875,PI-SIDIS,0.44,4.4,0.67,-2.0,100.703,66.062,100.797,66.124,101.771,66.763,224.441,147.236,98.925,64.896,0.9991,0.7703,0.9892,0.9848,-1.0,-1.0,-1.0,-1.0,-1.0,1.0,0.99982,0.999866,11657.0,9236.17,109.82,93.1458,1.10753,51.253,0.385658,1.023,IN,49550.94652,49446.22948,0.92471,14299974.0,90906371.0
28307,10.6759,LH2,-5.343,15.97,-3.837,12.875,PI-SIDIS,0.44,4.4,0.67,-2.0,72.326,59.151,72.402,59.212,73.106,59.789,175.824,143.795,71.429,58.417,0.9992,0.7771,0.9896,0.9837,-1.0,-1.0,-1.0,-1.0,-1.0,1.0,0.99986,0.999873,8427.0,6771.67,93.2893,95.168,1.31107,51.2664,0.384996,1.020,IN,35609.20048,35527.57452,0.925941,10282970.0,65285594.0
28308,10.6759,LH2,-5.343,15.97,-3.837,12.875,PI-SIDIS,0.44,4.4,0.67,-2.0,102.461,67.373,102.46,67.372,103.376,67.974,226.178,148.722,100.413,66.026,0.9992,0.7666,0.9885,0.9847,-1.0,-1.0,-1.0,-1.0,-1.0,1.0,0.99987,0.999865,11838.0,9395.17,110.658,93.2069,1.09781,51.2656,0.379835,1.023,IN,50382.04272,50265.24728,0.923339,14558917.0,92360927.0
28309,10.6759,LH2,-5.343,15.97,-3.837,12.875,PI-SIDIS,0.44,4.4,0.67,-2.0,87.287,62.819,87.25,62.792,87.989,63.324,199.692,143.714,85.716,61.688,0.9992,0.7635,0.9887,0.9846,-1.0,-1.0,-1.0,-1.0,-1.0,1.0,0.99987,0.999868,10053.0,8015.83,101.944,93.3959,1.18779,51.2645,0.373118,1.022,IN,42882.19446,42779.89054,0.924149,12411226.0,78557118.0
28310,10.6759,Dummy,-5.343,15.97,-3.837,12.875,PI-SIDIS,0.44,4.4,0.67,-2.0,83.754,49.299,83.734,49.288,84.194,49.559,254.331,149.705,84.928,49.991,0.9996,0.877,0.9915,0.9871,-1.0,-1.0,-1.0,-1.0,-1.0,1.0,0.99998,0.999966,2558.0,2387.33,50.8571,28.8957,0.615561,51.3023,0.375807,1.000,IN,41190.69215,41099.24285,0.951719,4074415.0,29199187.0
28311,10.6759,Dummy,-5.343,15.97,-3.837,12.875,PI-SIDIS,0.44,4.4,0.67,-2.0,84.652,49.36,84.657,49.363,85.033,49.582,256.515,149.573,85.767,50.01,0.9995,0.8972,0.9898,0.9852,-1.0,-1.0,-1.0,-1.0,-1.0,1.0,1.0,0.999966,2457.0,2285.33,49.8559,27.4144,0.598062,51.3117,0.383783,1.000,IN,41645.06348,41555.05352,0.947182,4116091.0,29532470.0
28312,10.6759,Dummy,-5.343,15.97,-3.837,12.875,PI-SIDIS,0.44,4.4,0.67,-2.0,77.962,47.892,77.988,47.908,78.247,48.067,239.015,146.827,78.92,48.48,0.9994,0.8609,0.993,0.9857,-1.0,-1.0,-1.0,-1.0,-1.0,1.0,1.0,0.999967,2372.0,2206.33,48.9858,28.7183,0.637615,51.3004,0.372799,1.000,IN,38449.16895,38367.88605,0.949182,3792426.0,27236037.0
28313,10.6759,Dummy,-5.343,15.97,-3.837,12.875,PI-SIDIS,0.44,4.4,0.67,-2.0,100.044,48.477,100.057,48.484,100.277,48.59,305.747,148.153,101.1,48.989,0.9995,0.8459,0.9895,0.9861,-1.0,-1.0,-1.0,-1.0,-1.0,1.0,0.99998,0.999966,3022.0,2818.5,55.2803,28.5808,0.560566,51.3183,0.377302,1.000,IN,49235.90329,49126.53371,0.949767,4869910.0,34944905.0
28314,10.6759,LH2,-5.343,15.97,-3.837,12.875,PI-SIDIS,0.44,4.4,0.67,-2.0,25.794,51.248,25.779,51.218,25.852,51.364,65.546,130.229,25.465,50.595,0.999,0.8123,0.9846,0.9846,-1.0,-1.0,-1.0,-1.0,-1.0,1.0,0.99989,0.999878,2937.0,2372.5,55.0553,93.5752,2.17147,51.3053,0.390467,1.018,IN,12577.17271,12550.55429,0.921754,3676038.0,23252788.0
28315,10.6759,LH2,-5.343,15.97,-3.837,12.875,PI-SIDIS,0.44,4.4,0.67,-2.0,87.057,59.497,87.096,59.524,87.083,59.515,210.925,144.152,87.443,59.761,0.9991,0.7724,0.9896,0.9843,-1.0,-1.0,-1.0,-1.0,-1.0,1.0,0.99989,0.999875,9919.0,7976.0,101.207,93.1319,1.18174,51.3015,0.371947,1.020,IN,42934.27438,42837.11162,0.922406,12398993.0,78578464.0
28317,10.6759,LH2,-5.343,15.97,-3.837,12.875,PI-SIDIS,0.44,4.4,0.67,-2.0,92.908,61.09,92.973,61.132,92.918,61.096,222.996,146.625,93.707,61.615,0.9992,0.7557,0.9902,0.9849,-1.0,-1.0,-1.0,-1.0,-1.0,1.0,0.99991,0.999875,10561.0,8487.0,104.435,92.7667,1.14152,51.3061,0.372083,1.021,IN,45716.23614,45607.89986,0.924918,13235378.0,83777640.0
28318,10.6759,LH2,-5.343,15.97,-3.837,12.875,PI-SIDIS,0.44,4.4,0.67,-2.0,109.971,63.731,110.053,63.779,110.103,63.808,258.377,149.737,111.082,64.375,0.9992,0.7637,0.9892,0.9847,-1.0,-1.0,-1.0,-1.0,-1.0,1.0,0.9999,0.999873,12886.0,10429.3,115.306,96.3254,1.06497,51.2981,0.374887,1.022,IN,54135.02658,54009.80342,0.925301,15659145.0,99105382.0
28319,10.6759,LH2,-5.343,15.97,-2.978,12.875,PI-SIDIS,0.44,4.4,0.52,-2.0,96.92,60.351,96.887,60.331,97.031,60.42,234.193,145.83,97.843,60.926,0.9992,0.7602,0.9867,0.9854,-1.0,-1.0,-1.0,-1.0,-1.0,1.0,0.99978,0.99972,15216.0,9000.5,127.483,94.3695,1.33665,51.2752,0.370437,1.021,IN,47636.67521,47532.29379,0.918689,13811309.0,97071008.0
28321,10.6759,LH2,-5.343,15.97,-2.978,12.875,PI-SIDIS,0.44,4.4,0.52,-2.0,76.677,55.962,76.606,55.911,76.713,55.989,191.263,139.593,77.33,56.439,0.9992,0.7657,0.9863,0.9853,-1.0,-1.0,-1.0,-1.0,-1.0,1.0,0.99979,0.999726,12015.0,7196.5,113.217,95.4392,1.50147,51.2697,0.382264,1.019,IN,37627.00914,37542.86586,0.918614,10932227.0,76652962.0
28322,10.6759,LH2,-5.343,15.97,-2.978,12.875,PI-SIDIS,0.44,4.4,0.52,-2.0,107.215,62.99,107.169,62.963,107.295,63.037,253.117,148.708,108.19,63.563,0.9992,0.7628,0.9854,0.9851,-1.0,-1.0,-1.0,-1.0,-1.0,1.0,0.99979,0.999715,16993.0,9989.0,134.76,94.7133,1.27776,51.2663,0.382991,1.022,IN,52719.67974,52603.10426,0.918674,15272167.0,107241636.0
28323,10.6759,LH2,-5.343,15.97,-2.978,12.875,PI-SIDIS,0.44,4.4,0.52,-2.0,102.988,61.368,102.985,61.366,103.153,61.466,245.256,146.143,104.009,61.977,0.9993,0.7602,0.9858,0.9858,-1.0,-1.0,-1.0,-1.0,-1.0,1.0,0.99977,0.999716,16079.0,9371.5,131.137,92.3951,1.2929,51.2699,0.379759,1.021,IN,50658.09921,50538.33879,0.918875,14665501.0,103027548.0
28324,10.6759,Dummy,-5.343,15.97,-2.978,12.875,PI-SIDIS,0.44,4.4,0.52,-2.0,80.02,47.714,79.99,47.695,80.116,47.771,244.228,145.626,80.802,48.18,0.999,0.8607,0.9916,0.9882,-1.0,-1.0,-1.0,-1.0,-1.0,1.0,1.0,0.999928,2728.0,2260.5,52.9709,28.6259,0.670797,51.299,0.368331,1.000,IN,39333.14229,39244.31471,0.944038,3893003.0,29465149.0
28325,10.6759,Dummy,-5.343,15.97,-2.978,12.875,PI-SIDIS,0.44,4.4,0.52,-2.0,90.255,50.837,90.212,50.813,90.415,50.927,269.162,151.609,91.209,51.375,0.9995,0.8505,0.9875,0.988,-1.0,-1.0,-1.0,-1.0,-1.0,1.0,0.99996,0.999927,3183.0,2654.33,57.1936,29.7967,0.642036,51.2941,0.367078,1.000,IN,44383.37043,44284.57757,0.942957,4392873.0,33269379.0
28326,10.6759,Dummy,-5.343,15.97,-2.978,12.875,PI-SIDIS,0.44,4.4,0.52,-2.0,81.145,49.029,81.038,48.964,81.291,49.117,244.783,147.902,82.009,49.551,0.9993,0.8121,0.9905,0.9882,-1.0,-1.0,-1.0,-1.0,-1.0,1.0,0.99999,0.999928,2867.0,2388.0,54.2847,29.8408,0.67835,51.2847,0.380441,1.000,IN,39955.85698,39864.45602,0.944825,3951005.0,29923495.0
28327,10.6759,Dummy,-5.343,15.97,-2.978,12.875,PI-SIDIS,0.44,4.4,0.52,-2.0,91.555,50.868,91.44,50.804,91.809,51.01,272.723,151.526,92.593,51.445,0.9993,0.838,0.9856,0.9875,-1.0,-1.0,-1.0,-1.0,-1.0,1.0,0.99998,0.999927,3158.0,2615.67,56.9946,28.9884,0.631649,51.2786,0.38352,1.000,IN,44990.22223,44887.74877,0.94525,4456032.0,33811289.0
28328,10.6759,LD2,-5.343,15.97,-2.978,12.875,PI-SIDIS,0.44,4.4,0.52,-2.0,81.279,44.786,81.179,44.731,81.442,44.876,271.993,149.874,82.126,45.253,0.9992,0.8326,0.9826,0.984,-1.0,-1.0,-1.0,-1.0,-1.0,1.0,0.99944,0.999532,31025.0,15730.8,183.232,197.199,2.29697,51.2305,0.385127,1.009,IN,39929.12953,39836.74947,0.908537,20678716.0,181049517.0
28330,10.6759,LD2,-5.343,15.97,-2.978,12.875,PI-SIDIS,0.44,4.4,0.52,-2.0,12.592,39.609,12.58,39.571,12.629,39.725,44.003,138.417,12.735,40.059,0.9993,0.8382,0.9843,0.9845,-1.0,-1.0,-1.0,-1.0,-1.0,1.0,0.99949,0.999556,4747.0,2482.17,71.5854,200.66,5.787,51.2297,0.390975,1.008,IN,6199.14841,6185.74559,0.909625,3207453.0,28051930.0
28331,10.6759,LD2,-5.343,15.97,-2.978,12.875,PI-SIDIS,0.44,4.4,0.52,-2.0,79.632,42.012,79.516,41.951,79.882,42.145,273.58,144.337,80.565,42.505,0.9992,0.8181,0.9841,0.9842,-1.0,-1.0,-1.0,-1.0,-1.0,1.0,0.9995,0.999547,30087.0,15521.7,180.318,198.593,2.30709,51.2276,0.388019,1.008,IN,39116.18487,39025.91613,0.909654,20265002.0,177147846.0
28332,10.6759,LD2,-5.343,15.97,-2.978,12.875,PI-SIDIS,0.44,4.4,0.52,-2.0,74.136,44.457,73.976,44.362,74.37,44.598,250.98,150.506,75.011,44.982,0.9992,0.8212,0.9836,0.9841,-1.0,-1.0,-1.0,-1.0,-1.0,1.0,0.9995,0.999539,28147.0,14371.8,174.479,197.672,2.39981,51.2163,0.38598,1.009,IN,36389.4619,36309.1121,0.909025,18859702.0,164713879.0
28333,10.6759,LD2,-5.343,15.97,-2.978,12.875,PI-SIDIS,0.44,4.4,0.52,-2.0,44.24,42.844,44.157,42.763,44.409,43.008,151.027,146.261,44.789,43.376,0.9992,0.8268,0.9838,0.9841,-1.0,-1.0,-1.0,-1.0,-1.0,1.0,0.99958,0.999544,16689.0,8551.67,134.333,197.035,3.09509,51.2094,0.390684,1.009,IN,21772.23393,21722.31707,0.90903,11259331.0,98309318.0
28334,10.6759,LH2,-5.343,15.97,-2.978,12.875,PI-SIDIS,0.44,4.4,0.52,-2.0,104.241,60.634,104.223,60.623,105.083,61.123,242.998,141.344,102.124,59.402,0.9993,0.7631,0.9861,0.9854,-1.0,-1.0,-1.0,-1.0,-1.0,1.0,0.99977,0.999706,16605.0,9639.0,133.289,93.9425,1.29905,51.2326,0.381724,1.021,IN,51382.61721,51258.55779,0.91865,14826579.0,104533114.0
28335,10.6759,LH2,-5.343,15.97,-2.978,12.875,PI-SIDIS,0.44,4.4,0.52,-2.0,106.044,67.649,106.057,67.658,106.961,68.234,232.05,148.033,103.09,65.765,0.9992,0.7546,0.9859,0.9852,-1.0,-1.0,-1.0,-1.0,-1.0,1.0,0.99974,0.999693,16863.0,9436.83,134.539,90.411,1.28897,51.2296,0.390695,1.023,IN,52154.47514,52036.10286,0.91815,15066092.0,106436244.0
28336,10.6759,LH2,-5.343,15.97,-2.978,12.875,PI-SIDIS,0.44,4.4,0.52,-2.0,86.328,70.218,86.353,70.239,87.085,70.834,185.825,151.148,83.96,68.292,0.9993,0.7423,0.9858,0.9848,-1.0,-1.0,-1.0,-1.0,-1.0,1.0,0.99977,0.99969,13934.0,7800.17,122.296,91.8087,1.43943,51.2248,0.385378,1.024,IN,42439.62991,42342.45709,0.917449,12252233.0,86621998.0
28337,10.6759,LH2,-5.343,15.97,-2.978,14.88,PI-SIDIS,0.44,4.4,0.52,0.0,105.885,66.25,105.794,66.193,106.798,66.821,235.05,147.067,103.105,64.511,0.9992,0.7758,0.9886,0.9873,-1.0,-1.0,-1.0,-1.0,-1.0,1.0,0.99986,0.999842,13366.0,9616.5,118.283,92.1541,1.1335,51.2451,0.383426,1.023,IN,52022.25203,51905.11197,0.929592,15054448.0,53400644.0
28338,10.6759,LH2,-5.343,15.97,-2.978,14.88,PI-SIDIS,0.44,4.4,0.52,0.0,111.363,66.652,111.28,66.602,112.366,67.252,246.732,147.671,108.561,64.974,0.9991,0.7645,0.9876,0.9875,-1.0,-1.0,-1.0,-1.0,-1.0,1.0,0.99985,0.999842,14195.0,10336.5,121.812,94.1616,1.10966,51.2422,0.379724,1.023,IN,54844.8801,54719.2299,0.929959,15829338.0,56258151.0
28339,10.6759,LH2,-5.343,15.97,-2.978,14.88,PI-SIDIS,0.44,4.4,0.52,0.0,106.221,66.223,106.175,66.195,107.244,66.861,235.142,146.599,103.188,64.332,0.9992,0.7616,0.9889,0.987,-1.0,-1.0,-1.0,-1.0,-1.0,1.0,0.99985,0.999842,13593.0,9907.5,119.194,94.6315,1.13848,51.2531,0.374795,1.023,IN,52209.90687,52092.16413,0.929848,15103851.0,53685034.0
28340,10.6759,LH2,-5.343,15.97,-2.978,14.88,PI-SIDIS,0.44,4.4,0.52,0.0,118.866,69.713,118.851,69.704,120.062,70.414,256.535,150.453,115.532,67.758,0.9992,0.7723,0.9881,0.9873,-1.0,-1.0,-1.0,-1.0,-1.0,1.0,0.99985,0.99984,15055.0,10812.3,125.547,92.2318,1.07095,51.247,0.382424,1.024,IN,58468.17577,58333.27523,0.929653,16876801.0,60119217.0
28341,10.6759,LH2,-5.343,15.97,-2.978,14.88,PI-SIDIS,0.44,4.4,0.52,0.0,111.96,66.85,111.972,66.857,113.159,67.566,247.494,147.777,109.123,65.156,0.9991,0.8662,0.9823,0.9808,-1.0,-1.0,-1.0,-1.0,1.0,-1.0,0.9998,0.999842,14055.0,10063.7,121.327,91.7373,1.10598,51.2453,0.379812,1.023,IN,55138.49484,55012.11816,0.905252,15907324.0,56700227.0
28343,10.6759,LH2,-5.343,15.97,-2.978,14.88,HMSDIS,0.44,4.4,0.52,0.0,57936.846,66.541,57946.967,66.553,58363.584,67.032,128075.17,147.097,56373.214,64.746,0.9992,0.76,-999,-999,-1.0,-1.0,-1.0,3.0,-1.0,-1.0,0.99822,0.984194,-999,-999,-999,87.7516,0.0674889,-999,-999,1.023,IN,-999,-999,-999,8240996.0,29352392.0
28344,10.6759,LH2,-5.343,15.97,-2.978,14.88,HMSDIS,0.44,4.4,0.52,0.0,57462.385,69.724,57455.821,69.716,57632.803,69.931,124186.051,150.685,55890.785,67.817,0.9992,0.8633,-999,-999,-1.0,-1.0,5.0,-1.0,-1.0,-1.0,0.99871,0.983948,-999,-999,-999,87.6779,0.0874416,-999,-999,1.024,IN,-999,-999,-999,8171566.0,29051954.0
28345,10.6759,Dummy,-5.343,15.97,-2.978,14.88,PI-SIDIS,0.44,4.4,0.52,0.0,78.492,49.338,78.389,49.273,78.412,49.288,236.149,148.437,79.049,49.688,0.9995,0.871,0.9927,0.9889,-1.0,-1.0,-1.0,-1.0,-1.0,1.0,1.0,0.99996,2469.0,2223.5,50.0991,28.6977,0.646605,51.2982,0.363984,1.000,IN,38546.70216,38460.31784,0.948572,3823384.0,15090905.0
28346,10.6759,Dummy,-5.343,15.97,-2.978,14.88,PI-SIDIS,0.44,4.4,0.52,0.0,94.316,50.122,94.207,50.064,94.598,50.272,282.576,150.168,95.49,50.746,0.9993,0.8599,0.9887,0.9883,-1.0,-1.0,-1.0,-1.0,-1.0,1.0,0.99998,0.99996,2978.0,2693.5,55.0038,28.9505,0.591197,51.2911,0.367951,1.000,IN,46350.83529,46250.01371,0.948608,4589477.0,18170975.0
28347,10.6759,Dummy,-5.343,15.97,-2.978,14.88,PI-SIDIS,0.44,4.4,0.52,0.0,91.591,49.548,91.516,49.507,92.133,49.841,275.658,149.123,92.984,50.302,0.9992,0.8216,0.9862,0.9891,-1.0,-1.0,-1.0,-1.0,-1.0,1.0,0.99998,0.99996,2917.0,2638.33,54.4375,29.1707,0.601889,51.2801,0.36808,1.000,IN,45020.24167,44923.26233,0.95139,4452344.0,17677506.0
28348,10.6759,Dummy,-5.343,15.97,-2.978,14.88,PI-SIDIS,0.44,4.4,0.52,0.0,93.976,50.817,93.935,50.795,94.726,51.223,280.199,151.516,95.586,51.687,0.9994,0.8226,0.9901,0.9881,-1.0,-1.0,-1.0,-1.0,-1.0,1.0,1.0,0.99996,2929.0,2637.67,54.567,28.4349,0.58825,51.2598,0.379725,1.000,IN,46220.27936,46116.92264,0.952136,4568269.0,18168895.0
28349,10.6759,Dummy,-5.343,15.97,-2.978,14.88,HMSDIS,0.44,4.4,0.52,0.0,24280.787,51.171,24274.054,51.157,24499.077,51.631,72179.821,152.116,24724.406,52.106,0.9994,0.8275,-999,-999,-1.0,-1.0,-1.0,3.0,-1.0,-1.0,0.99972,0.995988,-999,-999,-999,29.3782,0.0602826,-999,-999,1.000,IN,-999,-999,-999,1178834.0,4693243.0
28350,10.6759,Dummy,-5.343,15.97,-2.978,14.88,HMSDIS,0.44,4.4,0.52,0.0,42597.716,50.519,42568.34,50.485,42740.174,50.688,128451.899,152.339,43035.082,51.038,0.9994,0.8285,-999,-999,-1.0,-1.0,-1.0,3.0,-1.0,-1.0,0.99976,0.996023,-999,-999,-999,29.4113,0.0455467,-999,-999,1.000,IN,-999,-999,-999,2072358.0,8250451.0
28351,10.6759,LD2,-5.343,15.97,-2.978,14.88,PI-SIDIS,0.44,4.4,0.52,0.0,107.943,68.208,107.86,68.155,107.994,68.24,236.849,149.662,105.801,66.854,0.999,0.8239,0.9845,0.9839,-1.0,-1.0,-1.0,-1.0,-1.0,1.0,0.99931,0.999618,36753.0,20831.3,198.511,196.626,1.87374,51.266,0.377137,1.014,IN,53045.61988,52925.20512,0.907724,27436440.0,122118375.0
28352,10.6759,LD2,-5.343,15.97,-2.978,14.88,PI-SIDIS,0.44,4.4,0.52,0.0,122.554,69.152,122.482,69.111,123.1,69.46,266.88,150.59,120.168,67.806,0.999,0.8244,0.9836,0.9834,-1.0,-1.0,-1.0,-1.0,-1.0,1.0,0.99927,0.999617,41791.0,23727.8,211.664,197.336,1.76033,51.2354,0.388558,1.014,IN,60262.56284,60127.29616,0.909037,31142526.0,138536928.0
28353,10.6759,LD2,-5.343,15.97,-2.978,14.88,PI-SIDIS,0.44,4.4,0.52,0.0,-999,-999,-999,-999,-999,-999,-999,-999,-999,-999,-999,-999,-999,-999,-999,-999,-999,-999,-999,-999,-999,-999,-999,-999,-999,-999,-999,-999,-999,-999,IN,-999,-999,0.90878,-999,-999
28354,10.6759,LD2,-5.343,15.97,-2.978,14.88,HMSDIS,0.44,4.4,0.52,0.0,51417.967,64.9,51420.984,64.904,51853.588,65.45,116150.639,146.606,50616.537,63.889,0.999,0.826,-999,-999,-1.0,-1.0,-1.0,9.0,-1.0,-1.0,0.99895,0.978874,-999,-999,-999,155.031,0.164895,-999,-999,1.013,IN,-999,-999,-999,13066564.0,25691382.0
28356,10.6759,LH2,-5.343,15.97,-2.978,14.88,PI-SIDIS,0.44,4.4,0.52,0.0,113.854,66.617,113.885,66.635,114.873,67.213,252.634,147.819,111.744,65.383,0.9992,0.7677,0.9873,0.9862,-1.0,-1.0,-1.0,-1.0,-1.0,1.0,0.99987,0.999843,14405.0,10408.7,122.764,92.7612,1.09406,51.2596,0.374234,1.023,IN,56014.53641,55885.95559,0.929174,16184524.0,57630419.0
28357,10.6759,LH2,-5.343,15.97,-2.978,16.875,PI-SIDIS,0.44,4.4,0.52,2.0,115.988,61.191,115.982,61.187,116.787,61.612,273.25,144.156,114.069,60.179,0.9992,0.7555,0.9889,0.9874,-1.0,-1.0,-1.0,-1.0,-1.0,1.0,0.99994,0.99992,11969.0,10028.8,110.871,87.6477,0.968964,51.28,0.372754,1.021,IN,57186.43042,57052.90258,0.935044,16530783.0,30632953.0
28358,10.6759,LH2,-5.343,15.97,-2.978,16.875,PI-SIDIS,0.44,4.4,0.52,2.0,107.712,66.666,107.722,66.672,108.382,67.08,240.351,148.759,105.763,65.459,0.9991,0.765,0.9885,0.9876,-1.0,-1.0,-1.0,-1.0,-1.0,1.0,0.99993,0.999917,11262.0,9397.83,107.576,88.4225,1.01217,51.2839,0.374882,1.023,IN,53120.75294,52996.32006,0.936449,15340243.0,28396657.0
28359,10.6759,LH2,-5.343,15.97,-2.978,16.875,PI-SIDIS,0.44,4.4,0.52,2.0,114.196,67.521,114.119,67.476,114.79,67.872,251.495,148.703,111.885,66.155,0.9992,0.777,0.9886,0.987,-1.0,-1.0,-1.0,-1.0,-1.0,1.0,0.9999,0.999916,11710.0,9664.17,109.777,85.8781,0.975504,51.2818,0.368631,1.023,IN,56132.11421,56002.67579,0.935544,16263872.0,30118270.0
28360,10.6759,LH2,-5.343,15.97,-2.978,16.875,PI-SIDIS,0.44,4.4,0.52,2.0,107.44,68.059,107.345,67.999,107.946,68.38,235.93,149.454,104.934,66.472,0.9993,0.7668,0.9901,0.9878,-1.0,-1.0,-1.0,-1.0,-1.0,1.0,0.99992,0.999916,11058.0,9140.17,106.666,86.2667,1.00674,51.2884,0.367956,1.023,IN,52798.00914,52683.56586,0.935246,15307343.0,28308418.0
28361,10.6759,Dummy,-5.343,15.97,-2.978,16.875,PI-SIDIS,0.44,4.4,0.52,2.0,74.015,48.342,73.944,48.296,74.21,48.469,225.895,147.54,74.796,48.852,0.9993,0.8417,0.9859,0.9858,-1.0,-1.0,-1.0,-1.0,-1.0,1.0,1.0,0.999978,2064.0,1944.67,45.6496,26.6967,0.626685,51.2927,0.347117,1.000,IN,36362.68908,36280.16992,0.956325,3609598.0,7655470.0
28362,10.6759,Dummy,-5.343,15.97,-2.978,16.875,PI-SIDIS,0.44,4.4,0.52,2.0,84.294,49.128,84.24,49.096,84.492,49.244,256.154,149.291,85.171,49.639,0.9996,0.7639,0.9939,0.9886,-1.0,-1.0,-1.0,-1.0,-1.0,1.0,1.0,0.999978,2358.0,2215.17,48.8037,26.6098,0.586257,51.2955,0.351499,1.000,IN,41437.04901,41344.21999,0.952389,4108028.0,8717678.0
28363,10.6759,Dummy,-5.343,15.97,-2.978,16.875,PI-SIDIS,0.44,4.4,0.52,2.0,90.485,49.39,90.436,49.363,90.637,49.473,274.671,149.926,91.376,49.877,0.9997,0.8156,0.9917,0.9844,-1.0,-1.0,-1.0,-1.0,-1.0,1.0,1.0,0.999978,2622.0,2482.0,51.4328,27.8881,0.577906,51.3078,0.354175,1.000,-999,44604.51538,44505.07762,0.953151,4413321.0,9362006.0
28364,10.6759,Dummy,-5.343,15.97,-2.978,16.875,PI-SIDIS,0.44,4.4,0.52,2.0,67.41,50.663,67.337,50.607,67.483,50.717,202.675,152.322,68.037,51.134,0.9997,0.8033,0.9858,0.9861,-1.0,-1.0,-1.0,-1.0,-1.0,1.0,1.0,0.999978,1905.0,1794.5,43.8568,27.0333,0.660682,51.3046,0.345259,1.000,-999,33139.69697,33066.71003,0.9568,3282462.0,6986235.0
28365,10.6759,Dummy,-5.343,15.97,-2.978,16.875,PI-SIDIS,0.44,4.4,0.52,2.0,44.829,49.467,44.754,49.385,44.866,49.508,136.176,150.267,45.231,49.911,0.9995,0.875,0.9885,0.9892,-1.0,-1.0,-1.0,-1.0,-1.0,1.0,1.0,0.999978,1247.0,1171.0,35.4918,26.4642,0.802101,51.304,0.356493,1.000,-999,21974.90243,21924.81557,0.954876,2181996.0,4641384.0
28373,10.6759,LD2,-5.343,15.97,-2.978,16.875,PI-SIDIS,0.44,4.4,0.52,2.0,120.141,68.388,120.095,68.362,120.544,68.618,262.813,149.602,117.648,66.97,0.999,0.8269,0.9867,0.9859,-1.0,-1.0,-1.0,-1.0,-1.0,1.0,0.99963,0.999795,31040.0,21746.3,180.524,183.918,1.52677,51.2653,0.369384,1.014,IN,59086.07409,58949.31191,0.9201,30526332.0,70112581.0
28374,10.6759,LD2,-5.343,15.97,-2.978,16.875,PI-SIDIS,0.44,4.4,0.52,2.0,103.177,63.757,103.169,63.751,103.575,64.003,234.113,144.666,101.308,62.602,0.999,0.8212,0.9868,0.9864,-1.0,-1.0,-1.0,-1.0,-1.0,1.0,0.99965,0.9998,26559.0,18744.0,166.918,184.437,1.64244,51.2659,0.369439,1.013,IN,50723.31593,50607.47407,0.920668,26221346.0,60130571.0
28375,10.6759,LD2,-5.343,15.97,-2.978,16.875,PI-SIDIS,0.44,4.4,0.52,2.0,22.22,66.759,22.221,66.763,22.315,67.044,49.238,147.931,21.766,65.396,0.9989,0.8195,0.986,0.9865,-1.0,-1.0,-1.0,-1.0,-1.0,1.0,0.99968,0.999787,5904.0,4047.83,78.8249,184.918,3.60098,51.257,0.360532,1.013,IN,10821.49116,10794.91184,0.918085,5644197.0,13001302.0
28376,10.6759,LD2,-5.343,15.97,-2.978,16.875,PI-SIDIS,0.44,4.4,0.52,2.0,85.707,66.657,85.613,66.584,86.053,66.927,190.201,147.926,83.948,65.289,0.9991,0.8248,0.9878,0.9862,-1.0,-1.0,-1.0,-1.0,-1.0,1.0,0.99966,0.999797,22344.0,15754.7,153.109,186.828,1.81565,51.2503,0.370688,1.013,IN,42074.86473,41978.06727,0.919778,21783821.0,50006304.0
28377,10.6759,LH2,-5.343,15.97,-2.978,16.875,PI-SIDIS,0.44,4.4,0.52,2.0,108.077,66.28,107.997,66.231,108.612,66.608,240.115,147.255,105.935,64.967,0.9992,0.7826,0.9889,0.9873,-1.0,-1.0,-1.0,-1.0,-1.0,1.0,0.99992,0.999917,11232.0,9329.67,107.467,87.5762,1.00877,51.2702,0.362272,1.023,IN,53111.67966,52986.01934,0.935296,15371260.0,28456240.0
28378,10.6759,LH2,-5.343,15.97,-2.978,16.875,PI-SIDIS,0.44,4.4,0.52,2.0,130.918,70.757,130.899,70.747,131.722,71.192,281.86,152.337,128.307,69.346,0.9992,0.7623,0.9894,0.9878,-1.0,-1.0,-1.0,-1.0,-1.0,1.0,0.99994,0.999915,13715.0,11361.5,118.774,87.944,0.919373,51.2635,0.366315,1.024,IN,64410.37914,64260.11786,0.935514,18603365.0,34516704.0
28379,10.6759,LD2,-5.343,15.97,5.154,16.875,PI+SIDIS,0.44,4.4,0.9,2.0,190.594,69.597,190.583,69.593,191.993,70.108,414.189,151.245,187.122,68.329,0.999,0.7766,0.9949,0.9853,-1.0,-1.0,-1.0,-1.0,-1.0,1.0,0.99994,0.999975,34973.0,34577.7,187.187,184.333,0.997889,51.2511,0.367124,1.014,IN,93892.12868,93671.15232,0.9208,48467287.0,5302247.0
28380,10.6759,LH2,-5.38,23.985,6.163,20.79,HMSHEE,-999,-999,-999,-999,155059.015,69.541,154936.517,69.486,156332.625,70.113,336809.185,151.053,152014.329,68.176,0.9982,0.348,-999,-999,-1.0,-1.0,-1.0,1.0,-1.0,-1.0,0.99892,0.999384,-999,-999,-999,0.240663,0.00124811,-999,-999,1.024,IN,-999,-999,-999,121128.0,222251.0
28381,10.6759,LH2,-5.38,23.985,6.163,20.79,HMSHEE,-999,-999,-999,-999,97480.75,67.06,97445.187,67.036,98327.214,67.643,215968.715,148.572,95755.654,65.874,0.9984,0.3761,-999,-999,-1.0,-1.0,-1.0,1.0,-1.0,-1.0,0.9989,0.999331,-999,-999,-999,0.241721,0.00157712,-999,-999,1.023,IN,-999,-999,-999,77042.0,31533.0
28382,10.6759,LH2,-5.38,23.985,6.163,20.79,HMSHEE,-999,-999,-999,-999,114475.28,69.891,114451.789,69.877,115495.404,70.514,247930.489,151.37,112220.664,68.515,0.9979,0.3459,-999,-999,-1.0,-1.0,-1.0,1.0,-1.0,-1.0,0.999,0.999305,-999,-999,-999,0.240575,0.00145207,-999,-999,1.024,IN,-999,-999,-999,89261.0,36211.0
28383,10.6759,LH2,-5.38,23.985,6.163,20.79,HMSHEE,-999,-999,-999,-999,128739.437,70.487,128735.469,70.485,129925.425,71.137,278209.118,152.325,126275.609,69.138,0.998,0.35,-999,-999,-1.0,-1.0,-1.0,1.0,-1.0,-1.0,0.99895,0.999313,-999,-999,-999,0.241361,0.00137135,-999,-999,1.024,IN,-999,-999,-999,99941.0,40720.0
28384,10.6759,Dummy,-5.38,23.985,6.163,20.79,HMSHEE,-999,-999,-999,-999,129521.926,49.218,129389.95,49.168,130504.513,49.591,393880.178,149.672,131592.599,50.005,0.9983,0.7134,-999,-999,-1.0,-1.0,-1.0,1.0,-1.0,-1.0,0.9994,0.999797,-999,-999,-999,0.1015,0.000886712,-999,-999,1.000,IN,-999,-999,-999,56880.0,35581.0
28385,10.6759,LH2,5.343,15.965,6.163,20.79,HMSDIS,0.44,4.4,-999,-999,91882.824,66.312,91861.686,66.297,92055.592,66.437,204262.883,147.417,90086.842,65.016,0.9988,0.9964,-999,-999,-1.0,-1.0,-1.0,1.0,-1.0,-1.0,0.9987,0.999329,-999,-999,-999,0.211824,0.00152042,-999,-999,1.023,IN,-999,-999,-999,437655.0,30169.0
28386,10.6759,Dummy,5.343,15.965,6.163,20.79,HMSDIS,0.44,4.4,-999,-999,55986.089,49.268,55949.184,49.236,56003.49,49.284,170150.235,149.734,56494.732,49.716,0.9988,0.9972,-999,-999,-1.0,-1.0,-1.0,1.0,-1.0,-1.0,0.99958,0.999799,-999,-999,-999,0.0943274,0.00129949,-999,-999,1.000,IN,-999,-999,-999,125057.0,15446.0
28387,10.6759,Dummy,5.343,15.965,6.163,20.79,HMSDIS,0.44,4.4,-999,-999,44581.822,49.707,44551.088,49.672,44703.68,49.842,135310.588,150.865,45108.148,50.293,0.9988,0.9971,-999,-999,-1.0,-1.0,-1.0,1.0,-1.0,-1.0,0.99955,0.9998,-999,-999,-999,0.0939127,0.00145309,-999,-999,1.000,IN,-999,-999,-999,99134.0,12235.0
28388,10.6759,C,5.343,15.965,6.163,20.79,HMSDIS,0.44,4.4,-999,-999,52022.182,49.792,51987.24,49.758,52270.0,50.029,157349.617,150.603,52742.388,50.481,0.9987,0.9966,-999,-999,-1.0,-1.0,-1.0,1.0,-1.0,-1.0,0.99798,0.99935,-999,-999,-999,0.355631,0.00261983,-999,-999,1.000,IN,-999,-999,-999,404015.0,24004.0
28390,10.6759,C,5.343,15.965,2.978,16.87,HMSDIS,0.44,4.4,0.52,2.0,23041.817,50.636,23008.014,50.562,23217.749,51.022,69320.866,152.337,23410.313,51.446,0.9986,0.9956,-999,-999,-1.0,-1.0,-1.0,1.0,-1.0,-1.0,0.99805,0.980493,-999,-999,-999,0.347914,0.00389516,-999,-999,1.000,IN,-999,-999,-999,177757.0,5008303.0
28391,10.6759,C,5.343,15.965,2.978,16.87,HMSDIS,0.44,4.4,0.52,2.0,60241.191,49.65,60164.361,49.587,60730.789,50.054,182306.872,150.256,61230.583,50.466,0.9985,0.996,-999,-999,-1.0,-1.0,-1.0,1.0,-1.0,-1.0,0.99806,0.980612,-999,-999,-999,0.331401,0.00235101,-999,-999,1.000,IN,-999,-999,-999,463568.0,13009199.0
28392,10.6759,Cu,5.343,15.965,2.978,16.87,PI+SIDIS,0.44,4.4,0.52,2.0,75.416,65.501,75.407,65.493,76.188,66.172,169.288,147.032,74.274,64.509,0.9993,0.996,0.9811,0.9767,-1.0,-1.0,-1.0,-1.0,-1.0,1.0,0.99993,0.999716,17.0,5.33333,4.35252,0.0724702,0.0591428,51.25,0.5,1.000,IN,37168.08613,37119.59087,0.907055,684073.0,16765306.0
28393,10.6759,Cu,5.343,15.965,2.978,16.87,PI+SIDIS,0.44,4.4,0.52,2.0,12.249,16.416,12.25,16.418,12.388,16.603,45.031,60.354,12.315,16.506,1.0,0.994,0.9869,0.976,-1.0,-1.0,-1.0,-1.0,-1.0,1.0,1.0,0.999851,2.0,1.16667,1.46249,0.09758,0.122323,51.25,0.5,1.000,IN,5899.20287,5891.58913,0.916006,117675.0,2574445.0
28394,10.6759,Cu,5.343,15.965,2.978,16.87,PI+SIDIS,0.44,4.4,0.52,2.0,48.883,36.985,48.865,36.971,48.957,37.041,146.331,110.714,49.361,37.346,0.9994,0.996,0.9864,0.9771,-1.0,-1.0,-1.0,-1.0,-1.0,1.0,0.99994,0.999789,5.0,-0.166667,2.42097,-0.00349302,0.050739,51.25,0.5,1.000,IN,23981.42453,23952.15547,0.913095,451855.0,10559064.0
28397,10.6759,Cu,5.343,15.965,2.978,16.87,HMSDIS,0.44,4.4,0.52,2.0,9315.358,14.813,9300.989,14.79,9376.557,14.91,44068.372,70.074,9436.499,15.005,0.9985,0.9967,-999,-999,-1.0,-1.0,-1.0,1.0,-1.0,-1.0,0.9993,0.992108,-999,-999,-999,0.421098,0.00673607,-999,-999,1.000,IN,-999,-999,-999,88357.0,1940266.0
28398,10.6759,Cu,5.343,15.965,2.978,16.87,HMSDIS,0.44,4.4,0.52,2.0,20143.183,13.551,20131.147,13.543,20295.348,13.653,95529.66,64.266,20425.078,13.741,0.9985,0.9964,-999,-999,-1.0,-1.0,-1.0,1.0,-1.0,-1.0,0.99931,0.992505,-999,-999,-999,0.398463,0.00445384,-999,-999,1.000,IN,-999,-999,-999,191490.0,4181364.0
28399,10.6759,Cu,5.343,15.965,2.978,16.87,HMSDIS,0.44,4.4,0.52,2.0,20654.759,25.475,20649.889,25.469,20721.128,25.557,78077.362,96.298,20869.784,25.74,0.9988,0.9961,-999,-999,-1.0,-1.0,-1.0,1.0,-1.0,-1.0,0.99817,0.984077,-999,-999,-999,0.389998,0.00435243,-999,-999,1.000,IN,-999,-999,-999,188582.0,4417387.0
28400,10.6759,Cu,5.343,15.965,2.978,16.87,HMSDIS,0.44,4.4,0.52,2.0,3382.647,40.079,3379.464,40.041,3380.14,40.049,12723.385,150.752,3406.119,40.357,0.9984,0.9958,-999,-999,-1.0,-1.0,-1.0,1.0,-1.0,-1.0,0.99812,0.983336,-999,-999,-999,0.406508,0.0109867,-999,-999,1.000,IN,-999,-999,-999,30380.0,723480.0
28402,10.6759,Al,5.343,15.965,2.978,16.87,HMSDIS,0.44,4.4,0.52,2.0,83380.152,47.251,83299.604,47.205,83414.083,47.27,258129.643,146.281,84093.781,47.656,0.999,0.9969,-999,-999,-1.0,-1.0,-1.0,1.0,-1.0,-1.0,0.9996,0.995049,-999,-999,-999,0.0906078,0.00104368,-999,-999,1.000,IN,-999,-999,-999,191377.0,4227689.0
28403,10.6759,LD2,5.343,15.965,2.978,16.87,HMSDIS,0.44,4.4,0.52,2.0,53875.267,49.328,53816.41,49.274,53870.052,49.323,163224.259,149.448,54299.989,49.717,0.9986,0.9961,-999,-999,-1.0,-1.0,-1.0,1.0,-1.0,-1.0,0.99738,0.969461,-999,-999,-999,0.370818,0.00263025,-999,-999,1.010,IN,-999,-999,-999,484070.0,19939152.0
28404,10.6759,LD2,5.343,15.965,2.978,16.87,PI+SIDIS,0.44,4.4,0.52,2.0,72.108,56.924,72.096,56.915,72.256,57.041,181.879,143.581,72.224,57.016,0.9986,0.9963,0.9834,0.976,-1.0,-1.0,-1.0,-1.0,-1.0,1.0,0.9999,0.999626,23.0,7.0,5.06623,0.0996299,0.0721068,51.25,0.5,1.011,IN,35432.94901,35386.32899,0.90179,645245.0,27058263.0
28405,10.6759,LD2,5.343,15.965,2.978,16.87,PI+SIDIS,0.44,4.4,0.52,2.0,21.915,50.113,21.919,50.121,21.963,50.221,54.807,125.326,21.623,49.445,1.0,0.9957,0.9842,0.9771,-1.0,-1.0,-1.0,-1.0,-1.0,1.0,0.99997,0.999615,6.0,1.0,2.61406,0.0466931,0.122059,51.25,0.5,1.010,IN,10697.68588,10682.59712,0.898453,196907.0,8228218.0
28406,10.6759,LD2,5.343,15.965,2.978,16.87,PI+SIDIS,0.44,4.4,0.52,2.0,57.218,62.788,57.252,62.825,57.312,62.891,131.234,144.009,56.208,61.68,0.9984,0.9963,0.9833,0.9757,-1.0,-1.0,-1.0,-1.0,-1.0,1.0,0.99989,0.999588,13.0,1.5,3.86221,0.0268985,0.0692586,51.25,0.5,1.013,IN,28115.09859,28081.62541,0.899621,510142.0,21673812.0
28408,10.6759,LD2,5.343,13.5,2.806,14.735,PI+SIDIS,0.31,3.1,0.5,2.0,46.099,34.482,46.051,34.447,45.973,34.388,203.664,152.343,46.348,34.669,0.9987,0.9966,0.9817,0.9784,-1.0,-1.0,-1.0,-1.0,-1.0,1.0,0.99967,0.999543,145.0,44.1667,12.7203,0.981855,0.282781,51.25,0.5,1.007,IN,22631.74894,22604.25706,0.903922,2342062.0,32701247.0
28409,10.6759,LD2,5.343,13.5,2.806,14.735,PI+SIDIS,0.31,3.1,0.5,2.0,40.77,33.814,40.691,33.749,40.658,33.721,180.275,149.518,40.984,33.992,0.9982,0.9964,0.9816,0.9788,-1.0,-1.0,-1.0,-1.0,-1.0,1.0,0.9997,0.999546,111.0,22.8333,11.2114,0.5745,0.282084,51.25,0.5,1.007,IN,19987.86359,19962.12341,0.903839,2068663.0,28918514.0
28410,10.6759,LD2,5.343,13.5,2.806,14.735,HMSDIS,0.31,3.1,0.5,2.0,33417.92,32.384,33341.687,32.31,33346.88,32.315,147893.702,143.318,33607.312,32.568,0.9987,0.9963,-999,-999,-1.0,-1.0,-1.0,3.0,-1.0,-1.0,0.99878,0.955147,-999,-999,-999,2.24266,0.0142232,-999,-999,1.006,IN,-999,-999,-999,1699787.0,23711274.0
28411,10.6759,LD2,5.343,13.5,2.806,14.735,HMSDIS,0.31,3.1,0.5,2.0,41436.942,34.195,41349.508,34.123,41350.555,34.124,182792.756,150.848,41680.685,34.397,0.9986,0.9965,-999,-999,-1.0,-1.0,-1.0,3.0,-1.0,-1.0,0.99879,0.954475,-999,-999,-999,2.24512,0.0127795,-999,-999,1.007,IN,-999,-999,-999,2106708.0,29458578.0
28412,10.6759,Dummy,5.343,13.5,2.806,14.735,HMSDIS,0.31,3.1,0.5,2.0,41301.95,44.638,41286.723,44.622,41389.424,44.733,129147.579,139.58,41721.867,45.092,0.9987,0.9971,-999,-999,-1.0,-1.0,-1.0,1.0,-1.0,-1.0,0.99792,0.989902,-999,-999,-999,0.416723,0.00318239,-999,-999,1.000,IN,-999,-999,-999,374952.0,3760598.0
28413,10.6759,Dummy,5.343,13.5,2.806,14.735,HMSDIS,0.31,3.1,0.5,2.0,62052.639,49.389,62055.473,49.391,62183.753,49.493,188934.841,150.376,62709.818,49.912,0.9992,0.9968,-999,-999,-1.0,-1.0,-1.0,1.0,-1.0,-1.0,0.99779,0.989638,-999,-999,-999,0.414618,0.00258873,-999,-999,1.000,IN,-999,-999,-999,561400.0,5672283.0
28415,10.6759,LH2,5.343,13.5,2.806,14.735,HMSDIS,0.31,3.1,0.5,2.0,74557.137,64.987,74631.217,65.052,74913.918,65.298,170042.195,148.216,75218.473,65.564,0.999,0.9962,-999,-999,-1.0,-1.0,-1.0,3.0,-1.0,-1.0,0.99881,0.955257,-999,-999,-999,1.13872,0.00677305,-999,-999,1.022,IN,-999,-999,-999,1922577.0,27064775.0
28416,10.6759,LH2,5.343,13.5,2.806,14.735,HMSDIS,0.31,3.1,0.5,2.0,81595.112,65.97,81659.724,66.022,82004.355,66.301,184981.848,149.559,82291.367,66.533,0.9988,0.9961,-999,-999,-1.0,-1.0,-1.0,3.0,-1.0,-1.0,0.99879,0.955065,-999,-999,-999,1.14008,0.00647962,-999,-999,1.023,IN,-999,-999,-999,2107717.0,29594190.0
28417,10.6759,LD2,-5.343,13.5,5.051,14.735,PI+SIDIS,0.31,3.1,0.9,2.0,120.464,69.678,120.478,69.686,121.162,70.082,261.905,151.49,118.366,68.465,0.998,0.88,0.9897,0.9826,-1.0,-1.0,-1.0,-1.0,-1.0,1.0,0.99952,0.999936,79683.0,76809.0,283.129,650.44,2.39762,51.2333,0.387339,1.014,IN,59280.48883,59211.41617,0.904061,97718883.0,13463846.0
28418,10.6759,LD2,-5.343,13.5,5.051,14.735,PI+SIDIS,0.31,3.1,0.9,2.0,121.593,68.43,121.678,68.478,122.415,68.893,266.597,150.035,119.571,67.292,0.998,0.8776,0.9911,0.9833,-1.0,-1.0,-1.0,-1.0,-1.0,1.0,0.9995,0.999936,80668.0,77778.3,284.868,651.7,2.38689,51.2331,0.387363,1.014,IN,59836.05724,59761.78076,0.904933,98671857.0,13569760.0
28419,10.6759,LD2,-5.343,13.5,-5.051,14.735,PI-SIDIS,0.31,3.1,0.9,2.0,128.147,69.877,128.102,69.853,128.986,70.335,277.607,151.377,125.791,68.593,0.998,0.906,0.9919,0.9732,-1.0,-1.0,-1.0,-1.0,-1.0,1.0,0.99963,0.99994,45591.0,42856.0,214.585,344.576,1.72533,51.2254,0.389017,1.014,IN,63001.51124,62923.24576,0.908039,103795673.0,75278483.0
28420,10.6759,LD2,-5.343,13.5,-5.051,14.735,PI-SIDIS,0.31,3.1,0.9,2.0,27.836,67.029,27.825,67.001,28.03,67.496,61.517,148.132,27.361,65.884,0.9978,0.9129,0.9919,0.9717,-1.0,-1.0,-1.0,-1.0,-1.0,1.0,0.99959,0.999941,9918.0,9329.17,100.081,345.946,3.71121,51.2279,0.386013,1.013,IN,13572.99234,13559.16066,0.908804,22566898.0,16356545.0
28421,10.6759,Dummy,-5.343,13.5,-5.051,14.735,PI-SIDIS,0.31,3.1,0.9,2.0,86.903,49.712,86.861,49.688,87.574,50.096,263.327,150.633,88.328,50.527,0.9995,0.8904,0.9941,0.9844,-1.0,-1.0,-1.0,-1.0,-1.0,1.0,1.0,0.999993,3929.0,3881.67,62.7446,45.4192,0.734171,51.2245,0.384857,1.000,IN,42718.65888,42657.84712,0.952635,13779124.0,10268397.0
28422,10.6759,Dummy,-5.343,13.5,-5.051,14.735,PI-SIDIS,0.31,3.1,0.9,2.0,84.212,47.534,84.129,47.487,84.891,47.917,258.749,146.05,85.61,48.323,0.999,0.9028,0.9922,0.9842,-1.0,-1.0,-1.0,-1.0,-1.0,1.0,1.0,0.999993,3644.0,3602.17,60.4233,43.5481,0.730482,51.2121,0.397438,1.000,IN,41468.46533,41413.26367,0.951923,13352981.0,9944912.0
28423,10.6759,LH2,-5.343,13.5,-5.051,14.735,PI-SIDIS,0.31,3.1,0.9,2.0,125.632,68.176,125.639,68.179,126.947,68.889,274.813,149.13,122.57,66.514,0.9987,0.8742,0.9935,0.9714,-1.0,-1.0,-1.0,-1.0,-1.0,1.0,0.99991,0.999973,12381.0,11800.7,111.704,96.8248,0.916532,51.2229,0.389037,1.023,IN,61783.80847,61705.82453,0.921867,54211185.0,38574335.0
28424,10.6759,LH2,-5.343,13.5,-5.051,14.735,PI-SIDIS,0.31,3.1,0.9,2.0,118.049,66.553,118.122,66.594,118.881,67.022,260.589,146.913,114.767,64.702,0.9989,0.8724,0.9933,0.9717,-1.0,-1.0,-1.0,-1.0,-1.0,1.0,0.99991,0.999973,11872.0,11323.0,109.378,98.7676,0.954075,51.2602,0.38229,1.023,IN,58083.33021,58009.39379,0.923337,51004088.0,36253554.0
28425,10.6759,LH2,-3.642,16.75,3.632,13.505,PI+SIDIS,0.25,3.3,0.5,5.2,129.411,70.132,129.347,70.098,130.194,70.557,278.254,150.796,125.438,67.979,0.9993,0.9955,0.9853,0.9801,-1.0,-1.0,-1.0,-1.0,-1.0,1.0,0.9996,0.99974,33332.0,28091.0,184.947,221.83,1.4605,51.2213,0.403697,1.024,IN,63608.99909,63534.09191,0.918602,18335264.0,67704964.0
28426,10.6759,LH2,-3.642,16.75,3.632,13.505,PI+SIDIS,0.25,3.3,0.5,5.2,124.779,69.015,124.775,69.013,125.802,69.581,270.538,149.634,120.814,66.822,0.9993,0.9955,0.9846,0.9796,-1.0,-1.0,-1.0,-1.0,-1.0,1.0,0.99963,0.999741,32342.0,27236.8,182.189,223.071,1.49214,51.2235,0.396918,1.024,IN,61437.69475,61361.88225,0.919676,17679010.0,65061301.0
28427,10.6759,LH2,-3.642,16.75,3.632,13.505,HMSDIS,0.25,3.3,0.5,5.2,56966.233,69.749,56993.458,69.782,57457.117,70.35,122814.316,150.373,55293.917,67.701,0.9993,0.996,-999,-999,-1.0,-1.0,-1.0,9.0,-1.0,-1.0,0.99925,0.974057,-999,-999,-999,89.1271,0.118721,-999,-999,1.024,IN,-999,-999,-999,8073568.0,29665709.0
28428,10.6759,LH2,-3.642,16.75,3.632,13.505,HMSDIS,0.25,3.3,0.5,5.2,53751.654,67.835,53787.555,67.88,54212.327,68.416,117166.576,147.864,52060.497,65.7,0.9994,0.9972,-999,-999,-1.0,-1.0,17.0,-1.0,-1.0,-1.0,0.99891,0.974193,-999,-999,-999,89.262,0.168106,-999,-999,1.023,IN,-999,-999,-999,7624556.0,28011245.0
28429,10.6759,Dummy,-3.642,16.75,3.632,13.505,PI+SIDIS,0.25,3.3,0.5,5.2,88.759,49.906,88.792,49.925,89.318,50.221,264.964,148.982,90.061,50.639,0.9997,0.9935,0.9883,0.9829,-1.0,-1.0,-1.0,-1.0,-1.0,1.0,0.99995,0.999942,5838.0,5553.67,76.7163,63.6573,0.879338,51.2684,0.392535,1.000,IN,43663.75265,43608.50235,0.951262,4791742.0,12241257.0
28431,10.6759,Dummy,-3.642,16.75,3.632,13.505,PI+SIDIS,0.25,3.3,0.5,5.2,89.622,50.473,89.6,50.46,90.068,50.724,266.016,149.813,90.828,51.151,0.9997,0.995,0.9849,0.9828,-1.0,-1.0,-1.0,-1.0,-1.0,1.0,0.99994,0.999941,5950.0,5673.33,77.4346,64.4496,0.879664,51.2656,0.38446,1.000,IN,44054.61274,44007.02926,0.952106,4839153.0,12380642.0
28432,10.6759,Dummy,-3.642,16.75,3.632,13.505,PI+SIDIS,0.25,3.3,0.5,5.2,48.084,50.842,48.035,50.79,48.299,51.07,142.254,150.413,48.679,51.471,0.9995,0.9959,0.9884,0.9829,-1.0,-1.0,-1.0,-1.0,-1.0,1.0,0.99995,0.999941,3247.0,3092.17,57.2084,65.5289,1.21236,51.2778,0.378182,1.000,IN,23572.87147,23544.93753,0.948045,2592247.0,6648199.0
28435,10.6759,LH2,-3.642,16.75,3.632,13.505,BCM,0.25,3.3,0.5,5.2,98.586,37.883,98.602,37.889,98.895,38.002,299.041,114.911,97.527,37.476,0.9994,0.9951,0.9851,0.9812,-1.0,-1.0,-1.0,-1.0,-1.0,1.0,0.99969,0.999806,24581.0,21527.8,158.398,222.716,1.6387,51.2676,0.39086,1.013,IN,48533.62158,48298.09142,0.924868,14059451.0,50852827.0
28437,10.6759,Dummy,-3.642,16.75,3.632,13.505,HMSDIS,0.25,3.3,0.5,5.2,528.163,50.834,527.67,50.787,527.825,50.802,1582.837,152.344,532.119,51.215,0.9995,0.996,-999,-999,-1.0,-1.0,-1.0,1.0,-1.0,-1.0,0.97632,0.994048,-999,-999,-999,33.5607,0.255297,-999,-999,1.000,OUT,-999,-999,-999,28334.0,73435.0
28440,10.6759,LD2,-3.642,16.75,3.632,13.505,PI+SIDIS,0.25,3.3,0.5,5.2,56.378,51.806,56.349,51.779,56.372,51.801,150.075,137.904,56.811,52.204,0.9992,0.9964,0.9821,0.9771,-1.0,-1.0,-1.0,-1.0,-1.0,1.0,0.99835,0.999573,28020.0,21023.2,170.84,382.771,3.11049,51.2634,0.403676,1.010,OUT,27721.51088,27559.04712,0.901274,15322896.0,59463237.0
28441,10.6759,LD2,-3.642,16.75,3.632,13.505,PI+SIDIS,0.25,3.3,0.5,5.2,69.599,56.674,69.564,56.645,69.582,56.66,179.341,146.035,70.14,57.114,0.9991,0.9963,0.9812,0.9769,-1.0,-1.0,-1.0,-1.0,-1.0,1.0,0.99828,0.999562,34803.0,26020.5,190.438,383.901,2.80968,51.2557,0.39736,1.011,OUT,34359.42116,34162.39484,0.90018,18899413.0,73427004.0
28443,10.6759,LD2,-3.642,16.75,3.632,13.505,HMSDIS,0.25,3.3,0.5,5.2,48031.11,56.854,48027.018,56.849,48036.777,56.86,123621.821,146.329,48417.768,57.311,0.9992,0.9966,-999,-999,-1.0,-1.0,-1.0,9.0,-1.0,-1.0,0.99848,0.956164,-999,-999,-999,169.882,0.178631,-999,-999,1.011,OUT,-999,-999,-999,13046802.0,50554439.0
28444,10.6759,LD2,-3.642,16.75,3.632,20.005,PI+SIDIS,0.25,3.3,0.5,11.7,95.15,60.175,95.204,60.209,95.186,60.198,228.514,144.518,94.471,59.746,0.9991,0.9962,0.988,0.9822,-1.0,-1.0,-1.0,-1.0,-1.0,1.0,0.9999,0.999947,8518.0,7836.17,92.9066,83.885,0.994552,51.2974,0.386647,1.012,OUT,46901.81161,46638.45339,0.918565,25813524.0,6059917.0
28445,10.6759,LD2,-3.642,16.75,3.632,20.005,PI+SIDIS,0.25,3.3,0.5,11.7,124.353,68.429,124.449,68.482,124.402,68.456,271.68,149.501,121.753,66.999,0.999,0.9961,0.99,0.9819,-1.0,-1.0,-1.0,-1.0,-1.0,1.0,0.99983,0.999942,11206.0,10233.8,106.621,83.8474,0.873562,51.2911,0.37879,1.014,OUT,61337.01898,60988.40302,0.916669,33710640.0,8002424.0
28446,10.6759,LD2,-3.642,16.75,3.632,20.005,PI+SIDIS,0.25,3.3,0.5,11.7,129.682,70.258,129.752,70.296,129.737,70.287,279.653,151.508,126.717,68.651,0.9989,0.9959,0.9913,0.9822,-1.0,-1.0,-1.0,-1.0,-1.0,1.0,0.99985,0.999942,11727.0,10678.3,109.095,83.8945,0.857109,51.3031,0.375308,1.014,OUT,63956.31863,63596.91737,0.916642,35151055.0,8369146.0
28447,10.6759,LD2,-3.642,16.75,3.632,20.005,PI+SIDIS,0.25,3.3,0.5,11.7,120.458,67.78,120.391,67.742,120.481,67.793,264.706,148.947,117.614,66.18,0.999,0.9963,0.9891,0.9831,-1.0,-1.0,-1.0,-1.0,-1.0,1.0,0.99981,0.999942,10891.0,9928.67,105.126,83.9878,0.88927,51.2978,0.383019,1.014,OUT,59384.86928,59055.86272,0.916046,32645476.0,7775312.0
28448,10.6759,LD2,-3.642,16.75,3.632,20.005,PI+SIDIS,0.25,3.3,0.5,11.7,127.221,67.769,127.178,67.746,127.333,67.828,278.613,148.413,124.48,66.308,0.9989,0.9963,0.991,0.9827,-1.0,-1.0,-1.0,-1.0,-1.0,1.0,1.0,0.999942,11426.0,10424.3,107.671,83.5013,0.862466,51.2905,0.379714,1.014,-999,62707.66559,62346.90641,0.916008,34488150.0,8226982.0
28450,10.6759,Dummy,-3.642,16.75,3.632,20.005,PI+SIDIS,0.25,3.3,0.5,11.7,93.812,50.157,93.796,50.148,93.843,50.174,283.237,151.434,94.632,50.596,0.9996,0.9944,0.9897,0.9854,-1.0,-1.0,-1.0,-1.0,-1.0,1.0,0.99998,0.999991,1330.0,1305.17,36.5259,14.1271,0.395356,51.279,0.389341,1.000,OUT,46233.44169,45975.11831,0.955842,5062406.0,1113620.0
28451,10.6759,Dummy,-3.642,16.75,3.632,20.005,PI+SIDIS,0.25,3.3,0.5,11.7,149.064,49.807,149.082,49.813,149.248,49.868,451.514,150.865,150.473,50.278,0.9995,0.9943,0.9937,0.9858,-1.0,-1.0,-1.0,-1.0,-1.0,1.0,1.0,0.999991,2151.0,2119.17,46.436,14.4267,0.316125,51.2918,0.390448,1.000,OUT,73547.76525,73133.54675,0.95355,8044992.0,1774792.0
28452,10.6759,Dummy,-3.642,16.75,3.632,20.005,PI+SIDIS,0.25,3.3,0.5,11.7,126.396,48.741,126.273,48.694,126.587,48.815,385.38,148.611,127.626,49.216,0.9995,0.9927,0.9962,0.9844,-1.0,-1.0,-1.0,-1.0,-1.0,1.0,0.99996,0.999992,1897.0,1866.67,43.6126,15.0251,0.351045,51.2612,0.384512,1.000,OUT,62264.52689,61921.79611,0.954583,6824778.0,1507073.0
28453,10.6759,LH2,-3.642,16.75,3.632,20.005,PI+SIDIS,0.25,3.3,0.5,11.7,104.492,64.827,104.465,64.81,104.934,65.101,235.53,146.123,102.724,63.73,0.9993,0.9955,0.9909,0.9835,-1.0,-1.0,-1.0,-1.0,-1.0,1.0,0.99998,0.999973,5262.0,5042.5,72.7914,49.1149,0.709002,51.2784,0.382556,1.022,OUT,51555.77153,51268.79547,0.933598,14825000.0,3438706.0
28454,10.6759,LH2,-3.642,16.75,3.632,20.005,PI+SIDIS,0.25,3.3,0.5,11.7,118.603,69.894,118.641,69.917,119.219,70.257,257.141,151.536,116.472,68.638,0.9994,0.9951,0.9877,0.9832,-1.0,-1.0,-1.0,-1.0,-1.0,1.0,0.99996,0.999972,5924.0,5683.5,77.2275,48.7545,0.662477,51.2618,0.373307,1.024,OUT,58463.45922,58139.66378,0.933158,16814010.0,3890013.0
28455,10.6759,LH2,-3.642,16.75,3.632,20.005,PI+SIDIS,0.25,3.3,0.5,11.7,128.013,68.27,128.104,68.318,128.8,68.689,280.626,149.658,125.852,67.117,0.9993,0.9947,0.9902,0.9846,-1.0,-1.0,-1.0,-1.0,-1.0,1.0,0.99994,0.999972,6356.0,6083.33,80.009,48.2669,0.634814,51.2703,0.387689,1.023,OUT,63138.46371,62786.77229,0.93351,18153486.0,4199986.0
28456,10.6759,LH2,-3.642,16.75,3.632,20.005,PI+SIDIS,0.25,3.3,0.5,11.7,108.871,68.032,108.941,68.076,109.601,68.488,239.198,149.471,106.995,66.86,0.9994,0.9959,0.9876,0.9846,-1.0,-1.0,-1.0,-1.0,-1.0,1.0,0.99996,0.999972,5418.0,5188.0,73.867,48.3978,0.689091,51.2658,0.379213,1.023,OUT,53662.77065,53364.93235,0.935027,15443949.0,3574114.0
28457,10.6759,LH2,-3.642,16.75,3.632,20.005,PI+SIDIS,0.25,3.3,0.5,11.7,123.355,67.808,123.303,67.779,124.177,68.26,271.752,149.381,121.18,66.613,0.9993,0.9953,0.9911,0.985,-1.0,-1.0,-1.0,-1.0,-1.0,1.0,0.99994,0.999972,6185.0,5916.0,78.9293,48.7469,0.650364,51.2648,0.379708,1.023,OUT,60879.14502,60543.68798,0.933424,17494624.0,4046367.0
28458,10.6759,LH2,-3.642,16.75,3.632,20.005,PI+SIDIS,0.25,3.3,0.5,11.7,124.956,68.946,124.913,68.922,125.851,69.44,273.085,150.678,122.725,67.715,0.9992,0.9947,0.9918,0.9848,-1.0,-1.0,-1.0,-1.0,-1.0,1.0,0.99994,0.999972,6408.0,6148.33,80.3198,50.0237,0.653493,51.2606,0.380528,1.024,OUT,61557.98354,61215.38446,0.934072,17715719.0,4095632.0
28459,10.6759,C,-5.343,15.97,2.978,12.865,PI+SIDIS,0.44,4.4,0.52,-2.0,66.908,38.97,66.854,38.938,67.219,39.151,253.64,147.73,67.772,39.473,0.9993,0.8365,0.982,0.9792,-1.0,-1.0,-1.0,-1.0,-1.0,1.0,0.99976,0.999582,16024.0,10771.3,129.998,164.694,1.98768,51.2084,0.397272,1.000,OUT,32944.89413,32759.89087,0.91861,10690272.0,57682186.0
28460,10.6759,C,-5.343,15.97,2.978,14.865,PI+SIDIS,0.44,4.4,0.52,0.0,92.078,50.508,92.102,50.522,92.799,50.904,277.711,152.335,93.575,51.329,0.9993,0.8421,0.9856,0.9801,-1.0,-1.0,-1.0,-1.0,-1.0,1.0,0.99971,0.999678,20967.0,15998.7,147.631,177.408,1.63708,51.2155,0.396612,1.000,OUT,45396.35727,45143.28973,0.925417,14725857.0,40504347.0
28461,10.6759,C,-5.343,15.97,2.978,14.865,PI+SIDIS,0.44,4.4,0.52,0.0,87.277,49.69,87.21,49.652,87.942,50.069,264.532,150.609,88.677,50.488,0.9993,0.8454,0.9841,0.98,-1.0,-1.0,-1.0,-1.0,-1.0,1.0,0.99972,0.99968,19797.0,15106.5,143.453,176.928,1.68013,51.2117,0.399822,1.000,OUT,43079.4758,42839.3742,0.924914,13953786.0,38292483.0
28462,10.6759,C,-5.343,15.97,2.978,14.865,PI+SIDIS,0.44,4.4,0.52,0.0,94.409,50.484,94.334,50.444,95.143,50.876,284.877,152.334,95.923,51.293,0.9993,0.8396,0.9843,0.9801,-1.0,-1.0,-1.0,-1.0,-1.0,1.0,0.99976,0.999678,21401.0,16315.2,149.16,176.629,1.61482,51.2133,0.395013,1.000,OUT,46500.13695,46241.32105,0.924535,15093542.0,41403452.0
28463,10.6759,C,-5.343,15.97,2.978,16.865,PI+SIDIS,0.44,4.4,0.52,2.0,84.191,49.219,84.174,49.209,84.284,49.274,255.914,149.611,84.806,49.579,0.9994,0.8322,0.9879,0.9818,-1.0,-1.0,-1.0,-1.0,-1.0,1.0,0.99984,0.999806,16674.0,14240.5,130.689,172.447,1.5826,51.2849,0.371792,1.000,OUT,41482.43989,41247.81111,0.933681,13460060.0,18139080.0
28464,10.6759,C,-5.343,15.97,2.978,16.865,PI+SIDIS,0.44,4.4,0.52,2.0,73.948,47.604,73.96,47.611,73.959,47.611,227.264,146.299,74.577,48.008,0.9992,0.833,0.986,0.9816,-1.0,-1.0,-1.0,-1.0,-1.0,1.0,0.99985,0.999807,14463.0,12380.0,121.697,170.688,1.67789,51.2788,0.381962,1.000,OUT,36434.72831,36230.56369,0.933322,11824884.0,15937763.0
28465,10.6759,C,-5.343,15.97,2.978,16.865,PI+SIDIS,0.44,4.4,0.52,2.0,111.3,48.491,111.31,48.495,111.788,48.704,339.979,148.121,112.81,49.149,0.9992,0.8424,0.9878,0.982,-1.0,-1.0,-1.0,-1.0,-1.0,1.0,0.99982,0.999807,22170.0,18982.0,150.67,173.829,1.37977,51.2426,0.38253,1.000,OUT,54879.936,54573.419,0.934604,17796580.0,24072668.0
28466,10.6759,C,-5.343,15.97,2.978,16.865,PI+SIDIS,0.44,4.4,0.52,2.0,56.832,49.307,56.779,49.261,57.169,49.6,172.608,149.755,57.685,50.048,0.9992,0.826,0.9864,0.9812,-1.0,-1.0,-1.0,-1.0,-1.0,1.0,0.99983,0.999806,11110.0,9490.67,106.677,170.519,1.91666,51.2229,0.379871,1.000,OUT,28045.80959,27889.81241,0.934529,9089512.0,12312743.0
28467,10.6759,C,-5.343,15.97,2.978,16.865,PI+SIDIS,0.44,4.4,0.52,2.0,71.248,50.08,71.187,50.037,71.759,50.44,215.234,151.288,72.398,50.889,0.9993,0.8424,0.9865,0.9821,-1.0,-1.0,-1.0,-1.0,-1.0,1.0,0.99981,0.999805,14205.0,12166.7,120.602,174.181,1.72656,51.2213,0.392945,1.000,OUT,35067.04901,34871.31999,0.93502,11386698.0,15426356.0
28468,10.6759,C,-5.343,15.97,2.978,14.865,PI+SIDIS,0.44,4.4,0.52,0.0,86.136,49.174,86.138,49.175,86.16,49.188,261.907,149.52,86.693,49.492,0.9993,0.8411,0.9844,0.979,-1.0,-1.0,-1.0,-1.0,-1.0,1.0,0.99972,0.99968,19379.0,14753.5,141.95,175.123,1.68495,51.2725,0.376922,1.000,OUT,42446.99801,42211.21499,0.923376,13782090.0,37701172.0
28469,10.6759,C,-5.343,15.97,2.978,14.865,PI+SIDIS,0.44,4.4,0.52,0.0,83.102,48.641,83.117,48.65,83.212,48.705,254.072,148.713,83.946,49.135,0.9992,0.8477,0.9839,0.9791,-1.0,-1.0,-1.0,-1.0,-1.0,1.0,0.99977,0.999682,18803.0,14349.0,139.805,176.502,1.71969,51.2551,0.379083,1.000,OUT,40956.17387,40724.11413,0.923355,13286375.0,36271823.0
28470,10.6759,C,-5.343,15.97,2.978,12.86,PI+SIDIS,0.44,4.4,0.52,-2.0,72.651,41.898,72.546,41.838,72.718,41.937,260.99,150.515,73.338,42.295,0.9993,0.8338,0.9815,0.9772,-1.0,-1.0,-1.0,-1.0,-1.0,1.0,0.9997,0.999556,17795.0,11715.5,137.143,165.424,1.93647,51.2259,0.394582,1.000,OUT,35753.23921,35550.95179,0.915599,11614197.0,62595939.0
28471,10.6759,C,-5.343,15.97,2.978,12.86,PI+SIDIS,0.44,4.4,0.52,-2.0,71.676,41.271,71.544,41.195,71.737,41.306,257.703,148.383,72.331,41.648,0.9992,0.8476,0.9819,0.9774,-1.0,-1.0,-1.0,-1.0,-1.0,1.0,0.99973,0.999558,17685.0,11747.2,136.655,168.172,1.95635,51.2212,0.394952,1.000,OUT,35256.42551,35057.73149,-999,11458492.0,61543300.0
