phase,run,run_type,replay_mode,root_file,t_entries,tsh_last_evnumber,tsh_difference,tsh_flag,tsp_last_evnumber,tsp_difference,tsp_flag,overall_flag,status
phase1,23839,SHMSHEEP,coin,/cache/hallc/c-rsidis/analysis/replays/pass0p1/coin_replay_production_23839_-1.root,107237,107238,1,0,107238,1,0,0,OK
phase1,23840,SHMSHEEP,coin,/cache/hallc/c-rsidis/analysis/replays/pass0p1/coin_replay_production_23840_-1.root,336846,336847,1,0,336847,1,0,0,OK
phase1,23841,SHMSHEEP,coin,/cache/hallc/c-rsidis/analysis/replays/pass0p1/coin_replay_production_23841_-1.root,85715,85716,1,0,85716,1,0,0,OK
phase1,23842,SHMSHEEP,coin,/cache/hallc/c-rsidis/analysis/replays/pass0p1/coin_replay_production_23842_-1.root,148278,148279,1,0,148279,1,0,0,OK
phase1,23844,SHMSHEEP,coin,/cache/hallc/c-rsidis/analysis/replays/pass0p1/coin_replay_production_23844_-1.root,279618,279619,1,0,279619,1,0,0,OK
phase1,23845,SHMSHEEP,coin,/cache/hallc/c-rsidis/analysis/replays/pass0p1/coin_replay_production_23845_-1.root,251948,251949,1,0,251949,1,0,0,OK
phase1,23846,SHMSHEEP,coin,/cache/hallc/c-rsidis/analysis/replays/pass0p1/coin_replay_production_23846_-1.root,331162,331163,1,0,331163,1,0,0,OK
phase1,23847,SHMSHEEP,coin,/cache/hallc/c-rsidis/analysis/replays/pass0p1/coin_replay_production_23847_-1.root,258370,258371,1,0,258371,1,0,0,OK
phase1,23848,SHMSHEEP,coin,/cache/hallc/c-rsidis/analysis/replays/pass0p1/coin_replay_production_23848_-1.root,205033,205034,1,0,205034,1,0,0,OK
phase1,23849,SHMSHEEP,coin,/cache/hallc/c-rsidis/analysis/replays/pass0p1/coin_replay_production_23849_-1.root,21458,21459,1,0,21459,1,0,0,OK
phase1,23850,SHMSHEEP,coin,/cache/hallc/c-rsidis/analysis/replays/pass0p1/coin_replay_production_23850_-1.root,24690,24691,1,0,24691,1,0,0,OK
phase1,23851,SHMSHEEP,coin,/cache/hallc/c-rsidis/analysis/replays/pass0p1/coin_replay_production_23851_-1.root,27296,27297,1,0,27297,1,0,0,OK
phase1,23853,HMSDIS,hms,/cache/hallc/c-rsidis/analysis/replays/pass0p1/hms_coin_replay_production_23853_-1.root,1345045,1345046,1,0,,,,0,OK
phase1,23855,HMSDIS,hms,/cache/hallc/c-rsidis/analysis/replays/pass0p1/hms_coin_replay_production_23855_-1.root,1371303,1371304,1,0,,,,0,OK
phase1,23856,SHMSDIS,shms,/cache/hallc/c-rsidis/analysis/replays/pass0p1/shms_coin_replay_production_23856_-1.root,1289067,,,,1289068,1,0,0,OK
phase1,23857,HMSDIS,hms,/cache/hallc/c-rsidis/analysis/replays/pass0p1/hms_coin_replay_production_23857_-1.root,1839480,1839481,1,0,,,,0,OK
phase1,23858,HMSDIS,hms,/cache/hallc/c-rsidis/analysis/replays/pass0p1/hms_coin_replay_production_23858_-1.root,2380167,2380168,1,0,,,,0,OK
phase1,23859,HMSDIS,hms,/cache/hallc/c-rsidis/analysis/replays/pass0p1/hms_coin_replay_production_23859_-1.root,2570960,2570961,1,0,,,,0,OK
phase1,23860,HMSDIS,hms,/cache/hallc/c-rsidis/analysis/replays/pass0p1/hms_coin_replay_production_23860_-1.root,2322599,2322600,1,0,,,,0,OK
phase1,23861,PI-SIDIS,coin,/cache/hallc/c-rsidis/analysis/replays/pass0p1/coin_replay_production_23861_-1.root,184441,184442,1,0,184442,1,0,0,OK
phase1,23862,PI-SIDIS,coin,/cache/hallc/c-rsidis/analysis/replays/pass0p1/coin_replay_production_23862_-1.root,280478,280479,1,0,280479,1,0,0,OK
phase1,23864,PI-SIDIS,coin,/cache/hallc/c-rsidis/analysis/replays/pass0p1/coin_replay_production_23864_-1.root,233559,233560,1,0,233560,1,0,0,OK
phase1,23865,PI-SIDIS,coin,/cache/hallc/c-rsidis/analysis/replays/pass0p1/coin_replay_production_23865_-1.root,171320,171321,1,0,171321,1,0,0,OK
phase1,23866,PI-SIDIS,coin,/cache/hallc/c-rsidis/analysis/replays/pass0p1/coin_replay_production_23866_-1.root,68833,68834,1,0,68834,1,0,0,OK
phase1,23867,PI-SIDIS,coin,/cache/hallc/c-rsidis/analysis/replays/pass0p1/coin_replay_production_23867_-1.root,138591,138592,1,0,138592,1,0,0,OK
phase1,23868,PI-SIDIS,coin,/cache/hallc/c-rsidis/analysis/replays/pass0p1/coin_replay_production_23868_-1.root,162532,162533,1,0,162533,1,0,0,OK
phase1,23876,PI-SIDIS,coin,/cache/hallc/c-rsidis/analysis/replays/pass0p1/coin_replay_production_23876_-1.root,123411,123412,1,0,123412,1,0,0,OK
phase1,23878,PI-SIDIS,coin,/cache/hallc/c-rsidis/analysis/replays/pass0p1/coin_replay_production_23878_-1.root,131436,131437,1,0,131437,1,0,0,OK
phase1,23879,PI-SIDIS,coin,/cache/hallc/c-rsidis/analysis/replays/pass0p1/coin_replay_production_23879_-1.root,81476,81477,1,0,81477,1,0,0,OK
phase1,23880,PI-SIDIS,coin,/cache/hallc/c-rsidis/analysis/replays/pass0p1/coin_replay_production_23880_-1.root,867791,867792,1,0,867792,1,0,0,OK
phase1,23881,PI-SIDIS,coin,/cache/hallc/c-rsidis/analysis/replays/pass0p1/coin_replay_production_23881_-1.root,75586,75587,1,0,75587,1,0,0,OK
phase1,23882,PI-SIDIS,coin,/cache/hallc/c-rsidis/analysis/replays/pass0p1/coin_replay_production_23882_-1.root,86326,86327,1,0,86327,1,0,0,OK
phase1,23883,PI-SIDIS,coin,/cache/hallc/c-rsidis/analysis/replays/pass0p1/coin_replay_production_23883_-1.root,84065,84066,1,0,84066,1,0,0,OK
phase1,23884,PI-SIDIS,coin,/cache/hallc/c-rsidis/analysis/replays/pass0p1/coin_replay_production_23884_-1.root,90683,90684,1,0,90684,1,0,0,OK
phase1,23885,PI-SIDIS,coin,/cache/hallc/c-rsidis/analysis/replays/pass0p1/coin_replay_production_23885_-1.root,23542,23543,1,0,23543,1,0,0,OK
phase1,23886,PI-SIDIS,coin,/cache/hallc/c-rsidis/analysis/replays/pass0p1/coin_replay_production_23886_-1.root,117387,117388,1,0,117388,1,0,0,OK
phase1,23887,PI-SIDIS,coin,/cache/hallc/c-rsidis/analysis/replays/pass0p1/coin_replay_production_23887_-1.root,115426,115427,1,0,115427,1,0,0,OK
phase1,23888,PI-SIDIS,coin,/cache/hallc/c-rsidis/analysis/replays/pass0p1/coin_replay_production_23888_-1.root,98545,98546,1,0,98546,1,0,0,OK
phase1,23889,PI-SIDIS,coin,/cache/hallc/c-rsidis/analysis/replays/pass0p1/coin_replay_production_23889_-1.root,105107,105108,1,0,105108,1,0,0,OK
phase1,23890,PI-SIDIS,coin,/cache/hallc/c-rsidis/analysis/replays/pass0p1/coin_replay_production_23890_-1.root,56206,56207,1,0,56207,1,0,0,OK
phase1,23891,PI-SIDIS,coin,/cache/hallc/c-rsidis/analysis/replays/pass0p1/coin_replay_production_23891_-1.root,24716,24717,1,0,24717,1,0,0,OK
phase1,23892,PI-SIDIS,coin,/cache/hallc/c-rsidis/analysis/replays/pass0p1/coin_replay_production_23892_-1.root,192256,192257,1,0,192257,1,0,0,OK
phase1,23893,PI-SIDIS,coin,/cache/hallc/c-rsidis/analysis/replays/pass0p1/coin_replay_production_23893_-1.root,173651,173652,1,0,173652,1,0,0,OK
phase1,23894,PI-SIDIS,coin,/cache/hallc/c-rsidis/analysis/replays/pass0p1/coin_replay_production_23894_-1.root,173367,173368,1,0,173368,1,0,0,OK
phase1,23895,PI-SIDIS,coin,/cache/hallc/c-rsidis/analysis/replays/pass0p1/coin_replay_production_23895_-1.root,177093,177094,1,0,177094,1,0,0,OK
phase1,23896,PI-SIDIS,coin,/cache/hallc/c-rsidis/analysis/replays/pass0p1/coin_replay_production_23896_-1.root,57438,57439,1,0,57439,1,0,0,OK
phase1,23897,PI-SIDIS,coin,/cache/hallc/c-rsidis/analysis/replays/pass0p1/coin_replay_production_23897_-1.root,211778,211779,1,0,211779,1,0,0,OK
phase1,23898,PI-SIDIS,coin,/cache/hallc/c-rsidis/analysis/replays/pass0p1/coin_replay_production_23898_-1.root,261130,261131,1,0,261131,1,0,0,OK
phase1,23899,PI-SIDIS,coin,/cache/hallc/c-rsidis/analysis/replays/pass0p1/coin_replay_production_23899_-1.root,249884,249885,1,0,249885,1,0,0,OK
phase1,23900,PI-SIDIS,coin,/cache/hallc/c-rsidis/analysis/replays/pass0p1/coin_replay_production_23900_-1.root,313228,313229,1,0,313229,1,0,0,OK
phase1,23901,PI-SIDIS,coin,/cache/hallc/c-rsidis/analysis/replays/pass0p1/coin_replay_production_23901_-1.root,21652,21653,1,0,21653,1,0,0,OK
phase1,23902,PI-SIDIS,coin,/cache/hallc/c-rsidis/analysis/replays/pass0p1/coin_replay_production_23902_-1.root,139591,139592,1,0,139592,1,0,0,OK
phase1,23903,PI-SIDIS,coin,/cache/hallc/c-rsidis/analysis/replays/pass0p1/coin_replay_production_23903_-1.root,18641,18642,1,0,18642,1,0,0,OK
phase1,23904,PI-SIDIS,coin,/cache/hallc/c-rsidis/analysis/replays/pass0p1/coin_replay_production_23904_-1.root,164471,164472,1,0,164472,1,0,0,OK
phase1,23905,PI-SIDIS,coin,/cache/hallc/c-rsidis/analysis/replays/pass0p1/coin_replay_production_23905_-1.root,159016,159017,1,0,159017,1,0,0,OK
phase1,23906,PI-SIDIS,coin,/cache/hallc/c-rsidis/analysis/replays/pass0p1/coin_replay_production_23906_-1.root,159122,159123,1,0,159123,1,0,0,OK
phase1,23907,PI-SIDIS,coin,/cache/hallc/c-rsidis/analysis/replays/pass0p1/coin_replay_production_23907_-1.root,170681,170682,1,0,170682,1,0,0,OK
phase1,23908,PI-SIDIS,coin,/cache/hallc/c-rsidis/analysis/replays/pass0p1/coin_replay_production_23908_-1.root,49291,49292,1,0,49292,1,0,0,OK
phase1,23909,HMSDIS,hms,/cache/hallc/c-rsidis/analysis/replays/pass0p1/hms_coin_replay_production_23909_-1.root,1513976,1513977,1,0,,,,0,OK
phase1,23911,SHMSDIS,shms,/cache/hallc/c-rsidis/analysis/replays/pass0p1/shms_coin_replay_production_23911_-1.root,2157438,,,,2157439,1,0,0,OK
phase1,23912,SHMSDIS,shms,/cache/hallc/c-rsidis/analysis/replays/pass0p1/shms_coin_replay_production_23912_-1.root,1106241,,,,1106242,1,0,0,OK
phase1,23913,SHMSDIS,shms,/cache/hallc/c-rsidis/analysis/replays/pass0p1/shms_coin_replay_production_23913_-1.root,1040722,,,,1040723,1,0,0,OK
phase1,23915,SHMSDIS,shms,/cache/hallc/c-rsidis/analysis/replays/pass0p1/shms_coin_replay_production_23915_-1.root,1979347,,,,1979348,1,0,0,OK
phase1,23918,HMSDIS,hms,/cache/hallc/c-rsidis/analysis/replays/pass0p1/hms_coin_replay_production_23918_-1.root,402725,402726,1,0,,,,0,OK
phase1,23919,HMSDIS,hms,/cache/hallc/c-rsidis/analysis/replays/pass0p1/hms_coin_replay_production_23919_-1.root,1289127,1289128,1,0,,,,0,OK
phase1,23925,HMSDIS,hms,/cache/hallc/c-rsidis/analysis/replays/pass0p1/hms_coin_replay_production_23925_-1.root,1007468,1007469,1,0,,,,0,OK
phase1,23933,SHMSDIS,shms,/cache/hallc/c-rsidis/analysis/replays/pass0p1/shms_coin_replay_production_23933_-1.root,2190108,,,,2190109,1,0,0,OK
phase1,23934,HMSDIS,hms,/cache/hallc/c-rsidis/analysis/replays/pass0p1/hms_coin_replay_production_23934_-1.root,2240653,2240654,1,0,,,,0,OK
phase1,23937,SHMSDIS,shms,/cache/hallc/c-rsidis/analysis/replays/pass0p1/shms_coin_replay_production_23937_-1.root,2101492,,,,2101493,1,0,0,OK
phase1,23938,HMSDIS,hms,/cache/hallc/c-rsidis/analysis/replays/pass0p1/hms_coin_replay_production_23938_-1.root,1360135,1360136,1,0,,,,0,OK
phase1,23941,SHMSDIS,shms,/cache/hallc/c-rsidis/analysis/replays/pass0p1/shms_coin_replay_production_23941_-1.root,2120697,,,,2120698,1,0,0,OK
phase1,23942,PI-SIDIS,coin,/cache/hallc/c-rsidis/analysis/replays/pass0p1/coin_replay_production_23942_-1.root,42321,42322,1,0,42322,1,0,0,OK
phase1,23943,PI-SIDIS,coin,/cache/hallc/c-rsidis/analysis/replays/pass0p1/coin_replay_production_23943_-1.root,12782,12783,1,0,12783,1,0,0,OK
phase1,23944,PI-SIDIS,coin,/cache/hallc/c-rsidis/analysis/replays/pass0p1/coin_replay_production_23944_-1.root,165297,165298,1,0,165298,1,0,0,OK
phase1,23945,PI-SIDIS,coin,/cache/hallc/c-rsidis/analysis/replays/pass0p1/coin_replay_production_23945_-1.root,103995,103996,1,0,103996,1,0,0,OK
phase1,23946,PI-SIDIS,coin,/cache/hallc/c-rsidis/analysis/replays/pass0p1/coin_replay_production_23946_-1.root,171844,171845,1,0,171845,1,0,0,OK
phase1,23947,PI-SIDIS,coin,/cache/hallc/c-rsidis/analysis/replays/pass0p1/coin_replay_production_23947_-1.root,169294,169295,1,0,169295,1,0,0,OK
phase1,23948,PI-SIDIS,coin,/cache/hallc/c-rsidis/analysis/replays/pass0p1/coin_replay_production_23948_-1.root,179006,179007,1,0,179007,1,0,0,OK
phase1,23949,PI-SIDIS,coin,/cache/hallc/c-rsidis/analysis/replays/pass0p1/coin_replay_production_23949_-1.root,16427,16428,1,0,16428,1,0,0,OK
phase1,23950,PI-SIDIS,coin,/cache/hallc/c-rsidis/analysis/replays/pass0p1/coin_replay_production_23950_-1.root,197254,197255,1,0,197255,1,0,0,OK
phase1,23951,PI-SIDIS,coin,/cache/hallc/c-rsidis/analysis/replays/pass0p1/coin_replay_production_23951_-1.root,212616,212617,1,0,212617,1,0,0,OK
phase1,23952,PI-SIDIS,coin,/cache/hallc/c-rsidis/analysis/replays/pass0p1/coin_replay_production_23952_-1.root,171038,171039,1,0,171039,1,0,0,OK
phase1,23953,PI-SIDIS,coin,/cache/hallc/c-rsidis/analysis/replays/pass0p1/coin_replay_production_23953_-1.root,168930,168931,1,0,168931,1,0,0,OK
phase1,23954,PI-SIDIS,coin,/cache/hallc/c-rsidis/analysis/replays/pass0p1/coin_replay_production_23954_-1.root,45636,45637,1,0,45637,1,0,0,OK
phase1,23955,PI-SIDIS,coin,/cache/hallc/c-rsidis/analysis/replays/pass0p1/coin_replay_production_23955_-1.root,123353,123354,1,0,123354,1,0,0,OK
phase1,23956,PI-SIDIS,coin,/cache/hallc/c-rsidis/analysis/replays/pass0p1/coin_replay_production_23956_-1.root,22409,22410,1,0,22410,1,0,0,OK
phase1,23957,PI-SIDIS,coin,/cache/hallc/c-rsidis/analysis/replays/pass0p1/coin_replay_production_23957_-1.root,66809,66810,1,0,66810,1,0,0,OK
phase1,23960,PI-SIDIS,coin,/cache/hallc/c-rsidis/analysis/replays/pass0p1/coin_replay_production_23960_-1.root,195358,195359,1,0,195359,1,0,0,OK
phase1,23961,PI-SIDIS,coin,/cache/hallc/c-rsidis/analysis/replays/pass0p1/coin_replay_production_23961_-1.root,44299,44300,1,0,44300,1,0,0,OK
phase1,23962,PI-SIDIS,coin,/cache/hallc/c-rsidis/analysis/replays/pass0p1/coin_replay_production_23962_-1.root,11015,11016,1,0,11016,1,0,0,OK
phase1,23963,HMSDIS,hms,/cache/hallc/c-rsidis/analysis/replays/pass0p1/hms_coin_replay_production_23963_-1.root,1403361,1403362,1,0,,,,0,OK
phase1,23964,PI-SIDIS,coin,/cache/hallc/c-rsidis/analysis/replays/pass0p1/coin_replay_production_23964_-1.root,400646,400647,1,0,400647,1,0,0,OK
phase1,23965,PI-SIDIS,coin,/cache/hallc/c-rsidis/analysis/replays/pass0p1/coin_replay_production_23965_-1.root,360876,360877,1,0,360877,1,0,0,OK
phase1,23966,PI-SIDIS,coin,/cache/hallc/c-rsidis/analysis/replays/pass0p1/coin_replay_production_23966_-1.root,422914,422915,1,0,422915,1,0,0,OK
phase1,23967,PI-SIDIS,coin,/cache/hallc/c-rsidis/analysis/replays/pass0p1/coin_replay_production_23967_-1.root,191729,191730,1,0,191730,1,0,0,OK
phase1,23968,HMSDIS,hms,/cache/hallc/c-rsidis/analysis/replays/pass0p1/hms_coin_replay_production_23968_-1.root,1464003,1464004,1,0,,,,0,OK
phase1,23969,PI-SIDIS,coin,/cache/hallc/c-rsidis/analysis/replays/pass0p1/coin_replay_production_23969_-1.root,364466,364467,1,0,364467,1,0,0,OK
phase1,23970,PI-SIDIS,coin,/cache/hallc/c-rsidis/analysis/replays/pass0p1/coin_replay_production_23970_-1.root,349986,349987,1,0,349987,1,0,0,OK
phase1,23971,HMSDIS,hms,/cache/hallc/c-rsidis/analysis/replays/pass0p1/hms_coin_replay_production_23971_-1.root,1326354,1326355,1,0,,,,0,OK
phase1,23972,PI-SIDIS,coin,/cache/hallc/c-rsidis/analysis/replays/pass0p1/coin_replay_production_23972_-1.root,255293,255294,1,0,255294,1,0,0,OK
phase1,23973,PI-SIDIS,coin,/cache/hallc/c-rsidis/analysis/replays/pass0p1/coin_replay_production_23973_-1.root,84169,84170,1,0,84170,1,0,0,OK
phase1,23974,PI-SIDIS,coin,/cache/hallc/c-rsidis/analysis/replays/pass0p1/coin_replay_production_23974_-1.root,240059,240060,1,0,240060,1,0,0,OK
phase1,23975,PI-SIDIS,coin,/cache/hallc/c-rsidis/analysis/replays/pass0p1/coin_replay_production_23975_-1.root,39127,39128,1,0,39128,1,0,0,OK
phase1,23976,HMSDIS,hms,/cache/hallc/c-rsidis/analysis/replays/pass0p1/hms_coin_replay_production_23976_-1.root,1026720,1026721,1,0,,,,0,OK
phase1,23977,PI-SIDIS,coin,/cache/hallc/c-rsidis/analysis/replays/pass0p1/coin_replay_production_23977_-1.root,198204,198205,1,0,198205,1,0,0,OK
phase1,23979,PI-SIDIS,coin,/cache/hallc/c-rsidis/analysis/replays/pass0p1/coin_replay_production_23979_-1.root,1836661,1836662,1,0,1836662,1,0,0,OK
phase1,23980,PI-SIDIS,coin,/cache/hallc/c-rsidis/analysis/replays/pass0p1/coin_replay_production_23980_-1.root,149650,149651,1,0,149651,1,0,0,OK
phase1,23981,PI-SIDIS,coin,/cache/hallc/c-rsidis/analysis/replays/pass0p1/coin_replay_production_23981_-1.root,244114,244115,1,0,244115,1,0,0,OK
phase1,23982,PI-SIDIS,coin,/cache/hallc/c-rsidis/analysis/replays/pass0p1/coin_replay_production_23982_-1.root,78471,78472,1,0,78472,1,0,0,OK
phase1,23983,PI-SIDIS,coin,/cache/hallc/c-rsidis/analysis/replays/pass0p1/coin_replay_production_23983_-1.root,329671,329672,1,0,329672,1,0,0,OK
phase1,23984,PI-SIDIS,coin,/cache/hallc/c-rsidis/analysis/replays/pass0p1/coin_replay_production_23984_-1.root,219592,219593,1,0,219593,1,0,0,OK
phase1,23985,PI-SIDIS,coin,/cache/hallc/c-rsidis/analysis/replays/pass0p1/coin_replay_production_23985_-1.root,234022,234023,1,0,234023,1,0,0,OK
phase1,23986,PI-SIDIS,coin,/cache/hallc/c-rsidis/analysis/replays/pass0p1/coin_replay_production_23986_-1.root,225524,225525,1,0,225525,1,0,0,OK
phase1,23987,PI-SIDIS,coin,/cache/hallc/c-rsidis/analysis/replays/pass0p1/coin_replay_production_23987_-1.root,199384,199385,1,0,199385,1,0,0,OK
phase1,23988,PI-SIDIS,coin,/cache/hallc/c-rsidis/analysis/replays/pass0p1/coin_replay_production_23988_-1.root,214735,214736,1,0,214736,1,0,0,OK
phase1,23989,PI-SIDIS,coin,/cache/hallc/c-rsidis/analysis/replays/pass0p1/coin_replay_production_23989_-1.root,334609,334610,1,0,334610,1,0,0,OK
phase1,23990,PI-SIDIS,coin,/cache/hallc/c-rsidis/analysis/replays/pass0p1/coin_replay_production_23990_-1.root,98929,98930,1,0,98930,1,0,0,OK
phase1,23991,PI-SIDIS,coin,/cache/hallc/c-rsidis/analysis/replays/pass0p1/coin_replay_production_23991_-1.root,26812,26813,1,0,26813,1,0,0,OK
phase1,23992,PI-SIDIS,coin,/cache/hallc/c-rsidis/analysis/replays/pass0p1/coin_replay_production_23992_-1.root,413196,413197,1,0,413197,1,0,0,OK
phase1,23993,PI-SIDIS,coin,/cache/hallc/c-rsidis/analysis/replays/pass0p1/coin_replay_production_23993_-1.root,494798,494799,1,0,494799,1,0,0,OK
phase1,23994,PI-SIDIS,coin,/cache/hallc/c-rsidis/analysis/replays/pass0p1/coin_replay_production_23994_-1.root,580901,580902,1,0,580902,1,0,0,OK
phase1,23995,PI-SIDIS,coin,/cache/hallc/c-rsidis/analysis/replays/pass0p1/coin_replay_production_23995_-1.root,376655,376656,1,0,376656,1,0,0,OK
phase1,23996,PI-SIDIS,coin,/cache/hallc/c-rsidis/analysis/replays/pass0p1/coin_replay_production_23996_-1.root,260540,260541,1,0,260541,1,0,0,OK
phase1,23998,PI-SIDIS,coin,/cache/hallc/c-rsidis/analysis/replays/pass0p1/coin_replay_production_23998_-1.root,119877,119878,1,0,119878,1,0,0,OK
phase1,23999,PI-SIDIS,coin,/cache/hallc/c-rsidis/analysis/replays/pass0p1/coin_replay_production_23999_-1.root,221227,221228,1,0,221228,1,0,0,OK
phase1,24001,PI-SIDIS,coin,/cache/hallc/c-rsidis/analysis/replays/pass0p1/coin_replay_production_24001_-1.root,449757,449758,1,0,449758,1,0,0,OK
phase1,24002,PI-SIDIS,coin,/cache/hallc/c-rsidis/analysis/replays/pass0p1/coin_replay_production_24002_-1.root,470194,470195,1,0,470195,1,0,0,OK
phase1,24003,PI-SIDIS,coin,/cache/hallc/c-rsidis/analysis/replays/pass0p1/coin_replay_production_24003_-1.root,451668,451669,1,0,451669,1,0,0,OK
phase1,24004,PI-SIDIS,coin,/cache/hallc/c-rsidis/analysis/replays/pass0p1/coin_replay_production_24004_-1.root,135639,135640,1,0,135640,1,0,0,OK
phase1,24005,PI-SIDIS,coin,/cache/hallc/c-rsidis/analysis/replays/pass0p1/coin_replay_production_24005_-1.root,465166,465167,1,0,465167,1,0,0,OK
phase1,24006,PI-SIDIS,coin,/cache/hallc/c-rsidis/analysis/replays/pass0p1/coin_replay_production_24006_-1.root,416893,416894,1,0,416894,1,0,0,OK
phase1,24007,PI-SIDIS,coin,/cache/hallc/c-rsidis/analysis/replays/pass0p1/coin_replay_production_24007_-1.root,412314,412315,1,0,412315,1,0,0,OK
phase1,24008,PI-SIDIS,coin,/cache/hallc/c-rsidis/analysis/replays/pass0p1/coin_replay_production_24008_-1.root,113601,113602,1,0,113602,1,0,0,OK
phase1,24009,PI-SIDIS,coin,/cache/hallc/c-rsidis/analysis/replays/pass0p1/coin_replay_production_24009_-1.root,575934,575935,1,0,575935,1,0,0,OK
phase1,24010,PI-SIDIS,coin,/cache/hallc/c-rsidis/analysis/replays/pass0p1/coin_replay_production_24010_-1.root,512560,512561,1,0,512561,1,0,0,OK
phase1,24011,PI-SIDIS,coin,/cache/hallc/c-rsidis/analysis/replays/pass0p1/coin_replay_production_24011_-1.root,322140,322141,1,0,322141,1,0,0,OK
phase1,24012,PI-SIDIS,coin,/cache/hallc/c-rsidis/analysis/replays/pass0p1/coin_replay_production_24012_-1.root,326501,326502,1,0,326502,1,0,0,OK
phase1,24013,PI-SIDIS,coin,/cache/hallc/c-rsidis/analysis/replays/pass0p1/coin_replay_production_24013_-1.root,358020,358021,1,0,358021,1,0,0,OK
phase1,24014,PI-SIDIS,coin,/cache/hallc/c-rsidis/analysis/replays/pass0p1/coin_replay_production_24014_-1.root,335343,335344,1,0,335344,1,0,0,OK
phase1,24015,PI-SIDIS,coin,/cache/hallc/c-rsidis/analysis/replays/pass0p1/coin_replay_production_24015_-1.root,170788,170789,1,0,170789,1,0,0,OK
phase1,24016,PI-SIDIS,coin,/cache/hallc/c-rsidis/analysis/replays/pass0p1/coin_replay_production_24016_-1.root,48456,48457,1,0,48457,1,0,0,OK
phase1,24017,HMSDIS,hms,/cache/hallc/c-rsidis/analysis/replays/pass0p1/hms_coin_replay_production_24017_-1.root,1808737,1808738,1,0,,,,0,OK
phase1,24018,SHMSDIS,shms,/cache/hallc/c-rsidis/analysis/replays/pass0p1/shms_coin_replay_production_24018_-1.root,2093780,,,,2093781,1,0,0,OK
phase1,24019,PI-SIDIS,coin,/cache/hallc/c-rsidis/analysis/replays/pass0p1/coin_replay_production_24019_-1.root,458909,458910,1,0,458910,1,0,0,OK
phase1,24020,PI-SIDIS,coin,/cache/hallc/c-rsidis/analysis/replays/pass0p1/coin_replay_production_24020_-1.root,408292,408293,1,0,408293,1,0,0,OK
phase1,24021,PI-SIDIS,coin,/cache/hallc/c-rsidis/analysis/replays/pass0p1/coin_replay_production_24021_-1.root,467658,467659,1,0,467659,1,0,0,OK
phase1,24022,PI-SIDIS,coin,/cache/hallc/c-rsidis/analysis/replays/pass0p1/coin_replay_production_24022_-1.root,473723,473724,1,0,473724,1,0,0,OK
phase1,24023,PI-SIDIS,coin,/cache/hallc/c-rsidis/analysis/replays/pass0p1/coin_replay_production_24023_-1.root,52504,52505,1,0,52505,1,0,0,OK
phase1,24024,PI-SIDIS,coin,/cache/hallc/c-rsidis/analysis/replays/pass0p1/coin_replay_production_24024_-1.root,242375,242376,1,0,242376,1,0,0,OK
phase1,24026,PI-SIDIS,coin,/cache/hallc/c-rsidis/analysis/replays/pass0p1/coin_replay_production_24026_-1.root,133528,133529,1,0,133529,1,0,0,OK
phase1,24027,HMSDIS,hms,/cache/hallc/c-rsidis/analysis/replays/pass0p1/hms_coin_replay_production_24027_-1.root,2415849,2415850,1,0,,,,0,OK
phase1,24031,SHMSDIS,shms,/cache/hallc/c-rsidis/analysis/replays/pass0p1/shms_coin_replay_production_24031_-1.root,2036242,,,,2036243,1,0,0,OK
phase1,24032,PI-SIDIS,coin,/cache/hallc/c-rsidis/analysis/replays/pass0p1/coin_replay_production_24032_-1.root,238679,238680,1,0,238680,1,0,0,OK
phase1,24038,SHMSDIS,shms,/cache/hallc/c-rsidis/analysis/replays/pass0p1/shms_coin_replay_production_24038_-1.root,1308707,,,,1308708,1,0,0,OK
phase1,24039,PI-SIDIS,coin,/cache/hallc/c-rsidis/analysis/replays/pass0p1/coin_replay_production_24039_-1.root,46206,46207,1,0,46207,1,0,0,OK
phase1,24040,PI-SIDIS,coin,/cache/hallc/c-rsidis/analysis/replays/pass0p1/coin_replay_production_24040_-1.root,275265,275266,1,0,275266,1,0,0,OK
phase1,24041,PI-SIDIS,coin,/cache/hallc/c-rsidis/analysis/replays/pass0p1/coin_replay_production_24041_-1.root,384729,384730,1,0,384730,1,0,0,OK
phase1,24042,PI-SIDIS,coin,/cache/hallc/c-rsidis/analysis/replays/pass0p1/coin_replay_production_24042_-1.root,359840,359841,1,0,359841,1,0,0,OK
phase1,24043,PI-SIDIS,coin,/cache/hallc/c-rsidis/analysis/replays/pass0p1/coin_replay_production_24043_-1.root,119329,119330,1,0,119330,1,0,0,OK
phase1,24044,HMSDIS,hms,/cache/hallc/c-rsidis/analysis/replays/pass0p1/hms_coin_replay_production_24044_-1.root,1979304,1979305,1,0,,,,0,OK
phase1,24046,SHMSDIS,shms,/cache/hallc/c-rsidis/analysis/replays/pass0p1/shms_coin_replay_production_24046_-1.root,2011794,,,,2011795,1,0,0,OK
phase1,24047,PI-SIDIS,coin,/cache/hallc/c-rsidis/analysis/replays/pass0p1/coin_replay_production_24047_-1.root,421285,421286,1,0,421286,1,0,0,OK
phase1,24048,PI-SIDIS,coin,/cache/hallc/c-rsidis/analysis/replays/pass0p1/coin_replay_production_24048_-1.root,402464,402465,1,0,402465,1,0,0,OK
phase1,24049,PI-SIDIS,coin,/cache/hallc/c-rsidis/analysis/replays/pass0p1/coin_replay_production_24049_-1.root,435947,435948,1,0,435948,1,0,0,OK
phase1,24050,PI-SIDIS,coin,/cache/hallc/c-rsidis/analysis/replays/pass0p1/coin_replay_production_24050_-1.root,456182,456183,1,0,456183,1,0,0,OK
phase1,24051,PI-SIDIS,coin,/cache/hallc/c-rsidis/analysis/replays/pass0p1/coin_replay_production_24051_-1.root,381161,381162,1,0,381162,1,0,0,OK
phase1,24052,HMSDIS,hms,/cache/hallc/c-rsidis/analysis/replays/pass0p1/hms_coin_replay_production_24052_-1.root,1977154,1977155,1,0,,,,0,OK
phase1,24053,SHMSDIS,shms,/cache/hallc/c-rsidis/analysis/replays/pass0p1/shms_coin_replay_production_24053_-1.root,1600950,,,,1600951,1,0,0,OK
phase1,24054,PI-SIDIS,coin,/cache/hallc/c-rsidis/analysis/replays/pass0p1/coin_replay_production_24054_-1.root,314125,314126,1,0,314126,1,0,0,OK
phase1,24055,PI-SIDIS,coin,/cache/hallc/c-rsidis/analysis/replays/pass0p1/coin_replay_production_24055_-1.root,316717,316718,1,0,316718,1,0,0,OK
phase1,24056,PI-SIDIS,coin,/cache/hallc/c-rsidis/analysis/replays/pass0p1/coin_replay_production_24056_-1.root,332900,332901,1,0,332901,1,0,0,OK
phase1,24057,PI-SIDIS,coin,/cache/hallc/c-rsidis/analysis/replays/pass0p1/coin_replay_production_24057_-1.root,294966,294967,1,0,294967,1,0,0,OK
phase1,24058,PI-SIDIS,coin,/cache/hallc/c-rsidis/analysis/replays/pass0p1/coin_replay_production_24058_-1.root,140482,140483,1,0,140483,1,0,0,OK
phase1,24059,PI-SIDIS,coin,/cache/hallc/c-rsidis/analysis/replays/pass0p1/coin_replay_production_24059_-1.root,45761,45762,1,0,45762,1,0,0,OK
phase1,24060,PI-SIDIS,coin,/cache/hallc/c-rsidis/analysis/replays/pass0p1/coin_replay_production_24060_-1.root,412878,412879,1,0,412879,1,0,0,OK
phase1,24061,PI-SIDIS,coin,/cache/hallc/c-rsidis/analysis/replays/pass0p1/coin_replay_production_24061_-1.root,499463,499464,1,0,499464,1,0,0,OK
phase1,24062,PI-SIDIS,coin,/cache/hallc/c-rsidis/analysis/replays/pass0p1/coin_replay_production_24062_-1.root,479414,479415,1,0,479415,1,0,0,OK
phase1,24063,PI-SIDIS,coin,/cache/hallc/c-rsidis/analysis/replays/pass0p1/coin_replay_production_24063_-1.root,416964,416965,1,0,416965,1,0,0,OK
phase1,24064,PI-SIDIS,coin,/cache/hallc/c-rsidis/analysis/replays/pass0p1/coin_replay_production_24064_-1.root,225750,225751,1,0,225751,1,0,0,OK
phase1,24065,PI-SIDIS,coin,/cache/hallc/c-rsidis/analysis/replays/pass0p1/coin_replay_production_24065_-1.root,118347,118348,1,0,118348,1,0,0,OK
phase1,24066,PI-SIDIS,coin,/cache/hallc/c-rsidis/analysis/replays/pass0p1/coin_replay_production_24066_-1.root,188983,188984,1,0,188984,1,0,0,OK
phase1,24067,PI-SIDIS,coin,/cache/hallc/c-rsidis/analysis/replays/pass0p1/coin_replay_production_24067_-1.root,370237,370238,1,0,370238,1,0,0,OK
phase1,24068,PI-SIDIS,coin,/cache/hallc/c-rsidis/analysis/replays/pass0p1/coin_replay_production_24068_-1.root,366311,366312,1,0,366312,1,0,0,OK
phase1,24069,PI-SIDIS,coin,/cache/hallc/c-rsidis/analysis/replays/pass0p1/coin_replay_production_24069_-1.root,515113,515114,1,0,515114,1,0,0,OK
phase1,24070,PI-SIDIS,coin,/cache/hallc/c-rsidis/analysis/replays/pass0p1/coin_replay_production_24070_-1.root,129803,129804,1,0,129804,1,0,0,OK
phase1,24071,PI-SIDIS,coin,/cache/hallc/c-rsidis/analysis/replays/pass0p1/coin_replay_production_24071_-1.root,481986,481987,1,0,481987,1,0,0,OK
phase1,24072,PI-SIDIS,coin,/cache/hallc/c-rsidis/analysis/replays/pass0p1/coin_replay_production_24072_-1.root,416867,416868,1,0,416868,1,0,0,OK
phase1,24073,PI-SIDIS,coin,/cache/hallc/c-rsidis/analysis/replays/pass0p1/coin_replay_production_24073_-1.root,430364,430365,1,0,430365,1,0,0,OK
phase1,24074,PI-SIDIS,coin,/cache/hallc/c-rsidis/analysis/replays/pass0p1/coin_replay_production_24074_-1.root,437691,437692,1,0,437692,1,0,0,OK
phase1,24075,PI-SIDIS,coin,/cache/hallc/c-rsidis/analysis/replays/pass0p1/coin_replay_production_24075_-1.root,397080,397081,1,0,397081,1,0,0,OK
phase1,24076,PI-SIDIS,coin,/cache/hallc/c-rsidis/analysis/replays/pass0p1/coin_replay_production_24076_-1.root,433351,433352,1,0,433352,1,0,0,OK
phase1,24078,SHMSDIS,shms,/cache/hallc/c-rsidis/analysis/replays/pass0p1/shms_coin_replay_production_24078_-1.root,972162,,,,972163,1,0,0,OK
phase1,24079,PI-SIDIS,coin,/cache/hallc/c-rsidis/analysis/replays/pass0p1/coin_replay_production_24079_-1.root,425506,425507,1,0,425507,1,0,0,OK
phase1,24080,PI-SIDIS,coin,/cache/hallc/c-rsidis/analysis/replays/pass0p1/coin_replay_production_24080_-1.root,484501,484502,1,0,484502,1,0,0,OK
phase1,24081,PI-SIDIS,coin,/cache/hallc/c-rsidis/analysis/replays/pass0p1/coin_replay_production_24081_-1.root,321738,321739,1,0,321739,1,0,0,OK
phase1,24082,PI-SIDIS,coin,/cache/hallc/c-rsidis/analysis/replays/pass0p1/coin_replay_production_24082_-1.root,309840,309841,1,0,309841,1,0,0,OK
phase1,24083,HMSDIS,hms,/cache/hallc/c-rsidis/analysis/replays/pass0p1/hms_coin_replay_production_24083_-1.root,2160219,2160220,1,0,,,,0,OK
phase1,24084,PI-SIDIS,coin,/cache/hallc/c-rsidis/analysis/replays/pass0p1/coin_replay_production_24084_-1.root,209236,209237,1,0,209237,1,0,0,OK
phase1,24085,PI-SIDIS,coin,/cache/hallc/c-rsidis/analysis/replays/pass0p1/coin_replay_production_24085_-1.root,219316,219317,1,0,219317,1,0,0,OK
phase1,24086,PI-SIDIS,coin,/cache/hallc/c-rsidis/analysis/replays/pass0p1/coin_replay_production_24086_-1.root,225088,225089,1,0,225089,1,0,0,OK
phase1,24087,PI-SIDIS,coin,/cache/hallc/c-rsidis/analysis/replays/pass0p1/coin_replay_production_24087_-1.root,621056,621057,1,0,621057,1,0,0,OK
phase1,24089,PI-SIDIS,coin,/cache/hallc/c-rsidis/analysis/replays/pass0p1/coin_replay_production_24089_-1.root,216894,216895,1,0,216895,1,0,0,OK
phase1,24091,PI-SIDIS,coin,/cache/hallc/c-rsidis/analysis/replays/pass0p1/coin_replay_production_24091_-1.root,1867325,1867326,1,0,1867326,1,0,0,OK
phase1,24092,PI-SIDIS,coin,/cache/hallc/c-rsidis/analysis/replays/pass0p1/coin_replay_production_24092_-1.root,275319,275320,1,0,275320,1,0,0,OK
phase1,24093,PI-SIDIS,coin,/cache/hallc/c-rsidis/analysis/replays/pass0p1/coin_replay_production_24093_-1.root,265456,265457,1,0,265457,1,0,0,OK
phase1,24094,PI-SIDIS,coin,/cache/hallc/c-rsidis/analysis/replays/pass0p1/coin_replay_production_24094_-1.root,248795,248796,1,0,248796,1,0,0,OK
phase1,24095,PI-SIDIS,coin,/cache/hallc/c-rsidis/analysis/replays/pass0p1/coin_replay_production_24095_-1.root,108975,108976,1,0,108976,1,0,0,OK
phase1,24096,PI-SIDIS,coin,/cache/hallc/c-rsidis/analysis/replays/pass0p1/coin_replay_production_24096_-1.root,34874,34875,1,0,34875,1,0,0,OK
phase1,24097,PI-SIDIS,coin,/cache/hallc/c-rsidis/analysis/replays/pass0p1/coin_replay_production_24097_-1.root,23528,23529,1,0,23529,1,0,0,OK
phase1,24098,PI-SIDIS,coin,/cache/hallc/c-rsidis/analysis/replays/pass0p1/coin_replay_production_24098_-1.root,306476,306477,1,0,306477,1,0,0,OK
phase1,24099,PI-SIDIS,coin,/cache/hallc/c-rsidis/analysis/replays/pass0p1/coin_replay_production_24099_-1.root,323310,323311,1,0,323311,1,0,0,OK
phase1,24100,PI-SIDIS,coin,/cache/hallc/c-rsidis/analysis/replays/pass0p1/coin_replay_production_24100_-1.root,277762,277763,1,0,277763,1,0,0,OK
phase1,24101,PI-SIDIS,coin,/cache/hallc/c-rsidis/analysis/replays/pass0p1/coin_replay_production_24101_-1.root,320552,320553,1,0,320553,1,0,0,OK
phase1,24103,PI-SIDIS,coin,/cache/hallc/c-rsidis/analysis/replays/pass0p1/coin_replay_production_24103_-1.root,170874,170875,1,0,170875,1,0,0,OK
phase1,24104,PI-SIDIS,coin,/cache/hallc/c-rsidis/analysis/replays/pass0p1/coin_replay_production_24104_-1.root,425183,425184,1,0,425184,1,0,0,OK
phase1,24110,PI-SIDIS,coin,/cache/hallc/c-rsidis/analysis/replays/pass0p1/coin_replay_production_24110_-1.root,287177,667370,380193,1,667370,380193,1,1,DISCREPANCY
phase1,24111,PI-SIDIS,coin,/cache/hallc/c-rsidis/analysis/replays/pass0p1/coin_replay_production_24111_-1.root,300837,648048,347211,1,648048,347211,1,1,DISCREPANCY
phase1,24112,PI-SIDIS,coin,/cache/hallc/c-rsidis/analysis/replays/pass0p1/coin_replay_production_24112_-1.root,334682,684117,349435,1,684117,349435,1,1,DISCREPANCY
phase1,24113,PI-SIDIS,coin,/cache/hallc/c-rsidis/analysis/replays/pass0p1/coin_replay_production_24113_-1.root,146136,501132,354996,1,501132,354996,1,1,DISCREPANCY
phase1,24116,PI-SIDIS,coin,/cache/hallc/c-rsidis/analysis/replays/pass0p1/coin_replay_production_24116_-1.root,238322,400418,162096,1,400418,162096,1,1,DISCREPANCY
phase1,24117,PI-SIDIS,coin,/cache/hallc/c-rsidis/analysis/replays/pass0p1/coin_replay_production_24117_-1.root,240514,240515,1,0,240515,1,0,0,OK
phase1,24118,HMSDIS,hms,/cache/hallc/c-rsidis/analysis/replays/pass0p1/hms_coin_replay_production_24118_-1.root,1146257,1146258,1,0,,,,0,OK
phase1,24119,SHMSDIS,shms,/cache/hallc/c-rsidis/analysis/replays/pass0p1/shms_coin_replay_production_24119_-1.root,2068169,,,,2068170,1,0,0,OK
phase1,24120,PI-SIDIS,coin,/cache/hallc/c-rsidis/analysis/replays/pass0p1/coin_replay_production_24120_-1.root,420492,420493,1,0,420493,1,0,0,OK
phase1,24121,PI-SIDIS,coin,/cache/hallc/c-rsidis/analysis/replays/pass0p1/coin_replay_production_24121_-1.root,395044,395045,1,0,395045,1,0,0,OK
phase1,24122,PI-SIDIS,coin,/cache/hallc/c-rsidis/analysis/replays/pass0p1/coin_replay_production_24122_-1.root,371022,371023,1,0,371023,1,0,0,OK
phase1,24123,PI-SIDIS,coin,/cache/hallc/c-rsidis/analysis/replays/pass0p1/coin_replay_production_24123_-1.root,353379,353380,1,0,353380,1,0,0,OK
phase1,24125,PI-SIDIS,coin,/cache/hallc/c-rsidis/analysis/replays/pass0p1/coin_replay_production_24125_-1.root,88466,88467,1,0,88467,1,0,0,OK
phase1,24126,PI-SIDIS,coin,/cache/hallc/c-rsidis/analysis/replays/pass0p1/coin_replay_production_24126_-1.root,386382,386383,1,0,386383,1,0,0,OK
phase1,24127,PI-SIDIS,coin,/cache/hallc/c-rsidis/analysis/replays/pass0p1/coin_replay_production_24127_-1.root,341499,341500,1,0,341500,1,0,0,OK
phase1,24128,PI-SIDIS,coin,/cache/hallc/c-rsidis/analysis/replays/pass0p1/coin_replay_production_24128_-1.root,436906,436907,1,0,436907,1,0,0,OK
phase1,24129,PI-SIDIS,coin,/cache/hallc/c-rsidis/analysis/replays/pass0p1/coin_replay_production_24129_-1.root,392334,392335,1,0,392335,1,0,0,OK
phase1,24130,PI-SIDIS,coin,/cache/hallc/c-rsidis/analysis/replays/pass0p1/coin_replay_production_24130_-1.root,301189,301190,1,0,301190,1,0,0,OK
phase1,24131,PI-SIDIS,coin,/cache/hallc/c-rsidis/analysis/replays/pass0p1/coin_replay_production_24131_-1.root,267910,267911,1,0,267911,1,0,0,OK
phase1,24132,PI-SIDIS,coin,/cache/hallc/c-rsidis/analysis/replays/pass0p1/coin_replay_production_24132_-1.root,196218,196219,1,0,196219,1,0,0,OK
phase1,24133,PI-SIDIS,coin,/cache/hallc/c-rsidis/analysis/replays/pass0p1/coin_replay_production_24133_-1.root,272965,272966,1,0,272966,1,0,0,OK
phase1,24134,PI-SIDIS,coin,/cache/hallc/c-rsidis/analysis/replays/pass0p1/coin_replay_production_24134_-1.root,133180,133181,1,0,133181,1,0,0,OK
phase1,24135,PI-SIDIS,coin,/cache/hallc/c-rsidis/analysis/replays/pass0p1/coin_replay_production_24135_-1.root,33765,33766,1,0,33766,1,0,0,OK
phase1,24136,HMSDIS,hms,/cache/hallc/c-rsidis/analysis/replays/pass0p1/hms_coin_replay_production_24136_-1.root,891245,891246,1,0,,,,0,OK
phase1,24137,SHMSDIS,shms,/cache/hallc/c-rsidis/analysis/replays/pass0p1/shms_coin_replay_production_24137_-1.root,1610997,,,,1610998,1,0,0,OK
phase1,24138,PI-SIDIS,coin,/cache/hallc/c-rsidis/analysis/replays/pass0p1/coin_replay_production_24138_-1.root,536760,536761,1,0,536761,1,0,0,OK
phase1,24139,PI-SIDIS,coin,/cache/hallc/c-rsidis/analysis/replays/pass0p1/coin_replay_production_24139_-1.root,570243,570244,1,0,570244,1,0,0,OK
phase1,24140,PI-SIDIS,coin,/cache/hallc/c-rsidis/analysis/replays/pass0p1/coin_replay_production_24140_-1.root,591268,591269,1,0,591269,1,0,0,OK
phase1,24141,PI-SIDIS,coin,/cache/hallc/c-rsidis/analysis/replays/pass0p1/coin_replay_production_24141_-1.root,566975,566976,1,0,566976,1,0,0,OK
phase1,24142,HMSDIS,hms,/cache/hallc/c-rsidis/analysis/replays/pass0p1/hms_coin_replay_production_24142_-1.root,1598956,1598957,1,0,,,,0,OK
phase1,24143,SHMSDIS,shms,/cache/hallc/c-rsidis/analysis/replays/pass0p1/shms_coin_replay_production_24143_-1.root,2081794,,,,2081795,1,0,0,OK
phase1,24144,PI-SIDIS,coin,/cache/hallc/c-rsidis/analysis/replays/pass0p1/coin_replay_production_24144_-1.root,411914,411915,1,0,411915,1,0,0,OK
phase1,24145,PI-SIDIS,coin,/cache/hallc/c-rsidis/analysis/replays/pass0p1/coin_replay_production_24145_-1.root,400317,400318,1,0,400318,1,0,0,OK
phase1,24146,PI-SIDIS,coin,/cache/hallc/c-rsidis/analysis/replays/pass0p1/coin_replay_production_24146_-1.root,381079,381080,1,0,381080,1,0,0,OK
phase1,24147,PI-SIDIS,coin,/cache/hallc/c-rsidis/analysis/replays/pass0p1/coin_replay_production_24147_-1.root,412162,412163,1,0,412163,1,0,0,OK
phase1,24148,HMSDIS,hms,/cache/hallc/c-rsidis/analysis/replays/pass0p1/hms_coin_replay_production_24148_-1.root,1675721,1675722,1,0,,,,0,OK
phase1,24149,SHMSDIS,shms,/cache/hallc/c-rsidis/analysis/replays/pass0p1/shms_coin_replay_production_24149_-1.root,2054149,,,,2054150,1,0,0,OK
phase1,24150,PI-SIDIS,coin,/cache/hallc/c-rsidis/analysis/replays/pass0p1/coin_replay_production_24150_-1.root,287046,287047,1,0,287047,1,0,0,OK
phase1,24151,PI-SIDIS,coin,/cache/hallc/c-rsidis/analysis/replays/pass0p1/coin_replay_production_24151_-1.root,291691,291692,1,0,291692,1,0,0,OK
phase1,24153,PI-SIDIS,coin,/cache/hallc/c-rsidis/analysis/replays/pass0p1/coin_replay_production_24153_-1.root,276240,276241,1,0,276241,1,0,0,OK
phase1,24155,PI-SIDIS,coin,/cache/hallc/c-rsidis/analysis/replays/pass0p1/coin_replay_production_24155_-1.root,262395,262396,1,0,262396,1,0,0,OK
phase1,24156,PI-SIDIS,coin,/cache/hallc/c-rsidis/analysis/replays/pass0p1/coin_replay_production_24156_-1.root,131902,131903,1,0,131903,1,0,0,OK
phase1,24157,PI-SIDIS,coin,/cache/hallc/c-rsidis/analysis/replays/pass0p1/coin_replay_production_24157_-1.root,32714,32715,1,0,32715,1,0,0,OK
phase1,24158,PI-SIDIS,coin,/cache/hallc/c-rsidis/analysis/replays/pass0p1/coin_replay_production_24158_-1.root,353774,353775,1,0,353775,1,0,0,OK
phase1,24159,PI-SIDIS,coin,/cache/hallc/c-rsidis/analysis/replays/pass0p1/coin_replay_production_24159_-1.root,336151,336152,1,0,336152,1,0,0,OK
phase1,24160,PI-SIDIS,coin,/cache/hallc/c-rsidis/analysis/replays/pass0p1/coin_replay_production_24160_-1.root,352697,352698,1,0,352698,1,0,0,OK
phase1,24161,PI-SIDIS,coin,/cache/hallc/c-rsidis/analysis/replays/pass0p1/coin_replay_production_24161_-1.root,327810,327811,1,0,327811,1,0,0,OK
phase1,24162,PI-SIDIS,coin,/cache/hallc/c-rsidis/analysis/replays/pass0p1/coin_replay_production_24162_-1.root,327847,327848,1,0,327848,1,0,0,OK
phase1,24163,PI-SIDIS,coin,/cache/hallc/c-rsidis/analysis/replays/pass0p1/coin_replay_production_24163_-1.root,339370,339371,1,0,339371,1,0,0,OK
phase1,24164,PI-SIDIS,coin,/cache/hallc/c-rsidis/analysis/replays/pass0p1/coin_replay_production_24164_-1.root,324994,324995,1,0,324995,1,0,0,OK
phase1,24165,PI-SIDIS,coin,/cache/hallc/c-rsidis/analysis/replays/pass0p1/coin_replay_production_24165_-1.root,389181,389182,1,0,389182,1,0,0,OK
phase1,24166,PI-SIDIS,coin,/cache/hallc/c-rsidis/analysis/replays/pass0p1/coin_replay_production_24166_-1.root,99075,99076,1,0,99076,1,0,0,OK
phase1,24167,PI-SIDIS,coin,/cache/hallc/c-rsidis/analysis/replays/pass0p1/coin_replay_production_24167_-1.root,344053,344054,1,0,344054,1,0,0,OK
phase1,24168,PI-SIDIS,coin,/cache/hallc/c-rsidis/analysis/replays/pass0p1/coin_replay_production_24168_-1.root,381330,381331,1,0,381331,1,0,0,OK
phase1,24169,PI-SIDIS,coin,/cache/hallc/c-rsidis/analysis/replays/pass0p1/coin_replay_production_24169_-1.root,383717,383718,1,0,383718,1,0,0,OK
phase1,24170,PI-SIDIS,coin,/cache/hallc/c-rsidis/analysis/replays/pass0p1/coin_replay_production_24170_-1.root,353981,353982,1,0,353982,1,0,0,OK
phase1,24171,PI-SIDIS,coin,/cache/hallc/c-rsidis/analysis/replays/pass0p1/coin_replay_production_24171_-1.root,206789,206790,1,0,206790,1,0,0,OK
phase1,24172,PI-SIDIS,coin,/cache/hallc/c-rsidis/analysis/replays/pass0p1/coin_replay_production_24172_-1.root,257787,257788,1,0,257788,1,0,0,OK
phase1,24173,PI-SIDIS,coin,/cache/hallc/c-rsidis/analysis/replays/pass0p1/coin_replay_production_24173_-1.root,304148,304149,1,0,304149,1,0,0,OK
phase1,24174,PI-SIDIS,coin,/cache/hallc/c-rsidis/analysis/replays/pass0p1/coin_replay_production_24174_-1.root,378419,378420,1,0,378420,1,0,0,OK
phase1,24175,PI-SIDIS,coin,/cache/hallc/c-rsidis/analysis/replays/pass0p1/coin_replay_production_24175_-1.root,357112,357113,1,0,357113,1,0,0,OK
phase1,24176,PI-SIDIS,coin,/cache/hallc/c-rsidis/analysis/replays/pass0p1/coin_replay_production_24176_-1.root,378178,378179,1,0,378179,1,0,0,OK
phase1,24177,PI-SIDIS,coin,/cache/hallc/c-rsidis/analysis/replays/pass0p1/coin_replay_production_24177_-1.root,326232,326233,1,0,326233,1,0,0,OK
phase1,24178,PI-SIDIS,coin,/cache/hallc/c-rsidis/analysis/replays/pass0p1/coin_replay_production_24178_-1.root,232115,232116,1,0,232116,1,0,0,OK
phase1,24179,PI-SIDIS,coin,/cache/hallc/c-rsidis/analysis/replays/pass0p1/coin_replay_production_24179_-1.root,278192,278193,1,0,278193,1,0,0,OK
phase1,24183,HMSDIS,hms,/cache/hallc/c-rsidis/analysis/replays/pass0p1/hms_coin_replay_production_24183_-1.root,2105931,2105932,1,0,,,,0,OK
phase1,24184,HMSDIS,hms,/cache/hallc/c-rsidis/analysis/replays/pass0p1/hms_coin_replay_production_24184_-1.root,828791,828792,1,0,,,,0,OK
phase1,24185,PI-SIDIS,coin,/cache/hallc/c-rsidis/analysis/replays/pass0p1/coin_replay_production_24185_-1.root,324259,324260,1,0,324260,1,0,0,OK
phase1,24187,PI+SIDIS,coin,/cache/hallc/c-rsidis/analysis/replays/pass0p1/coin_replay_production_24187_-1.root,99848,99849,1,0,99849,1,0,0,OK
phase1,24188,PI+SIDIS,coin,/cache/hallc/c-rsidis/analysis/replays/pass0p1/coin_replay_production_24188_-1.root,1273807,1273808,1,0,1273808,1,0,0,OK
phase1,24189,PI+SIDIS,coin,/cache/hallc/c-rsidis/analysis/replays/pass0p1/coin_replay_production_24189_-1.root,94425,94426,1,0,94426,1,0,0,OK
phase1,24190,PI+SIDIS,coin,/cache/hallc/c-rsidis/analysis/replays/pass0p1/coin_replay_production_24190_-1.root,108547,108548,1,0,108548,1,0,0,OK
phase1,24191,PI+SIDIS,coin,/cache/hallc/c-rsidis/analysis/replays/pass0p1/coin_replay_production_24191_-1.root,89640,89641,1,0,89641,1,0,0,OK
phase1,24192,PI+SIDIS,coin,/cache/hallc/c-rsidis/analysis/replays/pass0p1/coin_replay_production_24192_-1.root,103603,103604,1,0,103604,1,0,0,OK
phase1,24193,PI+SIDIS,coin,/cache/hallc/c-rsidis/analysis/replays/pass0p1/coin_replay_production_24193_-1.root,90596,90597,1,0,90597,1,0,0,OK
phase1,24194,PI+SIDIS,coin,/cache/hallc/c-rsidis/analysis/replays/pass0p1/coin_replay_production_24194_-1.root,101934,101935,1,0,101935,1,0,0,OK
phase1,24195,PI+SIDIS,coin,/cache/hallc/c-rsidis/analysis/replays/pass0p1/coin_replay_production_24195_-1.root,104269,104270,1,0,104270,1,0,0,OK
phase1,24196,PI+SIDIS,coin,/cache/hallc/c-rsidis/analysis/replays/pass0p1/coin_replay_production_24196_-1.root,42446,42447,1,0,42447,1,0,0,OK
phase1,24197,PI+SIDIS,coin,/cache/hallc/c-rsidis/analysis/replays/pass0p1/coin_replay_production_24197_-1.root,15329,15330,1,0,15330,1,0,0,OK
phase1,24198,HMSDIS,hms,/cache/hallc/c-rsidis/analysis/replays/pass0p1/hms_coin_replay_production_24198_-1.root,1029748,1029749,1,0,,,,0,OK
phase1,24199,SHMSDIS,shms,/cache/hallc/c-rsidis/analysis/replays/pass0p1/shms_coin_replay_production_24199_-1.root,2372501,,,,2372502,1,0,0,OK
phase1,24200,PI+SIDIS,coin,/cache/hallc/c-rsidis/analysis/replays/pass0p1/coin_replay_production_24200_-1.root,79203,79204,1,0,79204,1,0,0,OK
phase1,24201,PI+SIDIS,coin,/cache/hallc/c-rsidis/analysis/replays/pass0p1/coin_replay_production_24201_-1.root,327055,327056,1,0,327056,1,0,0,OK
phase1,24203,PI+SIDIS,coin,/cache/hallc/c-rsidis/analysis/replays/pass0p1/coin_replay_production_24203_-1.root,479023,479024,1,0,479024,1,0,0,OK
phase1,24204,PI+SIDIS,coin,/cache/hallc/c-rsidis/analysis/replays/pass0p1/coin_replay_production_24204_-1.root,105685,105686,1,0,105686,1,0,0,OK
phase1,24205,HMSDIS,hms,/cache/hallc/c-rsidis/analysis/replays/pass0p1/hms_coin_replay_production_24205_-1.root,1619597,1619598,1,0,,,,0,OK
phase1,24206,PI+SIDIS,coin,/cache/hallc/c-rsidis/analysis/replays/pass0p1/coin_replay_production_24206_-1.root,34430,34431,1,0,34431,1,0,0,OK
phase1,24207,PI+SIDIS,coin,/cache/hallc/c-rsidis/analysis/replays/pass0p1/coin_replay_production_24207_-1.root,141887,141888,1,0,141888,1,0,0,OK
phase1,24208,PI+SIDIS,coin,/cache/hallc/c-rsidis/analysis/replays/pass0p1/coin_replay_production_24208_-1.root,150223,150224,1,0,150224,1,0,0,OK
phase1,24209,HMSDIS,hms,/cache/hallc/c-rsidis/analysis/replays/pass0p1/hms_coin_replay_production_24209_-1.root,1887693,1887694,1,0,,,,0,OK
phase1,24210,PI+SIDIS,coin,/cache/hallc/c-rsidis/analysis/replays/pass0p1/coin_replay_production_24210_-1.root,132247,132248,1,0,132248,1,0,0,OK
phase1,24211,PI+SIDIS,coin,/cache/hallc/c-rsidis/analysis/replays/pass0p1/coin_replay_production_24211_-1.root,138889,138890,1,0,138890,1,0,0,OK
phase1,24212,HMSDIS,hms,/cache/hallc/c-rsidis/analysis/replays/pass0p1/hms_coin_replay_production_24212_-1.root,1110041,1110042,1,0,,,,0,OK
phase1,24213,PI+SIDIS,coin,/cache/hallc/c-rsidis/analysis/replays/pass0p1/coin_replay_production_24213_-1.root,811696,811697,1,0,811697,1,0,0,OK
phase1,24214,PI+SIDIS,coin,/cache/hallc/c-rsidis/analysis/replays/pass0p1/coin_replay_production_24214_-1.root,655956,655957,1,0,655957,1,0,0,OK
phase1,24215,PI+SIDIS,coin,/cache/hallc/c-rsidis/analysis/replays/pass0p1/coin_replay_production_24215_-1.root,880633,880634,1,0,880634,1,0,0,OK
phase1,24216,PI+SIDIS,coin,/cache/hallc/c-rsidis/analysis/replays/pass0p1/coin_replay_production_24216_-1.root,961417,961418,1,0,961418,1,0,0,OK
phase1,24217,PI+SIDIS,coin,/cache/hallc/c-rsidis/analysis/replays/pass0p1/coin_replay_production_24217_-1.root,873938,873939,1,0,873939,1,0,0,OK
phase1,24218,PI+SIDIS,coin,/cache/hallc/c-rsidis/analysis/replays/pass0p1/coin_replay_production_24218_-1.root,841963,841964,1,0,841964,1,0,0,OK
phase1,24219,PI+SIDIS,coin,/cache/hallc/c-rsidis/analysis/replays/pass0p1/coin_replay_production_24219_-1.root,434834,434835,1,0,434835,1,0,0,OK
phase1,24220,PI+SIDIS,coin,/cache/hallc/c-rsidis/analysis/replays/pass0p1/coin_replay_production_24220_-1.root,107971,107972,1,0,107972,1,0,0,OK
phase1,24221,HMSDIS,hms,/cache/hallc/c-rsidis/analysis/replays/pass0p1/hms_coin_replay_production_24221_-1.root,2144017,2144018,1,0,,,,0,OK
phase1,24222,PI+SIDIS,coin,/cache/hallc/c-rsidis/analysis/replays/pass0p1/coin_replay_production_24222_-1.root,334846,334847,1,0,334847,1,0,0,OK
phase1,24223,PI+SIDIS,coin,/cache/hallc/c-rsidis/analysis/replays/pass0p1/coin_replay_production_24223_-1.root,2005593,2005594,1,0,2005594,1,0,0,OK
phase1,24224,PI+SIDIS,coin,/cache/hallc/c-rsidis/analysis/replays/pass0p1/coin_replay_production_24224_-1.root,339335,339336,1,0,339336,1,0,0,OK
phase1,24225,PI+SIDIS,coin,/cache/hallc/c-rsidis/analysis/replays/pass0p1/coin_replay_production_24225_-1.root,125024,125025,1,0,125025,1,0,0,OK
phase1,24226,PI+SIDIS,coin,/cache/hallc/c-rsidis/analysis/replays/pass0p1/coin_replay_production_24226_-1.root,351072,351073,1,0,351073,1,0,0,OK
phase1,24227,PI+SIDIS,coin,/cache/hallc/c-rsidis/analysis/replays/pass0p1/coin_replay_production_24227_-1.root,429563,429564,1,0,429564,1,0,0,OK
phase1,24228,PI+SIDIS,coin,/cache/hallc/c-rsidis/analysis/replays/pass0p1/coin_replay_production_24228_-1.root,321338,321339,1,0,321339,1,0,0,OK
phase1,24229,PI+SIDIS,coin,/cache/hallc/c-rsidis/analysis/replays/pass0p1/coin_replay_production_24229_-1.root,162223,162224,1,0,162224,1,0,0,OK
phase1,24230,PI+SIDIS,coin,/cache/hallc/c-rsidis/analysis/replays/pass0p1/coin_replay_production_24230_-1.root,50373,50374,1,0,50374,1,0,0,OK
phase1,24231,HMSDIS,hms,/cache/hallc/c-rsidis/analysis/replays/pass0p1/hms_coin_replay_production_24231_-1.root,1277961,1277962,1,0,,,,0,OK
phase1,24232,PI+SIDIS,coin,/cache/hallc/c-rsidis/analysis/replays/pass0p1/coin_replay_production_24232_-1.root,129251,129252,1,0,129252,1,0,0,OK
phase1,24233,PI+SIDIS,coin,/cache/hallc/c-rsidis/analysis/replays/pass0p1/coin_replay_production_24233_-1.root,122917,122918,1,0,122918,1,0,0,OK
phase1,24234,PI+SIDIS,coin,/cache/hallc/c-rsidis/analysis/replays/pass0p1/coin_replay_production_24234_-1.root,128116,128117,1,0,128117,1,0,0,OK
phase1,24235,HMSDIS,hms,/cache/hallc/c-rsidis/analysis/replays/pass0p1/hms_coin_replay_production_24235_-1.root,1464503,1464504,1,0,,,,0,OK
phase1,24236,PI+SIDIS,coin,/cache/hallc/c-rsidis/analysis/replays/pass0p1/coin_replay_production_24236_-1.root,549828,549829,1,0,549829,1,0,0,OK
phase1,24237,PI+SIDIS,coin,/cache/hallc/c-rsidis/analysis/replays/pass0p1/coin_replay_production_24237_-1.root,479096,479097,1,0,479097,1,0,0,OK
phase1,24238,PI+SIDIS,coin,/cache/hallc/c-rsidis/analysis/replays/pass0p1/coin_replay_production_24238_-1.root,553408,553409,1,0,553409,1,0,0,OK
phase1,24239,PI+SIDIS,coin,/cache/hallc/c-rsidis/analysis/replays/pass0p1/coin_replay_production_24239_-1.root,529789,529790,1,0,529790,1,0,0,OK
phase1,24240,PI+SIDIS,coin,/cache/hallc/c-rsidis/analysis/replays/pass0p1/coin_replay_production_24240_-1.root,573443,573444,1,0,573444,1,0,0,OK
phase1,24241,PI+SIDIS,coin,/cache/hallc/c-rsidis/analysis/replays/pass0p1/coin_replay_production_24241_-1.root,150572,150573,1,0,150573,1,0,0,OK
phase1,24242,HMSDIS,hms,/cache/hallc/c-rsidis/analysis/replays/pass0p1/hms_coin_replay_production_24242_-1.root,2552888,2552889,1,0,,,,0,OK
phase1,24243,PI+SIDIS,coin,/cache/hallc/c-rsidis/analysis/replays/pass0p1/coin_replay_production_24243_-1.root,306950,306951,1,0,306951,1,0,0,OK
phase1,24244,PI+SIDIS,coin,/cache/hallc/c-rsidis/analysis/replays/pass0p1/coin_replay_production_24244_-1.root,409346,409347,1,0,409347,1,0,0,OK
phase1,24245,PI+SIDIS,coin,/cache/hallc/c-rsidis/analysis/replays/pass0p1/coin_replay_production_24245_-1.root,407993,407994,1,0,407994,1,0,0,OK
phase1,24246,PI+SIDIS,coin,/cache/hallc/c-rsidis/analysis/replays/pass0p1/coin_replay_production_24246_-1.root,406492,406493,1,0,406493,1,0,0,OK
phase1,24247,PI+SIDIS,coin,/cache/hallc/c-rsidis/analysis/replays/pass0p1/coin_replay_production_24247_-1.root,370560,370561,1,0,370561,1,0,0,OK
phase1,24248,PI+SIDIS,coin,/cache/hallc/c-rsidis/analysis/replays/pass0p1/coin_replay_production_24248_-1.root,398823,398824,1,0,398824,1,0,0,OK
phase1,24249,HMSDIS,hms,/cache/hallc/c-rsidis/analysis/replays/pass0p1/hms_coin_replay_production_24249_-1.root,2211263,2211264,1,0,,,,0,OK
phase1,24250,PI+SIDIS,coin,/cache/hallc/c-rsidis/analysis/replays/pass0p1/coin_replay_production_24250_-1.root,802362,802363,1,0,802363,1,0,0,OK
phase1,24251,PI+SIDIS,coin,/cache/hallc/c-rsidis/analysis/replays/pass0p1/coin_replay_production_24251_-1.root,846801,846802,1,0,846802,1,0,0,OK
phase1,24252,PI+SIDIS,coin,/cache/hallc/c-rsidis/analysis/replays/pass0p1/coin_replay_production_24252_-1.root,865873,865874,1,0,865874,1,0,0,OK
phase1,24253,PI+SIDIS,coin,/cache/hallc/c-rsidis/analysis/replays/pass0p1/coin_replay_production_24253_-1.root,903005,903006,1,0,903006,1,0,0,OK
phase1,24254,PI+SIDIS,coin,/cache/hallc/c-rsidis/analysis/replays/pass0p1/coin_replay_production_24254_-1.root,887829,887830,1,0,887830,1,0,0,OK
phase1,24255,PI+SIDIS,coin,/cache/hallc/c-rsidis/analysis/replays/pass0p1/coin_replay_production_24255_-1.root,862185,862186,1,0,862186,1,0,0,OK
phase1,24256,HMSDIS,hms,/cache/hallc/c-rsidis/analysis/replays/pass0p1/hms_coin_replay_production_24256_-1.root,2115701,2115702,1,0,,,,0,OK
phase1,24257,PI+SIDIS,coin,/cache/hallc/c-rsidis/analysis/replays/pass0p1/coin_replay_production_24257_-1.root,346373,346374,1,0,346374,1,0,0,OK
phase1,24258,PI+SIDIS,coin,/cache/hallc/c-rsidis/analysis/replays/pass0p1/coin_replay_production_24258_-1.root,311625,311626,1,0,311626,1,0,0,OK
phase1,24259,PI+SIDIS,coin,/cache/hallc/c-rsidis/analysis/replays/pass0p1/coin_replay_production_24259_-1.root,322044,322045,1,0,322045,1,0,0,OK
phase1,24260,PI+SIDIS,coin,/cache/hallc/c-rsidis/analysis/replays/pass0p1/coin_replay_production_24260_-1.root,293167,293168,1,0,293168,1,0,0,OK
phase1,24261,PI+SIDIS,coin,/cache/hallc/c-rsidis/analysis/replays/pass0p1/coin_replay_production_24261_-1.root,241167,241168,1,0,241168,1,0,0,OK
phase1,24262,PI+SIDIS,coin,/cache/hallc/c-rsidis/analysis/replays/pass0p1/coin_replay_production_24262_-1.root,285708,285709,1,0,285709,1,0,0,OK
phase1,24263,PI+SIDIS,coin,/cache/hallc/c-rsidis/analysis/replays/pass0p1/coin_replay_production_24263_-1.root,165533,165534,1,0,165534,1,0,0,OK
phase1,24264,PI+SIDIS,coin,/cache/hallc/c-rsidis/analysis/replays/pass0p1/coin_replay_production_24264_-1.root,49459,49460,1,0,49460,1,0,0,OK
phase1,24265,HMSDIS,hms,/cache/hallc/c-rsidis/analysis/replays/pass0p1/hms_coin_replay_production_24265_-1.root,1369655,1369656,1,0,,,,0,OK
phase1,24266,PI+SIDIS,coin,/cache/hallc/c-rsidis/analysis/replays/pass0p1/coin_replay_production_24266_-1.root,414440,414441,1,0,414441,1,0,0,OK
phase1,24267,PI+SIDIS,coin,/cache/hallc/c-rsidis/analysis/replays/pass0p1/coin_replay_production_24267_-1.root,114457,114458,1,0,114458,1,0,0,OK
phase1,24268,PI+SIDIS,coin,/cache/hallc/c-rsidis/analysis/replays/pass0p1/coin_replay_production_24268_-1.root,126353,126354,1,0,126354,1,0,0,OK
phase1,24269,PI+SIDIS,coin,/cache/hallc/c-rsidis/analysis/replays/pass0p1/coin_replay_production_24269_-1.root,108993,108994,1,0,108994,1,0,0,OK
phase1,24270,PI+SIDIS,coin,/cache/hallc/c-rsidis/analysis/replays/pass0p1/coin_replay_production_24270_-1.root,524371,524372,1,0,524372,1,0,0,OK
phase1,24271,PI+SIDIS,coin,/cache/hallc/c-rsidis/analysis/replays/pass0p1/coin_replay_production_24271_-1.root,501796,501797,1,0,501797,1,0,0,OK
phase1,24273,PI+SIDIS,coin,/cache/hallc/c-rsidis/analysis/replays/pass0p1/coin_replay_production_24273_-1.root,573607,573608,1,0,573608,1,0,0,OK
phase1,24274,PI+SIDIS,coin,/cache/hallc/c-rsidis/analysis/replays/pass0p1/coin_replay_production_24274_-1.root,573383,573384,1,0,573384,1,0,0,OK
phase1,24275,PI+SIDIS,coin,/cache/hallc/c-rsidis/analysis/replays/pass0p1/coin_replay_production_24275_-1.root,563306,563307,1,0,563307,1,0,0,OK
phase1,24276,PI+SIDIS,coin,/cache/hallc/c-rsidis/analysis/replays/pass0p1/coin_replay_production_24276_-1.root,156180,156181,1,0,156181,1,0,0,OK
phase1,24277,PI+SIDIS,coin,/cache/hallc/c-rsidis/analysis/replays/pass0p1/coin_replay_production_24277_-1.root,448193,448194,1,0,448194,1,0,0,OK
phase1,24278,PI+SIDIS,coin,/cache/hallc/c-rsidis/analysis/replays/pass0p1/coin_replay_production_24278_-1.root,450310,450311,1,0,450311,1,0,0,OK
phase1,24279,PI+SIDIS,coin,/cache/hallc/c-rsidis/analysis/replays/pass0p1/coin_replay_production_24279_-1.root,422193,422194,1,0,422194,1,0,0,OK
phase1,24280,PI+SIDIS,coin,/cache/hallc/c-rsidis/analysis/replays/pass0p1/coin_replay_production_24280_-1.root,415703,415704,1,0,415704,1,0,0,OK
phase1,24281,PI+SIDIS,coin,/cache/hallc/c-rsidis/analysis/replays/pass0p1/coin_replay_production_24281_-1.root,459495,459496,1,0,459496,1,0,0,OK
phase1,24282,PI+SIDIS,coin,/cache/hallc/c-rsidis/analysis/replays/pass0p1/coin_replay_production_24282_-1.root,467442,467443,1,0,467443,1,0,0,OK
phase1,24283,PI+SIDIS,coin,/cache/hallc/c-rsidis/analysis/replays/pass0p1/coin_replay_production_24283_-1.root,444026,444027,1,0,444027,1,0,0,OK
phase1,24284,HMSDIS,hms,/cache/hallc/c-rsidis/analysis/replays/pass0p1/hms_coin_replay_production_24284_-1.root,1878171,1878172,1,0,,,,0,OK
phase1,24285,HMSDIS,hms,/cache/hallc/c-rsidis/analysis/replays/pass0p1/hms_coin_replay_production_24285_-1.root,2001899,2001900,1,0,,,,0,OK
phase1,24286,HMSDIS,hms,/cache/hallc/c-rsidis/analysis/replays/pass0p1/hms_coin_replay_production_24286_-1.root,2158011,2158012,1,0,,,,0,OK
phase1,24287,HMSDIS,hms,/cache/hallc/c-rsidis/analysis/replays/pass0p1/hms_coin_replay_production_24287_-1.root,2356754,2356755,1,0,,,,0,OK
phase1,24289,HMSDIS,hms,/cache/hallc/c-rsidis/analysis/replays/pass0p1/hms_coin_replay_production_24289_-1.root,2586318,2586319,1,0,,,,0,OK
phase1,24290,HMSDIS,hms,/cache/hallc/c-rsidis/analysis/replays/pass0p1/hms_coin_replay_production_24290_-1.root,2667244,2667245,1,0,,,,0,OK
phase1,24291,HMSDIS,hms,/cache/hallc/c-rsidis/analysis/replays/pass0p1/hms_coin_replay_production_24291_-1.root,438904,438905,1,0,,,,0,OK
phase1,24292,HMSDIS,hms,/cache/hallc/c-rsidis/analysis/replays/pass0p1/hms_coin_replay_production_24292_-1.root,160194,160195,1,0,,,,0,OK
phase1,24293,HMSDIS,hms,/cache/hallc/c-rsidis/analysis/replays/pass0p1/hms_coin_replay_production_24293_-1.root,283215,283216,1,0,,,,0,OK
phase1,24294,HMSDIS,hms,/cache/hallc/c-rsidis/analysis/replays/pass0p1/hms_coin_replay_production_24294_-1.root,296319,296320,1,0,,,,0,OK
phase1,24295,HMSDIS,hms,/cache/hallc/c-rsidis/analysis/replays/pass0p1/hms_coin_replay_production_24295_-1.root,904494,904495,1,0,,,,0,OK
phase1,24296,HMSDIS,hms,/cache/hallc/c-rsidis/analysis/replays/pass0p1/hms_coin_replay_production_24296_-1.root,1368849,1368850,1,0,,,,0,OK
phase1,24297,HMSDIS,hms,/cache/hallc/c-rsidis/analysis/replays/pass0p1/hms_coin_replay_production_24297_-1.root,295661,295662,1,0,,,,0,OK
phase1,24298,HMSDIS,hms,/cache/hallc/c-rsidis/analysis/replays/pass0p1/hms_coin_replay_production_24298_-1.root,915224,915225,1,0,,,,0,OK
phase1,24299,HMSDIS,hms,/cache/hallc/c-rsidis/analysis/replays/pass0p1/hms_coin_replay_production_24299_-1.root,688154,688155,1,0,,,,0,OK
phase1,24301,HMSDIS,hms,/cache/hallc/c-rsidis/analysis/replays/pass0p1/hms_coin_replay_production_24301_-1.root,1794597,1794598,1,0,,,,0,OK
phase1,24303,HMSDIS,hms,/cache/hallc/c-rsidis/analysis/replays/pass0p1/hms_coin_replay_production_24303_-1.root,1923203,1923204,1,0,,,,0,OK
phase1,24304,HMSDIS,hms,/cache/hallc/c-rsidis/analysis/replays/pass0p1/hms_coin_replay_production_24304_-1.root,1184614,1184615,1,0,,,,0,OK
phase1,24306,HMSDIS,hms,/cache/hallc/c-rsidis/analysis/replays/pass0p1/hms_coin_replay_production_24306_-1.root,1750808,1750809,1,0,,,,0,OK
phase1,24307,HMSDIS,hms,/cache/hallc/c-rsidis/analysis/replays/pass0p1/hms_coin_replay_production_24307_-1.root,974300,974301,1,0,,,,0,OK
phase1,24308,HMSDIS,hms,/cache/hallc/c-rsidis/analysis/replays/pass0p1/hms_coin_replay_production_24308_-1.root,600313,600314,1,0,,,,0,OK
phase1,24309,HMSDIS,hms,/cache/hallc/c-rsidis/analysis/replays/pass0p1/hms_coin_replay_production_24309_-1.root,403578,403579,1,0,,,,0,OK
phase1,24310,PI+SIDIS,coin,/cache/hallc/c-rsidis/analysis/replays/pass0p1/coin_replay_production_24310_-1.root,350064,350065,1,0,350065,1,0,0,OK
phase1,24311,PI+SIDIS,coin,/cache/hallc/c-rsidis/analysis/replays/pass0p1/coin_replay_production_24311_-1.root,356707,356708,1,0,356708,1,0,0,OK
phase1,24312,PI+SIDIS,coin,/cache/hallc/c-rsidis/analysis/replays/pass0p1/coin_replay_production_24312_-1.root,394945,394946,1,0,394946,1,0,0,OK
phase1,24313,PI+SIDIS,coin,/cache/hallc/c-rsidis/analysis/replays/pass0p1/coin_replay_production_24313_-1.root,502943,502944,1,0,502944,1,0,0,OK
phase1,24314,PI+SIDIS,coin,/cache/hallc/c-rsidis/analysis/replays/pass0p1/coin_replay_production_24314_-1.root,330780,330781,1,0,330781,1,0,0,OK
phase1,24315,PI+SIDIS,coin,/cache/hallc/c-rsidis/analysis/replays/pass0p1/coin_replay_production_24315_-1.root,285462,285463,1,0,285463,1,0,0,OK
phase1,24316,PI+SIDIS,coin,/cache/hallc/c-rsidis/analysis/replays/pass0p1/coin_replay_production_24316_-1.root,336183,336184,1,0,336184,1,0,0,OK
phase1,24317,PI+SIDIS,coin,/cache/hallc/c-rsidis/analysis/replays/pass0p1/coin_replay_production_24317_-1.root,356535,356536,1,0,356536,1,0,0,OK
phase1,24318,PI+SIDIS,coin,/cache/hallc/c-rsidis/analysis/replays/pass0p1/coin_replay_production_24318_-1.root,35535,35536,1,0,35536,1,0,0,OK
phase1,24319,HMSDIS,hms,/cache/hallc/c-rsidis/analysis/replays/pass0p1/hms_coin_replay_production_24319_-1.root,1495489,1495490,1,0,,,,0,OK
phase1,24321,SHMSDIS,shms,/cache/hallc/c-rsidis/analysis/replays/pass0p1/shms_coin_replay_production_24321_-1.root,1424798,,,,1424799,1,0,0,OK
phase1,24322,PI+SIDIS,coin,/cache/hallc/c-rsidis/analysis/replays/pass0p1/coin_replay_production_24322_-1.root,278523,278524,1,0,278524,1,0,0,OK
phase1,24323,PI+SIDIS,coin,/cache/hallc/c-rsidis/analysis/replays/pass0p1/coin_replay_production_24323_-1.root,1982323,1982324,1,0,1982324,1,0,0,OK
phase1,24324,PI+SIDIS,coin,/cache/hallc/c-rsidis/analysis/replays/pass0p1/coin_replay_production_24324_-1.root,273379,273380,1,0,273380,1,0,0,OK
phase1,24325,PI+SIDIS,coin,/cache/hallc/c-rsidis/analysis/replays/pass0p1/coin_replay_production_24325_-1.root,269848,269849,1,0,269849,1,0,0,OK
phase1,24326,PI+SIDIS,coin,/cache/hallc/c-rsidis/analysis/replays/pass0p1/coin_replay_production_24326_-1.root,248458,248459,1,0,248459,1,0,0,OK
phase1,24327,PI+SIDIS,coin,/cache/hallc/c-rsidis/analysis/replays/pass0p1/coin_replay_production_24327_-1.root,247741,247742,1,0,247742,1,0,0,OK
phase1,24328,PI+SIDIS,coin,/cache/hallc/c-rsidis/analysis/replays/pass0p1/coin_replay_production_24328_-1.root,270908,270909,1,0,270909,1,0,0,OK
phase1,24329,PI+SIDIS,coin,/cache/hallc/c-rsidis/analysis/replays/pass0p1/coin_replay_production_24329_-1.root,264063,264064,1,0,264064,1,0,0,OK
phase1,24330,PI+SIDIS,coin,/cache/hallc/c-rsidis/analysis/replays/pass0p1/coin_replay_production_24330_-1.root,211344,211345,1,0,211345,1,0,0,OK
phase1,24331,PI+SIDIS,coin,/cache/hallc/c-rsidis/analysis/replays/pass0p1/coin_replay_production_24331_-1.root,79404,79405,1,0,79405,1,0,0,OK
phase1,24332,PI+SIDIS,coin,/cache/hallc/c-rsidis/analysis/replays/pass0p1/coin_replay_production_24332_-1.root,40040,40041,1,0,40041,1,0,0,OK
phase1,24333,HMSDIS,hms,/cache/hallc/c-rsidis/analysis/replays/pass0p1/hms_coin_replay_production_24333_-1.root,610881,610882,1,0,,,,0,OK
phase1,24334,SHMSDIS,shms,/cache/hallc/c-rsidis/analysis/replays/pass0p1/shms_coin_replay_production_24334_-1.root,2065953,,,,2065954,1,0,0,OK
phase1,24335,PI+SIDIS,coin,/cache/hallc/c-rsidis/analysis/replays/pass0p1/coin_replay_production_24335_-1.root,35994,35995,1,0,35995,1,0,0,OK
phase1,24336,PI+SIDIS,coin,/cache/hallc/c-rsidis/analysis/replays/pass0p1/coin_replay_production_24336_-1.root,279430,279431,1,0,279431,1,0,0,OK
phase1,24337,PI+SIDIS,coin,/cache/hallc/c-rsidis/analysis/replays/pass0p1/coin_replay_production_24337_-1.root,326474,326475,1,0,326475,1,0,0,OK
phase1,24338,PI+SIDIS,coin,/cache/hallc/c-rsidis/analysis/replays/pass0p1/coin_replay_production_24338_-1.root,364249,364250,1,0,364250,1,0,0,OK
phase1,24339,PI+SIDIS,coin,/cache/hallc/c-rsidis/analysis/replays/pass0p1/coin_replay_production_24339_-1.root,332431,332432,1,0,332432,1,0,0,OK
phase1,24340,HMSDIS,hms,/cache/hallc/c-rsidis/analysis/replays/pass0p1/hms_coin_replay_production_24340_-1.root,1430287,1430288,1,0,,,,0,OK
phase1,24341,SHMSDIS,shms,/cache/hallc/c-rsidis/analysis/replays/pass0p1/shms_coin_replay_production_24341_-1.root,2109099,,,,2109100,1,0,0,OK
phase1,24342,PI+SIDIS,coin,/cache/hallc/c-rsidis/analysis/replays/pass0p1/coin_replay_production_24342_-1.root,425458,425459,1,0,425459,1,0,0,OK
phase1,24343,PI+SIDIS,coin,/cache/hallc/c-rsidis/analysis/replays/pass0p1/coin_replay_production_24343_-1.root,395077,395078,1,0,395078,1,0,0,OK
phase1,24344,PI+SIDIS,coin,/cache/hallc/c-rsidis/analysis/replays/pass0p1/coin_replay_production_24344_-1.root,401301,401302,1,0,401302,1,0,0,OK
phase1,24345,PI+SIDIS,coin,/cache/hallc/c-rsidis/analysis/replays/pass0p1/coin_replay_production_24345_-1.root,435711,435712,1,0,435712,1,0,0,OK
phase1,24346,PI+SIDIS,coin,/cache/hallc/c-rsidis/analysis/replays/pass0p1/coin_replay_production_24346_-1.root,423529,423530,1,0,423530,1,0,0,OK
phase1,24347,PI+SIDIS,coin,/cache/hallc/c-rsidis/analysis/replays/pass0p1/coin_replay_production_24347_-1.root,421717,421718,1,0,421718,1,0,0,OK
phase1,24348,PI+SIDIS,coin,/cache/hallc/c-rsidis/analysis/replays/pass0p1/coin_replay_production_24348_-1.root,418047,418048,1,0,418048,1,0,0,OK
phase1,24349,PI+SIDIS,coin,/cache/hallc/c-rsidis/analysis/replays/pass0p1/coin_replay_production_24349_-1.root,85988,85989,1,0,85989,1,0,0,OK
phase1,24350,HMSDIS,hms,/cache/hallc/c-rsidis/analysis/replays/pass0p1/hms_coin_replay_production_24350_-1.root,1501544,1501545,1,0,,,,0,OK
phase1,24351,SHMSDIS,shms,/cache/hallc/c-rsidis/analysis/replays/pass0p1/shms_coin_replay_production_24351_-1.root,1652108,,,,1652109,1,0,0,OK
phase1,24352,PI+SIDIS,coin,/cache/hallc/c-rsidis/analysis/replays/pass0p1/coin_replay_production_24352_-1.root,363533,363534,1,0,363534,1,0,0,OK
phase1,24353,PI+SIDIS,coin,/cache/hallc/c-rsidis/analysis/replays/pass0p1/coin_replay_production_24353_-1.root,381999,382000,1,0,382000,1,0,0,OK
phase1,24354,PI+SIDIS,coin,/cache/hallc/c-rsidis/analysis/replays/pass0p1/coin_replay_production_24354_-1.root,346237,346238,1,0,346238,1,0,0,OK
phase1,24355,PI+SIDIS,coin,/cache/hallc/c-rsidis/analysis/replays/pass0p1/coin_replay_production_24355_-1.root,366836,366837,1,0,366837,1,0,0,OK
phase1,24356,PI+SIDIS,coin,/cache/hallc/c-rsidis/analysis/replays/pass0p1/coin_replay_production_24356_-1.root,325999,326000,1,0,326000,1,0,0,OK
phase1,24357,PI+SIDIS,coin,/cache/hallc/c-rsidis/analysis/replays/pass0p1/coin_replay_production_24357_-1.root,301891,301892,1,0,301892,1,0,0,OK
phase1,24359,PI+SIDIS,coin,/cache/hallc/c-rsidis/analysis/replays/pass0p1/coin_replay_production_24359_-1.root,297358,297359,1,0,297359,1,0,0,OK
phase1,24360,PI+SIDIS,coin,/cache/hallc/c-rsidis/analysis/replays/pass0p1/coin_replay_production_24360_-1.root,333191,333192,1,0,333192,1,0,0,OK
phase1,24361,HMSDIS,hms,/cache/hallc/c-rsidis/analysis/replays/pass0p1/hms_coin_replay_production_24361_-1.root,1399711,1399712,1,0,,,,0,OK
phase1,24362,SHMSDIS,shms,/cache/hallc/c-rsidis/analysis/replays/pass0p1/shms_coin_replay_production_24362_-1.root,1276420,,,,1276421,1,0,0,OK
phase1,24363,PI+SIDIS,coin,/cache/hallc/c-rsidis/analysis/replays/pass0p1/coin_replay_production_24363_-1.root,72889,72890,1,0,72890,1,0,0,OK
phase1,24364,PI+SIDIS,coin,/cache/hallc/c-rsidis/analysis/replays/pass0p1/coin_replay_production_24364_-1.root,89018,89019,1,0,89019,1,0,0,OK
phase1,24365,PI+SIDIS,coin,/cache/hallc/c-rsidis/analysis/replays/pass0p1/coin_replay_production_24365_-1.root,98923,98924,1,0,98924,1,0,0,OK
phase1,24366,PI+SIDIS,coin,/cache/hallc/c-rsidis/analysis/replays/pass0p1/coin_replay_production_24366_-1.root,94298,94299,1,0,94299,1,0,0,OK
phase1,24367,PI+SIDIS,coin,/cache/hallc/c-rsidis/analysis/replays/pass0p1/coin_replay_production_24367_-1.root,87217,87218,1,0,87218,1,0,0,OK
phase1,24368,PI+SIDIS,coin,/cache/hallc/c-rsidis/analysis/replays/pass0p1/coin_replay_production_24368_-1.root,97706,97707,1,0,97707,1,0,0,OK
phase1,24369,PI+SIDIS,coin,/cache/hallc/c-rsidis/analysis/replays/pass0p1/coin_replay_production_24369_-1.root,88453,88454,1,0,88454,1,0,0,OK
phase1,24370,PI+SIDIS,coin,/cache/hallc/c-rsidis/analysis/replays/pass0p1/coin_replay_production_24370_-1.root,92687,92688,1,0,92688,1,0,0,OK
phase1,24371,PI+SIDIS,coin,/cache/hallc/c-rsidis/analysis/replays/pass0p1/coin_replay_production_24371_-1.root,99934,99935,1,0,99935,1,0,0,OK
phase1,24372,PI+SIDIS,coin,/cache/hallc/c-rsidis/analysis/replays/pass0p1/coin_replay_production_24372_-1.root,81371,81372,1,0,81372,1,0,0,OK
phase1,24373,HMSDIS,hms,/cache/hallc/c-rsidis/analysis/replays/pass0p1/hms_coin_replay_production_24373_-1.root,1594450,1594451,1,0,,,,0,OK
phase1,24375,HMSDIS,hms,/cache/hallc/c-rsidis/analysis/replays/pass0p1/hms_coin_replay_production_24375_-1.root,1999789,1999790,1,0,,,,0,OK
phase1,24376,PI+SIDIS,coin,/cache/hallc/c-rsidis/analysis/replays/pass0p1/coin_replay_production_24376_-1.root,225059,225060,1,0,225060,1,0,0,OK
phase1,24377,PI+SIDIS,coin,/cache/hallc/c-rsidis/analysis/replays/pass0p1/coin_replay_production_24377_-1.root,344416,344417,1,0,344417,1,0,0,OK
phase1,24378,PI+SIDIS,coin,/cache/hallc/c-rsidis/analysis/replays/pass0p1/coin_replay_production_24378_-1.root,285724,285725,1,0,285725,1,0,0,OK
phase1,24379,PI+SIDIS,coin,/cache/hallc/c-rsidis/analysis/replays/pass0p1/coin_replay_production_24379_-1.root,344672,344673,1,0,344673,1,0,0,OK
phase1,24380,PI+SIDIS,coin,/cache/hallc/c-rsidis/analysis/replays/pass0p1/coin_replay_production_24380_-1.root,347555,347556,1,0,347556,1,0,0,OK
phase1,24381,PI+SIDIS,coin,/cache/hallc/c-rsidis/analysis/replays/pass0p1/coin_replay_production_24381_-1.root,349421,349422,1,0,349422,1,0,0,OK
phase1,24382,PI+SIDIS,coin,/cache/hallc/c-rsidis/analysis/replays/pass0p1/coin_replay_production_24382_-1.root,356996,356997,1,0,356997,1,0,0,OK
phase1,24383,PI+SIDIS,coin,/cache/hallc/c-rsidis/analysis/replays/pass0p1/coin_replay_production_24383_-1.root,361231,361232,1,0,361232,1,0,0,OK
phase1,24384,PI+SIDIS,coin,/cache/hallc/c-rsidis/analysis/replays/pass0p1/coin_replay_production_24384_-1.root,97806,97807,1,0,97807,1,0,0,OK
phase1,24385,PI+SIDIS,coin,/cache/hallc/c-rsidis/analysis/replays/pass0p1/coin_replay_production_24385_-1.root,102245,102246,1,0,102246,1,0,0,OK
phase1,24386,PI+SIDIS,coin,/cache/hallc/c-rsidis/analysis/replays/pass0p1/coin_replay_production_24386_-1.root,319944,319945,1,0,319945,1,0,0,OK
phase1,24387,PI+SIDIS,coin,/cache/hallc/c-rsidis/analysis/replays/pass0p1/coin_replay_production_24387_-1.root,287213,287214,1,0,287214,1,0,0,OK
phase1,24388,PI+SIDIS,coin,/cache/hallc/c-rsidis/analysis/replays/pass0p1/coin_replay_production_24388_-1.root,322137,322138,1,0,322138,1,0,0,OK
phase1,24389,PI+SIDIS,coin,/cache/hallc/c-rsidis/analysis/replays/pass0p1/coin_replay_production_24389_-1.root,230927,230928,1,0,230928,1,0,0,OK
phase1,24390,PI+SIDIS,coin,/cache/hallc/c-rsidis/analysis/replays/pass0p1/coin_replay_production_24390_-1.root,250956,250957,1,0,250957,1,0,0,OK
phase1,24396,PI+SIDIS,coin,/cache/hallc/c-rsidis/analysis/replays/pass0p1/coin_replay_production_24396_-1.root,261764,261765,1,0,261765,1,0,0,OK
phase1,24397,PI+SIDIS,coin,/cache/hallc/c-rsidis/analysis/replays/pass0p1/coin_replay_production_24397_-1.root,264252,264253,1,0,264253,1,0,0,OK
phase1,24398,PI+SIDIS,coin,/cache/hallc/c-rsidis/analysis/replays/pass0p1/coin_replay_production_24398_-1.root,125666,125667,1,0,125667,1,0,0,OK
phase1,24399,PI+SIDIS,coin,/cache/hallc/c-rsidis/analysis/replays/pass0p1/coin_replay_production_24399_-1.root,34826,34827,1,0,34827,1,0,0,OK
phase1,24400,PI+SIDIS,coin,/cache/hallc/c-rsidis/analysis/replays/pass0p1/coin_replay_production_24400_-1.root,233950,233951,1,0,233951,1,0,0,OK
phase1,24401,PI+SIDIS,coin,/cache/hallc/c-rsidis/analysis/replays/pass0p1/coin_replay_production_24401_-1.root,244657,244658,1,0,244658,1,0,0,OK
phase1,24402,PI+SIDIS,coin,/cache/hallc/c-rsidis/analysis/replays/pass0p1/coin_replay_production_24402_-1.root,329865,329866,1,0,329866,1,0,0,OK
phase1,24404,PI+SIDIS,coin,/cache/hallc/c-rsidis/analysis/replays/pass0p1/coin_replay_production_24404_-1.root,373622,373623,1,0,373623,1,0,0,OK
phase1,24405,PI+SIDIS,coin,/cache/hallc/c-rsidis/analysis/replays/pass0p1/coin_replay_production_24405_-1.root,98035,98036,1,0,98036,1,0,0,OK
phase1,24406,PI+SIDIS,coin,/cache/hallc/c-rsidis/analysis/replays/pass0p1/coin_replay_production_24406_-1.root,372222,372223,1,0,372223,1,0,0,OK
phase1,24407,PI+SIDIS,coin,/cache/hallc/c-rsidis/analysis/replays/pass0p1/coin_replay_production_24407_-1.root,369812,369813,1,0,369813,1,0,0,OK
phase1,24408,PI+SIDIS,coin,/cache/hallc/c-rsidis/analysis/replays/pass0p1/coin_replay_production_24408_-1.root,393220,393221,1,0,393221,1,0,0,OK
phase1,24409,PI+SIDIS,coin,/cache/hallc/c-rsidis/analysis/replays/pass0p1/coin_replay_production_24409_-1.root,350736,350737,1,0,350737,1,0,0,OK
phase1,24410,PI+SIDIS,coin,/cache/hallc/c-rsidis/analysis/replays/pass0p1/coin_replay_production_24410_-1.root,356767,356768,1,0,356768,1,0,0,OK
phase1,24411,PI+SIDIS,coin,/cache/hallc/c-rsidis/analysis/replays/pass0p1/coin_replay_production_24411_-1.root,73116,73117,1,0,73117,1,0,0,OK
phase1,24412,PI+SIDIS,coin,/cache/hallc/c-rsidis/analysis/replays/pass0p1/coin_replay_production_24412_-1.root,91407,91408,1,0,91408,1,0,0,OK
phase1,24413,PI+SIDIS,coin,/cache/hallc/c-rsidis/analysis/replays/pass0p1/coin_replay_production_24413_-1.root,90442,90443,1,0,90443,1,0,0,OK
phase1,24414,PI+SIDIS,coin,/cache/hallc/c-rsidis/analysis/replays/pass0p1/coin_replay_production_24414_-1.root,101217,101218,1,0,101218,1,0,0,OK
phase1,24415,PI+SIDIS,coin,/cache/hallc/c-rsidis/analysis/replays/pass0p1/coin_replay_production_24415_-1.root,46476,46477,1,0,46477,1,0,0,OK
phase1,24416,PI+SIDIS,coin,/cache/hallc/c-rsidis/analysis/replays/pass0p1/coin_replay_production_24416_-1.root,305307,305308,1,0,305308,1,0,0,OK
phase1,24417,PI+SIDIS,coin,/cache/hallc/c-rsidis/analysis/replays/pass0p1/coin_replay_production_24417_-1.root,368018,368019,1,0,368019,1,0,0,OK
phase1,24418,PI+SIDIS,coin,/cache/hallc/c-rsidis/analysis/replays/pass0p1/coin_replay_production_24418_-1.root,375330,375331,1,0,375331,1,0,0,OK
phase1,24419,PI+SIDIS,coin,/cache/hallc/c-rsidis/analysis/replays/pass0p1/coin_replay_production_24419_-1.root,339695,339696,1,0,339696,1,0,0,OK
phase1,24421,PI+SIDIS,coin,/cache/hallc/c-rsidis/analysis/replays/pass0p1/coin_replay_production_24421_-1.root,47187,47188,1,0,47188,1,0,0,OK
phase1,24422,PI+SIDIS,coin,/cache/hallc/c-rsidis/analysis/replays/pass0p1/coin_replay_production_24422_-1.root,217854,217855,1,0,217855,1,0,0,OK
phase1,24423,PI+SIDIS,coin,/cache/hallc/c-rsidis/analysis/replays/pass0p1/coin_replay_production_24423_-1.root,93906,93907,1,0,93907,1,0,0,OK
phase1,24424,PI+SIDIS,coin,/cache/hallc/c-rsidis/analysis/replays/pass0p1/coin_replay_production_24424_-1.root,263190,263191,1,0,263191,1,0,0,OK
phase1,24425,PI+SIDIS,coin,/cache/hallc/c-rsidis/analysis/replays/pass0p1/coin_replay_production_24425_-1.root,269244,269245,1,0,269245,1,0,0,OK
phase1,24426,PI+SIDIS,coin,/cache/hallc/c-rsidis/analysis/replays/pass0p1/coin_replay_production_24426_-1.root,127036,127037,1,0,127037,1,0,0,OK
phase1,24427,PI+SIDIS,coin,/cache/hallc/c-rsidis/analysis/replays/pass0p1/coin_replay_production_24427_-1.root,38848,38849,1,0,38849,1,0,0,OK
phase1,24428,PI+SIDIS,coin,/cache/hallc/c-rsidis/analysis/replays/pass0p1/coin_replay_production_24428_-1.root,200873,200874,1,0,200874,1,0,0,OK
phase1,24429,PI+SIDIS,coin,/cache/hallc/c-rsidis/analysis/replays/pass0p1/coin_replay_production_24429_-1.root,218799,218800,1,0,218800,1,0,0,OK
phase1,24430,PI+SIDIS,coin,/cache/hallc/c-rsidis/analysis/replays/pass0p1/coin_replay_production_24430_-1.root,196110,196111,1,0,196111,1,0,0,OK
phase1,24431,PI+SIDIS,coin,/cache/hallc/c-rsidis/analysis/replays/pass0p1/coin_replay_production_24431_-1.root,201543,201544,1,0,201544,1,0,0,OK
phase1,24432,PI+SIDIS,coin,/cache/hallc/c-rsidis/analysis/replays/pass0p1/coin_replay_production_24432_-1.root,199055,199056,1,0,199056,1,0,0,OK
phase1,24433,PI+SIDIS,coin,/cache/hallc/c-rsidis/analysis/replays/pass0p1/coin_replay_production_24433_-1.root,225815,225816,1,0,225816,1,0,0,OK
phase1,24434,PI+SIDIS,coin,/cache/hallc/c-rsidis/analysis/replays/pass0p1/coin_replay_production_24434_-1.root,215390,215391,1,0,215391,1,0,0,OK
phase1,24435,PI+SIDIS,coin,/cache/hallc/c-rsidis/analysis/replays/pass0p1/coin_replay_production_24435_-1.root,217747,217748,1,0,217748,1,0,0,OK
phase1,24436,PI+SIDIS,coin,/cache/hallc/c-rsidis/analysis/replays/pass0p1/coin_replay_production_24436_-1.root,220254,220255,1,0,220255,1,0,0,OK
phase1,24437,PI+SIDIS,coin,/cache/hallc/c-rsidis/analysis/replays/pass0p1/coin_replay_production_24437_-1.root,216191,216192,1,0,216192,1,0,0,OK
phase1,24438,HMSDIS,hms,/cache/hallc/c-rsidis/analysis/replays/pass0p1/hms_coin_replay_production_24438_-1.root,1776435,1776436,1,0,,,,0,OK
phase1,24440,HMSDIS,hms,/cache/hallc/c-rsidis/analysis/replays/pass0p1/hms_coin_replay_production_24440_-1.root,2359205,2359206,1,0,,,,0,OK
phase1,24441,SHMSDIS,shms,/cache/hallc/c-rsidis/analysis/replays/pass0p1/shms_coin_replay_production_24441_-1.root,2109249,,,,2109250,1,0,0,OK
phase1,24442,PI+SIDIS,coin,/cache/hallc/c-rsidis/analysis/replays/pass0p1/coin_replay_production_24442_-1.root,164653,164654,1,0,164654,1,0,0,OK
phase1,24443,PI+SIDIS,coin,/cache/hallc/c-rsidis/analysis/replays/pass0p1/coin_replay_production_24443_-1.root,1863300,1863301,1,0,1863301,1,0,0,OK
phase1,24444,PI+SIDIS,coin,/cache/hallc/c-rsidis/analysis/replays/pass0p1/coin_replay_production_24444_-1.root,149218,149219,1,0,149219,1,0,0,OK
phase1,24445,PI+SIDIS,coin,/cache/hallc/c-rsidis/analysis/replays/pass0p1/coin_replay_production_24445_-1.root,26387,26388,1,0,26388,1,0,0,OK
phase1,24446,PI+SIDIS,coin,/cache/hallc/c-rsidis/analysis/replays/pass0p1/coin_replay_production_24446_-1.root,85309,85310,1,0,85310,1,0,0,OK
phase1,24447,PI+SIDIS,coin,/cache/hallc/c-rsidis/analysis/replays/pass0p1/coin_replay_production_24447_-1.root,137993,137994,1,0,137994,1,0,0,OK
phase1,24448,PI+SIDIS,coin,/cache/hallc/c-rsidis/analysis/replays/pass0p1/coin_replay_production_24448_-1.root,56149,56150,1,0,56150,1,0,0,OK
phase1,24449,PI+SIDIS,coin,/cache/hallc/c-rsidis/analysis/replays/pass0p1/coin_replay_production_24449_-1.root,161500,161501,1,0,161501,1,0,0,OK
phase1,24450,PI+SIDIS,coin,/cache/hallc/c-rsidis/analysis/replays/pass0p1/coin_replay_production_24450_-1.root,162791,162792,1,0,162792,1,0,0,OK
phase1,24451,PI+SIDIS,coin,/cache/hallc/c-rsidis/analysis/replays/pass0p1/coin_replay_production_24451_-1.root,148301,148302,1,0,148302,1,0,0,OK
phase1,24452,PI+SIDIS,coin,/cache/hallc/c-rsidis/analysis/replays/pass0p1/coin_replay_production_24452_-1.root,166329,166330,1,0,166330,1,0,0,OK
phase1,24453,PI+SIDIS,coin,/cache/hallc/c-rsidis/analysis/replays/pass0p1/coin_replay_production_24453_-1.root,158918,158919,1,0,158919,1,0,0,OK
phase1,24454,PI+SIDIS,coin,/cache/hallc/c-rsidis/analysis/replays/pass0p1/coin_replay_production_24454_-1.root,49344,49345,1,0,49345,1,0,0,OK
phase1,24455,HMSDIS,hms,/cache/hallc/c-rsidis/analysis/replays/pass0p1/hms_coin_replay_production_24455_-1.root,612220,612221,1,0,,,,0,OK
phase1,24456,HMSDIS,hms,/cache/hallc/c-rsidis/analysis/replays/pass0p1/hms_coin_replay_production_24456_-1.root,2477753,2477754,1,0,,,,0,OK
phase1,24458,SHMSDIS,shms,/cache/hallc/c-rsidis/analysis/replays/pass0p1/shms_coin_replay_production_24458_-1.root,2276051,,,,2276052,1,0,0,OK
phase1,24460,PI+SIDIS,coin,/cache/hallc/c-rsidis/analysis/replays/pass0p1/coin_replay_production_24460_-1.root,173931,173932,1,0,173932,1,0,0,OK
phase1,24461,PI+SIDIS,coin,/cache/hallc/c-rsidis/analysis/replays/pass0p1/coin_replay_production_24461_-1.root,49145,49146,1,0,49146,1,0,0,OK
phase1,24463,PI+SIDIS,coin,/cache/hallc/c-rsidis/analysis/replays/pass0p1/coin_replay_production_24463_-1.root,123946,123948,2,0,123948,2,0,0,OK
phase1,24464,PI+SIDIS,coin,/cache/hallc/c-rsidis/analysis/replays/pass0p1/coin_replay_production_24464_-1.root,176220,176221,1,0,176221,1,0,0,OK
phase1,24465,HMSDIS,hms,/cache/hallc/c-rsidis/analysis/replays/pass0p1/hms_coin_replay_production_24465_-1.root,694805,694806,1,0,,,,0,OK
phase1,24466,HMSDIS,hms,/cache/hallc/c-rsidis/analysis/replays/pass0p1/hms_coin_replay_production_24466_-1.root,1853761,1853762,1,0,,,,0,OK
phase1,24468,SHMSDIS,shms,/cache/hallc/c-rsidis/analysis/replays/pass0p1/shms_coin_replay_production_24468_-1.root,2346949,,,,2346950,1,0,0,OK
phase1,24469,PI+SIDIS,coin,/cache/hallc/c-rsidis/analysis/replays/pass0p1/coin_replay_production_24469_-1.root,179065,179066,1,0,179066,1,0,0,OK
phase1,24470,PI+SIDIS,coin,/cache/hallc/c-rsidis/analysis/replays/pass0p1/coin_replay_production_24470_-1.root,175655,175656,1,0,175656,1,0,0,OK
phase1,24471,PI+SIDIS,coin,/cache/hallc/c-rsidis/analysis/replays/pass0p1/coin_replay_production_24471_-1.root,195362,195363,1,0,195363,1,0,0,OK
phase1,24472,PI+SIDIS,coin,/cache/hallc/c-rsidis/analysis/replays/pass0p1/coin_replay_production_24472_-1.root,112913,112914,1,0,112914,1,0,0,OK
phase1,24473,PI+SIDIS,coin,/cache/hallc/c-rsidis/analysis/replays/pass0p1/coin_replay_production_24473_-1.root,52372,52373,1,0,52373,1,0,0,OK
phase1,24474,PI+SIDIS,coin,/cache/hallc/c-rsidis/analysis/replays/pass0p1/coin_replay_production_24474_-1.root,211485,211486,1,0,211486,1,0,0,OK
phase1,24475,PI+SIDIS,coin,/cache/hallc/c-rsidis/analysis/replays/pass0p1/coin_replay_production_24475_-1.root,188236,188237,1,0,188237,1,0,0,OK
phase1,24476,PI+SIDIS,coin,/cache/hallc/c-rsidis/analysis/replays/pass0p1/coin_replay_production_24476_-1.root,186778,186779,1,0,186779,1,0,0,OK
phase1,24477,PI+SIDIS,coin,/cache/hallc/c-rsidis/analysis/replays/pass0p1/coin_replay_production_24477_-1.root,177045,177046,1,0,177046,1,0,0,OK
phase1,24478,PI+SIDIS,coin,/cache/hallc/c-rsidis/analysis/replays/pass0p1/coin_replay_production_24478_-1.root,206581,206582,1,0,206582,1,0,0,OK
phase1,24479,PI+SIDIS,coin,/cache/hallc/c-rsidis/analysis/replays/pass0p1/coin_replay_production_24479_-1.root,162983,162984,1,0,162984,1,0,0,OK
phase1,24480,PI+SIDIS,coin,/cache/hallc/c-rsidis/analysis/replays/pass0p1/coin_replay_production_24480_-1.root,52064,52065,1,0,52065,1,0,0,OK
phase1,24481,HMSDIS,hms,/cache/hallc/c-rsidis/analysis/replays/pass0p1/hms_coin_replay_production_24481_-1.root,776928,776929,1,0,,,,0,OK
phase1,24482,HMSDIS,hms,/cache/hallc/c-rsidis/analysis/replays/pass0p1/hms_coin_replay_production_24482_-1.root,2733988,2733989,1,0,,,,0,OK
phase1,24483,HMSDIS,hms,/cache/hallc/c-rsidis/analysis/replays/pass0p1/hms_coin_replay_production_24483_-1.root,2035956,2035957,1,0,,,,0,OK
phase1,24484,SHMSDIS,shms,/cache/hallc/c-rsidis/analysis/replays/pass0p1/shms_coin_replay_production_24484_-1.root,2373820,,,,2373821,1,0,0,OK
phase1,24485,PI+SIDIS,coin,/cache/hallc/c-rsidis/analysis/replays/pass0p1/coin_replay_production_24485_-1.root,112199,112200,1,0,112200,1,0,0,OK
phase1,24486,PI+SIDIS,coin,/cache/hallc/c-rsidis/analysis/replays/pass0p1/coin_replay_production_24486_-1.root,144763,144764,1,0,144764,1,0,0,OK
phase1,24487,PI+SIDIS,coin,/cache/hallc/c-rsidis/analysis/replays/pass0p1/coin_replay_production_24487_-1.root,139362,139363,1,0,139363,1,0,0,OK
phase1,24488,PI+SIDIS,coin,/cache/hallc/c-rsidis/analysis/replays/pass0p1/coin_replay_production_24488_-1.root,132006,132007,1,0,132007,1,0,0,OK
phase1,24489,PI+SIDIS,coin,/cache/hallc/c-rsidis/analysis/replays/pass0p1/coin_replay_production_24489_-1.root,116127,116128,1,0,116128,1,0,0,OK
phase1,24490,PI+SIDIS,coin,/cache/hallc/c-rsidis/analysis/replays/pass0p1/coin_replay_production_24490_-1.root,130589,130590,1,0,130590,1,0,0,OK
phase1,24491,PI+SIDIS,coin,/cache/hallc/c-rsidis/analysis/replays/pass0p1/coin_replay_production_24491_-1.root,133954,133955,1,0,133955,1,0,0,OK
phase1,24492,PI+SIDIS,coin,/cache/hallc/c-rsidis/analysis/replays/pass0p1/coin_replay_production_24492_-1.root,135678,135679,1,0,135679,1,0,0,OK
phase1,24493,PI+SIDIS,coin,/cache/hallc/c-rsidis/analysis/replays/pass0p1/coin_replay_production_24493_-1.root,149513,149514,1,0,149514,1,0,0,OK
phase1,24494,PI+SIDIS,coin,/cache/hallc/c-rsidis/analysis/replays/pass0p1/coin_replay_production_24494_-1.root,142977,142978,1,0,142978,1,0,0,OK
phase1,24495,HMSDIS,hms,/cache/hallc/c-rsidis/analysis/replays/pass0p1/hms_coin_replay_production_24495_-1.root,657620,657621,1,0,,,,0,OK
phase1,24496,HMSDIS,hms,/cache/hallc/c-rsidis/analysis/replays/pass0p1/hms_coin_replay_production_24496_-1.root,2746761,2746762,1,0,,,,0,OK
phase1,24497,SHMSDIS,shms,/cache/hallc/c-rsidis/analysis/replays/pass0p1/shms_coin_replay_production_24497_-1.root,2040952,,,,2040953,1,0,0,OK
phase1,24498,HMSDIS,hms,/cache/hallc/c-rsidis/analysis/replays/pass0p1/hms_coin_replay_production_24498_-1.root,1771630,1771631,1,0,,,,0,OK
phase1,24499,PI+SIDIS,coin,/cache/hallc/c-rsidis/analysis/replays/pass0p1/coin_replay_production_24499_-1.root,187669,187670,1,0,187670,1,0,0,OK
phase1,24500,PI+SIDIS,coin,/cache/hallc/c-rsidis/analysis/replays/pass0p1/coin_replay_production_24500_-1.root,204016,204017,1,0,204017,1,0,0,OK
phase1,24501,PI+SIDIS,coin,/cache/hallc/c-rsidis/analysis/replays/pass0p1/coin_replay_production_24501_-1.root,190254,190255,1,0,190255,1,0,0,OK
phase1,24502,PI+SIDIS,coin,/cache/hallc/c-rsidis/analysis/replays/pass0p1/coin_replay_production_24502_-1.root,207750,207751,1,0,207751,1,0,0,OK
phase1,24503,PI+SIDIS,coin,/cache/hallc/c-rsidis/analysis/replays/pass0p1/coin_replay_production_24503_-1.root,219826,219827,1,0,219827,1,0,0,OK
phase1,24504,PI+SIDIS,coin,/cache/hallc/c-rsidis/analysis/replays/pass0p1/coin_replay_production_24504_-1.root,198310,198311,1,0,198311,1,0,0,OK
phase1,24505,PI+SIDIS,coin,/cache/hallc/c-rsidis/analysis/replays/pass0p1/coin_replay_production_24505_-1.root,207136,207137,1,0,207137,1,0,0,OK
phase1,24506,PI+SIDIS,coin,/cache/hallc/c-rsidis/analysis/replays/pass0p1/coin_replay_production_24506_-1.root,215523,215524,1,0,215524,1,0,0,OK
phase1,24507,PI+SIDIS,coin,/cache/hallc/c-rsidis/analysis/replays/pass0p1/coin_replay_production_24507_-1.root,204452,204453,1,0,204453,1,0,0,OK
phase1,24508,PI+SIDIS,coin,/cache/hallc/c-rsidis/analysis/replays/pass0p1/coin_replay_production_24508_-1.root,107537,107538,1,0,107538,1,0,0,OK
phase1,24509,PI+SIDIS,coin,/cache/hallc/c-rsidis/analysis/replays/pass0p1/coin_replay_production_24509_-1.root,158982,158983,1,0,158983,1,0,0,OK
phase1,24510,PI+SIDIS,coin,/cache/hallc/c-rsidis/analysis/replays/pass0p1/coin_replay_production_24510_-1.root,143348,143349,1,0,143349,1,0,0,OK
phase1,24511,PI+SIDIS,coin,/cache/hallc/c-rsidis/analysis/replays/pass0p1/coin_replay_production_24511_-1.root,162263,162264,1,0,162264,1,0,0,OK
phase1,24512,PI+SIDIS,coin,/cache/hallc/c-rsidis/analysis/replays/pass0p1/coin_replay_production_24512_-1.root,49297,49298,1,0,49298,1,0,0,OK
phase1,24513,PI+SIDIS,coin,/cache/hallc/c-rsidis/analysis/replays/pass0p1/coin_replay_production_24513_-1.root,160625,160626,1,0,160626,1,0,0,OK
phase1,24514,PI+SIDIS,coin,/cache/hallc/c-rsidis/analysis/replays/pass0p1/coin_replay_production_24514_-1.root,171376,171377,1,0,171377,1,0,0,OK
phase1,24515,PI+SIDIS,coin,/cache/hallc/c-rsidis/analysis/replays/pass0p1/coin_replay_production_24515_-1.root,165171,165172,1,0,165172,1,0,0,OK
phase1,24516,PI+SIDIS,coin,/cache/hallc/c-rsidis/analysis/replays/pass0p1/coin_replay_production_24516_-1.root,174739,174740,1,0,174740,1,0,0,OK
phase1,24517,PI+SIDIS,coin,/cache/hallc/c-rsidis/analysis/replays/pass0p1/coin_replay_production_24517_-1.root,123635,123636,1,0,123636,1,0,0,OK
phase1,24521,PI+SIDIS,coin,/cache/hallc/c-rsidis/analysis/replays/pass0p1/coin_replay_production_24521_-1.root,177570,177571,1,0,177571,1,0,0,OK
phase1,24522,PI+SIDIS,coin,/cache/hallc/c-rsidis/analysis/replays/pass0p1/coin_replay_production_24522_-1.root,188894,188895,1,0,188895,1,0,0,OK
phase1,24523,PI+SIDIS,coin,/cache/hallc/c-rsidis/analysis/replays/pass0p1/coin_replay_production_24523_-1.root,160434,160435,1,0,160435,1,0,0,OK
phase1,24524,PI+SIDIS,coin,/cache/hallc/c-rsidis/analysis/replays/pass0p1/coin_replay_production_24524_-1.root,182163,182164,1,0,182164,1,0,0,OK
phase1,24525,PI+SIDIS,coin,/cache/hallc/c-rsidis/analysis/replays/pass0p1/coin_replay_production_24525_-1.root,49460,49461,1,0,49461,1,0,0,OK
phase1,24526,PI+SIDIS,coin,/cache/hallc/c-rsidis/analysis/replays/pass0p1/coin_replay_production_24526_-1.root,197744,197745,1,0,197745,1,0,0,OK
phase1,24527,PI+SIDIS,coin,/cache/hallc/c-rsidis/analysis/replays/pass0p1/coin_replay_production_24527_-1.root,203462,203463,1,0,203463,1,0,0,OK
phase1,24528,PI+SIDIS,coin,/cache/hallc/c-rsidis/analysis/replays/pass0p1/coin_replay_production_24528_-1.root,174214,174215,1,0,174215,1,0,0,OK
phase1,24529,PI+SIDIS,coin,/cache/hallc/c-rsidis/analysis/replays/pass0p1/coin_replay_production_24529_-1.root,214412,214413,1,0,214413,1,0,0,OK
phase1,24530,PI+SIDIS,coin,/cache/hallc/c-rsidis/analysis/replays/pass0p1/coin_replay_production_24530_-1.root,199465,199466,1,0,199466,1,0,0,OK
phase1,24531,PI+SIDIS,coin,/cache/hallc/c-rsidis/analysis/replays/pass0p1/coin_replay_production_24531_-1.root,193546,193547,1,0,193547,1,0,0,OK
phase1,24532,PI+SIDIS,coin,/cache/hallc/c-rsidis/analysis/replays/pass0p1/coin_replay_production_24532_-1.root,198758,198759,1,0,198759,1,0,0,OK
phase1,24533,PI+SIDIS,coin,/cache/hallc/c-rsidis/analysis/replays/pass0p1/coin_replay_production_24533_-1.root,199214,199215,1,0,199215,1,0,0,OK
phase1,24534,PI+SIDIS,coin,/cache/hallc/c-rsidis/analysis/replays/pass0p1/coin_replay_production_24534_-1.root,205420,205421,1,0,205421,1,0,0,OK
phase1,24535,PI+SIDIS,coin,/cache/hallc/c-rsidis/analysis/replays/pass0p1/coin_replay_production_24535_-1.root,201685,201686,1,0,201686,1,0,0,OK
phase1,24536,PI+SIDIS,coin,/cache/hallc/c-rsidis/analysis/replays/pass0p1/coin_replay_production_24536_-1.root,153038,153039,1,0,153039,1,0,0,OK
phase1,24537,HMSDIS,hms,/cache/hallc/c-rsidis/analysis/replays/pass0p1/hms_coin_replay_production_24537_-1.root,189281,189282,1,0,,,,0,OK
phase1,24541,HMSDIS,hms,/cache/hallc/c-rsidis/analysis/replays/pass0p1/hms_coin_replay_production_24541_-1.root,2431676,2431677,1,0,,,,0,OK
phase1,24543,PI+SIDIS,coin,/cache/hallc/c-rsidis/analysis/replays/pass0p1/coin_replay_production_24543_-1.root,84405,84406,1,0,84406,1,0,0,OK
phase1,24544,HMSDIS,hms,/cache/hallc/c-rsidis/analysis/replays/pass0p1/hms_coin_replay_production_24544_-1.root,2444397,2444398,1,0,,,,0,OK
phase1,24545,PI+SIDIS,coin,/cache/hallc/c-rsidis/analysis/replays/pass0p1/coin_replay_production_24545_-1.root,23567,23568,1,0,23568,1,0,0,OK
phase1,24546,HMSDIS,hms,/cache/hallc/c-rsidis/analysis/replays/pass0p1/hms_coin_replay_production_24546_-1.root,2636209,2636210,1,0,,,,0,OK
phase1,24547,PI+SIDIS,coin,/cache/hallc/c-rsidis/analysis/replays/pass0p1/coin_replay_production_24547_-1.root,75833,75834,1,0,75834,1,0,0,OK
phase1,24549,HMSDIS,hms,/cache/hallc/c-rsidis/analysis/replays/pass0p1/hms_coin_replay_production_24549_-1.root,2443409,2443410,1,0,,,,0,OK
phase1,24550,PI+SIDIS,coin,/cache/hallc/c-rsidis/analysis/replays/pass0p1/coin_replay_production_24550_-1.root,91649,91650,1,0,91650,1,0,0,OK
phase1,24551,HMSDIS,hms,/cache/hallc/c-rsidis/analysis/replays/pass0p1/hms_coin_replay_production_24551_-1.root,2378036,2378037,1,0,,,,0,OK
phase1,24553,PI+SIDIS,coin,/cache/hallc/c-rsidis/analysis/replays/pass0p1/coin_replay_production_24553_-1.root,642595,642596,1,0,642596,1,0,0,OK
phase1,24554,PI+SIDIS,coin,/cache/hallc/c-rsidis/analysis/replays/pass0p1/coin_replay_production_24554_-1.root,524346,524347,1,0,524347,1,0,0,OK
phase1,24555,PI+SIDIS,coin,/cache/hallc/c-rsidis/analysis/replays/pass0p1/coin_replay_production_24555_-1.root,116532,116533,1,0,116533,1,0,0,OK
phase1,24556,PI+SIDIS,coin,/cache/hallc/c-rsidis/analysis/replays/pass0p1/coin_replay_production_24556_-1.root,543906,543907,1,0,543907,1,0,0,OK
phase1,24557,PI+SIDIS,coin,/cache/hallc/c-rsidis/analysis/replays/pass0p1/coin_replay_production_24557_-1.root,411174,411175,1,0,411175,1,0,0,OK
phase1,24558,PI+SIDIS,coin,/cache/hallc/c-rsidis/analysis/replays/pass0p1/coin_replay_production_24558_-1.root,592532,592533,1,0,592533,1,0,0,OK
phase1,24559,PI+SIDIS,coin,/cache/hallc/c-rsidis/analysis/replays/pass0p1/coin_replay_production_24559_-1.root,604832,604833,1,0,604833,1,0,0,OK
phase1,24560,PI+SIDIS,coin,/cache/hallc/c-rsidis/analysis/replays/pass0p1/coin_replay_production_24560_-1.root,516374,516375,1,0,516375,1,0,0,OK
phase1,24561,PI+SIDIS,coin,/cache/hallc/c-rsidis/analysis/replays/pass0p1/coin_replay_production_24561_-1.root,635365,635366,1,0,635366,1,0,0,OK
phase1,24562,PI+SIDIS,coin,/cache/hallc/c-rsidis/analysis/replays/pass0p1/coin_replay_production_24562_-1.root,533413,533414,1,0,533414,1,0,0,OK
phase1,24563,HMSDIS,hms,/cache/hallc/c-rsidis/analysis/replays/pass0p1/hms_coin_replay_production_24563_-1.root,2545773,2545774,1,0,,,,0,OK
phase1,24564,PI+SIDIS,coin,/cache/hallc/c-rsidis/analysis/replays/pass0p1/coin_replay_production_24564_-1.root,388064,388065,1,0,388065,1,0,0,OK
phase1,24566,PI+SIDIS,coin,/cache/hallc/c-rsidis/analysis/replays/pass0p1/coin_replay_production_24566_-1.root,413697,413698,1,0,413698,1,0,0,OK
phase1,24567,PI+SIDIS,coin,/cache/hallc/c-rsidis/analysis/replays/pass0p1/coin_replay_production_24567_-1.root,350628,350629,1,0,350629,1,0,0,OK
phase1,24568,PI+SIDIS,coin,/cache/hallc/c-rsidis/analysis/replays/pass0p1/coin_replay_production_24568_-1.root,195430,195431,1,0,195431,1,0,0,OK
phase1,24569,PI+SIDIS,coin,/cache/hallc/c-rsidis/analysis/replays/pass0p1/coin_replay_production_24569_-1.root,121297,121298,1,0,121298,1,0,0,OK
phase1,24570,PI+SIDIS,coin,/cache/hallc/c-rsidis/analysis/replays/pass0p1/coin_replay_production_24570_-1.root,465929,465930,1,0,465930,1,0,0,OK
phase1,24572,PI-SIDIS,coin,/cache/hallc/c-rsidis/analysis/replays/pass0p1/coin_replay_production_24572_-1.root,464760,464761,1,0,464761,1,0,0,OK
phase1,24573,HMSDIS,hms,/cache/hallc/c-rsidis/analysis/replays/pass0p1/hms_coin_replay_production_24573_-1.root,1956486,1956487,1,0,,,,0,OK
phase1,24574,PI-SIDIS,coin,/cache/hallc/c-rsidis/analysis/replays/pass0p1/coin_replay_production_24574_-1.root,326246,326247,1,0,326247,1,0,0,OK
phase1,24575,HMSDIS,hms,/cache/hallc/c-rsidis/analysis/replays/pass0p1/hms_coin_replay_production_24575_-1.root,2099872,2099873,1,0,,,,0,OK
phase1,24576,PI-SIDIS,coin,/cache/hallc/c-rsidis/analysis/replays/pass0p1/coin_replay_production_24576_-1.root,168129,168130,1,0,168130,1,0,0,OK
phase1,24577,HMSDIS,hms,/cache/hallc/c-rsidis/analysis/replays/pass0p1/hms_coin_replay_production_24577_-1.root,1458702,1458703,1,0,,,,0,OK
phase1,24578,PI-SIDIS,coin,/cache/hallc/c-rsidis/analysis/replays/pass0p1/coin_replay_production_24578_-1.root,472642,472643,1,0,472643,1,0,0,OK
phase1,24579,HMSDIS,hms,/cache/hallc/c-rsidis/analysis/replays/pass0p1/hms_coin_replay_production_24579_-1.root,2029554,2029555,1,0,,,,0,OK
phase1,24580,PI-SIDIS,coin,/cache/hallc/c-rsidis/analysis/replays/pass0p1/coin_replay_production_24580_-1.root,157206,157207,1,0,157207,1,0,0,OK
phase1,24581,HMSDIS,hms,/cache/hallc/c-rsidis/analysis/replays/pass0p1/hms_coin_replay_production_24581_-1.root,2108583,2108584,1,0,,,,0,OK
phase1,24582,PI-SIDIS,coin,/cache/hallc/c-rsidis/analysis/replays/pass0p1/coin_replay_production_24582_-1.root,560607,560608,1,0,560608,1,0,0,OK
phase1,24583,PI-SIDIS,coin,/cache/hallc/c-rsidis/analysis/replays/pass0p1/coin_replay_production_24583_-1.root,362363,362364,1,0,362364,1,0,0,OK
phase1,24584,PI-SIDIS,coin,/cache/hallc/c-rsidis/analysis/replays/pass0p1/coin_replay_production_24584_-1.root,623715,623716,1,0,623716,1,0,0,OK
phase1,24585,PI-SIDIS,coin,/cache/hallc/c-rsidis/analysis/replays/pass0p1/coin_replay_production_24585_-1.root,149168,149169,1,0,149169,1,0,0,OK
phase1,24587,PI-SIDIS,coin,/cache/hallc/c-rsidis/analysis/replays/pass0p1/coin_replay_production_24587_-1.root,110672,110673,1,0,110673,1,0,0,OK
phase1,24588,PI-SIDIS,coin,/cache/hallc/c-rsidis/analysis/replays/pass0p1/coin_replay_production_24588_-1.root,638251,638252,1,0,638252,1,0,0,OK
phase1,24589,PI-SIDIS,coin,/cache/hallc/c-rsidis/analysis/replays/pass0p1/coin_replay_production_24589_-1.root,638472,638473,1,0,638473,1,0,0,OK
phase1,24590,PI-SIDIS,coin,/cache/hallc/c-rsidis/analysis/replays/pass0p1/coin_replay_production_24590_-1.root,683642,683643,1,0,683643,1,0,0,OK
phase1,24591,PI-SIDIS,coin,/cache/hallc/c-rsidis/analysis/replays/pass0p1/coin_replay_production_24591_-1.root,665160,665161,1,0,665161,1,0,0,OK
phase1,24592,PI-SIDIS,coin,/cache/hallc/c-rsidis/analysis/replays/pass0p1/coin_replay_production_24592_-1.root,605896,605897,1,0,605897,1,0,0,OK
phase1,24593,PI-SIDIS,coin,/cache/hallc/c-rsidis/analysis/replays/pass0p1/coin_replay_production_24593_-1.root,565486,565487,1,0,565487,1,0,0,OK
phase1,24594,PI-SIDIS,coin,/cache/hallc/c-rsidis/analysis/replays/pass0p1/coin_replay_production_24594_-1.root,674332,674333,1,0,674333,1,0,0,OK
phase1,24595,PI-SIDIS,coin,/cache/hallc/c-rsidis/analysis/replays/pass0p1/coin_replay_production_24595_-1.root,390257,390258,1,0,390258,1,0,0,OK
phase1,24596,PI-SIDIS,coin,/cache/hallc/c-rsidis/analysis/replays/pass0p1/coin_replay_production_24596_-1.root,727067,727068,1,0,727068,1,0,0,OK
phase1,24597,PI-SIDIS,coin,/cache/hallc/c-rsidis/analysis/replays/pass0p1/coin_replay_production_24597_-1.root,712032,712033,1,0,712033,1,0,0,OK
phase1,24598,PI-SIDIS,coin,/cache/hallc/c-rsidis/analysis/replays/pass0p1/coin_replay_production_24598_-1.root,544084,544085,1,0,544085,1,0,0,OK
phase1,24599,PI-SIDIS,coin,/cache/hallc/c-rsidis/analysis/replays/pass0p1/coin_replay_production_24599_-1.root,554593,554594,1,0,554594,1,0,0,OK
phase1,24600,PI-SIDIS,coin,/cache/hallc/c-rsidis/analysis/replays/pass0p1/coin_replay_production_24600_-1.root,484469,484470,1,0,484470,1,0,0,OK
phase1,24601,PI+SIDIS,coin,/cache/hallc/c-rsidis/analysis/replays/pass0p1/coin_replay_production_24601_-1.root,541382,541383,1,0,541383,1,0,0,OK
phase1,24602,PI+SIDIS,coin,/cache/hallc/c-rsidis/analysis/replays/pass0p1/coin_replay_production_24602_-1.root,612567,612568,1,0,612568,1,0,0,OK
phase1,24603,PI+SIDIS,coin,/cache/hallc/c-rsidis/analysis/replays/pass0p1/coin_replay_production_24603_-1.root,738056,738057,1,0,738057,1,0,0,OK
phase1,24604,PI+SIDIS,coin,/cache/hallc/c-rsidis/analysis/replays/pass0p1/coin_replay_production_24604_-1.root,652033,652034,1,0,652034,1,0,0,OK
phase1,24605,PI+SIDIS,coin,/cache/hallc/c-rsidis/analysis/replays/pass0p1/coin_replay_production_24605_-1.root,726929,726930,1,0,726930,1,0,0,OK
phase1,24606,PI+SIDIS,coin,/cache/hallc/c-rsidis/analysis/replays/pass0p1/coin_replay_production_24606_-1.root,420574,420575,1,0,420575,1,0,0,OK
phase1,24607,PI+SIDIS,coin,/cache/hallc/c-rsidis/analysis/replays/pass0p1/coin_replay_production_24607_-1.root,382352,382353,1,0,382353,1,0,0,OK
phase1,24608,PI+SIDIS,coin,/cache/hallc/c-rsidis/analysis/replays/pass0p1/coin_replay_production_24608_-1.root,356153,356154,1,0,356154,1,0,0,OK
phase1,24609,PI+SIDIS,coin,/cache/hallc/c-rsidis/analysis/replays/pass0p1/coin_replay_production_24609_-1.root,435595,435596,1,0,435596,1,0,0,OK
phase1,24610,PI+SIDIS,coin,/cache/hallc/c-rsidis/analysis/replays/pass0p1/coin_replay_production_24610_-1.root,406368,406369,1,0,406369,1,0,0,OK
phase1,24611,PI+SIDIS,coin,/cache/hallc/c-rsidis/analysis/replays/pass0p1/coin_replay_production_24611_-1.root,101683,101684,1,0,101684,1,0,0,OK
phase1,24612,PI+SIDIS,coin,/cache/hallc/c-rsidis/analysis/replays/pass0p1/coin_replay_production_24612_-1.root,1074407,1074408,1,0,1074408,1,0,0,OK
phase1,24613,PI+SIDIS,coin,/cache/hallc/c-rsidis/analysis/replays/pass0p1/coin_replay_production_24613_-1.root,1054029,1054030,1,0,1054030,1,0,0,OK
phase1,24614,PI+SIDIS,coin,/cache/hallc/c-rsidis/analysis/replays/pass0p1/coin_replay_production_24614_-1.root,1003061,1003062,1,0,1003062,1,0,0,OK
phase1,24615,PI+SIDIS,coin,/cache/hallc/c-rsidis/analysis/replays/pass0p1/coin_replay_production_24615_-1.root,1042468,1042469,1,0,1042469,1,0,0,OK
phase1,24616,PI+SIDIS,coin,/cache/hallc/c-rsidis/analysis/replays/pass0p1/coin_replay_production_24616_-1.root,1041445,1041446,1,0,1041446,1,0,0,OK
phase1,24617,PI+SIDIS,coin,/cache/hallc/c-rsidis/analysis/replays/pass0p1/coin_replay_production_24617_-1.root,1062793,1062794,1,0,1062794,1,0,0,OK
phase1,24618,PI+SIDIS,coin,/cache/hallc/c-rsidis/analysis/replays/pass0p1/coin_replay_production_24618_-1.root,940402,940403,1,0,940403,1,0,0,OK
phase1,24619,PI+SIDIS,coin,/cache/hallc/c-rsidis/analysis/replays/pass0p1/coin_replay_production_24619_-1.root,181165,181166,1,0,181166,1,0,0,OK
phase1,24620,PI+SIDIS,coin,/cache/hallc/c-rsidis/analysis/replays/pass0p1/coin_replay_production_24620_-1.root,32151,32152,1,0,32152,1,0,0,OK
phase1,24621,PI+SIDIS,coin,/cache/hallc/c-rsidis/analysis/replays/pass0p1/coin_replay_production_24621_-1.root,489096,489097,1,0,489097,1,0,0,OK
phase1,24622,PI+SIDIS,coin,/cache/hallc/c-rsidis/analysis/replays/pass0p1/coin_replay_production_24622_-1.root,123500,123501,1,0,123501,1,0,0,OK
phase1,24625,SHMSDIS,shms,/cache/hallc/c-rsidis/analysis/replays/pass0p1/shms_coin_replay_production_24625_-1.root,2056606,,,,2056607,1,0,0,OK
phase1,24626,HMSDIS,hms,/cache/hallc/c-rsidis/analysis/replays/pass0p1/hms_coin_replay_production_24626_-1.root,2256944,2256945,1,0,,,,0,OK
phase1,24627,PI+SIDIS,coin,/cache/hallc/c-rsidis/analysis/replays/pass0p1/coin_replay_production_24627_-1.root,236272,236273,1,0,236273,1,0,0,OK
phase1,24628,PI+SIDIS,coin,/cache/hallc/c-rsidis/analysis/replays/pass0p1/coin_replay_production_24628_-1.root,2199194,2199195,1,0,2199195,1,0,0,OK
phase1,24629,PI+SIDIS,coin,/cache/hallc/c-rsidis/analysis/replays/pass0p1/coin_replay_production_24629_-1.root,256667,256668,1,0,256668,1,0,0,OK
phase1,24630,PI+SIDIS,coin,/cache/hallc/c-rsidis/analysis/replays/pass0p1/coin_replay_production_24630_-1.root,227980,227981,1,0,227981,1,0,0,OK
phase1,24631,PI+SIDIS,coin,/cache/hallc/c-rsidis/analysis/replays/pass0p1/coin_replay_production_24631_-1.root,303898,303899,1,0,303899,1,0,0,OK
phase1,24632,PI+SIDIS,coin,/cache/hallc/c-rsidis/analysis/replays/pass0p1/coin_replay_production_24632_-1.root,299353,299354,1,0,299354,1,0,0,OK
phase1,24633,PI+SIDIS,coin,/cache/hallc/c-rsidis/analysis/replays/pass0p1/coin_replay_production_24633_-1.root,87406,87407,1,0,87407,1,0,0,OK
phase1,24634,PI+SIDIS,coin,/cache/hallc/c-rsidis/analysis/replays/pass0p1/coin_replay_production_24634_-1.root,284016,284017,1,0,284017,1,0,0,OK
phase1,24635,PI+SIDIS,coin,/cache/hallc/c-rsidis/analysis/replays/pass0p1/coin_replay_production_24635_-1.root,135944,135945,1,0,135945,1,0,0,OK
phase1,24636,PI+SIDIS,coin,/cache/hallc/c-rsidis/analysis/replays/pass0p1/coin_replay_production_24636_-1.root,51274,51275,1,0,51275,1,0,0,OK
phase1,24637,HMSDIS,hms,/cache/hallc/c-rsidis/analysis/replays/pass0p1/hms_coin_replay_production_24637_-1.root,2261578,2261579,1,0,,,,0,OK
phase1,24640,SHMSDIS,shms,/cache/hallc/c-rsidis/analysis/replays/pass0p1/shms_coin_replay_production_24640_-1.root,1872261,,,,1872262,1,0,0,OK
phase1,24641,PI+SIDIS,coin,/cache/hallc/c-rsidis/analysis/replays/pass0p1/coin_replay_production_24641_-1.root,94711,94712,1,0,94712,1,0,0,OK
phase1,24642,PI+SIDIS,coin,/cache/hallc/c-rsidis/analysis/replays/pass0p1/coin_replay_production_24642_-1.root,134856,134857,1,0,134857,1,0,0,OK
phase1,24643,PI+SIDIS,coin,/cache/hallc/c-rsidis/analysis/replays/pass0p1/coin_replay_production_24643_-1.root,102203,102204,1,0,102204,1,0,0,OK
phase1,24644,HMSDIS,hms,/cache/hallc/c-rsidis/analysis/replays/pass0p1/hms_coin_replay_production_24644_-1.root,2630674,2630675,1,0,,,,0,OK
phase1,24645,SHMSDIS,shms,/cache/hallc/c-rsidis/analysis/replays/pass0p1/shms_coin_replay_production_24645_-1.root,1647446,,,,1647447,1,0,0,OK
phase1,24646,PI+SIDIS,coin,/cache/hallc/c-rsidis/analysis/replays/pass0p1/coin_replay_production_24646_-1.root,500824,500825,1,0,500825,1,0,0,OK
phase1,24647,PI+SIDIS,coin,/cache/hallc/c-rsidis/analysis/replays/pass0p1/coin_replay_production_24647_-1.root,494206,494207,1,0,494207,1,0,0,OK
phase1,24648,PI+SIDIS,coin,/cache/hallc/c-rsidis/analysis/replays/pass0p1/coin_replay_production_24648_-1.root,426411,426412,1,0,426412,1,0,0,OK
phase1,24649,PI+SIDIS,coin,/cache/hallc/c-rsidis/analysis/replays/pass0p1/coin_replay_production_24649_-1.root,457033,457034,1,0,457034,1,0,0,OK
phase1,24650,PI+SIDIS,coin,/cache/hallc/c-rsidis/analysis/replays/pass0p1/coin_replay_production_24650_-1.root,459513,459514,1,0,459514,1,0,0,OK
phase1,24651,PI+SIDIS,coin,/cache/hallc/c-rsidis/analysis/replays/pass0p1/coin_replay_production_24651_-1.root,132176,132177,1,0,132177,1,0,0,OK
phase1,24652,HMSDIS,hms,/cache/hallc/c-rsidis/analysis/replays/pass0p1/hms_coin_replay_production_24652_-1.root,1897351,1897352,1,0,,,,0,OK
phase1,24653,SHMSDIS,shms,/cache/hallc/c-rsidis/analysis/replays/pass0p1/shms_coin_replay_production_24653_-1.root,2040475,,,,2040476,1,0,0,OK
phase1,24654,PI+SIDIS,coin,/cache/hallc/c-rsidis/analysis/replays/pass0p1/coin_replay_production_24654_-1.root,346453,346454,1,0,346454,1,0,0,OK
phase1,24655,PI+SIDIS,coin,/cache/hallc/c-rsidis/analysis/replays/pass0p1/coin_replay_production_24655_-1.root,367157,367158,1,0,367158,1,0,0,OK
phase1,24656,PI+SIDIS,coin,/cache/hallc/c-rsidis/analysis/replays/pass0p1/coin_replay_production_24656_-1.root,395004,395005,1,0,395005,1,0,0,OK
phase1,24657,PI+SIDIS,coin,/cache/hallc/c-rsidis/analysis/replays/pass0p1/coin_replay_production_24657_-1.root,349381,349382,1,0,349382,1,0,0,OK
phase1,24658,PI+SIDIS,coin,/cache/hallc/c-rsidis/analysis/replays/pass0p1/coin_replay_production_24658_-1.root,368182,368183,1,0,368183,1,0,0,OK
phase1,24659,PI+SIDIS,coin,/cache/hallc/c-rsidis/analysis/replays/pass0p1/coin_replay_production_24659_-1.root,406012,406013,1,0,406013,1,0,0,OK
phase1,24660,PI+SIDIS,coin,/cache/hallc/c-rsidis/analysis/replays/pass0p1/coin_replay_production_24660_-1.root,236750,236751,1,0,236751,1,0,0,OK
phase1,24661,PI+SIDIS,coin,/cache/hallc/c-rsidis/analysis/replays/pass0p1/coin_replay_production_24661_-1.root,372537,372538,1,0,372538,1,0,0,OK
phase1,24662,PI+SIDIS,coin,/cache/hallc/c-rsidis/analysis/replays/pass0p1/coin_replay_production_24662_-1.root,373397,373398,1,0,373398,1,0,0,OK
phase1,24663,HMSDIS,hms,/cache/hallc/c-rsidis/analysis/replays/pass0p1/hms_coin_replay_production_24663_-1.root,2449620,2449621,1,0,,,,0,OK
phase1,24665,SHMSDIS,shms,/cache/hallc/c-rsidis/analysis/replays/pass0p1/shms_coin_replay_production_24665_-1.root,1841291,,,,1841292,1,0,0,OK
phase1,24666,PI+SIDIS,coin,/cache/hallc/c-rsidis/analysis/replays/pass0p1/coin_replay_production_24666_-1.root,1420081,1420082,1,0,1420082,1,0,0,OK
phase1,24667,PI+SIDIS,coin,/cache/hallc/c-rsidis/analysis/replays/pass0p1/coin_replay_production_24667_-1.root,929954,929955,1,0,929955,1,0,0,OK
phase1,24668,PI+SIDIS,coin,/cache/hallc/c-rsidis/analysis/replays/pass0p1/coin_replay_production_24668_-1.root,1101242,1101243,1,0,1101243,1,0,0,OK
phase1,24669,PI+SIDIS,coin,/cache/hallc/c-rsidis/analysis/replays/pass0p1/coin_replay_production_24669_-1.root,1107629,1107630,1,0,1107630,1,0,0,OK
phase1,24670,PI+SIDIS,coin,/cache/hallc/c-rsidis/analysis/replays/pass0p1/coin_replay_production_24670_-1.root,990139,990140,1,0,990140,1,0,0,OK
phase1,24671,PI+SIDIS,coin,/cache/hallc/c-rsidis/analysis/replays/pass0p1/coin_replay_production_24671_-1.root,1057090,1057091,1,0,1057091,1,0,0,OK
phase1,24672,PI+SIDIS,coin,/cache/hallc/c-rsidis/analysis/replays/pass0p1/coin_replay_production_24672_-1.root,673671,673672,1,0,673672,1,0,0,OK
phase1,24673,PI+SIDIS,coin,/cache/hallc/c-rsidis/analysis/replays/pass0p1/coin_replay_production_24673_-1.root,156991,156992,1,0,156992,1,0,0,OK
phase1,24674,PI+SIDIS,coin,/cache/hallc/c-rsidis/analysis/replays/pass0p1/coin_replay_production_24674_-1.root,502512,502513,1,0,502513,1,0,0,OK
phase1,24675,PI+SIDIS,coin,/cache/hallc/c-rsidis/analysis/replays/pass0p1/coin_replay_production_24675_-1.root,393434,393435,1,0,393435,1,0,0,OK
phase1,24676,PI+SIDIS,coin,/cache/hallc/c-rsidis/analysis/replays/pass0p1/coin_replay_production_24676_-1.root,325034,325035,1,0,325035,1,0,0,OK
phase1,24677,PI+SIDIS,coin,/cache/hallc/c-rsidis/analysis/replays/pass0p1/coin_replay_production_24677_-1.root,366439,366440,1,0,366440,1,0,0,OK
phase1,24678,PI+SIDIS,coin,/cache/hallc/c-rsidis/analysis/replays/pass0p1/coin_replay_production_24678_-1.root,341891,341892,1,0,341892,1,0,0,OK
phase1,24679,PI+SIDIS,coin,/cache/hallc/c-rsidis/analysis/replays/pass0p1/coin_replay_production_24679_-1.root,310106,310107,1,0,310107,1,0,0,OK
phase1,24680,PI+SIDIS,coin,/cache/hallc/c-rsidis/analysis/replays/pass0p1/coin_replay_production_24680_-1.root,445033,445034,1,0,445034,1,0,0,OK
phase1,24681,PI+SIDIS,coin,/cache/hallc/c-rsidis/analysis/replays/pass0p1/coin_replay_production_24681_-1.root,199398,199399,1,0,199399,1,0,0,OK
phase1,24682,PI+SIDIS,coin,/cache/hallc/c-rsidis/analysis/replays/pass0p1/coin_replay_production_24682_-1.root,52237,52238,1,0,52238,1,0,0,OK
phase1,24683,PI+SIDIS,coin,/cache/hallc/c-rsidis/analysis/replays/pass0p1/coin_replay_production_24683_-1.root,105137,105138,1,0,105138,1,0,0,OK
phase1,24684,PI+SIDIS,coin,/cache/hallc/c-rsidis/analysis/replays/pass0p1/coin_replay_production_24684_-1.root,120556,120557,1,0,120557,1,0,0,OK
phase1,24685,PI+SIDIS,coin,/cache/hallc/c-rsidis/analysis/replays/pass0p1/coin_replay_production_24685_-1.root,135312,135313,1,0,135313,1,0,0,OK
phase1,24686,PI+SIDIS,coin,/cache/hallc/c-rsidis/analysis/replays/pass0p1/coin_replay_production_24686_-1.root,129114,129115,1,0,129115,1,0,0,OK
phase1,24687,PI+SIDIS,coin,/cache/hallc/c-rsidis/analysis/replays/pass0p1/coin_replay_production_24687_-1.root,372843,372844,1,0,372844,1,0,0,OK
phase1,24688,PI+SIDIS,coin,/cache/hallc/c-rsidis/analysis/replays/pass0p1/coin_replay_production_24688_-1.root,404745,404746,1,0,404746,1,0,0,OK
phase1,24690,PI-SIDIS,coin,/cache/hallc/c-rsidis/analysis/replays/pass0p1/coin_replay_production_24690_-1.root,238671,238672,1,0,238672,1,0,0,OK
phase1,24691,PI-SIDIS,coin,/cache/hallc/c-rsidis/analysis/replays/pass0p1/coin_replay_production_24691_-1.root,2088457,2088458,1,0,2088458,1,0,0,OK
phase1,24692,PI-SIDIS,coin,/cache/hallc/c-rsidis/analysis/replays/pass0p1/coin_replay_production_24692_-1.root,213217,213218,1,0,213218,1,0,0,OK
phase1,24693,PI-SIDIS,coin,/cache/hallc/c-rsidis/analysis/replays/pass0p1/coin_replay_production_24693_-1.root,207618,207619,1,0,207619,1,0,0,OK
phase1,24694,PI-SIDIS,coin,/cache/hallc/c-rsidis/analysis/replays/pass0p1/coin_replay_production_24694_-1.root,225218,225219,1,0,225219,1,0,0,OK
phase1,24695,PI-SIDIS,coin,/cache/hallc/c-rsidis/analysis/replays/pass0p1/coin_replay_production_24695_-1.root,268148,268149,1,0,268149,1,0,0,OK
phase1,24696,PI-SIDIS,coin,/cache/hallc/c-rsidis/analysis/replays/pass0p1/coin_replay_production_24696_-1.root,22003,22004,1,0,22004,1,0,0,OK
phase1,24697,PI-SIDIS,coin,/cache/hallc/c-rsidis/analysis/replays/pass0p1/coin_replay_production_24697_-1.root,242150,242151,1,0,242151,1,0,0,OK
phase1,24698,PI-SIDIS,coin,/cache/hallc/c-rsidis/analysis/replays/pass0p1/coin_replay_production_24698_-1.root,224915,224916,1,0,224916,1,0,0,OK
phase1,24699,PI-SIDIS,coin,/cache/hallc/c-rsidis/analysis/replays/pass0p1/coin_replay_production_24699_-1.root,250458,250459,1,0,250459,1,0,0,OK
phase1,24701,PI-SIDIS,coin,/cache/hallc/c-rsidis/analysis/replays/pass0p1/coin_replay_production_24701_-1.root,262543,262544,1,0,262544,1,0,0,OK
phase1,24702,PI-SIDIS,coin,/cache/hallc/c-rsidis/analysis/replays/pass0p1/coin_replay_production_24702_-1.root,133772,133773,1,0,133773,1,0,0,OK
phase1,24703,PI-SIDIS,coin,/cache/hallc/c-rsidis/analysis/replays/pass0p1/coin_replay_production_24703_-1.root,51120,51121,1,0,51121,1,0,0,OK
phase1,24705,HMSDIS,hms,/cache/hallc/c-rsidis/analysis/replays/pass0p1/hms_coin_replay_production_24705_-1.root,2031087,2031088,1,0,,,,0,OK
phase1,24706,SHMSDIS,shms,/cache/hallc/c-rsidis/analysis/replays/pass0p1/shms_coin_replay_production_24706_-1.root,2086664,,,,2086665,1,0,0,OK
phase1,24707,PI-SIDIS,coin,/cache/hallc/c-rsidis/analysis/replays/pass0p1/coin_replay_production_24707_-1.root,96728,96729,1,0,96729,1,0,0,OK
phase1,24708,PI-SIDIS,coin,/cache/hallc/c-rsidis/analysis/replays/pass0p1/coin_replay_production_24708_-1.root,100033,100034,1,0,100034,1,0,0,OK
phase1,24709,PI-SIDIS,coin,/cache/hallc/c-rsidis/analysis/replays/pass0p1/coin_replay_production_24709_-1.root,102587,102588,1,0,102588,1,0,0,OK
phase1,24710,PI-SIDIS,coin,/cache/hallc/c-rsidis/analysis/replays/pass0p1/coin_replay_production_24710_-1.root,28447,28448,1,0,28448,1,0,0,OK
phase1,24711,HMSDIS,hms,/cache/hallc/c-rsidis/analysis/replays/pass0p1/hms_coin_replay_production_24711_-1.root,1576672,1576673,1,0,,,,0,OK
phase1,24712,SHMSDIS,shms,/cache/hallc/c-rsidis/analysis/replays/pass0p1/shms_coin_replay_production_24712_-1.root,2188621,,,,2188622,1,0,0,OK
phase1,24713,PI-SIDIS,coin,/cache/hallc/c-rsidis/analysis/replays/pass0p1/coin_replay_production_24713_-1.root,277644,277645,1,0,277645,1,0,0,OK
phase1,24714,PI-SIDIS,coin,/cache/hallc/c-rsidis/analysis/replays/pass0p1/coin_replay_production_24714_-1.root,294534,294535,1,0,294535,1,0,0,OK
phase1,24715,PI-SIDIS,coin,/cache/hallc/c-rsidis/analysis/replays/pass0p1/coin_replay_production_24715_-1.root,286206,286207,1,0,286207,1,0,0,OK
phase1,24716,PI-SIDIS,coin,/cache/hallc/c-rsidis/analysis/replays/pass0p1/coin_replay_production_24716_-1.root,305664,305665,1,0,305665,1,0,0,OK
phase1,24717,PI-SIDIS,coin,/cache/hallc/c-rsidis/analysis/replays/pass0p1/coin_replay_production_24717_-1.root,281510,281511,1,0,281511,1,0,0,OK
phase1,24718,PI-SIDIS,coin,/cache/hallc/c-rsidis/analysis/replays/pass0p1/coin_replay_production_24718_-1.root,295956,295957,1,0,295957,1,0,0,OK
phase1,24719,PI-SIDIS,coin,/cache/hallc/c-rsidis/analysis/replays/pass0p1/coin_replay_production_24719_-1.root,280654,280655,1,0,280655,1,0,0,OK
phase1,24720,PI-SIDIS,coin,/cache/hallc/c-rsidis/analysis/replays/pass0p1/coin_replay_production_24720_-1.root,146111,146112,1,0,146112,1,0,0,OK
phase1,24721,PI-SIDIS,coin,/cache/hallc/c-rsidis/analysis/replays/pass0p1/coin_replay_production_24721_-1.root,144389,144390,1,0,144390,1,0,0,OK
phase1,24722,PI-SIDIS,coin,/cache/hallc/c-rsidis/analysis/replays/pass0p1/coin_replay_production_24722_-1.root,144678,144679,1,0,144679,1,0,0,OK
phase1,24723,PI-SIDIS,coin,/cache/hallc/c-rsidis/analysis/replays/pass0p1/coin_replay_production_24723_-1.root,134497,134498,1,0,134498,1,0,0,OK
phase1,24724,PI-SIDIS,coin,/cache/hallc/c-rsidis/analysis/replays/pass0p1/coin_replay_production_24724_-1.root,38392,38393,1,0,38393,1,0,0,OK
phase1,24725,PI-SIDIS,coin,/cache/hallc/c-rsidis/analysis/replays/pass0p1/coin_replay_production_24725_-1.root,40798,40799,1,0,40799,1,0,0,OK
phase1,24726,PI-SIDIS,coin,/cache/hallc/c-rsidis/analysis/replays/pass0p1/coin_replay_production_24726_-1.root,33861,33862,1,0,33862,1,0,0,OK
phase1,24727,PI-SIDIS,coin,/cache/hallc/c-rsidis/analysis/replays/pass0p1/coin_replay_production_24727_-1.root,28552,28553,1,0,28553,1,0,0,OK
phase1,24728,PI-SIDIS,coin,/cache/hallc/c-rsidis/analysis/replays/pass0p1/coin_replay_production_24728_-1.root,33295,33296,1,0,33296,1,0,0,OK
phase1,24729,PI-SIDIS,coin,/cache/hallc/c-rsidis/analysis/replays/pass0p1/coin_replay_production_24729_-1.root,32741,32742,1,0,32742,1,0,0,OK
phase1,24730,PI-SIDIS,coin,/cache/hallc/c-rsidis/analysis/replays/pass0p1/coin_replay_production_24730_-1.root,90097,90098,1,0,90098,1,0,0,OK
phase1,24731,PI-SIDIS,coin,/cache/hallc/c-rsidis/analysis/replays/pass0p1/coin_replay_production_24731_-1.root,99112,99113,1,0,99113,1,0,0,OK
phase1,24732,PI-SIDIS,coin,/cache/hallc/c-rsidis/analysis/replays/pass0p1/coin_replay_production_24732_-1.root,90823,90824,1,0,90824,1,0,0,OK
phase1,24733,PI-SIDIS,coin,/cache/hallc/c-rsidis/analysis/replays/pass0p1/coin_replay_production_24733_-1.root,25248,25249,1,0,25249,1,0,0,OK
phase1,24734,PI-SIDIS,coin,/cache/hallc/c-rsidis/analysis/replays/pass0p1/coin_replay_production_24734_-1.root,58481,58482,1,0,58482,1,0,0,OK
phase1,24736,PI-SIDIS,coin,/cache/hallc/c-rsidis/analysis/replays/pass0p1/coin_replay_production_24736_-1.root,839975,839976,1,0,839976,1,0,0,OK
phase1,24737,PI-SIDIS,coin,/cache/hallc/c-rsidis/analysis/replays/pass0p1/coin_replay_production_24737_-1.root,38289,38290,1,0,38290,1,0,0,OK
phase1,24738,PI-SIDIS,coin,/cache/hallc/c-rsidis/analysis/replays/pass0p1/coin_replay_production_24738_-1.root,85754,85755,1,0,85755,1,0,0,OK
phase1,24739,PI-SIDIS,coin,/cache/hallc/c-rsidis/analysis/replays/pass0p1/coin_replay_production_24739_-1.root,77733,77734,1,0,77734,1,0,0,OK
phase1,24740,PI-SIDIS,coin,/cache/hallc/c-rsidis/analysis/replays/pass0p1/coin_replay_production_24740_-1.root,79871,79872,1,0,79872,1,0,0,OK
phase1,24741,PI-SIDIS,coin,/cache/hallc/c-rsidis/analysis/replays/pass0p1/coin_replay_production_24741_-1.root,77106,77107,1,0,77107,1,0,0,OK
phase1,24742,PI-SIDIS,coin,/cache/hallc/c-rsidis/analysis/replays/pass0p1/coin_replay_production_24742_-1.root,92429,92430,1,0,92430,1,0,0,OK
phase1,24743,PI-SIDIS,coin,/cache/hallc/c-rsidis/analysis/replays/pass0p1/coin_replay_production_24743_-1.root,76367,76368,1,0,76368,1,0,0,OK
phase1,24744,PI-SIDIS,coin,/cache/hallc/c-rsidis/analysis/replays/pass0p1/coin_replay_production_24744_-1.root,10929,10930,1,0,10930,1,0,0,OK
phase1,24745,PI-SIDIS,coin,/cache/hallc/c-rsidis/analysis/replays/pass0p1/coin_replay_production_24745_-1.root,52267,52268,1,0,52268,1,0,0,OK
phase1,24746,PI-SIDIS,coin,/cache/hallc/c-rsidis/analysis/replays/pass0p1/coin_replay_production_24746_-1.root,73172,73173,1,0,73173,1,0,0,OK
phase1,24747,PI-SIDIS,coin,/cache/hallc/c-rsidis/analysis/replays/pass0p1/coin_replay_production_24747_-1.root,38676,38677,1,0,38677,1,0,0,OK
phase1,24748,PI-SIDIS,coin,/cache/hallc/c-rsidis/analysis/replays/pass0p1/coin_replay_production_24748_-1.root,10590,10591,1,0,10591,1,0,0,OK
phase1,24750,HMSDIS,hms,/cache/hallc/c-rsidis/analysis/replays/pass0p1/hms_coin_replay_production_24750_-1.root,2376313,2376314,1,0,,,,0,OK
phase1,24752,SHMSDIS,shms,/cache/hallc/c-rsidis/analysis/replays/pass0p1/shms_coin_replay_production_24752_-1.root,2249625,,,,2249626,1,0,0,OK
phase1,24753,PI-SIDIS,coin,/cache/hallc/c-rsidis/analysis/replays/pass0p1/coin_replay_production_24753_-1.root,1871,1872,1,0,1872,1,0,0,OK
phase1,24755,PI-SIDIS,coin,/cache/hallc/c-rsidis/analysis/replays/pass0p1/coin_replay_production_24755_-1.root,32502,32503,1,0,32503,1,0,0,OK
phase1,24756,PI-SIDIS,coin,/cache/hallc/c-rsidis/analysis/replays/pass0p1/coin_replay_production_24756_-1.root,37212,37213,1,0,37213,1,0,0,OK
phase1,24758,PI-SIDIS,coin,/cache/hallc/c-rsidis/analysis/replays/pass0p1/coin_replay_production_24758_-1.root,39938,39939,1,0,39939,1,0,0,OK
phase1,24759,PI-SIDIS,coin,/cache/hallc/c-rsidis/analysis/replays/pass0p1/coin_replay_production_24759_-1.root,8766,8767,1,0,8767,1,0,0,OK
phase1,24763,HMSDIS,hms,/cache/hallc/c-rsidis/analysis/replays/pass0p1/hms_coin_replay_production_24763_-1.root,1612682,1612683,1,0,,,,0,OK
phase1,24765,SHMSDIS,shms,/cache/hallc/c-rsidis/analysis/replays/pass0p1/shms_coin_replay_production_24765_-1.root,1476832,,,,1476833,1,0,0,OK
phase1,24766,PI-SIDIS,coin,/cache/hallc/c-rsidis/analysis/replays/pass0p1/coin_replay_production_24766_-1.root,71886,71887,1,0,71887,1,0,0,OK
phase1,24767,PI-SIDIS,coin,/cache/hallc/c-rsidis/analysis/replays/pass0p1/coin_replay_production_24767_-1.root,76139,76140,1,0,76140,1,0,0,OK
phase1,24768,PI-SIDIS,coin,/cache/hallc/c-rsidis/analysis/replays/pass0p1/coin_replay_production_24768_-1.root,69751,69752,1,0,69752,1,0,0,OK
phase1,24769,PI-SIDIS,coin,/cache/hallc/c-rsidis/analysis/replays/pass0p1/coin_replay_production_24769_-1.root,29733,29734,1,0,29734,1,0,0,OK
phase1,24770,PI-SIDIS,coin,/cache/hallc/c-rsidis/analysis/replays/pass0p1/coin_replay_production_24770_-1.root,116698,116699,1,0,116699,1,0,0,OK
phase1,24772,PI-SIDIS,coin,/cache/hallc/c-rsidis/analysis/replays/pass0p1/coin_replay_production_24772_-1.root,80559,80561,2,0,80561,2,0,0,OK
phase1,24773,PI-SIDIS,coin,/cache/hallc/c-rsidis/analysis/replays/pass0p1/coin_replay_production_24773_-1.root,34973,34974,1,0,34974,1,0,0,OK
phase1,24774,PI-SIDIS,coin,/cache/hallc/c-rsidis/analysis/replays/pass0p1/coin_replay_production_24774_-1.root,9855,9856,1,0,9856,1,0,0,OK
phase1,24775,PI-SIDIS,coin,/cache/hallc/c-rsidis/analysis/replays/pass0p1/coin_replay_production_24775_-1.root,29731,29732,1,0,29732,1,0,0,OK
phase1,24776,PI-SIDIS,coin,/cache/hallc/c-rsidis/analysis/replays/pass0p1/coin_replay_production_24776_-1.root,30854,30855,1,0,30855,1,0,0,OK
phase1,24777,PI-SIDIS,coin,/cache/hallc/c-rsidis/analysis/replays/pass0p1/coin_replay_production_24777_-1.root,29480,29481,1,0,29481,1,0,0,OK
phase1,24778,PI-SIDIS,coin,/cache/hallc/c-rsidis/analysis/replays/pass0p1/coin_replay_production_24778_-1.root,9279,9280,1,0,9280,1,0,0,OK
phase1,24779,PI+SIDIS,coin,/cache/hallc/c-rsidis/analysis/replays/pass0p1/coin_replay_production_24779_-1.root,146567,146568,1,0,146568,1,0,0,OK
phase1,24780,PI+SIDIS,coin,/cache/hallc/c-rsidis/analysis/replays/pass0p1/coin_replay_production_24780_-1.root,1010181,1010182,1,0,1010182,1,0,0,OK
phase1,24781,PI+SIDIS,coin,/cache/hallc/c-rsidis/analysis/replays/pass0p1/coin_replay_production_24781_-1.root,138224,138225,1,0,138225,1,0,0,OK
phase1,24782,PI+SIDIS,coin,/cache/hallc/c-rsidis/analysis/replays/pass0p1/coin_replay_production_24782_-1.root,145119,145120,1,0,145120,1,0,0,OK
phase1,24783,PI+SIDIS,coin,/cache/hallc/c-rsidis/analysis/replays/pass0p1/coin_replay_production_24783_-1.root,114771,114772,1,0,114772,1,0,0,OK
phase1,24784,PI+SIDIS,coin,/cache/hallc/c-rsidis/analysis/replays/pass0p1/coin_replay_production_24784_-1.root,138808,138809,1,0,138809,1,0,0,OK
phase1,24785,PI+SIDIS,coin,/cache/hallc/c-rsidis/analysis/replays/pass0p1/coin_replay_production_24785_-1.root,114751,114752,1,0,114752,1,0,0,OK
phase1,24786,PI+SIDIS,coin,/cache/hallc/c-rsidis/analysis/replays/pass0p1/coin_replay_production_24786_-1.root,101145,101146,1,0,101146,1,0,0,OK
phase1,24787,PI+SIDIS,coin,/cache/hallc/c-rsidis/analysis/replays/pass0p1/coin_replay_production_24787_-1.root,136062,136063,1,0,136063,1,0,0,OK
phase1,24788,PI+SIDIS,coin,/cache/hallc/c-rsidis/analysis/replays/pass0p1/coin_replay_production_24788_-1.root,108389,108390,1,0,108390,1,0,0,OK
phase1,24789,PI+SIDIS,coin,/cache/hallc/c-rsidis/analysis/replays/pass0p1/coin_replay_production_24789_-1.root,116522,116523,1,0,116523,1,0,0,OK
phase1,24790,PI+SIDIS,coin,/cache/hallc/c-rsidis/analysis/replays/pass0p1/coin_replay_production_24790_-1.root,69262,69263,1,0,69263,1,0,0,OK
phase1,24791,PI+SIDIS,coin,/cache/hallc/c-rsidis/analysis/replays/pass0p1/coin_replay_production_24791_-1.root,20325,20326,1,0,20326,1,0,0,OK
phase1,24792,HMSDIS,hms,/cache/hallc/c-rsidis/analysis/replays/pass0p1/hms_coin_replay_production_24792_-1.root,2689919,2689920,1,0,,,,0,OK
phase1,24793,SHMSDIS,shms,/cache/hallc/c-rsidis/analysis/replays/pass0p1/shms_coin_replay_production_24793_-1.root,2409707,,,,2409708,1,0,0,OK
phase1,24794,PI+SIDIS,coin,/cache/hallc/c-rsidis/analysis/replays/pass0p1/coin_replay_production_24794_-1.root,25893,25894,1,0,25894,1,0,0,OK
phase1,24795,PI+SIDIS,coin,/cache/hallc/c-rsidis/analysis/replays/pass0p1/coin_replay_production_24795_-1.root,40340,40341,1,0,40341,1,0,0,OK
phase1,24796,PI+SIDIS,coin,/cache/hallc/c-rsidis/analysis/replays/pass0p1/coin_replay_production_24796_-1.root,3527,3528,1,0,3528,1,0,0,OK
phase1,24797,PI+SIDIS,coin,/cache/hallc/c-rsidis/analysis/replays/pass0p1/coin_replay_production_24797_-1.root,48606,48607,1,0,48607,1,0,0,OK
phase1,24798,PI+SIDIS,coin,/cache/hallc/c-rsidis/analysis/replays/pass0p1/coin_replay_production_24798_-1.root,41146,41147,1,0,41147,1,0,0,OK
phase1,24800,HMSDIS,hms,/cache/hallc/c-rsidis/analysis/replays/pass0p1/hms_coin_replay_production_24800_-1.root,2786074,2786075,1,0,,,,0,OK
phase1,24802,SHMSDIS,shms,/cache/hallc/c-rsidis/analysis/replays/pass0p1/shms_coin_replay_production_24802_-1.root,2027549,,,,2027550,1,0,0,OK
phase1,24803,PI+SIDIS,coin,/cache/hallc/c-rsidis/analysis/replays/pass0p1/coin_replay_production_24803_-1.root,110016,110017,1,0,110017,1,0,0,OK
phase1,24804,PI+SIDIS,coin,/cache/hallc/c-rsidis/analysis/replays/pass0p1/coin_replay_production_24804_-1.root,127529,127530,1,0,127530,1,0,0,OK
phase1,24805,PI+SIDIS,coin,/cache/hallc/c-rsidis/analysis/replays/pass0p1/coin_replay_production_24805_-1.root,157409,157410,1,0,157410,1,0,0,OK
phase1,24806,PI+SIDIS,coin,/cache/hallc/c-rsidis/analysis/replays/pass0p1/coin_replay_production_24806_-1.root,131658,131659,1,0,131659,1,0,0,OK
phase1,24807,PI+SIDIS,coin,/cache/hallc/c-rsidis/analysis/replays/pass0p1/coin_replay_production_24807_-1.root,141082,141083,1,0,141083,1,0,0,OK
phase1,24808,PI+SIDIS,coin,/cache/hallc/c-rsidis/analysis/replays/pass0p1/coin_replay_production_24808_-1.root,147438,147439,1,0,147439,1,0,0,OK
phase1,24809,PI+SIDIS,coin,/cache/hallc/c-rsidis/analysis/replays/pass0p1/coin_replay_production_24809_-1.root,131623,131624,1,0,131624,1,0,0,OK
phase1,24810,PI+SIDIS,coin,/cache/hallc/c-rsidis/analysis/replays/pass0p1/coin_replay_production_24810_-1.root,126765,126766,1,0,126766,1,0,0,OK
phase1,24811,PI+SIDIS,coin,/cache/hallc/c-rsidis/analysis/replays/pass0p1/coin_replay_production_24811_-1.root,106499,106500,1,0,106500,1,0,0,OK
phase1,24812,PI+SIDIS,coin,/cache/hallc/c-rsidis/analysis/replays/pass0p1/coin_replay_production_24812_-1.root,79440,79441,1,0,79441,1,0,0,OK
phase1,24813,PI+SIDIS,coin,/cache/hallc/c-rsidis/analysis/replays/pass0p1/coin_replay_production_24813_-1.root,12540,12541,1,0,12541,1,0,0,OK
phase1,24814,PI+SIDIS,coin,/cache/hallc/c-rsidis/analysis/replays/pass0p1/coin_replay_production_24814_-1.root,50603,50604,1,0,50604,1,0,0,OK
phase1,24815,PI+SIDIS,coin,/cache/hallc/c-rsidis/analysis/replays/pass0p1/coin_replay_production_24815_-1.root,51669,51670,1,0,51670,1,0,0,OK
phase1,24816,PI+SIDIS,coin,/cache/hallc/c-rsidis/analysis/replays/pass0p1/coin_replay_production_24816_-1.root,50974,50975,1,0,50975,1,0,0,OK
phase1,24817,PI+SIDIS,coin,/cache/hallc/c-rsidis/analysis/replays/pass0p1/coin_replay_production_24817_-1.root,50620,50621,1,0,50621,1,0,0,OK
phase1,24818,PI+SIDIS,coin,/cache/hallc/c-rsidis/analysis/replays/pass0p1/coin_replay_production_24818_-1.root,801634,801635,1,0,801635,1,0,0,OK
phase1,24819,PI+SIDIS,coin,/cache/hallc/c-rsidis/analysis/replays/pass0p1/coin_replay_production_24819_-1.root,832664,832665,1,0,832665,1,0,0,OK
phase1,24820,PI+SIDIS,coin,/cache/hallc/c-rsidis/analysis/replays/pass0p1/coin_replay_production_24820_-1.root,833781,833782,1,0,833782,1,0,0,OK
phase1,24821,PI+SIDIS,coin,/cache/hallc/c-rsidis/analysis/replays/pass0p1/coin_replay_production_24821_-1.root,221008,221009,1,0,221009,1,0,0,OK
phase1,24822,PI+SIDIS,coin,/cache/hallc/c-rsidis/analysis/replays/pass0p1/coin_replay_production_24822_-1.root,222514,222515,1,0,222515,1,0,0,OK
phase1,24823,PI+SIDIS,coin,/cache/hallc/c-rsidis/analysis/replays/pass0p1/coin_replay_production_24823_-1.root,245578,245579,1,0,245579,1,0,0,OK
phase1,24824,PI+SIDIS,coin,/cache/hallc/c-rsidis/analysis/replays/pass0p1/coin_replay_production_24824_-1.root,206378,206379,1,0,206379,1,0,0,OK
phase1,24825,PI+SIDIS,coin,/cache/hallc/c-rsidis/analysis/replays/pass0p1/coin_replay_production_24825_-1.root,226869,226870,1,0,226870,1,0,0,OK
phase1,24826,PI+SIDIS,coin,/cache/hallc/c-rsidis/analysis/replays/pass0p1/coin_replay_production_24826_-1.root,231478,231479,1,0,231479,1,0,0,OK
phase1,24827,PI+SIDIS,coin,/cache/hallc/c-rsidis/analysis/replays/pass0p1/coin_replay_production_24827_-1.root,207910,207911,1,0,207911,1,0,0,OK
phase1,24828,PI+SIDIS,coin,/cache/hallc/c-rsidis/analysis/replays/pass0p1/coin_replay_production_24828_-1.root,208405,208406,1,0,208406,1,0,0,OK
phase1,24829,PI-SIDIS,coin,/cache/hallc/c-rsidis/analysis/replays/pass0p1/coin_replay_production_24829_-1.root,137208,137209,1,0,137209,1,0,0,OK
phase1,24830,PI-SIDIS,coin,/cache/hallc/c-rsidis/analysis/replays/pass0p1/coin_replay_production_24830_-1.root,111033,111034,1,0,111034,1,0,0,OK
phase1,24831,PI-SIDIS,coin,/cache/hallc/c-rsidis/analysis/replays/pass0p1/coin_replay_production_24831_-1.root,135580,135581,1,0,135581,1,0,0,OK
phase1,24832,PI-SIDIS,coin,/cache/hallc/c-rsidis/analysis/replays/pass0p1/coin_replay_production_24832_-1.root,114779,114780,1,0,114780,1,0,0,OK
phase1,24833,SHMSHEE,shms,/cache/hallc/c-rsidis/analysis/replays/pass0p1/shms_coin_replay_production_24833_-1.root,736541,,,,736542,1,0,0,OK
phase1,24834,SHMSHEE,shms,/cache/hallc/c-rsidis/analysis/replays/pass0p1/shms_coin_replay_production_24834_-1.root,2123243,,,,2123244,1,0,0,OK
phase1,24835,SHMSHEE,shms,/cache/hallc/c-rsidis/analysis/replays/pass0p1/shms_coin_replay_production_24835_-1.root,897143,,,,897144,1,0,0,OK
phase1,24836,SHMSHEE,shms,/cache/hallc/c-rsidis/analysis/replays/pass0p1/shms_coin_replay_production_24836_-1.root,1172095,,,,1172096,1,0,0,OK
phase1,24837,SHMSHEE,shms,/cache/hallc/c-rsidis/analysis/replays/pass0p1/shms_coin_replay_production_24837_-1.root,2242068,,,,2242069,1,0,0,OK
phase1,24838,SHMSHEE,shms,/cache/hallc/c-rsidis/analysis/replays/pass0p1/shms_coin_replay_production_24838_-1.root,2243389,,,,2243390,1,0,0,OK
phase1,24839,SHMSHEE,shms,/cache/hallc/c-rsidis/analysis/replays/pass0p1/shms_coin_replay_production_24839_-1.root,2236963,,,,2236964,1,0,0,OK
phase1,24840,SHMSHEE,shms,/cache/hallc/c-rsidis/analysis/replays/pass0p1/shms_coin_replay_production_24840_-1.root,2236643,,,,2236644,1,0,0,OK
phase1,24841,SHMSHEE,shms,/cache/hallc/c-rsidis/analysis/replays/pass0p1/shms_coin_replay_production_24841_-1.root,2235732,,,,2235733,1,0,0,OK
phase1,24842,SHMSHEE,shms,/cache/hallc/c-rsidis/analysis/replays/pass0p1/shms_coin_replay_production_24842_-1.root,2236290,,,,2236291,1,0,0,OK
phase1,24843,SHMSHEE,shms,/cache/hallc/c-rsidis/analysis/replays/pass0p1/shms_coin_replay_production_24843_-1.root,1213071,,,,1213072,1,0,0,OK
phase1,24844,SHMSHEE,shms,/cache/hallc/c-rsidis/analysis/replays/pass0p1/shms_coin_replay_production_24844_-1.root,2234602,,,,2234603,1,0,0,OK
phase1,24845,SHMSHEE,shms,/cache/hallc/c-rsidis/analysis/replays/pass0p1/shms_coin_replay_production_24845_-1.root,2237232,,,,2237233,1,0,0,OK
phase1,24846,SHMSHEE,shms,/cache/hallc/c-rsidis/analysis/replays/pass0p1/shms_coin_replay_production_24846_-1.root,2132799,,,,2132800,1,0,0,OK
phase1,24847,HMSDIS,hms,/cache/hallc/c-rsidis/analysis/replays/pass0p1/hms_coin_replay_production_24847_-1.root,1779336,1779337,1,0,,,,0,OK
phase1,24848,HMSDIS,hms,/cache/hallc/c-rsidis/analysis/replays/pass0p1/hms_coin_replay_production_24848_-1.root,2652597,2652598,1,0,,,,0,OK
phase1,24861,PI-SIDIS,coin,/cache/hallc/c-rsidis/analysis/replays/pass0p1/coin_replay_production_24861_-1.root,359476,359477,1,0,359477,1,0,0,OK
phase1,24862,PI-SIDIS,coin,/cache/hallc/c-rsidis/analysis/replays/pass0p1/coin_replay_production_24862_-1.root,338898,338899,1,0,338899,1,0,0,OK
phase1,24863,PI-SIDIS,coin,/cache/hallc/c-rsidis/analysis/replays/pass0p1/coin_replay_production_24863_-1.root,315944,315945,1,0,315945,1,0,0,OK
phase1,24864,PI-SIDIS,coin,/cache/hallc/c-rsidis/analysis/replays/pass0p1/coin_replay_production_24864_-1.root,463315,463316,1,0,463316,1,0,0,OK
phase1,24865,PI+SIDIS,coin,/cache/hallc/c-rsidis/analysis/replays/pass0p1/coin_replay_production_24865_-1.root,693726,693727,1,0,693727,1,0,0,OK
phase1,24866,PI+SIDIS,coin,/cache/hallc/c-rsidis/analysis/replays/pass0p1/coin_replay_production_24866_-1.root,614642,614643,1,0,614643,1,0,0,OK
phase1,24867,PI+SIDIS,coin,/cache/hallc/c-rsidis/analysis/replays/pass0p1/coin_replay_production_24867_-1.root,690017,690018,1,0,690018,1,0,0,OK
phase1,24868,PI+SIDIS,coin,/cache/hallc/c-rsidis/analysis/replays/pass0p1/coin_replay_production_24868_-1.root,324532,324533,1,0,324533,1,0,0,OK
phase1,24870,PI+SIDIS,coin,/cache/hallc/c-rsidis/analysis/replays/pass0p1/coin_replay_production_24870_-1.root,616079,616080,1,0,616080,1,0,0,OK
phase1,24871,PI+SIDIS,coin,/cache/hallc/c-rsidis/analysis/replays/pass0p1/coin_replay_production_24871_-1.root,559240,559241,1,0,559241,1,0,0,OK
phase1,24872,PI+SIDIS,coin,/cache/hallc/c-rsidis/analysis/replays/pass0p1/coin_replay_production_24872_-1.root,544739,544740,1,0,544740,1,0,0,OK
phase1,24873,PI+SIDIS,coin,/cache/hallc/c-rsidis/analysis/replays/pass0p1/coin_replay_production_24873_-1.root,571645,571646,1,0,571646,1,0,0,OK
phase1,24874,PI+SIDIS,coin,/cache/hallc/c-rsidis/analysis/replays/pass0p1/coin_replay_production_24874_-1.root,122532,122533,1,0,122533,1,0,0,OK
phase1,24877,PI+SIDIS,coin,/cache/hallc/c-rsidis/analysis/replays/pass0p1/coin_replay_production_24877_-1.root,263558,266452,2894,1,266452,2894,1,1,DISCREPANCY
phase1,24878,PI+SIDIS,coin,/cache/hallc/c-rsidis/analysis/replays/pass0p1/coin_replay_production_24878_-1.root,1773721,1784729,11008,1,1784729,11008,1,1,DISCREPANCY
phase1,24879,PI+SIDIS,coin,/cache/hallc/c-rsidis/analysis/replays/pass0p1/coin_replay_production_24879_-1.root,299994,302589,2595,1,302589,2595,1,1,DISCREPANCY
phase1,24880,PI+SIDIS,coin,/cache/hallc/c-rsidis/analysis/replays/pass0p1/coin_replay_production_24880_-1.root,1844453,1863760,19307,1,1863760,19307,1,1,DISCREPANCY
phase1,24881,PI+SIDIS,coin,/cache/hallc/c-rsidis/analysis/replays/pass0p1/coin_replay_production_24881_-1.root,1843658,1863900,20242,1,1863900,20242,1,1,DISCREPANCY
phase1,24882,PI+SIDIS,coin,/cache/hallc/c-rsidis/analysis/replays/pass0p1/coin_replay_production_24882_-1.root,791647,809281,17634,1,809281,17634,1,1,DISCREPANCY
phase1,24883,PI+SIDIS,coin,/cache/hallc/c-rsidis/analysis/replays/pass0p1/coin_replay_production_24883_-1.root,203734,221981,18247,1,221981,18247,1,1,DISCREPANCY
phase1,24884,HMSDIS,hms,/cache/hallc/c-rsidis/analysis/replays/pass0p1/hms_coin_replay_production_24884_-1.root,2098725,2098726,1,0,,,,0,OK
phase1,24885,SHMSDIS,shms,/cache/hallc/c-rsidis/analysis/replays/pass0p1/shms_coin_replay_production_24885_-1.root,1969191,,,,1969192,1,0,0,OK
phase1,24886,PI+SIDIS,coin,/cache/hallc/c-rsidis/analysis/replays/pass0p1/coin_replay_production_24886_-1.root,666622,685467,18845,1,685467,18845,1,1,DISCREPANCY
phase1,24887,PI+SIDIS,coin,/cache/hallc/c-rsidis/analysis/replays/pass0p1/coin_replay_production_24887_-1.root,525255,543118,17863,1,543118,17863,1,1,DISCREPANCY
phase1,24888,PI+SIDIS,coin,/cache/hallc/c-rsidis/analysis/replays/pass0p1/coin_replay_production_24888_-1.root,1819213,1836451,17238,1,1836451,17238,1,1,DISCREPANCY
phase1,24889,PI+SIDIS,coin,/cache/hallc/c-rsidis/analysis/replays/pass0p1/coin_replay_production_24889_-1.root,392522,410827,18305,1,410827,18305,1,1,DISCREPANCY
phase1,24890,PI+SIDIS,coin,/cache/hallc/c-rsidis/analysis/replays/pass0p1/coin_replay_production_24890_-1.root,124879,144452,19573,1,144452,19573,1,1,DISCREPANCY
phase1,24891,HMSDIS,hms,/cache/hallc/c-rsidis/analysis/replays/pass0p1/hms_coin_replay_production_24891_-1.root,2179394,2179395,1,0,,,,0,OK
phase1,24892,SHMSDIS,shms,/cache/hallc/c-rsidis/analysis/replays/pass0p1/shms_coin_replay_production_24892_-1.root,1267740,,,,1267741,1,0,0,OK
phase1,24893,PI+SIDIS,coin,/cache/hallc/c-rsidis/analysis/replays/pass0p1/coin_replay_production_24893_-1.root,205807,224378,18571,1,224378,18571,1,1,DISCREPANCY
phase1,24894,PI+SIDIS,coin,/cache/hallc/c-rsidis/analysis/replays/pass0p1/coin_replay_production_24894_-1.root,239145,256850,17705,1,256850,17705,1,1,DISCREPANCY
phase1,24895,HMSDIS,hms,/cache/hallc/c-rsidis/analysis/replays/pass0p1/hms_coin_replay_production_24895_-1.root,2255311,2255312,1,0,,,,0,OK
phase1,24896,SHMSDIS,shms,/cache/hallc/c-rsidis/analysis/replays/pass0p1/shms_coin_replay_production_24896_-1.root,2231687,,,,2231688,1,0,0,OK
phase1,24897,PI+SIDIS,coin,/cache/hallc/c-rsidis/analysis/replays/pass0p1/coin_replay_production_24897_-1.root,616218,634531,18313,1,634531,18313,1,1,DISCREPANCY
phase1,24898,PI+SIDIS,coin,/cache/hallc/c-rsidis/analysis/replays/pass0p1/coin_replay_production_24898_-1.root,1571672,1600397,28725,1,1600397,28725,1,1,DISCREPANCY
phase1,24899,PI+SIDIS,coin,/cache/hallc/c-rsidis/analysis/replays/pass0p1/coin_replay_production_24899_-1.root,240708,259215,18507,1,259215,18507,1,1,DISCREPANCY
phase1,24900,HMSDIS,hms,/cache/hallc/c-rsidis/analysis/replays/pass0p1/hms_coin_replay_production_24900_-1.root,1837330,1837331,1,0,,,,0,OK
phase1,24901,SHMSDIS,shms,/cache/hallc/c-rsidis/analysis/replays/pass0p1/shms_coin_replay_production_24901_-1.root,2063123,,,,2063124,1,0,0,OK
phase1,24902,PI+SIDIS,coin,/cache/hallc/c-rsidis/analysis/replays/pass0p1/coin_replay_production_24902_-1.root,405520,421703,16183,1,421703,16183,1,1,DISCREPANCY
phase1,24903,PI+SIDIS,coin,/cache/hallc/c-rsidis/analysis/replays/pass0p1/coin_replay_production_24903_-1.root,1305431,1330847,25416,1,1330847,25416,1,1,DISCREPANCY
phase1,24905,HMSDIS,hms,/cache/hallc/c-rsidis/analysis/replays/pass0p1/hms_coin_replay_production_24905_-1.root,2207227,2207228,1,0,,,,0,OK
phase1,24906,HMSDIS,hms,/cache/hallc/c-rsidis/analysis/replays/pass0p1/hms_coin_replay_production_24906_-1.root,704187,704188,1,0,,,,0,OK
phase1,24907,PI+SIDIS,coin,/cache/hallc/c-rsidis/analysis/replays/pass0p1/coin_replay_production_24907_-1.root,1021824,1050789,28965,1,1050789,28965,1,1,DISCREPANCY
phase1,24908,PI+SIDIS,coin,/cache/hallc/c-rsidis/analysis/replays/pass0p1/coin_replay_production_24908_-1.root,1178734,1197582,18848,1,1197582,18848,1,1,DISCREPANCY
phase1,24909,PI+SIDIS,coin,/cache/hallc/c-rsidis/analysis/replays/pass0p1/coin_replay_production_24909_-1.root,337707,359257,21550,1,359257,21550,1,1,DISCREPANCY
phase1,24910,PI+SIDIS,coin,/cache/hallc/c-rsidis/analysis/replays/pass0p1/coin_replay_production_24910_-1.root,320027,340056,20029,1,340056,20029,1,1,DISCREPANCY
phase1,24911,HMSDIS,hms,/cache/hallc/c-rsidis/analysis/replays/pass0p1/hms_coin_replay_production_24911_-1.root,2270154,2270155,1,0,,,,0,OK
phase1,24912,SHMSDIS,shms,/cache/hallc/c-rsidis/analysis/replays/pass0p1/shms_coin_replay_production_24912_-1.root,2221112,,,,2221113,1,0,0,OK
phase1,24913,PI+SIDIS,coin,/cache/hallc/c-rsidis/analysis/replays/pass0p1/coin_replay_production_24913_-1.root,1116631,1136988,20357,1,1136988,20357,1,1,DISCREPANCY
phase1,24914,PI+SIDIS,coin,/cache/hallc/c-rsidis/analysis/replays/pass0p1/coin_replay_production_24914_-1.root,442961,455797,12836,1,455797,12836,1,1,DISCREPANCY
phase1,24915,PI+SIDIS,coin,/cache/hallc/c-rsidis/analysis/replays/pass0p1/coin_replay_production_24915_-1.root,696331,711555,15224,1,711555,15224,1,1,DISCREPANCY
phase1,24916,PI+SIDIS,coin,/cache/hallc/c-rsidis/analysis/replays/pass0p1/coin_replay_production_24916_-1.root,1889508,1903085,13577,1,1903085,13577,1,1,DISCREPANCY
phase1,24917,PI+SIDIS,coin,/cache/hallc/c-rsidis/analysis/replays/pass0p1/coin_replay_production_24917_-1.root,63103,70442,7339,1,70442,7339,1,1,DISCREPANCY
phase1,24920,PI+SIDIS,coin,/cache/hallc/c-rsidis/analysis/replays/pass0p1/coin_replay_production_24920_-1.root,543229,563525,20296,1,563525,20296,1,1,DISCREPANCY
phase1,24921,PI+SIDIS,coin,/cache/hallc/c-rsidis/analysis/replays/pass0p1/coin_replay_production_24921_-1.root,157849,177057,19208,1,177057,19208,1,1,DISCREPANCY
phase1,24922,HMSDIS,hms,/cache/hallc/c-rsidis/analysis/replays/pass0p1/hms_coin_replay_production_24922_-1.root,2080153,2080154,1,0,,,,0,OK
phase1,24923,SHMSDIS,shms,/cache/hallc/c-rsidis/analysis/replays/pass0p1/shms_coin_replay_production_24923_-1.root,1969567,,,,1969568,1,0,0,OK
phase1,24924,PI+SIDIS,coin,/cache/hallc/c-rsidis/analysis/replays/pass0p1/coin_replay_production_24924_-1.root,642039,664881,22842,1,664881,22842,1,1,DISCREPANCY
phase1,24925,HMSDIS,hms,/cache/hallc/c-rsidis/analysis/replays/pass0p1/hms_coin_replay_production_24925_-1.root,1932866,1932867,1,0,,,,0,OK
phase1,24926,SHMSDIS,shms,/cache/hallc/c-rsidis/analysis/replays/pass0p1/shms_coin_replay_production_24926_-1.root,1561409,,,,1561410,1,0,0,OK
phase1,24927,PI+SIDIS,coin,/cache/hallc/c-rsidis/analysis/replays/pass0p1/coin_replay_production_24927_-1.root,478792,491186,12394,1,491186,12394,1,1,DISCREPANCY
phase1,24928,PI+SIDIS,coin,/cache/hallc/c-rsidis/analysis/replays/pass0p1/coin_replay_production_24928_-1.root,1360133,1379714,19581,1,1379714,19581,1,1,DISCREPANCY
phase1,24929,PI+SIDIS,coin,/cache/hallc/c-rsidis/analysis/replays/pass0p1/coin_replay_production_24929_-1.root,860299,872477,12178,1,872477,12178,1,1,DISCREPANCY
phase1,24930,PI+SIDIS,coin,/cache/hallc/c-rsidis/analysis/replays/pass0p1/coin_replay_production_24930_-1.root,356213,373487,17274,1,373487,17274,1,1,DISCREPANCY
phase1,24931,HMSDIS,hms,/cache/hallc/c-rsidis/analysis/replays/pass0p1/hms_coin_replay_production_24931_-1.root,2106827,2106828,1,0,,,,0,OK
phase1,24932,SHMSDIS,shms,/cache/hallc/c-rsidis/analysis/replays/pass0p1/shms_coin_replay_production_24932_-1.root,1990046,,,,1990047,1,0,0,OK
phase1,24933,PI+SIDIS,coin,/cache/hallc/c-rsidis/analysis/replays/pass0p1/coin_replay_production_24933_-1.root,1210808,1230990,20182,1,1230990,20182,1,1,DISCREPANCY
phase1,24934,PI+SIDIS,coin,/cache/hallc/c-rsidis/analysis/replays/pass0p1/coin_replay_production_24934_-1.root,1090564,1110414,19850,1,1110414,19850,1,1,DISCREPANCY
phase1,24935,PI+SIDIS,coin,/cache/hallc/c-rsidis/analysis/replays/pass0p1/coin_replay_production_24935_-1.root,1075591,1094650,19059,1,1094650,19059,1,1,DISCREPANCY
phase1,24936,HMSDIS,hms,/cache/hallc/c-rsidis/analysis/replays/pass0p1/hms_coin_replay_production_24936_-1.root,2063995,2063996,1,0,,,,0,OK
phase1,24937,SHMSDIS,shms,/cache/hallc/c-rsidis/analysis/replays/pass0p1/shms_coin_replay_production_24937_-1.root,1959169,,,,1959170,1,0,0,OK
phase1,24938,PI+SIDIS,coin,/cache/hallc/c-rsidis/analysis/replays/pass0p1/coin_replay_production_24938_-1.root,1175958,1194201,18243,1,1194201,18243,1,1,DISCREPANCY
phase1,24939,PI+SIDIS,coin,/cache/hallc/c-rsidis/analysis/replays/pass0p1/coin_replay_production_24939_-1.root,511351,520128,8777,1,520128,8777,1,1,DISCREPANCY
phase1,24943,PI+SIDIS,coin,/cache/hallc/c-rsidis/analysis/replays/pass0p1/coin_replay_production_24943_-1.root,1309679,1331765,22086,1,1331765,22086,1,1,DISCREPANCY
phase1,24944,PI+SIDIS,coin,/cache/hallc/c-rsidis/analysis/replays/pass0p1/coin_replay_production_24944_-1.root,1219598,1241277,21679,1,1241277,21679,1,1,DISCREPANCY
phase1,24945,PI+SIDIS,coin,/cache/hallc/c-rsidis/analysis/replays/pass0p1/coin_replay_production_24945_-1.root,851644,865778,14134,1,865778,14134,1,1,DISCREPANCY
phase1,24946,PI+SIDIS,coin,/cache/hallc/c-rsidis/analysis/replays/pass0p1/coin_replay_production_24946_-1.root,340893,359690,18797,1,359690,18797,1,1,DISCREPANCY
phase1,24947,PI+SIDIS,coin,/cache/hallc/c-rsidis/analysis/replays/pass0p1/coin_replay_production_24947_-1.root,327915,346863,18948,1,346863,18948,1,1,DISCREPANCY
phase1,24948,PI+SIDIS,coin,/cache/hallc/c-rsidis/analysis/replays/pass0p1/coin_replay_production_24948_-1.root,1245147,1270232,25085,1,1270232,25085,1,1,DISCREPANCY
phase1,24949,PI+SIDIS,coin,/cache/hallc/c-rsidis/analysis/replays/pass0p1/coin_replay_production_24949_-1.root,1130040,1148853,18813,1,1148853,18813,1,1,DISCREPANCY
phase1,24950,PI+SIDIS,coin,/cache/hallc/c-rsidis/analysis/replays/pass0p1/coin_replay_production_24950_-1.root,535900,554782,18882,1,554782,18882,1,1,DISCREPANCY
phase1,24951,PI+SIDIS,coin,/cache/hallc/c-rsidis/analysis/replays/pass0p1/coin_replay_production_24951_-1.root,182686,207672,24986,1,207672,24986,1,1,DISCREPANCY
phase1,24952,PI+SIDIS,coin,/cache/hallc/c-rsidis/analysis/replays/pass0p1/coin_replay_production_24952_-1.root,786713,816863,30150,1,816863,30150,1,1,DISCREPANCY
phase1,24953,PI+SIDIS,coin,/cache/hallc/c-rsidis/analysis/replays/pass0p1/coin_replay_production_24953_-1.root,1378383,1396304,17921,1,1396304,17921,1,1,DISCREPANCY
phase1,24954,PI+SIDIS,coin,/cache/hallc/c-rsidis/analysis/replays/pass0p1/coin_replay_production_24954_-1.root,1298321,1317536,19215,1,1317536,19215,1,1,DISCREPANCY
phase1,24955,PI+SIDIS,coin,/cache/hallc/c-rsidis/analysis/replays/pass0p1/coin_replay_production_24955_-1.root,347824,367327,19503,1,367327,19503,1,1,DISCREPANCY
phase1,24956,PI+SIDIS,coin,/cache/hallc/c-rsidis/analysis/replays/pass0p1/coin_replay_production_24956_-1.root,689499,708852,19353,1,708852,19353,1,1,DISCREPANCY
phase1,24957,PI+SIDIS,coin,/cache/hallc/c-rsidis/analysis/replays/pass0p1/coin_replay_production_24957_-1.root,611229,620818,9589,1,620818,9589,1,1,DISCREPANCY
phase1,24958,PI+SIDIS,coin,/cache/hallc/c-rsidis/analysis/replays/pass0p1/coin_replay_production_24958_-1.root,1151374,1168887,17513,1,1168887,17513,1,1,DISCREPANCY
phase1,24959,PI+SIDIS,coin,/cache/hallc/c-rsidis/analysis/replays/pass0p1/coin_replay_production_24959_-1.root,1190304,1209517,19213,1,1209517,19213,1,1,DISCREPANCY
phase1,24960,PI+SIDIS,coin,/cache/hallc/c-rsidis/analysis/replays/pass0p1/coin_replay_production_24960_-1.root,79079,94580,15501,1,94580,15501,1,1,DISCREPANCY
phase1,24961,PI+SIDIS,coin,/cache/hallc/c-rsidis/analysis/replays/pass0p1/coin_replay_production_24961_-1.root,456476,475835,19359,1,475835,19359,1,1,DISCREPANCY
phase1,24962,PI+SIDIS,coin,/cache/hallc/c-rsidis/analysis/replays/pass0p1/coin_replay_production_24962_-1.root,420794,439070,18276,1,439070,18276,1,1,DISCREPANCY
phase1,24964,PI+SIDIS,coin,/cache/hallc/c-rsidis/analysis/replays/pass0p1/coin_replay_production_24964_-1.root,449374,469687,20313,1,469687,20313,1,1,DISCREPANCY
phase1,24965,PI+SIDIS,coin,/cache/hallc/c-rsidis/analysis/replays/pass0p1/coin_replay_production_24965_-1.root,160999,186668,25669,1,186668,25669,1,1,DISCREPANCY
phase1,24966,PI+SIDIS,coin,/cache/hallc/c-rsidis/analysis/replays/pass0p1/coin_replay_production_24966_-1.root,130688,151092,20404,1,151092,20404,1,1,DISCREPANCY
phase1,24967,HMSDIS,hms,/cache/hallc/c-rsidis/analysis/replays/pass0p1/hms_coin_replay_production_24967_-1.root,2158811,2158812,1,0,,,,0,OK
phase1,24968,SHMSDIS,shms,/cache/hallc/c-rsidis/analysis/replays/pass0p1/shms_coin_replay_production_24968_-1.root,1718585,,,,1718586,1,0,0,OK
phase1,24969,PI+SIDIS,coin,/cache/hallc/c-rsidis/analysis/replays/pass0p1/coin_replay_production_24969_-1.root,482028,499543,17515,1,499543,17515,1,1,DISCREPANCY
phase1,24970,PI+SIDIS,coin,/cache/hallc/c-rsidis/analysis/replays/pass0p1/coin_replay_production_24970_-1.root,535822,555093,19271,1,555093,19271,1,1,DISCREPANCY
phase1,24971,PI+SIDIS,coin,/cache/hallc/c-rsidis/analysis/replays/pass0p1/coin_replay_production_24971_-1.root,523468,542370,18902,1,542370,18902,1,1,DISCREPANCY
phase1,24972,PI+SIDIS,coin,/cache/hallc/c-rsidis/analysis/replays/pass0p1/coin_replay_production_24972_-1.root,1507626,1525380,17754,1,1525380,17754,1,1,DISCREPANCY
phase1,24974,PI+SIDIS,coin,/cache/hallc/c-rsidis/analysis/replays/pass0p1/coin_replay_production_24974_-1.root,156837,176979,20142,1,176979,20142,1,1,DISCREPANCY
phase1,24975,PI+SIDIS,coin,/cache/hallc/c-rsidis/analysis/replays/pass0p1/coin_replay_production_24975_-1.root,154350,177323,22973,1,177323,22973,1,1,DISCREPANCY
phase1,24978,HMSDIS,hms,/cache/hallc/c-rsidis/analysis/replays/pass0p1/hms_coin_replay_production_24978_-1.root,2002293,2002294,1,0,,,,0,OK
phase1,24980,SHMSDIS,shms,/cache/hallc/c-rsidis/analysis/replays/pass0p1/shms_coin_replay_production_24980_-1.root,1745056,,,,1745057,1,0,0,OK
phase1,24981,PI+SIDIS,coin,/cache/hallc/c-rsidis/analysis/replays/pass0p1/coin_replay_production_24981_-1.root,378633,397714,19081,1,397714,19081,1,1,DISCREPANCY
phase1,24982,PI+SIDIS,coin,/cache/hallc/c-rsidis/analysis/replays/pass0p1/coin_replay_production_24982_-1.root,386126,404716,18590,1,404716,18590,1,1,DISCREPANCY
phase1,24983,HMSDIS,hms,/cache/hallc/c-rsidis/analysis/replays/pass0p1/hms_coin_replay_production_24983_-1.root,2286300,2286301,1,0,,,,0,OK
phase1,24984,SHMSDIS,shms,/cache/hallc/c-rsidis/analysis/replays/pass0p1/shms_coin_replay_production_24984_-1.root,2150215,,,,2150216,1,0,0,OK
phase1,24985,PI+SIDIS,coin,/cache/hallc/c-rsidis/analysis/replays/pass0p1/coin_replay_production_24985_-1.root,615952,636155,20203,1,636155,20203,1,1,DISCREPANCY
phase1,24986,PI+SIDIS,coin,/cache/hallc/c-rsidis/analysis/replays/pass0p1/coin_replay_production_24986_-1.root,601583,621842,20259,1,621842,20259,1,1,DISCREPANCY
phase1,24987,PI+SIDIS,coin,/cache/hallc/c-rsidis/analysis/replays/pass0p1/coin_replay_production_24987_-1.root,555265,572465,17200,1,572465,17200,1,1,DISCREPANCY
phase1,24988,PI+SIDIS,coin,/cache/hallc/c-rsidis/analysis/replays/pass0p1/coin_replay_production_24988_-1.root,147759,165090,17331,1,165090,17331,1,1,DISCREPANCY
phase1,24989,HMSDIS,hms,/cache/hallc/c-rsidis/analysis/replays/pass0p1/hms_coin_replay_production_24989_-1.root,2110253,2110254,1,0,,,,0,OK
phase1,24990,SHMSDIS,shms,/cache/hallc/c-rsidis/analysis/replays/pass0p1/shms_coin_replay_production_24990_-1.root,2039456,,,,2039457,1,0,0,OK
phase1,24991,PI+SIDIS,coin,/cache/hallc/c-rsidis/analysis/replays/pass0p1/coin_replay_production_24991_-1.root,547684,566325,18641,1,566325,18641,1,1,DISCREPANCY
phase1,24992,PI+SIDIS,coin,/cache/hallc/c-rsidis/analysis/replays/pass0p1/coin_replay_production_24992_-1.root,524544,544550,20006,1,544550,20006,1,1,DISCREPANCY
phase1,24994,PI+SIDIS,coin,/cache/hallc/c-rsidis/analysis/replays/pass0p1/coin_replay_production_24994_-1.root,571111,592100,20989,1,592100,20989,1,1,DISCREPANCY
phase1,24995,PI+SIDIS,coin,/cache/hallc/c-rsidis/analysis/replays/pass0p1/coin_replay_production_24995_-1.root,524204,542678,18474,1,542678,18474,1,1,DISCREPANCY
phase1,24996,HMSDIS,hms,/cache/hallc/c-rsidis/analysis/replays/pass0p1/hms_coin_replay_production_24996_-1.root,2202888,2202889,1,0,,,,0,OK
phase1,24997,SHMSDIS,shms,/cache/hallc/c-rsidis/analysis/replays/pass0p1/shms_coin_replay_production_24997_-1.root,2076342,,,,2076343,1,0,0,OK
phase1,24998,PI+SIDIS,coin,/cache/hallc/c-rsidis/analysis/replays/pass0p1/coin_replay_production_24998_-1.root,478770,499231,20461,1,499231,20461,1,1,DISCREPANCY
phase1,24999,PI+SIDIS,coin,/cache/hallc/c-rsidis/analysis/replays/pass0p1/coin_replay_production_24999_-1.root,474675,496261,21586,1,496261,21586,1,1,DISCREPANCY
phase1,25000,PI+SIDIS,coin,/cache/hallc/c-rsidis/analysis/replays/pass0p1/coin_replay_production_25000_-1.root,137331,157622,20291,1,157622,20291,1,1,DISCREPANCY
phase1,25001,PI+SIDIS,coin,/cache/hallc/c-rsidis/analysis/replays/pass0p1/coin_replay_production_25001_-1.root,125729,145021,19292,1,145021,19292,1,1,DISCREPANCY
phase1,25002,PI+SIDIS,coin,/cache/hallc/c-rsidis/analysis/replays/pass0p1/coin_replay_production_25002_-1.root,153573,173607,20034,1,173607,20034,1,1,DISCREPANCY
phase1,25003,PI+SIDIS,coin,/cache/hallc/c-rsidis/analysis/replays/pass0p1/coin_replay_production_25003_-1.root,142855,160732,17877,1,160732,17877,1,1,DISCREPANCY
phase1,25004,PI+SIDIS,coin,/cache/hallc/c-rsidis/analysis/replays/pass0p1/coin_replay_production_25004_-1.root,398253,417845,19592,1,417845,19592,1,1,DISCREPANCY
phase1,25005,PI+SIDIS,coin,/cache/hallc/c-rsidis/analysis/replays/pass0p1/coin_replay_production_25005_-1.root,358625,375783,17158,1,375783,17158,1,1,DISCREPANCY
phase1,25006,PI+SIDIS,coin,/cache/hallc/c-rsidis/analysis/replays/pass0p1/coin_replay_production_25006_-1.root,528161,548150,19989,1,548150,19989,1,1,DISCREPANCY
phase1,25007,PI+SIDIS,coin,/cache/hallc/c-rsidis/analysis/replays/pass0p1/coin_replay_production_25007_-1.root,450514,468674,18160,1,468674,18160,1,1,DISCREPANCY
phase1,25008,PI+SIDIS,coin,/cache/hallc/c-rsidis/analysis/replays/pass0p1/coin_replay_production_25008_-1.root,59269,62373,3104,1,62373,3104,1,1,DISCREPANCY
phase1,25010,PI-SIDIS,coin,/cache/hallc/c-rsidis/analysis/replays/pass0p1/coin_replay_production_25010_-1.root,1507544,1525752,18208,1,1525752,18208,1,1,DISCREPANCY
phase1,25011,PI-SIDIS,coin,/cache/hallc/c-rsidis/analysis/replays/pass0p1/coin_replay_production_25011_-1.root,1558066,1575796,17730,1,1575796,17730,1,1,DISCREPANCY
phase1,25012,PI-SIDIS,coin,/cache/hallc/c-rsidis/analysis/replays/pass0p1/coin_replay_production_25012_-1.root,418669,437840,19171,1,437840,19171,1,1,DISCREPANCY
phase1,25016,PI-SIDIS,coin,/cache/hallc/c-rsidis/analysis/replays/pass0p1/coin_replay_production_25016_-1.root,678598,694651,16053,1,694651,16053,1,1,DISCREPANCY
phase1,25017,PI-SIDIS,coin,/cache/hallc/c-rsidis/analysis/replays/pass0p1/coin_replay_production_25017_-1.root,1430020,1454693,24673,1,1454693,24673,1,1,DISCREPANCY
phase1,25018,PI-SIDIS,coin,/cache/hallc/c-rsidis/analysis/replays/pass0p1/coin_replay_production_25018_-1.root,1726487,1735413,8926,1,1735413,8926,1,1,DISCREPANCY
phase1,25019,PI-SIDIS,coin,/cache/hallc/c-rsidis/analysis/replays/pass0p1/coin_replay_production_25019_-1.root,551935,570898,18963,1,570898,18963,1,1,DISCREPANCY
phase1,25020,PI-SIDIS,coin,/cache/hallc/c-rsidis/analysis/replays/pass0p1/coin_replay_production_25020_-1.root,165791,185059,19268,1,185059,19268,1,1,DISCREPANCY
phase1,25021,HMSDIS,hms,/cache/hallc/c-rsidis/analysis/replays/pass0p1/hms_coin_replay_production_25021_-1.root,1934963,1934964,1,0,,,,0,OK
phase1,25022,SHMSDIS,shms,/cache/hallc/c-rsidis/analysis/replays/pass0p1/shms_coin_replay_production_25022_-1.root,1794473,,,,1794474,1,0,0,OK
phase1,25023,HMSDIS,hms,/cache/hallc/c-rsidis/analysis/replays/pass0p1/hms_coin_replay_production_25023_-1.root,2068579,2068580,1,0,,,,0,OK
phase1,25024,SHMSDIS,shms,/cache/hallc/c-rsidis/analysis/replays/pass0p1/shms_coin_replay_production_25024_-1.root,2015396,,,,2015397,1,0,0,OK
phase1,25026,PI-SIDIS,coin,/cache/hallc/c-rsidis/analysis/replays/pass0p1/coin_replay_production_25026_-1.root,525321,544432,19111,1,544432,19111,1,1,DISCREPANCY
phase1,25027,PI-SIDIS,coin,/cache/hallc/c-rsidis/analysis/replays/pass0p1/coin_replay_production_25027_-1.root,492608,512212,19604,1,512212,19604,1,1,DISCREPANCY
phase1,25028,HMSDIS,hms,/cache/hallc/c-rsidis/analysis/replays/pass0p1/hms_coin_replay_production_25028_-1.root,2150170,2150171,1,0,,,,0,OK
phase1,25029,SHMSDIS,shms,/cache/hallc/c-rsidis/analysis/replays/pass0p1/shms_coin_replay_production_25029_-1.root,1941124,,,,1941125,1,0,0,OK
phase1,25030,PI-SIDIS,coin,/cache/hallc/c-rsidis/analysis/replays/pass0p1/coin_replay_production_25030_-1.root,1491292,1511762,20470,1,1511762,20470,1,1,DISCREPANCY
phase1,25031,PI-SIDIS,coin,/cache/hallc/c-rsidis/analysis/replays/pass0p1/coin_replay_production_25031_-1.root,844229,857497,13268,1,857497,13268,1,1,DISCREPANCY
phase1,25034,PI-SIDIS,coin,/cache/hallc/c-rsidis/analysis/replays/pass0p1/coin_replay_production_25034_-1.root,735758,744625,8867,1,744625,8867,1,1,DISCREPANCY
phase1,25035,PI-SIDIS,coin,/cache/hallc/c-rsidis/analysis/replays/pass0p1/coin_replay_production_25035_-1.root,336794,357511,20717,1,357511,20717,1,1,DISCREPANCY
phase1,25036,HMSDIS,hms,/cache/hallc/c-rsidis/analysis/replays/pass0p1/hms_coin_replay_production_25036_-1.root,1966721,1966722,1,0,,,,0,OK
phase1,25037,SHMSDIS,shms,/cache/hallc/c-rsidis/analysis/replays/pass0p1/shms_coin_replay_production_25037_-1.root,1239046,,,,1239047,1,0,0,OK
phase1,25038,PI-SIDIS,coin,/cache/hallc/c-rsidis/analysis/replays/pass0p1/coin_replay_production_25038_-1.root,1067615,1085303,17688,1,1085303,17688,1,1,DISCREPANCY
phase1,25041,PI-SIDIS,coin,/cache/hallc/c-rsidis/analysis/replays/pass0p1/coin_replay_production_25041_-1.root,1100033,1119349,19316,1,1119349,19316,1,1,DISCREPANCY
phase1,25042,HMSDIS,hms,/cache/hallc/c-rsidis/analysis/replays/pass0p1/hms_coin_replay_production_25042_-1.root,1850524,1850525,1,0,,,,0,OK
phase1,25043,SHMSDIS,shms,/cache/hallc/c-rsidis/analysis/replays/pass0p1/shms_coin_replay_production_25043_-1.root,1809015,,,,1809016,1,0,0,OK
phase1,25044,PI-SIDIS,coin,/cache/hallc/c-rsidis/analysis/replays/pass0p1/coin_replay_production_25044_-1.root,1057364,1074769,17405,1,1074769,17405,1,1,DISCREPANCY
phase1,25045,PI-SIDIS,coin,/cache/hallc/c-rsidis/analysis/replays/pass0p1/coin_replay_production_25045_-1.root,1118420,1138549,20129,1,1138549,20129,1,1,DISCREPANCY
phase1,25046,PI-SIDIS,coin,/cache/hallc/c-rsidis/analysis/replays/pass0p1/coin_replay_production_25046_-1.root,309730,328797,19067,1,328797,19067,1,1,DISCREPANCY
phase1,25047,HMSDIS,hms,/cache/hallc/c-rsidis/analysis/replays/pass0p1/hms_coin_replay_production_25047_-1.root,2147806,2147807,1,0,,,,0,OK
phase1,25048,SHMSDIS,shms,/cache/hallc/c-rsidis/analysis/replays/pass0p1/shms_coin_replay_production_25048_-1.root,2082775,,,,2082776,1,0,0,OK
phase1,25049,PI-SIDIS,coin,/cache/hallc/c-rsidis/analysis/replays/pass0p1/coin_replay_production_25049_-1.root,944296,963414,19118,1,963414,19118,1,1,DISCREPANCY
phase1,25050,PI-SIDIS,coin,/cache/hallc/c-rsidis/analysis/replays/pass0p1/coin_replay_production_25050_-1.root,1045507,1064461,18954,1,1064461,18954,1,1,DISCREPANCY
phase1,25051,PI-SIDIS,coin,/cache/hallc/c-rsidis/analysis/replays/pass0p1/coin_replay_production_25051_-1.root,1784106,1795692,11586,1,1795692,11586,1,1,DISCREPANCY
phase1,25052,PI-SIDIS,coin,/cache/hallc/c-rsidis/analysis/replays/pass0p1/coin_replay_production_25052_-1.root,431171,450003,18832,1,450003,18832,1,1,DISCREPANCY
phase1,25053,PI-SIDIS,coin,/cache/hallc/c-rsidis/analysis/replays/pass0p1/coin_replay_production_25053_-1.root,123902,142488,18586,1,142488,18586,1,1,DISCREPANCY
phase1,25054,HMSDIS,hms,/cache/hallc/c-rsidis/analysis/replays/pass0p1/hms_coin_replay_production_25054_-1.root,1992026,1992027,1,0,,,,0,OK
phase1,25055,SHMSDIS,shms,/cache/hallc/c-rsidis/analysis/replays/pass0p1/shms_coin_replay_production_25055_-1.root,1855219,,,,1855220,1,0,0,OK
phase1,25056,PI-SIDIS,coin,/cache/hallc/c-rsidis/analysis/replays/pass0p1/coin_replay_production_25056_-1.root,730335,756228,25893,1,756228,25893,1,1,DISCREPANCY
phase1,25057,HMSDIS,hms,/cache/hallc/c-rsidis/analysis/replays/pass0p1/hms_coin_replay_production_25057_-1.root,2077715,2077716,1,0,,,,0,OK
phase1,25058,SHMSDIS,shms,/cache/hallc/c-rsidis/analysis/replays/pass0p1/shms_coin_replay_production_25058_-1.root,1912637,,,,1912638,1,0,0,OK
phase1,25059,PI-SIDIS,coin,/cache/hallc/c-rsidis/analysis/replays/pass0p1/coin_replay_production_25059_-1.root,1063946,1081439,17493,1,1081439,17493,1,1,DISCREPANCY
phase1,25060,PI-SIDIS,coin,/cache/hallc/c-rsidis/analysis/replays/pass0p1/coin_replay_production_25060_-1.root,1054435,1073015,18580,1,1073015,18580,1,1,DISCREPANCY
phase1,25061,PI-SIDIS,coin,/cache/hallc/c-rsidis/analysis/replays/pass0p1/coin_replay_production_25061_-1.root,1166072,1196814,30742,1,1196814,30742,1,1,DISCREPANCY
phase1,25062,PI-SIDIS,coin,/cache/hallc/c-rsidis/analysis/replays/pass0p1/coin_replay_production_25062_-1.root,732127,749764,17637,1,749764,17637,1,1,DISCREPANCY
phase1,25063,PI-SIDIS,coin,/cache/hallc/c-rsidis/analysis/replays/pass0p1/coin_replay_production_25063_-1.root,379633,392866,13233,1,392866,13233,1,1,DISCREPANCY
phase1,25064,PI-SIDIS,coin,/cache/hallc/c-rsidis/analysis/replays/pass0p1/coin_replay_production_25064_-1.root,508302,520822,12520,1,520822,12520,1,1,DISCREPANCY
phase1,25065,PI-SIDIS,coin,/cache/hallc/c-rsidis/analysis/replays/pass0p1/coin_replay_production_25065_-1.root,1129426,1148666,19240,1,1148666,19240,1,1,DISCREPANCY
phase1,25066,PI-SIDIS,coin,/cache/hallc/c-rsidis/analysis/replays/pass0p1/coin_replay_production_25066_-1.root,1019166,1038901,19735,1,1038901,19735,1,1,DISCREPANCY
phase1,25067,PI-SIDIS,coin,/cache/hallc/c-rsidis/analysis/replays/pass0p1/coin_replay_production_25067_-1.root,1030519,1049114,18595,1,1049114,18595,1,1,DISCREPANCY
phase1,25068,PI-SIDIS,coin,/cache/hallc/c-rsidis/analysis/replays/pass0p1/coin_replay_production_25068_-1.root,326033,345866,19833,1,345866,19833,1,1,DISCREPANCY
phase1,25069,PI-SIDIS,coin,/cache/hallc/c-rsidis/analysis/replays/pass0p1/coin_replay_production_25069_-1.root,961218,980724,19506,1,980724,19506,1,1,DISCREPANCY
phase1,25070,PI-SIDIS,coin,/cache/hallc/c-rsidis/analysis/replays/pass0p1/coin_replay_production_25070_-1.root,900521,919438,18917,1,919438,18917,1,1,DISCREPANCY
phase1,25071,PI-SIDIS,coin,/cache/hallc/c-rsidis/analysis/replays/pass0p1/coin_replay_production_25071_-1.root,1054233,1073691,19458,1,1073691,19458,1,1,DISCREPANCY
phase1,25072,PI-SIDIS,coin,/cache/hallc/c-rsidis/analysis/replays/pass0p1/coin_replay_production_25072_-1.root,411476,427905,16429,1,427905,16429,1,1,DISCREPANCY
phase1,25073,PI-SIDIS,coin,/cache/hallc/c-rsidis/analysis/replays/pass0p1/coin_replay_production_25073_-1.root,130900,150191,19291,1,150191,19291,1,1,DISCREPANCY
phase1,25074,PI-SIDIS,coin,/cache/hallc/c-rsidis/analysis/replays/pass0p1/coin_replay_production_25074_-1.root,434701,450979,16278,1,450979,16278,1,1,DISCREPANCY
phase1,25076,PI-SIDIS,coin,/cache/hallc/c-rsidis/analysis/replays/pass0p1/coin_replay_production_25076_-1.root,355452,372915,17463,1,372915,17463,1,1,DISCREPANCY
phase1,25077,PI-SIDIS,coin,/cache/hallc/c-rsidis/analysis/replays/pass0p1/coin_replay_production_25077_-1.root,341528,359073,17545,1,359073,17545,1,1,DISCREPANCY
phase1,25078,PI-SIDIS,coin,/cache/hallc/c-rsidis/analysis/replays/pass0p1/coin_replay_production_25078_-1.root,372109,391037,18928,1,391037,18928,1,1,DISCREPANCY
phase1,25079,PI-SIDIS,coin,/cache/hallc/c-rsidis/analysis/replays/pass0p1/coin_replay_production_25079_-1.root,152557,170595,18038,1,170595,18038,1,1,DISCREPANCY
phase1,25080,PI-SIDIS,coin,/cache/hallc/c-rsidis/analysis/replays/pass0p1/coin_replay_production_25080_-1.root,153094,171490,18396,1,171490,18396,1,1,DISCREPANCY
phase1,25081,HMSDIS,hms,/cache/hallc/c-rsidis/analysis/replays/pass0p1/hms_coin_replay_production_25081_-1.root,1956246,1956247,1,0,,,,0,OK
phase1,25082,SHMSDIS,shms,/cache/hallc/c-rsidis/analysis/replays/pass0p1/shms_coin_replay_production_25082_-1.root,1961768,,,,1961769,1,0,0,OK
phase1,25083,PI-SIDIS,coin,/cache/hallc/c-rsidis/analysis/replays/pass0p1/coin_replay_production_25083_-1.root,249007,265668,16661,1,265668,16661,1,1,DISCREPANCY
phase1,25084,PI-SIDIS,coin,/cache/hallc/c-rsidis/analysis/replays/pass0p1/coin_replay_production_25084_-1.root,514070,538590,24520,1,538590,24520,1,1,DISCREPANCY
phase1,25085,PI-SIDIS,coin,/cache/hallc/c-rsidis/analysis/replays/pass0p1/coin_replay_production_25085_-1.root,310679,325350,14671,1,325350,14671,1,1,DISCREPANCY
phase1,25086,PI-SIDIS,coin,/cache/hallc/c-rsidis/analysis/replays/pass0p1/coin_replay_production_25086_-1.root,1227496,1246796,19300,1,1246796,19300,1,1,DISCREPANCY
phase1,25087,PI-SIDIS,coin,/cache/hallc/c-rsidis/analysis/replays/pass0p1/coin_replay_production_25087_-1.root,97822,115549,17727,1,115549,17727,1,1,DISCREPANCY
phase1,25088,PI-SIDIS,coin,/cache/hallc/c-rsidis/analysis/replays/pass0p1/coin_replay_production_25088_-1.root,106475,124489,18014,1,124489,18014,1,1,DISCREPANCY
phase1,25089,HMSDIS,hms,/cache/hallc/c-rsidis/analysis/replays/pass0p1/hms_coin_replay_production_25089_-1.root,1659836,1659837,1,0,,,,0,OK
phase1,25090,SHMSDIS,shms,/cache/hallc/c-rsidis/analysis/replays/pass0p1/shms_coin_replay_production_25090_-1.root,1935887,,,,1935888,1,0,0,OK
phase1,25091,PI-SIDIS,coin,/cache/hallc/c-rsidis/analysis/replays/pass0p1/coin_replay_production_25091_-1.root,48469,50665,2196,1,50665,2196,1,1,DISCREPANCY
phase1,25092,PI-SIDIS,coin,/cache/hallc/c-rsidis/analysis/replays/pass0p1/coin_replay_production_25092_-1.root,300804,325979,25175,1,325979,25175,1,1,DISCREPANCY
phase1,25093,PI-SIDIS,coin,/cache/hallc/c-rsidis/analysis/replays/pass0p1/coin_replay_production_25093_-1.root,322387,342040,19653,1,342040,19653,1,1,DISCREPANCY
phase1,25094,HMSDIS,hms,/cache/hallc/c-rsidis/analysis/replays/pass0p1/hms_coin_replay_production_25094_-1.root,2143639,2143640,1,0,,,,0,OK
phase1,25095,SHMSDIS,shms,/cache/hallc/c-rsidis/analysis/replays/pass0p1/shms_coin_replay_production_25095_-1.root,1958566,,,,1958567,1,0,0,OK
phase1,25096,PI-SIDIS,coin,/cache/hallc/c-rsidis/analysis/replays/pass0p1/coin_replay_production_25096_-1.root,677055,695684,18629,1,695684,18629,1,1,DISCREPANCY
phase1,25097,PI-SIDIS,coin,/cache/hallc/c-rsidis/analysis/replays/pass0p1/coin_replay_production_25097_-1.root,665372,682741,17369,1,682741,17369,1,1,DISCREPANCY
phase1,25098,PI-SIDIS,coin,/cache/hallc/c-rsidis/analysis/replays/pass0p1/coin_replay_production_25098_-1.root,706658,726651,19993,1,726651,19993,1,1,DISCREPANCY
phase1,25099,PI-SIDIS,coin,/cache/hallc/c-rsidis/analysis/replays/pass0p1/coin_replay_production_25099_-1.root,190108,209012,18904,1,209012,18904,1,1,DISCREPANCY
phase1,25101,HMSDIS,hms,/cache/hallc/c-rsidis/analysis/replays/pass0p1/hms_coin_replay_production_25101_-1.root,2002075,2002076,1,0,,,,0,OK
phase1,25102,PI-SIDIS,coin,/cache/hallc/c-rsidis/analysis/replays/pass0p1/coin_replay_production_25102_-1.root,899792,925675,25883,1,925675,25883,1,1,DISCREPANCY
phase1,25103,PI-SIDIS,coin,/cache/hallc/c-rsidis/analysis/replays/pass0p1/coin_replay_production_25103_-1.root,666610,686405,19795,1,686405,19795,1,1,DISCREPANCY
phase1,25104,PI-SIDIS,coin,/cache/hallc/c-rsidis/analysis/replays/pass0p1/coin_replay_production_25104_-1.root,607157,628289,21132,1,628289,21132,1,1,DISCREPANCY
phase1,25105,PI-SIDIS,coin,/cache/hallc/c-rsidis/analysis/replays/pass0p1/coin_replay_production_25105_-1.root,648919,668183,19264,1,668183,19264,1,1,DISCREPANCY
phase1,25106,HMSDIS,hms,/cache/hallc/c-rsidis/analysis/replays/pass0p1/hms_coin_replay_production_25106_-1.root,1988070,1988071,1,0,,,,0,OK
phase1,25108,PI-SIDIS,coin,/cache/hallc/c-rsidis/analysis/replays/pass0p1/coin_replay_production_25108_-1.root,542240,560186,17946,1,560186,17946,1,1,DISCREPANCY
phase1,25109,PI-SIDIS,coin,/cache/hallc/c-rsidis/analysis/replays/pass0p1/coin_replay_production_25109_-1.root,567851,587145,19294,1,587145,19294,1,1,DISCREPANCY
phase1,25110,PI-SIDIS,coin,/cache/hallc/c-rsidis/analysis/replays/pass0p1/coin_replay_production_25110_-1.root,578269,596980,18711,1,596980,18711,1,1,DISCREPANCY
phase1,25111,PI-SIDIS,coin,/cache/hallc/c-rsidis/analysis/replays/pass0p1/coin_replay_production_25111_-1.root,220067,238022,17955,1,238022,17955,1,1,DISCREPANCY
phase1,25112,PI-SIDIS,coin,/cache/hallc/c-rsidis/analysis/replays/pass0p1/coin_replay_production_25112_-1.root,216621,234861,18240,1,234861,18240,1,1,DISCREPANCY
phase1,25114,PI-SIDIS,coin,/cache/hallc/c-rsidis/analysis/replays/pass0p1/coin_replay_production_25114_-1.root,713855,733844,19989,1,733844,19989,1,1,DISCREPANCY
phase1,25115,PI-SIDIS,coin,/cache/hallc/c-rsidis/analysis/replays/pass0p1/coin_replay_production_25115_-1.root,719970,738687,18717,1,738687,18717,1,1,DISCREPANCY
phase1,25116,PI-SIDIS,coin,/cache/hallc/c-rsidis/analysis/replays/pass0p1/coin_replay_production_25116_-1.root,692647,712484,19837,1,712484,19837,1,1,DISCREPANCY
phase1,25117,PI-SIDIS,coin,/cache/hallc/c-rsidis/analysis/replays/pass0p1/coin_replay_production_25117_-1.root,170136,189444,19308,1,189444,19308,1,1,DISCREPANCY
phase1,25119,PI-SIDIS,coin,/cache/hallc/c-rsidis/analysis/replays/pass0p1/coin_replay_production_25119_-1.root,188907,210959,22052,1,210959,22052,1,1,DISCREPANCY
phase1,25120,PI-SIDIS,coin,/cache/hallc/c-rsidis/analysis/replays/pass0p1/coin_replay_production_25120_-1.root,316234,334317,18083,1,334317,18083,1,1,DISCREPANCY
phase1,25121,PI-SIDIS,coin,/cache/hallc/c-rsidis/analysis/replays/pass0p1/coin_replay_production_25121_-1.root,334266,353916,19650,1,353916,19650,1,1,DISCREPANCY
phase1,25122,PI-SIDIS,coin,/cache/hallc/c-rsidis/analysis/replays/pass0p1/coin_replay_production_25122_-1.root,471490,488291,16801,1,488291,16801,1,1,DISCREPANCY
phase1,25123,PI-SIDIS,coin,/cache/hallc/c-rsidis/analysis/replays/pass0p1/coin_replay_production_25123_-1.root,495044,513249,18205,1,513249,18205,1,1,DISCREPANCY
phase1,25124,PI-SIDIS,coin,/cache/hallc/c-rsidis/analysis/replays/pass0p1/coin_replay_production_25124_-1.root,221250,239247,17997,1,239247,17997,1,1,DISCREPANCY
phase1,25125,HMSDIS,hms,/cache/hallc/c-rsidis/analysis/replays/pass0p1/hms_coin_replay_production_25125_-1.root,2395258,2395259,1,0,,,,0,OK
phase1,25126,PI-SIDIS,coin,/cache/hallc/c-rsidis/analysis/replays/pass0p1/coin_replay_production_25126_-1.root,13393,16486,3093,1,16486,3093,1,1,DISCREPANCY
phase1,25127,PI-SIDIS,coin,/cache/hallc/c-rsidis/analysis/replays/pass0p1/coin_replay_production_25127_-1.root,204969,222436,17467,1,222436,17467,1,1,DISCREPANCY
phase1,25128,PI-SIDIS,coin,/cache/hallc/c-rsidis/analysis/replays/pass0p1/coin_replay_production_25128_-1.root,197601,214772,17171,1,214772,17171,1,1,DISCREPANCY
phase1,25129,PI-SIDIS,coin,/cache/hallc/c-rsidis/analysis/replays/pass0p1/coin_replay_production_25129_-1.root,669735,687454,17719,1,687454,17719,1,1,DISCREPANCY
phase1,25130,PI-SIDIS,coin,/cache/hallc/c-rsidis/analysis/replays/pass0p1/coin_replay_production_25130_-1.root,16711,18171,1460,1,18171,1460,1,1,DISCREPANCY
phase1,25131,PI-SIDIS,coin,/cache/hallc/c-rsidis/analysis/replays/pass0p1/coin_replay_production_25131_-1.root,85241,103378,18137,1,103378,18137,1,1,DISCREPANCY
phase1,25132,HMSDIS,hms,/cache/hallc/c-rsidis/analysis/replays/pass0p1/hms_coin_replay_production_25132_-1.root,2447576,2447577,1,0,,,,0,OK
phase1,25133,HMSDIS,hms,/cache/hallc/c-rsidis/analysis/replays/pass0p1/hms_coin_replay_production_25133_-1.root,2544581,2544582,1,0,,,,0,OK
phase1,25134,PI-SIDIS,coin,/cache/hallc/c-rsidis/analysis/replays/pass0p1/coin_replay_production_25134_-1.root,110011,127100,17089,1,127100,17089,1,1,DISCREPANCY
phase1,25135,PI-SIDIS,coin,/cache/hallc/c-rsidis/analysis/replays/pass0p1/coin_replay_production_25135_-1.root,116505,133643,17138,1,133643,17138,1,1,DISCREPANCY
phase1,25136,HMSDIS,hms,/cache/hallc/c-rsidis/analysis/replays/pass0p1/hms_coin_replay_production_25136_-1.root,1721080,1721081,1,0,,,,0,OK
phase1,25137,HMSDIS,hms,/cache/hallc/c-rsidis/analysis/replays/pass0p1/hms_coin_replay_production_25137_-1.root,875867,875868,1,0,,,,0,OK
phase1,25138,PI-SIDIS,coin,/cache/hallc/c-rsidis/analysis/replays/pass0p1/coin_replay_production_25138_-1.root,1128214,1149451,21237,1,1149451,21237,1,1,DISCREPANCY
phase1,25139,PI-SIDIS,coin,/cache/hallc/c-rsidis/analysis/replays/pass0p1/coin_replay_production_25139_-1.root,1449064,1466499,17435,1,1466499,17435,1,1,DISCREPANCY
phase1,25140,PI-SIDIS,coin,/cache/hallc/c-rsidis/analysis/replays/pass0p1/coin_replay_production_25140_-1.root,1544625,1562116,17491,1,1562116,17491,1,1,DISCREPANCY
phase1,25141,PI-SIDIS,coin,/cache/hallc/c-rsidis/analysis/replays/pass0p1/coin_replay_production_25141_-1.root,522277,540280,18003,1,540280,18003,1,1,DISCREPANCY
phase1,25142,HMSDIS,hms,/cache/hallc/c-rsidis/analysis/replays/pass0p1/hms_coin_replay_production_25142_-1.root,2268176,2268177,1,0,,,,0,OK
phase1,25143,SHMSDIS,shms,/cache/hallc/c-rsidis/analysis/replays/pass0p1/shms_coin_replay_production_25143_-1.root,1397873,,,,1397874,1,0,0,OK
phase1,25144,SHMSDIS,shms,/cache/hallc/c-rsidis/analysis/replays/pass0p1/shms_coin_replay_production_25144_-1.root,697001,,,,697002,1,0,0,OK
phase1,25145,HMSDIS,hms,/cache/hallc/c-rsidis/analysis/replays/pass0p1/hms_coin_replay_production_25145_-1.root,776010,776011,1,0,,,,0,OK
phase1,25146,PI-SIDIS,coin,/cache/hallc/c-rsidis/analysis/replays/pass0p1/coin_replay_production_25146_-1.root,375825,397005,21180,1,397005,21180,1,1,DISCREPANCY
phase1,25147,PI-SIDIS,coin,/cache/hallc/c-rsidis/analysis/replays/pass0p1/coin_replay_production_25147_-1.root,98397,109546,11149,1,109546,11149,1,1,DISCREPANCY
phase1,25148,PI-SIDIS,coin,/cache/hallc/c-rsidis/analysis/replays/pass0p1/coin_replay_production_25148_-1.root,315422,332786,17364,1,332786,17364,1,1,DISCREPANCY
phase1,25149,PI-SIDIS,coin,/cache/hallc/c-rsidis/analysis/replays/pass0p1/coin_replay_production_25149_-1.root,303181,326812,23631,1,326812,23631,1,1,DISCREPANCY
phase1,25150,PI-SIDIS,coin,/cache/hallc/c-rsidis/analysis/replays/pass0p1/coin_replay_production_25150_-1.root,1258999,1279457,20458,1,1279457,20458,1,1,DISCREPANCY
phase1,25151,PI-SIDIS,coin,/cache/hallc/c-rsidis/analysis/replays/pass0p1/coin_replay_production_25151_-1.root,142600,160862,18262,1,160862,18262,1,1,DISCREPANCY
phase1,25152,HMSDIS,hms,/cache/hallc/c-rsidis/analysis/replays/pass0p1/hms_coin_replay_production_25152_-1.root,960730,960731,1,0,,,,0,OK
phase1,25153,SHMSDIS,shms,/cache/hallc/c-rsidis/analysis/replays/pass0p1/shms_coin_replay_production_25153_-1.root,916600,,,,916601,1,0,0,OK
phase1,25154,PI-SIDIS,coin,/cache/hallc/c-rsidis/analysis/replays/pass0p1/coin_replay_production_25154_-1.root,181254,199779,18525,1,199779,18525,1,1,DISCREPANCY
phase1,25155,HMSDIS,hms,/cache/hallc/c-rsidis/analysis/replays/pass0p1/hms_coin_replay_production_25155_-1.root,1346624,1346625,1,0,,,,0,OK
phase1,25156,SHMSDIS,shms,/cache/hallc/c-rsidis/analysis/replays/pass0p1/shms_coin_replay_production_25156_-1.root,1164605,,,,1164606,1,0,0,OK
phase1,25157,PI-SIDIS,coin,/cache/hallc/c-rsidis/analysis/replays/pass0p1/coin_replay_production_25157_-1.root,231307,244128,12821,1,244128,12821,1,1,DISCREPANCY
phase1,25158,PI-SIDIS,coin,/cache/hallc/c-rsidis/analysis/replays/pass0p1/coin_replay_production_25158_-1.root,391592,404825,13233,1,404825,13233,1,1,DISCREPANCY
phase1,25162,PI-SIDIS,coin,/cache/hallc/c-rsidis/analysis/replays/pass0p1/coin_replay_production_25162_-1.root,697695,716061,18366,1,716061,18366,1,1,DISCREPANCY
phase1,25163,PI-SIDIS,coin,/cache/hallc/c-rsidis/analysis/replays/pass0p1/coin_replay_production_25163_-1.root,450734,471403,20669,1,471403,20669,1,1,DISCREPANCY
phase1,25164,PI-SIDIS,coin,/cache/hallc/c-rsidis/analysis/replays/pass0p1/coin_replay_production_25164_-1.root,453450,475824,22374,1,475824,22374,1,1,DISCREPANCY
phase1,25165,PI-SIDIS,coin,/cache/hallc/c-rsidis/analysis/replays/pass0p1/coin_replay_production_25165_-1.root,515111,540889,25778,1,540889,25778,1,1,DISCREPANCY
phase1,25166,PI-SIDIS,coin,/cache/hallc/c-rsidis/analysis/replays/pass0p1/coin_replay_production_25166_-1.root,442486,462951,20465,1,462951,20465,1,1,DISCREPANCY
phase1,25167,PI-SIDIS,coin,/cache/hallc/c-rsidis/analysis/replays/pass0p1/coin_replay_production_25167_-1.root,370555,388862,18307,1,388862,18307,1,1,DISCREPANCY
phase1,25168,PI-SIDIS,coin,/cache/hallc/c-rsidis/analysis/replays/pass0p1/coin_replay_production_25168_-1.root,426953,446992,20039,1,446992,20039,1,1,DISCREPANCY
phase1,25169,PI-SIDIS,coin,/cache/hallc/c-rsidis/analysis/replays/pass0p1/coin_replay_production_25169_-1.root,358229,377129,18900,1,377129,18900,1,1,DISCREPANCY
phase1,25170,PI-SIDIS,coin,/cache/hallc/c-rsidis/analysis/replays/pass0p1/coin_replay_production_25170_-1.root,143349,162535,19186,1,162535,19186,1,1,DISCREPANCY
phase1,25171,PI-SIDIS,coin,/cache/hallc/c-rsidis/analysis/replays/pass0p1/coin_replay_production_25171_-1.root,167588,186419,18831,1,186419,18831,1,1,DISCREPANCY
phase1,25178,HMSDIS,hms,/cache/hallc/c-rsidis/analysis/replays/pass0p1/hms_coin_replay_production_25178_-1.root,1688520,1688521,1,0,,,,0,OK
phase1,25181,PI-SIDIS,coin,/cache/hallc/c-rsidis/analysis/replays/pass0p1/coin_replay_production_25181_-1.root,861143,879919,18776,1,879919,18776,1,1,DISCREPANCY
phase1,25182,PI-SIDIS,coin,/cache/hallc/c-rsidis/analysis/replays/pass0p1/coin_replay_production_25182_-1.root,714674,732068,17394,1,732068,17394,1,1,DISCREPANCY
phase1,25183,PI-SIDIS,coin,/cache/hallc/c-rsidis/analysis/replays/pass0p1/coin_replay_production_25183_-1.root,1864775,1879893,15118,1,1879893,15118,1,1,DISCREPANCY
phase1,25184,PI-SIDIS,coin,/cache/hallc/c-rsidis/analysis/replays/pass0p1/coin_replay_production_25184_-1.root,742726,760579,17853,1,760579,17853,1,1,DISCREPANCY
phase1,25185,PI-SIDIS,coin,/cache/hallc/c-rsidis/analysis/replays/pass0p1/coin_replay_production_25185_-1.root,247699,265568,17869,1,265568,17869,1,1,DISCREPANCY
phase1,25186,HMSDIS,hms,/cache/hallc/c-rsidis/analysis/replays/pass0p1/hms_coin_replay_production_25186_-1.root,2313491,2313492,1,0,,,,0,OK
phase1,25187,PI-SIDIS,coin,/cache/hallc/c-rsidis/analysis/replays/pass0p1/coin_replay_production_25187_-1.root,250885,268492,17607,1,268492,17607,1,1,DISCREPANCY
phase1,25188,SHMSDIS,shms,/cache/hallc/c-rsidis/analysis/replays/pass0p1/shms_coin_replay_production_25188_-1.root,2091072,,,,2091073,1,0,0,OK
phase1,25189,PI-SIDIS,coin,/cache/hallc/c-rsidis/analysis/replays/pass0p1/coin_replay_production_25189_-1.root,371706,389540,17834,1,389540,17834,1,1,DISCREPANCY
phase1,25190,PI-SIDIS,coin,/cache/hallc/c-rsidis/analysis/replays/pass0p1/coin_replay_production_25190_-1.root,360651,378416,17765,1,378416,17765,1,1,DISCREPANCY
phase1,25191,SHMSDIS,shms,/cache/hallc/c-rsidis/analysis/replays/pass0p1/shms_coin_replay_production_25191_-1.root,2044419,,,,2044420,1,0,0,OK
phase1,25192,PI-SIDIS,coin,/cache/hallc/c-rsidis/analysis/replays/pass0p1/coin_replay_production_25192_-1.root,1397051,1414756,17705,1,1414756,17705,1,1,DISCREPANCY
phase1,25193,PI-SIDIS,coin,/cache/hallc/c-rsidis/analysis/replays/pass0p1/coin_replay_production_25193_-1.root,1183652,1201358,17706,1,1201358,17706,1,1,DISCREPANCY
phase1,25194,PI-SIDIS,coin,/cache/hallc/c-rsidis/analysis/replays/pass0p1/coin_replay_production_25194_-1.root,1365829,1383440,17611,1,1383440,17611,1,1,DISCREPANCY
phase1,25195,PI-SIDIS,coin,/cache/hallc/c-rsidis/analysis/replays/pass0p1/coin_replay_production_25195_-1.root,973783,992116,18333,1,992116,18333,1,1,DISCREPANCY
phase1,25196,PI-SIDIS,coin,/cache/hallc/c-rsidis/analysis/replays/pass0p1/coin_replay_production_25196_-1.root,796924,814826,17902,1,814826,17902,1,1,DISCREPANCY
phase1,25197,PI-SIDIS,coin,/cache/hallc/c-rsidis/analysis/replays/pass0p1/coin_replay_production_25197_-1.root,870613,890756,20143,1,890756,20143,1,1,DISCREPANCY
phase1,25198,PI-SIDIS,coin,/cache/hallc/c-rsidis/analysis/replays/pass0p1/coin_replay_production_25198_-1.root,956438,976311,19873,1,976311,19873,1,1,DISCREPANCY
phase1,25200,PI-SIDIS,coin,/cache/hallc/c-rsidis/analysis/replays/pass0p1/coin_replay_production_25200_-1.root,1458945,1476864,17919,1,1476864,17919,1,1,DISCREPANCY
phase1,25201,PI-SIDIS,coin,/cache/hallc/c-rsidis/analysis/replays/pass0p1/coin_replay_production_25201_-1.root,1681563,1702603,21040,1,1702603,21040,1,1,DISCREPANCY
phase1,25202,PI-SIDIS,coin,/cache/hallc/c-rsidis/analysis/replays/pass0p1/coin_replay_production_25202_-1.root,437110,454835,17725,1,454835,17725,1,1,DISCREPANCY
phase1,25203,PI-SIDIS,coin,/cache/hallc/c-rsidis/analysis/replays/pass0p1/coin_replay_production_25203_-1.root,1024410,1052058,27648,1,1052058,27648,1,1,DISCREPANCY
phase1,25204,PI-SIDIS,coin,/cache/hallc/c-rsidis/analysis/replays/pass0p1/coin_replay_production_25204_-1.root,237320,258748,21428,1,258748,21428,1,1,DISCREPANCY
phase1,25205,PI-SIDIS,coin,/cache/hallc/c-rsidis/analysis/replays/pass0p1/coin_replay_production_25205_-1.root,795219,813960,18741,1,813960,18741,1,1,DISCREPANCY
phase1,25206,PI-SIDIS,coin,/cache/hallc/c-rsidis/analysis/replays/pass0p1/coin_replay_production_25206_-1.root,786917,806983,20066,1,806983,20066,1,1,DISCREPANCY
phase1,25207,PI-SIDIS,coin,/cache/hallc/c-rsidis/analysis/replays/pass0p1/coin_replay_production_25207_-1.root,853470,877695,24225,1,877695,24225,1,1,DISCREPANCY
phase1,25208,PI-SIDIS,coin,/cache/hallc/c-rsidis/analysis/replays/pass0p1/coin_replay_production_25208_-1.root,1904737,1919058,14321,1,1919058,14321,1,1,DISCREPANCY
phase1,25210,PI-SIDIS,coin,/cache/hallc/c-rsidis/analysis/replays/pass0p1/coin_replay_production_25210_-1.root,219904,240014,20110,1,240014,20110,1,1,DISCREPANCY
phase1,25211,PI-SIDIS,coin,/cache/hallc/c-rsidis/analysis/replays/pass0p1/coin_replay_production_25211_-1.root,220587,239145,18558,1,239145,18558,1,1,DISCREPANCY
phase1,25212,HMSDIS,hms,/cache/hallc/c-rsidis/analysis/replays/pass0p1/hms_coin_replay_production_25212_-1.root,1633207,1633208,1,0,,,,0,OK
phase1,25213,SHMSDIS,shms,/cache/hallc/c-rsidis/analysis/replays/pass0p1/shms_coin_replay_production_25213_-1.root,1729706,,,,1729707,1,0,0,OK
phase1,25214,PI-SIDIS,coin,/cache/hallc/c-rsidis/analysis/replays/pass0p1/coin_replay_production_25214_-1.root,725692,744485,18793,1,744485,18793,1,1,DISCREPANCY
phase1,25215,HMSDIS,hms,/cache/hallc/c-rsidis/analysis/replays/pass0p1/hms_coin_replay_production_25215_-1.root,2100400,2100401,1,0,,,,0,OK
phase1,25216,SHMSDIS,shms,/cache/hallc/c-rsidis/analysis/replays/pass0p1/shms_coin_replay_production_25216_-1.root,1977698,,,,1977699,1,0,0,OK
phase1,25217,PI-SIDIS,coin,/cache/hallc/c-rsidis/analysis/replays/pass0p1/coin_replay_production_25217_-1.root,797755,815238,17483,1,815238,17483,1,1,DISCREPANCY
phase1,25218,PI-SIDIS,coin,/cache/hallc/c-rsidis/analysis/replays/pass0p1/coin_replay_production_25218_-1.root,877054,898415,21361,1,898415,21361,1,1,DISCREPANCY
phase1,25219,PI-SIDIS,coin,/cache/hallc/c-rsidis/analysis/replays/pass0p1/coin_replay_production_25219_-1.root,906789,927161,20372,1,927161,20372,1,1,DISCREPANCY
phase1,25220,PI-SIDIS,coin,/cache/hallc/c-rsidis/analysis/replays/pass0p1/coin_replay_production_25220_-1.root,237737,257935,20198,1,257935,20198,1,1,DISCREPANCY
phase1,25221,PI-SIDIS,coin,/cache/hallc/c-rsidis/analysis/replays/pass0p1/coin_replay_production_25221_-1.root,217429,236034,18605,1,236034,18605,1,1,DISCREPANCY
phase1,25222,PI-SIDIS,coin,/cache/hallc/c-rsidis/analysis/replays/pass0p1/coin_replay_production_25222_-1.root,808033,826971,18938,1,826971,18938,1,1,DISCREPANCY
phase1,25227,PI+SIDIS,coin,/cache/hallc/c-rsidis/analysis/replays/pass0p1/coin_replay_production_25227_-1.root,796246,814910,18664,1,814910,18664,1,1,DISCREPANCY
phase1,25228,PI+SIDIS,coin,/cache/hallc/c-rsidis/analysis/replays/pass0p1/coin_replay_production_25228_-1.root,657288,675490,18202,1,675490,18202,1,1,DISCREPANCY
phase1,25229,PI+SIDIS,coin,/cache/hallc/c-rsidis/analysis/replays/pass0p1/coin_replay_production_25229_-1.root,192568,210273,17705,1,210273,17705,1,1,DISCREPANCY
phase1,25230,PI+SIDIS,coin,/cache/hallc/c-rsidis/analysis/replays/pass0p1/coin_replay_production_25230_-1.root,163205,181064,17859,1,181064,17859,1,1,DISCREPANCY
phase1,25232,HMSDIS,hms,/cache/hallc/c-rsidis/analysis/replays/pass0p1/hms_coin_replay_production_25232_-1.root,1907984,1907985,1,0,,,,0,OK
phase1,25233,PI+SIDIS,coin,/cache/hallc/c-rsidis/analysis/replays/pass0p1/coin_replay_production_25233_-1.root,189903,207694,17791,1,207694,17791,1,1,DISCREPANCY
phase1,25234,PI+SIDIS,coin,/cache/hallc/c-rsidis/analysis/replays/pass0p1/coin_replay_production_25234_-1.root,202181,220401,18220,1,220401,18220,1,1,DISCREPANCY
phase1,25235,PI+SIDIS,coin,/cache/hallc/c-rsidis/analysis/replays/pass0p1/coin_replay_production_25235_-1.root,512340,529988,17648,1,529988,17648,1,1,DISCREPANCY
phase1,25236,PI+SIDIS,coin,/cache/hallc/c-rsidis/analysis/replays/pass0p1/coin_replay_production_25236_-1.root,71140,88874,17734,1,88874,17734,1,1,DISCREPANCY
phase1,25237,PI+SIDIS,coin,/cache/hallc/c-rsidis/analysis/replays/pass0p1/coin_replay_production_25237_-1.root,72397,90344,17947,1,90344,17947,1,1,DISCREPANCY
phase1,25238,HMSDIS,hms,/cache/hallc/c-rsidis/analysis/replays/pass0p1/hms_coin_replay_production_25238_-1.root,2493057,2493058,1,0,,,,0,OK
phase1,25239,SHMSDIS,shms,/cache/hallc/c-rsidis/analysis/replays/pass0p1/shms_coin_replay_production_25239_-1.root,2253701,,,,2253702,1,0,0,OK
phase1,25240,PI+SIDIS,coin,/cache/hallc/c-rsidis/analysis/replays/pass0p1/coin_replay_production_25240_-1.root,78144,95872,17728,1,95872,17728,1,1,DISCREPANCY
phase1,25241,PI+SIDIS,coin,/cache/hallc/c-rsidis/analysis/replays/pass0p1/coin_replay_production_25241_-1.root,75899,94030,18131,1,94030,18131,1,1,DISCREPANCY
phase1,25243,HMSDIS,hms,/cache/hallc/c-rsidis/analysis/replays/pass0p1/hms_coin_replay_production_25243_-1.root,2456490,2456491,1,0,,,,0,OK
phase1,25244,SHMSDIS,shms,/cache/hallc/c-rsidis/analysis/replays/pass0p1/shms_coin_replay_production_25244_-1.root,2245799,,,,2245800,1,0,0,OK
phase1,25247,PI+SIDIS,coin,/cache/hallc/c-rsidis/analysis/replays/pass0p1/coin_replay_production_25247_-1.root,319711,340224,20513,1,340224,20513,1,1,DISCREPANCY
phase1,25248,PI+SIDIS,coin,/cache/hallc/c-rsidis/analysis/replays/pass0p1/coin_replay_production_25248_-1.root,316059,340091,24032,1,340091,24032,1,1,DISCREPANCY
phase1,25249,PI+SIDIS,coin,/cache/hallc/c-rsidis/analysis/replays/pass0p1/coin_replay_production_25249_-1.root,91772,109624,17852,1,109624,17852,1,1,DISCREPANCY
phase1,25250,HMSDIS,hms,/cache/hallc/c-rsidis/analysis/replays/pass0p1/hms_coin_replay_production_25250_-1.root,2488168,2488169,1,0,,,,0,OK
phase1,25251,PI+SIDIS,coin,/cache/hallc/c-rsidis/analysis/replays/pass0p1/coin_replay_production_25251_-1.root,206620,228385,21765,1,228385,21765,1,1,DISCREPANCY
phase1,25252,PI+SIDIS,coin,/cache/hallc/c-rsidis/analysis/replays/pass0p1/coin_replay_production_25252_-1.root,206045,223897,17852,1,223897,17852,1,1,DISCREPANCY
phase1,25253,HMSDIS,hms,/cache/hallc/c-rsidis/analysis/replays/pass0p1/hms_coin_replay_production_25253_-1.root,2346205,2346206,1,0,,,,0,OK
phase1,25255,PI+SIDIS,coin,/cache/hallc/c-rsidis/analysis/replays/pass0p1/coin_replay_production_25255_-1.root,1813306,1828333,15027,1,1828333,15027,1,1,DISCREPANCY
phase1,25256,PI+SIDIS,coin,/cache/hallc/c-rsidis/analysis/replays/pass0p1/coin_replay_production_25256_-1.root,1320165,1336991,16826,1,1336991,16826,1,1,DISCREPANCY
phase1,25257,PI+SIDIS,coin,/cache/hallc/c-rsidis/analysis/replays/pass0p1/coin_replay_production_25257_-1.root,1097176,1105900,8724,1,1105900,8724,1,1,DISCREPANCY
phase1,25258,PI+SIDIS,coin,/cache/hallc/c-rsidis/analysis/replays/pass0p1/coin_replay_production_25258_-1.root,798260,837964,39704,1,837964,39704,1,1,DISCREPANCY
phase1,25259,PI+SIDIS,coin,/cache/hallc/c-rsidis/analysis/replays/pass0p1/coin_replay_production_25259_-1.root,751268,770176,18908,1,770176,18908,1,1,DISCREPANCY
phase1,25260,HMSDIS,hms,/cache/hallc/c-rsidis/analysis/replays/pass0p1/hms_coin_replay_production_25260_-1.root,2291586,2291587,1,0,,,,0,OK
phase1,25261,SHMSDIS,shms,/cache/hallc/c-rsidis/analysis/replays/pass0p1/shms_coin_replay_production_25261_-1.root,1705617,,,,1705618,1,0,0,OK
phase1,25262,PI+SIDIS,coin,/cache/hallc/c-rsidis/analysis/replays/pass0p1/coin_replay_production_25262_-1.root,834786,856657,21871,1,856657,21871,1,1,DISCREPANCY
phase1,25263,PI+SIDIS,coin,/cache/hallc/c-rsidis/analysis/replays/pass0p1/coin_replay_production_25263_-1.root,878232,899214,20982,1,899214,20982,1,1,DISCREPANCY
phase1,25264,PI+SIDIS,coin,/cache/hallc/c-rsidis/analysis/replays/pass0p1/coin_replay_production_25264_-1.root,1996137,2013631,17494,1,2013631,17494,1,1,DISCREPANCY
phase1,25265,PI+SIDIS,coin,/cache/hallc/c-rsidis/analysis/replays/pass0p1/coin_replay_production_25265_-1.root,274667,293901,19234,1,293901,19234,1,1,DISCREPANCY
phase1,25266,PI+SIDIS,coin,/cache/hallc/c-rsidis/analysis/replays/pass0p1/coin_replay_production_25266_-1.root,271359,291143,19784,1,291143,19784,1,1,DISCREPANCY
phase1,25267,HMSDIS,hms,/cache/hallc/c-rsidis/analysis/replays/pass0p1/hms_coin_replay_production_25267_-1.root,2118498,2118499,1,0,,,,0,OK
phase1,25268,SHMSDIS,shms,/cache/hallc/c-rsidis/analysis/replays/pass0p1/shms_coin_replay_production_25268_-1.root,1719128,,,,1719129,1,0,0,OK
phase1,25269,PI+SIDIS,coin,/cache/hallc/c-rsidis/analysis/replays/pass0p1/coin_replay_production_25269_-1.root,240591,258763,18172,1,258763,18172,1,1,DISCREPANCY
phase1,25270,HMSDIS,hms,/cache/hallc/c-rsidis/analysis/replays/pass0p1/hms_coin_replay_production_25270_-1.root,2386703,2386704,1,0,,,,0,OK
phase1,25271,SHMSDIS,shms,/cache/hallc/c-rsidis/analysis/replays/pass0p1/shms_coin_replay_production_25271_-1.root,1477785,,,,1477786,1,0,0,OK
phase1,25272,PI+SIDIS,coin,/cache/hallc/c-rsidis/analysis/replays/pass0p1/coin_replay_production_25272_-1.root,1072180,1089735,17555,1,1089735,17555,1,1,DISCREPANCY
phase1,25273,PI+SIDIS,coin,/cache/hallc/c-rsidis/analysis/replays/pass0p1/coin_replay_production_25273_-1.root,1142065,1159683,17618,1,1159683,17618,1,1,DISCREPANCY
phase1,25274,HMSDIS,hms,/cache/hallc/c-rsidis/analysis/replays/pass0p1/hms_coin_replay_production_25274_-1.root,1665383,1665384,1,0,,,,0,OK
phase1,25275,PI+SIDIS,coin,/cache/hallc/c-rsidis/analysis/replays/pass0p1/coin_replay_production_25275_-1.root,779259,797048,17789,1,797048,17789,1,1,DISCREPANCY
phase1,25276,PI+SIDIS,coin,/cache/hallc/c-rsidis/analysis/replays/pass0p1/coin_replay_production_25276_-1.root,767679,785287,17608,1,785287,17608,1,1,DISCREPANCY
phase1,25277,PI+SIDIS,coin,/cache/hallc/c-rsidis/analysis/replays/pass0p1/coin_replay_production_25277_-1.root,744009,761778,17769,1,761778,17769,1,1,DISCREPANCY
phase1,25278,HMSDIS,hms,/cache/hallc/c-rsidis/analysis/replays/pass0p1/hms_coin_replay_production_25278_-1.root,2191874,2191875,1,0,,,,0,OK
phase1,25279,PI+SIDIS,coin,/cache/hallc/c-rsidis/analysis/replays/pass0p1/coin_replay_production_25279_-1.root,247583,265082,17499,1,265082,17499,1,1,DISCREPANCY
phase1,25280,PI+SIDIS,coin,/cache/hallc/c-rsidis/analysis/replays/pass0p1/coin_replay_production_25280_-1.root,1120371,1137539,17168,1,1137539,17168,1,1,DISCREPANCY
phase1,25281,PI+SIDIS,coin,/cache/hallc/c-rsidis/analysis/replays/pass0p1/coin_replay_production_25281_-1.root,1128746,1145745,16999,1,1145745,16999,1,1,DISCREPANCY
phase1,25282,PI+SIDIS,coin,/cache/hallc/c-rsidis/analysis/replays/pass0p1/coin_replay_production_25282_-1.root,304370,321751,17381,1,321751,17381,1,1,DISCREPANCY
phase1,25283,PI+SIDIS,coin,/cache/hallc/c-rsidis/analysis/replays/pass0p1/coin_replay_production_25283_-1.root,329421,347009,17588,1,347009,17588,1,1,DISCREPANCY
phase1,25284,HMSDIS,hms,/cache/hallc/c-rsidis/analysis/replays/pass0p1/hms_coin_replay_production_25284_-1.root,2065148,2065149,1,0,,,,0,OK
phase1,25285,SHMSDIS,shms,/cache/hallc/c-rsidis/analysis/replays/pass0p1/shms_coin_replay_production_25285_-1.root,1457381,,,,1457382,1,0,0,OK
phase1,25286,PI+SIDIS,coin,/cache/hallc/c-rsidis/analysis/replays/pass0p1/coin_replay_production_25286_-1.root,1122530,1139595,17065,1,1139595,17065,1,1,DISCREPANCY
phase1,25287,PI+SIDIS,coin,/cache/hallc/c-rsidis/analysis/replays/pass0p1/coin_replay_production_25287_-1.root,986931,1004223,17292,1,1004223,17292,1,1,DISCREPANCY
phase1,25288,PI+SIDIS,coin,/cache/hallc/c-rsidis/analysis/replays/pass0p1/coin_replay_production_25288_-1.root,1916947,1928853,11906,1,1928853,11906,1,1,DISCREPANCY
phase1,25289,PI+SIDIS,coin,/cache/hallc/c-rsidis/analysis/replays/pass0p1/coin_replay_production_25289_-1.root,346057,363296,17239,1,363296,17239,1,1,DISCREPANCY
phase1,25290,PI+SIDIS,coin,/cache/hallc/c-rsidis/analysis/replays/pass0p1/coin_replay_production_25290_-1.root,326451,343574,17123,1,343574,17123,1,1,DISCREPANCY
phase1,25291,HMSDIS,hms,/cache/hallc/c-rsidis/analysis/replays/pass0p1/hms_coin_replay_production_25291_-1.root,2296387,2296388,1,0,,,,0,OK
phase1,25292,SHMSDIS,shms,/cache/hallc/c-rsidis/analysis/replays/pass0p1/shms_coin_replay_production_25292_-1.root,1527624,,,,1527625,1,0,0,OK
phase1,25293,PI+SIDIS,coin,/cache/hallc/c-rsidis/analysis/replays/pass0p1/coin_replay_production_25293_-1.root,555306,572508,17202,1,572508,17202,1,1,DISCREPANCY
phase1,25294,HMSDIS,hms,/cache/hallc/c-rsidis/analysis/replays/pass0p1/hms_coin_replay_production_25294_-1.root,1944655,1944656,1,0,,,,0,OK
phase1,25295,PI+SIDIS,coin,/cache/hallc/c-rsidis/analysis/replays/pass0p1/coin_replay_production_25295_-1.root,1395090,1413657,18567,1,1413657,18567,1,1,DISCREPANCY
phase1,25296,PI+SIDIS,coin,/cache/hallc/c-rsidis/analysis/replays/pass0p1/coin_replay_production_25296_-1.root,1264801,1281711,16910,1,1281711,16910,1,1,DISCREPANCY
phase1,25297,HMSDIS,hms,/cache/hallc/c-rsidis/analysis/replays/pass0p1/hms_coin_replay_production_25297_-1.root,1221416,1221417,1,0,,,,0,OK
phase1,25298,PI+SIDIS,coin,/cache/hallc/c-rsidis/analysis/replays/pass0p1/coin_replay_production_25298_-1.root,1265649,1283179,17530,1,1283179,17530,1,1,DISCREPANCY
phase1,25299,PI+SIDIS,coin,/cache/hallc/c-rsidis/analysis/replays/pass0p1/coin_replay_production_25299_-1.root,354294,362643,8349,1,362643,8349,1,1,DISCREPANCY
phase1,25300,PI+SIDIS,coin,/cache/hallc/c-rsidis/analysis/replays/pass0p1/coin_replay_production_25300_-1.root,1426284,1443949,17665,1,1443949,17665,1,1,DISCREPANCY
phase1,25301,PI+SIDIS,coin,/cache/hallc/c-rsidis/analysis/replays/pass0p1/coin_replay_production_25301_-1.root,974090,988018,13928,1,988018,13928,1,1,DISCREPANCY
phase1,25302,HMSDIS,hms,/cache/hallc/c-rsidis/analysis/replays/pass0p1/hms_coin_replay_production_25302_-1.root,2004107,2004108,1,0,,,,0,OK
phase1,25303,PI+SIDIS,coin,/cache/hallc/c-rsidis/analysis/replays/pass0p1/coin_replay_production_25303_-1.root,172257,187652,15395,1,187652,15395,1,1,DISCREPANCY
phase1,25305,PI+SIDIS,coin,/cache/hallc/c-rsidis/analysis/replays/pass0p1/coin_replay_production_25305_-1.root,273074,297679,24605,1,297679,24605,1,1,DISCREPANCY
phase1,25306,PI+SIDIS,coin,/cache/hallc/c-rsidis/analysis/replays/pass0p1/coin_replay_production_25306_-1.root,134514,147734,13220,1,147734,13220,1,1,DISCREPANCY
phase1,25308,HMSDIS,hms,/cache/hallc/c-rsidis/analysis/replays/pass0p1/hms_coin_replay_production_25308_-1.root,2098160,2098161,1,0,,,,0,OK
phase1,25309,PI+SIDIS,coin,/cache/hallc/c-rsidis/analysis/replays/pass0p1/coin_replay_production_25309_-1.root,1087962,1105715,17753,1,1105715,17753,1,1,DISCREPANCY
phase1,25310,PI+SIDIS,coin,/cache/hallc/c-rsidis/analysis/replays/pass0p1/coin_replay_production_25310_-1.root,294846,308396,13550,1,308396,13550,1,1,DISCREPANCY
phase1,25311,PI+SIDIS,coin,/cache/hallc/c-rsidis/analysis/replays/pass0p1/coin_replay_production_25311_-1.root,728945,741397,12452,1,741397,12452,1,1,DISCREPANCY
phase1,25312,PI+SIDIS,coin,/cache/hallc/c-rsidis/analysis/replays/pass0p1/coin_replay_production_25312_-1.root,322262,340084,17822,1,340084,17822,1,1,DISCREPANCY
phase1,25313,PI+SIDIS,coin,/cache/hallc/c-rsidis/analysis/replays/pass0p1/coin_replay_production_25313_-1.root,327677,345173,17496,1,345173,17496,1,1,DISCREPANCY
phase1,25314,PI+SIDIS,coin,/cache/hallc/c-rsidis/analysis/replays/pass0p1/coin_replay_production_25314_-1.root,467711,476268,8557,1,476268,8557,1,1,DISCREPANCY
phase1,25315,PI+SIDIS,coin,/cache/hallc/c-rsidis/analysis/replays/pass0p1/coin_replay_production_25315_-1.root,975791,993347,17556,1,993347,17556,1,1,DISCREPANCY
phase1,25316,PI+SIDIS,coin,/cache/hallc/c-rsidis/analysis/replays/pass0p1/coin_replay_production_25316_-1.root,296436,314021,17585,1,314021,17585,1,1,DISCREPANCY
phase1,25317,PI+SIDIS,coin,/cache/hallc/c-rsidis/analysis/replays/pass0p1/coin_replay_production_25317_-1.root,548888,566591,17703,1,566591,17703,1,1,DISCREPANCY
phase1,25318,PI+SIDIS,coin,/cache/hallc/c-rsidis/analysis/replays/pass0p1/coin_replay_production_25318_-1.root,511387,528741,17354,1,528741,17354,1,1,DISCREPANCY
phase1,25319,PI+SIDIS,coin,/cache/hallc/c-rsidis/analysis/replays/pass0p1/coin_replay_production_25319_-1.root,503176,520518,17342,1,520518,17342,1,1,DISCREPANCY
phase1,25320,PI+SIDIS,coin,/cache/hallc/c-rsidis/analysis/replays/pass0p1/coin_replay_production_25320_-1.root,161499,172244,10745,1,172244,10745,1,1,DISCREPANCY
phase1,25321,PI+SIDIS,coin,/cache/hallc/c-rsidis/analysis/replays/pass0p1/coin_replay_production_25321_-1.root,245654,253946,8292,1,253946,8292,1,1,DISCREPANCY
phase1,25322,PI+SIDIS,coin,/cache/hallc/c-rsidis/analysis/replays/pass0p1/coin_replay_production_25322_-1.root,176762,194536,17774,1,194536,17774,1,1,DISCREPANCY
phase1,25323,PI+SIDIS,coin,/cache/hallc/c-rsidis/analysis/replays/pass0p1/coin_replay_production_25323_-1.root,174877,192425,17548,1,192425,17548,1,1,DISCREPANCY
phase1,25328,PI+SIDIS,coin,/cache/hallc/c-rsidis/analysis/replays/pass0p1/coin_replay_production_25328_-1.root,510309,528953,18644,1,528953,18644,1,1,DISCREPANCY
phase1,25329,PI+SIDIS,coin,/cache/hallc/c-rsidis/analysis/replays/pass0p1/coin_replay_production_25329_-1.root,579057,598238,19181,1,598238,19181,1,1,DISCREPANCY
phase1,25330,PI+SIDIS,coin,/cache/hallc/c-rsidis/analysis/replays/pass0p1/coin_replay_production_25330_-1.root,471295,488775,17480,1,488775,17480,1,1,DISCREPANCY
phase1,25331,PI+SIDIS,coin,/cache/hallc/c-rsidis/analysis/replays/pass0p1/coin_replay_production_25331_-1.root,1703752,1721982,18230,1,1721982,18230,1,1,DISCREPANCY
phase1,25333,PI+SIDIS,coin,/cache/hallc/c-rsidis/analysis/replays/pass0p1/coin_replay_production_25333_-1.root,171404,188967,17563,1,188967,17563,1,1,DISCREPANCY
phase1,25334,PI+SIDIS,coin,/cache/hallc/c-rsidis/analysis/replays/pass0p1/coin_replay_production_25334_-1.root,163779,181131,17352,1,181131,17352,1,1,DISCREPANCY
phase1,25335,HMSDIS,hms,/cache/hallc/c-rsidis/analysis/replays/pass0p1/hms_coin_replay_production_25335_-1.root,2093344,2093345,1,0,,,,0,OK
phase1,25336,PI+SIDIS,coin,/cache/hallc/c-rsidis/analysis/replays/pass0p1/coin_replay_production_25336_-1.root,361885,380707,18822,1,380707,18822,1,1,DISCREPANCY
phase1,25337,PI+SIDIS,coin,/cache/hallc/c-rsidis/analysis/replays/pass0p1/coin_replay_production_25337_-1.root,244649,262299,17650,1,262299,17650,1,1,DISCREPANCY
phase1,25338,PI+SIDIS,coin,/cache/hallc/c-rsidis/analysis/replays/pass0p1/coin_replay_production_25338_-1.root,231185,248311,17126,1,248311,17126,1,1,DISCREPANCY
phase1,25340,PI+SIDIS,coin,/cache/hallc/c-rsidis/analysis/replays/pass0p1/coin_replay_production_25340_-1.root,388327,407834,19507,1,407834,19507,1,1,DISCREPANCY
phase1,25341,PI+SIDIS,coin,/cache/hallc/c-rsidis/analysis/replays/pass0p1/coin_replay_production_25341_-1.root,222137,233741,11604,1,233741,11604,1,1,DISCREPANCY
phase1,25342,PI+SIDIS,coin,/cache/hallc/c-rsidis/analysis/replays/pass0p1/coin_replay_production_25342_-1.root,306249,321197,14948,1,321197,14948,1,1,DISCREPANCY
phase1,25343,PI+SIDIS,coin,/cache/hallc/c-rsidis/analysis/replays/pass0p1/coin_replay_production_25343_-1.root,285771,300133,14362,1,300133,14362,1,1,DISCREPANCY
phase1,25344,PI+SIDIS,coin,/cache/hallc/c-rsidis/analysis/replays/pass0p1/coin_replay_production_25344_-1.root,519311,536953,17642,1,536953,17642,1,1,DISCREPANCY
phase1,25345,PI+SIDIS,coin,/cache/hallc/c-rsidis/analysis/replays/pass0p1/coin_replay_production_25345_-1.root,296200,306765,10565,1,306765,10565,1,1,DISCREPANCY
phase1,25356,PI+SIDIS,coin,/cache/hallc/c-rsidis/analysis/replays/pass0p1/coin_replay_production_25356_-1.root,747127,766485,19358,1,766485,19358,1,1,DISCREPANCY
phase1,25357,PI+SIDIS,coin,/cache/hallc/c-rsidis/analysis/replays/pass0p1/coin_replay_production_25357_-1.root,729456,746960,17504,1,746960,17504,1,1,DISCREPANCY
phase1,25358,PI+SIDIS,coin,/cache/hallc/c-rsidis/analysis/replays/pass0p1/coin_replay_production_25358_-1.root,1859076,1875482,16406,1,1875482,16406,1,1,DISCREPANCY
phase1,25359,PI+SIDIS,coin,/cache/hallc/c-rsidis/analysis/replays/pass0p1/coin_replay_production_25359_-1.root,262826,280313,17487,1,280313,17487,1,1,DISCREPANCY
phase1,25360,PI+SIDIS,coin,/cache/hallc/c-rsidis/analysis/replays/pass0p1/coin_replay_production_25360_-1.root,267356,284800,17444,1,284800,17444,1,1,DISCREPANCY
phase1,25361,HMSDIS,hms,/cache/hallc/c-rsidis/analysis/replays/pass0p1/hms_coin_replay_production_25361_-1.root,2151603,2151604,1,0,,,,0,OK
phase1,25363,PI+SIDIS,coin,/cache/hallc/c-rsidis/analysis/replays/pass0p1/coin_replay_production_25363_-1.root,1392382,1410671,18289,1,1410671,18289,1,1,DISCREPANCY
phase1,25364,PI+SIDIS,coin,/cache/hallc/c-rsidis/analysis/replays/pass0p1/coin_replay_production_25364_-1.root,1747813,1762753,14940,1,1762753,14940,1,1,DISCREPANCY
phase1,25365,PI+SIDIS,coin,/cache/hallc/c-rsidis/analysis/replays/pass0p1/coin_replay_production_25365_-1.root,567477,585727,18250,1,585727,18250,1,1,DISCREPANCY
phase1,25366,PI+SIDIS,coin,/cache/hallc/c-rsidis/analysis/replays/pass0p1/coin_replay_production_25366_-1.root,273588,291543,17955,1,291543,17955,1,1,DISCREPANCY
phase1,25367,HMSDIS,hms,/cache/hallc/c-rsidis/analysis/replays/pass0p1/hms_coin_replay_production_25367_-1.root,2128903,2128904,1,0,,,,0,OK
phase1,25368,PI+SIDIS,coin,/cache/hallc/c-rsidis/analysis/replays/pass0p1/coin_replay_production_25368_-1.root,236293,254370,18077,1,254370,18077,1,1,DISCREPANCY
phase1,25369,HMSDIS,hms,/cache/hallc/c-rsidis/analysis/replays/pass0p1/hms_coin_replay_production_25369_-1.root,2158940,2158941,1,0,,,,0,OK
phase1,25370,PI+SIDIS,coin,/cache/hallc/c-rsidis/analysis/replays/pass0p1/coin_replay_production_25370_-1.root,33381,44234,10853,1,44234,10853,1,1,DISCREPANCY
phase1,25371,PI+SIDIS,coin,/cache/hallc/c-rsidis/analysis/replays/pass0p1/coin_replay_production_25371_-1.root,978489,996665,18176,1,996665,18176,1,1,DISCREPANCY
phase1,25372,PI+SIDIS,coin,/cache/hallc/c-rsidis/analysis/replays/pass0p1/coin_replay_production_25372_-1.root,1235260,1253660,18400,1,1253660,18400,1,1,DISCREPANCY
phase1,25373,HMSDIS,hms,/cache/hallc/c-rsidis/analysis/replays/pass0p1/hms_coin_replay_production_25373_-1.root,1638070,1638071,1,0,,,,0,OK
phase1,25374,PI+SIDIS,coin,/cache/hallc/c-rsidis/analysis/replays/pass0p1/coin_replay_production_25374_-1.root,1157691,1182113,24422,1,1182113,24422,1,1,DISCREPANCY
phase1,25375,PI+SIDIS,coin,/cache/hallc/c-rsidis/analysis/replays/pass0p1/coin_replay_production_25375_-1.root,765569,782790,17221,1,782790,17221,1,1,DISCREPANCY
phase1,25376,PI+SIDIS,coin,/cache/hallc/c-rsidis/analysis/replays/pass0p1/coin_replay_production_25376_-1.root,737880,755769,17889,1,755769,17889,1,1,DISCREPANCY
phase1,25378,HMSDIS,hms,/cache/hallc/c-rsidis/analysis/replays/pass0p1/hms_coin_replay_production_25378_-1.root,1551787,1551788,1,0,,,,0,OK
phase1,25379,PI+SIDIS,coin,/cache/hallc/c-rsidis/analysis/replays/pass0p1/coin_replay_production_25379_-1.root,1692283,1702152,9869,1,1702152,9869,1,1,DISCREPANCY
phase1,25380,PI+SIDIS,coin,/cache/hallc/c-rsidis/analysis/replays/pass0p1/coin_replay_production_25380_-1.root,910801,929447,18646,1,929447,18646,1,1,DISCREPANCY
phase1,25381,PI+SIDIS,coin,/cache/hallc/c-rsidis/analysis/replays/pass0p1/coin_replay_production_25381_-1.root,959488,979963,20475,1,979963,20475,1,1,DISCREPANCY
phase1,25382,PI+SIDIS,coin,/cache/hallc/c-rsidis/analysis/replays/pass0p1/coin_replay_production_25382_-1.root,280782,300283,19501,1,300283,19501,1,1,DISCREPANCY
phase1,25383,PI+SIDIS,coin,/cache/hallc/c-rsidis/analysis/replays/pass0p1/coin_replay_production_25383_-1.root,289095,309451,20356,1,309451,20356,1,1,DISCREPANCY
phase1,25384,PI+SIDIS,coin,/cache/hallc/c-rsidis/analysis/replays/pass0p1/coin_replay_production_25384_-1.root,140402,150054,9652,1,150054,9652,1,1,DISCREPANCY
phase1,25385,PI+SIDIS,coin,/cache/hallc/c-rsidis/analysis/replays/pass0p1/coin_replay_production_25385_-1.root,398230,422629,24399,1,422629,24399,1,1,DISCREPANCY
phase1,25386,PI+SIDIS,coin,/cache/hallc/c-rsidis/analysis/replays/pass0p1/coin_replay_production_25386_-1.root,386785,410477,23692,1,410477,23692,1,1,DISCREPANCY
phase1,25387,PI+SIDIS,coin,/cache/hallc/c-rsidis/analysis/replays/pass0p1/coin_replay_production_25387_-1.root,900593,921112,20519,1,921112,20519,1,1,DISCREPANCY
phase1,25388,PI+SIDIS,coin,/cache/hallc/c-rsidis/analysis/replays/pass0p1/coin_replay_production_25388_-1.root,109729,129002,19273,1,129002,19273,1,1,DISCREPANCY
phase1,25389,PI+SIDIS,coin,/cache/hallc/c-rsidis/analysis/replays/pass0p1/coin_replay_production_25389_-1.root,109263,127771,18508,1,127771,18508,1,1,DISCREPANCY
phase1,25391,HMSDIS,hms,/cache/hallc/c-rsidis/analysis/replays/pass0p1/hms_coin_replay_production_25391_-1.root,2101330,2101331,1,0,,,,0,OK
phase1,25394,PI+SIDIS,coin,/cache/hallc/c-rsidis/analysis/replays/pass0p1/coin_replay_production_25394_-1.root,111785,130049,18264,1,130049,18264,1,1,DISCREPANCY
phase1,25395,PI+SIDIS,coin,/cache/hallc/c-rsidis/analysis/replays/pass0p1/coin_replay_production_25395_-1.root,96359,113793,17434,1,113793,17434,1,1,DISCREPANCY
phase1,25396,HMSDIS,hms,/cache/hallc/c-rsidis/analysis/replays/pass0p1/hms_coin_replay_production_25396_-1.root,2280935,2280936,1,0,,,,0,OK
phase1,25397,HMSDIS,hms,/cache/hallc/c-rsidis/analysis/replays/pass0p1/hms_coin_replay_production_25397_-1.root,772905,772906,1,0,,,,0,OK
phase1,25399,HMSDIS,hms,/cache/hallc/c-rsidis/analysis/replays/pass0p1/hms_coin_replay_production_25399_-1.root,640135,640136,1,0,,,,0,OK
phase1,25400,HMSDIS,hms,/cache/hallc/c-rsidis/analysis/replays/pass0p1/hms_coin_replay_production_25400_-1.root,589456,589457,1,0,,,,0,OK
phase1,25401,HMSDIS,hms,/cache/hallc/c-rsidis/analysis/replays/pass0p1/hms_coin_replay_production_25401_-1.root,591088,591089,1,0,,,,0,OK
phase1,25402,HMSDIS,hms,/cache/hallc/c-rsidis/analysis/replays/pass0p1/hms_coin_replay_production_25402_-1.root,676072,676073,1,0,,,,0,OK
phase1,25403,HMSDIS,hms,/cache/hallc/c-rsidis/analysis/replays/pass0p1/hms_coin_replay_production_25403_-1.root,495286,495287,1,0,,,,0,OK
phase1,25404,HMSDIS,hms,/cache/hallc/c-rsidis/analysis/replays/pass0p1/hms_coin_replay_production_25404_-1.root,525279,525280,1,0,,,,0,OK
phase1,25405,HMSDIS,hms,/cache/hallc/c-rsidis/analysis/replays/pass0p1/hms_coin_replay_production_25405_-1.root,418723,418724,1,0,,,,0,OK
phase1,25406,HMSDIS,hms,/cache/hallc/c-rsidis/analysis/replays/pass0p1/hms_coin_replay_production_25406_-1.root,755696,755697,1,0,,,,0,OK
phase1,25407,HMSDIS,hms,/cache/hallc/c-rsidis/analysis/replays/pass0p1/hms_coin_replay_production_25407_-1.root,836466,836467,1,0,,,,0,OK
phase1,25408,HMSDIS,hms,/cache/hallc/c-rsidis/analysis/replays/pass0p1/hms_coin_replay_production_25408_-1.root,390271,390272,1,0,,,,0,OK
phase1,25409,HMSDIS,hms,/cache/hallc/c-rsidis/analysis/replays/pass0p1/hms_coin_replay_production_25409_-1.root,594910,594911,1,0,,,,0,OK
phase1,25410,HMSDIS,hms,/cache/hallc/c-rsidis/analysis/replays/pass0p1/hms_coin_replay_production_25410_-1.root,538710,538711,1,0,,,,0,OK
phase1,25411,HMSDIS,hms,/cache/hallc/c-rsidis/analysis/replays/pass0p1/hms_coin_replay_production_25411_-1.root,743494,743495,1,0,,,,0,OK
phase1,25412,HMSDIS,hms,/cache/hallc/c-rsidis/analysis/replays/pass0p1/hms_coin_replay_production_25412_-1.root,744973,744974,1,0,,,,0,OK
phase1,25413,HMSDIS,hms,/cache/hallc/c-rsidis/analysis/replays/pass0p1/hms_coin_replay_production_25413_-1.root,616912,616913,1,0,,,,0,OK
phase1,25414,HMSDIS,hms,/cache/hallc/c-rsidis/analysis/replays/pass0p1/hms_coin_replay_production_25414_-1.root,785782,785783,1,0,,,,0,OK
phase1,25415,HMSDIS,hms,/cache/hallc/c-rsidis/analysis/replays/pass0p1/hms_coin_replay_production_25415_-1.root,703888,703889,1,0,,,,0,OK
phase1,25416,HMSDIS,hms,/cache/hallc/c-rsidis/analysis/replays/pass0p1/hms_coin_replay_production_25416_-1.root,583137,583138,1,0,,,,0,OK
phase1,25417,HMSDIS,hms,/cache/hallc/c-rsidis/analysis/replays/pass0p1/hms_coin_replay_production_25417_-1.root,670663,670664,1,0,,,,0,OK
phase1,25418,HMSDIS,hms,/cache/hallc/c-rsidis/analysis/replays/pass0p1/hms_coin_replay_production_25418_-1.root,609428,609429,1,0,,,,0,OK
phase1,25420,HMSDIS,hms,/cache/hallc/c-rsidis/analysis/replays/pass0p1/hms_coin_replay_production_25420_-1.root,607030,607031,1,0,,,,0,OK
phase1,25421,HMSDIS,hms,/cache/hallc/c-rsidis/analysis/replays/pass0p1/hms_coin_replay_production_25421_-1.root,592665,592666,1,0,,,,0,OK
phase1,25422,HMSDIS,hms,/cache/hallc/c-rsidis/analysis/replays/pass0p1/hms_coin_replay_production_25422_-1.root,710670,710671,1,0,,,,0,OK
phase1,25423,PI-SIDIS,coin,/cache/hallc/c-rsidis/analysis/replays/pass0p1/coin_replay_production_25423_-1.root,147610,166237,18627,1,166237,18627,1,1,DISCREPANCY
phase1,25424,PI-SIDIS,coin,/cache/hallc/c-rsidis/analysis/replays/pass0p1/coin_replay_production_25424_-1.root,135356,154820,19464,1,154820,19464,1,1,DISCREPANCY
phase1,25425,PI-SIDIS,coin,/cache/hallc/c-rsidis/analysis/replays/pass0p1/coin_replay_production_25425_-1.root,143014,161007,17993,1,161007,17993,1,1,DISCREPANCY
phase1,25426,PI-SIDIS,coin,/cache/hallc/c-rsidis/analysis/replays/pass0p1/coin_replay_production_25426_-1.root,133653,151849,18196,1,151849,18196,1,1,DISCREPANCY
phase1,25427,PI-SIDIS,coin,/cache/hallc/c-rsidis/analysis/replays/pass0p1/coin_replay_production_25427_-1.root,138200,158007,19807,1,158007,19807,1,1,DISCREPANCY
phase1,25428,PI-SIDIS,coin,/cache/hallc/c-rsidis/analysis/replays/pass0p1/coin_replay_production_25428_-1.root,450407,470290,19883,1,470290,19883,1,1,DISCREPANCY
phase1,25429,PI-SIDIS,coin,/cache/hallc/c-rsidis/analysis/replays/pass0p1/coin_replay_production_25429_-1.root,44120,62489,18369,1,62489,18369,1,1,DISCREPANCY
phase1,25430,PI-SIDIS,coin,/cache/hallc/c-rsidis/analysis/replays/pass0p1/coin_replay_production_25430_-1.root,40924,59767,18843,1,59767,18843,1,1,DISCREPANCY
phase1,25431,HMSDIS,hms,/cache/hallc/c-rsidis/analysis/replays/pass0p1/hms_coin_replay_production_25431_-1.root,2014305,2014306,1,0,,,,0,OK
phase1,25432,PI-SIDIS,coin,/cache/hallc/c-rsidis/analysis/replays/pass0p1/coin_replay_production_25432_-1.root,51518,69710,18192,1,69710,18192,1,1,DISCREPANCY
phase1,25433,PI-SIDIS,coin,/cache/hallc/c-rsidis/analysis/replays/pass0p1/coin_replay_production_25433_-1.root,37584,62332,24748,1,62332,24748,1,1,DISCREPANCY
phase1,25434,PI-SIDIS,coin,/cache/hallc/c-rsidis/analysis/replays/pass0p1/coin_replay_production_25434_-1.root,395909,413528,17619,1,413528,17619,1,1,DISCREPANCY
phase1,25435,PI-SIDIS,coin,/cache/hallc/c-rsidis/analysis/replays/pass0p1/coin_replay_production_25435_-1.root,394796,414934,20138,1,414934,20138,1,1,DISCREPANCY
phase1,25436,PI-SIDIS,coin,/cache/hallc/c-rsidis/analysis/replays/pass0p1/coin_replay_production_25436_-1.root,434292,452182,17890,1,452182,17890,1,1,DISCREPANCY
phase1,25437,PI-SIDIS,coin,/cache/hallc/c-rsidis/analysis/replays/pass0p1/coin_replay_production_25437_-1.root,1127240,1145076,17836,1,1145076,17836,1,1,DISCREPANCY
phase1,25438,PI-SIDIS,coin,/cache/hallc/c-rsidis/analysis/replays/pass0p1/coin_replay_production_25438_-1.root,120374,138483,18109,1,138483,18109,1,1,DISCREPANCY
phase1,25439,PI-SIDIS,coin,/cache/hallc/c-rsidis/analysis/replays/pass0p1/coin_replay_production_25439_-1.root,103683,121445,17762,1,121445,17762,1,1,DISCREPANCY
phase1,25440,PI-SIDIS,coin,/cache/hallc/c-rsidis/analysis/replays/pass0p1/coin_replay_production_25440_-1.root,86476,104329,17853,1,104329,17853,1,1,DISCREPANCY
phase1,25441,PI-SIDIS,coin,/cache/hallc/c-rsidis/analysis/replays/pass0p1/coin_replay_production_25441_-1.root,125397,143266,17869,1,143266,17869,1,1,DISCREPANCY
phase1,25442,PI-SIDIS,coin,/cache/hallc/c-rsidis/analysis/replays/pass0p1/coin_replay_production_25442_-1.root,442290,463176,20886,1,463176,20886,1,1,DISCREPANCY
phase1,25443,PI-SIDIS,coin,/cache/hallc/c-rsidis/analysis/replays/pass0p1/coin_replay_production_25443_-1.root,1574598,1591715,17117,1,1591715,17117,1,1,DISCREPANCY
phase1,25444,PI-SIDIS,coin,/cache/hallc/c-rsidis/analysis/replays/pass0p1/coin_replay_production_25444_-1.root,1334729,1351973,17244,1,1351973,17244,1,1,DISCREPANCY
phase1,25445,PI-SIDIS,coin,/cache/hallc/c-rsidis/analysis/replays/pass0p1/coin_replay_production_25445_-1.root,1596307,1613653,17346,1,1613653,17346,1,1,DISCREPANCY
phase1,25446,PI-SIDIS,coin,/cache/hallc/c-rsidis/analysis/replays/pass0p1/coin_replay_production_25446_-1.root,428742,446466,17724,1,446466,17724,1,1,DISCREPANCY
phase1,25447,PI-SIDIS,coin,/cache/hallc/c-rsidis/analysis/replays/pass0p1/coin_replay_production_25447_-1.root,260519,278110,17591,1,278110,17591,1,1,DISCREPANCY
phase1,25448,PI-SIDIS,coin,/cache/hallc/c-rsidis/analysis/replays/pass0p1/coin_replay_production_25448_-1.root,814642,832197,17555,1,832197,17555,1,1,DISCREPANCY
phase1,25449,PI-SIDIS,coin,/cache/hallc/c-rsidis/analysis/replays/pass0p1/coin_replay_production_25449_-1.root,954607,972137,17530,1,972137,17530,1,1,DISCREPANCY
phase1,25450,PI-SIDIS,coin,/cache/hallc/c-rsidis/analysis/replays/pass0p1/coin_replay_production_25450_-1.root,746690,764809,18119,1,764809,18119,1,1,DISCREPANCY
phase1,25451,PI-SIDIS,coin,/cache/hallc/c-rsidis/analysis/replays/pass0p1/coin_replay_production_25451_-1.root,262069,280234,18165,1,280234,18165,1,1,DISCREPANCY
phase1,25452,PI-SIDIS,coin,/cache/hallc/c-rsidis/analysis/replays/pass0p1/coin_replay_production_25452_-1.root,265287,282599,17312,1,282599,17312,1,1,DISCREPANCY
phase1,25453,PI-SIDIS,coin,/cache/hallc/c-rsidis/analysis/replays/pass0p1/coin_replay_production_25453_-1.root,378266,396330,18064,1,396330,18064,1,1,DISCREPANCY
phase1,25455,PI-SIDIS,coin,/cache/hallc/c-rsidis/analysis/replays/pass0p1/coin_replay_production_25455_-1.root,519006,532269,13263,1,532269,13263,1,1,DISCREPANCY
phase1,25456,HMSDIS,hms,/cache/hallc/c-rsidis/analysis/replays/pass0p1/hms_coin_replay_production_25456_-1.root,1978544,1978545,1,0,,,,0,OK
phase1,25457,PI-SIDIS,coin,/cache/hallc/c-rsidis/analysis/replays/pass0p1/coin_replay_production_25457_-1.root,948988,972620,23632,1,972620,23632,1,1,DISCREPANCY
phase1,25459,PI-SIDIS,coin,/cache/hallc/c-rsidis/analysis/replays/pass0p1/coin_replay_production_25459_-1.root,697860,721059,23199,1,721059,23199,1,1,DISCREPANCY
phase1,25461,HMSDIS,hms,/cache/hallc/c-rsidis/analysis/replays/pass0p1/hms_coin_replay_production_25461_-1.root,1921511,1921512,1,0,,,,0,OK
phase1,25462,PI-SIDIS,coin,/cache/hallc/c-rsidis/analysis/replays/pass0p1/coin_replay_production_25462_-1.root,431685,456860,25175,1,456860,25175,1,1,DISCREPANCY
phase1,25463,PI-SIDIS,coin,/cache/hallc/c-rsidis/analysis/replays/pass0p1/coin_replay_production_25463_-1.root,145390,170019,24629,1,170019,24629,1,1,DISCREPANCY
phase1,25464,PI+SIDIS,coin,/cache/hallc/c-rsidis/analysis/replays/pass0p1/coin_replay_production_25464_-1.root,280059,305311,25252,1,305311,25252,1,1,DISCREPANCY
phase1,25465,PI+SIDIS,coin,/cache/hallc/c-rsidis/analysis/replays/pass0p1/coin_replay_production_25465_-1.root,730989,756054,25065,1,756054,25065,1,1,DISCREPANCY
phase1,25466,PI+SIDIS,coin,/cache/hallc/c-rsidis/analysis/replays/pass0p1/coin_replay_production_25466_-1.root,696067,714002,17935,1,714002,17935,1,1,DISCREPANCY
phase1,25467,PI+SIDIS,coin,/cache/hallc/c-rsidis/analysis/replays/pass0p1/coin_replay_production_25467_-1.root,1365890,1390655,24765,1,1390655,24765,1,1,DISCREPANCY
phase1,25468,PI+SIDIS,coin,/cache/hallc/c-rsidis/analysis/replays/pass0p1/coin_replay_production_25468_-1.root,1229986,1247877,17891,1,1247877,17891,1,1,DISCREPANCY
phase1,25469,PI+SIDIS,coin,/cache/hallc/c-rsidis/analysis/replays/pass0p1/coin_replay_production_25469_-1.root,428483,446606,18123,1,446606,18123,1,1,DISCREPANCY
phase1,25470,HMSDIS,hms,/cache/hallc/c-rsidis/analysis/replays/pass0p1/hms_coin_replay_production_25470_-1.root,1588616,1588617,1,0,,,,0,OK
phase1,25471,HMSDIS,hms,/cache/hallc/c-rsidis/analysis/replays/pass0p1/hms_coin_replay_production_25471_-1.root,1915865,1915866,1,0,,,,0,OK
phase1,25472,HMSDIS,hms,/cache/hallc/c-rsidis/analysis/replays/pass0p1/hms_coin_replay_production_25472_-1.root,1268416,1268417,1,0,,,,0,OK
phase1,25473,HMSDIS,hms,/cache/hallc/c-rsidis/analysis/replays/pass0p1/hms_coin_replay_production_25473_-1.root,1524078,1524079,1,0,,,,0,OK
phase1,25474,PI+SIDIS,coin,/cache/hallc/c-rsidis/analysis/replays/pass0p1/coin_replay_production_25474_-1.root,535558,561466,25908,1,561466,25908,1,1,DISCREPANCY
phase1,25475,SHMSHEEP,coin,/cache/hallc/c-rsidis/analysis/replays/pass0p1/coin_replay_production_25475_-1.root,1397,21156,19759,1,21156,19759,1,1,DISCREPANCY
phase1,25476,SHMSHEEP,coin,/cache/hallc/c-rsidis/analysis/replays/pass0p1/coin_replay_production_25476_-1.root,10962,30203,19241,1,30203,19241,1,1,DISCREPANCY
phase1,25477,SHMSHEEP,coin,/cache/hallc/c-rsidis/analysis/replays/pass0p1/coin_replay_production_25477_-1.root,12853,31273,18420,1,31273,18420,1,1,DISCREPANCY
phase1,25478,SHMSHEEP,coin,/cache/hallc/c-rsidis/analysis/replays/pass0p1/coin_replay_production_25478_-1.root,12418,31113,18695,1,31113,18695,1,1,DISCREPANCY
phase1,25479,SHMSHEEP,coin,/cache/hallc/c-rsidis/analysis/replays/pass0p1/coin_replay_production_25479_-1.root,12406,32170,19764,1,32170,19764,1,1,DISCREPANCY
phase1,25480,SHMSHEEP,coin,/cache/hallc/c-rsidis/analysis/replays/pass0p1/coin_replay_production_25480_-1.root,10437,28806,18369,1,28806,18369,1,1,DISCREPANCY
phase1,25481,SHMSHEEP,coin,/cache/hallc/c-rsidis/analysis/replays/pass0p1/coin_replay_production_25481_-1.root,6595,21473,14878,1,21473,14878,1,1,DISCREPANCY
phase1,25482,SHMSHEEP,coin,/cache/hallc/c-rsidis/analysis/replays/pass0p1/coin_replay_production_25482_-1.root,2582,8134,5552,1,8134,5552,1,1,DISCREPANCY
phase1,25483,SHMSHEEP,coin,/cache/hallc/c-rsidis/analysis/replays/pass0p1/coin_replay_production_25483_-1.root,7182,25910,18728,1,25910,18728,1,1,DISCREPANCY
phase1,25484,PI-SIDIS,coin,/cache/hallc/c-rsidis/analysis/replays/pass0p1/coin_replay_production_25484_-1.root,1201496,1218911,17415,1,1218911,17415,1,1,DISCREPANCY
phase1,25485,PI-SIDIS,coin,/cache/hallc/c-rsidis/analysis/replays/pass0p1/coin_replay_production_25485_-1.root,1544252,1561533,17281,1,1561533,17281,1,1,DISCREPANCY
phase1,25486,PI-SIDIS,coin,/cache/hallc/c-rsidis/analysis/replays/pass0p1/coin_replay_production_25486_-1.root,1543663,1562118,18455,1,1562118,18455,1,1,DISCREPANCY
phase1,25487,PI-SIDIS,coin,/cache/hallc/c-rsidis/analysis/replays/pass0p1/coin_replay_production_25487_-1.root,1528025,1545204,17179,1,1545204,17179,1,1,DISCREPANCY
phase1,25488,PI-SIDIS,coin,/cache/hallc/c-rsidis/analysis/replays/pass0p1/coin_replay_production_25488_-1.root,1610305,1628035,17730,1,1628035,17730,1,1,DISCREPANCY
phase1,25489,PI-SIDIS,coin,/cache/hallc/c-rsidis/analysis/replays/pass0p1/coin_replay_production_25489_-1.root,489227,509411,20184,1,509411,20184,1,1,DISCREPANCY
phase1,25490,PI-SIDIS,coin,/cache/hallc/c-rsidis/analysis/replays/pass0p1/coin_replay_production_25490_-1.root,365456,380855,15399,1,380855,15399,1,1,DISCREPANCY
phase1,25491,PI-SIDIS,coin,/cache/hallc/c-rsidis/analysis/replays/pass0p1/coin_replay_production_25491_-1.root,985179,1002648,17469,1,1002648,17469,1,1,DISCREPANCY
phase1,25492,PI-SIDIS,coin,/cache/hallc/c-rsidis/analysis/replays/pass0p1/coin_replay_production_25492_-1.root,947876,965271,17395,1,965271,17395,1,1,DISCREPANCY
phase1,25493,PI-SIDIS,coin,/cache/hallc/c-rsidis/analysis/replays/pass0p1/coin_replay_production_25493_-1.root,899696,915703,16007,1,915703,16007,1,1,DISCREPANCY
phase1,25494,PI-SIDIS,coin,/cache/hallc/c-rsidis/analysis/replays/pass0p1/coin_replay_production_25494_-1.root,747752,763873,16121,1,763873,16121,1,1,DISCREPANCY
phase1,25495,PI-SIDIS,coin,/cache/hallc/c-rsidis/analysis/replays/pass0p1/coin_replay_production_25495_-1.root,1033838,1052844,19006,1,1052844,19006,1,1,DISCREPANCY
phase1,25496,PI-SIDIS,coin,/cache/hallc/c-rsidis/analysis/replays/pass0p1/coin_replay_production_25496_-1.root,256170,274116,17946,1,274116,17946,1,1,DISCREPANCY
phase1,25497,PI-SIDIS,coin,/cache/hallc/c-rsidis/analysis/replays/pass0p1/coin_replay_production_25497_-1.root,270194,288977,18783,1,288977,18783,1,1,DISCREPANCY
phase1,25498,PI-SIDIS,coin,/cache/hallc/c-rsidis/analysis/replays/pass0p1/coin_replay_production_25498_-1.root,384521,403372,18851,1,403372,18851,1,1,DISCREPANCY
phase1,25499,PI-SIDIS,coin,/cache/hallc/c-rsidis/analysis/replays/pass0p1/coin_replay_production_25499_-1.root,831633,849122,17489,1,849122,17489,1,1,DISCREPANCY
phase1,25500,PI-SIDIS,coin,/cache/hallc/c-rsidis/analysis/replays/pass0p1/coin_replay_production_25500_-1.root,775704,793131,17427,1,793131,17427,1,1,DISCREPANCY
phase1,25501,PI-SIDIS,coin,/cache/hallc/c-rsidis/analysis/replays/pass0p1/coin_replay_production_25501_-1.root,853376,872095,18719,1,872095,18719,1,1,DISCREPANCY
phase1,25502,PI-SIDIS,coin,/cache/hallc/c-rsidis/analysis/replays/pass0p1/coin_replay_production_25502_-1.root,851203,871631,20428,1,871631,20428,1,1,DISCREPANCY
phase1,25503,PI-SIDIS,coin,/cache/hallc/c-rsidis/analysis/replays/pass0p1/coin_replay_production_25503_-1.root,829655,847348,17693,1,847348,17693,1,1,DISCREPANCY
phase1,25504,PI-SIDIS,coin,/cache/hallc/c-rsidis/analysis/replays/pass0p1/coin_replay_production_25504_-1.root,228489,246610,18121,1,246610,18121,1,1,DISCREPANCY
phase1,25505,PI-SIDIS,coin,/cache/hallc/c-rsidis/analysis/replays/pass0p1/coin_replay_production_25505_-1.root,229572,248350,18778,1,248350,18778,1,1,DISCREPANCY
phase1,25506,PI-SIDIS,coin,/cache/hallc/c-rsidis/analysis/replays/pass0p1/coin_replay_production_25506_-1.root,813003,830951,17948,1,830951,17948,1,1,DISCREPANCY
phase1,25507,PI-SIDIS,coin,/cache/hallc/c-rsidis/analysis/replays/pass0p1/coin_replay_production_25507_-1.root,921677,942247,20570,1,942247,20570,1,1,DISCREPANCY
phase1,25508,PI-SIDIS,coin,/cache/hallc/c-rsidis/analysis/replays/pass0p1/coin_replay_production_25508_-1.root,815775,833241,17466,1,833241,17466,1,1,DISCREPANCY
phase1,25509,PI-SIDIS,coin,/cache/hallc/c-rsidis/analysis/replays/pass0p1/coin_replay_production_25509_-1.root,809884,827073,17189,1,827073,17189,1,1,DISCREPANCY
phase1,25510,PI-SIDIS,coin,/cache/hallc/c-rsidis/analysis/replays/pass0p1/coin_replay_production_25510_-1.root,281482,291833,10351,1,291833,10351,1,1,DISCREPANCY
phase1,25511,PI-SIDIS,coin,/cache/hallc/c-rsidis/analysis/replays/pass0p1/coin_replay_production_25511_-1.root,513274,524743,11469,1,524743,11469,1,1,DISCREPANCY
phase1,25512,PI-SIDIS,coin,/cache/hallc/c-rsidis/analysis/replays/pass0p1/coin_replay_production_25512_-1.root,222606,240867,18261,1,240867,18261,1,1,DISCREPANCY
phase1,25513,PI-SIDIS,coin,/cache/hallc/c-rsidis/analysis/replays/pass0p1/coin_replay_production_25513_-1.root,221029,238365,17336,1,238365,17336,1,1,DISCREPANCY
phase1,25514,PI-SIDIS,coin,/cache/hallc/c-rsidis/analysis/replays/pass0p1/coin_replay_production_25514_-1.root,234654,252038,17384,1,252038,17384,1,1,DISCREPANCY
phase1,25515,PI-SIDIS,coin,/cache/hallc/c-rsidis/analysis/replays/pass0p1/coin_replay_production_25515_-1.root,86287,89100,2813,1,89100,2813,1,1,DISCREPANCY
phase1,25516,PI-SIDIS,coin,/cache/hallc/c-rsidis/analysis/replays/pass0p1/coin_replay_production_25516_-1.root,624598,641305,16707,1,641305,16707,1,1,DISCREPANCY
phase1,25517,PI-SIDIS,coin,/cache/hallc/c-rsidis/analysis/replays/pass0p1/coin_replay_production_25517_-1.root,675286,692438,17152,1,692438,17152,1,1,DISCREPANCY
phase1,25518,PI-SIDIS,coin,/cache/hallc/c-rsidis/analysis/replays/pass0p1/coin_replay_production_25518_-1.root,754747,772419,17672,1,772419,17672,1,1,DISCREPANCY
phase1,25519,PI-SIDIS,coin,/cache/hallc/c-rsidis/analysis/replays/pass0p1/coin_replay_production_25519_-1.root,706888,724403,17515,1,724403,17515,1,1,DISCREPANCY
phase1,25520,PI-SIDIS,coin,/cache/hallc/c-rsidis/analysis/replays/pass0p1/coin_replay_production_25520_-1.root,772317,792205,19888,1,792205,19888,1,1,DISCREPANCY
phase1,25532,PI-SIDIS,coin,/cache/hallc/c-rsidis/analysis/replays/pass0p1/coin_replay_production_25532_-1.root,786210,803518,17308,1,803518,17308,1,1,DISCREPANCY
phase1,25533,PI-SIDIS,coin,/cache/hallc/c-rsidis/analysis/replays/pass0p1/coin_replay_production_25533_-1.root,458569,475815,17246,1,475815,17246,1,1,DISCREPANCY
phase1,25534,PI-SIDIS,coin,/cache/hallc/c-rsidis/analysis/replays/pass0p1/coin_replay_production_25534_-1.root,599460,616447,16987,1,616447,16987,1,1,DISCREPANCY
phase1,25536,PI-SIDIS,coin,/cache/hallc/c-rsidis/analysis/replays/pass0p1/coin_replay_production_25536_-1.root,197860,209489,11629,1,209489,11629,1,1,DISCREPANCY
phase1,25538,PI-SIDIS,coin,/cache/hallc/c-rsidis/analysis/replays/pass0p1/coin_replay_production_25538_-1.root,727025,747319,20294,1,747319,20294,1,1,DISCREPANCY
phase1,25539,PI+SIDIS,coin,/cache/hallc/c-rsidis/analysis/replays/pass0p1/coin_replay_production_25539_-1.root,555147,570291,15144,1,570291,15144,1,1,DISCREPANCY
phase1,25540,PI+SIDIS,coin,/cache/hallc/c-rsidis/analysis/replays/pass0p1/coin_replay_production_25540_-1.root,599662,617364,17702,1,617364,17702,1,1,DISCREPANCY
phase1,25541,PI+SIDIS,coin,/cache/hallc/c-rsidis/analysis/replays/pass0p1/coin_replay_production_25541_-1.root,547548,565129,17581,1,565129,17581,1,1,DISCREPANCY
phase1,25542,PI+SIDIS,coin,/cache/hallc/c-rsidis/analysis/replays/pass0p1/coin_replay_production_25542_-1.root,633169,650484,17315,1,650484,17315,1,1,DISCREPANCY
phase1,25543,PI+SIDIS,coin,/cache/hallc/c-rsidis/analysis/replays/pass0p1/coin_replay_production_25543_-1.root,613314,630859,17545,1,630859,17545,1,1,DISCREPANCY
phase1,25544,PI+SIDIS,coin,/cache/hallc/c-rsidis/analysis/replays/pass0p1/coin_replay_production_25544_-1.root,590729,607820,17091,1,607820,17091,1,1,DISCREPANCY
phase1,25545,PI+SIDIS,coin,/cache/hallc/c-rsidis/analysis/replays/pass0p1/coin_replay_production_25545_-1.root,476015,493643,17628,1,493643,17628,1,1,DISCREPANCY
phase1,25546,PI+SIDIS,coin,/cache/hallc/c-rsidis/analysis/replays/pass0p1/coin_replay_production_25546_-1.root,712752,735934,23182,1,735934,23182,1,1,DISCREPANCY
phase1,25547,PI+SIDIS,coin,/cache/hallc/c-rsidis/analysis/replays/pass0p1/coin_replay_production_25547_-1.root,645887,663658,17771,1,663658,17771,1,1,DISCREPANCY
phase1,25548,PI+SIDIS,coin,/cache/hallc/c-rsidis/analysis/replays/pass0p1/coin_replay_production_25548_-1.root,331630,341333,9703,1,341333,9703,1,1,DISCREPANCY
phase1,25550,HMSHEE,hms,/cache/hallc/c-rsidis/analysis/replays/pass0p1/hms_coin_replay_production_25550_-1.root,1936419,1936420,1,0,,,,0,OK
phase1,25551,HMSHEE,hms,/cache/hallc/c-rsidis/analysis/replays/pass0p1/hms_coin_replay_production_25551_-1.root,2185630,2185631,1,0,,,,0,OK
phase1,25552,HMSHEE,hms,/cache/hallc/c-rsidis/analysis/replays/pass0p1/hms_coin_replay_production_25552_-1.root,1529465,1529466,1,0,,,,0,OK
phase1,25554,HMSHEE,hms,/cache/hallc/c-rsidis/analysis/replays/pass0p1/hms_coin_replay_production_25554_-1.root,1723819,1723820,1,0,,,,0,OK
phase1,25555,HMSHEE,hms,/cache/hallc/c-rsidis/analysis/replays/pass0p1/hms_coin_replay_production_25555_-1.root,932476,932477,1,0,,,,0,OK
phase1,25556,HMSHEE,hms,/cache/hallc/c-rsidis/analysis/replays/pass0p1/hms_coin_replay_production_25556_-1.root,1219859,1219860,1,0,,,,0,OK
phase1,25557,HMSHEE,hms,/cache/hallc/c-rsidis/analysis/replays/pass0p1/hms_coin_replay_production_25557_-1.root,1159963,1159964,1,0,,,,0,OK
phase1,25558,HMSHEE,hms,/cache/hallc/c-rsidis/analysis/replays/pass0p1/hms_coin_replay_production_25558_-1.root,1355828,1355829,1,0,,,,0,OK
phase1,25560,HMSHEE,hms,/cache/hallc/c-rsidis/analysis/replays/pass0p1/hms_coin_replay_production_25560_-1.root,1839375,1839376,1,0,,,,0,OK
phase1,25562,HMSHEE,hms,/cache/hallc/c-rsidis/analysis/replays/pass0p1/hms_coin_replay_production_25562_-1.root,674109,674110,1,0,,,,0,OK
phase1,25563,HMSHEE,hms,/cache/hallc/c-rsidis/analysis/replays/pass0p1/hms_coin_replay_production_25563_-1.root,1073646,1073647,1,0,,,,0,OK
phase1,25564,HMSHEE,hms,/cache/hallc/c-rsidis/analysis/replays/pass0p1/hms_coin_replay_production_25564_-1.root,1030460,1030461,1,0,,,,0,OK
phase1,25565,HMSHEE,hms,/cache/hallc/c-rsidis/analysis/replays/pass0p1/hms_coin_replay_production_25565_-1.root,773370,773371,1,0,,,,0,OK
phase1,25566,HMSHEE,hms,/cache/hallc/c-rsidis/analysis/replays/pass0p1/hms_coin_replay_production_25566_-1.root,728077,728078,1,0,,,,0,OK
phase1,25567,HMSHEE,hms,/cache/hallc/c-rsidis/analysis/replays/pass0p1/hms_coin_replay_production_25567_-1.root,681451,681452,1,0,,,,0,OK
phase1,25573,SHMSHEE,shms,/cache/hallc/c-rsidis/analysis/replays/pass0p1/shms_coin_replay_production_25573_-1.root,727951,,,,727952,1,0,0,OK
phase1,25574,SHMSHEE,shms,/cache/hallc/c-rsidis/analysis/replays/pass0p1/shms_coin_replay_production_25574_-1.root,886858,,,,886859,1,0,0,OK
phase1,25575,SHMSHEE,shms,/cache/hallc/c-rsidis/analysis/replays/pass0p1/shms_coin_replay_production_25575_-1.root,981768,,,,981769,1,0,0,OK
phase1,25576,SHMSHEE,shms,/cache/hallc/c-rsidis/analysis/replays/pass0p1/shms_coin_replay_production_25576_-1.root,1109893,,,,1109894,1,0,0,OK
phase1,25577,SHMSHEE,shms,/cache/hallc/c-rsidis/analysis/replays/pass0p1/shms_coin_replay_production_25577_-1.root,1100792,,,,1100793,1,0,0,OK
phase1,25578,SHMSHEE,shms,/cache/hallc/c-rsidis/analysis/replays/pass0p1/shms_coin_replay_production_25578_-1.root,1292028,,,,1292029,1,0,0,OK
phase1,25579,SHMSHEE,shms,/cache/hallc/c-rsidis/analysis/replays/pass0p1/shms_coin_replay_production_25579_-1.root,1013436,,,,1013437,1,0,0,OK
phase1,25580,SHMSHEE,shms,/cache/hallc/c-rsidis/analysis/replays/pass0p1/shms_coin_replay_production_25580_-1.root,1305172,,,,1305173,1,0,0,OK
phase1,25581,SHMSHEE,shms,/cache/hallc/c-rsidis/analysis/replays/pass0p1/shms_coin_replay_production_25581_-1.root,806307,,,,806308,1,0,0,OK
phase1,25582,SHMSHEE,shms,/cache/hallc/c-rsidis/analysis/replays/pass0p1/shms_coin_replay_production_25582_-1.root,1006962,,,,1006963,1,0,0,OK
phase1,25583,SHMSHEE,shms,/cache/hallc/c-rsidis/analysis/replays/pass0p1/shms_coin_replay_production_25583_-1.root,940146,,,,940147,1,0,0,OK
phase1,25584,SHMSHEE,shms,/cache/hallc/c-rsidis/analysis/replays/pass0p1/shms_coin_replay_production_25584_-1.root,819194,,,,819195,1,0,0,OK
phase1,25585,SHMSHEE,shms,/cache/hallc/c-rsidis/analysis/replays/pass0p1/shms_coin_replay_production_25585_-1.root,1064076,,,,1064077,1,0,0,OK
phase1,25586,SHMSHEE,shms,/cache/hallc/c-rsidis/analysis/replays/pass0p1/shms_coin_replay_production_25586_-1.root,1087039,,,,1087040,1,0,0,OK
phase1,25587,SHMSHEE,shms,/cache/hallc/c-rsidis/analysis/replays/pass0p1/shms_coin_replay_production_25587_-1.root,905654,,,,905655,1,0,0,OK
phase1,25588,SHMSHEE,shms,/cache/hallc/c-rsidis/analysis/replays/pass0p1/shms_coin_replay_production_25588_-1.root,1010191,,,,1010192,1,0,0,OK
phase1,25589,SHMSHEE,shms,/cache/hallc/c-rsidis/analysis/replays/pass0p1/shms_coin_replay_production_25589_-1.root,1010155,,,,1010156,1,0,0,OK
phase1,25590,SHMSHEE,shms,/cache/hallc/c-rsidis/analysis/replays/pass0p1/shms_coin_replay_production_25590_-1.root,568750,,,,568751,1,0,0,OK
phase1,25591,SHMSHEE,shms,/cache/hallc/c-rsidis/analysis/replays/pass0p1/shms_coin_replay_production_25591_-1.root,804839,,,,804840,1,0,0,OK
phase1,25592,SHMSHEE,shms,/cache/hallc/c-rsidis/analysis/replays/pass0p1/shms_coin_replay_production_25592_-1.root,907208,,,,907209,1,0,0,OK
phase1,25593,SHMSHEE,shms,/cache/hallc/c-rsidis/analysis/replays/pass0p1/shms_coin_replay_production_25593_-1.root,770550,,,,770551,1,0,0,OK
phase1,25594,SHMSHEE,shms,/cache/hallc/c-rsidis/analysis/replays/pass0p1/shms_coin_replay_production_25594_-1.root,957075,,,,957076,1,0,0,OK
phase1,25595,SHMSHEE,shms,/cache/hallc/c-rsidis/analysis/replays/pass0p1/shms_coin_replay_production_25595_-1.root,1016768,,,,1016769,1,0,0,OK
phase1,25596,SHMSHEE,shms,/cache/hallc/c-rsidis/analysis/replays/pass0p1/shms_coin_replay_production_25596_-1.root,1010417,,,,1010418,1,0,0,OK
phase1,25597,SHMSHEE,shms,/cache/hallc/c-rsidis/analysis/replays/pass0p1/shms_coin_replay_production_25597_-1.root,1054559,,,,1054560,1,0,0,OK
phase1,25598,SHMSHEE,shms,/cache/hallc/c-rsidis/analysis/replays/pass0p1/shms_coin_replay_production_25598_-1.root,912628,,,,912629,1,0,0,OK
phase1,25599,SHMSHEE,shms,/cache/hallc/c-rsidis/analysis/replays/pass0p1/shms_coin_replay_production_25599_-1.root,1011113,,,,1011114,1,0,0,OK
phase1,25600,SHMSHEE,shms,/cache/hallc/c-rsidis/analysis/replays/pass0p1/shms_coin_replay_production_25600_-1.root,1047012,,,,1047013,1,0,0,OK
phase1,25601,SHMSHEE,shms,/cache/hallc/c-rsidis/analysis/replays/pass0p1/shms_coin_replay_production_25601_-1.root,1007105,,,,1007106,1,0,0,OK
phase1,25602,SHMSHEE,shms,/cache/hallc/c-rsidis/analysis/replays/pass0p1/shms_coin_replay_production_25602_-1.root,857644,,,,857645,1,0,0,OK
phase1,25603,SHMSHEE,shms,/cache/hallc/c-rsidis/analysis/replays/pass0p1/shms_coin_replay_production_25603_-1.root,1607918,,,,1607919,1,0,0,OK
