phase,run,run_type,replay_mode,root_file,t_entries,tsh_last_evnumber,tsh_difference,tsh_flag,tsp_last_evnumber,tsp_difference,tsp_flag,overall_flag,status
phase2,27106,SHMSHEEP,coin,/net/cdaq/cdaql3data/cdaq/hallc-online-rsidis2025/ROOTfiles/coin_replay_production_27106_-1.root,1184817,1184818,1,0,1184818,1,0,0,OK
phase2,27107,SHMSHEEP,coin,/net/cdaq/cdaql3data/cdaq/hallc-online-rsidis2025/ROOTfiles/coin_replay_production_27107_-1.root,84764,84765,1,0,84765,1,0,0,OK
phase2,27108,SHMSHEE,shms,/net/cdaq/cdaql3data/cdaq/hallc-online-rsidis2025/ROOTfiles/shms_coin_replay_production_27108_-1.root,2253641,,,,2253642,1,0,0,OK
phase2,27109,SHMSHEE,shms,/net/cdaq/cdaql3data/cdaq/hallc-online-rsidis2025/ROOTfiles/shms_coin_replay_production_27109_-1.root,3033823,,,,3033824,1,0,0,OK
phase2,27113,HMSDIS,hms,/net/cdaq/cdaql3data/cdaq/hallc-online-rsidis2025/ROOTfiles/hms_coin_replay_production_27113_-1.root,2591144,2591145,1,0,,,,0,OK
phase2,27114,HMSDIS,hms,/net/cdaq/cdaql3data/cdaq/hallc-online-rsidis2025/ROOTfiles/hms_coin_replay_production_27114_-1.root,2071267,2071268,1,0,,,,0,OK
phase2,27115,HMSDIS,hms,/net/cdaq/cdaql3data/cdaq/hallc-online-rsidis2025/ROOTfiles/hms_coin_replay_production_27115_-1.root,1571062,1571063,1,0,,,,0,OK
phase2,27116,SHMSDIS,shms,/net/cdaq/cdaql3data/cdaq/hallc-online-rsidis2025/ROOTfiles/shms_coin_replay_production_27116_-1.root,818658,,,,818659,1,0,0,OK
phase2,27118,HMSDIS,hms,/net/cdaq/cdaql3data/cdaq/hallc-online-rsidis2025/ROOTfiles/hms_coin_replay_production_27118_-1.root,2337098,2337099,1,0,,,,0,OK
phase2,27119,HMSDIS,hms,/net/cdaq/cdaql3data/cdaq/hallc-online-rsidis2025/ROOTfiles/hms_coin_replay_production_27119_-1.root,2701635,2701636,1,0,,,,0,OK
phase2,27120,SHMSDIS,shms,/net/cdaq/cdaql3data/cdaq/hallc-online-rsidis2025/ROOTfiles/shms_coin_replay_production_27120_-1.root,3641708,,,,3641709,1,0,0,OK
phase2,27121,SHMSDIS,shms,/net/cdaq/cdaql3data/cdaq/hallc-online-rsidis2025/ROOTfiles/shms_coin_replay_production_27121_-1.root,2770100,,,,2770101,1,0,0,OK
phase2,27122,PI-SIDIS,coin,/net/cdaq/cdaql3data/cdaq/hallc-online-rsidis2025/ROOTfiles/coin_replay_production_27122_-1.root,314478,314479,1,0,314479,1,0,0,OK
phase2,27123,PI-SIDIS,coin,/net/cdaq/cdaql3data/cdaq/hallc-online-rsidis2025/ROOTfiles/coin_replay_production_27123_-1.root,293272,293273,1,0,293273,1,0,0,OK
phase2,27124,PI-SIDIS,coin,/net/cdaq/cdaql3data/cdaq/hallc-online-rsidis2025/ROOTfiles/coin_replay_production_27124_-1.root,315077,315078,1,0,315078,1,0,0,OK
phase2,27125,PI-SIDIS,coin,/net/cdaq/cdaql3data/cdaq/hallc-online-rsidis2025/ROOTfiles/coin_replay_production_27125_-1.root,268049,268050,1,0,268050,1,0,0,OK
phase2,27126,PI-SIDIS,coin,/net/cdaq/cdaql3data/cdaq/hallc-online-rsidis2025/ROOTfiles/coin_replay_production_27126_-1.root,125156,125157,1,0,125157,1,0,0,OK
phase2,27127,PI-SIDIS,coin,/net/cdaq/cdaql3data/cdaq/hallc-online-rsidis2025/ROOTfiles/coin_replay_production_27127_-1.root,451933,451934,1,0,451934,1,0,0,OK
phase2,27128,PI-SIDIS,coin,/net/cdaq/cdaql3data/cdaq/hallc-online-rsidis2025/ROOTfiles/coin_replay_production_27128_-1.root,102529,102530,1,0,102530,1,0,0,OK
phase2,27129,PI-SIDIS,coin,/net/cdaq/cdaql3data/cdaq/hallc-online-rsidis2025/ROOTfiles/coin_replay_production_27129_-1.root,517439,517440,1,0,517440,1,0,0,OK
phase2,27130,PI-SIDIS,coin,/net/cdaq/cdaql3data/cdaq/hallc-online-rsidis2025/ROOTfiles/coin_replay_production_27130_-1.root,306662,306663,1,0,306663,1,0,0,OK
phase2,27131,PI-SIDIS,coin,/net/cdaq/cdaql3data/cdaq/hallc-online-rsidis2025/ROOTfiles/coin_replay_production_27131_-1.root,321559,321560,1,0,321560,1,0,0,OK
phase2,27132,PI-SIDIS,coin,/net/cdaq/cdaql3data/cdaq/hallc-online-rsidis2025/ROOTfiles/coin_replay_production_27132_-1.root,763481,763482,1,0,763482,1,0,0,OK
phase2,27133,PI-SIDIS,coin,/net/cdaq/cdaql3data/cdaq/hallc-online-rsidis2025/ROOTfiles/coin_replay_production_27133_-1.root,3394078,3394079,1,0,3394079,1,0,0,OK
phase2,27134,HMSDIS,hms,/net/cdaq/cdaql3data/cdaq/hallc-online-rsidis2025/ROOTfiles/hms_coin_replay_production_27134_-1.root,2483314,2483315,1,0,,,,0,OK
phase2,27135,PI-SIDIS,coin,/net/cdaq/cdaql3data/cdaq/hallc-online-rsidis2025/ROOTfiles/coin_replay_production_27135_-1.root,122382,122383,1,0,122383,1,0,0,OK
phase2,27136,PI-SIDIS,coin,/net/cdaq/cdaql3data/cdaq/hallc-online-rsidis2025/ROOTfiles/coin_replay_production_27136_-1.root,121295,121296,1,0,121296,1,0,0,OK
phase2,27137,PI-SIDIS,coin,/net/cdaq/cdaql3data/cdaq/hallc-online-rsidis2025/ROOTfiles/coin_replay_production_27137_-1.root,119580,119581,1,0,119581,1,0,0,OK
phase2,27138,HMSDIS,hms,/net/cdaq/cdaql3data/cdaq/hallc-online-rsidis2025/ROOTfiles/hms_coin_replay_production_27138_-1.root,1322362,1322363,1,0,,,,0,OK
phase2,27139,PI-SIDIS,coin,/net/cdaq/cdaql3data/cdaq/hallc-online-rsidis2025/ROOTfiles/coin_replay_production_27139_-1.root,287429,287430,1,0,287430,1,0,0,OK
phase2,27140,PI-SIDIS,coin,/net/cdaq/cdaql3data/cdaq/hallc-online-rsidis2025/ROOTfiles/coin_replay_production_27140_-1.root,308880,308881,1,0,308881,1,0,0,OK
phase2,27141,PI-SIDIS,coin,/net/cdaq/cdaql3data/cdaq/hallc-online-rsidis2025/ROOTfiles/coin_replay_production_27141_-1.root,314295,314296,1,0,314296,1,0,0,OK
phase2,27142,PI-SIDIS,coin,/net/cdaq/cdaql3data/cdaq/hallc-online-rsidis2025/ROOTfiles/coin_replay_production_27142_-1.root,319811,319812,1,0,319812,1,0,0,OK
phase2,27143,PI-SIDIS,coin,/net/cdaq/cdaql3data/cdaq/hallc-online-rsidis2025/ROOTfiles/coin_replay_production_27143_-1.root,311781,311782,1,0,311782,1,0,0,OK
phase2,27144,PI-SIDIS,coin,/net/cdaq/cdaql3data/cdaq/hallc-online-rsidis2025/ROOTfiles/coin_replay_production_27144_-1.root,307212,307213,1,0,307213,1,0,0,OK
phase2,27145,PI-SIDIS,coin,/net/cdaq/cdaql3data/cdaq/hallc-online-rsidis2025/ROOTfiles/coin_replay_production_27145_-1.root,280256,280257,1,0,280257,1,0,0,OK
phase2,27146,PI-SIDIS,coin,/net/cdaq/cdaql3data/cdaq/hallc-online-rsidis2025/ROOTfiles/coin_replay_production_27146_-1.root,353716,353717,1,0,353717,1,0,0,OK
phase2,27147,PI-SIDIS,coin,/net/cdaq/cdaql3data/cdaq/hallc-online-rsidis2025/ROOTfiles/coin_replay_production_27147_-1.root,316450,316451,1,0,316451,1,0,0,OK
phase2,27148,PI-SIDIS,coin,/net/cdaq/cdaql3data/cdaq/hallc-online-rsidis2025/ROOTfiles/coin_replay_production_27148_-1.root,72673,72674,1,0,72674,1,0,0,OK
phase2,27149,PI-SIDIS,coin,/net/cdaq/cdaql3data/cdaq/hallc-online-rsidis2025/ROOTfiles/coin_replay_production_27149_-1.root,195168,195169,1,0,195169,1,0,0,OK
phase2,27150,PI-SIDIS,coin,/net/cdaq/cdaql3data/cdaq/hallc-online-rsidis2025/ROOTfiles/coin_replay_production_27150_-1.root,111765,111766,1,0,111766,1,0,0,OK
phase2,27151,PI-SIDIS,coin,/net/cdaq/cdaql3data/cdaq/hallc-online-rsidis2025/ROOTfiles/coin_replay_production_27151_-1.root,108022,108023,1,0,108023,1,0,0,OK
phase2,27152,PI-SIDIS,coin,/net/cdaq/cdaql3data/cdaq/hallc-online-rsidis2025/ROOTfiles/coin_replay_production_27152_-1.root,92921,92922,1,0,92922,1,0,0,OK
phase2,27153,PI-SIDIS,coin,/net/cdaq/cdaql3data/cdaq/hallc-online-rsidis2025/ROOTfiles/coin_replay_production_27153_-1.root,101744,101745,1,0,101745,1,0,0,OK
phase2,27154,PI-SIDIS,coin,/net/cdaq/cdaql3data/cdaq/hallc-online-rsidis2025/ROOTfiles/coin_replay_production_27154_-1.root,345175,345176,1,0,345176,1,0,0,OK
phase2,27155,PI-SIDIS,coin,/net/cdaq/cdaql3data/cdaq/hallc-online-rsidis2025/ROOTfiles/coin_replay_production_27155_-1.root,282427,282428,1,0,282428,1,0,0,OK
phase2,27156,PI+SIDIS,coin,/net/cdaq/cdaql3data/cdaq/hallc-online-rsidis2025/ROOTfiles/coin_replay_production_27156_-1.root,140243,140244,1,0,140244,1,0,0,OK
phase2,27157,PI+SIDIS,coin,/net/cdaq/cdaql3data/cdaq/hallc-online-rsidis2025/ROOTfiles/coin_replay_production_27157_-1.root,48950,48951,1,0,48951,1,0,0,OK
phase2,27158,PI+SIDIS,coin,/net/cdaq/cdaql3data/cdaq/hallc-online-rsidis2025/ROOTfiles/coin_replay_production_27158_-1.root,126421,126422,1,0,126422,1,0,0,OK
phase2,27159,HMSDIS,hms,/net/cdaq/cdaql3data/cdaq/hallc-online-rsidis2025/ROOTfiles/hms_coin_replay_production_27159_-1.root,2247975,2247976,1,0,,,,0,OK
phase2,27160,PI+SIDIS,coin,/net/cdaq/cdaql3data/cdaq/hallc-online-rsidis2025/ROOTfiles/coin_replay_production_27160_-1.root,30587,30588,1,0,30588,1,0,0,OK
phase2,27161,HMSDIS,hms,/net/cdaq/cdaql3data/cdaq/hallc-online-rsidis2025/ROOTfiles/hms_coin_replay_production_27161_-1.root,727630,727631,1,0,,,,0,OK
phase2,27162,PI+SIDIS,coin,/net/cdaq/cdaql3data/cdaq/hallc-online-rsidis2025/ROOTfiles/coin_replay_production_27162_-1.root,61882,61883,1,0,61883,1,0,0,OK
phase2,27163,PI+SIDIS,coin,/net/cdaq/cdaql3data/cdaq/hallc-online-rsidis2025/ROOTfiles/coin_replay_production_27163_-1.root,321722,321723,1,0,321723,1,0,0,OK
phase2,27164,PI+SIDIS,coin,/net/cdaq/cdaql3data/cdaq/hallc-online-rsidis2025/ROOTfiles/coin_replay_production_27164_-1.root,315458,315459,1,0,315459,1,0,0,OK
phase2,27165,PI+SIDIS,coin,/net/cdaq/cdaql3data/cdaq/hallc-online-rsidis2025/ROOTfiles/coin_replay_production_27165_-1.root,315967,315968,1,0,315968,1,0,0,OK
phase2,27166,PI+SIDIS,coin,/net/cdaq/cdaql3data/cdaq/hallc-online-rsidis2025/ROOTfiles/coin_replay_production_27166_-1.root,346049,346050,1,0,346050,1,0,0,OK
phase2,27167,PI+SIDIS,coin,/net/cdaq/cdaql3data/cdaq/hallc-online-rsidis2025/ROOTfiles/coin_replay_production_27167_-1.root,343566,343567,1,0,343567,1,0,0,OK
phase2,27168,PI+SIDIS,coin,/net/cdaq/cdaql3data/cdaq/hallc-online-rsidis2025/ROOTfiles/coin_replay_production_27168_-1.root,347694,347695,1,0,347695,1,0,0,OK
phase2,27169,PI+SIDIS,coin,/net/cdaq/cdaql3data/cdaq/hallc-online-rsidis2025/ROOTfiles/coin_replay_production_27169_-1.root,314764,314765,1,0,314765,1,0,0,OK
phase2,27170,PI+SIDIS,coin,/net/cdaq/cdaql3data/cdaq/hallc-online-rsidis2025/ROOTfiles/coin_replay_production_27170_-1.root,297981,297982,1,0,297982,1,0,0,OK
phase2,27171,PI+SIDIS,coin,/net/cdaq/cdaql3data/cdaq/hallc-online-rsidis2025/ROOTfiles/coin_replay_production_27171_-1.root,5723140,5723141,1,0,5723141,1,0,0,OK
phase2,27172,PI+SIDIS,coin,/net/cdaq/cdaql3data/cdaq/hallc-online-rsidis2025/ROOTfiles/coin_replay_production_27172_-1.root,206729,206730,1,0,206730,1,0,0,OK
phase2,27173,PI+SIDIS,coin,/net/cdaq/cdaql3data/cdaq/hallc-online-rsidis2025/ROOTfiles/coin_replay_production_27173_-1.root,194940,194941,1,0,194941,1,0,0,OK
phase2,27174,HMSDIS,hms,/net/cdaq/cdaql3data/cdaq/hallc-online-rsidis2025/ROOTfiles/hms_coin_replay_production_27174_-1.root,2666838,2666839,1,0,,,,0,OK
phase2,27175,HMSDIS,hms,/net/cdaq/cdaql3data/cdaq/hallc-online-rsidis2025/ROOTfiles/hms_coin_replay_production_27175_-1.root,2629332,2629333,1,0,,,,0,OK
phase2,27176,PI+SIDIS,coin,/net/cdaq/cdaql3data/cdaq/hallc-online-rsidis2025/ROOTfiles/coin_replay_production_27176_-1.root,92874,92875,1,0,92875,1,0,0,OK
phase2,27177,PI+SIDIS,coin,/net/cdaq/cdaql3data/cdaq/hallc-online-rsidis2025/ROOTfiles/coin_replay_production_27177_-1.root,89479,89480,1,0,89480,1,0,0,OK
phase2,27178,PI+SIDIS,coin,/net/cdaq/cdaql3data/cdaq/hallc-online-rsidis2025/ROOTfiles/coin_replay_production_27178_-1.root,92787,92788,1,0,92788,1,0,0,OK
phase2,27179,HMSDIS,hms,/net/cdaq/cdaql3data/cdaq/hallc-online-rsidis2025/ROOTfiles/hms_coin_replay_production_27179_-1.root,1448199,1448200,1,0,,,,0,OK
phase2,27180,PI+SIDIS,coin,/net/cdaq/cdaql3data/cdaq/hallc-online-rsidis2025/ROOTfiles/coin_replay_production_27180_-1.root,334795,334796,1,0,334796,1,0,0,OK
phase2,27181,PI+SIDIS,coin,/net/cdaq/cdaql3data/cdaq/hallc-online-rsidis2025/ROOTfiles/coin_replay_production_27181_-1.root,297185,297186,1,0,297186,1,0,0,OK
phase2,27182,PI+SIDIS,coin,/net/cdaq/cdaql3data/cdaq/hallc-online-rsidis2025/ROOTfiles/coin_replay_production_27182_-1.root,353967,353968,1,0,353968,1,0,0,OK
phase2,27183,PI+SIDIS,coin,/net/cdaq/cdaql3data/cdaq/hallc-online-rsidis2025/ROOTfiles/coin_replay_production_27183_-1.root,365872,365873,1,0,365873,1,0,0,OK
phase2,27184,PI+SIDIS,coin,/net/cdaq/cdaql3data/cdaq/hallc-online-rsidis2025/ROOTfiles/coin_replay_production_27184_-1.root,363859,363860,1,0,363860,1,0,0,OK
phase2,27185,PI+SIDIS,coin,/net/cdaq/cdaql3data/cdaq/hallc-online-rsidis2025/ROOTfiles/coin_replay_production_27185_-1.root,382284,382285,1,0,382285,1,0,0,OK
phase2,27186,PI+SIDIS,coin,/net/cdaq/cdaql3data/cdaq/hallc-online-rsidis2025/ROOTfiles/coin_replay_production_27186_-1.root,98307,98308,1,0,98308,1,0,0,OK
phase2,27187,PI+SIDIS,coin,/net/cdaq/cdaql3data/cdaq/hallc-online-rsidis2025/ROOTfiles/coin_replay_production_27187_-1.root,73356,73357,1,0,73357,1,0,0,OK
phase2,27188,PI+SIDIS,coin,/net/cdaq/cdaql3data/cdaq/hallc-online-rsidis2025/ROOTfiles/coin_replay_production_27188_-1.root,123009,123010,1,0,123010,1,0,0,OK
phase2,27189,PI+SIDIS,coin,/net/cdaq/cdaql3data/cdaq/hallc-online-rsidis2025/ROOTfiles/coin_replay_production_27189_-1.root,20800,20801,1,0,20801,1,0,0,OK
phase2,27190,PI+SIDIS,coin,/net/cdaq/cdaql3data/cdaq/hallc-online-rsidis2025/ROOTfiles/coin_replay_production_27190_-1.root,30054,30055,1,0,30055,1,0,0,OK
phase2,27191,PI+SIDIS,coin,/net/cdaq/cdaql3data/cdaq/hallc-online-rsidis2025/ROOTfiles/coin_replay_production_27191_-1.root,30885,30886,1,0,30886,1,0,0,OK
phase2,27192,HMSDIS,hms,/net/cdaq/cdaql3data/cdaq/hallc-online-rsidis2025/ROOTfiles/hms_coin_replay_production_27192_-1.root,628395,628396,1,0,,,,0,OK
phase2,27194,HMSDIS,hms,/net/cdaq/cdaql3data/cdaq/hallc-online-rsidis2025/ROOTfiles/hms_coin_replay_production_27194_-1.root,1525691,1525692,1,0,,,,0,OK
phase2,27195,PI+SIDIS,coin,/net/cdaq/cdaql3data/cdaq/hallc-online-rsidis2025/ROOTfiles/coin_replay_production_27195_-1.root,18606,18607,1,0,18607,1,0,0,OK
phase2,27196,PI+SIDIS,coin,/net/cdaq/cdaql3data/cdaq/hallc-online-rsidis2025/ROOTfiles/coin_replay_production_27196_-1.root,18076,18077,1,0,18077,1,0,0,OK
phase2,27197,HMSDIS,hms,/net/cdaq/cdaql3data/cdaq/hallc-online-rsidis2025/ROOTfiles/hms_coin_replay_production_27197_-1.root,210341,210342,1,0,,,,0,OK
phase2,27198,PI+SIDIS,coin,/net/cdaq/cdaql3data/cdaq/hallc-online-rsidis2025/ROOTfiles/coin_replay_production_27198_-1.root,27154,27155,1,0,27155,1,0,0,OK
phase2,27199,PI+SIDIS,coin,/net/cdaq/cdaql3data/cdaq/hallc-online-rsidis2025/ROOTfiles/coin_replay_production_27199_-1.root,27205,27206,1,0,27206,1,0,0,OK
phase2,27200,PI+SIDIS,coin,/net/cdaq/cdaql3data/cdaq/hallc-online-rsidis2025/ROOTfiles/coin_replay_production_27200_-1.root,19254,19255,1,0,19255,1,0,0,OK
phase2,27201,PI+SIDIS,coin,/net/cdaq/cdaql3data/cdaq/hallc-online-rsidis2025/ROOTfiles/coin_replay_production_27201_-1.root,60199,60200,1,0,60200,1,0,0,OK
phase2,27202,PI+SIDIS,coin,/net/cdaq/cdaql3data/cdaq/hallc-online-rsidis2025/ROOTfiles/coin_replay_production_27202_-1.root,61004,61005,1,0,61005,1,0,0,OK
phase2,27203,PI+SIDIS,coin,/net/cdaq/cdaql3data/cdaq/hallc-online-rsidis2025/ROOTfiles/coin_replay_production_27203_-1.root,69415,69416,1,0,69416,1,0,0,OK
phase2,27204,PI+SIDIS,coin,/net/cdaq/cdaql3data/cdaq/hallc-online-rsidis2025/ROOTfiles/coin_replay_production_27204_-1.root,74987,74988,1,0,74988,1,0,0,OK
phase2,27206,PI+SIDIS,coin,/net/cdaq/cdaql3data/cdaq/hallc-online-rsidis2025/ROOTfiles/coin_replay_production_27206_-1.root,69714,69715,1,0,69715,1,0,0,OK
phase2,27208,PI+SIDIS,coin,/net/cdaq/cdaql3data/cdaq/hallc-online-rsidis2025/ROOTfiles/coin_replay_production_27208_-1.root,63750,63751,1,0,63751,1,0,0,OK
phase2,27209,PI+SIDIS,coin,/net/cdaq/cdaql3data/cdaq/hallc-online-rsidis2025/ROOTfiles/coin_replay_production_27209_-1.root,70527,70528,1,0,70528,1,0,0,OK
phase2,27210,PI+SIDIS,coin,/net/cdaq/cdaql3data/cdaq/hallc-online-rsidis2025/ROOTfiles/coin_replay_production_27210_-1.root,67520,67521,1,0,67521,1,0,0,OK
phase2,27211,PI+SIDIS,coin,/net/cdaq/cdaql3data/cdaq/hallc-online-rsidis2025/ROOTfiles/coin_replay_production_27211_-1.root,65077,65078,1,0,65078,1,0,0,OK
phase2,27212,PI+SIDIS,coin,/net/cdaq/cdaql3data/cdaq/hallc-online-rsidis2025/ROOTfiles/coin_replay_production_27212_-1.root,64645,64646,1,0,64646,1,0,0,OK
phase2,27213,PI+SIDIS,coin,/net/cdaq/cdaql3data/cdaq/hallc-online-rsidis2025/ROOTfiles/coin_replay_production_27213_-1.root,860847,860848,1,0,860848,1,0,0,OK
phase2,27214,HMSDIS,hms,/net/cdaq/cdaql3data/cdaq/hallc-online-rsidis2025/ROOTfiles/hms_coin_replay_production_27214_-1.root,767871,767872,1,0,,,,0,OK
phase2,27215,HMSDIS,hms,/net/cdaq/cdaql3data/cdaq/hallc-online-rsidis2025/ROOTfiles/hms_coin_replay_production_27215_-1.root,2782721,2782722,1,0,,,,0,OK
phase2,27216,PI+SIDIS,coin,/net/cdaq/cdaql3data/cdaq/hallc-online-rsidis2025/ROOTfiles/coin_replay_production_27216_-1.root,20544,20545,1,0,20545,1,0,0,OK
phase2,27217,PI+SIDIS,coin,/net/cdaq/cdaql3data/cdaq/hallc-online-rsidis2025/ROOTfiles/coin_replay_production_27217_-1.root,20752,20753,1,0,20753,1,0,0,OK
phase2,27218,PI+SIDIS,coin,/net/cdaq/cdaql3data/cdaq/hallc-online-rsidis2025/ROOTfiles/coin_replay_production_27218_-1.root,20068,20069,1,0,20069,1,0,0,OK
phase2,27219,PI+SIDIS,coin,/net/cdaq/cdaql3data/cdaq/hallc-online-rsidis2025/ROOTfiles/coin_replay_production_27219_-1.root,19759,19760,1,0,19760,1,0,0,OK
phase2,27220,HMSDIS,hms,/net/cdaq/cdaql3data/cdaq/hallc-online-rsidis2025/ROOTfiles/hms_coin_replay_production_27220_-1.root,215406,215407,1,0,,,,0,OK
phase2,27221,PI+SIDIS,coin,/net/cdaq/cdaql3data/cdaq/hallc-online-rsidis2025/ROOTfiles/coin_replay_production_27221_-1.root,54491,54492,1,0,54492,1,0,0,OK
phase2,27222,PI+SIDIS,coin,/net/cdaq/cdaql3data/cdaq/hallc-online-rsidis2025/ROOTfiles/coin_replay_production_27222_-1.root,66143,66144,1,0,66144,1,0,0,OK
phase2,27223,PI+SIDIS,coin,/net/cdaq/cdaql3data/cdaq/hallc-online-rsidis2025/ROOTfiles/coin_replay_production_27223_-1.root,67549,67550,1,0,67550,1,0,0,OK
phase2,27224,PI+SIDIS,coin,/net/cdaq/cdaql3data/cdaq/hallc-online-rsidis2025/ROOTfiles/coin_replay_production_27224_-1.root,69896,69897,1,0,69897,1,0,0,OK
phase2,27225,PI+SIDIS,coin,/net/cdaq/cdaql3data/cdaq/hallc-online-rsidis2025/ROOTfiles/coin_replay_production_27225_-1.root,68737,68738,1,0,68738,1,0,0,OK
phase2,27226,PI+SIDIS,coin,/net/cdaq/cdaql3data/cdaq/hallc-online-rsidis2025/ROOTfiles/coin_replay_production_27226_-1.root,69711,69712,1,0,69712,1,0,0,OK
phase2,27227,PI+SIDIS,coin,/net/cdaq/cdaql3data/cdaq/hallc-online-rsidis2025/ROOTfiles/coin_replay_production_27227_-1.root,79863,79864,1,0,79864,1,0,0,OK
phase2,27228,PI+SIDIS,coin,/net/cdaq/cdaql3data/cdaq/hallc-online-rsidis2025/ROOTfiles/coin_replay_production_27228_-1.root,69209,69210,1,0,69210,1,0,0,OK
phase2,27229,PI+SIDIS,coin,/net/cdaq/cdaql3data/cdaq/hallc-online-rsidis2025/ROOTfiles/coin_replay_production_27229_-1.root,68033,68034,1,0,68034,1,0,0,OK
phase2,27230,PI+SIDIS,coin,/net/cdaq/cdaql3data/cdaq/hallc-online-rsidis2025/ROOTfiles/coin_replay_production_27230_-1.root,70143,70144,1,0,70144,1,0,0,OK
phase2,27231,PI+SIDIS,coin,/net/cdaq/cdaql3data/cdaq/hallc-online-rsidis2025/ROOTfiles/coin_replay_production_27231_-1.root,69019,69020,1,0,69020,1,0,0,OK
phase2,27232,PI+SIDIS,coin,/net/cdaq/cdaql3data/cdaq/hallc-online-rsidis2025/ROOTfiles/coin_replay_production_27232_-1.root,20563,20564,1,0,20564,1,0,0,OK
phase2,27233,PI+SIDIS,coin,/net/cdaq/cdaql3data/cdaq/hallc-online-rsidis2025/ROOTfiles/coin_replay_production_27233_-1.root,20352,20353,1,0,20353,1,0,0,OK
phase2,27234,PI+SIDIS,coin,/net/cdaq/cdaql3data/cdaq/hallc-online-rsidis2025/ROOTfiles/coin_replay_production_27234_-1.root,20653,20654,1,0,20654,1,0,0,OK
phase2,27235,PI+SIDIS,coin,/net/cdaq/cdaql3data/cdaq/hallc-online-rsidis2025/ROOTfiles/coin_replay_production_27235_-1.root,20459,20460,1,0,20460,1,0,0,OK
phase2,27236,PI+SIDIS,coin,/net/cdaq/cdaql3data/cdaq/hallc-online-rsidis2025/ROOTfiles/coin_replay_production_27236_-1.root,62724,62725,1,0,62725,1,0,0,OK
phase2,27237,PI+SIDIS,coin,/net/cdaq/cdaql3data/cdaq/hallc-online-rsidis2025/ROOTfiles/coin_replay_production_27237_-1.root,140383,140384,1,0,140384,1,0,0,OK
phase2,27238,PI+SIDIS,coin,/net/cdaq/cdaql3data/cdaq/hallc-online-rsidis2025/ROOTfiles/coin_replay_production_27238_-1.root,139625,139626,1,0,139626,1,0,0,OK
phase2,27239,PI+SIDIS,coin,/net/cdaq/cdaql3data/cdaq/hallc-online-rsidis2025/ROOTfiles/coin_replay_production_27239_-1.root,134484,134485,1,0,134485,1,0,0,OK
phase2,27240,PI+SIDIS,coin,/net/cdaq/cdaql3data/cdaq/hallc-online-rsidis2025/ROOTfiles/coin_replay_production_27240_-1.root,151851,151852,1,0,151852,1,0,0,OK
phase2,27241,PI+SIDIS,coin,/net/cdaq/cdaql3data/cdaq/hallc-online-rsidis2025/ROOTfiles/coin_replay_production_27241_-1.root,150587,150588,1,0,150588,1,0,0,OK
phase2,27242,PI+SIDIS,coin,/net/cdaq/cdaql3data/cdaq/hallc-online-rsidis2025/ROOTfiles/coin_replay_production_27242_-1.root,145384,145385,1,0,145385,1,0,0,OK
phase2,27243,PI+SIDIS,coin,/net/cdaq/cdaql3data/cdaq/hallc-online-rsidis2025/ROOTfiles/coin_replay_production_27243_-1.root,146182,146183,1,0,146183,1,0,0,OK
phase2,27244,PI+SIDIS,coin,/net/cdaq/cdaql3data/cdaq/hallc-online-rsidis2025/ROOTfiles/coin_replay_production_27244_-1.root,150916,150917,1,0,150917,1,0,0,OK
phase2,27245,PI+SIDIS,coin,/net/cdaq/cdaql3data/cdaq/hallc-online-rsidis2025/ROOTfiles/coin_replay_production_27245_-1.root,140193,140194,1,0,140194,1,0,0,OK
phase2,27246,PI+SIDIS,coin,/net/cdaq/cdaql3data/cdaq/hallc-online-rsidis2025/ROOTfiles/coin_replay_production_27246_-1.root,141056,141057,1,0,141057,1,0,0,OK
phase2,27247,HMSDIS,hms,/net/cdaq/cdaql3data/cdaq/hallc-online-rsidis2025/ROOTfiles/hms_coin_replay_production_27247_-1.root,933470,933471,1,0,,,,0,OK
phase2,27248,HMSDIS,hms,/net/cdaq/cdaql3data/cdaq/hallc-online-rsidis2025/ROOTfiles/hms_coin_replay_production_27248_-1.root,2085492,2085493,1,0,,,,0,OK
phase2,27249,PI+SIDIS,coin,/net/cdaq/cdaql3data/cdaq/hallc-online-rsidis2025/ROOTfiles/coin_replay_production_27249_-1.root,107136,107137,1,0,107137,1,0,0,OK
phase2,27250,PI+SIDIS,coin,/net/cdaq/cdaql3data/cdaq/hallc-online-rsidis2025/ROOTfiles/coin_replay_production_27250_-1.root,105245,105246,1,0,105246,1,0,0,OK
phase2,27251,PI+SIDIS,coin,/net/cdaq/cdaql3data/cdaq/hallc-online-rsidis2025/ROOTfiles/coin_replay_production_27251_-1.root,106113,106114,1,0,106114,1,0,0,OK
phase2,27252,PI+SIDIS,coin,/net/cdaq/cdaql3data/cdaq/hallc-online-rsidis2025/ROOTfiles/coin_replay_production_27252_-1.root,116088,116089,1,0,116089,1,0,0,OK
phase2,27253,PI+SIDIS,coin,/net/cdaq/cdaql3data/cdaq/hallc-online-rsidis2025/ROOTfiles/coin_replay_production_27253_-1.root,117467,117468,1,0,117468,1,0,0,OK
phase2,27254,PI+SIDIS,coin,/net/cdaq/cdaql3data/cdaq/hallc-online-rsidis2025/ROOTfiles/coin_replay_production_27254_-1.root,112785,112786,1,0,112786,1,0,0,OK
phase2,27255,PI+SIDIS,coin,/net/cdaq/cdaql3data/cdaq/hallc-online-rsidis2025/ROOTfiles/coin_replay_production_27255_-1.root,115732,115733,1,0,115733,1,0,0,OK
phase2,27257,PI+SIDIS,coin,/net/cdaq/cdaql3data/cdaq/hallc-online-rsidis2025/ROOTfiles/coin_replay_production_27257_-1.root,112172,112173,1,0,112173,1,0,0,OK
phase2,27258,PI+SIDIS,coin,/net/cdaq/cdaql3data/cdaq/hallc-online-rsidis2025/ROOTfiles/coin_replay_production_27258_-1.root,107437,107438,1,0,107438,1,0,0,OK
phase2,27259,PI+SIDIS,coin,/net/cdaq/cdaql3data/cdaq/hallc-online-rsidis2025/ROOTfiles/coin_replay_production_27259_-1.root,112679,112680,1,0,112680,1,0,0,OK
phase2,27261,PI+SIDIS,coin,/net/cdaq/cdaql3data/cdaq/hallc-online-rsidis2025/ROOTfiles/coin_replay_production_27261_-1.root,1569402,1569403,1,0,1569403,1,0,0,OK
phase2,27262,HMSDIS,hms,/net/cdaq/cdaql3data/cdaq/hallc-online-rsidis2025/ROOTfiles/hms_coin_replay_production_27262_-1.root,828284,828285,1,0,,,,0,OK
phase2,27264,HMSDIS,hms,/net/cdaq/cdaql3data/cdaq/hallc-online-rsidis2025/ROOTfiles/hms_coin_replay_production_27264_-1.root,1963626,1963627,1,0,,,,0,OK
phase2,27265,PI+SIDIS,coin,/net/cdaq/cdaql3data/cdaq/hallc-online-rsidis2025/ROOTfiles/coin_replay_production_27265_-1.root,24378,24379,1,0,24379,1,0,0,OK
phase2,27266,PI+SIDIS,coin,/net/cdaq/cdaql3data/cdaq/hallc-online-rsidis2025/ROOTfiles/coin_replay_production_27266_-1.root,23786,23787,1,0,23787,1,0,0,OK
phase2,27267,PI+SIDIS,coin,/net/cdaq/cdaql3data/cdaq/hallc-online-rsidis2025/ROOTfiles/coin_replay_production_27267_-1.root,23342,23343,1,0,23343,1,0,0,OK
phase2,27269,PI+SIDIS,coin,/net/cdaq/cdaql3data/cdaq/hallc-online-rsidis2025/ROOTfiles/coin_replay_production_27269_-1.root,23033,23034,1,0,23034,1,0,0,OK
phase2,27270,HMSDIS,hms,/net/cdaq/cdaql3data/cdaq/hallc-online-rsidis2025/ROOTfiles/hms_coin_replay_production_27270_-1.root,193257,193258,1,0,,,,0,OK
phase2,27271,PI+SIDIS,coin,/net/cdaq/cdaql3data/cdaq/hallc-online-rsidis2025/ROOTfiles/coin_replay_production_27271_-1.root,15522,15523,1,0,15523,1,0,0,OK
phase2,27272,PI+SIDIS,coin,/net/cdaq/cdaql3data/cdaq/hallc-online-rsidis2025/ROOTfiles/coin_replay_production_27272_-1.root,130880,130881,1,0,130881,1,0,0,OK
phase2,27273,PI+SIDIS,coin,/net/cdaq/cdaql3data/cdaq/hallc-online-rsidis2025/ROOTfiles/coin_replay_production_27273_-1.root,142699,142700,1,0,142700,1,0,0,OK
phase2,27274,PI+SIDIS,coin,/net/cdaq/cdaql3data/cdaq/hallc-online-rsidis2025/ROOTfiles/coin_replay_production_27274_-1.root,130495,130496,1,0,130496,1,0,0,OK
phase2,27275,PI+SIDIS,coin,/net/cdaq/cdaql3data/cdaq/hallc-online-rsidis2025/ROOTfiles/coin_replay_production_27275_-1.root,124659,124660,1,0,124660,1,0,0,OK
phase2,27276,PI+SIDIS,coin,/net/cdaq/cdaql3data/cdaq/hallc-online-rsidis2025/ROOTfiles/coin_replay_production_27276_-1.root,135950,135951,1,0,135951,1,0,0,OK
phase2,27277,PI+SIDIS,coin,/net/cdaq/cdaql3data/cdaq/hallc-online-rsidis2025/ROOTfiles/coin_replay_production_27277_-1.root,140194,140195,1,0,140195,1,0,0,OK
phase2,27278,PI+SIDIS,coin,/net/cdaq/cdaql3data/cdaq/hallc-online-rsidis2025/ROOTfiles/coin_replay_production_27278_-1.root,135022,135023,1,0,135023,1,0,0,OK
phase2,27279,PI+SIDIS,coin,/net/cdaq/cdaql3data/cdaq/hallc-online-rsidis2025/ROOTfiles/coin_replay_production_27279_-1.root,143640,143641,1,0,143641,1,0,0,OK
phase2,27280,PI+SIDIS,coin,/net/cdaq/cdaql3data/cdaq/hallc-online-rsidis2025/ROOTfiles/coin_replay_production_27280_-1.root,63495,63496,1,0,63496,1,0,0,OK
phase2,27281,PI+SIDIS,coin,/net/cdaq/cdaql3data/cdaq/hallc-online-rsidis2025/ROOTfiles/coin_replay_production_27281_-1.root,204979,204980,1,0,204980,1,0,0,OK
phase2,27282,HMSDIS,hms,/net/cdaq/cdaql3data/cdaq/hallc-online-rsidis2025/ROOTfiles/hms_coin_replay_production_27282_-1.root,276841,276842,1,0,,,,0,OK
phase2,27283,HMSDIS,hms,/net/cdaq/cdaql3data/cdaq/hallc-online-rsidis2025/ROOTfiles/hms_coin_replay_production_27283_-1.root,971953,971954,1,0,,,,0,OK
phase2,27284,HMSDIS,hms,/net/cdaq/cdaql3data/cdaq/hallc-online-rsidis2025/ROOTfiles/hms_coin_replay_production_27284_-1.root,2270883,2270884,1,0,,,,0,OK
phase2,27285,PI+SIDIS,coin,/net/cdaq/cdaql3data/cdaq/hallc-online-rsidis2025/ROOTfiles/coin_replay_production_27285_-1.root,144422,144423,1,0,144423,1,0,0,OK
phase2,27286,PI+SIDIS,coin,/net/cdaq/cdaql3data/cdaq/hallc-online-rsidis2025/ROOTfiles/coin_replay_production_27286_-1.root,140984,140985,1,0,140985,1,0,0,OK
phase2,27287,PI+SIDIS,coin,/net/cdaq/cdaql3data/cdaq/hallc-online-rsidis2025/ROOTfiles/coin_replay_production_27287_-1.root,137508,137509,1,0,137509,1,0,0,OK
phase2,27288,PI+SIDIS,coin,/net/cdaq/cdaql3data/cdaq/hallc-online-rsidis2025/ROOTfiles/coin_replay_production_27288_-1.root,66159,66160,1,0,66160,1,0,0,OK
phase2,27289,PI+SIDIS,coin,/net/cdaq/cdaql3data/cdaq/hallc-online-rsidis2025/ROOTfiles/coin_replay_production_27289_-1.root,243957,243958,1,0,243958,1,0,0,OK
phase2,27290,PI+SIDIS,coin,/net/cdaq/cdaql3data/cdaq/hallc-online-rsidis2025/ROOTfiles/coin_replay_production_27290_-1.root,148247,148248,1,0,148248,1,0,0,OK
phase2,27291,PI+SIDIS,coin,/net/cdaq/cdaql3data/cdaq/hallc-online-rsidis2025/ROOTfiles/coin_replay_production_27291_-1.root,151508,151509,1,0,151509,1,0,0,OK
phase2,27292,PI+SIDIS,coin,/net/cdaq/cdaql3data/cdaq/hallc-online-rsidis2025/ROOTfiles/coin_replay_production_27292_-1.root,124125,124126,1,0,124126,1,0,0,OK
phase2,27293,PI+SIDIS,coin,/net/cdaq/cdaql3data/cdaq/hallc-online-rsidis2025/ROOTfiles/coin_replay_production_27293_-1.root,141473,141474,1,0,141474,1,0,0,OK
phase2,27294,PI+SIDIS,coin,/net/cdaq/cdaql3data/cdaq/hallc-online-rsidis2025/ROOTfiles/coin_replay_production_27294_-1.root,146665,146666,1,0,146666,1,0,0,OK
phase2,27295,HMSDIS,hms,/net/cdaq/cdaql3data/cdaq/hallc-online-rsidis2025/ROOTfiles/hms_coin_replay_production_27295_-1.root,1195940,1195941,1,0,,,,0,OK
phase2,27297,HMSDIS,hms,/net/cdaq/cdaql3data/cdaq/hallc-online-rsidis2025/ROOTfiles/hms_coin_replay_production_27297_-1.root,2581724,2581725,1,0,,,,0,OK
phase2,27298,HMSDIS,hms,/net/cdaq/cdaql3data/cdaq/hallc-online-rsidis2025/ROOTfiles/hms_coin_replay_production_27298_-1.root,504838,504839,1,0,,,,0,OK
phase2,27299,HMSDIS,hms,/net/cdaq/cdaql3data/cdaq/hallc-online-rsidis2025/ROOTfiles/hms_coin_replay_production_27299_-1.root,4358337,4358338,1,0,,,,0,OK
phase2,27300,PI+SIDIS,coin,/net/cdaq/cdaql3data/cdaq/hallc-online-rsidis2025/ROOTfiles/coin_replay_production_27300_-1.root,147423,147424,1,0,147424,1,0,0,OK
phase2,27301,PI+SIDIS,coin,/net/cdaq/cdaql3data/cdaq/hallc-online-rsidis2025/ROOTfiles/coin_replay_production_27301_-1.root,142886,142887,1,0,142887,1,0,0,OK
phase2,27302,PI+SIDIS,coin,/net/cdaq/cdaql3data/cdaq/hallc-online-rsidis2025/ROOTfiles/coin_replay_production_27302_-1.root,151832,151833,1,0,151833,1,0,0,OK
phase2,27303,PI+SIDIS,coin,/net/cdaq/cdaql3data/cdaq/hallc-online-rsidis2025/ROOTfiles/coin_replay_production_27303_-1.root,137332,137333,1,0,137333,1,0,0,OK
phase2,27304,PI+SIDIS,coin,/net/cdaq/cdaql3data/cdaq/hallc-online-rsidis2025/ROOTfiles/coin_replay_production_27304_-1.root,136061,136062,1,0,136062,1,0,0,OK
phase2,27305,PI+SIDIS,coin,/net/cdaq/cdaql3data/cdaq/hallc-online-rsidis2025/ROOTfiles/coin_replay_production_27305_-1.root,136100,136101,1,0,136101,1,0,0,OK
phase2,27306,PI+SIDIS,coin,/net/cdaq/cdaql3data/cdaq/hallc-online-rsidis2025/ROOTfiles/coin_replay_production_27306_-1.root,206290,206291,1,0,206291,1,0,0,OK
phase2,27307,PI+SIDIS,coin,/net/cdaq/cdaql3data/cdaq/hallc-online-rsidis2025/ROOTfiles/coin_replay_production_27307_-1.root,132696,132697,1,0,132697,1,0,0,OK
phase2,27308,PI+SIDIS,coin,/net/cdaq/cdaql3data/cdaq/hallc-online-rsidis2025/ROOTfiles/coin_replay_production_27308_-1.root,138386,138387,1,0,138387,1,0,0,OK
phase2,27309,PI+SIDIS,coin,/net/cdaq/cdaql3data/cdaq/hallc-online-rsidis2025/ROOTfiles/coin_replay_production_27309_-1.root,90905,90906,1,0,90906,1,0,0,OK
phase2,27310,PI+SIDIS,coin,/net/cdaq/cdaql3data/cdaq/hallc-online-rsidis2025/ROOTfiles/coin_replay_production_27310_-1.root,99540,99541,1,0,99541,1,0,0,OK
phase2,27311,PI+SIDIS,coin,/net/cdaq/cdaql3data/cdaq/hallc-online-rsidis2025/ROOTfiles/coin_replay_production_27311_-1.root,95702,95703,1,0,95703,1,0,0,OK
phase2,27312,PI+SIDIS,coin,/net/cdaq/cdaql3data/cdaq/hallc-online-rsidis2025/ROOTfiles/coin_replay_production_27312_-1.root,97344,97345,1,0,97345,1,0,0,OK
phase2,27313,PI+SIDIS,coin,/net/cdaq/cdaql3data/cdaq/hallc-online-rsidis2025/ROOTfiles/coin_replay_production_27313_-1.root,86320,86321,1,0,86321,1,0,0,OK
phase2,27314,PI+SIDIS,coin,/net/cdaq/cdaql3data/cdaq/hallc-online-rsidis2025/ROOTfiles/coin_replay_production_27314_-1.root,91474,91475,1,0,91475,1,0,0,OK
phase2,27315,PI+SIDIS,coin,/net/cdaq/cdaql3data/cdaq/hallc-online-rsidis2025/ROOTfiles/coin_replay_production_27315_-1.root,90637,90638,1,0,90638,1,0,0,OK
phase2,27316,PI+SIDIS,coin,/net/cdaq/cdaql3data/cdaq/hallc-online-rsidis2025/ROOTfiles/coin_replay_production_27316_-1.root,92768,92769,1,0,92769,1,0,0,OK
phase2,27317,PI+SIDIS,coin,/net/cdaq/cdaql3data/cdaq/hallc-online-rsidis2025/ROOTfiles/coin_replay_production_27317_-1.root,115507,115508,1,0,115508,1,0,0,OK
phase2,27318,PI+SIDIS,coin,/net/cdaq/cdaql3data/cdaq/hallc-online-rsidis2025/ROOTfiles/coin_replay_production_27318_-1.root,86809,86810,1,0,86810,1,0,0,OK
phase2,27319,PI+SIDIS,coin,/net/cdaq/cdaql3data/cdaq/hallc-online-rsidis2025/ROOTfiles/coin_replay_production_27319_-1.root,95038,95039,1,0,95039,1,0,0,OK
phase2,27320,PI+SIDIS,coin,/net/cdaq/cdaql3data/cdaq/hallc-online-rsidis2025/ROOTfiles/coin_replay_production_27320_-1.root,24322,24323,1,0,24323,1,0,0,OK
phase2,27321,PI+SIDIS,coin,/net/cdaq/cdaql3data/cdaq/hallc-online-rsidis2025/ROOTfiles/coin_replay_production_27321_-1.root,22381,22382,1,0,22382,1,0,0,OK
phase2,27322,PI+SIDIS,coin,/net/cdaq/cdaql3data/cdaq/hallc-online-rsidis2025/ROOTfiles/coin_replay_production_27322_-1.root,25371,25372,1,0,25372,1,0,0,OK
phase2,27323,PI+SIDIS,coin,/net/cdaq/cdaql3data/cdaq/hallc-online-rsidis2025/ROOTfiles/coin_replay_production_27323_-1.root,22844,22845,1,0,22845,1,0,0,OK
phase2,27324,PI+SIDIS,coin,/net/cdaq/cdaql3data/cdaq/hallc-online-rsidis2025/ROOTfiles/coin_replay_production_27324_-1.root,137388,137389,1,0,137389,1,0,0,OK
phase2,27326,PI+SIDIS,coin,/net/cdaq/cdaql3data/cdaq/hallc-online-rsidis2025/ROOTfiles/coin_replay_production_27326_-1.root,139389,139390,1,0,139390,1,0,0,OK
phase2,27327,PI+SIDIS,coin,/net/cdaq/cdaql3data/cdaq/hallc-online-rsidis2025/ROOTfiles/coin_replay_production_27327_-1.root,137634,137635,1,0,137635,1,0,0,OK
phase2,27328,PI+SIDIS,coin,/net/cdaq/cdaql3data/cdaq/hallc-online-rsidis2025/ROOTfiles/coin_replay_production_27328_-1.root,141413,141414,1,0,141414,1,0,0,OK
phase2,27329,PI+SIDIS,coin,/net/cdaq/cdaql3data/cdaq/hallc-online-rsidis2025/ROOTfiles/coin_replay_production_27329_-1.root,123539,123540,1,0,123540,1,0,0,OK
phase2,27330,PI+SIDIS,coin,/net/cdaq/cdaql3data/cdaq/hallc-online-rsidis2025/ROOTfiles/coin_replay_production_27330_-1.root,114653,114654,1,0,114654,1,0,0,OK
phase2,27331,PI+SIDIS,coin,/net/cdaq/cdaql3data/cdaq/hallc-online-rsidis2025/ROOTfiles/coin_replay_production_27331_-1.root,125008,125009,1,0,125009,1,0,0,OK
phase2,27332,PI+SIDIS,coin,/net/cdaq/cdaql3data/cdaq/hallc-online-rsidis2025/ROOTfiles/coin_replay_production_27332_-1.root,197751,197752,1,0,197752,1,0,0,OK
phase2,27333,PI+SIDIS,coin,/net/cdaq/cdaql3data/cdaq/hallc-online-rsidis2025/ROOTfiles/coin_replay_production_27333_-1.root,140615,140616,1,0,140616,1,0,0,OK
phase2,27334,PI+SIDIS,coin,/net/cdaq/cdaql3data/cdaq/hallc-online-rsidis2025/ROOTfiles/coin_replay_production_27334_-1.root,145082,145083,1,0,145083,1,0,0,OK
phase2,27335,PI+SIDIS,coin,/net/cdaq/cdaql3data/cdaq/hallc-online-rsidis2025/ROOTfiles/coin_replay_production_27335_-1.root,139932,139933,1,0,139933,1,0,0,OK
phase2,27336,PI+SIDIS,coin,/net/cdaq/cdaql3data/cdaq/hallc-online-rsidis2025/ROOTfiles/coin_replay_production_27336_-1.root,131809,131810,1,0,131810,1,0,0,OK
phase2,27337,PI+SIDIS,coin,/net/cdaq/cdaql3data/cdaq/hallc-online-rsidis2025/ROOTfiles/coin_replay_production_27337_-1.root,128806,128807,1,0,128807,1,0,0,OK
phase2,27338,PI+SIDIS,coin,/net/cdaq/cdaql3data/cdaq/hallc-online-rsidis2025/ROOTfiles/coin_replay_production_27338_-1.root,150204,150205,1,0,150205,1,0,0,OK
phase2,27339,PI+SIDIS,coin,/net/cdaq/cdaql3data/cdaq/hallc-online-rsidis2025/ROOTfiles/coin_replay_production_27339_-1.root,146137,146138,1,0,146138,1,0,0,OK
phase2,27340,PI+SIDIS,coin,/net/cdaq/cdaql3data/cdaq/hallc-online-rsidis2025/ROOTfiles/coin_replay_production_27340_-1.root,135491,135492,1,0,135492,1,0,0,OK
phase2,27341,PI+SIDIS,coin,/net/cdaq/cdaql3data/cdaq/hallc-online-rsidis2025/ROOTfiles/coin_replay_production_27341_-1.root,141717,141718,1,0,141718,1,0,0,OK
phase2,27342,PI+SIDIS,coin,/net/cdaq/cdaql3data/cdaq/hallc-online-rsidis2025/ROOTfiles/coin_replay_production_27342_-1.root,63983,63984,1,0,63984,1,0,0,OK
phase2,27343,PI+SIDIS,coin,/net/cdaq/cdaql3data/cdaq/hallc-online-rsidis2025/ROOTfiles/coin_replay_production_27343_-1.root,140223,140224,1,0,140224,1,0,0,OK
phase2,27344,PI+SIDIS,coin,/net/cdaq/cdaql3data/cdaq/hallc-online-rsidis2025/ROOTfiles/coin_replay_production_27344_-1.root,156160,156161,1,0,156161,1,0,0,OK
phase2,27345,PI+SIDIS,coin,/net/cdaq/cdaql3data/cdaq/hallc-online-rsidis2025/ROOTfiles/coin_replay_production_27345_-1.root,137775,137776,1,0,137776,1,0,0,OK
phase2,27347,PI+SIDIS,coin,/net/cdaq/cdaql3data/cdaq/hallc-online-rsidis2025/ROOTfiles/coin_replay_production_27347_-1.root,142741,142742,1,0,142742,1,0,0,OK
phase2,27348,PI+SIDIS,coin,/net/cdaq/cdaql3data/cdaq/hallc-online-rsidis2025/ROOTfiles/coin_replay_production_27348_-1.root,148068,148069,1,0,148069,1,0,0,OK
phase2,27349,PI+SIDIS,coin,/net/cdaq/cdaql3data/cdaq/hallc-online-rsidis2025/ROOTfiles/coin_replay_production_27349_-1.root,180327,180328,1,0,180328,1,0,0,OK
phase2,27350,PI+SIDIS,coin,/net/cdaq/cdaql3data/cdaq/hallc-online-rsidis2025/ROOTfiles/coin_replay_production_27350_-1.root,190046,190047,1,0,190047,1,0,0,OK
phase2,27352,HMSHEE,hms,/net/cdaq/cdaql3data/cdaq/hallc-online-rsidis2025/ROOTfiles/hms_coin_replay_production_27352_-1.root,1822971,1822972,1,0,,,,0,OK
phase2,27355,HMSHEE,hms,/net/cdaq/cdaql3data/cdaq/hallc-online-rsidis2025/ROOTfiles/hms_coin_replay_production_27355_-1.root,1851326,1851327,1,0,,,,0,OK
phase2,27356,HMSHEE,hms,/net/cdaq/cdaql3data/cdaq/hallc-online-rsidis2025/ROOTfiles/hms_coin_replay_production_27356_-1.root,1815638,1815639,1,0,,,,0,OK
phase2,27357,HMSHEEP,coin,/net/cdaq/cdaql3data/cdaq/hallc-online-rsidis2025/ROOTfiles/coin_replay_production_27357_-1.root,6121,6122,1,0,6122,1,0,0,OK
phase2,27358,PI-SIDIS,coin,/net/cdaq/cdaql3data/cdaq/hallc-online-rsidis2025/ROOTfiles/coin_replay_production_27358_-1.root,98112,98113,1,0,98113,1,0,0,OK
phase2,27361,PI-SIDIS,coin,/net/cdaq/cdaql3data/cdaq/hallc-online-rsidis2025/ROOTfiles/coin_replay_production_27361_-1.root,102882,102883,1,0,102883,1,0,0,OK
phase2,27362,PI-SIDIS,coin,/net/cdaq/cdaql3data/cdaq/hallc-online-rsidis2025/ROOTfiles/coin_replay_production_27362_-1.root,89708,89709,1,0,89709,1,0,0,OK
phase2,27363,PI-SIDIS,coin,/net/cdaq/cdaql3data/cdaq/hallc-online-rsidis2025/ROOTfiles/coin_replay_production_27363_-1.root,72339,72340,1,0,72340,1,0,0,OK
phase2,27364,PI-SIDIS,coin,/net/cdaq/cdaql3data/cdaq/hallc-online-rsidis2025/ROOTfiles/coin_replay_production_27364_-1.root,88425,88426,1,0,88426,1,0,0,OK
phase2,27365,PI-SIDIS,coin,/net/cdaq/cdaql3data/cdaq/hallc-online-rsidis2025/ROOTfiles/coin_replay_production_27365_-1.root,99262,99263,1,0,99263,1,0,0,OK
phase2,27366,PI-SIDIS,coin,/net/cdaq/cdaql3data/cdaq/hallc-online-rsidis2025/ROOTfiles/coin_replay_production_27366_-1.root,94204,94205,1,0,94205,1,0,0,OK
phase2,27367,PI-SIDIS,coin,/net/cdaq/cdaql3data/cdaq/hallc-online-rsidis2025/ROOTfiles/coin_replay_production_27367_-1.root,96857,96858,1,0,96858,1,0,0,OK
phase2,27368,PI-SIDIS,coin,/net/cdaq/cdaql3data/cdaq/hallc-online-rsidis2025/ROOTfiles/coin_replay_production_27368_-1.root,94179,94180,1,0,94180,1,0,0,OK
phase2,27369,PI-SIDIS,coin,/net/cdaq/cdaql3data/cdaq/hallc-online-rsidis2025/ROOTfiles/coin_replay_production_27369_-1.root,96490,96491,1,0,96491,1,0,0,OK
phase2,27370,PI-SIDIS,coin,/net/cdaq/cdaql3data/cdaq/hallc-online-rsidis2025/ROOTfiles/coin_replay_production_27370_-1.root,1462463,1462464,1,0,1462464,1,0,0,OK
phase2,27372,HMSDIS,hms,/net/cdaq/cdaql3data/cdaq/hallc-online-rsidis2025/ROOTfiles/hms_coin_replay_production_27372_-1.root,792046,792047,1,0,,,,0,OK
phase2,27373,HMSDIS,hms,/net/cdaq/cdaql3data/cdaq/hallc-online-rsidis2025/ROOTfiles/hms_coin_replay_production_27373_-1.root,2384174,2384175,1,0,,,,0,OK
phase2,27375,PI-SIDIS,coin,/net/cdaq/cdaql3data/cdaq/hallc-online-rsidis2025/ROOTfiles/coin_replay_production_27375_-1.root,24005,24006,1,0,24006,1,0,0,OK
phase2,27376,PI-SIDIS,coin,/net/cdaq/cdaql3data/cdaq/hallc-online-rsidis2025/ROOTfiles/coin_replay_production_27376_-1.root,23294,23295,1,0,23295,1,0,0,OK
phase2,27377,PI-SIDIS,coin,/net/cdaq/cdaql3data/cdaq/hallc-online-rsidis2025/ROOTfiles/coin_replay_production_27377_-1.root,25117,25118,1,0,25118,1,0,0,OK
phase2,27378,PI-SIDIS,coin,/net/cdaq/cdaql3data/cdaq/hallc-online-rsidis2025/ROOTfiles/coin_replay_production_27378_-1.root,24012,24013,1,0,24013,1,0,0,OK
phase2,27379,HMSDIS,hms,/net/cdaq/cdaql3data/cdaq/hallc-online-rsidis2025/ROOTfiles/hms_coin_replay_production_27379_-1.root,215713,215714,1,0,,,,0,OK
phase2,27381,PI-SIDIS,coin,/net/cdaq/cdaql3data/cdaq/hallc-online-rsidis2025/ROOTfiles/coin_replay_production_27381_-1.root,97840,97841,1,0,97841,1,0,0,OK
phase2,27382,PI-SIDIS,coin,/net/cdaq/cdaql3data/cdaq/hallc-online-rsidis2025/ROOTfiles/coin_replay_production_27382_-1.root,94608,94609,1,0,94609,1,0,0,OK
phase2,27383,PI-SIDIS,coin,/net/cdaq/cdaql3data/cdaq/hallc-online-rsidis2025/ROOTfiles/coin_replay_production_27383_-1.root,101432,101433,1,0,101433,1,0,0,OK
phase2,27384,PI-SIDIS,coin,/net/cdaq/cdaql3data/cdaq/hallc-online-rsidis2025/ROOTfiles/coin_replay_production_27384_-1.root,98049,98050,1,0,98050,1,0,0,OK
phase2,27385,PI-SIDIS,coin,/net/cdaq/cdaql3data/cdaq/hallc-online-rsidis2025/ROOTfiles/coin_replay_production_27385_-1.root,46234,46235,1,0,46235,1,0,0,OK
phase2,27386,PI-SIDIS,coin,/net/cdaq/cdaql3data/cdaq/hallc-online-rsidis2025/ROOTfiles/coin_replay_production_27386_-1.root,95058,95059,1,0,95059,1,0,0,OK
phase2,27387,PI-SIDIS,coin,/net/cdaq/cdaql3data/cdaq/hallc-online-rsidis2025/ROOTfiles/coin_replay_production_27387_-1.root,85538,85539,1,0,85539,1,0,0,OK
phase2,27388,PI-SIDIS,coin,/net/cdaq/cdaql3data/cdaq/hallc-online-rsidis2025/ROOTfiles/coin_replay_production_27388_-1.root,87433,87434,1,0,87434,1,0,0,OK
phase2,27389,PI-SIDIS,coin,/net/cdaq/cdaql3data/cdaq/hallc-online-rsidis2025/ROOTfiles/coin_replay_production_27389_-1.root,93993,93994,1,0,93994,1,0,0,OK
phase2,27390,PI-SIDIS,coin,/net/cdaq/cdaql3data/cdaq/hallc-online-rsidis2025/ROOTfiles/coin_replay_production_27390_-1.root,96463,96464,1,0,96464,1,0,0,OK
phase2,27391,PI-SIDIS,coin,/net/cdaq/cdaql3data/cdaq/hallc-online-rsidis2025/ROOTfiles/coin_replay_production_27391_-1.root,92351,92352,1,0,92352,1,0,0,OK
phase2,27392,PI-SIDIS,coin,/net/cdaq/cdaql3data/cdaq/hallc-online-rsidis2025/ROOTfiles/coin_replay_production_27392_-1.root,26396,26397,1,0,26397,1,0,0,OK
phase2,27393,PI-SIDIS,coin,/net/cdaq/cdaql3data/cdaq/hallc-online-rsidis2025/ROOTfiles/coin_replay_production_27393_-1.root,23006,23007,1,0,23007,1,0,0,OK
phase2,27394,PI-SIDIS,coin,/net/cdaq/cdaql3data/cdaq/hallc-online-rsidis2025/ROOTfiles/coin_replay_production_27394_-1.root,21816,21817,1,0,21817,1,0,0,OK
phase2,27395,PI-SIDIS,coin,/net/cdaq/cdaql3data/cdaq/hallc-online-rsidis2025/ROOTfiles/coin_replay_production_27395_-1.root,29950,29951,1,0,29951,1,0,0,OK
phase2,27396,PI-SIDIS,coin,/net/cdaq/cdaql3data/cdaq/hallc-online-rsidis2025/ROOTfiles/coin_replay_production_27396_-1.root,23869,23870,1,0,23870,1,0,0,OK
phase2,27397,PI-SIDIS,coin,/net/cdaq/cdaql3data/cdaq/hallc-online-rsidis2025/ROOTfiles/coin_replay_production_27397_-1.root,24886,24887,1,0,24887,1,0,0,OK
phase2,27399,PI-SIDIS,coin,/net/cdaq/cdaql3data/cdaq/hallc-online-rsidis2025/ROOTfiles/coin_replay_production_27399_-1.root,139615,139616,1,0,139616,1,0,0,OK
phase2,27400,PI-SIDIS,coin,/net/cdaq/cdaql3data/cdaq/hallc-online-rsidis2025/ROOTfiles/coin_replay_production_27400_-1.root,130675,130676,1,0,130676,1,0,0,OK
phase2,27401,PI-SIDIS,coin,/net/cdaq/cdaql3data/cdaq/hallc-online-rsidis2025/ROOTfiles/coin_replay_production_27401_-1.root,126211,126212,1,0,126212,1,0,0,OK
phase2,27402,PI-SIDIS,coin,/net/cdaq/cdaql3data/cdaq/hallc-online-rsidis2025/ROOTfiles/coin_replay_production_27402_-1.root,163684,163685,1,0,163685,1,0,0,OK
phase2,27403,PI-SIDIS,coin,/net/cdaq/cdaql3data/cdaq/hallc-online-rsidis2025/ROOTfiles/coin_replay_production_27403_-1.root,15989,15990,1,0,15990,1,0,0,OK
phase2,27406,PI-SIDIS,coin,/net/cdaq/cdaql3data/cdaq/hallc-online-rsidis2025/ROOTfiles/coin_replay_production_27406_-1.root,131631,131632,1,0,131632,1,0,0,OK
phase2,27407,PI-SIDIS,coin,/net/cdaq/cdaql3data/cdaq/hallc-online-rsidis2025/ROOTfiles/coin_replay_production_27407_-1.root,125311,125312,1,0,125312,1,0,0,OK
phase2,27408,PI-SIDIS,coin,/net/cdaq/cdaql3data/cdaq/hallc-online-rsidis2025/ROOTfiles/coin_replay_production_27408_-1.root,126196,126197,1,0,126197,1,0,0,OK
phase2,27409,PI-SIDIS,coin,/net/cdaq/cdaql3data/cdaq/hallc-online-rsidis2025/ROOTfiles/coin_replay_production_27409_-1.root,124342,124343,1,0,124343,1,0,0,OK
phase2,27410,PI-SIDIS,coin,/net/cdaq/cdaql3data/cdaq/hallc-online-rsidis2025/ROOTfiles/coin_replay_production_27410_-1.root,76738,76739,1,0,76739,1,0,0,OK
phase2,27411,PI-SIDIS,coin,/net/cdaq/cdaql3data/cdaq/hallc-online-rsidis2025/ROOTfiles/coin_replay_production_27411_-1.root,125763,125764,1,0,125764,1,0,0,OK
phase2,27412,PI-SIDIS,coin,/net/cdaq/cdaql3data/cdaq/hallc-online-rsidis2025/ROOTfiles/coin_replay_production_27412_-1.root,122384,122385,1,0,122385,1,0,0,OK
phase2,27413,PI-SIDIS,coin,/net/cdaq/cdaql3data/cdaq/hallc-online-rsidis2025/ROOTfiles/coin_replay_production_27413_-1.root,129996,129997,1,0,129997,1,0,0,OK
phase2,27414,PI-SIDIS,coin,/net/cdaq/cdaql3data/cdaq/hallc-online-rsidis2025/ROOTfiles/coin_replay_production_27414_-1.root,114844,114845,1,0,114845,1,0,0,OK
phase2,27415,HMSDIS,hms,/net/cdaq/cdaql3data/cdaq/hallc-online-rsidis2025/ROOTfiles/hms_coin_replay_production_27415_-1.root,954570,954571,1,0,,,,0,OK
phase2,27417,HMSDIS,hms,/net/cdaq/cdaql3data/cdaq/hallc-online-rsidis2025/ROOTfiles/hms_coin_replay_production_27417_-1.root,1944379,1944380,1,0,,,,0,OK
phase2,27418,PI-SIDIS,coin,/net/cdaq/cdaql3data/cdaq/hallc-online-rsidis2025/ROOTfiles/coin_replay_production_27418_-1.root,82604,82605,1,0,82605,1,0,0,OK
phase2,27419,PI-SIDIS,coin,/net/cdaq/cdaql3data/cdaq/hallc-online-rsidis2025/ROOTfiles/coin_replay_production_27419_-1.root,60918,60919,1,0,60919,1,0,0,OK
phase2,27420,PI-SIDIS,coin,/net/cdaq/cdaql3data/cdaq/hallc-online-rsidis2025/ROOTfiles/coin_replay_production_27420_-1.root,69143,69144,1,0,69144,1,0,0,OK
phase2,27421,PI-SIDIS,coin,/net/cdaq/cdaql3data/cdaq/hallc-online-rsidis2025/ROOTfiles/coin_replay_production_27421_-1.root,87991,87992,1,0,87992,1,0,0,OK
phase2,27423,PI-SIDIS,coin,/net/cdaq/cdaql3data/cdaq/hallc-online-rsidis2025/ROOTfiles/coin_replay_production_27423_-1.root,88915,88916,1,0,88916,1,0,0,OK
phase2,27424,PI-SIDIS,coin,/net/cdaq/cdaql3data/cdaq/hallc-online-rsidis2025/ROOTfiles/coin_replay_production_27424_-1.root,97188,97189,1,0,97189,1,0,0,OK
phase2,27425,PI-SIDIS,coin,/net/cdaq/cdaql3data/cdaq/hallc-online-rsidis2025/ROOTfiles/coin_replay_production_27425_-1.root,76398,76399,1,0,76399,1,0,0,OK
phase2,27426,PI-SIDIS,coin,/net/cdaq/cdaql3data/cdaq/hallc-online-rsidis2025/ROOTfiles/coin_replay_production_27426_-1.root,90217,90218,1,0,90218,1,0,0,OK
phase2,27427,PI-SIDIS,coin,/net/cdaq/cdaql3data/cdaq/hallc-online-rsidis2025/ROOTfiles/coin_replay_production_27427_-1.root,82438,82439,1,0,82439,1,0,0,OK
phase2,27428,PI-SIDIS,coin,/net/cdaq/cdaql3data/cdaq/hallc-online-rsidis2025/ROOTfiles/coin_replay_production_27428_-1.root,93489,93490,1,0,93490,1,0,0,OK
phase2,27429,PI-SIDIS,coin,/net/cdaq/cdaql3data/cdaq/hallc-online-rsidis2025/ROOTfiles/coin_replay_production_27429_-1.root,1360298,1360299,1,0,1360299,1,0,0,OK
phase2,27430,HMSDIS,hms,/net/cdaq/cdaql3data/cdaq/hallc-online-rsidis2025/ROOTfiles/hms_coin_replay_production_27430_-1.root,672358,672359,1,0,,,,0,OK
phase2,27431,HMSDIS,hms,/net/cdaq/cdaql3data/cdaq/hallc-online-rsidis2025/ROOTfiles/hms_coin_replay_production_27431_-1.root,2201123,2201124,1,0,,,,0,OK
phase2,27432,PI-SIDIS,coin,/net/cdaq/cdaql3data/cdaq/hallc-online-rsidis2025/ROOTfiles/coin_replay_production_27432_-1.root,24394,24395,1,0,24395,1,0,0,OK
phase2,27433,PI-SIDIS,coin,/net/cdaq/cdaql3data/cdaq/hallc-online-rsidis2025/ROOTfiles/coin_replay_production_27433_-1.root,23397,23398,1,0,23398,1,0,0,OK
phase2,27435,PI-SIDIS,coin,/net/cdaq/cdaql3data/cdaq/hallc-online-rsidis2025/ROOTfiles/coin_replay_production_27435_-1.root,18146,18147,1,0,18147,1,0,0,OK
phase2,27436,PI-SIDIS,coin,/net/cdaq/cdaql3data/cdaq/hallc-online-rsidis2025/ROOTfiles/coin_replay_production_27436_-1.root,23354,23355,1,0,23355,1,0,0,OK
phase2,27437,PI-SIDIS,coin,/net/cdaq/cdaql3data/cdaq/hallc-online-rsidis2025/ROOTfiles/coin_replay_production_27437_-1.root,33260,33261,1,0,33261,1,0,0,OK
phase2,27438,HMSDIS,hms,/net/cdaq/cdaql3data/cdaq/hallc-online-rsidis2025/ROOTfiles/hms_coin_replay_production_27438_-1.root,204946,204947,1,0,,,,0,OK
phase2,27439,PI-SIDIS,coin,/net/cdaq/cdaql3data/cdaq/hallc-online-rsidis2025/ROOTfiles/coin_replay_production_27439_-1.root,127347,127348,1,0,127348,1,0,0,OK
phase2,27440,PI-SIDIS,coin,/net/cdaq/cdaql3data/cdaq/hallc-online-rsidis2025/ROOTfiles/coin_replay_production_27440_-1.root,108901,108902,1,0,108902,1,0,0,OK
phase2,27442,PI-SIDIS,coin,/net/cdaq/cdaql3data/cdaq/hallc-online-rsidis2025/ROOTfiles/coin_replay_production_27442_-1.root,407675,407676,1,0,407676,1,0,0,OK
phase2,27443,PI-SIDIS,coin,/net/cdaq/cdaql3data/cdaq/hallc-online-rsidis2025/ROOTfiles/coin_replay_production_27443_-1.root,383313,383314,1,0,383314,1,0,0,OK
phase2,27444,PI-SIDIS,coin,/net/cdaq/cdaql3data/cdaq/hallc-online-rsidis2025/ROOTfiles/coin_replay_production_27444_-1.root,436330,436331,1,0,436331,1,0,0,OK
phase2,27445,PI-SIDIS,coin,/net/cdaq/cdaql3data/cdaq/hallc-online-rsidis2025/ROOTfiles/coin_replay_production_27445_-1.root,453123,453124,1,0,453124,1,0,0,OK
phase2,27446,PI-SIDIS,coin,/net/cdaq/cdaql3data/cdaq/hallc-online-rsidis2025/ROOTfiles/coin_replay_production_27446_-1.root,455264,455265,1,0,455265,1,0,0,OK
phase2,27447,PI-SIDIS,coin,/net/cdaq/cdaql3data/cdaq/hallc-online-rsidis2025/ROOTfiles/coin_replay_production_27447_-1.root,437885,437886,1,0,437886,1,0,0,OK
phase2,27448,PI-SIDIS,coin,/net/cdaq/cdaql3data/cdaq/hallc-online-rsidis2025/ROOTfiles/coin_replay_production_27448_-1.root,432268,432269,1,0,432269,1,0,0,OK
phase2,27449,PI-SIDIS,coin,/net/cdaq/cdaql3data/cdaq/hallc-online-rsidis2025/ROOTfiles/coin_replay_production_27449_-1.root,426006,426007,1,0,426007,1,0,0,OK
phase2,27451,PI-SIDIS,coin,/net/cdaq/cdaql3data/cdaq/hallc-online-rsidis2025/ROOTfiles/coin_replay_production_27451_-1.root,7013021,7013022,1,0,7013022,1,0,0,OK
phase2,27452,HMSDIS,hms,/net/cdaq/cdaql3data/cdaq/hallc-online-rsidis2025/ROOTfiles/hms_coin_replay_production_27452_-1.root,1740519,1740520,1,0,,,,0,OK
phase2,27453,HMSDIS,hms,/net/cdaq/cdaql3data/cdaq/hallc-online-rsidis2025/ROOTfiles/hms_coin_replay_production_27453_-1.root,1828281,1828282,1,0,,,,0,OK
phase2,27454,PI-SIDIS,coin,/net/cdaq/cdaql3data/cdaq/hallc-online-rsidis2025/ROOTfiles/coin_replay_production_27454_-1.root,298233,298234,1,0,298234,1,0,0,OK
phase2,27455,PI-SIDIS,coin,/net/cdaq/cdaql3data/cdaq/hallc-online-rsidis2025/ROOTfiles/coin_replay_production_27455_-1.root,349960,349961,1,0,349961,1,0,0,OK
phase2,27456,PI-SIDIS,coin,/net/cdaq/cdaql3data/cdaq/hallc-online-rsidis2025/ROOTfiles/coin_replay_production_27456_-1.root,353807,353808,1,0,353808,1,0,0,OK
phase2,27457,HMSDIS,hms,/net/cdaq/cdaql3data/cdaq/hallc-online-rsidis2025/ROOTfiles/hms_coin_replay_production_27457_-1.root,1320214,1320215,1,0,,,,0,OK
phase2,27458,PI-SIDIS,coin,/net/cdaq/cdaql3data/cdaq/hallc-online-rsidis2025/ROOTfiles/coin_replay_production_27458_-1.root,476624,476625,1,0,476625,1,0,0,OK
phase2,27459,PI-SIDIS,coin,/net/cdaq/cdaql3data/cdaq/hallc-online-rsidis2025/ROOTfiles/coin_replay_production_27459_-1.root,93534,93535,1,0,93535,1,0,0,OK
phase2,27460,PI-SIDIS,coin,/net/cdaq/cdaql3data/cdaq/hallc-online-rsidis2025/ROOTfiles/coin_replay_production_27460_-1.root,457798,457799,1,0,457799,1,0,0,OK
phase2,27461,PI-SIDIS,coin,/net/cdaq/cdaql3data/cdaq/hallc-online-rsidis2025/ROOTfiles/coin_replay_production_27461_-1.root,459504,459505,1,0,459505,1,0,0,OK
phase2,27462,PI-SIDIS,coin,/net/cdaq/cdaql3data/cdaq/hallc-online-rsidis2025/ROOTfiles/coin_replay_production_27462_-1.root,492673,492674,1,0,492674,1,0,0,OK
phase2,27463,PI-SIDIS,coin,/net/cdaq/cdaql3data/cdaq/hallc-online-rsidis2025/ROOTfiles/coin_replay_production_27463_-1.root,358687,358688,1,0,358688,1,0,0,OK
phase2,27464,PI-SIDIS,coin,/net/cdaq/cdaql3data/cdaq/hallc-online-rsidis2025/ROOTfiles/coin_replay_production_27464_-1.root,456220,456221,1,0,456221,1,0,0,OK
phase2,27465,PI-SIDIS,coin,/net/cdaq/cdaql3data/cdaq/hallc-online-rsidis2025/ROOTfiles/coin_replay_production_27465_-1.root,461752,461753,1,0,461753,1,0,0,OK
phase2,27466,PI-SIDIS,coin,/net/cdaq/cdaql3data/cdaq/hallc-online-rsidis2025/ROOTfiles/coin_replay_production_27466_-1.root,499950,499951,1,0,499951,1,0,0,OK
phase2,27467,PI+SIDIS,coin,/net/cdaq/cdaql3data/cdaq/hallc-online-rsidis2025/ROOTfiles/coin_replay_production_27467_-1.root,450854,450855,1,0,450855,1,0,0,OK
phase2,27468,PI+SIDIS,coin,/net/cdaq/cdaql3data/cdaq/hallc-online-rsidis2025/ROOTfiles/coin_replay_production_27468_-1.root,561928,561929,1,0,561929,1,0,0,OK
phase2,27469,HMSDIS,hms,/net/cdaq/cdaql3data/cdaq/hallc-online-rsidis2025/ROOTfiles/hms_coin_replay_production_27469_-1.root,1929534,1929535,1,0,,,,0,OK
phase2,27470,HMSDIS,hms,/net/cdaq/cdaql3data/cdaq/hallc-online-rsidis2025/ROOTfiles/hms_coin_replay_production_27470_-1.root,4197093,4197094,1,0,,,,0,OK
phase2,27471,PI+SIDIS,coin,/net/cdaq/cdaql3data/cdaq/hallc-online-rsidis2025/ROOTfiles/coin_replay_production_27471_-1.root,55525,55526,1,0,55526,1,0,0,OK
phase2,27472,HMSDIS,hms,/net/cdaq/cdaql3data/cdaq/hallc-online-rsidis2025/ROOTfiles/hms_coin_replay_production_27472_-1.root,13333,13334,1,0,,,,0,OK
phase2,27473,PI+SIDIS,coin,/net/cdaq/cdaql3data/cdaq/hallc-online-rsidis2025/ROOTfiles/coin_replay_production_27473_-1.root,528362,528363,1,0,528363,1,0,0,OK
phase2,27474,PI+SIDIS,coin,/net/cdaq/cdaql3data/cdaq/hallc-online-rsidis2025/ROOTfiles/coin_replay_production_27474_-1.root,599335,599336,1,0,599336,1,0,0,OK
phase2,27475,PI+SIDIS,coin,/net/cdaq/cdaql3data/cdaq/hallc-online-rsidis2025/ROOTfiles/coin_replay_production_27475_-1.root,539182,539183,1,0,539183,1,0,0,OK
phase2,27476,PI+SIDIS,coin,/net/cdaq/cdaql3data/cdaq/hallc-online-rsidis2025/ROOTfiles/coin_replay_production_27476_-1.root,558003,558004,1,0,558004,1,0,0,OK
phase2,27477,PI+SIDIS,coin,/net/cdaq/cdaql3data/cdaq/hallc-online-rsidis2025/ROOTfiles/coin_replay_production_27477_-1.root,534709,534710,1,0,534710,1,0,0,OK
phase2,27478,PI+SIDIS,coin,/net/cdaq/cdaql3data/cdaq/hallc-online-rsidis2025/ROOTfiles/coin_replay_production_27478_-1.root,542159,542160,1,0,542160,1,0,0,OK
phase2,27479,PI+SIDIS,coin,/net/cdaq/cdaql3data/cdaq/hallc-online-rsidis2025/ROOTfiles/coin_replay_production_27479_-1.root,501972,501973,1,0,501973,1,0,0,OK
phase2,27480,PI+SIDIS,coin,/net/cdaq/cdaql3data/cdaq/hallc-online-rsidis2025/ROOTfiles/coin_replay_production_27480_-1.root,559458,559459,1,0,559459,1,0,0,OK
phase2,27481,PI+SIDIS,coin,/net/cdaq/cdaql3data/cdaq/hallc-online-rsidis2025/ROOTfiles/coin_replay_production_27481_-1.root,916439,916440,1,0,916440,1,0,0,OK
phase2,27482,PI+SIDIS,coin,/net/cdaq/cdaql3data/cdaq/hallc-online-rsidis2025/ROOTfiles/coin_replay_production_27482_-1.root,498619,498620,1,0,498620,1,0,0,OK
phase2,27483,PI+SIDIS,coin,/net/cdaq/cdaql3data/cdaq/hallc-online-rsidis2025/ROOTfiles/coin_replay_production_27483_-1.root,624416,624417,1,0,624417,1,0,0,OK
phase2,27484,HMSDIS,hms,/net/cdaq/cdaql3data/cdaq/hallc-online-rsidis2025/ROOTfiles/hms_coin_replay_production_27484_-1.root,857477,857478,1,0,,,,0,OK
phase2,27485,HMSDIS,hms,/net/cdaq/cdaql3data/cdaq/hallc-online-rsidis2025/ROOTfiles/hms_coin_replay_production_27485_-1.root,537833,537834,1,0,,,,0,OK
phase2,27486,PI+SIDIS,coin,/net/cdaq/cdaql3data/cdaq/hallc-online-rsidis2025/ROOTfiles/coin_replay_production_27486_-1.root,267418,267419,1,0,267419,1,0,0,OK
phase2,27487,PI+SIDIS,coin,/net/cdaq/cdaql3data/cdaq/hallc-online-rsidis2025/ROOTfiles/coin_replay_production_27487_-1.root,264967,264968,1,0,264968,1,0,0,OK
phase2,27488,HMSDIS,hms,/net/cdaq/cdaql3data/cdaq/hallc-online-rsidis2025/ROOTfiles/hms_coin_replay_production_27488_-1.root,631258,631259,1,0,,,,0,OK
phase2,27490,PI+SIDIS,coin,/net/cdaq/cdaql3data/cdaq/hallc-online-rsidis2025/ROOTfiles/coin_replay_production_27490_-1.root,414913,414914,1,0,414914,1,0,0,OK
phase2,27491,HMSDIS,hms,/net/cdaq/cdaql3data/cdaq/hallc-online-rsidis2025/ROOTfiles/hms_coin_replay_production_27491_-1.root,3627012,3627013,1,0,,,,0,OK
phase2,27492,PI+SIDIS,coin,/net/cdaq/cdaql3data/cdaq/hallc-online-rsidis2025/ROOTfiles/coin_replay_production_27492_-1.root,638452,638453,1,0,638453,1,0,0,OK
phase2,27493,PI+SIDIS,coin,/net/cdaq/cdaql3data/cdaq/hallc-online-rsidis2025/ROOTfiles/coin_replay_production_27493_-1.root,22638,22639,1,0,22639,1,0,0,OK
phase2,27494,HMSDIS,hms,/net/cdaq/cdaql3data/cdaq/hallc-online-rsidis2025/ROOTfiles/hms_coin_replay_production_27494_-1.root,589474,589475,1,0,,,,0,OK
phase2,27495,PI+SIDIS,coin,/net/cdaq/cdaql3data/cdaq/hallc-online-rsidis2025/ROOTfiles/coin_replay_production_27495_-1.root,199383,199384,1,0,199384,1,0,0,OK
phase2,27496,PI+SIDIS,coin,/net/cdaq/cdaql3data/cdaq/hallc-online-rsidis2025/ROOTfiles/coin_replay_production_27496_-1.root,825141,825142,1,0,825142,1,0,0,OK
phase2,27497,PI+SIDIS,coin,/net/cdaq/cdaql3data/cdaq/hallc-online-rsidis2025/ROOTfiles/coin_replay_production_27497_-1.root,820983,820984,1,0,820984,1,0,0,OK
phase2,27498,HMSDIS,hms,/net/cdaq/cdaql3data/cdaq/hallc-online-rsidis2025/ROOTfiles/hms_coin_replay_production_27498_-1.root,1453652,1453653,1,0,,,,0,OK
phase2,27499,HMSDIS,hms,/net/cdaq/cdaql3data/cdaq/hallc-online-rsidis2025/ROOTfiles/hms_coin_replay_production_27499_-1.root,1361002,1361003,1,0,,,,0,OK
phase2,27500,PI-SIDIS,coin,/net/cdaq/cdaql3data/cdaq/hallc-online-rsidis2025/ROOTfiles/coin_replay_production_27500_-1.root,748699,748700,1,0,748700,1,0,0,OK
phase2,27501,PI-SIDIS,coin,/net/cdaq/cdaql3data/cdaq/hallc-online-rsidis2025/ROOTfiles/coin_replay_production_27501_-1.root,701670,701671,1,0,701671,1,0,0,OK
phase2,27502,PI-SIDIS,coin,/net/cdaq/cdaql3data/cdaq/hallc-online-rsidis2025/ROOTfiles/coin_replay_production_27502_-1.root,247054,247055,1,0,247055,1,0,0,OK
phase2,27504,PI-SIDIS,coin,/net/cdaq/cdaql3data/cdaq/hallc-online-rsidis2025/ROOTfiles/coin_replay_production_27504_-1.root,144775,144776,1,0,144776,1,0,0,OK
phase2,27505,PI-SIDIS,coin,/net/cdaq/cdaql3data/cdaq/hallc-online-rsidis2025/ROOTfiles/coin_replay_production_27505_-1.root,492114,492115,1,0,492115,1,0,0,OK
phase2,27506,PI-SIDIS,coin,/net/cdaq/cdaql3data/cdaq/hallc-online-rsidis2025/ROOTfiles/coin_replay_production_27506_-1.root,488633,488634,1,0,488634,1,0,0,OK
phase2,27507,PI+SIDIS,coin,/net/cdaq/cdaql3data/cdaq/hallc-online-rsidis2025/ROOTfiles/coin_replay_production_27507_-1.root,175610,175611,1,0,175611,1,0,0,OK
phase2,27508,HMSDIS,hms,/net/cdaq/cdaql3data/cdaq/hallc-online-rsidis2025/ROOTfiles/hms_coin_replay_production_27508_-1.root,1802122,1802123,1,0,,,,0,OK
phase2,27509,HMSDIS,hms,/net/cdaq/cdaql3data/cdaq/hallc-online-rsidis2025/ROOTfiles/hms_coin_replay_production_27509_-1.root,1779863,1779864,1,0,,,,0,OK
phase2,27510,PI+SIDIS,coin,/net/cdaq/cdaql3data/cdaq/hallc-online-rsidis2025/ROOTfiles/coin_replay_production_27510_-1.root,15160,15161,1,0,15161,1,0,0,OK
phase2,27511,HMSDIS,hms,/net/cdaq/cdaql3data/cdaq/hallc-online-rsidis2025/ROOTfiles/hms_coin_replay_production_27511_-1.root,1488661,1488662,1,0,,,,0,OK
phase2,27512,HMSDIS,hms,/net/cdaq/cdaql3data/cdaq/hallc-online-rsidis2025/ROOTfiles/hms_coin_replay_production_27512_-1.root,1555906,1555907,1,0,,,,0,OK
phase2,27513,PI+SIDIS,coin,/net/cdaq/cdaql3data/cdaq/hallc-online-rsidis2025/ROOTfiles/coin_replay_production_27513_-1.root,118203,118204,1,0,118204,1,0,0,OK
phase2,27514,PI+SIDIS,coin,/net/cdaq/cdaql3data/cdaq/hallc-online-rsidis2025/ROOTfiles/coin_replay_production_27514_-1.root,501229,501230,1,0,501230,1,0,0,OK
phase2,27515,PI+SIDIS,coin,/net/cdaq/cdaql3data/cdaq/hallc-online-rsidis2025/ROOTfiles/coin_replay_production_27515_-1.root,481965,481966,1,0,481966,1,0,0,OK
phase2,27516,PI+SIDIS,coin,/net/cdaq/cdaql3data/cdaq/hallc-online-rsidis2025/ROOTfiles/coin_replay_production_27516_-1.root,64151,64152,1,0,64152,1,0,0,OK
phase2,27517,HMSDIS,hms,/net/cdaq/cdaql3data/cdaq/hallc-online-rsidis2025/ROOTfiles/hms_coin_replay_production_27517_-1.root,3800692,3800693,1,0,,,,0,OK
phase2,27518,HMSDIS,hms,/net/cdaq/cdaql3data/cdaq/hallc-online-rsidis2025/ROOTfiles/hms_coin_replay_production_27518_-1.root,1897848,1897849,1,0,,,,0,OK
phase2,27519,PI+SIDIS,coin,/net/cdaq/cdaql3data/cdaq/hallc-online-rsidis2025/ROOTfiles/coin_replay_production_27519_-1.root,11739,11740,1,0,11740,1,0,0,OK
phase2,27521,HMSDIS,hms,/net/cdaq/cdaql3data/cdaq/hallc-online-rsidis2025/ROOTfiles/hms_coin_replay_production_27521_-1.root,740107,740108,1,0,,,,0,OK
phase2,27522,HMSDIS,hms,/net/cdaq/cdaql3data/cdaq/hallc-online-rsidis2025/ROOTfiles/hms_coin_replay_production_27522_-1.root,8581,8582,1,0,,,,0,OK
phase2,27523,HMSDIS,hms,/net/cdaq/cdaql3data/cdaq/hallc-online-rsidis2025/ROOTfiles/hms_coin_replay_production_27523_-1.root,822075,822076,1,0,,,,0,OK
phase2,27530,PI+SIDIS,coin,/net/cdaq/cdaql3data/cdaq/hallc-online-rsidis2025/ROOTfiles/coin_replay_production_27530_-1.root,215799,215800,1,0,215800,1,0,0,OK
phase2,27532,HMSDIS,hms,/net/cdaq/cdaql3data/cdaq/hallc-online-rsidis2025/ROOTfiles/hms_coin_replay_production_27532_-1.root,1894072,1894073,1,0,,,,0,OK
phase2,27533,HMSDIS,hms,/net/cdaq/cdaql3data/cdaq/hallc-online-rsidis2025/ROOTfiles/hms_coin_replay_production_27533_-1.root,1548331,1548332,1,0,,,,0,OK
phase2,27536,PI+SIDIS,coin,/net/cdaq/cdaql3data/cdaq/hallc-online-rsidis2025/ROOTfiles/coin_replay_production_27536_-1.root,207384,207385,1,0,207385,1,0,0,OK
phase2,27537,PI+SIDIS,coin,/net/cdaq/cdaql3data/cdaq/hallc-online-rsidis2025/ROOTfiles/coin_replay_production_27537_-1.root,266597,266598,1,0,266598,1,0,0,OK
phase2,27538,PI+SIDIS,coin,/net/cdaq/cdaql3data/cdaq/hallc-online-rsidis2025/ROOTfiles/coin_replay_production_27538_-1.root,258049,258050,1,0,258050,1,0,0,OK
phase2,27539,PI+SIDIS,coin,/net/cdaq/cdaql3data/cdaq/hallc-online-rsidis2025/ROOTfiles/coin_replay_production_27539_-1.root,256642,256643,1,0,256643,1,0,0,OK
phase2,27540,PI+SIDIS,coin,/net/cdaq/cdaql3data/cdaq/hallc-online-rsidis2025/ROOTfiles/coin_replay_production_27540_-1.root,54106,54107,1,0,54107,1,0,0,OK
phase2,27541,PI-SIDIS,coin,/net/cdaq/cdaql3data/cdaq/hallc-online-rsidis2025/ROOTfiles/coin_replay_production_27541_-1.root,64667,64668,1,0,64668,1,0,0,OK
phase2,27542,PI-SIDIS,coin,/net/cdaq/cdaql3data/cdaq/hallc-online-rsidis2025/ROOTfiles/coin_replay_production_27542_-1.root,247238,247239,1,0,247239,1,0,0,OK
phase2,27543,PI-SIDIS,coin,/net/cdaq/cdaql3data/cdaq/hallc-online-rsidis2025/ROOTfiles/coin_replay_production_27543_-1.root,270559,270560,1,0,270560,1,0,0,OK
phase2,27544,PI-SIDIS,coin,/net/cdaq/cdaql3data/cdaq/hallc-online-rsidis2025/ROOTfiles/coin_replay_production_27544_-1.root,141758,141759,1,0,141759,1,0,0,OK
phase2,27545,PI-SIDIS,coin,/net/cdaq/cdaql3data/cdaq/hallc-online-rsidis2025/ROOTfiles/coin_replay_production_27545_-1.root,160576,160577,1,0,160577,1,0,0,OK
phase2,27546,PI-SIDIS,coin,/net/cdaq/cdaql3data/cdaq/hallc-online-rsidis2025/ROOTfiles/coin_replay_production_27546_-1.root,169832,169833,1,0,169833,1,0,0,OK
phase2,27547,PI-SIDIS,coin,/net/cdaq/cdaql3data/cdaq/hallc-online-rsidis2025/ROOTfiles/coin_replay_production_27547_-1.root,29484,29485,1,0,29485,1,0,0,OK
phase2,27548,PI-SIDIS,coin,/net/cdaq/cdaql3data/cdaq/hallc-online-rsidis2025/ROOTfiles/coin_replay_production_27548_-1.root,29183,29184,1,0,29184,1,0,0,OK
phase2,27550,PI-SIDIS,coin,/net/cdaq/cdaql3data/cdaq/hallc-online-rsidis2025/ROOTfiles/coin_replay_production_27550_-1.root,30382,30383,1,0,30383,1,0,0,OK
phase2,27551,PI-SIDIS,coin,/net/cdaq/cdaql3data/cdaq/hallc-online-rsidis2025/ROOTfiles/coin_replay_production_27551_-1.root,29273,29274,1,0,29274,1,0,0,OK
phase2,27552,PI-SIDIS,coin,/net/cdaq/cdaql3data/cdaq/hallc-online-rsidis2025/ROOTfiles/coin_replay_production_27552_-1.root,135784,135785,1,0,135785,1,0,0,OK
phase2,27553,PI-SIDIS,coin,/net/cdaq/cdaql3data/cdaq/hallc-online-rsidis2025/ROOTfiles/coin_replay_production_27553_-1.root,132000,132001,1,0,132001,1,0,0,OK
phase2,27554,PI-SIDIS,coin,/net/cdaq/cdaql3data/cdaq/hallc-online-rsidis2025/ROOTfiles/coin_replay_production_27554_-1.root,129888,129889,1,0,129889,1,0,0,OK
phase2,27555,PI-SIDIS,coin,/net/cdaq/cdaql3data/cdaq/hallc-online-rsidis2025/ROOTfiles/coin_replay_production_27555_-1.root,150251,150252,1,0,150252,1,0,0,OK
phase2,27556,PI-SIDIS,coin,/net/cdaq/cdaql3data/cdaq/hallc-online-rsidis2025/ROOTfiles/coin_replay_production_27556_-1.root,150614,150615,1,0,150615,1,0,0,OK
phase2,27557,PI-SIDIS,coin,/net/cdaq/cdaql3data/cdaq/hallc-online-rsidis2025/ROOTfiles/coin_replay_production_27557_-1.root,173692,173693,1,0,173693,1,0,0,OK
phase2,27558,PI+SIDIS,coin,/net/cdaq/cdaql3data/cdaq/hallc-online-rsidis2025/ROOTfiles/coin_replay_production_27558_-1.root,23882,23883,1,0,23883,1,0,0,OK
phase2,27559,PI+SIDIS,coin,/net/cdaq/cdaql3data/cdaq/hallc-online-rsidis2025/ROOTfiles/coin_replay_production_27559_-1.root,21265,21266,1,0,21266,1,0,0,OK
phase2,27560,HMSDIS,hms,/net/cdaq/cdaql3data/cdaq/hallc-online-rsidis2025/ROOTfiles/hms_coin_replay_production_27560_-1.root,1390059,1390060,1,0,,,,0,OK
phase2,27561,HMSDIS,hms,/net/cdaq/cdaql3data/cdaq/hallc-online-rsidis2025/ROOTfiles/hms_coin_replay_production_27561_-1.root,1314614,1314615,1,0,,,,0,OK
phase2,27562,PI+SIDIS,coin,/net/cdaq/cdaql3data/cdaq/hallc-online-rsidis2025/ROOTfiles/coin_replay_production_27562_-1.root,11163,11164,1,0,11164,1,0,0,OK
phase2,27563,PI+SIDIS,coin,/net/cdaq/cdaql3data/cdaq/hallc-online-rsidis2025/ROOTfiles/coin_replay_production_27563_-1.root,10196,10197,1,0,10197,1,0,0,OK
phase2,27564,HMSDIS,hms,/net/cdaq/cdaql3data/cdaq/hallc-online-rsidis2025/ROOTfiles/hms_coin_replay_production_27564_-1.root,290603,290604,1,0,,,,0,OK
phase2,27565,HMSDIS,hms,/net/cdaq/cdaql3data/cdaq/hallc-online-rsidis2025/ROOTfiles/hms_coin_replay_production_27565_-1.root,251895,251896,1,0,,,,0,OK
phase2,27566,HMSDIS,hms,/net/cdaq/cdaql3data/cdaq/hallc-online-rsidis2025/ROOTfiles/hms_coin_replay_production_27566_-1.root,1291002,1291003,1,0,,,,0,OK
phase2,27567,HMSDIS,hms,/net/cdaq/cdaql3data/cdaq/hallc-online-rsidis2025/ROOTfiles/hms_coin_replay_production_27567_-1.root,1204529,1204530,1,0,,,,0,OK
phase2,27572,HMSDIS,hms,/net/cdaq/cdaql3data/cdaq/hallc-online-rsidis2025/ROOTfiles/hms_coin_replay_production_27572_-1.root,1769406,1769407,1,0,,,,0,OK
phase2,27573,HMSDIS,hms,/net/cdaq/cdaql3data/cdaq/hallc-online-rsidis2025/ROOTfiles/hms_coin_replay_production_27573_-1.root,1713214,1713215,1,0,,,,0,OK
phase2,27574,HMSDIS,hms,/net/cdaq/cdaql3data/cdaq/hallc-online-rsidis2025/ROOTfiles/hms_coin_replay_production_27574_-1.root,332784,332785,1,0,,,,0,OK
phase2,27575,HMSDIS,hms,/net/cdaq/cdaql3data/cdaq/hallc-online-rsidis2025/ROOTfiles/hms_coin_replay_production_27575_-1.root,335221,335222,1,0,,,,0,OK
phase2,27576,HMSDIS,hms,/net/cdaq/cdaql3data/cdaq/hallc-online-rsidis2025/ROOTfiles/hms_coin_replay_production_27576_-1.root,2311924,2311925,1,0,,,,0,OK
phase2,27579,HMSDIS,hms,/net/cdaq/cdaql3data/cdaq/hallc-online-rsidis2025/ROOTfiles/hms_coin_replay_production_27579_-1.root,2359722,2359723,1,0,,,,0,OK
phase2,27580,HMSDIS,hms,/net/cdaq/cdaql3data/cdaq/hallc-online-rsidis2025/ROOTfiles/hms_coin_replay_production_27580_-1.root,2234785,2234786,1,0,,,,0,OK
phase2,27581,HMSDIS,hms,/net/cdaq/cdaql3data/cdaq/hallc-online-rsidis2025/ROOTfiles/hms_coin_replay_production_27581_-1.root,2397148,2397149,1,0,,,,0,OK
phase2,27582,HMSDIS,hms,/net/cdaq/cdaql3data/cdaq/hallc-online-rsidis2025/ROOTfiles/hms_coin_replay_production_27582_-1.root,61601,61602,1,0,,,,0,OK
phase2,27583,PI+SIDIS,coin,/net/cdaq/cdaql3data/cdaq/hallc-online-rsidis2025/ROOTfiles/coin_replay_production_27583_-1.root,87860,87861,1,0,87861,1,0,0,OK
phase2,27584,PI+SIDIS,coin,/net/cdaq/cdaql3data/cdaq/hallc-online-rsidis2025/ROOTfiles/coin_replay_production_27584_-1.root,94211,94212,1,0,94212,1,0,0,OK
phase2,27585,PI+SIDIS,coin,/net/cdaq/cdaql3data/cdaq/hallc-online-rsidis2025/ROOTfiles/coin_replay_production_27585_-1.root,44224,44225,1,0,44225,1,0,0,OK
phase2,27586,PI+SIDIS,coin,/net/cdaq/cdaql3data/cdaq/hallc-online-rsidis2025/ROOTfiles/coin_replay_production_27586_-1.root,13313,13314,1,0,13314,1,0,0,OK
phase2,27590,PI+SIDIS,coin,/net/cdaq/cdaql3data/cdaq/hallc-online-rsidis2025/ROOTfiles/coin_replay_production_27590_-1.root,23245,23246,1,0,23246,1,0,0,OK
phase2,27591,PI+SIDIS,coin,/net/cdaq/cdaql3data/cdaq/hallc-online-rsidis2025/ROOTfiles/coin_replay_production_27591_-1.root,23799,23800,1,0,23800,1,0,0,OK
phase2,27592,PI+SIDIS,coin,/net/cdaq/cdaql3data/cdaq/hallc-online-rsidis2025/ROOTfiles/coin_replay_production_27592_-1.root,24288,24289,1,0,24289,1,0,0,OK
phase2,27593,PI+SIDIS,coin,/net/cdaq/cdaql3data/cdaq/hallc-online-rsidis2025/ROOTfiles/coin_replay_production_27593_-1.root,125988,125989,1,0,125989,1,0,0,OK
phase2,27594,PI+SIDIS,coin,/net/cdaq/cdaql3data/cdaq/hallc-online-rsidis2025/ROOTfiles/coin_replay_production_27594_-1.root,138597,138598,1,0,138598,1,0,0,OK
phase2,27595,PI+SIDIS,coin,/net/cdaq/cdaql3data/cdaq/hallc-online-rsidis2025/ROOTfiles/coin_replay_production_27595_-1.root,143213,143214,1,0,143214,1,0,0,OK
phase2,27596,PI+SIDIS,coin,/net/cdaq/cdaql3data/cdaq/hallc-online-rsidis2025/ROOTfiles/coin_replay_production_27596_-1.root,140042,140043,1,0,140043,1,0,0,OK
phase2,27597,PI+SIDIS,coin,/net/cdaq/cdaql3data/cdaq/hallc-online-rsidis2025/ROOTfiles/coin_replay_production_27597_-1.root,114029,114030,1,0,114030,1,0,0,OK
phase2,27598,PI+SIDIS,coin,/net/cdaq/cdaql3data/cdaq/hallc-online-rsidis2025/ROOTfiles/coin_replay_production_27598_-1.root,181011,181012,1,0,181012,1,0,0,OK
phase2,27599,PI+SIDIS,coin,/net/cdaq/cdaql3data/cdaq/hallc-online-rsidis2025/ROOTfiles/coin_replay_production_27599_-1.root,169359,169360,1,0,169360,1,0,0,OK
phase2,27600,PI+SIDIS,coin,/net/cdaq/cdaql3data/cdaq/hallc-online-rsidis2025/ROOTfiles/coin_replay_production_27600_-1.root,160053,160054,1,0,160054,1,0,0,OK
phase2,27601,PI+SIDIS,coin,/net/cdaq/cdaql3data/cdaq/hallc-online-rsidis2025/ROOTfiles/coin_replay_production_27601_-1.root,245481,245482,1,0,245482,1,0,0,OK
phase2,27602,PI+SIDIS,coin,/net/cdaq/cdaql3data/cdaq/hallc-online-rsidis2025/ROOTfiles/coin_replay_production_27602_-1.root,165706,165707,1,0,165707,1,0,0,OK
phase2,27603,PI+SIDIS,coin,/net/cdaq/cdaql3data/cdaq/hallc-online-rsidis2025/ROOTfiles/coin_replay_production_27603_-1.root,164017,164018,1,0,164018,1,0,0,OK
phase2,27604,PI+SIDIS,coin,/net/cdaq/cdaql3data/cdaq/hallc-online-rsidis2025/ROOTfiles/coin_replay_production_27604_-1.root,105873,105874,1,0,105874,1,0,0,OK
phase2,27605,PI+SIDIS,coin,/net/cdaq/cdaql3data/cdaq/hallc-online-rsidis2025/ROOTfiles/coin_replay_production_27605_-1.root,104145,104146,1,0,104146,1,0,0,OK
phase2,27606,PI+SIDIS,coin,/net/cdaq/cdaql3data/cdaq/hallc-online-rsidis2025/ROOTfiles/coin_replay_production_27606_-1.root,107874,107875,1,0,107875,1,0,0,OK
phase2,27607,PI+SIDIS,coin,/net/cdaq/cdaql3data/cdaq/hallc-online-rsidis2025/ROOTfiles/coin_replay_production_27607_-1.root,108772,108773,1,0,108773,1,0,0,OK
phase2,27608,PI+SIDIS,coin,/net/cdaq/cdaql3data/cdaq/hallc-online-rsidis2025/ROOTfiles/coin_replay_production_27608_-1.root,123613,123614,1,0,123614,1,0,0,OK
phase2,27609,PI+SIDIS,coin,/net/cdaq/cdaql3data/cdaq/hallc-online-rsidis2025/ROOTfiles/coin_replay_production_27609_-1.root,65888,65889,1,0,65889,1,0,0,OK
phase2,27610,PI+SIDIS,coin,/net/cdaq/cdaql3data/cdaq/hallc-online-rsidis2025/ROOTfiles/coin_replay_production_27610_-1.root,119555,119556,1,0,119556,1,0,0,OK
phase2,27612,PI+SIDIS,coin,/net/cdaq/cdaql3data/cdaq/hallc-online-rsidis2025/ROOTfiles/coin_replay_production_27612_-1.root,144507,144508,1,0,144508,1,0,0,OK
phase2,27614,PI-SIDIS,coin,/net/cdaq/cdaql3data/cdaq/hallc-online-rsidis2025/ROOTfiles/coin_replay_production_27614_-1.root,25435,25436,1,0,25436,1,0,0,OK
phase2,27615,PI-SIDIS,coin,/net/cdaq/cdaql3data/cdaq/hallc-online-rsidis2025/ROOTfiles/coin_replay_production_27615_-1.root,25690,25691,1,0,25691,1,0,0,OK
phase2,27616,PI-SIDIS,coin,/net/cdaq/cdaql3data/cdaq/hallc-online-rsidis2025/ROOTfiles/coin_replay_production_27616_-1.root,25077,25078,1,0,25078,1,0,0,OK
phase2,27617,PI-SIDIS,coin,/net/cdaq/cdaql3data/cdaq/hallc-online-rsidis2025/ROOTfiles/coin_replay_production_27617_-1.root,27169,27170,1,0,27170,1,0,0,OK
phase2,27618,PI-SIDIS,coin,/net/cdaq/cdaql3data/cdaq/hallc-online-rsidis2025/ROOTfiles/coin_replay_production_27618_-1.root,25341,25342,1,0,25342,1,0,0,OK
phase2,27619,PI-SIDIS,coin,/net/cdaq/cdaql3data/cdaq/hallc-online-rsidis2025/ROOTfiles/coin_replay_production_27619_-1.root,24677,24678,1,0,24678,1,0,0,OK
phase2,27620,PI-SIDIS,coin,/net/cdaq/cdaql3data/cdaq/hallc-online-rsidis2025/ROOTfiles/coin_replay_production_27620_-1.root,25893,25894,1,0,25894,1,0,0,OK
phase2,27621,PI-SIDIS,coin,/net/cdaq/cdaql3data/cdaq/hallc-online-rsidis2025/ROOTfiles/coin_replay_production_27621_-1.root,24473,24474,1,0,24474,1,0,0,OK
phase2,27622,PI-SIDIS,coin,/net/cdaq/cdaql3data/cdaq/hallc-online-rsidis2025/ROOTfiles/coin_replay_production_27622_-1.root,23800,23801,1,0,23801,1,0,0,OK
phase2,27623,PI-SIDIS,coin,/net/cdaq/cdaql3data/cdaq/hallc-online-rsidis2025/ROOTfiles/coin_replay_production_27623_-1.root,40201,40202,1,0,40202,1,0,0,OK
phase2,27624,PI-SIDIS,coin,/net/cdaq/cdaql3data/cdaq/hallc-online-rsidis2025/ROOTfiles/coin_replay_production_27624_-1.root,79515,79516,1,0,79516,1,0,0,OK
phase2,27625,PI-SIDIS,coin,/net/cdaq/cdaql3data/cdaq/hallc-online-rsidis2025/ROOTfiles/coin_replay_production_27625_-1.root,145423,145424,1,0,145424,1,0,0,OK
phase2,27626,PI-SIDIS,coin,/net/cdaq/cdaql3data/cdaq/hallc-online-rsidis2025/ROOTfiles/coin_replay_production_27626_-1.root,143225,143226,1,0,143226,1,0,0,OK
phase2,27627,PI-SIDIS,coin,/net/cdaq/cdaql3data/cdaq/hallc-online-rsidis2025/ROOTfiles/coin_replay_production_27627_-1.root,119721,119722,1,0,119722,1,0,0,OK
phase2,27628,PI-SIDIS,coin,/net/cdaq/cdaql3data/cdaq/hallc-online-rsidis2025/ROOTfiles/coin_replay_production_27628_-1.root,114947,114948,1,0,114948,1,0,0,OK
phase2,27629,PI-SIDIS,coin,/net/cdaq/cdaql3data/cdaq/hallc-online-rsidis2025/ROOTfiles/coin_replay_production_27629_-1.root,126794,126795,1,0,126795,1,0,0,OK
phase2,27630,PI-SIDIS,coin,/net/cdaq/cdaql3data/cdaq/hallc-online-rsidis2025/ROOTfiles/coin_replay_production_27630_-1.root,132274,132275,1,0,132275,1,0,0,OK
phase2,27631,PI-SIDIS,coin,/net/cdaq/cdaql3data/cdaq/hallc-online-rsidis2025/ROOTfiles/coin_replay_production_27631_-1.root,134486,134487,1,0,134487,1,0,0,OK
phase2,27632,PI-SIDIS,coin,/net/cdaq/cdaql3data/cdaq/hallc-online-rsidis2025/ROOTfiles/coin_replay_production_27632_-1.root,80275,80276,1,0,80276,1,0,0,OK
phase2,27633,PI-SIDIS,coin,/net/cdaq/cdaql3data/cdaq/hallc-online-rsidis2025/ROOTfiles/coin_replay_production_27633_-1.root,94705,94706,1,0,94706,1,0,0,OK
phase2,27634,PI-SIDIS,coin,/net/cdaq/cdaql3data/cdaq/hallc-online-rsidis2025/ROOTfiles/coin_replay_production_27634_-1.root,91572,91573,1,0,91573,1,0,0,OK
phase2,27635,PI-SIDIS,coin,/net/cdaq/cdaql3data/cdaq/hallc-online-rsidis2025/ROOTfiles/coin_replay_production_27635_-1.root,75407,75408,1,0,75408,1,0,0,OK
phase2,27636,PI-SIDIS,coin,/net/cdaq/cdaql3data/cdaq/hallc-online-rsidis2025/ROOTfiles/coin_replay_production_27636_-1.root,92269,92270,1,0,92270,1,0,0,OK
phase2,27637,PI-SIDIS,coin,/net/cdaq/cdaql3data/cdaq/hallc-online-rsidis2025/ROOTfiles/coin_replay_production_27637_-1.root,88050,88051,1,0,88051,1,0,0,OK
phase2,27638,PI-SIDIS,coin,/net/cdaq/cdaql3data/cdaq/hallc-online-rsidis2025/ROOTfiles/coin_replay_production_27638_-1.root,98254,98255,1,0,98255,1,0,0,OK
phase2,27639,PI-SIDIS,coin,/net/cdaq/cdaql3data/cdaq/hallc-online-rsidis2025/ROOTfiles/coin_replay_production_27639_-1.root,89842,89843,1,0,89843,1,0,0,OK
phase2,27640,PI-SIDIS,coin,/net/cdaq/cdaql3data/cdaq/hallc-online-rsidis2025/ROOTfiles/coin_replay_production_27640_-1.root,86033,86034,1,0,86034,1,0,0,OK
phase2,27641,PI-SIDIS,coin,/net/cdaq/cdaql3data/cdaq/hallc-online-rsidis2025/ROOTfiles/coin_replay_production_27641_-1.root,98270,98271,1,0,98271,1,0,0,OK
phase2,27642,PI+SIDIS,coin,/net/cdaq/cdaql3data/cdaq/hallc-online-rsidis2025/ROOTfiles/coin_replay_production_27642_-1.root,127706,127707,1,0,127707,1,0,0,OK
phase2,27643,PI+SIDIS,coin,/net/cdaq/cdaql3data/cdaq/hallc-online-rsidis2025/ROOTfiles/coin_replay_production_27643_-1.root,9742,9743,1,0,9743,1,0,0,OK
phase2,27644,PI+SIDIS,coin,/net/cdaq/cdaql3data/cdaq/hallc-online-rsidis2025/ROOTfiles/coin_replay_production_27644_-1.root,3835,3836,1,0,3836,1,0,0,OK
phase2,27650,PI+SIDIS,coin,/net/cdaq/cdaql3data/cdaq/hallc-online-rsidis2025/ROOTfiles/coin_replay_production_27650_-1.root,241726,241727,1,0,241727,1,0,0,OK
phase2,27651,PI+SIDIS,coin,/net/cdaq/cdaql3data/cdaq/hallc-online-rsidis2025/ROOTfiles/coin_replay_production_27651_-1.root,233158,233159,1,0,233159,1,0,0,OK
phase2,27652,PI+SIDIS,coin,/net/cdaq/cdaql3data/cdaq/hallc-online-rsidis2025/ROOTfiles/coin_replay_production_27652_-1.root,234689,234690,1,0,234690,1,0,0,OK
phase2,27653,PI+SIDIS,coin,/net/cdaq/cdaql3data/cdaq/hallc-online-rsidis2025/ROOTfiles/coin_replay_production_27653_-1.root,227268,227269,1,0,227269,1,0,0,OK
phase2,27654,PI+SIDIS,coin,/net/cdaq/cdaql3data/cdaq/hallc-online-rsidis2025/ROOTfiles/coin_replay_production_27654_-1.root,232569,232570,1,0,232570,1,0,0,OK
phase2,27655,PI+SIDIS,coin,/net/cdaq/cdaql3data/cdaq/hallc-online-rsidis2025/ROOTfiles/coin_replay_production_27655_-1.root,234931,234932,1,0,234932,1,0,0,OK
phase2,27656,PI+SIDIS,coin,/net/cdaq/cdaql3data/cdaq/hallc-online-rsidis2025/ROOTfiles/coin_replay_production_27656_-1.root,230040,230041,1,0,230041,1,0,0,OK
phase2,27657,PI+SIDIS,coin,/net/cdaq/cdaql3data/cdaq/hallc-online-rsidis2025/ROOTfiles/coin_replay_production_27657_-1.root,235246,235247,1,0,235247,1,0,0,OK
phase2,27658,PI+SIDIS,coin,/net/cdaq/cdaql3data/cdaq/hallc-online-rsidis2025/ROOTfiles/coin_replay_production_27658_-1.root,224537,224538,1,0,224538,1,0,0,OK
phase2,27659,PI+SIDIS,coin,/net/cdaq/cdaql3data/cdaq/hallc-online-rsidis2025/ROOTfiles/coin_replay_production_27659_-1.root,238440,238441,1,0,238441,1,0,0,OK
phase2,27660,HMSDIS,hms,/net/cdaq/cdaql3data/cdaq/hallc-online-rsidis2025/ROOTfiles/hms_coin_replay_production_27660_-1.root,1353286,1353287,1,0,,,,0,OK
phase2,27661,HMSDIS,hms,/net/cdaq/cdaql3data/cdaq/hallc-online-rsidis2025/ROOTfiles/hms_coin_replay_production_27661_-1.root,537749,537750,1,0,,,,0,OK
phase2,27662,HMSDIS,hms,/net/cdaq/cdaql3data/cdaq/hallc-online-rsidis2025/ROOTfiles/hms_coin_replay_production_27662_-1.root,1981709,1981710,1,0,,,,0,OK
phase2,27663,HMSDIS,hms,/net/cdaq/cdaql3data/cdaq/hallc-online-rsidis2025/ROOTfiles/hms_coin_replay_production_27663_-1.root,302171,302172,1,0,,,,0,OK
phase2,27664,PI+SIDIS,coin,/net/cdaq/cdaql3data/cdaq/hallc-online-rsidis2025/ROOTfiles/coin_replay_production_27664_-1.root,168363,168364,1,0,168364,1,0,0,OK
phase2,27665,PI+SIDIS,coin,/net/cdaq/cdaql3data/cdaq/hallc-online-rsidis2025/ROOTfiles/coin_replay_production_27665_-1.root,167531,167532,1,0,167532,1,0,0,OK
phase2,27666,PI+SIDIS,coin,/net/cdaq/cdaql3data/cdaq/hallc-online-rsidis2025/ROOTfiles/coin_replay_production_27666_-1.root,181167,181168,1,0,181168,1,0,0,OK
phase2,27667,PI+SIDIS,coin,/net/cdaq/cdaql3data/cdaq/hallc-online-rsidis2025/ROOTfiles/coin_replay_production_27667_-1.root,191460,191461,1,0,191461,1,0,0,OK
phase2,27668,PI+SIDIS,coin,/net/cdaq/cdaql3data/cdaq/hallc-online-rsidis2025/ROOTfiles/coin_replay_production_27668_-1.root,180559,180560,1,0,180560,1,0,0,OK
phase2,27669,PI+SIDIS,coin,/net/cdaq/cdaql3data/cdaq/hallc-online-rsidis2025/ROOTfiles/coin_replay_production_27669_-1.root,78613,78614,1,0,78614,1,0,0,OK
phase2,27670,PI+SIDIS,coin,/net/cdaq/cdaql3data/cdaq/hallc-online-rsidis2025/ROOTfiles/coin_replay_production_27670_-1.root,300483,300484,1,0,300484,1,0,0,OK
phase2,27671,PI+SIDIS,coin,/net/cdaq/cdaql3data/cdaq/hallc-online-rsidis2025/ROOTfiles/coin_replay_production_27671_-1.root,178161,178162,1,0,178162,1,0,0,OK
phase2,27672,PI+SIDIS,coin,/net/cdaq/cdaql3data/cdaq/hallc-online-rsidis2025/ROOTfiles/coin_replay_production_27672_-1.root,188164,188165,1,0,188165,1,0,0,OK
phase2,27673,PI+SIDIS,coin,/net/cdaq/cdaql3data/cdaq/hallc-online-rsidis2025/ROOTfiles/coin_replay_production_27673_-1.root,157654,157655,1,0,157655,1,0,0,OK
phase2,27674,PI+SIDIS,coin,/net/cdaq/cdaql3data/cdaq/hallc-online-rsidis2025/ROOTfiles/coin_replay_production_27674_-1.root,2163165,2163166,1,0,2163166,1,0,0,OK
phase2,27675,PI+SIDIS,coin,/net/cdaq/cdaql3data/cdaq/hallc-online-rsidis2025/ROOTfiles/coin_replay_production_27675_-1.root,708988,708989,1,0,708989,1,0,0,OK
phase2,27676,HMSDIS,hms,/net/cdaq/cdaql3data/cdaq/hallc-online-rsidis2025/ROOTfiles/hms_coin_replay_production_27676_-1.root,1679587,1679588,1,0,,,,0,OK
phase2,27677,HMSDIS,hms,/net/cdaq/cdaql3data/cdaq/hallc-online-rsidis2025/ROOTfiles/hms_coin_replay_production_27677_-1.root,1620932,1620933,1,0,,,,0,OK
phase2,27678,PI+SIDIS,coin,/net/cdaq/cdaql3data/cdaq/hallc-online-rsidis2025/ROOTfiles/coin_replay_production_27678_-1.root,52996,52997,1,0,52997,1,0,0,OK
phase2,27679,PI+SIDIS,coin,/net/cdaq/cdaql3data/cdaq/hallc-online-rsidis2025/ROOTfiles/coin_replay_production_27679_-1.root,52524,52525,1,0,52525,1,0,0,OK
phase2,27680,HMSDIS,hms,/net/cdaq/cdaql3data/cdaq/hallc-online-rsidis2025/ROOTfiles/hms_coin_replay_production_27680_-1.root,923368,923369,1,0,,,,0,OK
phase2,27681,PI+SIDIS,coin,/net/cdaq/cdaql3data/cdaq/hallc-online-rsidis2025/ROOTfiles/coin_replay_production_27681_-1.root,237569,237570,1,0,237570,1,0,0,OK
phase2,27682,PI+SIDIS,coin,/net/cdaq/cdaql3data/cdaq/hallc-online-rsidis2025/ROOTfiles/coin_replay_production_27682_-1.root,216692,216693,1,0,216693,1,0,0,OK
phase2,27683,PI+SIDIS,coin,/net/cdaq/cdaql3data/cdaq/hallc-online-rsidis2025/ROOTfiles/coin_replay_production_27683_-1.root,234479,234480,1,0,234480,1,0,0,OK
phase2,27684,PI+SIDIS,coin,/net/cdaq/cdaql3data/cdaq/hallc-online-rsidis2025/ROOTfiles/coin_replay_production_27684_-1.root,240475,240476,1,0,240476,1,0,0,OK
phase2,27685,PI+SIDIS,coin,/net/cdaq/cdaql3data/cdaq/hallc-online-rsidis2025/ROOTfiles/coin_replay_production_27685_-1.root,131975,131976,1,0,131976,1,0,0,OK
phase2,27686,PI+SIDIS,coin,/net/cdaq/cdaql3data/cdaq/hallc-online-rsidis2025/ROOTfiles/coin_replay_production_27686_-1.root,303895,303896,1,0,303896,1,0,0,OK
phase2,27687,PI+SIDIS,coin,/net/cdaq/cdaql3data/cdaq/hallc-online-rsidis2025/ROOTfiles/coin_replay_production_27687_-1.root,221151,221152,1,0,221152,1,0,0,OK
phase2,27688,PI+SIDIS,coin,/net/cdaq/cdaql3data/cdaq/hallc-online-rsidis2025/ROOTfiles/coin_replay_production_27688_-1.root,235455,235456,1,0,235456,1,0,0,OK
phase2,27689,PI+SIDIS,coin,/net/cdaq/cdaql3data/cdaq/hallc-online-rsidis2025/ROOTfiles/coin_replay_production_27689_-1.root,230281,230282,1,0,230282,1,0,0,OK
phase2,27690,PI+SIDIS,coin,/net/cdaq/cdaql3data/cdaq/hallc-online-rsidis2025/ROOTfiles/coin_replay_production_27690_-1.root,231755,231756,1,0,231756,1,0,0,OK
phase2,27691,PI+SIDIS,coin,/net/cdaq/cdaql3data/cdaq/hallc-online-rsidis2025/ROOTfiles/coin_replay_production_27691_-1.root,168049,168050,1,0,168050,1,0,0,OK
phase2,27692,PI+SIDIS,coin,/net/cdaq/cdaql3data/cdaq/hallc-online-rsidis2025/ROOTfiles/coin_replay_production_27692_-1.root,165037,165038,1,0,165038,1,0,0,OK
phase2,27693,PI+SIDIS,coin,/net/cdaq/cdaql3data/cdaq/hallc-online-rsidis2025/ROOTfiles/coin_replay_production_27693_-1.root,178895,178896,1,0,178896,1,0,0,OK
phase2,27694,PI+SIDIS,coin,/net/cdaq/cdaql3data/cdaq/hallc-online-rsidis2025/ROOTfiles/coin_replay_production_27694_-1.root,187553,187554,1,0,187554,1,0,0,OK
phase2,27695,PI+SIDIS,coin,/net/cdaq/cdaql3data/cdaq/hallc-online-rsidis2025/ROOTfiles/coin_replay_production_27695_-1.root,186840,186841,1,0,186841,1,0,0,OK
phase2,27696,PI+SIDIS,coin,/net/cdaq/cdaql3data/cdaq/hallc-online-rsidis2025/ROOTfiles/coin_replay_production_27696_-1.root,188960,188961,1,0,188961,1,0,0,OK
phase2,27697,PI+SIDIS,coin,/net/cdaq/cdaql3data/cdaq/hallc-online-rsidis2025/ROOTfiles/coin_replay_production_27697_-1.root,198039,198040,1,0,198040,1,0,0,OK
phase2,27698,PI+SIDIS,coin,/net/cdaq/cdaql3data/cdaq/hallc-online-rsidis2025/ROOTfiles/coin_replay_production_27698_-1.root,186605,186606,1,0,186606,1,0,0,OK
phase2,27699,PI+SIDIS,coin,/net/cdaq/cdaql3data/cdaq/hallc-online-rsidis2025/ROOTfiles/coin_replay_production_27699_-1.root,55315,55316,1,0,55316,1,0,0,OK
phase2,27700,PI+SIDIS,coin,/net/cdaq/cdaql3data/cdaq/hallc-online-rsidis2025/ROOTfiles/coin_replay_production_27700_-1.root,54165,54166,1,0,54166,1,0,0,OK
phase2,27701,PI+SIDIS,coin,/net/cdaq/cdaql3data/cdaq/hallc-online-rsidis2025/ROOTfiles/coin_replay_production_27701_-1.root,54027,54028,1,0,54028,1,0,0,OK
phase2,27702,PI+SIDIS,coin,/net/cdaq/cdaql3data/cdaq/hallc-online-rsidis2025/ROOTfiles/coin_replay_production_27702_-1.root,54314,54315,1,0,54315,1,0,0,OK
phase2,27703,PI-SIDIS,coin,/net/cdaq/cdaql3data/cdaq/hallc-online-rsidis2025/ROOTfiles/coin_replay_production_27703_-1.root,183981,183982,1,0,183982,1,0,0,OK
phase2,27704,PI-SIDIS,coin,/net/cdaq/cdaql3data/cdaq/hallc-online-rsidis2025/ROOTfiles/coin_replay_production_27704_-1.root,179119,179120,1,0,179120,1,0,0,OK
phase2,27705,PI-SIDIS,coin,/net/cdaq/cdaql3data/cdaq/hallc-online-rsidis2025/ROOTfiles/coin_replay_production_27705_-1.root,168226,168227,1,0,168227,1,0,0,OK
phase2,27706,PI-SIDIS,coin,/net/cdaq/cdaql3data/cdaq/hallc-online-rsidis2025/ROOTfiles/coin_replay_production_27706_-1.root,177218,177219,1,0,177219,1,0,0,OK
phase2,27707,PI-SIDIS,coin,/net/cdaq/cdaql3data/cdaq/hallc-online-rsidis2025/ROOTfiles/coin_replay_production_27707_-1.root,185434,185435,1,0,185435,1,0,0,OK
phase2,27708,PI-SIDIS,coin,/net/cdaq/cdaql3data/cdaq/hallc-online-rsidis2025/ROOTfiles/coin_replay_production_27708_-1.root,192803,192804,1,0,192804,1,0,0,OK
phase2,27709,PI-SIDIS,coin,/net/cdaq/cdaql3data/cdaq/hallc-online-rsidis2025/ROOTfiles/coin_replay_production_27709_-1.root,197662,197663,1,0,197663,1,0,0,OK
phase2,27710,PI-SIDIS,coin,/net/cdaq/cdaql3data/cdaq/hallc-online-rsidis2025/ROOTfiles/coin_replay_production_27710_-1.root,196925,196926,1,0,196926,1,0,0,OK
phase2,27711,PI-SIDIS,coin,/net/cdaq/cdaql3data/cdaq/hallc-online-rsidis2025/ROOTfiles/coin_replay_production_27711_-1.root,190231,190232,1,0,190232,1,0,0,OK
phase2,27712,PI-SIDIS,coin,/net/cdaq/cdaql3data/cdaq/hallc-online-rsidis2025/ROOTfiles/coin_replay_production_27712_-1.root,180597,180598,1,0,180598,1,0,0,OK
phase2,27713,PI-SIDIS,coin,/net/cdaq/cdaql3data/cdaq/hallc-online-rsidis2025/ROOTfiles/coin_replay_production_27713_-1.root,2913833,2913834,1,0,2913834,1,0,0,OK
phase2,27714,PI-SIDIS,coin,/net/cdaq/cdaql3data/cdaq/hallc-online-rsidis2025/ROOTfiles/coin_replay_production_27714_-1.root,54052,54053,1,0,54053,1,0,0,OK
phase2,27715,PI-SIDIS,coin,/net/cdaq/cdaql3data/cdaq/hallc-online-rsidis2025/ROOTfiles/coin_replay_production_27715_-1.root,41025,41026,1,0,41026,1,0,0,OK
phase2,27716,PI-SIDIS,coin,/net/cdaq/cdaql3data/cdaq/hallc-online-rsidis2025/ROOTfiles/coin_replay_production_27716_-1.root,55668,55669,1,0,55669,1,0,0,OK
phase2,27717,PI-SIDIS,coin,/net/cdaq/cdaql3data/cdaq/hallc-online-rsidis2025/ROOTfiles/coin_replay_production_27717_-1.root,80575,80576,1,0,80576,1,0,0,OK
phase2,27718,PI-SIDIS,coin,/net/cdaq/cdaql3data/cdaq/hallc-online-rsidis2025/ROOTfiles/coin_replay_production_27718_-1.root,195945,195946,1,0,195946,1,0,0,OK
phase2,27719,PI-SIDIS,coin,/net/cdaq/cdaql3data/cdaq/hallc-online-rsidis2025/ROOTfiles/coin_replay_production_27719_-1.root,189910,189911,1,0,189911,1,0,0,OK
phase2,27720,PI-SIDIS,coin,/net/cdaq/cdaql3data/cdaq/hallc-online-rsidis2025/ROOTfiles/coin_replay_production_27720_-1.root,173322,173323,1,0,173323,1,0,0,OK
phase2,27721,PI-SIDIS,coin,/net/cdaq/cdaql3data/cdaq/hallc-online-rsidis2025/ROOTfiles/coin_replay_production_27721_-1.root,187058,187059,1,0,187059,1,0,0,OK
phase2,27722,PI-SIDIS,coin,/net/cdaq/cdaql3data/cdaq/hallc-online-rsidis2025/ROOTfiles/coin_replay_production_27722_-1.root,188501,188502,1,0,188502,1,0,0,OK
phase2,27723,PI-SIDIS,coin,/net/cdaq/cdaql3data/cdaq/hallc-online-rsidis2025/ROOTfiles/coin_replay_production_27723_-1.root,195610,195611,1,0,195611,1,0,0,OK
phase2,27724,PI-SIDIS,coin,/net/cdaq/cdaql3data/cdaq/hallc-online-rsidis2025/ROOTfiles/coin_replay_production_27724_-1.root,154781,154782,1,0,154782,1,0,0,OK
phase2,27725,PI-SIDIS,coin,/net/cdaq/cdaql3data/cdaq/hallc-online-rsidis2025/ROOTfiles/coin_replay_production_27725_-1.root,184285,184286,1,0,184286,1,0,0,OK
phase2,27726,PI-SIDIS,coin,/net/cdaq/cdaql3data/cdaq/hallc-online-rsidis2025/ROOTfiles/coin_replay_production_27726_-1.root,175710,175711,1,0,175711,1,0,0,OK
phase2,27727,PI-SIDIS,coin,/net/cdaq/cdaql3data/cdaq/hallc-online-rsidis2025/ROOTfiles/coin_replay_production_27727_-1.root,103427,103428,1,0,103428,1,0,0,OK
phase2,27728,PI-SIDIS,coin,/net/cdaq/cdaql3data/cdaq/hallc-online-rsidis2025/ROOTfiles/coin_replay_production_27728_-1.root,190803,190804,1,0,190804,1,0,0,OK
phase2,27730,PI-SIDIS,coin,/net/cdaq/cdaql3data/cdaq/hallc-online-rsidis2025/ROOTfiles/coin_replay_production_27730_-1.root,55354,55355,1,0,55355,1,0,0,OK
phase2,27731,PI-SIDIS,coin,/net/cdaq/cdaql3data/cdaq/hallc-online-rsidis2025/ROOTfiles/coin_replay_production_27731_-1.root,60465,60466,1,0,60466,1,0,0,OK
phase2,27732,PI-SIDIS,coin,/net/cdaq/cdaql3data/cdaq/hallc-online-rsidis2025/ROOTfiles/coin_replay_production_27732_-1.root,54920,54921,1,0,54921,1,0,0,OK
phase2,27733,HMSHEEP,coin,/net/cdaq/cdaql3data/cdaq/hallc-online-rsidis2025/ROOTfiles/coin_replay_production_27733_-1.root,49501,49502,1,0,49502,1,0,0,OK
phase2,27734,HMSHEEP,coin,/net/cdaq/cdaql3data/cdaq/hallc-online-rsidis2025/ROOTfiles/coin_replay_production_27734_-1.root,53070,53071,1,0,53071,1,0,0,OK
phase2,27735,HMSHEE,hms,/net/cdaq/cdaql3data/cdaq/hallc-online-rsidis2025/ROOTfiles/hms_coin_replay_production_27735_-1.root,,,,,,,,0,MISSING_FILE
phase2,27736,HMSHEEP,coin,/net/cdaq/cdaql3data/cdaq/hallc-online-rsidis2025/ROOTfiles/coin_replay_production_27736_-1.root,18955,18956,1,0,18956,1,0,0,OK
phase2,27737,HMSHEE,hms,/net/cdaq/cdaql3data/cdaq/hallc-online-rsidis2025/ROOTfiles/hms_coin_replay_production_27737_-1.root,,,,,,,,0,MISSING_FILE
phase2,27738,HMSHEE,hms,/net/cdaq/cdaql3data/cdaq/hallc-online-rsidis2025/ROOTfiles/hms_coin_replay_production_27738_-1.root,,,,,,,,0,MISSING_FILE
phase2,27739,HMSHEEP,coin,/net/cdaq/cdaql3data/cdaq/hallc-online-rsidis2025/ROOTfiles/coin_replay_production_27739_-1.root,35627,35628,1,0,35628,1,0,0,OK
phase2,27740,HMSHEEP,coin,/net/cdaq/cdaql3data/cdaq/hallc-online-rsidis2025/ROOTfiles/coin_replay_production_27740_-1.root,33647,33648,1,0,33648,1,0,0,OK
phase2,27741,HMSHEE,hms,/net/cdaq/cdaql3data/cdaq/hallc-online-rsidis2025/ROOTfiles/hms_coin_replay_production_27741_-1.root,,,,,,,,0,MISSING_FILE
phase2,27742,HMSHEEP,coin,/net/cdaq/cdaql3data/cdaq/hallc-online-rsidis2025/ROOTfiles/coin_replay_production_27742_-1.root,19601,19602,1,0,19602,1,0,0,OK
phase2,27743,HMSHEE,hms,/net/cdaq/cdaql3data/cdaq/hallc-online-rsidis2025/ROOTfiles/hms_coin_replay_production_27743_-1.root,,,,,,,,0,MISSING_FILE
phase2,27744,HMSHEE,hms,/net/cdaq/cdaql3data/cdaq/hallc-online-rsidis2025/ROOTfiles/hms_coin_replay_production_27744_-1.root,,,,,,,,0,MISSING_FILE
phase2,27745,PI+SIDIS,coin,/net/cdaq/cdaql3data/cdaq/hallc-online-rsidis2025/ROOTfiles/coin_replay_production_27745_-1.root,117293,117294,1,0,117294,1,0,0,OK
phase2,27746,PI+SIDIS,coin,/net/cdaq/cdaql3data/cdaq/hallc-online-rsidis2025/ROOTfiles/coin_replay_production_27746_-1.root,111343,111344,1,0,111344,1,0,0,OK
phase2,27747,PI+SIDIS,coin,/net/cdaq/cdaql3data/cdaq/hallc-online-rsidis2025/ROOTfiles/coin_replay_production_27747_-1.root,158171,158172,1,0,158172,1,0,0,OK
phase2,27748,PI+SIDIS,coin,/net/cdaq/cdaql3data/cdaq/hallc-online-rsidis2025/ROOTfiles/coin_replay_production_27748_-1.root,154124,154125,1,0,154125,1,0,0,OK
phase2,27749,PI-SIDIS,coin,/net/cdaq/cdaql3data/cdaq/hallc-online-rsidis2025/ROOTfiles/coin_replay_production_27749_-1.root,311239,311240,1,0,311240,1,0,0,OK
phase2,27750,PI-SIDIS,coin,/net/cdaq/cdaql3data/cdaq/hallc-online-rsidis2025/ROOTfiles/coin_replay_production_27750_-1.root,217220,217221,1,0,217221,1,0,0,OK
phase2,27751,PI-SIDIS,coin,/net/cdaq/cdaql3data/cdaq/hallc-online-rsidis2025/ROOTfiles/coin_replay_production_27751_-1.root,300899,300900,1,0,300900,1,0,0,OK
phase2,27752,PI-SIDIS,coin,/net/cdaq/cdaql3data/cdaq/hallc-online-rsidis2025/ROOTfiles/coin_replay_production_27752_-1.root,284988,284989,1,0,284989,1,0,0,OK
phase2,27753,PI+SIDIS,coin,/net/cdaq/cdaql3data/cdaq/hallc-online-rsidis2025/ROOTfiles/coin_replay_production_27753_-1.root,196234,196235,1,0,196235,1,0,0,OK
phase2,27754,PI+SIDIS,coin,/net/cdaq/cdaql3data/cdaq/hallc-online-rsidis2025/ROOTfiles/coin_replay_production_27754_-1.root,80941,80942,1,0,80942,1,0,0,OK
phase2,27756,PI-SIDIS,coin,/net/cdaq/cdaql3data/cdaq/hallc-online-rsidis2025/ROOTfiles/coin_replay_production_27756_-1.root,3377215,3377216,1,0,3377216,1,0,0,OK
phase2,27757,PI-SIDIS,coin,/net/cdaq/cdaql3data/cdaq/hallc-online-rsidis2025/ROOTfiles/coin_replay_production_27757_-1.root,484331,484332,1,0,484332,1,0,0,OK
phase2,27758,PI-SIDIS,coin,/net/cdaq/cdaql3data/cdaq/hallc-online-rsidis2025/ROOTfiles/coin_replay_production_27758_-1.root,,,,,,,,0,MISSING_T
phase2,27759,PI-SIDIS,coin,/net/cdaq/cdaql3data/cdaq/hallc-online-rsidis2025/ROOTfiles/coin_replay_production_27759_-1.root,1680156,1680157,1,0,1680157,1,0,0,OK
phase2,27760,PI-SIDIS,coin,/net/cdaq/cdaql3data/cdaq/hallc-online-rsidis2025/ROOTfiles/coin_replay_production_27760_-1.root,8821416,8821417,1,0,8821417,1,0,0,OK
phase2,27761,HMSDIS,hms,/net/cdaq/cdaql3data/cdaq/hallc-online-rsidis2025/ROOTfiles/hms_coin_replay_production_27761_-1.root,1458393,1458394,1,0,,,,0,OK
phase2,27762,PI-SIDIS,coin,/net/cdaq/cdaql3data/cdaq/hallc-online-rsidis2025/ROOTfiles/coin_replay_production_27762_-1.root,996349,996350,1,0,996350,1,0,0,OK
phase2,27763,PI-SIDIS,coin,/net/cdaq/cdaql3data/cdaq/hallc-online-rsidis2025/ROOTfiles/coin_replay_production_27763_-1.root,499806,499807,1,0,499807,1,0,0,OK
phase2,27764,HMSDIS,hms,/net/cdaq/cdaql3data/cdaq/hallc-online-rsidis2025/ROOTfiles/hms_coin_replay_production_27764_-1.root,746081,746082,1,0,,,,0,OK
phase2,27765,PI-SIDIS,coin,/net/cdaq/cdaql3data/cdaq/hallc-online-rsidis2025/ROOTfiles/coin_replay_production_27765_-1.root,185167,185168,1,0,185168,1,0,0,OK
phase2,27766,PI-SIDIS,coin,/net/cdaq/cdaql3data/cdaq/hallc-online-rsidis2025/ROOTfiles/coin_replay_production_27766_-1.root,761515,761516,1,0,761516,1,0,0,OK
phase2,27767,PI-SIDIS,coin,/net/cdaq/cdaql3data/cdaq/hallc-online-rsidis2025/ROOTfiles/coin_replay_production_27767_-1.root,2632327,2632328,1,0,2632328,1,0,0,OK
phase2,27768,PI-SIDIS,coin,/net/cdaq/cdaql3data/cdaq/hallc-online-rsidis2025/ROOTfiles/coin_replay_production_27768_-1.root,2087110,2087111,1,0,2087111,1,0,0,OK
phase2,27769,PI+SIDIS,coin,/net/cdaq/cdaql3data/cdaq/hallc-online-rsidis2025/ROOTfiles/coin_replay_production_27769_-1.root,2374578,2374579,1,0,2374579,1,0,0,OK
phase2,27770,PI+SIDIS,coin,/net/cdaq/cdaql3data/cdaq/hallc-online-rsidis2025/ROOTfiles/coin_replay_production_27770_-1.root,2587575,2587576,1,0,2587576,1,0,0,OK
phase2,27771,PI+SIDIS,coin,/net/cdaq/cdaql3data/cdaq/hallc-online-rsidis2025/ROOTfiles/coin_replay_production_27771_-1.root,2238751,2238752,1,0,2238752,1,0,0,OK
phase2,27772,PI+SIDIS,coin,/net/cdaq/cdaql3data/cdaq/hallc-online-rsidis2025/ROOTfiles/coin_replay_production_27772_-1.root,1649986,1649987,1,0,1649987,1,0,0,OK
phase2,27773,PI+SIDIS,coin,/net/cdaq/cdaql3data/cdaq/hallc-online-rsidis2025/ROOTfiles/coin_replay_production_27773_-1.root,50637,50638,1,0,50638,1,0,0,OK
phase2,27774,PI+SIDIS,coin,/net/cdaq/cdaql3data/cdaq/hallc-online-rsidis2025/ROOTfiles/coin_replay_production_27774_-1.root,368362,368363,1,0,368363,1,0,0,OK
phase2,27775,PI+SIDIS,coin,/net/cdaq/cdaql3data/cdaq/hallc-online-rsidis2025/ROOTfiles/coin_replay_production_27775_-1.root,214804,214805,1,0,214805,1,0,0,OK
phase2,27776,PI+SIDIS,coin,/net/cdaq/cdaql3data/cdaq/hallc-online-rsidis2025/ROOTfiles/coin_replay_production_27776_-1.root,2344418,2344419,1,0,2344419,1,0,0,OK
phase2,27777,PI+SIDIS,coin,/net/cdaq/cdaql3data/cdaq/hallc-online-rsidis2025/ROOTfiles/coin_replay_production_27777_-1.root,967329,967330,1,0,967330,1,0,0,OK
phase2,27778,PI+SIDIS,coin,/net/cdaq/cdaql3data/cdaq/hallc-online-rsidis2025/ROOTfiles/coin_replay_production_27778_-1.root,6963615,6963616,1,0,6963616,1,0,0,OK
phase2,27779,HMSDIS,hms,/net/cdaq/cdaql3data/cdaq/hallc-online-rsidis2025/ROOTfiles/hms_coin_replay_production_27779_-1.root,1252234,1252235,1,0,,,,0,OK
phase2,27780,HMSDIS,hms,/net/cdaq/cdaql3data/cdaq/hallc-online-rsidis2025/ROOTfiles/hms_coin_replay_production_27780_-1.root,1841706,1841707,1,0,,,,0,OK
phase2,27783,PI+SIDIS,coin,/net/cdaq/cdaql3data/cdaq/hallc-online-rsidis2025/ROOTfiles/coin_replay_production_27783_-1.root,1191066,1191067,1,0,1191067,1,0,0,OK
phase2,27786,HMSDIS,hms,/net/cdaq/cdaql3data/cdaq/hallc-online-rsidis2025/ROOTfiles/hms_coin_replay_production_27786_-1.root,4672015,4672016,1,0,,,,0,OK
phase2,27787,PI+SIDIS,coin,/net/cdaq/cdaql3data/cdaq/hallc-online-rsidis2025/ROOTfiles/coin_replay_production_27787_-1.root,795148,795149,1,0,795149,1,0,0,OK
phase2,27788,PI+SIDIS,coin,/net/cdaq/cdaql3data/cdaq/hallc-online-rsidis2025/ROOTfiles/coin_replay_production_27788_-1.root,30698,30699,1,0,30699,1,0,0,OK
phase2,27789,PI+SIDIS,coin,/net/cdaq/cdaql3data/cdaq/hallc-online-rsidis2025/ROOTfiles/coin_replay_production_27789_-1.root,996461,996462,1,0,996462,1,0,0,OK
phase2,27790,PI+SIDIS,coin,/net/cdaq/cdaql3data/cdaq/hallc-online-rsidis2025/ROOTfiles/coin_replay_production_27790_-1.root,1121302,1121303,1,0,1121303,1,0,0,OK
phase2,27791,PI+SIDIS,coin,/net/cdaq/cdaql3data/cdaq/hallc-online-rsidis2025/ROOTfiles/coin_replay_production_27791_-1.root,3464193,3464194,1,0,3464194,1,0,0,OK
phase2,27792,HMSDIS,hms,/net/cdaq/cdaql3data/cdaq/hallc-online-rsidis2025/ROOTfiles/hms_coin_replay_production_27792_-1.root,1227804,1227805,1,0,,,,0,OK
phase2,27793,HMSDIS,hms,/net/cdaq/cdaql3data/cdaq/hallc-online-rsidis2025/ROOTfiles/hms_coin_replay_production_27793_-1.root,494794,494795,1,0,,,,0,OK
phase2,27794,HMSDIS,hms,/net/cdaq/cdaql3data/cdaq/hallc-online-rsidis2025/ROOTfiles/hms_coin_replay_production_27794_-1.root,2390516,2390517,1,0,,,,0,OK
phase2,27795,HMSDIS,hms,/net/cdaq/cdaql3data/cdaq/hallc-online-rsidis2025/ROOTfiles/hms_coin_replay_production_27795_-1.root,1902290,1902291,1,0,,,,0,OK
phase2,27796,PI+SIDIS,coin,/net/cdaq/cdaql3data/cdaq/hallc-online-rsidis2025/ROOTfiles/coin_replay_production_27796_-1.root,426551,426552,1,0,426552,1,0,0,OK
phase2,27798,HMSDIS,hms,/net/cdaq/cdaql3data/cdaq/hallc-online-rsidis2025/ROOTfiles/hms_coin_replay_production_27798_-1.root,2974834,2974835,1,0,,,,0,OK
phase2,27799,PI+SIDIS,coin,/net/cdaq/cdaql3data/cdaq/hallc-online-rsidis2025/ROOTfiles/coin_replay_production_27799_-1.root,984225,984226,1,0,984226,1,0,0,OK
phase2,27800,PI+SIDIS,coin,/net/cdaq/cdaql3data/cdaq/hallc-online-rsidis2025/ROOTfiles/coin_replay_production_27800_-1.root,936889,936890,1,0,936890,1,0,0,OK
phase2,27801,PI+SIDIS,coin,/net/cdaq/cdaql3data/cdaq/hallc-online-rsidis2025/ROOTfiles/coin_replay_production_27801_-1.root,988772,988773,1,0,988773,1,0,0,OK
phase2,27802,PI+SIDIS,coin,/net/cdaq/cdaql3data/cdaq/hallc-online-rsidis2025/ROOTfiles/coin_replay_production_27802_-1.root,393521,393522,1,0,393522,1,0,0,OK
phase2,27803,PI-SIDIS,coin,/net/cdaq/cdaql3data/cdaq/hallc-online-rsidis2025/ROOTfiles/coin_replay_production_27803_-1.root,1242773,1242774,1,0,1242774,1,0,0,OK
phase2,27804,PI-SIDIS,coin,/net/cdaq/cdaql3data/cdaq/hallc-online-rsidis2025/ROOTfiles/coin_replay_production_27804_-1.root,1309737,1309738,1,0,1309738,1,0,0,OK
phase2,27805,PI-SIDIS,coin,/net/cdaq/cdaql3data/cdaq/hallc-online-rsidis2025/ROOTfiles/coin_replay_production_27805_-1.root,1346838,1346839,1,0,1346839,1,0,0,OK
phase2,27806,PI-SIDIS,coin,/net/cdaq/cdaql3data/cdaq/hallc-online-rsidis2025/ROOTfiles/coin_replay_production_27806_-1.root,527390,527391,1,0,527391,1,0,0,OK
phase2,27807,PI-SIDIS,coin,/net/cdaq/cdaql3data/cdaq/hallc-online-rsidis2025/ROOTfiles/coin_replay_production_27807_-1.root,1074456,1074457,1,0,1074457,1,0,0,OK
phase2,27809,PI-SIDIS,coin,/net/cdaq/cdaql3data/cdaq/hallc-online-rsidis2025/ROOTfiles/coin_replay_production_27809_-1.root,812241,812242,1,0,812242,1,0,0,OK
phase2,27810,PI-SIDIS,coin,/net/cdaq/cdaql3data/cdaq/hallc-online-rsidis2025/ROOTfiles/coin_replay_production_27810_-1.root,555237,555238,1,0,555238,1,0,0,OK
phase2,27811,PI-SIDIS,coin,/net/cdaq/cdaql3data/cdaq/hallc-online-rsidis2025/ROOTfiles/coin_replay_production_27811_-1.root,557416,557417,1,0,557417,1,0,0,OK
phase2,27812,PI-SIDIS,coin,/net/cdaq/cdaql3data/cdaq/hallc-online-rsidis2025/ROOTfiles/coin_replay_production_27812_-1.root,309521,309522,1,0,309522,1,0,0,OK
phase2,27813,PI-SIDIS,coin,/net/cdaq/cdaql3data/cdaq/hallc-online-rsidis2025/ROOTfiles/coin_replay_production_27813_-1.root,118594,118595,1,0,118595,1,0,0,OK
phase2,27814,PI-SIDIS,coin,/net/cdaq/cdaql3data/cdaq/hallc-online-rsidis2025/ROOTfiles/coin_replay_production_27814_-1.root,1106937,1106938,1,0,1106938,1,0,0,OK
phase2,27815,PI-SIDIS,coin,/net/cdaq/cdaql3data/cdaq/hallc-online-rsidis2025/ROOTfiles/coin_replay_production_27815_-1.root,995385,995386,1,0,995386,1,0,0,OK
phase2,27816,PI-SIDIS,coin,/net/cdaq/cdaql3data/cdaq/hallc-online-rsidis2025/ROOTfiles/coin_replay_production_27816_-1.root,663688,663689,1,0,663689,1,0,0,OK
phase2,27817,PI-SIDIS,coin,/net/cdaq/cdaql3data/cdaq/hallc-online-rsidis2025/ROOTfiles/coin_replay_production_27817_-1.root,563049,563050,1,0,563050,1,0,0,OK
phase2,27818,PI-SIDIS,coin,/net/cdaq/cdaql3data/cdaq/hallc-online-rsidis2025/ROOTfiles/coin_replay_production_27818_-1.root,29203,29204,1,0,29204,1,0,0,OK
phase2,27819,PI-SIDIS,coin,/net/cdaq/cdaql3data/cdaq/hallc-online-rsidis2025/ROOTfiles/coin_replay_production_27819_-1.root,329534,329535,1,0,329535,1,0,0,OK
phase2,27820,PI-SIDIS,coin,/net/cdaq/cdaql3data/cdaq/hallc-online-rsidis2025/ROOTfiles/coin_replay_production_27820_-1.root,140362,140363,1,0,140363,1,0,0,OK
phase2,27821,PI-SIDIS,coin,/net/cdaq/cdaql3data/cdaq/hallc-online-rsidis2025/ROOTfiles/coin_replay_production_27821_-1.root,1978694,1978695,1,0,1978695,1,0,0,OK
phase2,27822,PI-SIDIS,coin,/net/cdaq/cdaql3data/cdaq/hallc-online-rsidis2025/ROOTfiles/coin_replay_production_27822_-1.root,2335496,2335497,1,0,2335497,1,0,0,OK
phase2,27823,PI-SIDIS,coin,/net/cdaq/cdaql3data/cdaq/hallc-online-rsidis2025/ROOTfiles/coin_replay_production_27823_-1.root,5834998,5834999,1,0,5834999,1,0,0,OK
phase2,27824,HMSDIS,hms,/net/cdaq/cdaql3data/cdaq/hallc-online-rsidis2025/ROOTfiles/hms_coin_replay_production_27824_-1.root,2286947,2286948,1,0,,,,0,OK
phase2,27825,PI-SIDIS,coin,/net/cdaq/cdaql3data/cdaq/hallc-online-rsidis2025/ROOTfiles/coin_replay_production_27825_-1.root,220219,220220,1,0,220220,1,0,0,OK
phase2,27826,HMSDIS,hms,/net/cdaq/cdaql3data/cdaq/hallc-online-rsidis2025/ROOTfiles/hms_coin_replay_production_27826_-1.root,2245674,2245675,1,0,,,,0,OK
phase2,27827,PI-SIDIS,coin,/net/cdaq/cdaql3data/cdaq/hallc-online-rsidis2025/ROOTfiles/coin_replay_production_27827_-1.root,131903,131904,1,0,131904,1,0,0,OK
phase2,27828,PI-SIDIS,coin,/net/cdaq/cdaql3data/cdaq/hallc-online-rsidis2025/ROOTfiles/coin_replay_production_27828_-1.root,517842,517843,1,0,517843,1,0,0,OK
phase2,27829,PI-SIDIS,coin,/net/cdaq/cdaql3data/cdaq/hallc-online-rsidis2025/ROOTfiles/coin_replay_production_27829_-1.root,547108,547109,1,0,547109,1,0,0,OK
phase2,27830,PI-SIDIS,coin,/net/cdaq/cdaql3data/cdaq/hallc-online-rsidis2025/ROOTfiles/coin_replay_production_27830_-1.root,593467,593468,1,0,593468,1,0,0,OK
phase2,27831,PI-SIDIS,coin,/net/cdaq/cdaql3data/cdaq/hallc-online-rsidis2025/ROOTfiles/coin_replay_production_27831_-1.root,505662,505663,1,0,505663,1,0,0,OK
phase2,27832,PI-SIDIS,coin,/net/cdaq/cdaql3data/cdaq/hallc-online-rsidis2025/ROOTfiles/coin_replay_production_27832_-1.root,573733,573734,1,0,573734,1,0,0,OK
phase2,27833,PI-SIDIS,coin,/net/cdaq/cdaql3data/cdaq/hallc-online-rsidis2025/ROOTfiles/coin_replay_production_27833_-1.root,414974,414975,1,0,414975,1,0,0,OK
phase2,27834,PI-SIDIS,coin,/net/cdaq/cdaql3data/cdaq/hallc-online-rsidis2025/ROOTfiles/coin_replay_production_27834_-1.root,1423089,1423090,1,0,1423090,1,0,0,OK
phase2,27835,HMSDIS,hms,/net/cdaq/cdaql3data/cdaq/hallc-online-rsidis2025/ROOTfiles/hms_coin_replay_production_27835_-1.root,1445534,1445535,1,0,,,,0,OK
phase2,27836,PI-SIDIS,coin,/net/cdaq/cdaql3data/cdaq/hallc-online-rsidis2025/ROOTfiles/coin_replay_production_27836_-1.root,73679,73680,1,0,73680,1,0,0,OK
phase2,27837,PI-SIDIS,coin,/net/cdaq/cdaql3data/cdaq/hallc-online-rsidis2025/ROOTfiles/coin_replay_production_27837_-1.root,69052,69053,1,0,69053,1,0,0,OK
phase2,27838,PI-SIDIS,coin,/net/cdaq/cdaql3data/cdaq/hallc-online-rsidis2025/ROOTfiles/coin_replay_production_27838_-1.root,28894,28895,1,0,28895,1,0,0,OK
phase2,27839,PI-SIDIS,coin,/net/cdaq/cdaql3data/cdaq/hallc-online-rsidis2025/ROOTfiles/coin_replay_production_27839_-1.root,76563,76564,1,0,76564,1,0,0,OK
phase2,27840,HMSDIS,hms,/net/cdaq/cdaql3data/cdaq/hallc-online-rsidis2025/ROOTfiles/hms_coin_replay_production_27840_-1.root,2976581,2976582,1,0,,,,0,OK
phase2,27841,PI+SIDIS,coin,/net/cdaq/cdaql3data/cdaq/hallc-online-rsidis2025/ROOTfiles/coin_replay_production_27841_-1.root,256087,256088,1,0,256088,1,0,0,OK
phase2,27842,PI+SIDIS,coin,/net/cdaq/cdaql3data/cdaq/hallc-online-rsidis2025/ROOTfiles/coin_replay_production_27842_-1.root,12780,12781,1,0,12781,1,0,0,OK
phase2,27843,PI+SIDIS,coin,/net/cdaq/cdaql3data/cdaq/hallc-online-rsidis2025/ROOTfiles/coin_replay_production_27843_-1.root,21007,21008,1,0,21008,1,0,0,OK
phase2,27844,PI+SIDIS,coin,/net/cdaq/cdaql3data/cdaq/hallc-online-rsidis2025/ROOTfiles/coin_replay_production_27844_-1.root,762694,762695,1,0,762695,1,0,0,OK
phase2,27845,PI+SIDIS,coin,/net/cdaq/cdaql3data/cdaq/hallc-online-rsidis2025/ROOTfiles/coin_replay_production_27845_-1.root,835850,835851,1,0,835851,1,0,0,OK
phase2,27846,PI+SIDIS,coin,/net/cdaq/cdaql3data/cdaq/hallc-online-rsidis2025/ROOTfiles/coin_replay_production_27846_-1.root,783389,783390,1,0,783390,1,0,0,OK
phase2,27847,PI+SIDIS,coin,/net/cdaq/cdaql3data/cdaq/hallc-online-rsidis2025/ROOTfiles/coin_replay_production_27847_-1.root,901176,901177,1,0,901177,1,0,0,OK
phase2,27848,PI+SIDIS,coin,/net/cdaq/cdaql3data/cdaq/hallc-online-rsidis2025/ROOTfiles/coin_replay_production_27848_-1.root,908392,908393,1,0,908393,1,0,0,OK
phase2,27849,PI+SIDIS,coin,/net/cdaq/cdaql3data/cdaq/hallc-online-rsidis2025/ROOTfiles/coin_replay_production_27849_-1.root,1301581,1301582,1,0,1301582,1,0,0,OK
phase2,27850,HMSDIS,hms,/net/cdaq/cdaql3data/cdaq/hallc-online-rsidis2025/ROOTfiles/hms_coin_replay_production_27850_-1.root,1775051,1775052,1,0,,,,0,OK
phase2,27852,PI+SIDIS,coin,/net/cdaq/cdaql3data/cdaq/hallc-online-rsidis2025/ROOTfiles/coin_replay_production_27852_-1.root,87692,87693,1,0,87693,1,0,0,OK
phase2,27853,PI+SIDIS,coin,/net/cdaq/cdaql3data/cdaq/hallc-online-rsidis2025/ROOTfiles/coin_replay_production_27853_-1.root,123426,123427,1,0,123427,1,0,0,OK
phase2,27854,HMSDIS,hms,/net/cdaq/cdaql3data/cdaq/hallc-online-rsidis2025/ROOTfiles/hms_coin_replay_production_27854_-1.root,1348406,1348407,1,0,,,,0,OK
phase2,27855,PI+SIDIS,coin,/net/cdaq/cdaql3data/cdaq/hallc-online-rsidis2025/ROOTfiles/coin_replay_production_27855_-1.root,1966340,1966341,1,0,1966341,1,0,0,OK
phase2,27856,HMSDIS,hms,/net/cdaq/cdaql3data/cdaq/hallc-online-rsidis2025/ROOTfiles/hms_coin_replay_production_27856_-1.root,2273887,2273888,1,0,,,,0,OK
phase2,27857,HMSDIS,hms,/net/cdaq/cdaql3data/cdaq/hallc-online-rsidis2025/ROOTfiles/hms_coin_replay_production_27857_-1.root,2032971,2032972,1,0,,,,0,OK
phase2,27858,PI+SIDIS,coin,/net/cdaq/cdaql3data/cdaq/hallc-online-rsidis2025/ROOTfiles/coin_replay_production_27858_-1.root,67994,67995,1,0,67995,1,0,0,OK
phase2,27859,PI+SIDIS,coin,/net/cdaq/cdaql3data/cdaq/hallc-online-rsidis2025/ROOTfiles/coin_replay_production_27859_-1.root,8037,8038,1,0,8038,1,0,0,OK
phase2,27860,PI+SIDIS,coin,/net/cdaq/cdaql3data/cdaq/hallc-online-rsidis2025/ROOTfiles/coin_replay_production_27860_-1.root,101949,101950,1,0,101950,1,0,0,OK
phase2,27861,PI+SIDIS,coin,/net/cdaq/cdaql3data/cdaq/hallc-online-rsidis2025/ROOTfiles/coin_replay_production_27861_-1.root,107956,107957,1,0,107957,1,0,0,OK
phase2,27862,PI+SIDIS,coin,/net/cdaq/cdaql3data/cdaq/hallc-online-rsidis2025/ROOTfiles/coin_replay_production_27862_-1.root,109719,109720,1,0,109720,1,0,0,OK
phase2,27863,PI+SIDIS,coin,/net/cdaq/cdaql3data/cdaq/hallc-online-rsidis2025/ROOTfiles/coin_replay_production_27863_-1.root,106218,106219,1,0,106219,1,0,0,OK
phase2,27864,PI+SIDIS,coin,/net/cdaq/cdaql3data/cdaq/hallc-online-rsidis2025/ROOTfiles/coin_replay_production_27864_-1.root,107578,107579,1,0,107579,1,0,0,OK
phase2,27865,HMSDIS,hms,/net/cdaq/cdaql3data/cdaq/hallc-online-rsidis2025/ROOTfiles/hms_coin_replay_production_27865_-1.root,2331355,2331356,1,0,,,,0,OK
phase2,27867,PI+SIDIS,coin,/net/cdaq/cdaql3data/cdaq/hallc-online-rsidis2025/ROOTfiles/coin_replay_production_27867_-1.root,33834,33835,1,0,33835,1,0,0,OK
phase2,27868,PI+SIDIS,coin,/net/cdaq/cdaql3data/cdaq/hallc-online-rsidis2025/ROOTfiles/coin_replay_production_27868_-1.root,19503,19504,1,0,19504,1,0,0,OK
phase2,27870,HMSDIS,hms,/net/cdaq/cdaql3data/cdaq/hallc-online-rsidis2025/ROOTfiles/hms_coin_replay_production_27870_-1.root,805875,805876,1,0,,,,0,OK
phase2,27871,PI+SIDIS,coin,/net/cdaq/cdaql3data/cdaq/hallc-online-rsidis2025/ROOTfiles/coin_replay_production_27871_-1.root,109627,109628,1,0,109628,1,0,0,OK
phase2,27872,PI+SIDIS,coin,/net/cdaq/cdaql3data/cdaq/hallc-online-rsidis2025/ROOTfiles/coin_replay_production_27872_-1.root,98739,98740,1,0,98740,1,0,0,OK
phase2,27873,PI+SIDIS,coin,/net/cdaq/cdaql3data/cdaq/hallc-online-rsidis2025/ROOTfiles/coin_replay_production_27873_-1.root,93118,93119,1,0,93119,1,0,0,OK
phase2,27874,PI+SIDIS,coin,/net/cdaq/cdaql3data/cdaq/hallc-online-rsidis2025/ROOTfiles/coin_replay_production_27874_-1.root,40535,40536,1,0,40536,1,0,0,OK
phase2,27875,PI+SIDIS,coin,/net/cdaq/cdaql3data/cdaq/hallc-online-rsidis2025/ROOTfiles/coin_replay_production_27875_-1.root,143637,143638,1,0,143638,1,0,0,OK
phase2,27876,PI+SIDIS,coin,/net/cdaq/cdaql3data/cdaq/hallc-online-rsidis2025/ROOTfiles/coin_replay_production_27876_-1.root,512308,512309,1,0,512309,1,0,0,OK
phase2,27877,PI+SIDIS,coin,/net/cdaq/cdaql3data/cdaq/hallc-online-rsidis2025/ROOTfiles/coin_replay_production_27877_-1.root,555492,555493,1,0,555493,1,0,0,OK
phase2,27878,PI+SIDIS,coin,/net/cdaq/cdaql3data/cdaq/hallc-online-rsidis2025/ROOTfiles/coin_replay_production_27878_-1.root,521453,521454,1,0,521454,1,0,0,OK
phase2,27879,HMSDIS,hms,/net/cdaq/cdaql3data/cdaq/hallc-online-rsidis2025/ROOTfiles/hms_coin_replay_production_27879_-1.root,1760118,1760119,1,0,,,,0,OK
phase2,27881,PI+SIDIS,coin,/net/cdaq/cdaql3data/cdaq/hallc-online-rsidis2025/ROOTfiles/coin_replay_production_27881_-1.root,36212,36213,1,0,36213,1,0,0,OK
phase2,27883,PI+SIDIS,coin,/net/cdaq/cdaql3data/cdaq/hallc-online-rsidis2025/ROOTfiles/coin_replay_production_27883_-1.root,9678,9679,1,0,9679,1,0,0,OK
phase2,27884,PI+SIDIS,coin,/net/cdaq/cdaql3data/cdaq/hallc-online-rsidis2025/ROOTfiles/coin_replay_production_27884_-1.root,38794,38795,1,0,38795,1,0,0,OK
phase2,27885,HMSDIS,hms,/net/cdaq/cdaql3data/cdaq/hallc-online-rsidis2025/ROOTfiles/hms_coin_replay_production_27885_-1.root,822526,822527,1,0,,,,0,OK
phase2,27886,PI+SIDIS,coin,/net/cdaq/cdaql3data/cdaq/hallc-online-rsidis2025/ROOTfiles/coin_replay_production_27886_-1.root,198479,198480,1,0,198480,1,0,0,OK
phase2,27887,PI+SIDIS,coin,/net/cdaq/cdaql3data/cdaq/hallc-online-rsidis2025/ROOTfiles/coin_replay_production_27887_-1.root,173560,173561,1,0,173561,1,0,0,OK
phase2,27888,PI+SIDIS,coin,/net/cdaq/cdaql3data/cdaq/hallc-online-rsidis2025/ROOTfiles/coin_replay_production_27888_-1.root,137748,137749,1,0,137749,1,0,0,OK
phase2,27891,PI+SIDIS,coin,/net/cdaq/cdaql3data/cdaq/hallc-online-rsidis2025/ROOTfiles/coin_replay_production_27891_-1.root,215509,215510,1,0,215510,1,0,0,OK
phase2,27892,PI+SIDIS,coin,/net/cdaq/cdaql3data/cdaq/hallc-online-rsidis2025/ROOTfiles/coin_replay_production_27892_-1.root,222759,222760,1,0,222760,1,0,0,OK
phase2,27893,PI+SIDIS,coin,/net/cdaq/cdaql3data/cdaq/hallc-online-rsidis2025/ROOTfiles/coin_replay_production_27893_-1.root,335288,335289,1,0,335289,1,0,0,OK
phase2,27894,HMSDIS,hms,/net/cdaq/cdaql3data/cdaq/hallc-online-rsidis2025/ROOTfiles/hms_coin_replay_production_27894_-1.root,2243347,2243348,1,0,,,,0,OK
phase2,27895,HMSDIS,hms,/net/cdaq/cdaql3data/cdaq/hallc-online-rsidis2025/ROOTfiles/hms_coin_replay_production_27895_-1.root,1583469,1583470,1,0,,,,0,OK
phase2,27896,HMSDIS,hms,/net/cdaq/cdaql3data/cdaq/hallc-online-rsidis2025/ROOTfiles/hms_coin_replay_production_27896_-1.root,797648,797649,1,0,,,,0,OK
phase2,27897,HMSDIS,hms,/net/cdaq/cdaql3data/cdaq/hallc-online-rsidis2025/ROOTfiles/hms_coin_replay_production_27897_-1.root,863196,863197,1,0,,,,0,OK
phase2,27898,PI+SIDIS,coin,/net/cdaq/cdaql3data/cdaq/hallc-online-rsidis2025/ROOTfiles/coin_replay_production_27898_-1.root,120394,120395,1,0,120395,1,0,0,OK
phase2,27899,PI+SIDIS,coin,/net/cdaq/cdaql3data/cdaq/hallc-online-rsidis2025/ROOTfiles/coin_replay_production_27899_-1.root,234990,234991,1,0,234991,1,0,0,OK
phase2,27900,PI+SIDIS,coin,/net/cdaq/cdaql3data/cdaq/hallc-online-rsidis2025/ROOTfiles/coin_replay_production_27900_-1.root,251580,251581,1,0,251581,1,0,0,OK
phase2,27901,PI+SIDIS,coin,/net/cdaq/cdaql3data/cdaq/hallc-online-rsidis2025/ROOTfiles/coin_replay_production_27901_-1.root,250624,250625,1,0,250625,1,0,0,OK
phase2,27902,PI+SIDIS,coin,/net/cdaq/cdaql3data/cdaq/hallc-online-rsidis2025/ROOTfiles/coin_replay_production_27902_-1.root,242496,242497,1,0,242497,1,0,0,OK
phase2,27903,HMSDIS,hms,/net/cdaq/cdaql3data/cdaq/hallc-online-rsidis2025/ROOTfiles/hms_coin_replay_production_27903_-1.root,1866768,1866769,1,0,,,,0,OK
phase2,27904,HMSDIS,hms,/net/cdaq/cdaql3data/cdaq/hallc-online-rsidis2025/ROOTfiles/hms_coin_replay_production_27904_-1.root,1613996,1613997,1,0,,,,0,OK
phase2,27905,PI+SIDIS,coin,/net/cdaq/cdaql3data/cdaq/hallc-online-rsidis2025/ROOTfiles/coin_replay_production_27905_-1.root,219645,219646,1,0,219646,1,0,0,OK
phase2,27906,PI+SIDIS,coin,/net/cdaq/cdaql3data/cdaq/hallc-online-rsidis2025/ROOTfiles/coin_replay_production_27906_-1.root,209029,209030,1,0,209030,1,0,0,OK
phase2,27907,PI+SIDIS,coin,/net/cdaq/cdaql3data/cdaq/hallc-online-rsidis2025/ROOTfiles/coin_replay_production_27907_-1.root,208148,208149,1,0,208149,1,0,0,OK
phase2,27908,PI+SIDIS,coin,/net/cdaq/cdaql3data/cdaq/hallc-online-rsidis2025/ROOTfiles/coin_replay_production_27908_-1.root,216718,216719,1,0,216719,1,0,0,OK
phase2,27909,PI+SIDIS,coin,/net/cdaq/cdaql3data/cdaq/hallc-online-rsidis2025/ROOTfiles/coin_replay_production_27909_-1.root,207035,207036,1,0,207036,1,0,0,OK
phase2,27910,HMSDIS,hms,/net/cdaq/cdaql3data/cdaq/hallc-online-rsidis2025/ROOTfiles/hms_coin_replay_production_27910_-1.root,1457518,1457519,1,0,,,,0,OK
phase2,27911,HMSDIS,hms,/net/cdaq/cdaql3data/cdaq/hallc-online-rsidis2025/ROOTfiles/hms_coin_replay_production_27911_-1.root,1719997,1719998,1,0,,,,0,OK
phase2,27912,PI+SIDIS,coin,/net/cdaq/cdaql3data/cdaq/hallc-online-rsidis2025/ROOTfiles/coin_replay_production_27912_-1.root,529744,529745,1,0,529745,1,0,0,OK
phase2,27913,PI+SIDIS,coin,/net/cdaq/cdaql3data/cdaq/hallc-online-rsidis2025/ROOTfiles/coin_replay_production_27913_-1.root,519549,519550,1,0,519550,1,0,0,OK
phase2,27914,PI+SIDIS,coin,/net/cdaq/cdaql3data/cdaq/hallc-online-rsidis2025/ROOTfiles/coin_replay_production_27914_-1.root,39736,39737,1,0,39737,1,0,0,OK
phase2,27915,PI+SIDIS,coin,/net/cdaq/cdaql3data/cdaq/hallc-online-rsidis2025/ROOTfiles/coin_replay_production_27915_-1.root,224395,224396,1,0,224396,1,0,0,OK
phase2,27916,PI+SIDIS,coin,/net/cdaq/cdaql3data/cdaq/hallc-online-rsidis2025/ROOTfiles/coin_replay_production_27916_-1.root,228226,228227,1,0,228227,1,0,0,OK
phase2,27918,PI+SIDIS,coin,/net/cdaq/cdaql3data/cdaq/hallc-online-rsidis2025/ROOTfiles/coin_replay_production_27918_-1.root,92343,92344,1,0,92344,1,0,0,OK
phase2,27925,PI+SIDIS,coin,/net/cdaq/cdaql3data/cdaq/hallc-online-rsidis2025/ROOTfiles/coin_replay_production_27925_-1.root,202873,202874,1,0,202874,1,0,0,OK
phase2,27926,PI+SIDIS,coin,/net/cdaq/cdaql3data/cdaq/hallc-online-rsidis2025/ROOTfiles/coin_replay_production_27926_-1.root,117587,117588,1,0,117588,1,0,0,OK
phase2,27927,PI+SIDIS,coin,/net/cdaq/cdaql3data/cdaq/hallc-online-rsidis2025/ROOTfiles/coin_replay_production_27927_-1.root,138111,138112,1,0,138112,1,0,0,OK
phase2,27928,PI+SIDIS,coin,/net/cdaq/cdaql3data/cdaq/hallc-online-rsidis2025/ROOTfiles/coin_replay_production_27928_-1.root,225557,225558,1,0,225558,1,0,0,OK
phase2,27929,PI+SIDIS,coin,/net/cdaq/cdaql3data/cdaq/hallc-online-rsidis2025/ROOTfiles/coin_replay_production_27929_-1.root,187609,187610,1,0,187610,1,0,0,OK
phase2,27931,PI+SIDIS,coin,/net/cdaq/cdaql3data/cdaq/hallc-online-rsidis2025/ROOTfiles/coin_replay_production_27931_-1.root,183477,183478,1,0,183478,1,0,0,OK
phase2,27932,PI-SIDIS,coin,/net/cdaq/cdaql3data/cdaq/hallc-online-rsidis2025/ROOTfiles/coin_replay_production_27932_-1.root,54390,54391,1,0,54391,1,0,0,OK
phase2,27933,PI-SIDIS,coin,/net/cdaq/cdaql3data/cdaq/hallc-online-rsidis2025/ROOTfiles/coin_replay_production_27933_-1.root,55983,55984,1,0,55984,1,0,0,OK
phase2,27934,PI-SIDIS,coin,/net/cdaq/cdaql3data/cdaq/hallc-online-rsidis2025/ROOTfiles/coin_replay_production_27934_-1.root,46573,46574,1,0,46574,1,0,0,OK
phase2,27935,PI-SIDIS,coin,/net/cdaq/cdaql3data/cdaq/hallc-online-rsidis2025/ROOTfiles/coin_replay_production_27935_-1.root,52550,52551,1,0,52551,1,0,0,OK
phase2,27936,PI-SIDIS,coin,/net/cdaq/cdaql3data/cdaq/hallc-online-rsidis2025/ROOTfiles/coin_replay_production_27936_-1.root,51438,51439,1,0,51439,1,0,0,OK
phase2,27937,PI-SIDIS,coin,/net/cdaq/cdaql3data/cdaq/hallc-online-rsidis2025/ROOTfiles/coin_replay_production_27937_-1.root,54537,54538,1,0,54538,1,0,0,OK
phase2,27938,PI-SIDIS,coin,/net/cdaq/cdaql3data/cdaq/hallc-online-rsidis2025/ROOTfiles/coin_replay_production_27938_-1.root,52965,52966,1,0,52966,1,0,0,OK
phase2,27939,HMSDIS,hms,/net/cdaq/cdaql3data/cdaq/hallc-online-rsidis2025/ROOTfiles/hms_coin_replay_production_27939_-1.root,2573795,2573796,1,0,,,,0,OK
phase2,27940,PI-SIDIS,coin,/net/cdaq/cdaql3data/cdaq/hallc-online-rsidis2025/ROOTfiles/coin_replay_production_27940_-1.root,24107,24108,1,0,24108,1,0,0,OK
phase2,27941,PI-SIDIS,coin,/net/cdaq/cdaql3data/cdaq/hallc-online-rsidis2025/ROOTfiles/coin_replay_production_27941_-1.root,15854,15855,1,0,15855,1,0,0,OK
phase2,27942,PI-SIDIS,coin,/net/cdaq/cdaql3data/cdaq/hallc-online-rsidis2025/ROOTfiles/coin_replay_production_27942_-1.root,23941,23942,1,0,23942,1,0,0,OK
phase2,27943,HMSDIS,hms,/net/cdaq/cdaql3data/cdaq/hallc-online-rsidis2025/ROOTfiles/hms_coin_replay_production_27943_-1.root,810597,810598,1,0,,,,0,OK
phase2,27944,PI-SIDIS,coin,/net/cdaq/cdaql3data/cdaq/hallc-online-rsidis2025/ROOTfiles/coin_replay_production_27944_-1.root,24021,24022,1,0,24022,1,0,0,OK
phase2,27945,PI-SIDIS,coin,/net/cdaq/cdaql3data/cdaq/hallc-online-rsidis2025/ROOTfiles/coin_replay_production_27945_-1.root,13314,13315,1,0,13315,1,0,0,OK
phase2,27946,PI-SIDIS,coin,/net/cdaq/cdaql3data/cdaq/hallc-online-rsidis2025/ROOTfiles/coin_replay_production_27946_-1.root,24357,24358,1,0,24358,1,0,0,OK
phase2,27947,PI-SIDIS,coin,/net/cdaq/cdaql3data/cdaq/hallc-online-rsidis2025/ROOTfiles/coin_replay_production_27947_-1.root,56542,56543,1,0,56543,1,0,0,OK
phase2,27948,PI-SIDIS,coin,/net/cdaq/cdaql3data/cdaq/hallc-online-rsidis2025/ROOTfiles/coin_replay_production_27948_-1.root,91035,91036,1,0,91036,1,0,0,OK
phase2,27949,PI-SIDIS,coin,/net/cdaq/cdaql3data/cdaq/hallc-online-rsidis2025/ROOTfiles/coin_replay_production_27949_-1.root,53081,53082,1,0,53082,1,0,0,OK
phase2,27951,PI-SIDIS,coin,/net/cdaq/cdaql3data/cdaq/hallc-online-rsidis2025/ROOTfiles/coin_replay_production_27951_-1.root,40997,40998,1,0,40998,1,0,0,OK
phase2,27952,PI-SIDIS,coin,/net/cdaq/cdaql3data/cdaq/hallc-online-rsidis2025/ROOTfiles/coin_replay_production_27952_-1.root,58558,58559,1,0,58559,1,0,0,OK
phase2,27953,PI-SIDIS,coin,/net/cdaq/cdaql3data/cdaq/hallc-online-rsidis2025/ROOTfiles/coin_replay_production_27953_-1.root,114983,114984,1,0,114984,1,0,0,OK
phase2,27954,PI-SIDIS,coin,/net/cdaq/cdaql3data/cdaq/hallc-online-rsidis2025/ROOTfiles/coin_replay_production_27954_-1.root,52831,52832,1,0,52832,1,0,0,OK
phase2,27956,PI-SIDIS,coin,/net/cdaq/cdaql3data/cdaq/hallc-online-rsidis2025/ROOTfiles/coin_replay_production_27956_-1.root,121407,121408,1,0,121408,1,0,0,OK
phase2,27957,PI-SIDIS,coin,/net/cdaq/cdaql3data/cdaq/hallc-online-rsidis2025/ROOTfiles/coin_replay_production_27957_-1.root,461985,461986,1,0,461986,1,0,0,OK
phase2,27958,PI-SIDIS,coin,/net/cdaq/cdaql3data/cdaq/hallc-online-rsidis2025/ROOTfiles/coin_replay_production_27958_-1.root,363518,363519,1,0,363519,1,0,0,OK
phase2,27959,HMSDIS,hms,/net/cdaq/cdaql3data/cdaq/hallc-online-rsidis2025/ROOTfiles/hms_coin_replay_production_27959_-1.root,1879392,1879393,1,0,,,,0,OK
phase2,27962,PI-SIDIS,coin,/net/cdaq/cdaql3data/cdaq/hallc-online-rsidis2025/ROOTfiles/coin_replay_production_27962_-1.root,120903,120904,1,0,120904,1,0,0,OK
phase2,27963,PI-SIDIS,coin,/net/cdaq/cdaql3data/cdaq/hallc-online-rsidis2025/ROOTfiles/coin_replay_production_27963_-1.root,127773,127774,1,0,127774,1,0,0,OK
phase2,27964,PI-SIDIS,coin,/net/cdaq/cdaql3data/cdaq/hallc-online-rsidis2025/ROOTfiles/coin_replay_production_27964_-1.root,119110,119111,1,0,119111,1,0,0,OK
phase2,27965,PI-SIDIS,coin,/net/cdaq/cdaql3data/cdaq/hallc-online-rsidis2025/ROOTfiles/coin_replay_production_27965_-1.root,126008,126009,1,0,126009,1,0,0,OK
phase2,27966,PI-SIDIS,coin,/net/cdaq/cdaql3data/cdaq/hallc-online-rsidis2025/ROOTfiles/coin_replay_production_27966_-1.root,113159,113160,1,0,113160,1,0,0,OK
phase2,27967,PI-SIDIS,coin,/net/cdaq/cdaql3data/cdaq/hallc-online-rsidis2025/ROOTfiles/coin_replay_production_27967_-1.root,117218,117219,1,0,117219,1,0,0,OK
phase2,27968,PI-SIDIS,coin,/net/cdaq/cdaql3data/cdaq/hallc-online-rsidis2025/ROOTfiles/coin_replay_production_27968_-1.root,232804,232805,1,0,232805,1,0,0,OK
phase2,27969,HMSDIS,hms,/net/cdaq/cdaql3data/cdaq/hallc-online-rsidis2025/ROOTfiles/hms_coin_replay_production_27969_-1.root,2680717,2680718,1,0,,,,0,OK
phase2,27970,HMSDIS,hms,/net/cdaq/cdaql3data/cdaq/hallc-online-rsidis2025/ROOTfiles/hms_coin_replay_production_27970_-1.root,1904441,1904442,1,0,,,,0,OK
phase2,27972,PI-SIDIS,coin,/net/cdaq/cdaql3data/cdaq/hallc-online-rsidis2025/ROOTfiles/coin_replay_production_27972_-1.root,27238,27239,1,0,27239,1,0,0,OK
phase2,27973,PI-SIDIS,coin,/net/cdaq/cdaql3data/cdaq/hallc-online-rsidis2025/ROOTfiles/coin_replay_production_27973_-1.root,26361,26362,1,0,26362,1,0,0,OK
phase2,27974,PI-SIDIS,coin,/net/cdaq/cdaql3data/cdaq/hallc-online-rsidis2025/ROOTfiles/coin_replay_production_27974_-1.root,26265,26266,1,0,26266,1,0,0,OK
phase2,27975,HMSDIS,hms,/net/cdaq/cdaql3data/cdaq/hallc-online-rsidis2025/ROOTfiles/hms_coin_replay_production_27975_-1.root,720378,720379,1,0,,,,0,OK
phase2,27976,PI-SIDIS,coin,/net/cdaq/cdaql3data/cdaq/hallc-online-rsidis2025/ROOTfiles/coin_replay_production_27976_-1.root,104284,104285,1,0,104285,1,0,0,OK
phase2,27977,PI-SIDIS,coin,/net/cdaq/cdaql3data/cdaq/hallc-online-rsidis2025/ROOTfiles/coin_replay_production_27977_-1.root,119394,119395,1,0,119395,1,0,0,OK
phase2,27978,PI-SIDIS,coin,/net/cdaq/cdaql3data/cdaq/hallc-online-rsidis2025/ROOTfiles/coin_replay_production_27978_-1.root,105194,105195,1,0,105195,1,0,0,OK
phase2,27979,PI-SIDIS,coin,/net/cdaq/cdaql3data/cdaq/hallc-online-rsidis2025/ROOTfiles/coin_replay_production_27979_-1.root,129629,129630,1,0,129630,1,0,0,OK
phase2,27980,PI-SIDIS,coin,/net/cdaq/cdaql3data/cdaq/hallc-online-rsidis2025/ROOTfiles/coin_replay_production_27980_-1.root,127737,127738,1,0,127738,1,0,0,OK
phase2,27981,PI-SIDIS,coin,/net/cdaq/cdaql3data/cdaq/hallc-online-rsidis2025/ROOTfiles/coin_replay_production_27981_-1.root,145604,145605,1,0,145605,1,0,0,OK
phase2,27982,PI-SIDIS,coin,/net/cdaq/cdaql3data/cdaq/hallc-online-rsidis2025/ROOTfiles/coin_replay_production_27982_-1.root,140977,140978,1,0,140978,1,0,0,OK
phase2,27983,PI-SIDIS,coin,/net/cdaq/cdaql3data/cdaq/hallc-online-rsidis2025/ROOTfiles/coin_replay_production_27983_-1.root,27907,27908,1,0,27908,1,0,0,OK
phase2,27984,PI-SIDIS,coin,/net/cdaq/cdaql3data/cdaq/hallc-online-rsidis2025/ROOTfiles/coin_replay_production_27984_-1.root,26731,26732,1,0,26732,1,0,0,OK
phase2,27985,PI-SIDIS,coin,/net/cdaq/cdaql3data/cdaq/hallc-online-rsidis2025/ROOTfiles/coin_replay_production_27985_-1.root,27329,27330,1,0,27330,1,0,0,OK
phase2,27986,PI-SIDIS,coin,/net/cdaq/cdaql3data/cdaq/hallc-online-rsidis2025/ROOTfiles/coin_replay_production_27986_-1.root,26723,26724,1,0,26724,1,0,0,OK
phase2,27987,PI-SIDIS,coin,/net/cdaq/cdaql3data/cdaq/hallc-online-rsidis2025/ROOTfiles/coin_replay_production_27987_-1.root,452503,452504,1,0,452504,1,0,0,OK
phase2,27988,PI-SIDIS,coin,/net/cdaq/cdaql3data/cdaq/hallc-online-rsidis2025/ROOTfiles/coin_replay_production_27988_-1.root,424499,424500,1,0,424500,1,0,0,OK
phase2,27989,PI-SIDIS,coin,/net/cdaq/cdaql3data/cdaq/hallc-online-rsidis2025/ROOTfiles/coin_replay_production_27989_-1.root,400089,400090,1,0,400090,1,0,0,OK
phase2,27990,PI-SIDIS,coin,/net/cdaq/cdaql3data/cdaq/hallc-online-rsidis2025/ROOTfiles/coin_replay_production_27990_-1.root,119381,119382,1,0,119382,1,0,0,OK
phase2,27992,PI-SIDIS,coin,/net/cdaq/cdaql3data/cdaq/hallc-online-rsidis2025/ROOTfiles/coin_replay_production_27992_-1.root,386096,386097,1,0,386097,1,0,0,OK
phase2,27993,PI-SIDIS,coin,/net/cdaq/cdaql3data/cdaq/hallc-online-rsidis2025/ROOTfiles/coin_replay_production_27993_-1.root,467891,467892,1,0,467892,1,0,0,OK
phase2,27994,PI-SIDIS,coin,/net/cdaq/cdaql3data/cdaq/hallc-online-rsidis2025/ROOTfiles/coin_replay_production_27994_-1.root,412803,412804,1,0,412804,1,0,0,OK
phase2,27995,HMSDIS,hms,/net/cdaq/cdaql3data/cdaq/hallc-online-rsidis2025/ROOTfiles/hms_coin_replay_production_27995_-1.root,1677673,1677674,1,0,,,,0,OK
phase2,27996,HMSDIS,hms,/net/cdaq/cdaql3data/cdaq/hallc-online-rsidis2025/ROOTfiles/hms_coin_replay_production_27996_-1.root,1733179,1733180,1,0,,,,0,OK
phase2,27997,HMSDIS,hms,/net/cdaq/cdaql3data/cdaq/hallc-online-rsidis2025/ROOTfiles/hms_coin_replay_production_27997_-1.root,1046134,1046135,1,0,,,,0,OK
phase2,27998,HMSDIS,hms,/net/cdaq/cdaql3data/cdaq/hallc-online-rsidis2025/ROOTfiles/hms_coin_replay_production_27998_-1.root,662361,662362,1,0,,,,0,OK
phase2,27999,HMSDIS,hms,/net/cdaq/cdaql3data/cdaq/hallc-online-rsidis2025/ROOTfiles/hms_coin_replay_production_27999_-1.root,415903,415904,1,0,,,,0,OK
phase2,28000,HMSDIS,hms,/net/cdaq/cdaql3data/cdaq/hallc-online-rsidis2025/ROOTfiles/hms_coin_replay_production_28000_-1.root,1213654,1213655,1,0,,,,0,OK
phase2,28001,HMSDIS,hms,/net/cdaq/cdaql3data/cdaq/hallc-online-rsidis2025/ROOTfiles/hms_coin_replay_production_28001_-1.root,918628,918629,1,0,,,,0,OK
phase2,28002,HMSDIS,hms,/net/cdaq/cdaql3data/cdaq/hallc-online-rsidis2025/ROOTfiles/hms_coin_replay_production_28002_-1.root,640970,640971,1,0,,,,0,OK
phase2,28003,HMSDIS,hms,/net/cdaq/cdaql3data/cdaq/hallc-online-rsidis2025/ROOTfiles/hms_coin_replay_production_28003_-1.root,1309575,1309576,1,0,,,,0,OK
phase2,28004,HMSDIS,hms,/net/cdaq/cdaql3data/cdaq/hallc-online-rsidis2025/ROOTfiles/hms_coin_replay_production_28004_-1.root,910390,910391,1,0,,,,0,OK
phase2,28005,HMSDIS,hms,/net/cdaq/cdaql3data/cdaq/hallc-online-rsidis2025/ROOTfiles/hms_coin_replay_production_28005_-1.root,1564720,1564721,1,0,,,,0,OK
phase2,28006,HMSDIS,hms,/net/cdaq/cdaql3data/cdaq/hallc-online-rsidis2025/ROOTfiles/hms_coin_replay_production_28006_-1.root,1812732,1812733,1,0,,,,0,OK
phase2,28007,HMSDIS,hms,/net/cdaq/cdaql3data/cdaq/hallc-online-rsidis2025/ROOTfiles/hms_coin_replay_production_28007_-1.root,1443078,1443079,1,0,,,,0,OK
phase2,28008,HMSDIS,hms,/net/cdaq/cdaql3data/cdaq/hallc-online-rsidis2025/ROOTfiles/hms_coin_replay_production_28008_-1.root,965919,965920,1,0,,,,0,OK
phase2,28010,HMSDIS,hms,/net/cdaq/cdaql3data/cdaq/hallc-online-rsidis2025/ROOTfiles/hms_coin_replay_production_28010_-1.root,2005789,2005790,1,0,,,,0,OK
phase2,28012,HMSDIS,hms,/net/cdaq/cdaql3data/cdaq/hallc-online-rsidis2025/ROOTfiles/hms_coin_replay_production_28012_-1.root,1420435,1420436,1,0,,,,0,OK
phase2,28014,HMSDIS,hms,/net/cdaq/cdaql3data/cdaq/hallc-online-rsidis2025/ROOTfiles/hms_coin_replay_production_28014_-1.root,1800145,1800146,1,0,,,,0,OK
phase2,28015,HMSDIS,hms,/net/cdaq/cdaql3data/cdaq/hallc-online-rsidis2025/ROOTfiles/hms_coin_replay_production_28015_-1.root,2631581,2631582,1,0,,,,0,OK
phase2,28016,HMSDIS,hms,/net/cdaq/cdaql3data/cdaq/hallc-online-rsidis2025/ROOTfiles/hms_coin_replay_production_28016_-1.root,2892045,2892046,1,0,,,,0,OK
phase2,28018,HMSDIS,hms,/net/cdaq/cdaql3data/cdaq/hallc-online-rsidis2025/ROOTfiles/hms_coin_replay_production_28018_-1.root,2504884,2504885,1,0,,,,0,OK
phase2,28019,HMSDIS,hms,/net/cdaq/cdaql3data/cdaq/hallc-online-rsidis2025/ROOTfiles/hms_coin_replay_production_28019_-1.root,1701754,1701755,1,0,,,,0,OK
phase2,28020,HMSDIS,hms,/net/cdaq/cdaql3data/cdaq/hallc-online-rsidis2025/ROOTfiles/hms_coin_replay_production_28020_-1.root,1888769,1888770,1,0,,,,0,OK
phase2,28021,PI-SIDIS,coin,/net/cdaq/cdaql3data/cdaq/hallc-online-rsidis2025/ROOTfiles/coin_replay_production_28021_-1.root,287031,287032,1,0,287032,1,0,0,OK
phase2,28022,PI-SIDIS,coin,/net/cdaq/cdaql3data/cdaq/hallc-online-rsidis2025/ROOTfiles/coin_replay_production_28022_-1.root,36870,36871,1,0,36871,1,0,0,OK
phase2,28023,PI-SIDIS,coin,/net/cdaq/cdaql3data/cdaq/hallc-online-rsidis2025/ROOTfiles/coin_replay_production_28023_-1.root,69087,69088,1,0,69088,1,0,0,OK
phase2,28024,PI-SIDIS,coin,/net/cdaq/cdaql3data/cdaq/hallc-online-rsidis2025/ROOTfiles/coin_replay_production_28024_-1.root,78455,78456,1,0,78456,1,0,0,OK
phase2,28025,PI-SIDIS,coin,/net/cdaq/cdaql3data/cdaq/hallc-online-rsidis2025/ROOTfiles/coin_replay_production_28025_-1.root,55294,55295,1,0,55295,1,0,0,OK
phase2,28026,PI-SIDIS,coin,/net/cdaq/cdaql3data/cdaq/hallc-online-rsidis2025/ROOTfiles/coin_replay_production_28026_-1.root,49750,49751,1,0,49751,1,0,0,OK
phase2,28027,PI+SIDIS,coin,/net/cdaq/cdaql3data/cdaq/hallc-online-rsidis2025/ROOTfiles/coin_replay_production_28027_-1.root,75676,75677,1,0,75677,1,0,0,OK
phase2,28028,PI+SIDIS,coin,/net/cdaq/cdaql3data/cdaq/hallc-online-rsidis2025/ROOTfiles/coin_replay_production_28028_-1.root,166632,166633,1,0,166633,1,0,0,OK
phase2,28029,HMSDIS,hms,/net/cdaq/cdaql3data/cdaq/hallc-online-rsidis2025/ROOTfiles/hms_coin_replay_production_28029_-1.root,1238452,1238453,1,0,,,,0,OK
phase2,28030,PI+SIDIS,coin,/net/cdaq/cdaql3data/cdaq/hallc-online-rsidis2025/ROOTfiles/coin_replay_production_28030_-1.root,26092,26093,1,0,26093,1,0,0,OK
phase2,28031,HMSDIS,hms,/net/cdaq/cdaql3data/cdaq/hallc-online-rsidis2025/ROOTfiles/hms_coin_replay_production_28031_-1.root,469687,469688,1,0,,,,0,OK
phase2,28032,PI+SIDIS,coin,/net/cdaq/cdaql3data/cdaq/hallc-online-rsidis2025/ROOTfiles/coin_replay_production_28032_-1.root,206315,206316,1,0,206316,1,0,0,OK
phase2,28033,HMSDIS,hms,/net/cdaq/cdaql3data/cdaq/hallc-online-rsidis2025/ROOTfiles/hms_coin_replay_production_28033_-1.root,1779210,1779211,1,0,,,,0,OK
phase2,28034,PI+SIDIS,coin,/net/cdaq/cdaql3data/cdaq/hallc-online-rsidis2025/ROOTfiles/coin_replay_production_28034_-1.root,235419,235420,1,0,235420,1,0,0,OK
phase2,28035,PI+SIDIS,coin,/net/cdaq/cdaql3data/cdaq/hallc-online-rsidis2025/ROOTfiles/coin_replay_production_28035_-1.root,91278,91279,1,0,91279,1,0,0,OK
phase2,28036,PI+SIDIS,coin,/net/cdaq/cdaql3data/cdaq/hallc-online-rsidis2025/ROOTfiles/coin_replay_production_28036_-1.root,160713,160714,1,0,160714,1,0,0,OK
phase2,28037,HMSDIS,hms,/net/cdaq/cdaql3data/cdaq/hallc-online-rsidis2025/ROOTfiles/hms_coin_replay_production_28037_-1.root,2063449,2063450,1,0,,,,0,OK
phase2,28038,HMSDIS,hms,/net/cdaq/cdaql3data/cdaq/hallc-online-rsidis2025/ROOTfiles/hms_coin_replay_production_28038_-1.root,467710,467711,1,0,,,,0,OK
phase2,28039,PI+SIDIS,coin,/net/cdaq/cdaql3data/cdaq/hallc-online-rsidis2025/ROOTfiles/coin_replay_production_28039_-1.root,260739,260740,1,0,260740,1,0,0,OK
phase2,28040,HMSDIS,hms,/net/cdaq/cdaql3data/cdaq/hallc-online-rsidis2025/ROOTfiles/hms_coin_replay_production_28040_-1.root,1926289,1926290,1,0,,,,0,OK
phase2,28042,PI+SIDIS,coin,/net/cdaq/cdaql3data/cdaq/hallc-online-rsidis2025/ROOTfiles/coin_replay_production_28042_-1.root,82823,82824,1,0,82824,1,0,0,OK
phase2,28043,PI+SIDIS,coin,/net/cdaq/cdaql3data/cdaq/hallc-online-rsidis2025/ROOTfiles/coin_replay_production_28043_-1.root,189542,189543,1,0,189543,1,0,0,OK
phase2,28045,HMSDIS,hms,/net/cdaq/cdaql3data/cdaq/hallc-online-rsidis2025/ROOTfiles/hms_coin_replay_production_28045_-1.root,5773546,5773547,1,0,,,,0,OK
phase2,28048,PI+SIDIS,coin,/net/cdaq/cdaql3data/cdaq/hallc-online-rsidis2025/ROOTfiles/coin_replay_production_28048_-1.root,38284,38285,1,0,38285,1,0,0,OK
phase2,28049,HMSDIS,hms,/net/cdaq/cdaql3data/cdaq/hallc-online-rsidis2025/ROOTfiles/hms_coin_replay_production_28049_-1.root,1293531,1293532,1,0,,,,0,OK
phase2,28050,PI+SIDIS,coin,/net/cdaq/cdaql3data/cdaq/hallc-online-rsidis2025/ROOTfiles/coin_replay_production_28050_-1.root,134767,134768,1,0,134768,1,0,0,OK
phase2,28051,PI+SIDIS,coin,/net/cdaq/cdaql3data/cdaq/hallc-online-rsidis2025/ROOTfiles/coin_replay_production_28051_-1.root,326582,326583,1,0,326583,1,0,0,OK
phase2,28052,HMSDIS,hms,/net/cdaq/cdaql3data/cdaq/hallc-online-rsidis2025/ROOTfiles/hms_coin_replay_production_28052_-1.root,1802788,1802789,1,0,,,,0,OK
phase2,28053,PI-SIDIS,coin,/net/cdaq/cdaql3data/cdaq/hallc-online-rsidis2025/ROOTfiles/coin_replay_production_28053_-1.root,358299,358300,1,0,358300,1,0,0,OK
phase2,28054,PI-SIDIS,coin,/net/cdaq/cdaql3data/cdaq/hallc-online-rsidis2025/ROOTfiles/coin_replay_production_28054_-1.root,18801,18802,1,0,18802,1,0,0,OK
phase2,28055,PI-SIDIS,coin,/net/cdaq/cdaql3data/cdaq/hallc-online-rsidis2025/ROOTfiles/coin_replay_production_28055_-1.root,28859,28860,1,0,28860,1,0,0,OK
phase2,28056,PI-SIDIS,coin,/net/cdaq/cdaql3data/cdaq/hallc-online-rsidis2025/ROOTfiles/coin_replay_production_28056_-1.root,277228,277229,1,0,277229,1,0,0,OK
phase2,28057,PI-SIDIS,coin,/net/cdaq/cdaql3data/cdaq/hallc-online-rsidis2025/ROOTfiles/coin_replay_production_28057_-1.root,577486,577487,1,0,577487,1,0,0,OK
phase2,28058,PI-SIDIS,coin,/net/cdaq/cdaql3data/cdaq/hallc-online-rsidis2025/ROOTfiles/coin_replay_production_28058_-1.root,2111446,2111447,1,0,2111447,1,0,0,OK
phase2,28059,PI-SIDIS,coin,/net/cdaq/cdaql3data/cdaq/hallc-online-rsidis2025/ROOTfiles/coin_replay_production_28059_-1.root,86864,86865,1,0,86865,1,0,0,OK
phase2,28060,PI+SIDIS,coin,/net/cdaq/cdaql3data/cdaq/hallc-online-rsidis2025/ROOTfiles/coin_replay_production_28060_-1.root,78966,78967,1,0,78967,1,0,0,OK
phase2,28061,HMSDIS,hms,/net/cdaq/cdaql3data/cdaq/hallc-online-rsidis2025/ROOTfiles/hms_coin_replay_production_28061_-1.root,1264334,1264335,1,0,,,,0,OK
phase2,28062,PI+SIDIS,coin,/net/cdaq/cdaql3data/cdaq/hallc-online-rsidis2025/ROOTfiles/coin_replay_production_28062_-1.root,514713,514714,1,0,514714,1,0,0,OK
phase2,28063,HMSDIS,hms,/net/cdaq/cdaql3data/cdaq/hallc-online-rsidis2025/ROOTfiles/hms_coin_replay_production_28063_-1.root,1324870,1324871,1,0,,,,0,OK
phase2,28064,HMSDIS,hms,/net/cdaq/cdaql3data/cdaq/hallc-online-rsidis2025/ROOTfiles/hms_coin_replay_production_28064_-1.root,1582866,1582867,1,0,,,,0,OK
phase2,28065,PI+SIDIS,coin,/net/cdaq/cdaql3data/cdaq/hallc-online-rsidis2025/ROOTfiles/coin_replay_production_28065_-1.root,559427,559428,1,0,559428,1,0,0,OK
phase2,28066,PI+SIDIS,coin,/net/cdaq/cdaql3data/cdaq/hallc-online-rsidis2025/ROOTfiles/coin_replay_production_28066_-1.root,119121,119122,1,0,119122,1,0,0,OK
phase2,28067,PI+SIDIS,coin,/net/cdaq/cdaql3data/cdaq/hallc-online-rsidis2025/ROOTfiles/coin_replay_production_28067_-1.root,130575,130576,1,0,130576,1,0,0,OK
phase2,28068,HMSDIS,hms,/net/cdaq/cdaql3data/cdaq/hallc-online-rsidis2025/ROOTfiles/hms_coin_replay_production_28068_-1.root,5021735,5021736,1,0,,,,0,OK
phase2,28069,PI+SIDIS,coin,/net/cdaq/cdaql3data/cdaq/hallc-online-rsidis2025/ROOTfiles/coin_replay_production_28069_-1.root,1480679,1480680,1,0,1480680,1,0,0,OK
phase2,28073,HMSDIS,hms,/net/cdaq/cdaql3data/cdaq/hallc-online-rsidis2025/ROOTfiles/hms_coin_replay_production_28073_-1.root,2949604,2949605,1,0,,,,0,OK
phase2,28074,HMSDIS,hms,/net/cdaq/cdaql3data/cdaq/hallc-online-rsidis2025/ROOTfiles/hms_coin_replay_production_28074_-1.root,3055883,3055884,1,0,,,,0,OK
phase2,28076,PI+SIDIS,coin,/net/cdaq/cdaql3data/cdaq/hallc-online-rsidis2025/ROOTfiles/coin_replay_production_28076_-1.root,1170595,1170596,1,0,1170596,1,0,0,OK
phase2,28077,PI+SIDIS,coin,/net/cdaq/cdaql3data/cdaq/hallc-online-rsidis2025/ROOTfiles/coin_replay_production_28077_-1.root,411673,411674,1,0,411674,1,0,0,OK
phase2,28078,PI-SIDIS,coin,/net/cdaq/cdaql3data/cdaq/hallc-online-rsidis2025/ROOTfiles/coin_replay_production_28078_-1.root,682916,682917,1,0,682917,1,0,0,OK
phase2,28080,PI-SIDIS,coin,/net/cdaq/cdaql3data/cdaq/hallc-online-rsidis2025/ROOTfiles/coin_replay_production_28080_-1.root,1420436,1420437,1,0,1420437,1,0,0,OK
phase2,28081,PI-SIDIS,coin,/net/cdaq/cdaql3data/cdaq/hallc-online-rsidis2025/ROOTfiles/coin_replay_production_28081_-1.root,2190101,2190102,1,0,2190102,1,0,0,OK
phase2,28082,PI-SIDIS,coin,/net/cdaq/cdaql3data/cdaq/hallc-online-rsidis2025/ROOTfiles/coin_replay_production_28082_-1.root,205519,205520,1,0,205520,1,0,0,OK
phase2,28083,SHMSHEEP,coin,/net/cdaq/cdaql3data/cdaq/hallc-online-rsidis2025/ROOTfiles/coin_replay_production_28083_-1.root,800760,800761,1,0,800761,1,0,0,OK
phase2,28084,SHMSHEEP,coin,/net/cdaq/cdaql3data/cdaq/hallc-online-rsidis2025/ROOTfiles/coin_replay_production_28084_-1.root,958130,958131,1,0,958131,1,0,0,OK
phase2,28085,SHMSHEE,shms,/net/cdaq/cdaql3data/cdaq/hallc-online-rsidis2025/ROOTfiles/shms_coin_replay_production_28085_-1.root,2155650,,,,2155651,1,0,0,OK
phase2,28086,SHMSHEEP,coin,/net/cdaq/cdaql3data/cdaq/hallc-online-rsidis2025/ROOTfiles/coin_replay_production_28086_-1.root,53852,53853,1,0,53853,1,0,0,OK
phase2,28087,SHMSHEE,shms,/net/cdaq/cdaql3data/cdaq/hallc-online-rsidis2025/ROOTfiles/shms_coin_replay_production_28087_-1.root,287844,,,,287845,1,0,0,OK
phase2,28088,SHMSHEE,shms,/net/cdaq/cdaql3data/cdaq/hallc-online-rsidis2025/ROOTfiles/shms_coin_replay_production_28088_-1.root,460749,,,,460750,1,0,0,OK
phase2,28089,SHMSHEE,shms,/net/cdaq/cdaql3data/cdaq/hallc-online-rsidis2025/ROOTfiles/shms_coin_replay_production_28089_-1.root,2519579,,,,2519580,1,0,0,OK
phase2,28090,SHMSHEE,shms,/net/cdaq/cdaql3data/cdaq/hallc-online-rsidis2025/ROOTfiles/shms_coin_replay_production_28090_-1.root,,,,,,,,0,MISSING_FILE
phase2,28091,HMSHEEP,coin,/net/cdaq/cdaql3data/cdaq/hallc-online-rsidis2025/ROOTfiles/coin_replay_production_28091_-1.root,43811,43812,1,0,43812,1,0,0,OK
phase2,28092,HMSHEEP,coin,/net/cdaq/cdaql3data/cdaq/hallc-online-rsidis2025/ROOTfiles/coin_replay_production_28092_-1.root,45620,45621,1,0,45621,1,0,0,OK
phase2,28093,HMSHEEP,coin,/net/cdaq/cdaql3data/cdaq/hallc-online-rsidis2025/ROOTfiles/coin_replay_production_28093_-1.root,44116,44117,1,0,44117,1,0,0,OK
phase2,28094,HMSHEE,hms,/net/cdaq/cdaql3data/cdaq/hallc-online-rsidis2025/ROOTfiles/hms_coin_replay_production_28094_-1.root,321613,321614,1,0,,,,0,OK
phase2,28095,HMSHEEP,coin,/net/cdaq/cdaql3data/cdaq/hallc-online-rsidis2025/ROOTfiles/coin_replay_production_28095_-1.root,19222,19223,1,0,19223,1,0,0,OK
phase2,28098,HMSHEEP,coin,/net/cdaq/cdaql3data/cdaq/hallc-online-rsidis2025/ROOTfiles/coin_replay_production_28098_-1.root,43760,43761,1,0,43761,1,0,0,OK
phase2,28099,HMSHEEP,coin,/net/cdaq/cdaql3data/cdaq/hallc-online-rsidis2025/ROOTfiles/coin_replay_production_28099_-1.root,48367,48368,1,0,48368,1,0,0,OK
phase2,28100,HMSHEEP,coin,/net/cdaq/cdaql3data/cdaq/hallc-online-rsidis2025/ROOTfiles/coin_replay_production_28100_-1.root,26229,26230,1,0,26230,1,0,0,OK
phase2,28101,HMSHEEP,coin,/net/cdaq/cdaql3data/cdaq/hallc-online-rsidis2025/ROOTfiles/coin_replay_production_28101_-1.root,50097,50098,1,0,50098,1,0,0,OK
phase2,28102,HMSHEEP,coin,/net/cdaq/cdaql3data/cdaq/hallc-online-rsidis2025/ROOTfiles/coin_replay_production_28102_-1.root,47873,47874,1,0,47874,1,0,0,OK
phase2,28103,HMSHEEP,coin,/net/cdaq/cdaql3data/cdaq/hallc-online-rsidis2025/ROOTfiles/coin_replay_production_28103_-1.root,47142,47143,1,0,47143,1,0,0,OK
phase2,28104,HMSHEEP,coin,/net/cdaq/cdaql3data/cdaq/hallc-online-rsidis2025/ROOTfiles/coin_replay_production_28104_-1.root,46385,46386,1,0,46386,1,0,0,OK
phase2,28105,HMSHEEP,coin,/net/cdaq/cdaql3data/cdaq/hallc-online-rsidis2025/ROOTfiles/coin_replay_production_28105_-1.root,42779,42780,1,0,42780,1,0,0,OK
phase2,28106,HMSHEEP,coin,/net/cdaq/cdaql3data/cdaq/hallc-online-rsidis2025/ROOTfiles/coin_replay_production_28106_-1.root,3411,3412,1,0,3412,1,0,0,OK
phase2,28108,PI+SIDIS,coin,/net/cdaq/cdaql3data/cdaq/hallc-online-rsidis2025/ROOTfiles/coin_replay_production_28108_-1.root,384636,384637,1,0,384637,1,0,0,OK
phase2,28109,PI+SIDIS,coin,/net/cdaq/cdaql3data/cdaq/hallc-online-rsidis2025/ROOTfiles/coin_replay_production_28109_-1.root,38455,38456,1,0,38456,1,0,0,OK
phase2,28110,PI+SIDIS,coin,/net/cdaq/cdaql3data/cdaq/hallc-online-rsidis2025/ROOTfiles/coin_replay_production_28110_-1.root,2244679,2244680,1,0,2244680,1,0,0,OK
phase2,28111,PI+SIDIS,coin,/net/cdaq/cdaql3data/cdaq/hallc-online-rsidis2025/ROOTfiles/coin_replay_production_28111_-1.root,2165115,2165116,1,0,2165116,1,0,0,OK
phase2,28112,PI+SIDIS,coin,/net/cdaq/cdaql3data/cdaq/hallc-online-rsidis2025/ROOTfiles/coin_replay_production_28112_-1.root,2858311,2858312,1,0,2858312,1,0,0,OK
phase2,28113,HMSDIS,hms,/net/cdaq/cdaql3data/cdaq/hallc-online-rsidis2025/ROOTfiles/hms_coin_replay_production_28113_-1.root,2555091,2555092,1,0,,,,0,OK
phase2,28114,HMSDIS,hms,/net/cdaq/cdaql3data/cdaq/hallc-online-rsidis2025/ROOTfiles/hms_coin_replay_production_28114_-1.root,1801030,1801031,1,0,,,,0,OK
phase2,28117,PI+SIDIS,coin,/net/cdaq/cdaql3data/cdaq/hallc-online-rsidis2025/ROOTfiles/coin_replay_production_28117_-1.root,323622,323623,1,0,323623,1,0,0,OK
phase2,28118,HMSDIS,hms,/net/cdaq/cdaql3data/cdaq/hallc-online-rsidis2025/ROOTfiles/hms_coin_replay_production_28118_-1.root,1383859,1383860,1,0,,,,0,OK
phase2,28119,PI+SIDIS,coin,/net/cdaq/cdaql3data/cdaq/hallc-online-rsidis2025/ROOTfiles/coin_replay_production_28119_-1.root,3086195,3086196,1,0,3086196,1,0,0,OK
phase2,28120,PI+SIDIS,coin,/net/cdaq/cdaql3data/cdaq/hallc-online-rsidis2025/ROOTfiles/coin_replay_production_28120_-1.root,2844735,2844736,1,0,2844736,1,0,0,OK
phase2,28122,HMSDIS,hms,/net/cdaq/cdaql3data/cdaq/hallc-online-rsidis2025/ROOTfiles/hms_coin_replay_production_28122_-1.root,3077783,3077784,1,0,,,,0,OK
phase2,28123,PI+SIDIS,coin,/net/cdaq/cdaql3data/cdaq/hallc-online-rsidis2025/ROOTfiles/coin_replay_production_28123_-1.root,222129,222130,1,0,222130,1,0,0,OK
phase2,28124,PI+SIDIS,coin,/net/cdaq/cdaql3data/cdaq/hallc-online-rsidis2025/ROOTfiles/coin_replay_production_28124_-1.root,1232688,1232689,1,0,1232689,1,0,0,OK
phase2,28125,PI+SIDIS,coin,/net/cdaq/cdaql3data/cdaq/hallc-online-rsidis2025/ROOTfiles/coin_replay_production_28125_-1.root,1601016,1601017,1,0,1601017,1,0,0,OK
phase2,28126,PI+SIDIS,coin,/net/cdaq/cdaql3data/cdaq/hallc-online-rsidis2025/ROOTfiles/coin_replay_production_28126_-1.root,1553546,1553547,1,0,1553547,1,0,0,OK
phase2,28127,PI+SIDIS,coin,/net/cdaq/cdaql3data/cdaq/hallc-online-rsidis2025/ROOTfiles/coin_replay_production_28127_-1.root,479780,479781,1,0,479781,1,0,0,OK
phase2,28128,PI+SIDIS,coin,/net/cdaq/cdaql3data/cdaq/hallc-online-rsidis2025/ROOTfiles/coin_replay_production_28128_-1.root,328367,328368,1,0,328368,1,0,0,OK
phase2,28129,PI+SIDIS,coin,/net/cdaq/cdaql3data/cdaq/hallc-online-rsidis2025/ROOTfiles/coin_replay_production_28129_-1.root,1453130,1453131,1,0,1453131,1,0,0,OK
phase2,28130,PI+SIDIS,coin,/net/cdaq/cdaql3data/cdaq/hallc-online-rsidis2025/ROOTfiles/coin_replay_production_28130_-1.root,1666867,1666868,1,0,1666868,1,0,0,OK
phase2,28131,PI+SIDIS,coin,/net/cdaq/cdaql3data/cdaq/hallc-online-rsidis2025/ROOTfiles/coin_replay_production_28131_-1.root,1692899,1692900,1,0,1692900,1,0,0,OK
phase2,28132,PI+SIDIS,coin,/net/cdaq/cdaql3data/cdaq/hallc-online-rsidis2025/ROOTfiles/coin_replay_production_28132_-1.root,2065931,2065932,1,0,2065932,1,0,0,OK
phase2,28133,PI+SIDIS,coin,/net/cdaq/cdaql3data/cdaq/hallc-online-rsidis2025/ROOTfiles/coin_replay_production_28133_-1.root,1814166,1814167,1,0,1814167,1,0,0,OK
phase2,28134,PI+SIDIS,coin,/net/cdaq/cdaql3data/cdaq/hallc-online-rsidis2025/ROOTfiles/coin_replay_production_28134_-1.root,1692069,1692070,1,0,1692070,1,0,0,OK
phase2,28135,PI+SIDIS,coin,/net/cdaq/cdaql3data/cdaq/hallc-online-rsidis2025/ROOTfiles/coin_replay_production_28135_-1.root,1102963,1102964,1,0,1102964,1,0,0,OK
phase2,28136,PI-SIDIS,coin,/net/cdaq/cdaql3data/cdaq/hallc-online-rsidis2025/ROOTfiles/coin_replay_production_28136_-1.root,2306586,2306587,1,0,2306587,1,0,0,OK
phase2,28137,PI-SIDIS,coin,/net/cdaq/cdaql3data/cdaq/hallc-online-rsidis2025/ROOTfiles/coin_replay_production_28137_-1.root,2243710,2243711,1,0,2243711,1,0,0,OK
phase2,28138,PI-SIDIS,coin,/net/cdaq/cdaql3data/cdaq/hallc-online-rsidis2025/ROOTfiles/coin_replay_production_28138_-1.root,2212660,2212661,1,0,2212661,1,0,0,OK
phase2,28139,PI-SIDIS,coin,/net/cdaq/cdaql3data/cdaq/hallc-online-rsidis2025/ROOTfiles/coin_replay_production_28139_-1.root,1020734,1020735,1,0,1020735,1,0,0,OK
phase2,28140,PI-SIDIS,coin,/net/cdaq/cdaql3data/cdaq/hallc-online-rsidis2025/ROOTfiles/coin_replay_production_28140_-1.root,308578,308579,1,0,308579,1,0,0,OK
phase2,28141,PI-SIDIS,coin,/net/cdaq/cdaql3data/cdaq/hallc-online-rsidis2025/ROOTfiles/coin_replay_production_28141_-1.root,188565,188566,1,0,188566,1,0,0,OK
phase2,28142,PI-SIDIS,coin,/net/cdaq/cdaql3data/cdaq/hallc-online-rsidis2025/ROOTfiles/coin_replay_production_28142_-1.root,841036,841037,1,0,841037,1,0,0,OK
phase2,28143,PI-SIDIS,coin,/net/cdaq/cdaql3data/cdaq/hallc-online-rsidis2025/ROOTfiles/coin_replay_production_28143_-1.root,824249,824250,1,0,824250,1,0,0,OK
phase2,28144,PI-SIDIS,coin,/net/cdaq/cdaql3data/cdaq/hallc-online-rsidis2025/ROOTfiles/coin_replay_production_28144_-1.root,688737,688738,1,0,688738,1,0,0,OK
phase2,28145,PI-SIDIS,coin,/net/cdaq/cdaql3data/cdaq/hallc-online-rsidis2025/ROOTfiles/coin_replay_production_28145_-1.root,1221661,1221662,1,0,1221662,1,0,0,OK
phase2,28148,HMSDIS,hms,/net/cdaq/cdaql3data/cdaq/hallc-online-rsidis2025/ROOTfiles/hms_coin_replay_production_28148_-1.root,2347935,2347936,1,0,,,,0,OK
phase2,28149,PI-SIDIS,coin,/net/cdaq/cdaql3data/cdaq/hallc-online-rsidis2025/ROOTfiles/coin_replay_production_28149_-1.root,135115,135116,1,0,135116,1,0,0,OK
phase2,28150,HMSDIS,hms,/net/cdaq/cdaql3data/cdaq/hallc-online-rsidis2025/ROOTfiles/hms_coin_replay_production_28150_-1.root,2639630,2639631,1,0,,,,0,OK
phase2,28152,PI-SIDIS,coin,/net/cdaq/cdaql3data/cdaq/hallc-online-rsidis2025/ROOTfiles/coin_replay_production_28152_-1.root,152055,152056,1,0,152056,1,0,0,OK
phase2,28154,PI-SIDIS,coin,/net/cdaq/cdaql3data/cdaq/hallc-online-rsidis2025/ROOTfiles/coin_replay_production_28154_-1.root,1222620,1222621,1,0,1222621,1,0,0,OK
phase2,28155,PI+SIDIS,coin,/net/cdaq/cdaql3data/cdaq/hallc-online-rsidis2025/ROOTfiles/coin_replay_production_28155_-1.root,74165,74166,1,0,74166,1,0,0,OK
phase2,28156,PI+SIDIS,coin,/net/cdaq/cdaql3data/cdaq/hallc-online-rsidis2025/ROOTfiles/coin_replay_production_28156_-1.root,42730,42731,1,0,42731,1,0,0,OK
phase2,28157,PI+SIDIS,coin,/net/cdaq/cdaql3data/cdaq/hallc-online-rsidis2025/ROOTfiles/coin_replay_production_28157_-1.root,167400,167401,1,0,167401,1,0,0,OK
phase2,28158,PI+SIDIS,coin,/net/cdaq/cdaql3data/cdaq/hallc-online-rsidis2025/ROOTfiles/coin_replay_production_28158_-1.root,312592,312593,1,0,312593,1,0,0,OK
phase2,28159,PI+SIDIS,coin,/net/cdaq/cdaql3data/cdaq/hallc-online-rsidis2025/ROOTfiles/coin_replay_production_28159_-1.root,373476,373477,1,0,373477,1,0,0,OK
phase2,28160,PI+SIDIS,coin,/net/cdaq/cdaql3data/cdaq/hallc-online-rsidis2025/ROOTfiles/coin_replay_production_28160_-1.root,399994,399995,1,0,399995,1,0,0,OK
phase2,28161,PI+SIDIS,coin,/net/cdaq/cdaql3data/cdaq/hallc-online-rsidis2025/ROOTfiles/coin_replay_production_28161_-1.root,179135,179136,1,0,179136,1,0,0,OK
phase2,28162,PI+SIDIS,coin,/net/cdaq/cdaql3data/cdaq/hallc-online-rsidis2025/ROOTfiles/coin_replay_production_28162_-1.root,425516,425517,1,0,425517,1,0,0,OK
phase2,28163,HMSDIS,hms,/net/cdaq/cdaql3data/cdaq/hallc-online-rsidis2025/ROOTfiles/hms_coin_replay_production_28163_-1.root,1965904,1965905,1,0,,,,0,OK
phase2,28164,HMSDIS,hms,/net/cdaq/cdaql3data/cdaq/hallc-online-rsidis2025/ROOTfiles/hms_coin_replay_production_28164_-1.root,2422611,2422612,1,0,,,,0,OK
phase2,28165,PI+SIDIS,coin,/net/cdaq/cdaql3data/cdaq/hallc-online-rsidis2025/ROOTfiles/coin_replay_production_28165_-1.root,48550,48551,1,0,48551,1,0,0,OK
phase2,28166,PI+SIDIS,coin,/net/cdaq/cdaql3data/cdaq/hallc-online-rsidis2025/ROOTfiles/coin_replay_production_28166_-1.root,54227,54228,1,0,54228,1,0,0,OK
phase2,28167,PI+SIDIS,coin,/net/cdaq/cdaql3data/cdaq/hallc-online-rsidis2025/ROOTfiles/coin_replay_production_28167_-1.root,55824,55825,1,0,55825,1,0,0,OK
phase2,28168,PI+SIDIS,coin,/net/cdaq/cdaql3data/cdaq/hallc-online-rsidis2025/ROOTfiles/coin_replay_production_28168_-1.root,20468,20469,1,0,20469,1,0,0,OK
phase2,28169,PI+SIDIS,coin,/net/cdaq/cdaql3data/cdaq/hallc-online-rsidis2025/ROOTfiles/coin_replay_production_28169_-1.root,34639,34640,1,0,34640,1,0,0,OK
phase2,28170,HMSDIS,hms,/net/cdaq/cdaql3data/cdaq/hallc-online-rsidis2025/ROOTfiles/hms_coin_replay_production_28170_-1.root,2755169,2755170,1,0,,,,0,OK
phase2,28171,PI+SIDIS,coin,/net/cdaq/cdaql3data/cdaq/hallc-online-rsidis2025/ROOTfiles/coin_replay_production_28171_-1.root,21408,21409,1,0,21409,1,0,0,OK
phase2,28172,PI+SIDIS,coin,/net/cdaq/cdaql3data/cdaq/hallc-online-rsidis2025/ROOTfiles/coin_replay_production_28172_-1.root,59788,59789,1,0,59789,1,0,0,OK
phase2,28173,PI+SIDIS,coin,/net/cdaq/cdaql3data/cdaq/hallc-online-rsidis2025/ROOTfiles/coin_replay_production_28173_-1.root,65222,65223,1,0,65223,1,0,0,OK
phase2,28174,PI+SIDIS,coin,/net/cdaq/cdaql3data/cdaq/hallc-online-rsidis2025/ROOTfiles/coin_replay_production_28174_-1.root,69090,69091,1,0,69091,1,0,0,OK
phase2,28175,PI+SIDIS,coin,/net/cdaq/cdaql3data/cdaq/hallc-online-rsidis2025/ROOTfiles/coin_replay_production_28175_-1.root,30126,30127,1,0,30127,1,0,0,OK
phase2,28176,PI+SIDIS,coin,/net/cdaq/cdaql3data/cdaq/hallc-online-rsidis2025/ROOTfiles/coin_replay_production_28176_-1.root,451445,451446,1,0,451446,1,0,0,OK
phase2,28177,PI+SIDIS,coin,/net/cdaq/cdaql3data/cdaq/hallc-online-rsidis2025/ROOTfiles/coin_replay_production_28177_-1.root,504955,504956,1,0,504956,1,0,0,OK
phase2,28178,PI+SIDIS,coin,/net/cdaq/cdaql3data/cdaq/hallc-online-rsidis2025/ROOTfiles/coin_replay_production_28178_-1.root,505244,505245,1,0,505245,1,0,0,OK
phase2,28179,PI+SIDIS,coin,/net/cdaq/cdaql3data/cdaq/hallc-online-rsidis2025/ROOTfiles/coin_replay_production_28179_-1.root,517530,517531,1,0,517531,1,0,0,OK
phase2,28180,PI+SIDIS,coin,/net/cdaq/cdaql3data/cdaq/hallc-online-rsidis2025/ROOTfiles/coin_replay_production_28180_-1.root,868325,868326,1,0,868326,1,0,0,OK
phase2,28181,PI+SIDIS,coin,/net/cdaq/cdaql3data/cdaq/hallc-online-rsidis2025/ROOTfiles/coin_replay_production_28181_-1.root,811640,811641,1,0,811641,1,0,0,OK
phase2,28182,PI+SIDIS,coin,/net/cdaq/cdaql3data/cdaq/hallc-online-rsidis2025/ROOTfiles/coin_replay_production_28182_-1.root,637487,637488,1,0,637488,1,0,0,OK
phase2,28183,PI+SIDIS,coin,/net/cdaq/cdaql3data/cdaq/hallc-online-rsidis2025/ROOTfiles/coin_replay_production_28183_-1.root,857743,857744,1,0,857744,1,0,0,OK
phase2,28184,PI+SIDIS,coin,/net/cdaq/cdaql3data/cdaq/hallc-online-rsidis2025/ROOTfiles/coin_replay_production_28184_-1.root,65325,65326,1,0,65326,1,0,0,OK
phase2,28185,PI+SIDIS,coin,/net/cdaq/cdaql3data/cdaq/hallc-online-rsidis2025/ROOTfiles/coin_replay_production_28185_-1.root,74118,74119,1,0,74119,1,0,0,OK
phase2,28186,PI+SIDIS,coin,/net/cdaq/cdaql3data/cdaq/hallc-online-rsidis2025/ROOTfiles/coin_replay_production_28186_-1.root,70189,70190,1,0,70190,1,0,0,OK
phase2,28187,PI+SIDIS,coin,/net/cdaq/cdaql3data/cdaq/hallc-online-rsidis2025/ROOTfiles/coin_replay_production_28187_-1.root,933598,933599,1,0,933599,1,0,0,OK
phase2,28188,PI+SIDIS,coin,/net/cdaq/cdaql3data/cdaq/hallc-online-rsidis2025/ROOTfiles/coin_replay_production_28188_-1.root,1016255,1016256,1,0,1016256,1,0,0,OK
phase2,28189,PI+SIDIS,coin,/net/cdaq/cdaql3data/cdaq/hallc-online-rsidis2025/ROOTfiles/coin_replay_production_28189_-1.root,961074,961075,1,0,961075,1,0,0,OK
phase2,28190,PI+SIDIS,coin,/net/cdaq/cdaql3data/cdaq/hallc-online-rsidis2025/ROOTfiles/coin_replay_production_28190_-1.root,1015842,1015843,1,0,1015843,1,0,0,OK
phase2,28191,PI+SIDIS,coin,/net/cdaq/cdaql3data/cdaq/hallc-online-rsidis2025/ROOTfiles/coin_replay_production_28191_-1.root,143314,143315,1,0,143315,1,0,0,OK
phase2,28192,PI+SIDIS,coin,/net/cdaq/cdaql3data/cdaq/hallc-online-rsidis2025/ROOTfiles/coin_replay_production_28192_-1.root,99953,99954,1,0,99954,1,0,0,OK
phase2,28193,PI+SIDIS,coin,/net/cdaq/cdaql3data/cdaq/hallc-online-rsidis2025/ROOTfiles/coin_replay_production_28193_-1.root,781895,781896,1,0,781896,1,0,0,OK
phase2,28194,PI+SIDIS,coin,/net/cdaq/cdaql3data/cdaq/hallc-online-rsidis2025/ROOTfiles/coin_replay_production_28194_-1.root,813849,813850,1,0,813850,1,0,0,OK
phase2,28195,PI+SIDIS,coin,/net/cdaq/cdaql3data/cdaq/hallc-online-rsidis2025/ROOTfiles/coin_replay_production_28195_-1.root,928634,928635,1,0,928635,1,0,0,OK
phase2,28196,PI+SIDIS,coin,/net/cdaq/cdaql3data/cdaq/hallc-online-rsidis2025/ROOTfiles/coin_replay_production_28196_-1.root,651884,651885,1,0,651885,1,0,0,OK
phase2,28197,PI+SIDIS,coin,/net/cdaq/cdaql3data/cdaq/hallc-online-rsidis2025/ROOTfiles/coin_replay_production_28197_-1.root,651009,651010,1,0,651010,1,0,0,OK
phase2,28198,PI+SIDIS,coin,/net/cdaq/cdaql3data/cdaq/hallc-online-rsidis2025/ROOTfiles/coin_replay_production_28198_-1.root,699700,699701,1,0,699701,1,0,0,OK
phase2,28199,PI+SIDIS,coin,/net/cdaq/cdaql3data/cdaq/hallc-online-rsidis2025/ROOTfiles/coin_replay_production_28199_-1.root,869410,869411,1,0,869411,1,0,0,OK
phase2,28200,PI+SIDIS,coin,/net/cdaq/cdaql3data/cdaq/hallc-online-rsidis2025/ROOTfiles/coin_replay_production_28200_-1.root,951048,951049,1,0,951049,1,0,0,OK
phase2,28201,PI+SIDIS,coin,/net/cdaq/cdaql3data/cdaq/hallc-online-rsidis2025/ROOTfiles/coin_replay_production_28201_-1.root,947404,947405,1,0,947405,1,0,0,OK
phase2,28202,PI+SIDIS,coin,/net/cdaq/cdaql3data/cdaq/hallc-online-rsidis2025/ROOTfiles/coin_replay_production_28202_-1.root,907670,907671,1,0,907671,1,0,0,OK
phase2,28203,PI+SIDIS,coin,/net/cdaq/cdaql3data/cdaq/hallc-online-rsidis2025/ROOTfiles/coin_replay_production_28203_-1.root,863891,863892,1,0,863892,1,0,0,OK
phase2,28204,PI+SIDIS,coin,/net/cdaq/cdaql3data/cdaq/hallc-online-rsidis2025/ROOTfiles/coin_replay_production_28204_-1.root,577447,577448,1,0,577448,1,0,0,OK
phase2,28205,PI+SIDIS,coin,/net/cdaq/cdaql3data/cdaq/hallc-online-rsidis2025/ROOTfiles/coin_replay_production_28205_-1.root,1214373,1214374,1,0,1214374,1,0,0,OK
phase2,28206,PI+SIDIS,coin,/net/cdaq/cdaql3data/cdaq/hallc-online-rsidis2025/ROOTfiles/coin_replay_production_28206_-1.root,148347,148348,1,0,148348,1,0,0,OK
phase2,28207,PI+SIDIS,coin,/net/cdaq/cdaql3data/cdaq/hallc-online-rsidis2025/ROOTfiles/coin_replay_production_28207_-1.root,864725,864726,1,0,864726,1,0,0,OK
phase2,28208,PI+SIDIS,coin,/net/cdaq/cdaql3data/cdaq/hallc-online-rsidis2025/ROOTfiles/coin_replay_production_28208_-1.root,585420,585421,1,0,585421,1,0,0,OK
phase2,28209,PI+SIDIS,coin,/net/cdaq/cdaql3data/cdaq/hallc-online-rsidis2025/ROOTfiles/coin_replay_production_28209_-1.root,859692,859693,1,0,859693,1,0,0,OK
phase2,28210,PI+SIDIS,coin,/net/cdaq/cdaql3data/cdaq/hallc-online-rsidis2025/ROOTfiles/coin_replay_production_28210_-1.root,898614,898615,1,0,898615,1,0,0,OK
phase2,28211,PI+SIDIS,coin,/net/cdaq/cdaql3data/cdaq/hallc-online-rsidis2025/ROOTfiles/coin_replay_production_28211_-1.root,426624,426625,1,0,426625,1,0,0,OK
phase2,28212,PI+SIDIS,coin,/net/cdaq/cdaql3data/cdaq/hallc-online-rsidis2025/ROOTfiles/coin_replay_production_28212_-1.root,356016,356017,1,0,356017,1,0,0,OK
phase2,28213,PI+SIDIS,coin,/net/cdaq/cdaql3data/cdaq/hallc-online-rsidis2025/ROOTfiles/coin_replay_production_28213_-1.root,175176,175177,1,0,175177,1,0,0,OK
phase2,28214,PI+SIDIS,coin,/net/cdaq/cdaql3data/cdaq/hallc-online-rsidis2025/ROOTfiles/coin_replay_production_28214_-1.root,94940,94941,1,0,94941,1,0,0,OK
phase2,28215,PI+SIDIS,coin,/net/cdaq/cdaql3data/cdaq/hallc-online-rsidis2025/ROOTfiles/coin_replay_production_28215_-1.root,601969,601970,1,0,601970,1,0,0,OK
phase2,28216,PI+SIDIS,coin,/net/cdaq/cdaql3data/cdaq/hallc-online-rsidis2025/ROOTfiles/coin_replay_production_28216_-1.root,467782,467783,1,0,467783,1,0,0,OK
phase2,28217,PI+SIDIS,coin,/net/cdaq/cdaql3data/cdaq/hallc-online-rsidis2025/ROOTfiles/coin_replay_production_28217_-1.root,322437,322438,1,0,322438,1,0,0,OK
phase2,28218,PI+SIDIS,coin,/net/cdaq/cdaql3data/cdaq/hallc-online-rsidis2025/ROOTfiles/coin_replay_production_28218_-1.root,184340,184341,1,0,184341,1,0,0,OK
phase2,28219,PI+SIDIS,coin,/net/cdaq/cdaql3data/cdaq/hallc-online-rsidis2025/ROOTfiles/coin_replay_production_28219_-1.root,84178,84179,1,0,84179,1,0,0,OK
phase2,28220,PI+SIDIS,coin,/net/cdaq/cdaql3data/cdaq/hallc-online-rsidis2025/ROOTfiles/coin_replay_production_28220_-1.root,988539,988540,1,0,988540,1,0,0,OK
phase2,28221,PI+SIDIS,coin,/net/cdaq/cdaql3data/cdaq/hallc-online-rsidis2025/ROOTfiles/coin_replay_production_28221_-1.root,1160173,1160174,1,0,1160174,1,0,0,OK
phase2,28222,PI+SIDIS,coin,/net/cdaq/cdaql3data/cdaq/hallc-online-rsidis2025/ROOTfiles/coin_replay_production_28222_-1.root,1143357,1143358,1,0,1143358,1,0,0,OK
phase2,28223,PI+SIDIS,coin,/net/cdaq/cdaql3data/cdaq/hallc-online-rsidis2025/ROOTfiles/coin_replay_production_28223_-1.root,1542097,1542098,1,0,1542098,1,0,0,OK
phase2,28224,HMSDIS,hms,/net/cdaq/cdaql3data/cdaq/hallc-online-rsidis2025/ROOTfiles/hms_coin_replay_production_28224_-1.root,1671747,1671748,1,0,,,,0,OK
phase2,28225,HMSDIS,hms,/net/cdaq/cdaql3data/cdaq/hallc-online-rsidis2025/ROOTfiles/hms_coin_replay_production_28225_-1.root,1346857,1346858,1,0,,,,0,OK
phase2,28226,PI+SIDIS,coin,/net/cdaq/cdaql3data/cdaq/hallc-online-rsidis2025/ROOTfiles/coin_replay_production_28226_-1.root,109031,109032,1,0,109032,1,0,0,OK
phase2,28227,PI+SIDIS,coin,/net/cdaq/cdaql3data/cdaq/hallc-online-rsidis2025/ROOTfiles/coin_replay_production_28227_-1.root,92625,92626,1,0,92626,1,0,0,OK
phase2,28228,PI+SIDIS,coin,/net/cdaq/cdaql3data/cdaq/hallc-online-rsidis2025/ROOTfiles/coin_replay_production_28228_-1.root,105416,105417,1,0,105417,1,0,0,OK
phase2,28229,HMSDIS,hms,/net/cdaq/cdaql3data/cdaq/hallc-online-rsidis2025/ROOTfiles/hms_coin_replay_production_28229_-1.root,504493,504494,1,0,,,,0,OK
phase2,28230,PI+SIDIS,coin,/net/cdaq/cdaql3data/cdaq/hallc-online-rsidis2025/ROOTfiles/coin_replay_production_28230_-1.root,820532,820533,1,0,820533,1,0,0,OK
phase2,28231,PI+SIDIS,coin,/net/cdaq/cdaql3data/cdaq/hallc-online-rsidis2025/ROOTfiles/coin_replay_production_28231_-1.root,705822,705823,1,0,705823,1,0,0,OK
phase2,28232,HMSDIS,hms,/net/cdaq/cdaql3data/cdaq/hallc-online-rsidis2025/ROOTfiles/hms_coin_replay_production_28232_-1.root,1638483,1638484,1,0,,,,0,OK
phase2,28233,PI+SIDIS,coin,/net/cdaq/cdaql3data/cdaq/hallc-online-rsidis2025/ROOTfiles/coin_replay_production_28233_-1.root,1020040,1020041,1,0,1020041,1,0,0,OK
phase2,28234,PI+SIDIS,coin,/net/cdaq/cdaql3data/cdaq/hallc-online-rsidis2025/ROOTfiles/coin_replay_production_28234_-1.root,1039188,1039189,1,0,1039189,1,0,0,OK
phase2,28235,PI+SIDIS,coin,/net/cdaq/cdaql3data/cdaq/hallc-online-rsidis2025/ROOTfiles/coin_replay_production_28235_-1.root,854085,854086,1,0,854086,1,0,0,OK
phase2,28236,HMSDIS,hms,/net/cdaq/cdaql3data/cdaq/hallc-online-rsidis2025/ROOTfiles/hms_coin_replay_production_28236_-1.root,1725998,1725999,1,0,,,,0,OK
phase2,28237,PI+SIDIS,coin,/net/cdaq/cdaql3data/cdaq/hallc-online-rsidis2025/ROOTfiles/coin_replay_production_28237_-1.root,407935,407936,1,0,407936,1,0,0,OK
phase2,28239,HMSDIS,hms,/net/cdaq/cdaql3data/cdaq/hallc-online-rsidis2025/ROOTfiles/hms_coin_replay_production_28239_-1.root,732903,732904,1,0,,,,0,OK
phase2,28240,PI+SIDIS,coin,/net/cdaq/cdaql3data/cdaq/hallc-online-rsidis2025/ROOTfiles/coin_replay_production_28240_-1.root,1416455,1416456,1,0,1416456,1,0,0,OK
phase2,28241,PI+SIDIS,coin,/net/cdaq/cdaql3data/cdaq/hallc-online-rsidis2025/ROOTfiles/coin_replay_production_28241_-1.root,1247945,1247946,1,0,1247946,1,0,0,OK
phase2,28242,PI+SIDIS,coin,/net/cdaq/cdaql3data/cdaq/hallc-online-rsidis2025/ROOTfiles/coin_replay_production_28242_-1.root,1546633,1546634,1,0,1546634,1,0,0,OK
phase2,28243,PI+SIDIS,coin,/net/cdaq/cdaql3data/cdaq/hallc-online-rsidis2025/ROOTfiles/coin_replay_production_28243_-1.root,1494883,1494884,1,0,1494884,1,0,0,OK
phase2,28244,HMSDIS,hms,/net/cdaq/cdaql3data/cdaq/hallc-online-rsidis2025/ROOTfiles/hms_coin_replay_production_28244_-1.root,2901377,2901378,1,0,,,,0,OK
phase2,28245,PI+SIDIS,coin,/net/cdaq/cdaql3data/cdaq/hallc-online-rsidis2025/ROOTfiles/coin_replay_production_28245_-1.root,923518,923519,1,0,923519,1,0,0,OK
phase2,28246,PI+SIDIS,coin,/net/cdaq/cdaql3data/cdaq/hallc-online-rsidis2025/ROOTfiles/coin_replay_production_28246_-1.root,2273493,2273494,1,0,2273494,1,0,0,OK
phase2,28247,HMSDIS,hms,/net/cdaq/cdaql3data/cdaq/hallc-online-rsidis2025/ROOTfiles/hms_coin_replay_production_28247_-1.root,2833159,2833160,1,0,,,,0,OK
phase2,28248,PI+SIDIS,coin,/net/cdaq/cdaql3data/cdaq/hallc-online-rsidis2025/ROOTfiles/coin_replay_production_28248_-1.root,81158,81159,1,0,81159,1,0,0,OK
phase2,28249,PI+SIDIS,coin,/net/cdaq/cdaql3data/cdaq/hallc-online-rsidis2025/ROOTfiles/coin_replay_production_28249_-1.root,82437,82438,1,0,82438,1,0,0,OK
phase2,28250,PI+SIDIS,coin,/net/cdaq/cdaql3data/cdaq/hallc-online-rsidis2025/ROOTfiles/coin_replay_production_28250_-1.root,87664,87665,1,0,87665,1,0,0,OK
phase2,28251,HMSDIS,hms,/net/cdaq/cdaql3data/cdaq/hallc-online-rsidis2025/ROOTfiles/hms_coin_replay_production_28251_-1.root,2728904,2728905,1,0,,,,0,OK
phase2,28252,PI+SIDIS,coin,/net/cdaq/cdaql3data/cdaq/hallc-online-rsidis2025/ROOTfiles/coin_replay_production_28252_-1.root,526166,526167,1,0,526167,1,0,0,OK
phase2,28253,PI+SIDIS,coin,/net/cdaq/cdaql3data/cdaq/hallc-online-rsidis2025/ROOTfiles/coin_replay_production_28253_-1.root,562230,562231,1,0,562231,1,0,0,OK
phase2,28254,HMSDIS,hms,/net/cdaq/cdaql3data/cdaq/hallc-online-rsidis2025/ROOTfiles/hms_coin_replay_production_28254_-1.root,913273,913274,1,0,,,,0,OK
phase2,28255,HMSDIS,hms,/net/cdaq/cdaql3data/cdaq/hallc-online-rsidis2025/ROOTfiles/hms_coin_replay_production_28255_-1.root,2658948,2658949,1,0,,,,0,OK
phase2,28256,PI+SIDIS,coin,/net/cdaq/cdaql3data/cdaq/hallc-online-rsidis2025/ROOTfiles/coin_replay_production_28256_-1.root,716665,716666,1,0,716666,1,0,0,OK
phase2,28257,PI+SIDIS,coin,/net/cdaq/cdaql3data/cdaq/hallc-online-rsidis2025/ROOTfiles/coin_replay_production_28257_-1.root,657486,657487,1,0,657487,1,0,0,OK
phase2,28258,PI+SIDIS,coin,/net/cdaq/cdaql3data/cdaq/hallc-online-rsidis2025/ROOTfiles/coin_replay_production_28258_-1.root,614004,614005,1,0,614005,1,0,0,OK
phase2,28259,HMSDIS,hms,/net/cdaq/cdaql3data/cdaq/hallc-online-rsidis2025/ROOTfiles/hms_coin_replay_production_28259_-1.root,3098424,3098425,1,0,,,,0,OK
phase2,28260,PI+SIDIS,coin,/net/cdaq/cdaql3data/cdaq/hallc-online-rsidis2025/ROOTfiles/coin_replay_production_28260_-1.root,541391,541392,1,0,541392,1,0,0,OK
phase2,28261,PI+SIDIS,coin,/net/cdaq/cdaql3data/cdaq/hallc-online-rsidis2025/ROOTfiles/coin_replay_production_28261_-1.root,517546,517547,1,0,517547,1,0,0,OK
phase2,28262,PI+SIDIS,coin,/net/cdaq/cdaql3data/cdaq/hallc-online-rsidis2025/ROOTfiles/coin_replay_production_28262_-1.root,597969,597970,1,0,597970,1,0,0,OK
phase2,28263,PI+SIDIS,coin,/net/cdaq/cdaql3data/cdaq/hallc-online-rsidis2025/ROOTfiles/coin_replay_production_28263_-1.root,651640,651641,1,0,651641,1,0,0,OK
phase2,28264,PI+SIDIS,coin,/net/cdaq/cdaql3data/cdaq/hallc-online-rsidis2025/ROOTfiles/coin_replay_production_28264_-1.root,791228,791229,1,0,791229,1,0,0,OK
phase2,28265,HMSDIS,hms,/net/cdaq/cdaql3data/cdaq/hallc-online-rsidis2025/ROOTfiles/hms_coin_replay_production_28265_-1.root,4518601,4518602,1,0,,,,0,OK
phase2,28266,HMSDIS,hms,/net/cdaq/cdaql3data/cdaq/hallc-online-rsidis2025/ROOTfiles/hms_coin_replay_production_28266_-1.root,2610723,2610724,1,0,,,,0,OK
phase2,28267,PI+SIDIS,coin,/net/cdaq/cdaql3data/cdaq/hallc-online-rsidis2025/ROOTfiles/coin_replay_production_28267_-1.root,2177541,2177542,1,0,2177542,1,0,0,OK
phase2,28268,PI-SIDIS,coin,/net/cdaq/cdaql3data/cdaq/hallc-online-rsidis2025/ROOTfiles/coin_replay_production_28268_-1.root,83565,83566,1,0,83566,1,0,0,OK
phase2,28269,PI-SIDIS,coin,/net/cdaq/cdaql3data/cdaq/hallc-online-rsidis2025/ROOTfiles/coin_replay_production_28269_-1.root,16047,16048,1,0,16048,1,0,0,OK
phase2,28270,PI-SIDIS,coin,/net/cdaq/cdaql3data/cdaq/hallc-online-rsidis2025/ROOTfiles/coin_replay_production_28270_-1.root,193594,193595,1,0,193595,1,0,0,OK
phase2,28276,HMSDIS,hms,/net/cdaq/cdaql3data/cdaq/hallc-online-rsidis2025/ROOTfiles/hms_coin_replay_production_28276_-1.root,1710596,1710597,1,0,,,,0,OK
phase2,28277,HMSDIS,hms,/net/cdaq/cdaql3data/cdaq/hallc-online-rsidis2025/ROOTfiles/hms_coin_replay_production_28277_-1.root,394653,394654,1,0,,,,0,OK
phase2,28278,HMSDIS,hms,/net/cdaq/cdaql3data/cdaq/hallc-online-rsidis2025/ROOTfiles/hms_coin_replay_production_28278_-1.root,1199998,1199999,1,0,,,,0,OK
phase2,28280,PI-SIDIS,coin,/net/cdaq/cdaql3data/cdaq/hallc-online-rsidis2025/ROOTfiles/coin_replay_production_28280_-1.root,20350,20351,1,0,20351,1,0,0,OK
phase2,28281,PI-SIDIS,coin,/net/cdaq/cdaql3data/cdaq/hallc-online-rsidis2025/ROOTfiles/coin_replay_production_28281_-1.root,30737,30738,1,0,30738,1,0,0,OK
phase2,28282,PI-SIDIS,coin,/net/cdaq/cdaql3data/cdaq/hallc-online-rsidis2025/ROOTfiles/coin_replay_production_28282_-1.root,33202,33203,1,0,33203,1,0,0,OK
phase2,28283,PI-SIDIS,coin,/net/cdaq/cdaql3data/cdaq/hallc-online-rsidis2025/ROOTfiles/coin_replay_production_28283_-1.root,16359,16360,1,0,16360,1,0,0,OK
phase2,28284,HMSDIS,hms,/net/cdaq/cdaql3data/cdaq/hallc-online-rsidis2025/ROOTfiles/hms_coin_replay_production_28284_-1.root,862617,862618,1,0,,,,0,OK
phase2,28285,PI-SIDIS,coin,/net/cdaq/cdaql3data/cdaq/hallc-online-rsidis2025/ROOTfiles/coin_replay_production_28285_-1.root,31933,31934,1,0,31934,1,0,0,OK
phase2,28286,PI-SIDIS,coin,/net/cdaq/cdaql3data/cdaq/hallc-online-rsidis2025/ROOTfiles/coin_replay_production_28286_-1.root,23835,23836,1,0,23836,1,0,0,OK
phase2,28287,PI-SIDIS,coin,/net/cdaq/cdaql3data/cdaq/hallc-online-rsidis2025/ROOTfiles/coin_replay_production_28287_-1.root,123564,123565,1,0,123565,1,0,0,OK
phase2,28288,PI-SIDIS,coin,/net/cdaq/cdaql3data/cdaq/hallc-online-rsidis2025/ROOTfiles/coin_replay_production_28288_-1.root,109496,109497,1,0,109497,1,0,0,OK
phase2,28289,PI-SIDIS,coin,/net/cdaq/cdaql3data/cdaq/hallc-online-rsidis2025/ROOTfiles/coin_replay_production_28289_-1.root,146258,146259,1,0,146259,1,0,0,OK
phase2,28290,PI-SIDIS,coin,/net/cdaq/cdaql3data/cdaq/hallc-online-rsidis2025/ROOTfiles/coin_replay_production_28290_-1.root,70564,70565,1,0,70565,1,0,0,OK
phase2,28291,PI-SIDIS,coin,/net/cdaq/cdaql3data/cdaq/hallc-online-rsidis2025/ROOTfiles/coin_replay_production_28291_-1.root,153688,153689,1,0,153689,1,0,0,OK
phase2,28292,PI-SIDIS,coin,/net/cdaq/cdaql3data/cdaq/hallc-online-rsidis2025/ROOTfiles/coin_replay_production_28292_-1.root,132308,132309,1,0,132309,1,0,0,OK
phase2,28293,PI-SIDIS,coin,/net/cdaq/cdaql3data/cdaq/hallc-online-rsidis2025/ROOTfiles/coin_replay_production_28293_-1.root,127214,127215,1,0,127215,1,0,0,OK
phase2,28294,PI-SIDIS,coin,/net/cdaq/cdaql3data/cdaq/hallc-online-rsidis2025/ROOTfiles/coin_replay_production_28294_-1.root,62966,62967,1,0,62967,1,0,0,OK
phase2,28295,PI-SIDIS,coin,/net/cdaq/cdaql3data/cdaq/hallc-online-rsidis2025/ROOTfiles/coin_replay_production_28295_-1.root,219345,219346,1,0,219346,1,0,0,OK
phase2,28296,PI-SIDIS,coin,/net/cdaq/cdaql3data/cdaq/hallc-online-rsidis2025/ROOTfiles/coin_replay_production_28296_-1.root,94861,94862,1,0,94862,1,0,0,OK
phase2,28298,PI-SIDIS,coin,/net/cdaq/cdaql3data/cdaq/hallc-online-rsidis2025/ROOTfiles/coin_replay_production_28298_-1.root,216222,216223,1,0,216223,1,0,0,OK
phase2,28299,PI-SIDIS,coin,/net/cdaq/cdaql3data/cdaq/hallc-online-rsidis2025/ROOTfiles/coin_replay_production_28299_-1.root,216864,216865,1,0,216865,1,0,0,OK
phase2,28300,PI-SIDIS,coin,/net/cdaq/cdaql3data/cdaq/hallc-online-rsidis2025/ROOTfiles/coin_replay_production_28300_-1.root,38524,38525,1,0,38525,1,0,0,OK
phase2,28301,PI-SIDIS,coin,/net/cdaq/cdaql3data/cdaq/hallc-online-rsidis2025/ROOTfiles/coin_replay_production_28301_-1.root,39750,39751,1,0,39751,1,0,0,OK
phase2,28302,PI-SIDIS,coin,/net/cdaq/cdaql3data/cdaq/hallc-online-rsidis2025/ROOTfiles/coin_replay_production_28302_-1.root,40180,40181,1,0,40181,1,0,0,OK
phase2,28303,PI-SIDIS,coin,/net/cdaq/cdaql3data/cdaq/hallc-online-rsidis2025/ROOTfiles/coin_replay_production_28303_-1.root,49314,49315,1,0,49315,1,0,0,OK
phase2,28304,PI-SIDIS,coin,/net/cdaq/cdaql3data/cdaq/hallc-online-rsidis2025/ROOTfiles/coin_replay_production_28304_-1.root,200959,200960,1,0,200960,1,0,0,OK
phase2,28305,PI-SIDIS,coin,/net/cdaq/cdaql3data/cdaq/hallc-online-rsidis2025/ROOTfiles/coin_replay_production_28305_-1.root,216525,216526,1,0,216526,1,0,0,OK
phase2,28306,PI-SIDIS,coin,/net/cdaq/cdaql3data/cdaq/hallc-online-rsidis2025/ROOTfiles/coin_replay_production_28306_-1.root,343151,343152,1,0,343152,1,0,0,OK
phase2,28307,PI-SIDIS,coin,/net/cdaq/cdaql3data/cdaq/hallc-online-rsidis2025/ROOTfiles/coin_replay_production_28307_-1.root,241613,241614,1,0,241614,1,0,0,OK
phase2,28308,PI-SIDIS,coin,/net/cdaq/cdaql3data/cdaq/hallc-online-rsidis2025/ROOTfiles/coin_replay_production_28308_-1.root,351059,351060,1,0,351060,1,0,0,OK
phase2,28309,PI-SIDIS,coin,/net/cdaq/cdaql3data/cdaq/hallc-online-rsidis2025/ROOTfiles/coin_replay_production_28309_-1.root,296983,296984,1,0,296984,1,0,0,OK
phase2,28310,PI-SIDIS,coin,/net/cdaq/cdaql3data/cdaq/hallc-online-rsidis2025/ROOTfiles/coin_replay_production_28310_-1.root,50111,50112,1,0,50112,1,0,0,OK
phase2,28311,PI-SIDIS,coin,/net/cdaq/cdaql3data/cdaq/hallc-online-rsidis2025/ROOTfiles/coin_replay_production_28311_-1.root,50706,50707,1,0,50707,1,0,0,OK
phase2,28312,PI-SIDIS,coin,/net/cdaq/cdaql3data/cdaq/hallc-online-rsidis2025/ROOTfiles/coin_replay_production_28312_-1.root,48369,48370,1,0,48370,1,0,0,OK
phase2,28313,PI-SIDIS,coin,/net/cdaq/cdaql3data/cdaq/hallc-online-rsidis2025/ROOTfiles/coin_replay_production_28313_-1.root,61547,61548,1,0,61548,1,0,0,OK
phase2,28314,PI-SIDIS,coin,/net/cdaq/cdaql3data/cdaq/hallc-online-rsidis2025/ROOTfiles/coin_replay_production_28314_-1.root,85045,85046,1,0,85046,1,0,0,OK
phase2,28315,PI-SIDIS,coin,/net/cdaq/cdaql3data/cdaq/hallc-online-rsidis2025/ROOTfiles/coin_replay_production_28315_-1.root,282140,282141,1,0,282141,1,0,0,OK
phase2,28317,PI-SIDIS,coin,/net/cdaq/cdaql3data/cdaq/hallc-online-rsidis2025/ROOTfiles/coin_replay_production_28317_-1.root,300699,300700,1,0,300700,1,0,0,OK
phase2,28318,PI-SIDIS,coin,/net/cdaq/cdaql3data/cdaq/hallc-online-rsidis2025/ROOTfiles/coin_replay_production_28318_-1.root,356675,356676,1,0,356676,1,0,0,OK
phase2,28319,PI-SIDIS,coin,/net/cdaq/cdaql3data/cdaq/hallc-online-rsidis2025/ROOTfiles/coin_replay_production_28319_-1.root,632213,632214,1,0,632214,1,0,0,OK
phase2,28321,PI-SIDIS,coin,/net/cdaq/cdaql3data/cdaq/hallc-online-rsidis2025/ROOTfiles/coin_replay_production_28321_-1.root,493060,493061,1,0,493061,1,0,0,OK
phase2,28322,PI-SIDIS,coin,/net/cdaq/cdaql3data/cdaq/hallc-online-rsidis2025/ROOTfiles/coin_replay_production_28322_-1.root,706912,706913,1,0,706913,1,0,0,OK
phase2,28323,PI-SIDIS,coin,/net/cdaq/cdaql3data/cdaq/hallc-online-rsidis2025/ROOTfiles/coin_replay_production_28323_-1.root,676901,676902,1,0,676902,1,0,0,OK
phase2,28324,PI-SIDIS,coin,/net/cdaq/cdaql3data/cdaq/hallc-online-rsidis2025/ROOTfiles/coin_replay_production_28324_-1.root,73391,73392,1,0,73392,1,0,0,OK
phase2,28325,PI-SIDIS,coin,/net/cdaq/cdaql3data/cdaq/hallc-online-rsidis2025/ROOTfiles/coin_replay_production_28325_-1.root,80242,80243,1,0,80243,1,0,0,OK
phase2,28326,PI-SIDIS,coin,/net/cdaq/cdaql3data/cdaq/hallc-online-rsidis2025/ROOTfiles/coin_replay_production_28326_-1.root,76060,76061,1,0,76061,1,0,0,OK
phase2,28327,PI-SIDIS,coin,/net/cdaq/cdaql3data/cdaq/hallc-online-rsidis2025/ROOTfiles/coin_replay_production_28327_-1.root,81531,81532,1,0,81532,1,0,0,OK
phase2,28328,PI-SIDIS,coin,/net/cdaq/cdaql3data/cdaq/hallc-online-rsidis2025/ROOTfiles/coin_replay_production_28328_-1.root,1545383,1545384,1,0,1545384,1,0,0,OK
phase2,28330,PI-SIDIS,coin,/net/cdaq/cdaql3data/cdaq/hallc-online-rsidis2025/ROOTfiles/coin_replay_production_28330_-1.root,233612,233613,1,0,233613,1,0,0,OK
phase2,28331,PI-SIDIS,coin,/net/cdaq/cdaql3data/cdaq/hallc-online-rsidis2025/ROOTfiles/coin_replay_production_28331_-1.root,1469118,1469119,1,0,1469119,1,0,0,OK
phase2,28332,PI-SIDIS,coin,/net/cdaq/cdaql3data/cdaq/hallc-online-rsidis2025/ROOTfiles/coin_replay_production_28332_-1.root,1384691,1384692,1,0,1384692,1,0,0,OK
phase2,28333,PI-SIDIS,coin,/net/cdaq/cdaql3data/cdaq/hallc-online-rsidis2025/ROOTfiles/coin_replay_production_28333_-1.root,819754,819755,1,0,819755,1,0,0,OK
phase2,28334,PI-SIDIS,coin,/net/cdaq/cdaql3data/cdaq/hallc-online-rsidis2025/ROOTfiles/coin_replay_production_28334_-1.root,709559,709560,1,0,709560,1,0,0,OK
phase2,28335,PI-SIDIS,coin,/net/cdaq/cdaql3data/cdaq/hallc-online-rsidis2025/ROOTfiles/coin_replay_production_28335_-1.root,745719,745720,1,0,745720,1,0,0,OK
phase2,28336,PI-SIDIS,coin,/net/cdaq/cdaql3data/cdaq/hallc-online-rsidis2025/ROOTfiles/coin_replay_production_28336_-1.root,609392,609393,1,0,609393,1,0,0,OK
phase2,28337,PI-SIDIS,coin,/net/cdaq/cdaql3data/cdaq/hallc-online-rsidis2025/ROOTfiles/coin_replay_production_28337_-1.root,417244,417245,1,0,417245,1,0,0,OK
phase2,28338,PI-SIDIS,coin,/net/cdaq/cdaql3data/cdaq/hallc-online-rsidis2025/ROOTfiles/coin_replay_production_28338_-1.root,437646,437647,1,0,437647,1,0,0,OK
phase2,28339,PI-SIDIS,coin,/net/cdaq/cdaql3data/cdaq/hallc-online-rsidis2025/ROOTfiles/coin_replay_production_28339_-1.root,419123,419124,1,0,419124,1,0,0,OK
phase2,28340,PI-SIDIS,coin,/net/cdaq/cdaql3data/cdaq/hallc-online-rsidis2025/ROOTfiles/coin_replay_production_28340_-1.root,471483,471484,1,0,471484,1,0,0,OK
phase2,28341,PI-SIDIS,coin,/net/cdaq/cdaql3data/cdaq/hallc-online-rsidis2025/ROOTfiles/coin_replay_production_28341_-1.root,598472,598473,1,0,598473,1,0,0,OK
phase2,28343,HMSDIS,hms,/net/cdaq/cdaql3data/cdaq/hallc-online-rsidis2025/ROOTfiles/hms_coin_replay_production_28343_-1.root,3103815,3103816,1,0,,,,0,OK
phase2,28344,HMSDIS,hms,/net/cdaq/cdaql3data/cdaq/hallc-online-rsidis2025/ROOTfiles/hms_coin_replay_production_28344_-1.root,2508291,2508292,1,0,,,,0,OK
phase2,28345,PI-SIDIS,coin,/net/cdaq/cdaql3data/cdaq/hallc-online-rsidis2025/ROOTfiles/coin_replay_production_28345_-1.root,52196,52197,1,0,52197,1,0,0,OK
phase2,28346,PI-SIDIS,coin,/net/cdaq/cdaql3data/cdaq/hallc-online-rsidis2025/ROOTfiles/coin_replay_production_28346_-1.root,60248,60249,1,0,60249,1,0,0,OK
phase2,28347,PI-SIDIS,coin,/net/cdaq/cdaql3data/cdaq/hallc-online-rsidis2025/ROOTfiles/coin_replay_production_28347_-1.root,58630,58631,1,0,58631,1,0,0,OK
phase2,28348,PI-SIDIS,coin,/net/cdaq/cdaql3data/cdaq/hallc-online-rsidis2025/ROOTfiles/coin_replay_production_28348_-1.root,59273,59274,1,0,59274,1,0,0,OK
phase2,28349,HMSDIS,hms,/net/cdaq/cdaql3data/cdaq/hallc-online-rsidis2025/ROOTfiles/hms_coin_replay_production_28349_-1.root,459595,459596,1,0,,,,0,OK
phase2,28350,HMSDIS,hms,/net/cdaq/cdaql3data/cdaq/hallc-online-rsidis2025/ROOTfiles/hms_coin_replay_production_28350_-1.root,808019,808020,1,0,,,,0,OK
phase2,28351,PI-SIDIS,coin,/net/cdaq/cdaql3data/cdaq/hallc-online-rsidis2025/ROOTfiles/coin_replay_production_28351_-1.root,1694536,1694537,1,0,1694537,1,0,0,OK
phase2,28352,PI-SIDIS,coin,/net/cdaq/cdaql3data/cdaq/hallc-online-rsidis2025/ROOTfiles/coin_replay_production_28352_-1.root,1925322,1925323,1,0,1925323,1,0,0,OK
phase2,28353,PI-SIDIS,coin,/net/cdaq/cdaql3data/cdaq/hallc-online-rsidis2025/ROOTfiles/coin_replay_production_28353_-1.root,1412449,1412450,1,0,1412450,1,0,0,OK
phase2,28354,HMSDIS,hms,/net/cdaq/cdaql3data/cdaq/hallc-online-rsidis2025/ROOTfiles/hms_coin_replay_production_28354_-1.root,1690724,1690725,1,0,,,,0,OK
phase2,28356,PI-SIDIS,coin,/net/cdaq/cdaql3data/cdaq/hallc-online-rsidis2025/ROOTfiles/coin_replay_production_28356_-1.root,447903,447904,1,0,447904,1,0,0,OK
phase2,28357,PI-SIDIS,coin,/net/cdaq/cdaql3data/cdaq/hallc-online-rsidis2025/ROOTfiles/coin_replay_production_28357_-1.root,268118,268119,1,0,268119,1,0,0,OK
phase2,28358,PI-SIDIS,coin,/net/cdaq/cdaql3data/cdaq/hallc-online-rsidis2025/ROOTfiles/coin_replay_production_28358_-1.root,249558,249559,1,0,249559,1,0,0,OK
phase2,28359,PI-SIDIS,coin,/net/cdaq/cdaql3data/cdaq/hallc-online-rsidis2025/ROOTfiles/coin_replay_production_28359_-1.root,265780,265781,1,0,265781,1,0,0,OK
phase2,28360,PI-SIDIS,coin,/net/cdaq/cdaql3data/cdaq/hallc-online-rsidis2025/ROOTfiles/coin_replay_production_28360_-1.root,252235,252236,1,0,252236,1,0,0,OK
phase2,28361,PI-SIDIS,coin,/net/cdaq/cdaql3data/cdaq/hallc-online-rsidis2025/ROOTfiles/coin_replay_production_28361_-1.root,39449,39450,1,0,39450,1,0,0,OK
phase2,28362,PI-SIDIS,coin,/net/cdaq/cdaql3data/cdaq/hallc-online-rsidis2025/ROOTfiles/coin_replay_production_28362_-1.root,42534,42535,1,0,42535,1,0,0,OK
phase2,28363,PI-SIDIS,coin,/net/cdaq/cdaql3data/cdaq/hallc-online-rsidis2025/ROOTfiles/coin_replay_production_28363_-1.root,44661,44662,1,0,44662,1,0,0,OK
phase2,28364,PI-SIDIS,coin,/net/cdaq/cdaql3data/cdaq/hallc-online-rsidis2025/ROOTfiles/coin_replay_production_28364_-1.root,32324,32325,1,0,32325,1,0,0,OK
phase2,28365,PI-SIDIS,coin,/net/cdaq/cdaql3data/cdaq/hallc-online-rsidis2025/ROOTfiles/coin_replay_production_28365_-1.root,22390,22391,1,0,22391,1,0,0,OK
phase2,28373,PI-SIDIS,coin,/net/cdaq/cdaql3data/cdaq/hallc-online-rsidis2025/ROOTfiles/coin_replay_production_28373_-1.root,1073531,1073532,1,0,1073532,1,0,0,OK
phase2,28374,PI-SIDIS,coin,/net/cdaq/cdaql3data/cdaq/hallc-online-rsidis2025/ROOTfiles/coin_replay_production_28374_-1.root,906332,906333,1,0,906333,1,0,0,OK
phase2,28375,PI-SIDIS,coin,/net/cdaq/cdaql3data/cdaq/hallc-online-rsidis2025/ROOTfiles/coin_replay_production_28375_-1.root,204702,204703,1,0,204703,1,0,0,OK
phase2,28376,PI-SIDIS,coin,/net/cdaq/cdaql3data/cdaq/hallc-online-rsidis2025/ROOTfiles/coin_replay_production_28376_-1.root,761194,761195,1,0,761195,1,0,0,OK
phase2,28377,PI-SIDIS,coin,/net/cdaq/cdaql3data/cdaq/hallc-online-rsidis2025/ROOTfiles/coin_replay_production_28377_-1.root,250740,250741,1,0,250741,1,0,0,OK
phase2,28378,PI-SIDIS,coin,/net/cdaq/cdaql3data/cdaq/hallc-online-rsidis2025/ROOTfiles/coin_replay_production_28378_-1.root,305411,305412,1,0,305412,1,0,0,OK
phase2,28379,PI+SIDIS,coin,/net/cdaq/cdaql3data/cdaq/hallc-online-rsidis2025/ROOTfiles/coin_replay_production_28379_-1.root,399193,399194,1,0,399194,1,0,0,OK
phase2,28380,HMSHEE,hms,/net/cdaq/cdaql3data/cdaq/hallc-online-rsidis2025/ROOTfiles/hms_coin_replay_production_28380_-1.root,151164,151165,1,0,,,,0,OK
phase2,28381,HMSHEE,hms,/net/cdaq/cdaql3data/cdaq/hallc-online-rsidis2025/ROOTfiles/hms_coin_replay_production_28381_-1.root,96231,96232,1,0,,,,0,OK
phase2,28382,HMSHEE,hms,/net/cdaq/cdaql3data/cdaq/hallc-online-rsidis2025/ROOTfiles/hms_coin_replay_production_28382_-1.root,112042,112043,1,0,,,,0,OK
phase2,28383,HMSHEE,hms,/net/cdaq/cdaql3data/cdaq/hallc-online-rsidis2025/ROOTfiles/hms_coin_replay_production_28383_-1.root,124341,124342,1,0,,,,0,OK
phase2,28384,HMSHEE,hms,/net/cdaq/cdaql3data/cdaq/hallc-online-rsidis2025/ROOTfiles/hms_coin_replay_production_28384_-1.root,70378,70379,1,0,,,,0,OK
phase2,28385,HMSDIS,hms,/net/cdaq/cdaql3data/cdaq/hallc-online-rsidis2025/ROOTfiles/hms_coin_replay_production_28385_-1.root,2269149,2269150,1,0,,,,0,OK
phase2,28386,HMSDIS,hms,/net/cdaq/cdaql3data/cdaq/hallc-online-rsidis2025/ROOTfiles/hms_coin_replay_production_28386_-1.root,663585,663586,1,0,,,,0,OK
phase2,28387,HMSDIS,hms,/net/cdaq/cdaql3data/cdaq/hallc-online-rsidis2025/ROOTfiles/hms_coin_replay_production_28387_-1.root,525111,525112,1,0,,,,0,OK
phase2,28388,HMSDIS,hms,/net/cdaq/cdaql3data/cdaq/hallc-online-rsidis2025/ROOTfiles/hms_coin_replay_production_28388_-1.root,2223548,2223549,1,0,,,,0,OK
phase2,28390,HMSDIS,hms,/net/cdaq/cdaql3data/cdaq/hallc-online-rsidis2025/ROOTfiles/hms_coin_replay_production_28390_-1.root,968410,968411,1,0,,,,0,OK
phase2,28391,HMSDIS,hms,/net/cdaq/cdaql3data/cdaq/hallc-online-rsidis2025/ROOTfiles/hms_coin_replay_production_28391_-1.root,2526993,2526994,1,0,,,,0,OK
phase2,28392,PI+SIDIS,coin,/net/cdaq/cdaql3data/cdaq/hallc-online-rsidis2025/ROOTfiles/coin_replay_production_28392_-1.root,160884,160885,1,0,160885,1,0,0,OK
phase2,28393,PI+SIDIS,coin,/net/cdaq/cdaql3data/cdaq/hallc-online-rsidis2025/ROOTfiles/coin_replay_production_28393_-1.root,28256,28257,1,0,28257,1,0,0,OK
phase2,28394,PI+SIDIS,coin,/net/cdaq/cdaql3data/cdaq/hallc-online-rsidis2025/ROOTfiles/coin_replay_production_28394_-1.root,92929,92930,1,0,92930,1,0,0,OK
phase2,28397,HMSDIS,hms,/net/cdaq/cdaql3data/cdaq/hallc-online-rsidis2025/ROOTfiles/hms_coin_replay_production_28397_-1.root,491975,491976,1,0,,,,0,OK
phase2,28398,HMSDIS,hms,/net/cdaq/cdaql3data/cdaq/hallc-online-rsidis2025/ROOTfiles/hms_coin_replay_production_28398_-1.root,1053115,1053116,1,0,,,,0,OK
phase2,28399,HMSDIS,hms,/net/cdaq/cdaql3data/cdaq/hallc-online-rsidis2025/ROOTfiles/hms_coin_replay_production_28399_-1.root,1073700,1073701,1,0,,,,0,OK
phase2,28400,HMSDIS,hms,/net/cdaq/cdaql3data/cdaq/hallc-online-rsidis2025/ROOTfiles/hms_coin_replay_production_28400_-1.root,178193,178194,1,0,,,,0,OK
phase2,28402,HMSDIS,hms,/net/cdaq/cdaql3data/cdaq/hallc-online-rsidis2025/ROOTfiles/hms_coin_replay_production_28402_-1.root,1011327,1011328,1,0,,,,0,OK
phase2,28403,HMSDIS,hms,/net/cdaq/cdaql3data/cdaq/hallc-online-rsidis2025/ROOTfiles/hms_coin_replay_production_28403_-1.root,2586116,2586117,1,0,,,,0,OK
phase2,28404,PI+SIDIS,coin,/net/cdaq/cdaql3data/cdaq/hallc-online-rsidis2025/ROOTfiles/coin_replay_production_28404_-1.root,186465,186466,1,0,186466,1,0,0,OK
phase2,28405,PI+SIDIS,coin,/net/cdaq/cdaql3data/cdaq/hallc-online-rsidis2025/ROOTfiles/coin_replay_production_28405_-1.root,67838,67839,1,0,67839,1,0,0,OK
phase2,28406,PI+SIDIS,coin,/net/cdaq/cdaql3data/cdaq/hallc-online-rsidis2025/ROOTfiles/coin_replay_production_28406_-1.root,159081,159082,1,0,159082,1,0,0,OK
phase2,28408,PI+SIDIS,coin,/net/cdaq/cdaql3data/cdaq/hallc-online-rsidis2025/ROOTfiles/coin_replay_production_28408_-1.root,702156,702157,1,0,702157,1,0,0,OK
phase2,28409,PI+SIDIS,coin,/net/cdaq/cdaql3data/cdaq/hallc-online-rsidis2025/ROOTfiles/coin_replay_production_28409_-1.root,618147,618148,1,0,618148,1,0,0,OK
phase2,28410,HMSDIS,hms,/net/cdaq/cdaql3data/cdaq/hallc-online-rsidis2025/ROOTfiles/hms_coin_replay_production_28410_-1.root,2782622,2782623,1,0,,,,0,OK
phase2,28411,HMSDIS,hms,/net/cdaq/cdaql3data/cdaq/hallc-online-rsidis2025/ROOTfiles/hms_coin_replay_production_28411_-1.root,3446944,3446945,1,0,,,,0,OK
phase2,28412,HMSDIS,hms,/net/cdaq/cdaql3data/cdaq/hallc-online-rsidis2025/ROOTfiles/hms_coin_replay_production_28412_-1.root,1882475,1882476,1,0,,,,0,OK
phase2,28413,HMSDIS,hms,/net/cdaq/cdaql3data/cdaq/hallc-online-rsidis2025/ROOTfiles/hms_coin_replay_production_28413_-1.root,2817153,2817154,1,0,,,,0,OK
phase2,28415,HMSDIS,hms,/net/cdaq/cdaql3data/cdaq/hallc-online-rsidis2025/ROOTfiles/hms_coin_replay_production_28415_-1.root,3104245,3104246,1,0,,,,0,OK
phase2,28416,HMSDIS,hms,/net/cdaq/cdaql3data/cdaq/hallc-online-rsidis2025/ROOTfiles/hms_coin_replay_production_28416_-1.root,3395777,3395778,1,0,,,,0,OK
phase2,28417,PI+SIDIS,coin,/net/cdaq/cdaql3data/cdaq/hallc-online-rsidis2025/ROOTfiles/coin_replay_production_28417_-1.root,1401954,1401955,1,0,1401955,1,0,0,OK
phase2,28418,PI+SIDIS,coin,/net/cdaq/cdaql3data/cdaq/hallc-online-rsidis2025/ROOTfiles/coin_replay_production_28418_-1.root,1409114,1409115,1,0,1409115,1,0,0,OK
phase2,28419,PI-SIDIS,coin,/net/cdaq/cdaql3data/cdaq/hallc-online-rsidis2025/ROOTfiles/coin_replay_production_28419_-1.root,1232162,1232163,1,0,1232163,1,0,0,OK
phase2,28420,PI-SIDIS,coin,/net/cdaq/cdaql3data/cdaq/hallc-online-rsidis2025/ROOTfiles/coin_replay_production_28420_-1.root,267448,267449,1,0,267449,1,0,0,OK
phase2,28421,PI-SIDIS,coin,/net/cdaq/cdaql3data/cdaq/hallc-online-rsidis2025/ROOTfiles/coin_replay_production_28421_-1.root,52489,52490,1,0,52490,1,0,0,OK
phase2,28422,PI-SIDIS,coin,/net/cdaq/cdaql3data/cdaq/hallc-online-rsidis2025/ROOTfiles/coin_replay_production_28422_-1.root,52247,52248,1,0,52248,1,0,0,OK
phase2,28423,PI-SIDIS,coin,/net/cdaq/cdaql3data/cdaq/hallc-online-rsidis2025/ROOTfiles/coin_replay_production_28423_-1.root,323362,323363,1,0,323363,1,0,0,OK
phase2,28424,PI-SIDIS,coin,/net/cdaq/cdaql3data/cdaq/hallc-online-rsidis2025/ROOTfiles/coin_replay_production_28424_-1.root,305609,305610,1,0,305610,1,0,0,OK
phase2,28425,PI+SIDIS,coin,/net/cdaq/cdaql3data/cdaq/hallc-online-rsidis2025/ROOTfiles/coin_replay_production_28425_-1.root,1261941,1261942,1,0,1261942,1,0,0,OK
phase2,28426,PI+SIDIS,coin,/net/cdaq/cdaql3data/cdaq/hallc-online-rsidis2025/ROOTfiles/coin_replay_production_28426_-1.root,1211917,1211918,1,0,1211918,1,0,0,OK
phase2,28427,HMSDIS,hms,/net/cdaq/cdaql3data/cdaq/hallc-online-rsidis2025/ROOTfiles/hms_coin_replay_production_28427_-1.root,1497709,1497710,1,0,,,,0,OK
phase2,28428,HMSDIS,hms,/net/cdaq/cdaql3data/cdaq/hallc-online-rsidis2025/ROOTfiles/hms_coin_replay_production_28428_-1.root,2188612,2188613,1,0,,,,0,OK
phase2,28429,PI+SIDIS,coin,/net/cdaq/cdaql3data/cdaq/hallc-online-rsidis2025/ROOTfiles/coin_replay_production_28429_-1.root,121839,121840,1,0,121840,1,0,0,OK
phase2,28431,PI+SIDIS,coin,/net/cdaq/cdaql3data/cdaq/hallc-online-rsidis2025/ROOTfiles/coin_replay_production_28431_-1.root,122786,122787,1,0,122787,1,0,0,OK
phase2,28432,PI+SIDIS,coin,/net/cdaq/cdaql3data/cdaq/hallc-online-rsidis2025/ROOTfiles/coin_replay_production_28432_-1.root,65864,65865,1,0,65865,1,0,0,OK
phase2,28437,HMSDIS,hms,/net/cdaq/cdaql3data/cdaq/hallc-online-rsidis2025/ROOTfiles/hms_coin_replay_production_28437_-1.root,47254,47255,1,0,,,,0,OK
phase2,28440,PI+SIDIS,coin,/net/cdaq/cdaql3data/cdaq/hallc-online-rsidis2025/ROOTfiles/coin_replay_production_28440_-1.root,1766360,1766361,1,0,1766361,1,0,0,OK
phase2,28441,PI+SIDIS,coin,/net/cdaq/cdaql3data/cdaq/hallc-online-rsidis2025/ROOTfiles/coin_replay_production_28441_-1.root,2219294,2219295,1,0,2219295,1,0,0,OK
phase2,28443,HMSDIS,hms,/net/cdaq/cdaql3data/cdaq/hallc-online-rsidis2025/ROOTfiles/hms_coin_replay_production_28443_-1.root,2724386,2724387,1,0,,,,0,OK
phase2,28444,PI+SIDIS,coin,/net/cdaq/cdaql3data/cdaq/hallc-online-rsidis2025/ROOTfiles/coin_replay_production_28444_-1.root,435977,435978,1,0,435978,1,0,0,OK
phase2,28445,PI+SIDIS,coin,/net/cdaq/cdaql3data/cdaq/hallc-online-rsidis2025/ROOTfiles/coin_replay_production_28445_-1.root,601771,601772,1,0,601772,1,0,0,OK
phase2,28446,PI+SIDIS,coin,/net/cdaq/cdaql3data/cdaq/hallc-online-rsidis2025/ROOTfiles/coin_replay_production_28446_-1.root,631931,631932,1,0,631932,1,0,0,OK
phase2,28447,PI+SIDIS,coin,/net/cdaq/cdaql3data/cdaq/hallc-online-rsidis2025/ROOTfiles/coin_replay_production_28447_-1.root,584213,584214,1,0,584214,1,0,0,OK
phase2,28448,PI+SIDIS,coin,/net/cdaq/cdaql3data/cdaq/hallc-online-rsidis2025/ROOTfiles/coin_replay_production_28448_-1.root,617100,617101,1,0,617101,1,0,0,OK
phase2,28450,PI+SIDIS,coin,/net/cdaq/cdaql3data/cdaq/hallc-online-rsidis2025/ROOTfiles/coin_replay_production_28450_-1.root,40143,40144,1,0,40144,1,0,0,OK
phase2,28451,PI+SIDIS,coin,/net/cdaq/cdaql3data/cdaq/hallc-online-rsidis2025/ROOTfiles/coin_replay_production_28451_-1.root,63925,63926,1,0,63926,1,0,0,OK
phase2,28452,PI+SIDIS,coin,/net/cdaq/cdaql3data/cdaq/hallc-online-rsidis2025/ROOTfiles/coin_replay_production_28452_-1.root,55977,55978,1,0,55978,1,0,0,OK
phase2,28453,PI+SIDIS,coin,/net/cdaq/cdaql3data/cdaq/hallc-online-rsidis2025/ROOTfiles/coin_replay_production_28453_-1.root,151192,151193,1,0,151193,1,0,0,OK
phase2,28454,PI+SIDIS,coin,/net/cdaq/cdaql3data/cdaq/hallc-online-rsidis2025/ROOTfiles/coin_replay_production_28454_-1.root,171145,171146,1,0,171146,1,0,0,OK
phase2,28455,PI+SIDIS,coin,/net/cdaq/cdaql3data/cdaq/hallc-online-rsidis2025/ROOTfiles/coin_replay_production_28455_-1.root,184209,184210,1,0,184210,1,0,0,OK
phase2,28456,PI+SIDIS,coin,/net/cdaq/cdaql3data/cdaq/hallc-online-rsidis2025/ROOTfiles/coin_replay_production_28456_-1.root,156232,156233,1,0,156233,1,0,0,OK
phase2,28457,PI+SIDIS,coin,/net/cdaq/cdaql3data/cdaq/hallc-online-rsidis2025/ROOTfiles/coin_replay_production_28457_-1.root,177563,177564,1,0,177564,1,0,0,OK
phase2,28458,PI+SIDIS,coin,/net/cdaq/cdaql3data/cdaq/hallc-online-rsidis2025/ROOTfiles/coin_replay_production_28458_-1.root,180074,180075,1,0,180075,1,0,0,OK
phase2,28459,PI+SIDIS,coin,/net/cdaq/cdaql3data/cdaq/hallc-online-rsidis2025/ROOTfiles/coin_replay_production_28459_-1.root,792911,792912,1,0,792912,1,0,0,OK
phase2,28460,PI+SIDIS,coin,/net/cdaq/cdaql3data/cdaq/hallc-online-rsidis2025/ROOTfiles/coin_replay_production_28460_-1.root,882236,882237,1,0,882237,1,0,0,OK
phase2,28461,PI+SIDIS,coin,/net/cdaq/cdaql3data/cdaq/hallc-online-rsidis2025/ROOTfiles/coin_replay_production_28461_-1.root,834515,834516,1,0,834516,1,0,0,OK
phase2,28462,PI+SIDIS,coin,/net/cdaq/cdaql3data/cdaq/hallc-online-rsidis2025/ROOTfiles/coin_replay_production_28462_-1.root,905114,905115,1,0,905115,1,0,0,OK
phase2,28463,PI+SIDIS,coin,/net/cdaq/cdaql3data/cdaq/hallc-online-rsidis2025/ROOTfiles/coin_replay_production_28463_-1.root,547016,547017,1,0,547017,1,0,0,OK
phase2,28464,PI+SIDIS,coin,/net/cdaq/cdaql3data/cdaq/hallc-online-rsidis2025/ROOTfiles/coin_replay_production_28464_-1.root,482431,482432,1,0,482432,1,0,0,OK
phase2,28465,PI+SIDIS,coin,/net/cdaq/cdaql3data/cdaq/hallc-online-rsidis2025/ROOTfiles/coin_replay_production_28465_-1.root,717597,717598,1,0,717598,1,0,0,OK
phase2,28466,PI+SIDIS,coin,/net/cdaq/cdaql3data/cdaq/hallc-online-rsidis2025/ROOTfiles/coin_replay_production_28466_-1.root,368276,368277,1,0,368277,1,0,0,OK
phase2,28467,PI+SIDIS,coin,/net/cdaq/cdaql3data/cdaq/hallc-online-rsidis2025/ROOTfiles/coin_replay_production_28467_-1.root,461840,461841,1,0,461841,1,0,0,OK
phase2,28468,PI+SIDIS,coin,/net/cdaq/cdaql3data/cdaq/hallc-online-rsidis2025/ROOTfiles/coin_replay_production_28468_-1.root,822844,822845,1,0,822845,1,0,0,OK
phase2,28469,PI+SIDIS,coin,/net/cdaq/cdaql3data/cdaq/hallc-online-rsidis2025/ROOTfiles/coin_replay_production_28469_-1.root,792388,792389,1,0,792389,1,0,0,OK
phase2,28470,PI+SIDIS,coin,/net/cdaq/cdaql3data/cdaq/hallc-online-rsidis2025/ROOTfiles/coin_replay_production_28470_-1.root,903020,903021,1,0,903021,1,0,0,OK
phase2,28471,PI+SIDIS,coin,/net/cdaq/cdaql3data/cdaq/hallc-online-rsidis2025/ROOTfiles/coin_replay_production_28471_-1.root,889512,889513,1,0,889513,1,0,0,OK
