run,run_type,match_status,coherence_status,setting_id,source_pages,ebeam,hms_p,hms_th,shms_p,shms_th,x_nominal,x_calculated,x_residual,Q2_nominal,Q2_calculated,Q2_residual,z_nominal,z_calculated,z_residual,thpq_nominal,thpq_calculated,thpq_residual
23839,SHMSHEEP,unmatched,unmatched,,,8.5831,2.28,42.0,-7.07,12.465,-999,0.849932,-999,-999,10.053038,-999,-999,1.121889,-999,-999,-0.022499,-999
23840,SHMSHEEP,unmatched,unmatched,,,8.5831,2.28,42.0,-7.07,12.465,-999,0.849932,-999,-999,10.053038,-999,-999,1.121889,-999,-999,-0.022499,-999
23841,SHMSHEEP,unmatched,unmatched,,,8.5831,2.28,42.0,-7.07,12.465,-999,0.849932,-999,-999,10.053038,-999,-999,1.121889,-999,-999,-0.022499,-999
23842,SHMSHEEP,unmatched,unmatched,,,8.5831,2.28,42.0,-7.07,12.465,-999,0.849932,-999,-999,10.053038,-999,-999,1.121889,-999,-999,-0.022499,-999
23844,SHMSHEEP,unmatched,unmatched,,,8.5831,2.28,42.0,-7.07,12.465,-999,0.849932,-999,-999,10.053038,-999,-999,1.121889,-999,-999,-0.022499,-999
23845,SHMSHEEP,unmatched,unmatched,,,8.5831,2.28,42.0,-7.07,12.465,-999,0.849932,-999,-999,10.053038,-999,-999,1.121889,-999,-999,-0.022499,-999
23846,SHMSHEEP,unmatched,unmatched,,,8.5831,2.28,42.0,-7.07,12.465,-999,0.849932,-999,-999,10.053038,-999,-999,1.121889,-999,-999,-0.022499,-999
23847,SHMSHEEP,unmatched,unmatched,,,8.5831,2.28,42.0,-7.07,12.465,-999,0.849932,-999,-999,10.053038,-999,-999,1.121889,-999,-999,-0.022499,-999
23848,SHMSHEEP,unmatched,unmatched,,,8.5831,2.28,42.0,-7.07,12.465,-999,0.849932,-999,-999,10.053038,-999,-999,1.121889,-999,-999,-0.022499,-999
23849,SHMSHEEP,unmatched,unmatched,,,8.5831,3.75,29.99,-5.67,19.34,-999,0.950299,-999,-999,8.618763,-999,-999,1.173515,-999,-999,-0.018147,-999
23850,SHMSHEEP,unmatched,unmatched,,,8.5831,3.75,29.99,-5.67,19.34,-999,0.950299,-999,-999,8.618763,-999,-999,1.173515,-999,-999,-0.018147,-999
23851,SHMSHEEP,unmatched,unmatched,,,8.5831,3.75,29.99,-5.67,19.34,-999,0.950299,-999,-999,8.618763,-999,-999,1.173515,-999,-999,-0.018147,-999
23853,HMSDIS,unmatched,unmatched,,,8.5831,-4.5,14.0,-4.5,13.995,-999,0.299472,-999,-999,2.294593,-999,-999,1.102634,-999,-999,-0.481027,-999
23855,HMSDIS,unmatched,unmatched,,,8.5831,-4.5,14.0,-4.5,13.995,-999,0.299472,-999,-999,2.294593,-999,-999,1.102634,-999,-999,-0.481027,-999
23856,SHMSDIS,unmatched,unmatched,,,8.5831,-4.5,14.0,-4.5,13.995,-999,0.299472,-999,-999,2.294593,-999,-999,1.102634,-999,-999,-0.481027,-999
23857,HMSDIS,unmatched,unmatched,,,8.5831,-4.5,14.0,-4.5,13.995,-999,0.299472,-999,-999,2.294593,-999,-999,1.102634,-999,-999,-0.481027,-999
23858,HMSDIS,unmatched,unmatched,,,8.5831,-4.5,14.0,-4.5,13.995,-999,0.299472,-999,-999,2.294593,-999,-999,1.102634,-999,-999,-0.481027,-999
23859,HMSDIS,unmatched,unmatched,,,8.5831,-4.5,14.0,-4.5,13.995,-999,0.299472,-999,-999,2.294593,-999,-999,1.102634,-999,-999,-0.481027,-999
23860,HMSDIS,unmatched,unmatched,,,8.5831,-4.5,14.0,-4.5,13.995,-999,0.299472,-999,-999,2.294593,-999,-999,1.102634,-999,-999,-0.481027,-999
23861,PI-SIDIS,matched,coherent,GT006,KINEMATIC_TABLE row 6,8.5831,-1.531,29.045,-3.632,11.07,0.25,0.249758,-0.000242,3.3,3.305191,0.005191,0.5,0.515404,0.015404,5.2,5.211991,0.011991
23862,PI-SIDIS,matched,coherent,GT006,KINEMATIC_TABLE row 6,8.5831,-1.531,29.045,-3.632,11.07,0.25,0.249758,-0.000242,3.3,3.305191,0.005191,0.5,0.515404,0.015404,5.2,5.211991,0.011991
23864,PI-SIDIS,matched,coherent,GT006,KINEMATIC_TABLE row 6,8.5831,-1.531,29.045,-3.632,11.07,0.25,0.249758,-0.000242,3.3,3.305191,0.005191,0.5,0.515404,0.015404,5.2,5.211991,0.011991
23865,PI-SIDIS,matched,coherent,GT006,KINEMATIC_TABLE row 6,8.5831,-1.531,29.045,-3.632,11.07,0.25,0.249758,-0.000242,3.3,3.305191,0.005191,0.5,0.515404,0.015404,5.2,5.211991,0.011991
23866,PI-SIDIS,matched,coherent,GT006,KINEMATIC_TABLE row 6,8.5831,-1.531,29.045,-3.632,11.07,0.25,0.249758,-0.000242,3.3,3.305191,0.005191,0.5,0.515404,0.015404,5.2,5.211991,0.011991
23867,PI-SIDIS,matched,coherent,GT006,KINEMATIC_TABLE row 6,8.5831,-1.531,29.045,-3.632,11.07,0.25,0.249758,-0.000242,3.3,3.305191,0.005191,0.5,0.515404,0.015404,5.2,5.211991,0.011991
23868,PI-SIDIS,matched,coherent,GT006,KINEMATIC_TABLE row 6,8.5831,-1.531,29.045,-3.632,11.07,0.25,0.249758,-0.000242,3.3,3.305191,0.005191,0.5,0.515404,0.015404,5.2,5.211991,0.011991
23876,PI-SIDIS,matched,coherent,GT008,KINEMATIC_TABLE row 8,8.5831,-1.531,29.045,-2.615,7.865,0.25,0.249758,-0.000242,3.3,3.305191,0.005191,0.36,0.371339,0.011339,2.0,2.006991,0.006991
23878,PI-SIDIS,matched,coherent,GT008,KINEMATIC_TABLE row 8,8.5831,-1.531,29.045,-2.615,7.865,0.25,0.249758,-0.000242,3.3,3.305191,0.005191,0.36,0.371339,0.011339,2.0,2.006991,0.006991
23879,PI-SIDIS,matched,coherent,GT008,KINEMATIC_TABLE row 8,8.5831,-1.531,29.045,-2.615,7.865,0.25,0.249758,-0.000242,3.3,3.305191,0.005191,0.36,0.371339,0.011339,2.0,2.006991,0.006991
23880,PI-SIDIS,matched,coherent,GT008,KINEMATIC_TABLE row 8,8.5831,-1.531,29.045,-2.615,7.865,0.25,0.249758,-0.000242,3.3,3.305191,0.005191,0.36,0.371339,0.011339,2.0,2.006991,0.006991
23881,PI-SIDIS,matched,coherent,GT008,KINEMATIC_TABLE row 8,8.5831,-1.531,29.045,-2.615,7.865,0.25,0.249758,-0.000242,3.3,3.305191,0.005191,0.36,0.371339,0.011339,2.0,2.006991,0.006991
23882,PI-SIDIS,matched,coherent,GT008,KINEMATIC_TABLE row 8,8.5831,-1.531,29.045,-2.615,7.865,0.25,0.249758,-0.000242,3.3,3.305191,0.005191,0.36,0.371339,0.011339,2.0,2.006991,0.006991
23883,PI-SIDIS,matched,coherent,GT008,KINEMATIC_TABLE row 8,8.5831,-1.531,29.045,-2.615,7.865,0.25,0.249758,-0.000242,3.3,3.305191,0.005191,0.36,0.371339,0.011339,2.0,2.006991,0.006991
23884,PI-SIDIS,matched,coherent,GT008,KINEMATIC_TABLE row 8,8.5831,-1.531,29.045,-2.615,7.865,0.25,0.249758,-0.000242,3.3,3.305191,0.005191,0.36,0.371339,0.011339,2.0,2.006991,0.006991
23885,PI-SIDIS,matched,coherent,GT008,KINEMATIC_TABLE row 8,8.5831,-1.531,29.045,-2.615,7.865,0.25,0.249758,-0.000242,3.3,3.305191,0.005191,0.36,0.371339,0.011339,2.0,2.006991,0.006991
23886,PI-SIDIS,matched,coherent,GT008,KINEMATIC_TABLE row 8,8.5831,-1.531,29.045,-2.615,7.865,0.25,0.249758,-0.000242,3.3,3.305191,0.005191,0.36,0.371339,0.011339,2.0,2.006991,0.006991
23887,PI-SIDIS,matched,coherent,GT008,KINEMATIC_TABLE row 8,8.5831,-1.531,29.045,-2.615,7.865,0.25,0.249758,-0.000242,3.3,3.305191,0.005191,0.36,0.371339,0.011339,2.0,2.006991,0.006991
23888,PI-SIDIS,matched,coherent,GT008,KINEMATIC_TABLE row 8,8.5831,-1.531,29.045,-2.615,7.865,0.25,0.249758,-0.000242,3.3,3.305191,0.005191,0.36,0.371339,0.011339,2.0,2.006991,0.006991
23889,PI-SIDIS,matched,coherent,GT008,KINEMATIC_TABLE row 8,8.5831,-1.531,29.045,-2.615,7.865,0.25,0.249758,-0.000242,3.3,3.305191,0.005191,0.36,0.371339,0.011339,2.0,2.006991,0.006991
23890,PI-SIDIS,matched,coherent,GT008,KINEMATIC_TABLE row 8,8.5831,-1.531,29.045,-2.615,7.865,0.25,0.249758,-0.000242,3.3,3.305191,0.005191,0.36,0.371339,0.011339,2.0,2.006991,0.006991
23891,PI-SIDIS,matched,coherent,GT008,KINEMATIC_TABLE row 8,8.5831,-1.531,29.045,-2.615,7.865,0.25,0.249758,-0.000242,3.3,3.305191,0.005191,0.36,0.371339,0.011339,2.0,2.006991,0.006991
23892,PI-SIDIS,matched,coherent,GT008,KINEMATIC_TABLE row 8,8.5831,-1.531,29.045,-2.615,7.865,0.25,0.249758,-0.000242,3.3,3.305191,0.005191,0.36,0.371339,0.011339,2.0,2.006991,0.006991
23893,PI-SIDIS,matched,coherent,GT008,KINEMATIC_TABLE row 8,8.5831,-1.531,29.045,-2.615,7.865,0.25,0.249758,-0.000242,3.3,3.305191,0.005191,0.36,0.371339,0.011339,2.0,2.006991,0.006991
23894,PI-SIDIS,matched,coherent,GT008,KINEMATIC_TABLE row 8,8.5831,-1.531,29.045,-2.615,7.865,0.25,0.249758,-0.000242,3.3,3.305191,0.005191,0.36,0.371339,0.011339,2.0,2.006991,0.006991
23895,PI-SIDIS,matched,coherent,GT008,KINEMATIC_TABLE row 8,8.5831,-1.531,29.045,-2.615,7.865,0.25,0.249758,-0.000242,3.3,3.305191,0.005191,0.36,0.371339,0.011339,2.0,2.006991,0.006991
23896,PI-SIDIS,matched,coherent,GT008,KINEMATIC_TABLE row 8,8.5831,-1.531,29.045,-2.615,7.865,0.25,0.249758,-0.000242,3.3,3.305191,0.005191,0.36,0.371339,0.011339,2.0,2.006991,0.006991
23897,PI-SIDIS,matched,coherent,GT008,KINEMATIC_TABLE row 8,8.5831,-1.531,29.045,-2.615,7.865,0.25,0.249758,-0.000242,3.3,3.305191,0.005191,0.36,0.371339,0.011339,2.0,2.006991,0.006991
23898,PI-SIDIS,matched,coherent,GT008,KINEMATIC_TABLE row 8,8.5831,-1.531,29.045,-2.615,7.865,0.25,0.249758,-0.000242,3.3,3.305191,0.005191,0.36,0.371339,0.011339,2.0,2.006991,0.006991
23899,PI-SIDIS,matched,coherent,GT008,KINEMATIC_TABLE row 8,8.5831,-1.531,29.045,-2.615,7.865,0.25,0.249758,-0.000242,3.3,3.305191,0.005191,0.36,0.371339,0.011339,2.0,2.006991,0.006991
23900,PI-SIDIS,matched,coherent,GT008,KINEMATIC_TABLE row 8,8.5831,-1.531,29.045,-2.615,7.865,0.25,0.249758,-0.000242,3.3,3.305191,0.005191,0.36,0.371339,0.011339,2.0,2.006991,0.006991
23901,PI-SIDIS,matched,coherent,GT008,KINEMATIC_TABLE row 8,8.5831,-1.531,29.045,-2.615,7.865,0.25,0.249758,-0.000242,3.3,3.305191,0.005191,0.36,0.371339,0.011339,2.0,2.006991,0.006991
23902,PI-SIDIS,matched,coherent,GT008,KINEMATIC_TABLE row 8,8.5831,-1.531,29.045,-2.615,7.865,0.25,0.249758,-0.000242,3.3,3.305191,0.005191,0.36,0.371339,0.011339,2.0,2.006991,0.006991
23903,PI-SIDIS,matched,coherent,GT008,KINEMATIC_TABLE row 8,8.5831,-1.531,29.045,-2.615,7.865,0.25,0.249758,-0.000242,3.3,3.305191,0.005191,0.36,0.371339,0.011339,2.0,2.006991,0.006991
23904,PI-SIDIS,matched,coherent,GT008,KINEMATIC_TABLE row 8,8.5831,-1.531,29.045,-2.615,7.865,0.25,0.249758,-0.000242,3.3,3.305191,0.005191,0.36,0.371339,0.011339,2.0,2.006991,0.006991
23905,PI-SIDIS,matched,coherent,GT008,KINEMATIC_TABLE row 8,8.5831,-1.531,29.045,-2.615,7.865,0.25,0.249758,-0.000242,3.3,3.305191,0.005191,0.36,0.371339,0.011339,2.0,2.006991,0.006991
23906,PI-SIDIS,matched,coherent,GT008,KINEMATIC_TABLE row 8,8.5831,-1.531,29.045,-2.615,7.865,0.25,0.249758,-0.000242,3.3,3.305191,0.005191,0.36,0.371339,0.011339,2.0,2.006991,0.006991
23907,PI-SIDIS,matched,coherent,GT008,KINEMATIC_TABLE row 8,8.5831,-1.531,29.045,-2.615,7.865,0.25,0.249758,-0.000242,3.3,3.305191,0.005191,0.36,0.371339,0.011339,2.0,2.006991,0.006991
23908,PI-SIDIS,matched,coherent,GT008,KINEMATIC_TABLE row 8,8.5831,-1.531,29.045,-2.615,7.865,0.25,0.249758,-0.000242,3.3,3.305191,0.005191,0.36,0.371339,0.011339,2.0,2.006991,0.006991
23909,HMSDIS,matched,coherent,GT008,KINEMATIC_TABLE row 8,8.5831,-1.531,29.045,-2.615,7.865,0.25,0.249758,-0.000242,3.3,3.305191,0.005191,0.36,0.371339,0.011339,2.0,2.006991,0.006991
23911,SHMSDIS,matched,coherent,GT008,KINEMATIC_TABLE row 8,8.5831,-1.531,29.045,-2.615,7.865,0.25,0.249758,-0.000242,3.3,3.305191,0.005191,0.36,0.371339,0.011339,2.0,2.006991,0.006991
23912,SHMSDIS,matched,coherent,GT008,KINEMATIC_TABLE row 8,8.5831,-1.531,29.045,-2.615,7.865,0.25,0.249758,-0.000242,3.3,3.305191,0.005191,0.36,0.371339,0.011339,2.0,2.006991,0.006991
23913,SHMSDIS,matched,coherent,GT008,KINEMATIC_TABLE row 8,8.5831,-1.531,29.045,-2.615,7.865,0.25,0.249758,-0.000242,3.3,3.305191,0.005191,0.36,0.371339,0.011339,2.0,2.006991,0.006991
23915,SHMSDIS,matched,coherent,GT008,KINEMATIC_TABLE row 8,8.5831,-1.531,29.045,-2.615,7.865,0.25,0.249758,-0.000242,3.3,3.305191,0.005191,0.36,0.371339,0.011339,2.0,2.006991,0.006991
23918,HMSDIS,matched,coherent,GT008,KINEMATIC_TABLE row 8,8.5831,-1.531,29.045,-2.615,7.865,0.25,0.249758,-0.000242,3.3,3.305191,0.005191,0.36,0.371339,0.011339,2.0,2.006991,0.006991
23919,HMSDIS,matched,coherent,GT008,KINEMATIC_TABLE row 8,8.5831,-1.531,29.045,-2.615,7.865,0.25,0.249758,-0.000242,3.3,3.305191,0.005191,0.36,0.371339,0.011339,2.0,2.006991,0.006991
23925,HMSDIS,matched,coherent,GT008,KINEMATIC_TABLE row 8,8.5831,-1.531,29.045,-2.615,7.865,0.25,0.249758,-0.000242,3.3,3.305191,0.005191,0.36,0.371339,0.011339,2.0,2.006991,0.006991
23933,SHMSDIS,matched,coherent,GT008,KINEMATIC_TABLE row 8,8.5831,-1.531,29.045,-2.615,7.865,0.25,0.249758,-0.000242,3.3,3.305191,0.005191,0.36,0.371339,0.011339,2.0,2.006991,0.006991
23934,HMSDIS,matched,coherent,GT008,KINEMATIC_TABLE row 8,8.5831,-1.531,29.045,-2.615,7.865,0.25,0.249758,-0.000242,3.3,3.305191,0.005191,0.36,0.371339,0.011339,2.0,2.006991,0.006991
23937,SHMSDIS,matched,coherent,GT008,KINEMATIC_TABLE row 8,8.5831,-1.531,29.045,-2.615,7.865,0.25,0.249758,-0.000242,3.3,3.305191,0.005191,0.36,0.371339,0.011339,2.0,2.006991,0.006991
23938,HMSDIS,matched,coherent,GT008,KINEMATIC_TABLE row 8,8.5831,-1.531,29.045,-2.615,7.865,0.25,0.249758,-0.000242,3.3,3.305191,0.005191,0.36,0.371339,0.011339,2.0,2.006991,0.006991
23941,SHMSDIS,matched,coherent,GT008,KINEMATIC_TABLE row 8,8.5831,-1.531,29.045,-2.615,7.865,0.25,0.249758,-0.000242,3.3,3.305191,0.005191,0.36,0.371339,0.011339,2.0,2.006991,0.006991
23942,PI-SIDIS,matched,coherent,GT008,KINEMATIC_TABLE row 8,8.5831,-1.531,29.045,-2.615,7.865,0.25,0.249758,-0.000242,3.3,3.305191,0.005191,0.36,0.371339,0.011339,2.0,2.006991,0.006991
23943,PI-SIDIS,matched,coherent,GT008,KINEMATIC_TABLE row 8,8.5831,-1.531,29.045,-2.615,7.865,0.25,0.249758,-0.000242,3.3,3.305191,0.005191,0.36,0.371339,0.011339,2.0,2.006991,0.006991
23944,PI-SIDIS,matched,coherent,GT008,KINEMATIC_TABLE row 8,8.5831,-1.531,29.045,-2.615,7.865,0.25,0.249758,-0.000242,3.3,3.305191,0.005191,0.36,0.371339,0.011339,2.0,2.006991,0.006991
23945,PI-SIDIS,matched,coherent,GT008,KINEMATIC_TABLE row 8,8.5831,-1.531,29.045,-2.615,7.865,0.25,0.249758,-0.000242,3.3,3.305191,0.005191,0.36,0.371339,0.011339,2.0,2.006991,0.006991
23946,PI-SIDIS,matched,coherent,GT008,KINEMATIC_TABLE row 8,8.5831,-1.531,29.045,-2.615,7.865,0.25,0.249758,-0.000242,3.3,3.305191,0.005191,0.36,0.371339,0.011339,2.0,2.006991,0.006991
23947,PI-SIDIS,matched,coherent,GT008,KINEMATIC_TABLE row 8,8.5831,-1.531,29.045,-2.615,7.865,0.25,0.249758,-0.000242,3.3,3.305191,0.005191,0.36,0.371339,0.011339,2.0,2.006991,0.006991
23948,PI-SIDIS,matched,coherent,GT008,KINEMATIC_TABLE row 8,8.5831,-1.531,29.045,-2.615,7.865,0.25,0.249758,-0.000242,3.3,3.305191,0.005191,0.36,0.371339,0.011339,2.0,2.006991,0.006991
23949,PI-SIDIS,matched,coherent,GT008,KINEMATIC_TABLE row 8,8.5831,-1.531,29.045,-2.615,7.865,0.25,0.249758,-0.000242,3.3,3.305191,0.005191,0.36,0.371339,0.011339,2.0,2.006991,0.006991
23950,PI-SIDIS,matched,coherent,GT008,KINEMATIC_TABLE row 8,8.5831,-1.531,29.045,-2.615,7.865,0.25,0.249758,-0.000242,3.3,3.305191,0.005191,0.36,0.371339,0.011339,2.0,2.006991,0.006991
23951,PI-SIDIS,matched,coherent,GT008,KINEMATIC_TABLE row 8,8.5831,-1.531,29.045,-2.615,7.865,0.25,0.249758,-0.000242,3.3,3.305191,0.005191,0.36,0.371339,0.011339,2.0,2.006991,0.006991
23952,PI-SIDIS,matched,coherent,GT008,KINEMATIC_TABLE row 8,8.5831,-1.531,29.045,-2.615,7.865,0.25,0.249758,-0.000242,3.3,3.305191,0.005191,0.36,0.371339,0.011339,2.0,2.006991,0.006991
23953,PI-SIDIS,matched,coherent,GT008,KINEMATIC_TABLE row 8,8.5831,-1.531,29.045,-2.615,7.865,0.25,0.249758,-0.000242,3.3,3.305191,0.005191,0.36,0.371339,0.011339,2.0,2.006991,0.006991
23954,PI-SIDIS,matched,coherent,GT008,KINEMATIC_TABLE row 8,8.5831,-1.531,29.045,-2.615,7.865,0.25,0.249758,-0.000242,3.3,3.305191,0.005191,0.36,0.371339,0.011339,2.0,2.006991,0.006991
23955,PI-SIDIS,matched,coherent,GT008,KINEMATIC_TABLE row 8,8.5831,-1.531,29.045,-2.615,7.865,0.25,0.249758,-0.000242,3.3,3.305191,0.005191,0.36,0.371339,0.011339,2.0,2.006991,0.006991
23956,PI-SIDIS,matched,coherent,GT008,KINEMATIC_TABLE row 8,8.5831,-1.531,29.045,-2.615,7.865,0.25,0.249758,-0.000242,3.3,3.305191,0.005191,0.36,0.371339,0.011339,2.0,2.006991,0.006991
23957,PI-SIDIS,matched,coherent,GT001,KINEMATIC_TABLE row 1,8.5831,-1.531,29.045,-6.538,7.865,0.25,0.249758,-0.000242,3.3,3.305191,0.005191,0.9,0.927311,0.027311,2.0,2.006991,0.006991
23959,BCM,matched,coherent,GT001,KINEMATIC_TABLE row 1,8.5831,-1.531,29.045,-6.538,7.865,0.25,0.249758,-0.000242,3.3,3.305191,0.005191,0.9,0.927311,0.027311,2.0,2.006991,0.006991
23960,PI-SIDIS,matched,coherent,GT001,KINEMATIC_TABLE row 1,8.5831,-1.531,29.045,-6.538,7.865,0.25,0.249758,-0.000242,3.3,3.305191,0.005191,0.9,0.927311,0.027311,2.0,2.006991,0.006991
23961,PI-SIDIS,matched,coherent,GT001,KINEMATIC_TABLE row 1,8.5831,-1.531,29.045,-6.538,7.865,0.25,0.249758,-0.000242,3.3,3.305191,0.005191,0.9,0.927311,0.027311,2.0,2.006991,0.006991
23962,PI-SIDIS,matched,coherent,GT001,KINEMATIC_TABLE row 1,8.5831,-1.531,29.045,-6.538,7.865,0.25,0.249758,-0.000242,3.3,3.305191,0.005191,0.9,0.927311,0.027311,2.0,2.006991,0.006991
23963,HMSDIS,matched,coherent,GT001,KINEMATIC_TABLE row 1,8.5831,-1.531,29.045,-6.538,7.865,0.25,0.249758,-0.000242,3.3,3.305191,0.005191,0.9,0.927311,0.027311,2.0,2.006991,0.006991
23964,PI-SIDIS,matched,coherent,GT001,KINEMATIC_TABLE row 1,8.5831,-1.531,29.045,-6.538,7.865,0.25,0.249758,-0.000242,3.3,3.305191,0.005191,0.9,0.927311,0.027311,2.0,2.006991,0.006991
23965,PI-SIDIS,matched,coherent,GT001,KINEMATIC_TABLE row 1,8.5831,-1.531,29.045,-6.538,7.865,0.25,0.249758,-0.000242,3.3,3.305191,0.005191,0.9,0.927311,0.027311,2.0,2.006991,0.006991
23966,PI-SIDIS,matched,coherent,GT001,KINEMATIC_TABLE row 1,8.5831,-1.531,29.045,-6.538,7.865,0.25,0.249758,-0.000242,3.3,3.305191,0.005191,0.9,0.927311,0.027311,2.0,2.006991,0.006991
23967,PI-SIDIS,matched,coherent,GT001,KINEMATIC_TABLE row 1,8.5831,-1.531,29.045,-6.538,7.865,0.25,0.249758,-0.000242,3.3,3.305191,0.005191,0.9,0.927311,0.027311,2.0,2.006991,0.006991
23968,HMSDIS,matched,coherent,GT001,KINEMATIC_TABLE row 1,8.5831,-1.531,29.045,-6.538,7.865,0.25,0.249758,-0.000242,3.3,3.305191,0.005191,0.9,0.927311,0.027311,2.0,2.006991,0.006991
23969,PI-SIDIS,matched,coherent,GT001,KINEMATIC_TABLE row 1,8.5831,-1.531,29.045,-6.538,7.865,0.25,0.249758,-0.000242,3.3,3.305191,0.005191,0.9,0.927311,0.027311,2.0,2.006991,0.006991
23970,PI-SIDIS,matched,coherent,GT001,KINEMATIC_TABLE row 1,8.5831,-1.531,29.045,-6.538,7.865,0.25,0.249758,-0.000242,3.3,3.305191,0.005191,0.9,0.927311,0.027311,2.0,2.006991,0.006991
23971,HMSDIS,matched,coherent,GT001,KINEMATIC_TABLE row 1,8.5831,-1.531,29.045,-6.538,7.865,0.25,0.249758,-0.000242,3.3,3.305191,0.005191,0.9,0.927311,0.027311,2.0,2.006991,0.006991
23972,PI-SIDIS,matched,coherent,GT001,KINEMATIC_TABLE row 1,8.5831,-1.531,29.045,-6.538,7.865,0.25,0.249758,-0.000242,3.3,3.305191,0.005191,0.9,0.927311,0.027311,2.0,2.006991,0.006991
23973,PI-SIDIS,matched,coherent,GT001,KINEMATIC_TABLE row 1,8.5831,-1.531,29.045,-6.538,7.865,0.25,0.249758,-0.000242,3.3,3.305191,0.005191,0.9,0.927311,0.027311,2.0,2.006991,0.006991
23974,PI-SIDIS,matched,coherent,GT001,KINEMATIC_TABLE row 1,8.5831,-1.531,29.045,-6.538,7.865,0.25,0.249758,-0.000242,3.3,3.305191,0.005191,0.9,0.927311,0.027311,2.0,2.006991,0.006991
23975,PI-SIDIS,matched,coherent,GT001,KINEMATIC_TABLE row 1,8.5831,-1.531,29.045,-6.538,7.865,0.25,0.249758,-0.000242,3.3,3.305191,0.005191,0.9,0.927311,0.027311,2.0,2.006991,0.006991
23976,HMSDIS,matched,coherent,GT001,KINEMATIC_TABLE row 1,8.5831,-1.531,29.045,-6.538,7.865,0.25,0.249758,-0.000242,3.3,3.305191,0.005191,0.9,0.927311,0.027311,2.0,2.006991,0.006991
23977,PI-SIDIS,matched,coherent,GT002,KINEMATIC_TABLE row 2,8.5831,-1.531,29.045,-4.868,7.865,0.25,0.249758,-0.000242,3.3,3.305191,0.005191,0.67,0.690575,0.020575,2.0,2.006991,0.006991
23979,PI-SIDIS,matched,coherent,GT002,KINEMATIC_TABLE row 2,8.5831,-1.531,29.045,-4.868,7.865,0.25,0.249758,-0.000242,3.3,3.305191,0.005191,0.67,0.690575,0.020575,2.0,2.006991,0.006991
23980,PI-SIDIS,matched,coherent,GT002,KINEMATIC_TABLE row 2,8.5831,-1.531,29.045,-4.868,7.865,0.25,0.249758,-0.000242,3.3,3.305191,0.005191,0.67,0.690575,0.020575,2.0,2.006991,0.006991
23981,PI-SIDIS,matched,coherent,GT002,KINEMATIC_TABLE row 2,8.5831,-1.531,29.045,-4.868,7.865,0.25,0.249758,-0.000242,3.3,3.305191,0.005191,0.67,0.690575,0.020575,2.0,2.006991,0.006991
23982,PI-SIDIS,matched,coherent,GT002,KINEMATIC_TABLE row 2,8.5831,-1.531,29.045,-4.868,7.865,0.25,0.249758,-0.000242,3.3,3.305191,0.005191,0.67,0.690575,0.020575,2.0,2.006991,0.006991
23983,PI-SIDIS,matched,coherent,GT002,KINEMATIC_TABLE row 2,8.5831,-1.531,29.045,-4.868,7.865,0.25,0.249758,-0.000242,3.3,3.305191,0.005191,0.67,0.690575,0.020575,2.0,2.006991,0.006991
23984,PI-SIDIS,matched,coherent,GT002,KINEMATIC_TABLE row 2,8.5831,-1.531,29.045,-4.868,7.865,0.25,0.249758,-0.000242,3.3,3.305191,0.005191,0.67,0.690575,0.020575,2.0,2.006991,0.006991
23985,PI-SIDIS,matched,coherent,GT002,KINEMATIC_TABLE row 2,8.5831,-1.531,29.045,-4.868,7.865,0.25,0.249758,-0.000242,3.3,3.305191,0.005191,0.67,0.690575,0.020575,2.0,2.006991,0.006991
23986,PI-SIDIS,matched,coherent,GT002,KINEMATIC_TABLE row 2,8.5831,-1.531,29.045,-4.868,7.865,0.25,0.249758,-0.000242,3.3,3.305191,0.005191,0.67,0.690575,0.020575,2.0,2.006991,0.006991
23987,PI-SIDIS,matched,coherent,GT002,KINEMATIC_TABLE row 2,8.5831,-1.531,29.045,-4.868,7.865,0.25,0.249758,-0.000242,3.3,3.305191,0.005191,0.67,0.690575,0.020575,2.0,2.006991,0.006991
23988,PI-SIDIS,matched,coherent,GT002,KINEMATIC_TABLE row 2,8.5831,-1.531,29.045,-4.868,7.865,0.25,0.249758,-0.000242,3.3,3.305191,0.005191,0.67,0.690575,0.020575,2.0,2.006991,0.006991
23989,PI-SIDIS,matched,coherent,GT002,KINEMATIC_TABLE row 2,8.5831,-1.531,29.045,-4.868,7.865,0.25,0.249758,-0.000242,3.3,3.305191,0.005191,0.67,0.690575,0.020575,2.0,2.006991,0.006991
23990,PI-SIDIS,matched,coherent,GT002,KINEMATIC_TABLE row 2,8.5831,-1.531,29.045,-4.868,7.865,0.25,0.249758,-0.000242,3.3,3.305191,0.005191,0.67,0.690575,0.020575,2.0,2.006991,0.006991
23991,PI-SIDIS,matched,coherent,GT002,KINEMATIC_TABLE row 2,8.5831,-1.531,29.045,-4.868,7.865,0.25,0.249758,-0.000242,3.3,3.305191,0.005191,0.67,0.690575,0.020575,2.0,2.006991,0.006991
23992,PI-SIDIS,matched,coherent,GT002,KINEMATIC_TABLE row 2,8.5831,-1.531,29.045,-4.868,7.865,0.25,0.249758,-0.000242,3.3,3.305191,0.005191,0.67,0.690575,0.020575,2.0,2.006991,0.006991
23993,PI-SIDIS,matched,coherent,GT002,KINEMATIC_TABLE row 2,8.5831,-1.531,29.045,-4.868,7.865,0.25,0.249758,-0.000242,3.3,3.305191,0.005191,0.67,0.690575,0.020575,2.0,2.006991,0.006991
23994,PI-SIDIS,matched,coherent,GT002,KINEMATIC_TABLE row 2,8.5831,-1.531,29.045,-4.868,7.865,0.25,0.249758,-0.000242,3.3,3.305191,0.005191,0.67,0.690575,0.020575,2.0,2.006991,0.006991
23995,PI-SIDIS,matched,coherent,GT002,KINEMATIC_TABLE row 2,8.5831,-1.531,29.045,-4.868,7.865,0.25,0.249758,-0.000242,3.3,3.305191,0.005191,0.67,0.690575,0.020575,2.0,2.006991,0.006991
23996,PI-SIDIS,matched,coherent,GT002,KINEMATIC_TABLE row 2,8.5831,-1.531,29.045,-4.868,7.865,0.25,0.249758,-0.000242,3.3,3.305191,0.005191,0.67,0.690575,0.020575,2.0,2.006991,0.006991
23998,PI-SIDIS,matched,coherent,GT002,KINEMATIC_TABLE row 2,8.5831,-1.531,29.045,-4.868,7.865,0.25,0.249758,-0.000242,3.3,3.305191,0.005191,0.67,0.690575,0.020575,2.0,2.006991,0.006991
23999,PI-SIDIS,matched,coherent,GT002,KINEMATIC_TABLE row 2,8.5831,-1.531,29.045,-4.868,7.865,0.25,0.249758,-0.000242,3.3,3.305191,0.005191,0.67,0.690575,0.020575,2.0,2.006991,0.006991
24001,PI-SIDIS,matched,coherent,GT002,KINEMATIC_TABLE row 2,8.5831,-1.531,29.045,-4.868,7.865,0.25,0.249758,-0.000242,3.3,3.305191,0.005191,0.67,0.690575,0.020575,2.0,2.006991,0.006991
24002,PI-SIDIS,matched,coherent,GT002,KINEMATIC_TABLE row 2,8.5831,-1.531,29.045,-4.868,7.865,0.25,0.249758,-0.000242,3.3,3.305191,0.005191,0.67,0.690575,0.020575,2.0,2.006991,0.006991
24003,PI-SIDIS,matched,coherent,GT002,KINEMATIC_TABLE row 2,8.5831,-1.531,29.045,-4.868,7.865,0.25,0.249758,-0.000242,3.3,3.305191,0.005191,0.67,0.690575,0.020575,2.0,2.006991,0.006991
24004,PI-SIDIS,matched,coherent,GT002,KINEMATIC_TABLE row 2,8.5831,-1.531,29.045,-4.868,7.865,0.25,0.249758,-0.000242,3.3,3.305191,0.005191,0.67,0.690575,0.020575,2.0,2.006991,0.006991
24005,PI-SIDIS,matched,coherent,GT002,KINEMATIC_TABLE row 2,8.5831,-1.531,29.045,-4.868,7.865,0.25,0.249758,-0.000242,3.3,3.305191,0.005191,0.67,0.690575,0.020575,2.0,2.006991,0.006991
24006,PI-SIDIS,matched,coherent,GT002,KINEMATIC_TABLE row 2,8.5831,-1.531,29.045,-4.868,7.865,0.25,0.249758,-0.000242,3.3,3.305191,0.005191,0.67,0.690575,0.020575,2.0,2.006991,0.006991
24007,PI-SIDIS,matched,coherent,GT002,KINEMATIC_TABLE row 2,8.5831,-1.531,29.045,-4.868,7.865,0.25,0.249758,-0.000242,3.3,3.305191,0.005191,0.67,0.690575,0.020575,2.0,2.006991,0.006991
24008,PI-SIDIS,matched,coherent,GT002,KINEMATIC_TABLE row 2,8.5831,-1.531,29.045,-4.868,7.865,0.25,0.249758,-0.000242,3.3,3.305191,0.005191,0.67,0.690575,0.020575,2.0,2.006991,0.006991
24009,PI-SIDIS,matched,coherent,GT002,KINEMATIC_TABLE row 2,8.5831,-1.531,29.045,-4.868,7.865,0.25,0.249758,-0.000242,3.3,3.305191,0.005191,0.67,0.690575,0.020575,2.0,2.006991,0.006991
24010,PI-SIDIS,matched,coherent,GT002,KINEMATIC_TABLE row 2,8.5831,-1.531,29.045,-4.868,7.865,0.25,0.249758,-0.000242,3.3,3.305191,0.005191,0.67,0.690575,0.020575,2.0,2.006991,0.006991
24011,PI-SIDIS,matched,coherent,GT002,KINEMATIC_TABLE row 2,8.5831,-1.531,29.045,-4.868,7.865,0.25,0.249758,-0.000242,3.3,3.305191,0.005191,0.67,0.690575,0.020575,2.0,2.006991,0.006991
24012,PI-SIDIS,matched,coherent,GT002,KINEMATIC_TABLE row 2,8.5831,-1.531,29.045,-4.868,7.865,0.25,0.249758,-0.000242,3.3,3.305191,0.005191,0.67,0.690575,0.020575,2.0,2.006991,0.006991
24013,PI-SIDIS,matched,coherent,GT002,KINEMATIC_TABLE row 2,8.5831,-1.531,29.045,-4.868,7.865,0.25,0.249758,-0.000242,3.3,3.305191,0.005191,0.67,0.690575,0.020575,2.0,2.006991,0.006991
24014,PI-SIDIS,matched,coherent,GT002,KINEMATIC_TABLE row 2,8.5831,-1.531,29.045,-4.868,7.865,0.25,0.249758,-0.000242,3.3,3.305191,0.005191,0.67,0.690575,0.020575,2.0,2.006991,0.006991
24015,PI-SIDIS,matched,coherent,GT002,KINEMATIC_TABLE row 2,8.5831,-1.531,29.045,-4.868,7.865,0.25,0.249758,-0.000242,3.3,3.305191,0.005191,0.67,0.690575,0.020575,2.0,2.006991,0.006991
24016,PI-SIDIS,matched,coherent,GT002,KINEMATIC_TABLE row 2,8.5831,-1.531,29.045,-4.868,7.865,0.25,0.249758,-0.000242,3.3,3.305191,0.005191,0.67,0.690575,0.020575,2.0,2.006991,0.006991
24017,HMSDIS,matched,coherent,GT002,KINEMATIC_TABLE row 2,8.5831,-1.531,29.045,-4.868,7.865,0.25,0.249758,-0.000242,3.3,3.305191,0.005191,0.67,0.690575,0.020575,2.0,2.006991,0.006991
24018,SHMSDIS,matched,coherent,GT002,KINEMATIC_TABLE row 2,8.5831,-1.531,29.045,-4.868,7.865,0.25,0.249758,-0.000242,3.3,3.305191,0.005191,0.67,0.690575,0.020575,2.0,2.006991,0.006991
24019,PI-SIDIS,matched,coherent,GT002,KINEMATIC_TABLE row 2,8.5831,-1.531,29.045,-4.868,7.865,0.25,0.249758,-0.000242,3.3,3.305191,0.005191,0.67,0.690575,0.020575,2.0,2.006991,0.006991
24020,PI-SIDIS,matched,coherent,GT002,KINEMATIC_TABLE row 2,8.5831,-1.531,29.045,-4.868,7.865,0.25,0.249758,-0.000242,3.3,3.305191,0.005191,0.67,0.690575,0.020575,2.0,2.006991,0.006991
24021,PI-SIDIS,matched,coherent,GT002,KINEMATIC_TABLE row 2,8.5831,-1.531,29.045,-4.868,7.865,0.25,0.249758,-0.000242,3.3,3.305191,0.005191,0.67,0.690575,0.020575,2.0,2.006991,0.006991
24022,PI-SIDIS,matched,coherent,GT002,KINEMATIC_TABLE row 2,8.5831,-1.531,29.045,-4.868,7.865,0.25,0.249758,-0.000242,3.3,3.305191,0.005191,0.67,0.690575,0.020575,2.0,2.006991,0.006991
24023,PI-SIDIS,matched,coherent,GT002,KINEMATIC_TABLE row 2,8.5831,-1.531,29.045,-4.868,7.865,0.25,0.249758,-0.000242,3.3,3.305191,0.005191,0.67,0.690575,0.020575,2.0,2.006991,0.006991
24024,PI-SIDIS,matched,coherent,GT002,KINEMATIC_TABLE row 2,8.5831,-1.531,29.045,-4.868,7.865,0.25,0.249758,-0.000242,3.3,3.305191,0.005191,0.67,0.690575,0.020575,2.0,2.006991,0.006991
24026,PI-SIDIS,matched,coherent,GT002,KINEMATIC_TABLE row 2,8.5831,-1.531,29.045,-4.868,7.865,0.25,0.249758,-0.000242,3.3,3.305191,0.005191,0.67,0.690575,0.020575,2.0,2.006991,0.006991
24027,HMSDIS,matched,coherent,GT002,KINEMATIC_TABLE row 2,8.5831,-1.531,29.045,-4.868,7.865,0.25,0.249758,-0.000242,3.3,3.305191,0.005191,0.67,0.690575,0.020575,2.0,2.006991,0.006991
24031,SHMSDIS,matched,coherent,GT002,KINEMATIC_TABLE row 2,8.5831,-1.531,29.045,-4.868,7.865,0.25,0.249758,-0.000242,3.3,3.305191,0.005191,0.67,0.690575,0.020575,2.0,2.006991,0.006991
24032,PI-SIDIS,matched,coherent,GT002,KINEMATIC_TABLE row 2,8.5831,-1.531,29.045,-4.868,7.865,0.25,0.249758,-0.000242,3.3,3.305191,0.005191,0.67,0.690575,0.020575,2.0,2.006991,0.006991
24038,SHMSDIS,matched,coherent,GT002,KINEMATIC_TABLE row 2,8.5831,-1.531,29.045,-4.868,7.865,0.25,0.249758,-0.000242,3.3,3.305191,0.005191,0.67,0.690575,0.020575,2.0,2.006991,0.006991
24039,PI-SIDIS,matched,coherent,GT002,KINEMATIC_TABLE row 2,8.5831,-1.531,29.045,-4.868,7.865,0.25,0.249758,-0.000242,3.3,3.305191,0.005191,0.67,0.690575,0.020575,2.0,2.006991,0.006991
24040,PI-SIDIS,matched,coherent,GT002,KINEMATIC_TABLE row 2,8.5831,-1.531,29.045,-4.868,7.865,0.25,0.249758,-0.000242,3.3,3.305191,0.005191,0.67,0.690575,0.020575,2.0,2.006991,0.006991
24041,PI-SIDIS,matched,coherent,GT002,KINEMATIC_TABLE row 2,8.5831,-1.531,29.045,-4.868,7.865,0.25,0.249758,-0.000242,3.3,3.305191,0.005191,0.67,0.690575,0.020575,2.0,2.006991,0.006991
24042,PI-SIDIS,matched,coherent,GT002,KINEMATIC_TABLE row 2,8.5831,-1.531,29.045,-4.868,7.865,0.25,0.249758,-0.000242,3.3,3.305191,0.005191,0.67,0.690575,0.020575,2.0,2.006991,0.006991
24043,PI-SIDIS,matched,coherent,GT002,KINEMATIC_TABLE row 2,8.5831,-1.531,29.045,-4.868,7.865,0.25,0.249758,-0.000242,3.3,3.305191,0.005191,0.67,0.690575,0.020575,2.0,2.006991,0.006991
24044,HMSDIS,matched,coherent,GT002,KINEMATIC_TABLE row 2,8.5831,-1.531,29.045,-4.868,7.865,0.25,0.249758,-0.000242,3.3,3.305191,0.005191,0.67,0.690575,0.020575,2.0,2.006991,0.006991
24046,SHMSDIS,matched,coherent,GT002,KINEMATIC_TABLE row 2,8.5831,-1.531,29.045,-4.868,7.865,0.25,0.249758,-0.000242,3.3,3.305191,0.005191,0.67,0.690575,0.020575,2.0,2.006991,0.006991
24047,PI-SIDIS,matched,coherent,GT002,KINEMATIC_TABLE row 2,8.5831,-1.531,29.045,-4.868,7.865,0.25,0.249758,-0.000242,3.3,3.305191,0.005191,0.67,0.690575,0.020575,2.0,2.006991,0.006991
24048,PI-SIDIS,matched,coherent,GT002,KINEMATIC_TABLE row 2,8.5831,-1.531,29.045,-4.868,7.865,0.25,0.249758,-0.000242,3.3,3.305191,0.005191,0.67,0.690575,0.020575,2.0,2.006991,0.006991
24049,PI-SIDIS,matched,coherent,GT002,KINEMATIC_TABLE row 2,8.5831,-1.531,29.045,-4.868,7.865,0.25,0.249758,-0.000242,3.3,3.305191,0.005191,0.67,0.690575,0.020575,2.0,2.006991,0.006991
24050,PI-SIDIS,matched,coherent,GT002,KINEMATIC_TABLE row 2,8.5831,-1.531,29.045,-4.868,7.865,0.25,0.249758,-0.000242,3.3,3.305191,0.005191,0.67,0.690575,0.020575,2.0,2.006991,0.006991
24051,PI-SIDIS,matched,coherent,GT002,KINEMATIC_TABLE row 2,8.5831,-1.531,29.045,-4.868,7.865,0.25,0.249758,-0.000242,3.3,3.305191,0.005191,0.67,0.690575,0.020575,2.0,2.006991,0.006991
24052,HMSDIS,matched,coherent,GT002,KINEMATIC_TABLE row 2,8.5831,-1.531,29.045,-4.868,7.865,0.25,0.249758,-0.000242,3.3,3.305191,0.005191,0.67,0.690575,0.020575,2.0,2.006991,0.006991
24053,SHMSDIS,matched,coherent,GT002,KINEMATIC_TABLE row 2,8.5831,-1.531,29.045,-4.868,7.865,0.25,0.249758,-0.000242,3.3,3.305191,0.005191,0.67,0.690575,0.020575,2.0,2.006991,0.006991
24054,PI-SIDIS,matched,coherent,GT002,KINEMATIC_TABLE row 2,8.5831,-1.531,29.045,-4.868,7.865,0.25,0.249758,-0.000242,3.3,3.305191,0.005191,0.67,0.690575,0.020575,2.0,2.006991,0.006991
24055,PI-SIDIS,matched,coherent,GT002,KINEMATIC_TABLE row 2,8.5831,-1.531,29.045,-4.868,7.865,0.25,0.249758,-0.000242,3.3,3.305191,0.005191,0.67,0.690575,0.020575,2.0,2.006991,0.006991
24056,PI-SIDIS,matched,coherent,GT002,KINEMATIC_TABLE row 2,8.5831,-1.531,29.045,-4.868,7.865,0.25,0.249758,-0.000242,3.3,3.305191,0.005191,0.67,0.690575,0.020575,2.0,2.006991,0.006991
24057,PI-SIDIS,matched,coherent,GT002,KINEMATIC_TABLE row 2,8.5831,-1.531,29.045,-4.868,7.865,0.25,0.249758,-0.000242,3.3,3.305191,0.005191,0.67,0.690575,0.020575,2.0,2.006991,0.006991
24058,PI-SIDIS,matched,coherent,GT002,KINEMATIC_TABLE row 2,8.5831,-1.531,29.045,-4.868,7.865,0.25,0.249758,-0.000242,3.3,3.305191,0.005191,0.67,0.690575,0.020575,2.0,2.006991,0.006991
24059,PI-SIDIS,matched,coherent,GT002,KINEMATIC_TABLE row 2,8.5831,-1.531,29.045,-4.868,7.865,0.25,0.249758,-0.000242,3.3,3.305191,0.005191,0.67,0.690575,0.020575,2.0,2.006991,0.006991
24060,PI-SIDIS,matched,coherent,GT002,KINEMATIC_TABLE row 2,8.5831,-1.531,29.045,-4.868,7.865,0.25,0.249758,-0.000242,3.3,3.305191,0.005191,0.67,0.690575,0.020575,2.0,2.006991,0.006991
24061,PI-SIDIS,matched,coherent,GT002,KINEMATIC_TABLE row 2,8.5831,-1.531,29.045,-4.868,7.865,0.25,0.249758,-0.000242,3.3,3.305191,0.005191,0.67,0.690575,0.020575,2.0,2.006991,0.006991
24062,PI-SIDIS,matched,coherent,GT002,KINEMATIC_TABLE row 2,8.5831,-1.531,29.045,-4.868,7.865,0.25,0.249758,-0.000242,3.3,3.305191,0.005191,0.67,0.690575,0.020575,2.0,2.006991,0.006991
24063,PI-SIDIS,matched,coherent,GT002,KINEMATIC_TABLE row 2,8.5831,-1.531,29.045,-4.868,7.865,0.25,0.249758,-0.000242,3.3,3.305191,0.005191,0.67,0.690575,0.020575,2.0,2.006991,0.006991
24064,PI-SIDIS,matched,coherent,GT002,KINEMATIC_TABLE row 2,8.5831,-1.531,29.045,-4.868,7.865,0.25,0.249758,-0.000242,3.3,3.305191,0.005191,0.67,0.690575,0.020575,2.0,2.006991,0.006991
24065,PI-SIDIS,matched,coherent,GT002,KINEMATIC_TABLE row 2,8.5831,-1.531,29.045,-4.868,7.865,0.25,0.249758,-0.000242,3.3,3.305191,0.005191,0.67,0.690575,0.020575,2.0,2.006991,0.006991
24066,PI-SIDIS,matched,coherent,GT002,KINEMATIC_TABLE row 2,8.5831,-1.531,29.045,-4.868,7.865,0.25,0.249758,-0.000242,3.3,3.305191,0.005191,0.67,0.690575,0.020575,2.0,2.006991,0.006991
24067,PI-SIDIS,matched,coherent,GT002,KINEMATIC_TABLE row 2,8.5831,-1.531,29.045,-4.868,7.865,0.25,0.249758,-0.000242,3.3,3.305191,0.005191,0.67,0.690575,0.020575,2.0,2.006991,0.006991
24068,PI-SIDIS,matched,coherent,GT002,KINEMATIC_TABLE row 2,8.5831,-1.531,29.045,-4.868,7.865,0.25,0.249758,-0.000242,3.3,3.305191,0.005191,0.67,0.690575,0.020575,2.0,2.006991,0.006991
24069,PI-SIDIS,matched,coherent,GT002,KINEMATIC_TABLE row 2,8.5831,-1.531,29.045,-4.868,7.865,0.25,0.249758,-0.000242,3.3,3.305191,0.005191,0.67,0.690575,0.020575,2.0,2.006991,0.006991
24070,PI-SIDIS,matched,coherent,GT002,KINEMATIC_TABLE row 2,8.5831,-1.531,29.045,-4.868,7.865,0.25,0.249758,-0.000242,3.3,3.305191,0.005191,0.67,0.690575,0.020575,2.0,2.006991,0.006991
24071,PI-SIDIS,matched,coherent,GT002,KINEMATIC_TABLE row 2,8.5831,-1.531,29.045,-4.868,7.865,0.25,0.249758,-0.000242,3.3,3.305191,0.005191,0.67,0.690575,0.020575,2.0,2.006991,0.006991
24072,PI-SIDIS,matched,coherent,GT002,KINEMATIC_TABLE row 2,8.5831,-1.531,29.045,-4.868,7.865,0.25,0.249758,-0.000242,3.3,3.305191,0.005191,0.67,0.690575,0.020575,2.0,2.006991,0.006991
24073,PI-SIDIS,matched,coherent,GT002,KINEMATIC_TABLE row 2,8.5831,-1.531,29.045,-4.868,7.865,0.25,0.249758,-0.000242,3.3,3.305191,0.005191,0.67,0.690575,0.020575,2.0,2.006991,0.006991
24074,PI-SIDIS,matched,coherent,GT002,KINEMATIC_TABLE row 2,8.5831,-1.531,29.045,-4.868,7.865,0.25,0.249758,-0.000242,3.3,3.305191,0.005191,0.67,0.690575,0.020575,2.0,2.006991,0.006991
24075,PI-SIDIS,matched,coherent,GT002,KINEMATIC_TABLE row 2,8.5831,-1.531,29.045,-4.868,7.865,0.25,0.249758,-0.000242,3.3,3.305191,0.005191,0.67,0.690575,0.020575,2.0,2.006991,0.006991
24076,PI-SIDIS,matched,coherent,GT002,KINEMATIC_TABLE row 2,8.5831,-1.531,29.045,-4.868,7.865,0.25,0.249758,-0.000242,3.3,3.305191,0.005191,0.67,0.690575,0.020575,2.0,2.006991,0.006991
24078,SHMSDIS,matched,coherent,GT002,KINEMATIC_TABLE row 2,8.5831,-1.531,29.045,-4.868,7.865,0.25,0.249758,-0.000242,3.3,3.305191,0.005191,0.67,0.690575,0.020575,2.0,2.006991,0.006991
24079,PI-SIDIS,matched,coherent,GT002,KINEMATIC_TABLE row 2,8.5831,-1.531,29.045,-4.868,7.865,0.25,0.249758,-0.000242,3.3,3.305191,0.005191,0.67,0.690575,0.020575,2.0,2.006991,0.006991
24080,PI-SIDIS,matched,coherent,GT002,KINEMATIC_TABLE row 2,8.5831,-1.531,29.045,-4.868,7.865,0.25,0.249758,-0.000242,3.3,3.305191,0.005191,0.67,0.690575,0.020575,2.0,2.006991,0.006991
24081,PI-SIDIS,matched,coherent,GT002,KINEMATIC_TABLE row 2,8.5831,-1.531,29.045,-4.868,7.865,0.25,0.249758,-0.000242,3.3,3.305191,0.005191,0.67,0.690575,0.020575,2.0,2.006991,0.006991
24082,PI-SIDIS,matched,coherent,GT002,KINEMATIC_TABLE row 2,8.5831,-1.531,29.045,-4.868,7.865,0.25,0.249758,-0.000242,3.3,3.305191,0.005191,0.67,0.690575,0.020575,2.0,2.006991,0.006991
24083,HMSDIS,matched,coherent,GT002,KINEMATIC_TABLE row 2,8.5831,-1.531,29.045,-4.868,7.865,0.25,0.249758,-0.000242,3.3,3.305191,0.005191,0.67,0.690575,0.020575,2.0,2.006991,0.006991
24084,PI-SIDIS,matched,coherent,GT002,KINEMATIC_TABLE row 2,8.5831,-1.531,29.045,-4.868,7.865,0.25,0.249758,-0.000242,3.3,3.305191,0.005191,0.67,0.690575,0.020575,2.0,2.006991,0.006991
24085,PI-SIDIS,matched,coherent,GT002,KINEMATIC_TABLE row 2,8.5831,-1.531,29.045,-4.868,7.865,0.25,0.249758,-0.000242,3.3,3.305191,0.005191,0.67,0.690575,0.020575,2.0,2.006991,0.006991
24086,PI-SIDIS,matched,coherent,GT002,KINEMATIC_TABLE row 2,8.5831,-1.531,29.045,-4.868,7.865,0.25,0.249758,-0.000242,3.3,3.305191,0.005191,0.67,0.690575,0.020575,2.0,2.006991,0.006991
24087,PI-SIDIS,matched,coherent,GT002,KINEMATIC_TABLE row 2,8.5831,-1.531,29.045,-4.868,7.865,0.25,0.249758,-0.000242,3.3,3.305191,0.005191,0.67,0.690575,0.020575,2.0,2.006991,0.006991
24089,PI-SIDIS,matched,coherent,GT005,KINEMATIC_TABLE row 5,8.5831,-1.531,29.045,-3.632,7.865,0.25,0.249758,-0.000242,3.3,3.305191,0.005191,0.5,0.515404,0.015404,2.0,2.006991,0.006991
24091,PI-SIDIS,matched,coherent,GT005,KINEMATIC_TABLE row 5,8.5831,-1.531,29.045,-3.632,7.865,0.25,0.249758,-0.000242,3.3,3.305191,0.005191,0.5,0.515404,0.015404,2.0,2.006991,0.006991
24092,PI-SIDIS,matched,coherent,GT005,KINEMATIC_TABLE row 5,8.5831,-1.531,29.045,-3.632,7.865,0.25,0.249758,-0.000242,3.3,3.305191,0.005191,0.5,0.515404,0.015404,2.0,2.006991,0.006991
24093,PI-SIDIS,matched,coherent,GT005,KINEMATIC_TABLE row 5,8.5831,-1.531,29.045,-3.632,7.865,0.25,0.249758,-0.000242,3.3,3.305191,0.005191,0.5,0.515404,0.015404,2.0,2.006991,0.006991
24094,PI-SIDIS,matched,coherent,GT005,KINEMATIC_TABLE row 5,8.5831,-1.531,29.045,-3.632,7.865,0.25,0.249758,-0.000242,3.3,3.305191,0.005191,0.5,0.515404,0.015404,2.0,2.006991,0.006991
24095,PI-SIDIS,matched,coherent,GT005,KINEMATIC_TABLE row 5,8.5831,-1.531,29.045,-3.632,7.865,0.25,0.249758,-0.000242,3.3,3.305191,0.005191,0.5,0.515404,0.015404,2.0,2.006991,0.006991
24096,PI-SIDIS,matched,coherent,GT005,KINEMATIC_TABLE row 5,8.5831,-1.531,29.045,-3.632,7.865,0.25,0.249758,-0.000242,3.3,3.305191,0.005191,0.5,0.515404,0.015404,2.0,2.006991,0.006991
24097,PI-SIDIS,matched,coherent,GT005,KINEMATIC_TABLE row 5,8.5831,-1.531,29.045,-3.632,7.865,0.25,0.249758,-0.000242,3.3,3.305191,0.005191,0.5,0.515404,0.015404,2.0,2.006991,0.006991
24098,PI-SIDIS,matched,coherent,GT005,KINEMATIC_TABLE row 5,8.5831,-1.531,29.045,-3.632,7.865,0.25,0.249758,-0.000242,3.3,3.305191,0.005191,0.5,0.515404,0.015404,2.0,2.006991,0.006991
24099,PI-SIDIS,matched,coherent,GT005,KINEMATIC_TABLE row 5,8.5831,-1.531,29.045,-3.632,7.865,0.25,0.249758,-0.000242,3.3,3.305191,0.005191,0.5,0.515404,0.015404,2.0,2.006991,0.006991
24100,PI-SIDIS,matched,coherent,GT005,KINEMATIC_TABLE row 5,8.5831,-1.531,29.045,-3.632,7.865,0.25,0.249758,-0.000242,3.3,3.305191,0.005191,0.5,0.515404,0.015404,2.0,2.006991,0.006991
24101,PI-SIDIS,matched,coherent,GT005,KINEMATIC_TABLE row 5,8.5831,-1.531,29.045,-3.632,7.865,0.25,0.249758,-0.000242,3.3,3.305191,0.005191,0.5,0.515404,0.015404,2.0,2.006991,0.006991
24103,PI-SIDIS,matched,coherent,GT005,KINEMATIC_TABLE row 5,8.5831,-1.531,29.045,-3.632,7.865,0.25,0.249758,-0.000242,3.3,3.305191,0.005191,0.5,0.515404,0.015404,2.0,2.006991,0.006991
24104,PI-SIDIS,matched,coherent,GT005,KINEMATIC_TABLE row 5,8.5831,-1.531,29.045,-3.632,7.865,0.25,0.249758,-0.000242,3.3,3.305191,0.005191,0.5,0.515404,0.015404,2.0,2.006991,0.006991
24110,PI-SIDIS,matched,coherent,GT005,KINEMATIC_TABLE row 5,8.5831,-1.531,29.045,-3.632,7.865,0.25,0.249758,-0.000242,3.3,3.305191,0.005191,0.5,0.515404,0.015404,2.0,2.006991,0.006991
24111,PI-SIDIS,matched,coherent,GT005,KINEMATIC_TABLE row 5,8.5831,-1.531,29.045,-3.632,7.865,0.25,0.249758,-0.000242,3.3,3.305191,0.005191,0.5,0.515404,0.015404,2.0,2.006991,0.006991
24112,PI-SIDIS,matched,coherent,GT005,KINEMATIC_TABLE row 5,8.5831,-1.531,29.045,-3.632,7.865,0.25,0.249758,-0.000242,3.3,3.305191,0.005191,0.5,0.515404,0.015404,2.0,2.006991,0.006991
24113,PI-SIDIS,matched,coherent,GT005,KINEMATIC_TABLE row 5,8.5831,-1.531,29.045,-3.632,7.865,0.25,0.249758,-0.000242,3.3,3.305191,0.005191,0.5,0.515404,0.015404,2.0,2.006991,0.006991
24116,PI-SIDIS,matched,coherent,GT005,KINEMATIC_TABLE row 5,8.5831,-1.531,29.045,-3.632,7.865,0.25,0.249758,-0.000242,3.3,3.305191,0.005191,0.5,0.515404,0.015404,2.0,2.006991,0.006991
24117,PI-SIDIS,matched,coherent,GT005,KINEMATIC_TABLE row 5,8.5831,-1.531,29.045,-3.632,7.865,0.25,0.249758,-0.000242,3.3,3.305191,0.005191,0.5,0.515404,0.015404,2.0,2.006991,0.006991
24118,HMSDIS,matched,coherent,GT005,KINEMATIC_TABLE row 5,8.5831,-1.531,29.045,-3.632,7.865,0.25,0.249758,-0.000242,3.3,3.305191,0.005191,0.5,0.515404,0.015404,2.0,2.006991,0.006991
24119,SHMSDIS,matched,coherent,GT005,KINEMATIC_TABLE row 5,8.5831,-1.531,29.045,-3.632,7.865,0.25,0.249758,-0.000242,3.3,3.305191,0.005191,0.5,0.515404,0.015404,2.0,2.006991,0.006991
24120,PI-SIDIS,matched,coherent,GT005,KINEMATIC_TABLE row 5,8.5831,-1.531,29.045,-3.632,7.865,0.25,0.249758,-0.000242,3.3,3.305191,0.005191,0.5,0.515404,0.015404,2.0,2.006991,0.006991
24121,PI-SIDIS,matched,coherent,GT005,KINEMATIC_TABLE row 5,8.5831,-1.531,29.045,-3.632,7.865,0.25,0.249758,-0.000242,3.3,3.305191,0.005191,0.5,0.515404,0.015404,2.0,2.006991,0.006991
24122,PI-SIDIS,matched,coherent,GT005,KINEMATIC_TABLE row 5,8.5831,-1.531,29.045,-3.632,7.865,0.25,0.249758,-0.000242,3.3,3.305191,0.005191,0.5,0.515404,0.015404,2.0,2.006991,0.006991
24123,PI-SIDIS,matched,coherent,GT005,KINEMATIC_TABLE row 5,8.5831,-1.531,29.045,-3.632,7.865,0.25,0.249758,-0.000242,3.3,3.305191,0.005191,0.5,0.515404,0.015404,2.0,2.006991,0.006991
24125,PI-SIDIS,matched,coherent,GT005,KINEMATIC_TABLE row 5,8.5831,-1.531,29.045,-3.632,7.865,0.25,0.249758,-0.000242,3.3,3.305191,0.005191,0.5,0.515404,0.015404,2.0,2.006991,0.006991
24126,PI-SIDIS,matched,coherent,GT005,KINEMATIC_TABLE row 5,8.5831,-1.531,29.045,-3.632,7.865,0.25,0.249758,-0.000242,3.3,3.305191,0.005191,0.5,0.515404,0.015404,2.0,2.006991,0.006991
24127,PI-SIDIS,matched,coherent,GT005,KINEMATIC_TABLE row 5,8.5831,-1.531,29.045,-3.632,7.865,0.25,0.249758,-0.000242,3.3,3.305191,0.005191,0.5,0.515404,0.015404,2.0,2.006991,0.006991
24128,PI-SIDIS,matched,coherent,GT005,KINEMATIC_TABLE row 5,8.5831,-1.531,29.045,-3.632,7.865,0.25,0.249758,-0.000242,3.3,3.305191,0.005191,0.5,0.515404,0.015404,2.0,2.006991,0.006991
24129,PI-SIDIS,matched,coherent,GT005,KINEMATIC_TABLE row 5,8.5831,-1.531,29.045,-3.632,7.865,0.25,0.249758,-0.000242,3.3,3.305191,0.005191,0.5,0.515404,0.015404,2.0,2.006991,0.006991
24130,PI-SIDIS,matched,coherent,GT005,KINEMATIC_TABLE row 5,8.5831,-1.531,29.045,-3.632,7.865,0.25,0.249758,-0.000242,3.3,3.305191,0.005191,0.5,0.515404,0.015404,2.0,2.006991,0.006991
24131,PI-SIDIS,matched,coherent,GT005,KINEMATIC_TABLE row 5,8.5831,-1.531,29.045,-3.632,7.865,0.25,0.249758,-0.000242,3.3,3.305191,0.005191,0.5,0.515404,0.015404,2.0,2.006991,0.006991
24132,PI-SIDIS,matched,coherent,GT005,KINEMATIC_TABLE row 5,8.5831,-1.531,29.045,-3.632,7.865,0.25,0.249758,-0.000242,3.3,3.305191,0.005191,0.5,0.515404,0.015404,2.0,2.006991,0.006991
24133,PI-SIDIS,matched,coherent,GT005,KINEMATIC_TABLE row 5,8.5831,-1.531,29.045,-3.632,7.865,0.25,0.249758,-0.000242,3.3,3.305191,0.005191,0.5,0.515404,0.015404,2.0,2.006991,0.006991
24134,PI-SIDIS,matched,coherent,GT005,KINEMATIC_TABLE row 5,8.5831,-1.531,29.045,-3.632,7.865,0.25,0.249758,-0.000242,3.3,3.305191,0.005191,0.5,0.515404,0.015404,2.0,2.006991,0.006991
24135,PI-SIDIS,matched,coherent,GT005,KINEMATIC_TABLE row 5,8.5831,-1.531,29.045,-3.632,7.865,0.25,0.249758,-0.000242,3.3,3.305191,0.005191,0.5,0.515404,0.015404,2.0,2.006991,0.006991
24136,HMSDIS,matched,coherent,GT005,KINEMATIC_TABLE row 5,8.5831,-1.531,29.045,-3.632,7.865,0.25,0.249758,-0.000242,3.3,3.305191,0.005191,0.5,0.515404,0.015404,2.0,2.006991,0.006991
24137,SHMSDIS,matched,coherent,GT005,KINEMATIC_TABLE row 5,8.5831,-1.531,29.045,-3.632,7.865,0.25,0.249758,-0.000242,3.3,3.305191,0.005191,0.5,0.515404,0.015404,2.0,2.006991,0.006991
24138,PI-SIDIS,matched,coherent,GT005,KINEMATIC_TABLE row 5,8.5831,-1.531,29.045,-3.632,7.865,0.25,0.249758,-0.000242,3.3,3.305191,0.005191,0.5,0.515404,0.015404,2.0,2.006991,0.006991
24139,PI-SIDIS,matched,coherent,GT005,KINEMATIC_TABLE row 5,8.5831,-1.531,29.045,-3.632,7.865,0.25,0.249758,-0.000242,3.3,3.305191,0.005191,0.5,0.515404,0.015404,2.0,2.006991,0.006991
24140,PI-SIDIS,matched,coherent,GT005,KINEMATIC_TABLE row 5,8.5831,-1.531,29.045,-3.632,7.865,0.25,0.249758,-0.000242,3.3,3.305191,0.005191,0.5,0.515404,0.015404,2.0,2.006991,0.006991
24141,PI-SIDIS,matched,coherent,GT005,KINEMATIC_TABLE row 5,8.5831,-1.531,29.045,-3.632,7.865,0.25,0.249758,-0.000242,3.3,3.305191,0.005191,0.5,0.515404,0.015404,2.0,2.006991,0.006991
24142,HMSDIS,matched,coherent,GT005,KINEMATIC_TABLE row 5,8.5831,-1.531,29.045,-3.632,7.865,0.25,0.249758,-0.000242,3.3,3.305191,0.005191,0.5,0.515404,0.015404,2.0,2.006991,0.006991
24143,SHMSDIS,matched,coherent,GT005,KINEMATIC_TABLE row 5,8.5831,-1.531,29.045,-3.632,7.865,0.25,0.249758,-0.000242,3.3,3.305191,0.005191,0.5,0.515404,0.015404,2.0,2.006991,0.006991
24144,PI-SIDIS,matched,coherent,GT005,KINEMATIC_TABLE row 5,8.5831,-1.531,29.045,-3.632,7.865,0.25,0.249758,-0.000242,3.3,3.305191,0.005191,0.5,0.515404,0.015404,2.0,2.006991,0.006991
24145,PI-SIDIS,matched,coherent,GT005,KINEMATIC_TABLE row 5,8.5831,-1.531,29.045,-3.632,7.865,0.25,0.249758,-0.000242,3.3,3.305191,0.005191,0.5,0.515404,0.015404,2.0,2.006991,0.006991
24146,PI-SIDIS,matched,coherent,GT005,KINEMATIC_TABLE row 5,8.5831,-1.531,29.045,-3.632,7.865,0.25,0.249758,-0.000242,3.3,3.305191,0.005191,0.5,0.515404,0.015404,2.0,2.006991,0.006991
24147,PI-SIDIS,matched,coherent,GT005,KINEMATIC_TABLE row 5,8.5831,-1.531,29.045,-3.632,7.865,0.25,0.249758,-0.000242,3.3,3.305191,0.005191,0.5,0.515404,0.015404,2.0,2.006991,0.006991
24148,HMSDIS,matched,coherent,GT005,KINEMATIC_TABLE row 5,8.5831,-1.531,29.045,-3.632,7.865,0.25,0.249758,-0.000242,3.3,3.305191,0.005191,0.5,0.515404,0.015404,2.0,2.006991,0.006991
24149,SHMSDIS,matched,coherent,GT005,KINEMATIC_TABLE row 5,8.5831,-1.531,29.045,-3.632,7.865,0.25,0.249758,-0.000242,3.3,3.305191,0.005191,0.5,0.515404,0.015404,2.0,2.006991,0.006991
24150,PI-SIDIS,matched,coherent,GT005,KINEMATIC_TABLE row 5,8.5831,-1.531,29.045,-3.632,7.865,0.25,0.249758,-0.000242,3.3,3.305191,0.005191,0.5,0.515404,0.015404,2.0,2.006991,0.006991
24151,PI-SIDIS,matched,coherent,GT005,KINEMATIC_TABLE row 5,8.5831,-1.531,29.045,-3.632,7.865,0.25,0.249758,-0.000242,3.3,3.305191,0.005191,0.5,0.515404,0.015404,2.0,2.006991,0.006991
24153,PI-SIDIS,matched,coherent,GT005,KINEMATIC_TABLE row 5,8.5831,-1.531,29.045,-3.632,7.865,0.25,0.249758,-0.000242,3.3,3.305191,0.005191,0.5,0.515404,0.015404,2.0,2.006991,0.006991
24155,PI-SIDIS,matched,coherent,GT005,KINEMATIC_TABLE row 5,8.5831,-1.531,29.045,-3.632,7.865,0.25,0.249758,-0.000242,3.3,3.305191,0.005191,0.5,0.515404,0.015404,2.0,2.006991,0.006991
24156,PI-SIDIS,matched,coherent,GT005,KINEMATIC_TABLE row 5,8.5831,-1.531,29.045,-3.632,7.865,0.25,0.249758,-0.000242,3.3,3.305191,0.005191,0.5,0.515404,0.015404,2.0,2.006991,0.006991
24157,PI-SIDIS,matched,coherent,GT005,KINEMATIC_TABLE row 5,8.5831,-1.531,29.045,-3.632,7.865,0.25,0.249758,-0.000242,3.3,3.305191,0.005191,0.5,0.515404,0.015404,2.0,2.006991,0.006991
24158,PI-SIDIS,matched,coherent,GT005,KINEMATIC_TABLE row 5,8.5831,-1.531,29.045,-3.632,7.865,0.25,0.249758,-0.000242,3.3,3.305191,0.005191,0.5,0.515404,0.015404,2.0,2.006991,0.006991
24159,PI-SIDIS,matched,coherent,GT005,KINEMATIC_TABLE row 5,8.5831,-1.531,29.045,-3.632,7.865,0.25,0.249758,-0.000242,3.3,3.305191,0.005191,0.5,0.515404,0.015404,2.0,2.006991,0.006991
24160,PI-SIDIS,matched,coherent,GT005,KINEMATIC_TABLE row 5,8.5831,-1.531,29.045,-3.632,7.865,0.25,0.249758,-0.000242,3.3,3.305191,0.005191,0.5,0.515404,0.015404,2.0,2.006991,0.006991
24161,PI-SIDIS,matched,coherent,GT005,KINEMATIC_TABLE row 5,8.5831,-1.531,29.045,-3.632,7.865,0.25,0.249758,-0.000242,3.3,3.305191,0.005191,0.5,0.515404,0.015404,2.0,2.006991,0.006991
24162,PI-SIDIS,matched,coherent,GT005,KINEMATIC_TABLE row 5,8.5831,-1.531,29.045,-3.632,7.865,0.25,0.249758,-0.000242,3.3,3.305191,0.005191,0.5,0.515404,0.015404,2.0,2.006991,0.006991
24163,PI-SIDIS,matched,coherent,GT005,KINEMATIC_TABLE row 5,8.5831,-1.531,29.045,-3.632,7.865,0.25,0.249758,-0.000242,3.3,3.305191,0.005191,0.5,0.515404,0.015404,2.0,2.006991,0.006991
24164,PI-SIDIS,matched,coherent,GT005,KINEMATIC_TABLE row 5,8.5831,-1.531,29.045,-3.632,7.865,0.25,0.249758,-0.000242,3.3,3.305191,0.005191,0.5,0.515404,0.015404,2.0,2.006991,0.006991
24165,PI-SIDIS,matched,coherent,GT005,KINEMATIC_TABLE row 5,8.5831,-1.531,29.045,-3.632,7.865,0.25,0.249758,-0.000242,3.3,3.305191,0.005191,0.5,0.515404,0.015404,2.0,2.006991,0.006991
24166,PI-SIDIS,matched,coherent,GT005,KINEMATIC_TABLE row 5,8.5831,-1.531,29.045,-3.632,7.865,0.25,0.249758,-0.000242,3.3,3.305191,0.005191,0.5,0.515404,0.015404,2.0,2.006991,0.006991
24167,PI-SIDIS,matched,coherent,GT005,KINEMATIC_TABLE row 5,8.5831,-1.531,29.045,-3.632,7.865,0.25,0.249758,-0.000242,3.3,3.305191,0.005191,0.5,0.515404,0.015404,2.0,2.006991,0.006991
24168,PI-SIDIS,matched,coherent,GT005,KINEMATIC_TABLE row 5,8.5831,-1.531,29.045,-3.632,7.865,0.25,0.249758,-0.000242,3.3,3.305191,0.005191,0.5,0.515404,0.015404,2.0,2.006991,0.006991
24169,PI-SIDIS,matched,coherent,GT005,KINEMATIC_TABLE row 5,8.5831,-1.531,29.045,-3.632,7.865,0.25,0.249758,-0.000242,3.3,3.305191,0.005191,0.5,0.515404,0.015404,2.0,2.006991,0.006991
24170,PI-SIDIS,matched,coherent,GT005,KINEMATIC_TABLE row 5,8.5831,-1.531,29.045,-3.632,7.865,0.25,0.249758,-0.000242,3.3,3.305191,0.005191,0.5,0.515404,0.015404,2.0,2.006991,0.006991
24171,PI-SIDIS,matched,coherent,GT005,KINEMATIC_TABLE row 5,8.5831,-1.531,29.045,-3.632,7.865,0.25,0.249758,-0.000242,3.3,3.305191,0.005191,0.5,0.515404,0.015404,2.0,2.006991,0.006991
24172,PI-SIDIS,matched,coherent,GT005,KINEMATIC_TABLE row 5,8.5831,-1.531,29.045,-3.632,7.865,0.25,0.249758,-0.000242,3.3,3.305191,0.005191,0.5,0.515404,0.015404,2.0,2.006991,0.006991
24173,PI-SIDIS,matched,coherent,GT005,KINEMATIC_TABLE row 5,8.5831,-1.531,29.045,-3.632,7.865,0.25,0.249758,-0.000242,3.3,3.305191,0.005191,0.5,0.515404,0.015404,2.0,2.006991,0.006991
24174,PI-SIDIS,matched,coherent,GT005,KINEMATIC_TABLE row 5,8.5831,-1.531,29.045,-3.632,7.865,0.25,0.249758,-0.000242,3.3,3.305191,0.005191,0.5,0.515404,0.015404,2.0,2.006991,0.006991
24175,PI-SIDIS,matched,coherent,GT005,KINEMATIC_TABLE row 5,8.5831,-1.531,29.045,-3.632,7.865,0.25,0.249758,-0.000242,3.3,3.305191,0.005191,0.5,0.515404,0.015404,2.0,2.006991,0.006991
24176,PI-SIDIS,matched,coherent,GT005,KINEMATIC_TABLE row 5,8.5831,-1.531,29.045,-3.632,7.865,0.25,0.249758,-0.000242,3.3,3.305191,0.005191,0.5,0.515404,0.015404,2.0,2.006991,0.006991
24177,PI-SIDIS,matched,coherent,GT005,KINEMATIC_TABLE row 5,8.5831,-1.531,29.045,-3.632,7.865,0.25,0.249758,-0.000242,3.3,3.305191,0.005191,0.5,0.515404,0.015404,2.0,2.006991,0.006991
24178,PI-SIDIS,matched,coherent,GT005,KINEMATIC_TABLE row 5,8.5831,-1.531,29.045,-3.632,7.865,0.25,0.249758,-0.000242,3.3,3.305191,0.005191,0.5,0.515404,0.015404,2.0,2.006991,0.006991
24179,PI-SIDIS,matched,coherent,GT005,KINEMATIC_TABLE row 5,8.5831,-1.531,29.045,-3.632,7.865,0.25,0.249758,-0.000242,3.3,3.305191,0.005191,0.5,0.515404,0.015404,2.0,2.006991,0.006991
24183,HMSDIS,matched,coherent,GT005,KINEMATIC_TABLE row 5,8.5831,-1.531,29.045,-3.632,7.865,0.25,0.249758,-0.000242,3.3,3.305191,0.005191,0.5,0.515404,0.015404,2.0,2.006991,0.006991
24184,HMSDIS,matched,coherent,GT005,KINEMATIC_TABLE row 5,8.5831,-1.531,29.045,-3.632,7.865,0.25,0.249758,-0.000242,3.3,3.305191,0.005191,0.5,0.515404,0.015404,2.0,2.006991,0.006991
24185,PI-SIDIS,matched,coherent,GT005,KINEMATIC_TABLE row 5,8.5831,-1.531,29.045,-3.632,7.865,0.25,0.249758,-0.000242,3.3,3.305191,0.005191,0.5,0.515404,0.015404,2.0,2.006991,0.006991
24187,PI+SIDIS,matched,coherent,GT001,KINEMATIC_TABLE row 1,8.5831,-1.531,29.045,6.538,7.865,0.25,0.249758,-0.000242,3.3,3.305191,0.005191,0.9,0.927311,0.027311,2.0,2.006991,0.006991
24188,PI+SIDIS,matched,coherent,GT001,KINEMATIC_TABLE row 1,8.5831,-1.531,29.045,6.538,7.865,0.25,0.249758,-0.000242,3.3,3.305191,0.005191,0.9,0.927311,0.027311,2.0,2.006991,0.006991
24189,PI+SIDIS,matched,coherent,GT001,KINEMATIC_TABLE row 1,8.5831,-1.531,29.045,6.538,7.865,0.25,0.249758,-0.000242,3.3,3.305191,0.005191,0.9,0.927311,0.027311,2.0,2.006991,0.006991
24190,PI+SIDIS,matched,coherent,GT001,KINEMATIC_TABLE row 1,8.5831,-1.531,29.045,6.538,7.865,0.25,0.249758,-0.000242,3.3,3.305191,0.005191,0.9,0.927311,0.027311,2.0,2.006991,0.006991
24191,PI+SIDIS,matched,coherent,GT001,KINEMATIC_TABLE row 1,8.5831,-1.531,29.045,6.538,7.865,0.25,0.249758,-0.000242,3.3,3.305191,0.005191,0.9,0.927311,0.027311,2.0,2.006991,0.006991
24192,PI+SIDIS,matched,coherent,GT001,KINEMATIC_TABLE row 1,8.5831,-1.531,29.045,6.538,7.865,0.25,0.249758,-0.000242,3.3,3.305191,0.005191,0.9,0.927311,0.027311,2.0,2.006991,0.006991
24193,PI+SIDIS,matched,coherent,GT001,KINEMATIC_TABLE row 1,8.5831,-1.531,29.045,6.538,7.865,0.25,0.249758,-0.000242,3.3,3.305191,0.005191,0.9,0.927311,0.027311,2.0,2.006991,0.006991
24194,PI+SIDIS,matched,coherent,GT001,KINEMATIC_TABLE row 1,8.5831,-1.531,29.045,6.538,7.865,0.25,0.249758,-0.000242,3.3,3.305191,0.005191,0.9,0.927311,0.027311,2.0,2.006991,0.006991
24195,PI+SIDIS,matched,coherent,GT001,KINEMATIC_TABLE row 1,8.5831,-1.531,29.045,6.538,7.865,0.25,0.249758,-0.000242,3.3,3.305191,0.005191,0.9,0.927311,0.027311,2.0,2.006991,0.006991
24196,PI+SIDIS,matched,coherent,GT001,KINEMATIC_TABLE row 1,8.5831,-1.531,29.045,6.538,7.865,0.25,0.249758,-0.000242,3.3,3.305191,0.005191,0.9,0.927311,0.027311,2.0,2.006991,0.006991
24197,PI+SIDIS,matched,coherent,GT001,KINEMATIC_TABLE row 1,8.5831,-1.531,29.045,6.538,7.865,0.25,0.249758,-0.000242,3.3,3.305191,0.005191,0.9,0.927311,0.027311,2.0,2.006991,0.006991
24198,HMSDIS,matched,coherent,GT001,KINEMATIC_TABLE row 1,8.5831,-1.531,29.045,6.538,7.865,0.25,0.249758,-0.000242,3.3,3.305191,0.005191,0.9,0.927311,0.027311,2.0,2.006991,0.006991
24199,SHMSDIS,matched,coherent,GT001,KINEMATIC_TABLE row 1,8.5831,-1.531,29.045,6.538,7.865,0.25,0.249758,-0.000242,3.3,3.305191,0.005191,0.9,0.927311,0.027311,2.0,2.006991,0.006991
24200,PI+SIDIS,matched,coherent,GT001,KINEMATIC_TABLE row 1,8.5831,-1.531,29.045,6.538,7.865,0.25,0.249758,-0.000242,3.3,3.305191,0.005191,0.9,0.927311,0.027311,2.0,2.006991,0.006991
24201,PI+SIDIS,matched,coherent,GT001,KINEMATIC_TABLE row 1,8.5831,-1.531,29.045,6.538,7.865,0.25,0.249758,-0.000242,3.3,3.305191,0.005191,0.9,0.927311,0.027311,2.0,2.006991,0.006991
24203,PI+SIDIS,matched,coherent,GT001,KINEMATIC_TABLE row 1,8.5831,-1.531,29.045,6.538,7.865,0.25,0.249758,-0.000242,3.3,3.305191,0.005191,0.9,0.927311,0.027311,2.0,2.006991,0.006991
24204,PI+SIDIS,matched,coherent,GT001,KINEMATIC_TABLE row 1,8.5831,-1.531,29.045,6.538,7.865,0.25,0.249758,-0.000242,3.3,3.305191,0.005191,0.9,0.927311,0.027311,2.0,2.006991,0.006991
24205,HMSDIS,matched,coherent,GT001,KINEMATIC_TABLE row 1,8.5831,-1.531,29.045,6.538,7.865,0.25,0.249758,-0.000242,3.3,3.305191,0.005191,0.9,0.927311,0.027311,2.0,2.006991,0.006991
24206,PI+SIDIS,matched,coherent,GT001,KINEMATIC_TABLE row 1,8.5831,-1.531,29.045,6.538,7.865,0.25,0.249758,-0.000242,3.3,3.305191,0.005191,0.9,0.927311,0.027311,2.0,2.006991,0.006991
24207,PI+SIDIS,matched,coherent,GT001,KINEMATIC_TABLE row 1,8.5831,-1.531,29.045,6.538,7.865,0.25,0.249758,-0.000242,3.3,3.305191,0.005191,0.9,0.927311,0.027311,2.0,2.006991,0.006991
24208,PI+SIDIS,matched,coherent,GT001,KINEMATIC_TABLE row 1,8.5831,-1.531,29.045,6.538,7.865,0.25,0.249758,-0.000242,3.3,3.305191,0.005191,0.9,0.927311,0.027311,2.0,2.006991,0.006991
24209,HMSDIS,matched,coherent,GT001,KINEMATIC_TABLE row 1,8.5831,-1.531,29.045,6.538,7.865,0.25,0.249758,-0.000242,3.3,3.305191,0.005191,0.9,0.927311,0.027311,2.0,2.006991,0.006991
24210,PI+SIDIS,matched,coherent,GT001,KINEMATIC_TABLE row 1,8.5831,-1.531,29.045,6.538,7.865,0.25,0.249758,-0.000242,3.3,3.305191,0.005191,0.9,0.927311,0.027311,2.0,2.006991,0.006991
24211,PI+SIDIS,matched,coherent,GT001,KINEMATIC_TABLE row 1,8.5831,-1.531,29.045,6.538,7.865,0.25,0.249758,-0.000242,3.3,3.305191,0.005191,0.9,0.927311,0.027311,2.0,2.006991,0.006991
24212,HMSDIS,matched,coherent,GT001,KINEMATIC_TABLE row 1,8.5831,-1.531,29.045,6.538,7.865,0.25,0.249758,-0.000242,3.3,3.305191,0.005191,0.9,0.927311,0.027311,2.0,2.006991,0.006991
24213,PI+SIDIS,matched,coherent,GT002,KINEMATIC_TABLE row 2,8.5831,-1.531,29.045,4.868,7.865,0.25,0.249758,-0.000242,3.3,3.305191,0.005191,0.67,0.690575,0.020575,2.0,2.006991,0.006991
24214,PI+SIDIS,matched,coherent,GT002,KINEMATIC_TABLE row 2,8.5831,-1.531,29.045,4.868,7.865,0.25,0.249758,-0.000242,3.3,3.305191,0.005191,0.67,0.690575,0.020575,2.0,2.006991,0.006991
24215,PI+SIDIS,matched,coherent,GT002,KINEMATIC_TABLE row 2,8.5831,-1.531,29.045,4.868,7.865,0.25,0.249758,-0.000242,3.3,3.305191,0.005191,0.67,0.690575,0.020575,2.0,2.006991,0.006991
24216,PI+SIDIS,matched,coherent,GT002,KINEMATIC_TABLE row 2,8.5831,-1.531,29.045,4.868,7.865,0.25,0.249758,-0.000242,3.3,3.305191,0.005191,0.67,0.690575,0.020575,2.0,2.006991,0.006991
24217,PI+SIDIS,matched,coherent,GT002,KINEMATIC_TABLE row 2,8.5831,-1.531,29.045,4.868,7.865,0.25,0.249758,-0.000242,3.3,3.305191,0.005191,0.67,0.690575,0.020575,2.0,2.006991,0.006991
24218,PI+SIDIS,matched,coherent,GT002,KINEMATIC_TABLE row 2,8.5831,-1.531,29.045,4.868,7.865,0.25,0.249758,-0.000242,3.3,3.305191,0.005191,0.67,0.690575,0.020575,2.0,2.006991,0.006991
24219,PI+SIDIS,matched,coherent,GT002,KINEMATIC_TABLE row 2,8.5831,-1.531,29.045,4.868,7.865,0.25,0.249758,-0.000242,3.3,3.305191,0.005191,0.67,0.690575,0.020575,2.0,2.006991,0.006991
24220,PI+SIDIS,matched,coherent,GT002,KINEMATIC_TABLE row 2,8.5831,-1.531,29.045,4.868,7.865,0.25,0.249758,-0.000242,3.3,3.305191,0.005191,0.67,0.690575,0.020575,2.0,2.006991,0.006991
24221,HMSDIS,matched,coherent,GT002,KINEMATIC_TABLE row 2,8.5831,-1.531,29.045,4.868,7.865,0.25,0.249758,-0.000242,3.3,3.305191,0.005191,0.67,0.690575,0.020575,2.0,2.006991,0.006991
24222,PI+SIDIS,matched,coherent,GT002,KINEMATIC_TABLE row 2,8.5831,-1.531,29.045,4.868,7.865,0.25,0.249758,-0.000242,3.3,3.305191,0.005191,0.67,0.690575,0.020575,2.0,2.006991,0.006991
24223,PI+SIDIS,matched,coherent,GT002,KINEMATIC_TABLE row 2,8.5831,-1.531,29.045,4.868,7.865,0.25,0.249758,-0.000242,3.3,3.305191,0.005191,0.67,0.690575,0.020575,2.0,2.006991,0.006991
24224,PI+SIDIS,matched,coherent,GT002,KINEMATIC_TABLE row 2,8.5831,-1.531,29.045,4.868,7.865,0.25,0.249758,-0.000242,3.3,3.305191,0.005191,0.67,0.690575,0.020575,2.0,2.006991,0.006991
24225,PI+SIDIS,matched,coherent,GT002,KINEMATIC_TABLE row 2,8.5831,-1.531,29.045,4.868,7.865,0.25,0.249758,-0.000242,3.3,3.305191,0.005191,0.67,0.690575,0.020575,2.0,2.006991,0.006991
24226,PI+SIDIS,matched,coherent,GT002,KINEMATIC_TABLE row 2,8.5831,-1.531,29.045,4.868,7.865,0.25,0.249758,-0.000242,3.3,3.305191,0.005191,0.67,0.690575,0.020575,2.0,2.006991,0.006991
24227,PI+SIDIS,matched,coherent,GT002,KINEMATIC_TABLE row 2,8.5831,-1.531,29.045,4.868,7.865,0.25,0.249758,-0.000242,3.3,3.305191,0.005191,0.67,0.690575,0.020575,2.0,2.006991,0.006991
24228,PI+SIDIS,matched,coherent,GT002,KINEMATIC_TABLE row 2,8.5831,-1.531,29.045,4.868,7.865,0.25,0.249758,-0.000242,3.3,3.305191,0.005191,0.67,0.690575,0.020575,2.0,2.006991,0.006991
24229,PI+SIDIS,matched,coherent,GT002,KINEMATIC_TABLE row 2,8.5831,-1.531,29.045,4.868,7.865,0.25,0.249758,-0.000242,3.3,3.305191,0.005191,0.67,0.690575,0.020575,2.0,2.006991,0.006991
24230,PI+SIDIS,matched,coherent,GT002,KINEMATIC_TABLE row 2,8.5831,-1.531,29.045,4.868,7.865,0.25,0.249758,-0.000242,3.3,3.305191,0.005191,0.67,0.690575,0.020575,2.0,2.006991,0.006991
24231,HMSDIS,matched,coherent,GT002,KINEMATIC_TABLE row 2,8.5831,-1.531,29.045,4.868,7.865,0.25,0.249758,-0.000242,3.3,3.305191,0.005191,0.67,0.690575,0.020575,2.0,2.006991,0.006991
24232,PI+SIDIS,matched,coherent,GT002,KINEMATIC_TABLE row 2,8.5831,-1.531,29.045,4.868,7.865,0.25,0.249758,-0.000242,3.3,3.305191,0.005191,0.67,0.690575,0.020575,2.0,2.006991,0.006991
24233,PI+SIDIS,matched,coherent,GT002,KINEMATIC_TABLE row 2,8.5831,-1.531,29.045,4.868,7.865,0.25,0.249758,-0.000242,3.3,3.305191,0.005191,0.67,0.690575,0.020575,2.0,2.006991,0.006991
24234,PI+SIDIS,matched,coherent,GT002,KINEMATIC_TABLE row 2,8.5831,-1.531,29.045,4.868,7.865,0.25,0.249758,-0.000242,3.3,3.305191,0.005191,0.67,0.690575,0.020575,2.0,2.006991,0.006991
24235,HMSDIS,matched,coherent,GT002,KINEMATIC_TABLE row 2,8.5831,-1.531,29.045,4.868,7.865,0.25,0.249758,-0.000242,3.3,3.305191,0.005191,0.67,0.690575,0.020575,2.0,2.006991,0.006991
24236,PI+SIDIS,matched,coherent,GT002,KINEMATIC_TABLE row 2,8.5831,-1.531,29.045,4.868,7.865,0.25,0.249758,-0.000242,3.3,3.305191,0.005191,0.67,0.690575,0.020575,2.0,2.006991,0.006991
24237,PI+SIDIS,matched,coherent,GT002,KINEMATIC_TABLE row 2,8.5831,-1.531,29.045,4.868,7.865,0.25,0.249758,-0.000242,3.3,3.305191,0.005191,0.67,0.690575,0.020575,2.0,2.006991,0.006991
24238,PI+SIDIS,matched,coherent,GT002,KINEMATIC_TABLE row 2,8.5831,-1.531,29.045,4.868,7.865,0.25,0.249758,-0.000242,3.3,3.305191,0.005191,0.67,0.690575,0.020575,2.0,2.006991,0.006991
24239,PI+SIDIS,matched,coherent,GT002,KINEMATIC_TABLE row 2,8.5831,-1.531,29.045,4.868,7.865,0.25,0.249758,-0.000242,3.3,3.305191,0.005191,0.67,0.690575,0.020575,2.0,2.006991,0.006991
24240,PI+SIDIS,matched,coherent,GT002,KINEMATIC_TABLE row 2,8.5831,-1.531,29.045,4.868,7.865,0.25,0.249758,-0.000242,3.3,3.305191,0.005191,0.67,0.690575,0.020575,2.0,2.006991,0.006991
24241,PI+SIDIS,matched,coherent,GT002,KINEMATIC_TABLE row 2,8.5831,-1.531,29.045,4.868,7.865,0.25,0.249758,-0.000242,3.3,3.305191,0.005191,0.67,0.690575,0.020575,2.0,2.006991,0.006991
24242,HMSDIS,matched,coherent,GT002,KINEMATIC_TABLE row 2,8.5831,-1.531,29.045,4.868,7.865,0.25,0.249758,-0.000242,3.3,3.305191,0.005191,0.67,0.690575,0.020575,2.0,2.006991,0.006991
24243,PI+SIDIS,matched,coherent,GT002,KINEMATIC_TABLE row 2,8.5831,-1.531,29.045,4.868,7.865,0.25,0.249758,-0.000242,3.3,3.305191,0.005191,0.67,0.690575,0.020575,2.0,2.006991,0.006991
24244,PI+SIDIS,matched,coherent,GT002,KINEMATIC_TABLE row 2,8.5831,-1.531,29.045,4.868,7.865,0.25,0.249758,-0.000242,3.3,3.305191,0.005191,0.67,0.690575,0.020575,2.0,2.006991,0.006991
24245,PI+SIDIS,matched,coherent,GT002,KINEMATIC_TABLE row 2,8.5831,-1.531,29.045,4.868,7.865,0.25,0.249758,-0.000242,3.3,3.305191,0.005191,0.67,0.690575,0.020575,2.0,2.006991,0.006991
24246,PI+SIDIS,matched,coherent,GT002,KINEMATIC_TABLE row 2,8.5831,-1.531,29.045,4.868,7.865,0.25,0.249758,-0.000242,3.3,3.305191,0.005191,0.67,0.690575,0.020575,2.0,2.006991,0.006991
24247,PI+SIDIS,matched,coherent,GT002,KINEMATIC_TABLE row 2,8.5831,-1.531,29.045,4.868,7.865,0.25,0.249758,-0.000242,3.3,3.305191,0.005191,0.67,0.690575,0.020575,2.0,2.006991,0.006991
24248,PI+SIDIS,matched,coherent,GT002,KINEMATIC_TABLE row 2,8.5831,-1.531,29.045,4.868,7.865,0.25,0.249758,-0.000242,3.3,3.305191,0.005191,0.67,0.690575,0.020575,2.0,2.006991,0.006991
24249,HMSDIS,matched,coherent,GT002,KINEMATIC_TABLE row 2,8.5831,-1.531,29.045,4.868,7.865,0.25,0.249758,-0.000242,3.3,3.305191,0.005191,0.67,0.690575,0.020575,2.0,2.006991,0.006991
24250,PI+SIDIS,matched,coherent,GT002,KINEMATIC_TABLE row 2,8.5831,-1.531,29.045,4.868,7.865,0.25,0.249758,-0.000242,3.3,3.305191,0.005191,0.67,0.690575,0.020575,2.0,2.006991,0.006991
24251,PI+SIDIS,matched,coherent,GT002,KINEMATIC_TABLE row 2,8.5831,-1.531,29.045,4.868,7.865,0.25,0.249758,-0.000242,3.3,3.305191,0.005191,0.67,0.690575,0.020575,2.0,2.006991,0.006991
24252,PI+SIDIS,matched,coherent,GT002,KINEMATIC_TABLE row 2,8.5831,-1.531,29.045,4.868,7.865,0.25,0.249758,-0.000242,3.3,3.305191,0.005191,0.67,0.690575,0.020575,2.0,2.006991,0.006991
24253,PI+SIDIS,matched,coherent,GT002,KINEMATIC_TABLE row 2,8.5831,-1.531,29.045,4.868,7.865,0.25,0.249758,-0.000242,3.3,3.305191,0.005191,0.67,0.690575,0.020575,2.0,2.006991,0.006991
24254,PI+SIDIS,matched,coherent,GT002,KINEMATIC_TABLE row 2,8.5831,-1.531,29.045,4.868,7.865,0.25,0.249758,-0.000242,3.3,3.305191,0.005191,0.67,0.690575,0.020575,2.0,2.006991,0.006991
24255,PI+SIDIS,matched,coherent,GT002,KINEMATIC_TABLE row 2,8.5831,-1.531,29.045,4.868,7.865,0.25,0.249758,-0.000242,3.3,3.305191,0.005191,0.67,0.690575,0.020575,2.0,2.006991,0.006991
24256,HMSDIS,matched,coherent,GT002,KINEMATIC_TABLE row 2,8.5831,-1.531,29.045,4.868,7.865,0.25,0.249758,-0.000242,3.3,3.305191,0.005191,0.67,0.690575,0.020575,2.0,2.006991,0.006991
24257,PI+SIDIS,matched,coherent,GT002,KINEMATIC_TABLE row 2,8.5831,-1.531,29.045,4.868,7.865,0.25,0.249758,-0.000242,3.3,3.305191,0.005191,0.67,0.690575,0.020575,2.0,2.006991,0.006991
24258,PI+SIDIS,matched,coherent,GT002,KINEMATIC_TABLE row 2,8.5831,-1.531,29.045,4.868,7.865,0.25,0.249758,-0.000242,3.3,3.305191,0.005191,0.67,0.690575,0.020575,2.0,2.006991,0.006991
24259,PI+SIDIS,matched,coherent,GT002,KINEMATIC_TABLE row 2,8.5831,-1.531,29.045,4.868,7.865,0.25,0.249758,-0.000242,3.3,3.305191,0.005191,0.67,0.690575,0.020575,2.0,2.006991,0.006991
24260,PI+SIDIS,matched,coherent,GT002,KINEMATIC_TABLE row 2,8.5831,-1.531,29.045,4.868,7.865,0.25,0.249758,-0.000242,3.3,3.305191,0.005191,0.67,0.690575,0.020575,2.0,2.006991,0.006991
24261,PI+SIDIS,matched,coherent,GT002,KINEMATIC_TABLE row 2,8.5831,-1.531,29.045,4.868,7.865,0.25,0.249758,-0.000242,3.3,3.305191,0.005191,0.67,0.690575,0.020575,2.0,2.006991,0.006991
24262,PI+SIDIS,matched,coherent,GT002,KINEMATIC_TABLE row 2,8.5831,-1.531,29.045,4.868,7.865,0.25,0.249758,-0.000242,3.3,3.305191,0.005191,0.67,0.690575,0.020575,2.0,2.006991,0.006991
24263,PI+SIDIS,matched,coherent,GT002,KINEMATIC_TABLE row 2,8.5831,-1.531,29.045,4.868,7.865,0.25,0.249758,-0.000242,3.3,3.305191,0.005191,0.67,0.690575,0.020575,2.0,2.006991,0.006991
24264,PI+SIDIS,matched,coherent,GT002,KINEMATIC_TABLE row 2,8.5831,-1.531,29.045,4.868,7.865,0.25,0.249758,-0.000242,3.3,3.305191,0.005191,0.67,0.690575,0.020575,2.0,2.006991,0.006991
24265,HMSDIS,matched,coherent,GT002,KINEMATIC_TABLE row 2,8.5831,-1.531,29.045,4.868,7.865,0.25,0.249758,-0.000242,3.3,3.305191,0.005191,0.67,0.690575,0.020575,2.0,2.006991,0.006991
24266,PI+SIDIS,matched,coherent,GT002,KINEMATIC_TABLE row 2,8.5831,-1.531,29.045,4.868,7.865,0.25,0.249758,-0.000242,3.3,3.305191,0.005191,0.67,0.690575,0.020575,2.0,2.006991,0.006991
24267,PI+SIDIS,matched,coherent,GT002,KINEMATIC_TABLE row 2,8.5831,-1.531,29.045,4.868,7.865,0.25,0.249758,-0.000242,3.3,3.305191,0.005191,0.67,0.690575,0.020575,2.0,2.006991,0.006991
24268,PI+SIDIS,matched,coherent,GT002,KINEMATIC_TABLE row 2,8.5831,-1.531,29.045,4.868,7.865,0.25,0.249758,-0.000242,3.3,3.305191,0.005191,0.67,0.690575,0.020575,2.0,2.006991,0.006991
24269,PI+SIDIS,matched,coherent,GT002,KINEMATIC_TABLE row 2,8.5831,-1.531,29.045,4.868,7.865,0.25,0.249758,-0.000242,3.3,3.305191,0.005191,0.67,0.690575,0.020575,2.0,2.006991,0.006991
24270,PI+SIDIS,matched,coherent,GT002,KINEMATIC_TABLE row 2,8.5831,-1.531,29.045,4.868,7.865,0.25,0.249758,-0.000242,3.3,3.305191,0.005191,0.67,0.690575,0.020575,2.0,2.006991,0.006991
24271,PI+SIDIS,matched,coherent,GT002,KINEMATIC_TABLE row 2,8.5831,-1.531,29.045,4.868,7.865,0.25,0.249758,-0.000242,3.3,3.305191,0.005191,0.67,0.690575,0.020575,2.0,2.006991,0.006991
24273,PI+SIDIS,matched,coherent,GT002,KINEMATIC_TABLE row 2,8.5831,-1.531,29.045,4.868,7.865,0.25,0.249758,-0.000242,3.3,3.305191,0.005191,0.67,0.690575,0.020575,2.0,2.006991,0.006991
24274,PI+SIDIS,matched,coherent,GT002,KINEMATIC_TABLE row 2,8.5831,-1.531,29.045,4.868,7.865,0.25,0.249758,-0.000242,3.3,3.305191,0.005191,0.67,0.690575,0.020575,2.0,2.006991,0.006991
24275,PI+SIDIS,matched,coherent,GT002,KINEMATIC_TABLE row 2,8.5831,-1.531,29.045,4.868,7.865,0.25,0.249758,-0.000242,3.3,3.305191,0.005191,0.67,0.690575,0.020575,2.0,2.006991,0.006991
24276,PI+SIDIS,matched,coherent,GT002,KINEMATIC_TABLE row 2,8.5831,-1.531,29.045,4.868,7.865,0.25,0.249758,-0.000242,3.3,3.305191,0.005191,0.67,0.690575,0.020575,2.0,2.006991,0.006991
24277,PI+SIDIS,matched,coherent,GT002,KINEMATIC_TABLE row 2,8.5831,-1.531,29.045,4.868,7.865,0.25,0.249758,-0.000242,3.3,3.305191,0.005191,0.67,0.690575,0.020575,2.0,2.006991,0.006991
24278,PI+SIDIS,matched,coherent,GT002,KINEMATIC_TABLE row 2,8.5831,-1.531,29.045,4.868,7.865,0.25,0.249758,-0.000242,3.3,3.305191,0.005191,0.67,0.690575,0.020575,2.0,2.006991,0.006991
24279,PI+SIDIS,matched,coherent,GT002,KINEMATIC_TABLE row 2,8.5831,-1.531,29.045,4.868,7.865,0.25,0.249758,-0.000242,3.3,3.305191,0.005191,0.67,0.690575,0.020575,2.0,2.006991,0.006991
24280,PI+SIDIS,matched,coherent,GT002,KINEMATIC_TABLE row 2,8.5831,-1.531,29.045,4.868,7.865,0.25,0.249758,-0.000242,3.3,3.305191,0.005191,0.67,0.690575,0.020575,2.0,2.006991,0.006991
24281,PI+SIDIS,matched,coherent,GT002,KINEMATIC_TABLE row 2,8.5831,-1.531,29.045,4.868,7.865,0.25,0.249758,-0.000242,3.3,3.305191,0.005191,0.67,0.690575,0.020575,2.0,2.006991,0.006991
24282,PI+SIDIS,matched,coherent,GT002,KINEMATIC_TABLE row 2,8.5831,-1.531,29.045,4.868,7.865,0.25,0.249758,-0.000242,3.3,3.305191,0.005191,0.67,0.690575,0.020575,2.0,2.006991,0.006991
24283,PI+SIDIS,matched,coherent,GT002,KINEMATIC_TABLE row 2,8.5831,-1.531,29.045,4.868,7.865,0.25,0.249758,-0.000242,3.3,3.305191,0.005191,0.67,0.690575,0.020575,2.0,2.006991,0.006991
24284,HMSDIS,matched,coherent,GT002,KINEMATIC_TABLE row 2,8.5831,-1.531,29.045,4.868,7.865,0.25,0.249758,-0.000242,3.3,3.305191,0.005191,0.67,0.690575,0.020575,2.0,2.006991,0.006991
24285,HMSDIS,matched,coherent,GT002,KINEMATIC_TABLE row 2,8.5831,-1.531,29.045,4.868,7.865,0.25,0.249758,-0.000242,3.3,3.305191,0.005191,0.67,0.690575,0.020575,2.0,2.006991,0.006991
24286,HMSDIS,matched,coherent,GT002,KINEMATIC_TABLE row 2,8.5831,-1.531,29.045,4.868,7.865,0.25,0.249758,-0.000242,3.3,3.305191,0.005191,0.67,0.690575,0.020575,2.0,2.006991,0.006991
24287,HMSDIS,matched,coherent,GT002,KINEMATIC_TABLE row 2,8.5831,-1.531,29.045,4.868,7.865,0.25,0.249758,-0.000242,3.3,3.305191,0.005191,0.67,0.690575,0.020575,2.0,2.006991,0.006991
24289,HMSDIS,matched,coherent,GT002,KINEMATIC_TABLE row 2,8.5831,-1.531,29.045,4.868,7.865,0.25,0.249758,-0.000242,3.3,3.305191,0.005191,0.67,0.690575,0.020575,2.0,2.006991,0.006991
24290,HMSDIS,matched,coherent,GT002,KINEMATIC_TABLE row 2,8.5831,-1.531,29.045,4.868,7.865,0.25,0.249758,-0.000242,3.3,3.305191,0.005191,0.67,0.690575,0.020575,2.0,2.006991,0.006991
24291,HMSDIS,matched,coherent,GT002,KINEMATIC_TABLE row 2,8.5831,-1.531,29.045,4.868,7.865,0.25,0.249758,-0.000242,3.3,3.305191,0.005191,0.67,0.690575,0.020575,2.0,2.006991,0.006991
24292,HMSDIS,matched,coherent,GT002,KINEMATIC_TABLE row 2,8.5831,-1.531,29.045,4.868,7.865,0.25,0.249758,-0.000242,3.3,3.305191,0.005191,0.67,0.690575,0.020575,2.0,2.006991,0.006991
24293,HMSDIS,matched,coherent,GT002,KINEMATIC_TABLE row 2,8.5831,-1.531,29.045,4.868,7.865,0.25,0.249758,-0.000242,3.3,3.305191,0.005191,0.67,0.690575,0.020575,2.0,2.006991,0.006991
24294,HMSDIS,matched,coherent,GT002,KINEMATIC_TABLE row 2,8.5831,-1.531,29.045,4.868,7.865,0.25,0.249758,-0.000242,3.3,3.305191,0.005191,0.67,0.690575,0.020575,2.0,2.006991,0.006991
24295,HMSDIS,matched,coherent,GT002,KINEMATIC_TABLE row 2,8.5831,-1.531,29.045,4.868,7.865,0.25,0.249758,-0.000242,3.3,3.305191,0.005191,0.67,0.690575,0.020575,2.0,2.006991,0.006991
24296,HMSDIS,matched,coherent,GT005,KINEMATIC_TABLE row 5,8.5831,-1.531,29.045,3.632,7.865,0.25,0.249758,-0.000242,3.3,3.305191,0.005191,0.5,0.515404,0.015404,2.0,2.006991,0.006991
24297,HMSDIS,matched,coherent,GT005,KINEMATIC_TABLE row 5,8.5831,-1.531,29.045,3.632,7.865,0.25,0.249758,-0.000242,3.3,3.305191,0.005191,0.5,0.515404,0.015404,2.0,2.006991,0.006991
24298,HMSDIS,matched,coherent,GT005,KINEMATIC_TABLE row 5,8.5831,-1.531,29.045,3.632,7.865,0.25,0.249758,-0.000242,3.3,3.305191,0.005191,0.5,0.515404,0.015404,2.0,2.006991,0.006991
24299,HMSDIS,matched,coherent,GT005,KINEMATIC_TABLE row 5,8.5831,-1.531,29.045,3.632,7.865,0.25,0.249758,-0.000242,3.3,3.305191,0.005191,0.5,0.515404,0.015404,2.0,2.006991,0.006991
24301,HMSDIS,matched,coherent,GT005,KINEMATIC_TABLE row 5,8.5831,-1.531,29.045,3.632,7.865,0.25,0.249758,-0.000242,3.3,3.305191,0.005191,0.5,0.515404,0.015404,2.0,2.006991,0.006991
24303,HMSDIS,matched,coherent,GT005,KINEMATIC_TABLE row 5,8.5831,-1.531,29.045,3.632,7.865,0.25,0.249758,-0.000242,3.3,3.305191,0.005191,0.5,0.515404,0.015404,2.0,2.006991,0.006991
24304,HMSDIS,matched,coherent,GT005,KINEMATIC_TABLE row 5,8.5831,-1.531,29.045,3.632,7.865,0.25,0.249758,-0.000242,3.3,3.305191,0.005191,0.5,0.515404,0.015404,2.0,2.006991,0.006991
24306,HMSDIS,matched,coherent,GT005,KINEMATIC_TABLE row 5,8.5831,-1.531,29.045,3.632,7.865,0.25,0.249758,-0.000242,3.3,3.305191,0.005191,0.5,0.515404,0.015404,2.0,2.006991,0.006991
24307,HMSDIS,matched,coherent,GT005,KINEMATIC_TABLE row 5,8.5831,-1.531,29.045,3.632,7.865,0.25,0.249758,-0.000242,3.3,3.305191,0.005191,0.5,0.515404,0.015404,2.0,2.006991,0.006991
24308,HMSDIS,matched,coherent,GT005,KINEMATIC_TABLE row 5,8.5831,-1.531,29.045,3.632,7.865,0.25,0.249758,-0.000242,3.3,3.305191,0.005191,0.5,0.515404,0.015404,2.0,2.006991,0.006991
24309,HMSDIS,matched,coherent,GT005,KINEMATIC_TABLE row 5,8.5831,-1.531,29.045,3.632,7.865,0.25,0.249758,-0.000242,3.3,3.305191,0.005191,0.5,0.515404,0.015404,2.0,2.006991,0.006991
24310,PI+SIDIS,matched,coherent,GT005,KINEMATIC_TABLE row 5,8.5831,-1.531,29.045,3.632,7.865,0.25,0.249758,-0.000242,3.3,3.305191,0.005191,0.5,0.515404,0.015404,2.0,2.006991,0.006991
24311,PI+SIDIS,matched,coherent,GT005,KINEMATIC_TABLE row 5,8.5831,-1.531,29.045,3.632,7.865,0.25,0.249758,-0.000242,3.3,3.305191,0.005191,0.5,0.515404,0.015404,2.0,2.006991,0.006991
24312,PI+SIDIS,matched,coherent,GT005,KINEMATIC_TABLE row 5,8.5831,-1.531,29.045,3.632,7.865,0.25,0.249758,-0.000242,3.3,3.305191,0.005191,0.5,0.515404,0.015404,2.0,2.006991,0.006991
24313,PI+SIDIS,matched,coherent,GT005,KINEMATIC_TABLE row 5,8.5831,-1.531,29.045,3.632,7.865,0.25,0.249758,-0.000242,3.3,3.305191,0.005191,0.5,0.515404,0.015404,2.0,2.006991,0.006991
24314,PI+SIDIS,matched,coherent,GT005,KINEMATIC_TABLE row 5,8.5831,-1.531,29.045,3.632,7.865,0.25,0.249758,-0.000242,3.3,3.305191,0.005191,0.5,0.515404,0.015404,2.0,2.006991,0.006991
24315,PI+SIDIS,matched,coherent,GT005,KINEMATIC_TABLE row 5,8.5831,-1.531,29.045,3.632,7.865,0.25,0.249758,-0.000242,3.3,3.305191,0.005191,0.5,0.515404,0.015404,2.0,2.006991,0.006991
24316,PI+SIDIS,matched,coherent,GT005,KINEMATIC_TABLE row 5,8.5831,-1.531,29.045,3.632,7.865,0.25,0.249758,-0.000242,3.3,3.305191,0.005191,0.5,0.515404,0.015404,2.0,2.006991,0.006991
24317,PI+SIDIS,matched,coherent,GT005,KINEMATIC_TABLE row 5,8.5831,-1.531,29.045,3.632,7.865,0.25,0.249758,-0.000242,3.3,3.305191,0.005191,0.5,0.515404,0.015404,2.0,2.006991,0.006991
24318,PI+SIDIS,matched,coherent,GT005,KINEMATIC_TABLE row 5,8.5831,-1.531,29.045,3.632,7.865,0.25,0.249758,-0.000242,3.3,3.305191,0.005191,0.5,0.515404,0.015404,2.0,2.006991,0.006991
24319,HMSDIS,matched,coherent,GT005,KINEMATIC_TABLE row 5,8.5831,-1.531,29.045,3.632,7.865,0.25,0.249758,-0.000242,3.3,3.305191,0.005191,0.5,0.515404,0.015404,2.0,2.006991,0.006991
24321,SHMSDIS,matched,coherent,GT005,KINEMATIC_TABLE row 5,8.5831,-1.531,29.045,3.632,7.865,0.25,0.249758,-0.000242,3.3,3.305191,0.005191,0.5,0.515404,0.015404,2.0,2.006991,0.006991
24322,PI+SIDIS,matched,coherent,GT005,KINEMATIC_TABLE row 5,8.5831,-1.531,29.045,3.632,7.865,0.25,0.249758,-0.000242,3.3,3.305191,0.005191,0.5,0.515404,0.015404,2.0,2.006991,0.006991
24323,PI+SIDIS,matched,coherent,GT005,KINEMATIC_TABLE row 5,8.5831,-1.531,29.045,3.632,7.865,0.25,0.249758,-0.000242,3.3,3.305191,0.005191,0.5,0.515404,0.015404,2.0,2.006991,0.006991
24324,PI+SIDIS,matched,coherent,GT005,KINEMATIC_TABLE row 5,8.5831,-1.531,29.045,3.632,7.865,0.25,0.249758,-0.000242,3.3,3.305191,0.005191,0.5,0.515404,0.015404,2.0,2.006991,0.006991
24325,PI+SIDIS,matched,coherent,GT005,KINEMATIC_TABLE row 5,8.5831,-1.531,29.045,3.632,7.865,0.25,0.249758,-0.000242,3.3,3.305191,0.005191,0.5,0.515404,0.015404,2.0,2.006991,0.006991
24326,PI+SIDIS,matched,coherent,GT005,KINEMATIC_TABLE row 5,8.5831,-1.531,29.045,3.632,7.865,0.25,0.249758,-0.000242,3.3,3.305191,0.005191,0.5,0.515404,0.015404,2.0,2.006991,0.006991
24327,PI+SIDIS,matched,coherent,GT005,KINEMATIC_TABLE row 5,8.5831,-1.531,29.045,3.632,7.865,0.25,0.249758,-0.000242,3.3,3.305191,0.005191,0.5,0.515404,0.015404,2.0,2.006991,0.006991
24328,PI+SIDIS,matched,coherent,GT005,KINEMATIC_TABLE row 5,8.5831,-1.531,29.045,3.632,7.865,0.25,0.249758,-0.000242,3.3,3.305191,0.005191,0.5,0.515404,0.015404,2.0,2.006991,0.006991
24329,PI+SIDIS,matched,coherent,GT005,KINEMATIC_TABLE row 5,8.5831,-1.531,29.045,3.632,7.865,0.25,0.249758,-0.000242,3.3,3.305191,0.005191,0.5,0.515404,0.015404,2.0,2.006991,0.006991
24330,PI+SIDIS,matched,coherent,GT005,KINEMATIC_TABLE row 5,8.5831,-1.531,29.045,3.632,7.865,0.25,0.249758,-0.000242,3.3,3.305191,0.005191,0.5,0.515404,0.015404,2.0,2.006991,0.006991
24331,PI+SIDIS,matched,coherent,GT005,KINEMATIC_TABLE row 5,8.5831,-1.531,29.045,3.632,7.865,0.25,0.249758,-0.000242,3.3,3.305191,0.005191,0.5,0.515404,0.015404,2.0,2.006991,0.006991
24332,PI+SIDIS,matched,coherent,GT005,KINEMATIC_TABLE row 5,8.5831,-1.531,29.045,3.632,7.865,0.25,0.249758,-0.000242,3.3,3.305191,0.005191,0.5,0.515404,0.015404,2.0,2.006991,0.006991
24333,HMSDIS,matched,coherent,GT005,KINEMATIC_TABLE row 5,8.5831,-1.531,29.045,3.632,7.865,0.25,0.249758,-0.000242,3.3,3.305191,0.005191,0.5,0.515404,0.015404,2.0,2.006991,0.006991
24334,SHMSDIS,matched,coherent,GT005,KINEMATIC_TABLE row 5,8.5831,-1.531,29.045,3.632,7.865,0.25,0.249758,-0.000242,3.3,3.305191,0.005191,0.5,0.515404,0.015404,2.0,2.006991,0.006991
24335,PI+SIDIS,matched,coherent,GT005,KINEMATIC_TABLE row 5,8.5831,-1.531,29.045,3.632,7.865,0.25,0.249758,-0.000242,3.3,3.305191,0.005191,0.5,0.515404,0.015404,2.0,2.006991,0.006991
24336,PI+SIDIS,matched,coherent,GT005,KINEMATIC_TABLE row 5,8.5831,-1.531,29.045,3.632,7.865,0.25,0.249758,-0.000242,3.3,3.305191,0.005191,0.5,0.515404,0.015404,2.0,2.006991,0.006991
24337,PI+SIDIS,matched,coherent,GT005,KINEMATIC_TABLE row 5,8.5831,-1.531,29.045,3.632,7.865,0.25,0.249758,-0.000242,3.3,3.305191,0.005191,0.5,0.515404,0.015404,2.0,2.006991,0.006991
24338,PI+SIDIS,matched,coherent,GT005,KINEMATIC_TABLE row 5,8.5831,-1.531,29.045,3.632,7.865,0.25,0.249758,-0.000242,3.3,3.305191,0.005191,0.5,0.515404,0.015404,2.0,2.006991,0.006991
24339,PI+SIDIS,matched,coherent,GT005,KINEMATIC_TABLE row 5,8.5831,-1.531,29.045,3.632,7.865,0.25,0.249758,-0.000242,3.3,3.305191,0.005191,0.5,0.515404,0.015404,2.0,2.006991,0.006991
24340,HMSDIS,matched,coherent,GT005,KINEMATIC_TABLE row 5,8.5831,-1.531,29.045,3.632,7.865,0.25,0.249758,-0.000242,3.3,3.305191,0.005191,0.5,0.515404,0.015404,2.0,2.006991,0.006991
24341,SHMSDIS,matched,coherent,GT005,KINEMATIC_TABLE row 5,8.5831,-1.531,29.045,3.632,7.865,0.25,0.249758,-0.000242,3.3,3.305191,0.005191,0.5,0.515404,0.015404,2.0,2.006991,0.006991
24342,PI+SIDIS,matched,coherent,GT005,KINEMATIC_TABLE row 5,8.5831,-1.531,29.045,3.632,7.865,0.25,0.249758,-0.000242,3.3,3.305191,0.005191,0.5,0.515404,0.015404,2.0,2.006991,0.006991
24343,PI+SIDIS,matched,coherent,GT005,KINEMATIC_TABLE row 5,8.5831,-1.531,29.045,3.632,7.865,0.25,0.249758,-0.000242,3.3,3.305191,0.005191,0.5,0.515404,0.015404,2.0,2.006991,0.006991
24344,PI+SIDIS,matched,coherent,GT005,KINEMATIC_TABLE row 5,8.5831,-1.531,29.045,3.632,7.865,0.25,0.249758,-0.000242,3.3,3.305191,0.005191,0.5,0.515404,0.015404,2.0,2.006991,0.006991
24345,PI+SIDIS,matched,coherent,GT005,KINEMATIC_TABLE row 5,8.5831,-1.531,29.045,3.632,7.865,0.25,0.249758,-0.000242,3.3,3.305191,0.005191,0.5,0.515404,0.015404,2.0,2.006991,0.006991
24346,PI+SIDIS,matched,coherent,GT005,KINEMATIC_TABLE row 5,8.5831,-1.531,29.045,3.632,7.865,0.25,0.249758,-0.000242,3.3,3.305191,0.005191,0.5,0.515404,0.015404,2.0,2.006991,0.006991
24347,PI+SIDIS,matched,coherent,GT005,KINEMATIC_TABLE row 5,8.5831,-1.531,29.045,3.632,7.865,0.25,0.249758,-0.000242,3.3,3.305191,0.005191,0.5,0.515404,0.015404,2.0,2.006991,0.006991
24348,PI+SIDIS,matched,coherent,GT005,KINEMATIC_TABLE row 5,8.5831,-1.531,29.045,3.632,7.865,0.25,0.249758,-0.000242,3.3,3.305191,0.005191,0.5,0.515404,0.015404,2.0,2.006991,0.006991
24349,PI+SIDIS,matched,coherent,GT005,KINEMATIC_TABLE row 5,8.5831,-1.531,29.045,3.632,7.865,0.25,0.249758,-0.000242,3.3,3.305191,0.005191,0.5,0.515404,0.015404,2.0,2.006991,0.006991
24350,HMSDIS,matched,coherent,GT005,KINEMATIC_TABLE row 5,8.5831,-1.531,29.045,3.632,7.865,0.25,0.249758,-0.000242,3.3,3.305191,0.005191,0.5,0.515404,0.015404,2.0,2.006991,0.006991
24351,SHMSDIS,matched,coherent,GT005,KINEMATIC_TABLE row 5,8.5831,-1.531,29.045,3.632,7.865,0.25,0.249758,-0.000242,3.3,3.305191,0.005191,0.5,0.515404,0.015404,2.0,2.006991,0.006991
24352,PI+SIDIS,matched,coherent,GT005,KINEMATIC_TABLE row 5,8.5831,-1.531,29.045,3.632,7.865,0.25,0.249758,-0.000242,3.3,3.305191,0.005191,0.5,0.515404,0.015404,2.0,2.006991,0.006991
24353,PI+SIDIS,matched,coherent,GT005,KINEMATIC_TABLE row 5,8.5831,-1.531,29.045,3.632,7.865,0.25,0.249758,-0.000242,3.3,3.305191,0.005191,0.5,0.515404,0.015404,2.0,2.006991,0.006991
24354,PI+SIDIS,matched,coherent,GT005,KINEMATIC_TABLE row 5,8.5831,-1.531,29.045,3.632,7.865,0.25,0.249758,-0.000242,3.3,3.305191,0.005191,0.5,0.515404,0.015404,2.0,2.006991,0.006991
24355,PI+SIDIS,matched,coherent,GT005,KINEMATIC_TABLE row 5,8.5831,-1.531,29.045,3.632,7.865,0.25,0.249758,-0.000242,3.3,3.305191,0.005191,0.5,0.515404,0.015404,2.0,2.006991,0.006991
24356,PI+SIDIS,matched,coherent,GT005,KINEMATIC_TABLE row 5,8.5831,-1.531,29.045,3.632,7.865,0.25,0.249758,-0.000242,3.3,3.305191,0.005191,0.5,0.515404,0.015404,2.0,2.006991,0.006991
24357,PI+SIDIS,matched,coherent,GT005,KINEMATIC_TABLE row 5,8.5831,-1.531,29.045,3.632,7.865,0.25,0.249758,-0.000242,3.3,3.305191,0.005191,0.5,0.515404,0.015404,2.0,2.006991,0.006991
24359,PI+SIDIS,matched,coherent,GT005,KINEMATIC_TABLE row 5,8.5831,-1.531,29.045,3.632,7.865,0.25,0.249758,-0.000242,3.3,3.305191,0.005191,0.5,0.515404,0.015404,2.0,2.006991,0.006991
24360,PI+SIDIS,matched,coherent,GT005,KINEMATIC_TABLE row 5,8.5831,-1.531,29.045,3.632,7.865,0.25,0.249758,-0.000242,3.3,3.305191,0.005191,0.5,0.515404,0.015404,2.0,2.006991,0.006991
24361,HMSDIS,matched,coherent,GT005,KINEMATIC_TABLE row 5,8.5831,-1.531,29.045,3.632,7.865,0.25,0.249758,-0.000242,3.3,3.305191,0.005191,0.5,0.515404,0.015404,2.0,2.006991,0.006991
24362,SHMSDIS,matched,coherent,GT005,KINEMATIC_TABLE row 5,8.5831,-1.531,29.045,3.632,7.865,0.25,0.249758,-0.000242,3.3,3.305191,0.005191,0.5,0.515404,0.015404,2.0,2.006991,0.006991
24363,PI+SIDIS,matched,coherent,GT005,KINEMATIC_TABLE row 5,8.5831,-1.531,29.045,3.632,7.865,0.25,0.249758,-0.000242,3.3,3.305191,0.005191,0.5,0.515404,0.015404,2.0,2.006991,0.006991
24364,PI+SIDIS,matched,coherent,GT005,KINEMATIC_TABLE row 5,8.5831,-1.531,29.045,3.632,7.865,0.25,0.249758,-0.000242,3.3,3.305191,0.005191,0.5,0.515404,0.015404,2.0,2.006991,0.006991
24365,PI+SIDIS,matched,coherent,GT005,KINEMATIC_TABLE row 5,8.5831,-1.531,29.045,3.632,7.865,0.25,0.249758,-0.000242,3.3,3.305191,0.005191,0.5,0.515404,0.015404,2.0,2.006991,0.006991
24366,PI+SIDIS,matched,coherent,GT005,KINEMATIC_TABLE row 5,8.5831,-1.531,29.045,3.632,7.865,0.25,0.249758,-0.000242,3.3,3.305191,0.005191,0.5,0.515404,0.015404,2.0,2.006991,0.006991
24367,PI+SIDIS,matched,coherent,GT005,KINEMATIC_TABLE row 5,8.5831,-1.531,29.045,3.632,7.865,0.25,0.249758,-0.000242,3.3,3.305191,0.005191,0.5,0.515404,0.015404,2.0,2.006991,0.006991
24368,PI+SIDIS,matched,coherent,GT005,KINEMATIC_TABLE row 5,8.5831,-1.531,29.045,3.632,7.865,0.25,0.249758,-0.000242,3.3,3.305191,0.005191,0.5,0.515404,0.015404,2.0,2.006991,0.006991
24369,PI+SIDIS,matched,coherent,GT005,KINEMATIC_TABLE row 5,8.5831,-1.531,29.045,3.632,7.865,0.25,0.249758,-0.000242,3.3,3.305191,0.005191,0.5,0.515404,0.015404,2.0,2.006991,0.006991
24370,PI+SIDIS,matched,coherent,GT005,KINEMATIC_TABLE row 5,8.5831,-1.531,29.045,3.632,7.865,0.25,0.249758,-0.000242,3.3,3.305191,0.005191,0.5,0.515404,0.015404,2.0,2.006991,0.006991
24371,PI+SIDIS,matched,coherent,GT005,KINEMATIC_TABLE row 5,8.5831,-1.531,29.045,3.632,7.865,0.25,0.249758,-0.000242,3.3,3.305191,0.005191,0.5,0.515404,0.015404,2.0,2.006991,0.006991
24372,PI+SIDIS,matched,coherent,GT005,KINEMATIC_TABLE row 5,8.5831,-1.531,29.045,3.632,7.865,0.25,0.249758,-0.000242,3.3,3.305191,0.005191,0.5,0.515404,0.015404,2.0,2.006991,0.006991
24373,HMSDIS,matched,coherent,GT005,KINEMATIC_TABLE row 5,8.5831,-1.531,29.045,3.632,7.865,0.25,0.249758,-0.000242,3.3,3.305191,0.005191,0.5,0.515404,0.015404,2.0,2.006991,0.006991
24375,HMSDIS,matched,coherent,GT005,KINEMATIC_TABLE row 5,8.5831,-1.531,29.045,3.632,7.865,0.25,0.249758,-0.000242,3.3,3.305191,0.005191,0.5,0.515404,0.015404,2.0,2.006991,0.006991
24376,PI+SIDIS,matched,coherent,GT005,KINEMATIC_TABLE row 5,8.5831,-1.531,29.045,3.632,7.865,0.25,0.249758,-0.000242,3.3,3.305191,0.005191,0.5,0.515404,0.015404,2.0,2.006991,0.006991
24377,PI+SIDIS,matched,coherent,GT005,KINEMATIC_TABLE row 5,8.5831,-1.531,29.045,3.632,7.865,0.25,0.249758,-0.000242,3.3,3.305191,0.005191,0.5,0.515404,0.015404,2.0,2.006991,0.006991
24378,PI+SIDIS,matched,coherent,GT005,KINEMATIC_TABLE row 5,8.5831,-1.531,29.045,3.632,7.865,0.25,0.249758,-0.000242,3.3,3.305191,0.005191,0.5,0.515404,0.015404,2.0,2.006991,0.006991
24379,PI+SIDIS,matched,coherent,GT005,KINEMATIC_TABLE row 5,8.5831,-1.531,29.045,3.632,7.865,0.25,0.249758,-0.000242,3.3,3.305191,0.005191,0.5,0.515404,0.015404,2.0,2.006991,0.006991
24380,PI+SIDIS,matched,coherent,GT005,KINEMATIC_TABLE row 5,8.5831,-1.531,29.045,3.632,7.865,0.25,0.249758,-0.000242,3.3,3.305191,0.005191,0.5,0.515404,0.015404,2.0,2.006991,0.006991
24381,PI+SIDIS,matched,coherent,GT005,KINEMATIC_TABLE row 5,8.5831,-1.531,29.045,3.632,7.865,0.25,0.249758,-0.000242,3.3,3.305191,0.005191,0.5,0.515404,0.015404,2.0,2.006991,0.006991
24382,PI+SIDIS,matched,coherent,GT005,KINEMATIC_TABLE row 5,8.5831,-1.531,29.045,3.632,7.865,0.25,0.249758,-0.000242,3.3,3.305191,0.005191,0.5,0.515404,0.015404,2.0,2.006991,0.006991
24383,PI+SIDIS,matched,coherent,GT005,KINEMATIC_TABLE row 5,8.5831,-1.531,29.045,3.632,7.865,0.25,0.249758,-0.000242,3.3,3.305191,0.005191,0.5,0.515404,0.015404,2.0,2.006991,0.006991
24384,PI+SIDIS,matched,coherent,GT005,KINEMATIC_TABLE row 5,8.5831,-1.531,29.045,3.632,7.865,0.25,0.249758,-0.000242,3.3,3.305191,0.005191,0.5,0.515404,0.015404,2.0,2.006991,0.006991
24385,PI+SIDIS,matched,coherent,GT005,KINEMATIC_TABLE row 5,8.5831,-1.531,29.045,3.632,7.865,0.25,0.249758,-0.000242,3.3,3.305191,0.005191,0.5,0.515404,0.015404,2.0,2.006991,0.006991
24386,PI+SIDIS,matched,coherent,GT005,KINEMATIC_TABLE row 5,8.5831,-1.531,29.045,3.632,7.865,0.25,0.249758,-0.000242,3.3,3.305191,0.005191,0.5,0.515404,0.015404,2.0,2.006991,0.006991
24387,PI+SIDIS,matched,coherent,GT005,KINEMATIC_TABLE row 5,8.5831,-1.531,29.045,3.632,7.865,0.25,0.249758,-0.000242,3.3,3.305191,0.005191,0.5,0.515404,0.015404,2.0,2.006991,0.006991
24388,PI+SIDIS,matched,coherent,GT005,KINEMATIC_TABLE row 5,8.5831,-1.531,29.045,3.632,7.865,0.25,0.249758,-0.000242,3.3,3.305191,0.005191,0.5,0.515404,0.015404,2.0,2.006991,0.006991
24389,PI+SIDIS,matched,coherent,GT005,KINEMATIC_TABLE row 5,8.5831,-1.531,29.045,3.632,7.865,0.25,0.249758,-0.000242,3.3,3.305191,0.005191,0.5,0.515404,0.015404,2.0,2.006991,0.006991
24390,PI+SIDIS,matched,coherent,GT005,KINEMATIC_TABLE row 5,8.5831,-1.531,29.045,3.632,7.865,0.25,0.249758,-0.000242,3.3,3.305191,0.005191,0.5,0.515404,0.015404,2.0,2.006991,0.006991
24391,EDTMBCM,matched,coherent,GT005,KINEMATIC_TABLE row 5,8.5831,-1.531,29.045,3.632,7.865,0.25,0.249758,-0.000242,3.3,3.305191,0.005191,0.5,0.515404,0.015404,2.0,2.006991,0.006991
24396,PI+SIDIS,matched,coherent,GT005,KINEMATIC_TABLE row 5,8.5831,-1.531,29.045,3.632,7.865,0.25,0.249758,-0.000242,3.3,3.305191,0.005191,0.5,0.515404,0.015404,2.0,2.006991,0.006991
24397,PI+SIDIS,matched,coherent,GT005,KINEMATIC_TABLE row 5,8.5831,-1.531,29.045,3.632,7.865,0.25,0.249758,-0.000242,3.3,3.305191,0.005191,0.5,0.515404,0.015404,2.0,2.006991,0.006991
24398,PI+SIDIS,matched,coherent,GT005,KINEMATIC_TABLE row 5,8.5831,-1.531,29.045,3.632,7.865,0.25,0.249758,-0.000242,3.3,3.305191,0.005191,0.5,0.515404,0.015404,2.0,2.006991,0.006991
24399,PI+SIDIS,matched,coherent,GT005,KINEMATIC_TABLE row 5,8.5831,-1.531,29.045,3.632,7.865,0.25,0.249758,-0.000242,3.3,3.305191,0.005191,0.5,0.515404,0.015404,2.0,2.006991,0.006991
24400,PI+SIDIS,matched,coherent,GT005,KINEMATIC_TABLE row 5,8.5831,-1.531,29.045,3.632,7.865,0.25,0.249758,-0.000242,3.3,3.305191,0.005191,0.5,0.515404,0.015404,2.0,2.006991,0.006991
24401,PI+SIDIS,matched,coherent,GT005,KINEMATIC_TABLE row 5,8.5831,-1.531,29.045,3.632,7.865,0.25,0.249758,-0.000242,3.3,3.305191,0.005191,0.5,0.515404,0.015404,2.0,2.006991,0.006991
24402,PI+SIDIS,matched,coherent,GT005,KINEMATIC_TABLE row 5,8.5831,-1.531,29.045,3.632,7.865,0.25,0.249758,-0.000242,3.3,3.305191,0.005191,0.5,0.515404,0.015404,2.0,2.006991,0.006991
24404,PI+SIDIS,matched,coherent,GT005,KINEMATIC_TABLE row 5,8.5831,-1.531,29.045,3.632,7.865,0.25,0.249758,-0.000242,3.3,3.305191,0.005191,0.5,0.515404,0.015404,2.0,2.006991,0.006991
24405,PI+SIDIS,matched,coherent,GT005,KINEMATIC_TABLE row 5,8.5831,-1.531,29.045,3.632,7.865,0.25,0.249758,-0.000242,3.3,3.305191,0.005191,0.5,0.515404,0.015404,2.0,2.006991,0.006991
24406,PI+SIDIS,matched,coherent,GT005,KINEMATIC_TABLE row 5,8.5831,-1.531,29.045,3.632,7.865,0.25,0.249758,-0.000242,3.3,3.305191,0.005191,0.5,0.515404,0.015404,2.0,2.006991,0.006991
24407,PI+SIDIS,matched,coherent,GT005,KINEMATIC_TABLE row 5,8.5831,-1.531,29.045,3.632,7.865,0.25,0.249758,-0.000242,3.3,3.305191,0.005191,0.5,0.515404,0.015404,2.0,2.006991,0.006991
24408,PI+SIDIS,matched,coherent,GT005,KINEMATIC_TABLE row 5,8.5831,-1.531,29.045,3.632,7.865,0.25,0.249758,-0.000242,3.3,3.305191,0.005191,0.5,0.515404,0.015404,2.0,2.006991,0.006991
24409,PI+SIDIS,matched,coherent,GT005,KINEMATIC_TABLE row 5,8.5831,-1.531,29.045,3.632,7.865,0.25,0.249758,-0.000242,3.3,3.305191,0.005191,0.5,0.515404,0.015404,2.0,2.006991,0.006991
24410,PI+SIDIS,matched,coherent,GT005,KINEMATIC_TABLE row 5,8.5831,-1.531,29.045,3.632,7.865,0.25,0.249758,-0.000242,3.3,3.305191,0.005191,0.5,0.515404,0.015404,2.0,2.006991,0.006991
24411,PI+SIDIS,matched,coherent,GT005,KINEMATIC_TABLE row 5,8.5831,-1.531,29.045,3.632,7.865,0.25,0.249758,-0.000242,3.3,3.305191,0.005191,0.5,0.515404,0.015404,2.0,2.006991,0.006991
24412,PI+SIDIS,matched,coherent,GT005,KINEMATIC_TABLE row 5,8.5831,-1.531,29.045,3.632,7.865,0.25,0.249758,-0.000242,3.3,3.305191,0.005191,0.5,0.515404,0.015404,2.0,2.006991,0.006991
24413,PI+SIDIS,matched,coherent,GT005,KINEMATIC_TABLE row 5,8.5831,-1.531,29.045,3.632,7.865,0.25,0.249758,-0.000242,3.3,3.305191,0.005191,0.5,0.515404,0.015404,2.0,2.006991,0.006991
24414,PI+SIDIS,matched,coherent,GT005,KINEMATIC_TABLE row 5,8.5831,-1.531,29.045,3.632,7.865,0.25,0.249758,-0.000242,3.3,3.305191,0.005191,0.5,0.515404,0.015404,2.0,2.006991,0.006991
24415,PI+SIDIS,matched,coherent,GT005,KINEMATIC_TABLE row 5,8.5831,-1.531,29.045,3.632,7.865,0.25,0.249758,-0.000242,3.3,3.305191,0.005191,0.5,0.515404,0.015404,2.0,2.006991,0.006991
24416,PI+SIDIS,matched,coherent,GT005,KINEMATIC_TABLE row 5,8.5831,-1.531,29.045,3.632,7.865,0.25,0.249758,-0.000242,3.3,3.305191,0.005191,0.5,0.515404,0.015404,2.0,2.006991,0.006991
24417,PI+SIDIS,matched,coherent,GT005,KINEMATIC_TABLE row 5,8.5831,-1.531,29.045,3.632,7.865,0.25,0.249758,-0.000242,3.3,3.305191,0.005191,0.5,0.515404,0.015404,2.0,2.006991,0.006991
24418,PI+SIDIS,matched,coherent,GT005,KINEMATIC_TABLE row 5,8.5831,-1.531,29.045,3.632,7.865,0.25,0.249758,-0.000242,3.3,3.305191,0.005191,0.5,0.515404,0.015404,2.0,2.006991,0.006991
24419,PI+SIDIS,matched,coherent,GT005,KINEMATIC_TABLE row 5,8.5831,-1.531,29.045,3.632,7.865,0.25,0.249758,-0.000242,3.3,3.305191,0.005191,0.5,0.515404,0.015404,2.0,2.006991,0.006991
24421,PI+SIDIS,matched,coherent,GT005,KINEMATIC_TABLE row 5,8.5831,-1.531,29.045,3.632,7.865,0.25,0.249758,-0.000242,3.3,3.305191,0.005191,0.5,0.515404,0.015404,2.0,2.006991,0.006991
24422,PI+SIDIS,matched,coherent,GT005,KINEMATIC_TABLE row 5,8.5831,-1.531,29.045,3.632,7.865,0.25,0.249758,-0.000242,3.3,3.305191,0.005191,0.5,0.515404,0.015404,2.0,2.006991,0.006991
24423,PI+SIDIS,matched,coherent,GT005,KINEMATIC_TABLE row 5,8.5831,-1.531,29.045,3.632,7.865,0.25,0.249758,-0.000242,3.3,3.305191,0.005191,0.5,0.515404,0.015404,2.0,2.006991,0.006991
24424,PI+SIDIS,matched,coherent,GT005,KINEMATIC_TABLE row 5,8.5831,-1.531,29.045,3.632,7.865,0.25,0.249758,-0.000242,3.3,3.305191,0.005191,0.5,0.515404,0.015404,2.0,2.006991,0.006991
24425,PI+SIDIS,matched,coherent,GT005,KINEMATIC_TABLE row 5,8.5831,-1.531,29.045,3.632,7.865,0.25,0.249758,-0.000242,3.3,3.305191,0.005191,0.5,0.515404,0.015404,2.0,2.006991,0.006991
24426,PI+SIDIS,matched,coherent,GT005,KINEMATIC_TABLE row 5,8.5831,-1.531,29.045,3.632,7.865,0.25,0.249758,-0.000242,3.3,3.305191,0.005191,0.5,0.515404,0.015404,2.0,2.006991,0.006991
24427,PI+SIDIS,matched,coherent,GT005,KINEMATIC_TABLE row 5,8.5831,-1.531,29.045,3.632,7.865,0.25,0.249758,-0.000242,3.3,3.305191,0.005191,0.5,0.515404,0.015404,2.0,2.006991,0.006991
24428,PI+SIDIS,matched,coherent,GT008,KINEMATIC_TABLE row 8,8.5831,-1.531,29.045,2.615,7.865,0.25,0.249758,-0.000242,3.3,3.305191,0.005191,0.36,0.371339,0.011339,2.0,2.006991,0.006991
24429,PI+SIDIS,matched,coherent,GT008,KINEMATIC_TABLE row 8,8.5831,-1.531,29.045,2.615,7.865,0.25,0.249758,-0.000242,3.3,3.305191,0.005191,0.36,0.371339,0.011339,2.0,2.006991,0.006991
24430,PI+SIDIS,matched,coherent,GT008,KINEMATIC_TABLE row 8,8.5831,-1.531,29.045,2.615,7.865,0.25,0.249758,-0.000242,3.3,3.305191,0.005191,0.36,0.371339,0.011339,2.0,2.006991,0.006991
24431,PI+SIDIS,matched,coherent,GT008,KINEMATIC_TABLE row 8,8.5831,-1.531,29.045,2.615,7.865,0.25,0.249758,-0.000242,3.3,3.305191,0.005191,0.36,0.371339,0.011339,2.0,2.006991,0.006991
24432,PI+SIDIS,matched,coherent,GT008,KINEMATIC_TABLE row 8,8.5831,-1.531,29.045,2.615,7.865,0.25,0.249758,-0.000242,3.3,3.305191,0.005191,0.36,0.371339,0.011339,2.0,2.006991,0.006991
24433,PI+SIDIS,matched,coherent,GT008,KINEMATIC_TABLE row 8,8.5831,-1.531,29.045,2.615,7.865,0.25,0.249758,-0.000242,3.3,3.305191,0.005191,0.36,0.371339,0.011339,2.0,2.006991,0.006991
24434,PI+SIDIS,matched,coherent,GT008,KINEMATIC_TABLE row 8,8.5831,-1.531,29.045,2.615,7.865,0.25,0.249758,-0.000242,3.3,3.305191,0.005191,0.36,0.371339,0.011339,2.0,2.006991,0.006991
24435,PI+SIDIS,matched,coherent,GT008,KINEMATIC_TABLE row 8,8.5831,-1.531,29.045,2.615,7.865,0.25,0.249758,-0.000242,3.3,3.305191,0.005191,0.36,0.371339,0.011339,2.0,2.006991,0.006991
24436,PI+SIDIS,matched,coherent,GT008,KINEMATIC_TABLE row 8,8.5831,-1.531,29.045,2.615,7.865,0.25,0.249758,-0.000242,3.3,3.305191,0.005191,0.36,0.371339,0.011339,2.0,2.006991,0.006991
24437,PI+SIDIS,matched,coherent,GT008,KINEMATIC_TABLE row 8,8.5831,-1.531,29.045,2.615,7.865,0.25,0.249758,-0.000242,3.3,3.305191,0.005191,0.36,0.371339,0.011339,2.0,2.006991,0.006991
24438,HMSDIS,matched,coherent,GT008,KINEMATIC_TABLE row 8,8.5831,-1.531,29.045,2.615,7.865,0.25,0.249758,-0.000242,3.3,3.305191,0.005191,0.36,0.371339,0.011339,2.0,2.006991,0.006991
24440,HMSDIS,matched,coherent,GT008,KINEMATIC_TABLE row 8,8.5831,-1.531,29.045,2.615,7.865,0.25,0.249758,-0.000242,3.3,3.305191,0.005191,0.36,0.371339,0.011339,2.0,2.006991,0.006991
24441,SHMSDIS,matched,coherent,GT008,KINEMATIC_TABLE row 8,8.5831,-1.531,29.045,2.615,7.865,0.25,0.249758,-0.000242,3.3,3.305191,0.005191,0.36,0.371339,0.011339,2.0,2.006991,0.006991
24442,PI+SIDIS,matched,coherent,GT008,KINEMATIC_TABLE row 8,8.5831,-1.531,29.045,2.615,7.865,0.25,0.249758,-0.000242,3.3,3.305191,0.005191,0.36,0.371339,0.011339,2.0,2.006991,0.006991
24443,PI+SIDIS,matched,coherent,GT008,KINEMATIC_TABLE row 8,8.5831,-1.531,29.045,2.615,7.865,0.25,0.249758,-0.000242,3.3,3.305191,0.005191,0.36,0.371339,0.011339,2.0,2.006991,0.006991
24444,PI+SIDIS,matched,coherent,GT008,KINEMATIC_TABLE row 8,8.5831,-1.531,29.045,2.615,7.865,0.25,0.249758,-0.000242,3.3,3.305191,0.005191,0.36,0.371339,0.011339,2.0,2.006991,0.006991
24445,PI+SIDIS,matched,coherent,GT008,KINEMATIC_TABLE row 8,8.5831,-1.531,29.045,2.615,7.865,0.25,0.249758,-0.000242,3.3,3.305191,0.005191,0.36,0.371339,0.011339,2.0,2.006991,0.006991
24446,PI+SIDIS,matched,coherent,GT008,KINEMATIC_TABLE row 8,8.5831,-1.531,29.045,2.615,7.865,0.25,0.249758,-0.000242,3.3,3.305191,0.005191,0.36,0.371339,0.011339,2.0,2.006991,0.006991
24447,PI+SIDIS,matched,coherent,GT008,KINEMATIC_TABLE row 8,8.5831,-1.531,29.045,2.615,7.865,0.25,0.249758,-0.000242,3.3,3.305191,0.005191,0.36,0.371339,0.011339,2.0,2.006991,0.006991
24448,PI+SIDIS,matched,coherent,GT008,KINEMATIC_TABLE row 8,8.5831,-1.531,29.045,2.615,7.865,0.25,0.249758,-0.000242,3.3,3.305191,0.005191,0.36,0.371339,0.011339,2.0,2.006991,0.006991
24449,PI+SIDIS,matched,coherent,GT008,KINEMATIC_TABLE row 8,8.5831,-1.531,29.045,2.615,7.865,0.25,0.249758,-0.000242,3.3,3.305191,0.005191,0.36,0.371339,0.011339,2.0,2.006991,0.006991
24450,PI+SIDIS,matched,coherent,GT008,KINEMATIC_TABLE row 8,8.5831,-1.531,29.045,2.615,7.865,0.25,0.249758,-0.000242,3.3,3.305191,0.005191,0.36,0.371339,0.011339,2.0,2.006991,0.006991
24451,PI+SIDIS,matched,coherent,GT008,KINEMATIC_TABLE row 8,8.5831,-1.531,29.045,2.615,7.865,0.25,0.249758,-0.000242,3.3,3.305191,0.005191,0.36,0.371339,0.011339,2.0,2.006991,0.006991
24452,PI+SIDIS,matched,coherent,GT008,KINEMATIC_TABLE row 8,8.5831,-1.531,29.045,2.615,7.865,0.25,0.249758,-0.000242,3.3,3.305191,0.005191,0.36,0.371339,0.011339,2.0,2.006991,0.006991
24453,PI+SIDIS,matched,coherent,GT008,KINEMATIC_TABLE row 8,8.5831,-1.531,29.045,2.615,7.865,0.25,0.249758,-0.000242,3.3,3.305191,0.005191,0.36,0.371339,0.011339,2.0,2.006991,0.006991
24454,PI+SIDIS,matched,coherent,GT008,KINEMATIC_TABLE row 8,8.5831,-1.531,29.045,2.615,7.865,0.25,0.249758,-0.000242,3.3,3.305191,0.005191,0.36,0.371339,0.011339,2.0,2.006991,0.006991
24455,HMSDIS,matched,coherent,GT008,KINEMATIC_TABLE row 8,8.5831,-1.531,29.045,2.615,7.865,0.25,0.249758,-0.000242,3.3,3.305191,0.005191,0.36,0.371339,0.011339,2.0,2.006991,0.006991
24456,HMSDIS,matched,coherent,GT008,KINEMATIC_TABLE row 8,8.5831,-1.531,29.045,2.615,7.865,0.25,0.249758,-0.000242,3.3,3.305191,0.005191,0.36,0.371339,0.011339,2.0,2.006991,0.006991
24458,SHMSDIS,matched,coherent,GT008,KINEMATIC_TABLE row 8,8.5831,-1.531,29.045,2.615,7.865,0.25,0.249758,-0.000242,3.3,3.305191,0.005191,0.36,0.371339,0.011339,2.0,2.006991,0.006991
24460,PI+SIDIS,matched,coherent,GT008,KINEMATIC_TABLE row 8,8.5831,-1.531,29.045,2.615,7.865,0.25,0.249758,-0.000242,3.3,3.305191,0.005191,0.36,0.371339,0.011339,2.0,2.006991,0.006991
24461,PI+SIDIS,matched,coherent,GT008,KINEMATIC_TABLE row 8,8.5831,-1.531,29.045,2.615,7.865,0.25,0.249758,-0.000242,3.3,3.305191,0.005191,0.36,0.371339,0.011339,2.0,2.006991,0.006991
24463,PI+SIDIS,matched,coherent,GT008,KINEMATIC_TABLE row 8,8.5831,-1.531,29.045,2.615,7.865,0.25,0.249758,-0.000242,3.3,3.305191,0.005191,0.36,0.371339,0.011339,2.0,2.006991,0.006991
24464,PI+SIDIS,matched,coherent,GT008,KINEMATIC_TABLE row 8,8.5831,-1.531,29.045,2.615,7.865,0.25,0.249758,-0.000242,3.3,3.305191,0.005191,0.36,0.371339,0.011339,2.0,2.006991,0.006991
24465,HMSDIS,matched,coherent,GT008,KINEMATIC_TABLE row 8,8.5831,-1.531,29.045,2.615,7.865,0.25,0.249758,-0.000242,3.3,3.305191,0.005191,0.36,0.371339,0.011339,2.0,2.006991,0.006991
24466,HMSDIS,matched,coherent,GT008,KINEMATIC_TABLE row 8,8.5831,-1.531,29.045,2.615,7.865,0.25,0.249758,-0.000242,3.3,3.305191,0.005191,0.36,0.371339,0.011339,2.0,2.006991,0.006991
24468,SHMSDIS,matched,coherent,GT008,KINEMATIC_TABLE row 8,8.5831,-1.531,29.045,2.615,7.865,0.25,0.249758,-0.000242,3.3,3.305191,0.005191,0.36,0.371339,0.011339,2.0,2.006991,0.006991
24469,PI+SIDIS,matched,coherent,GT008,KINEMATIC_TABLE row 8,8.5831,-1.531,29.045,2.615,7.865,0.25,0.249758,-0.000242,3.3,3.305191,0.005191,0.36,0.371339,0.011339,2.0,2.006991,0.006991
24470,PI+SIDIS,matched,coherent,GT008,KINEMATIC_TABLE row 8,8.5831,-1.531,29.045,2.615,7.865,0.25,0.249758,-0.000242,3.3,3.305191,0.005191,0.36,0.371339,0.011339,2.0,2.006991,0.006991
24471,PI+SIDIS,matched,coherent,GT008,KINEMATIC_TABLE row 8,8.5831,-1.531,29.045,2.615,7.865,0.25,0.249758,-0.000242,3.3,3.305191,0.005191,0.36,0.371339,0.011339,2.0,2.006991,0.006991
24472,PI+SIDIS,matched,coherent,GT008,KINEMATIC_TABLE row 8,8.5831,-1.531,29.045,2.615,7.865,0.25,0.249758,-0.000242,3.3,3.305191,0.005191,0.36,0.371339,0.011339,2.0,2.006991,0.006991
24473,PI+SIDIS,matched,coherent,GT008,KINEMATIC_TABLE row 8,8.5831,-1.531,29.045,2.615,7.865,0.25,0.249758,-0.000242,3.3,3.305191,0.005191,0.36,0.371339,0.011339,2.0,2.006991,0.006991
24474,PI+SIDIS,matched,coherent,GT008,KINEMATIC_TABLE row 8,8.5831,-1.531,29.045,2.615,7.865,0.25,0.249758,-0.000242,3.3,3.305191,0.005191,0.36,0.371339,0.011339,2.0,2.006991,0.006991
24475,PI+SIDIS,matched,coherent,GT008,KINEMATIC_TABLE row 8,8.5831,-1.531,29.045,2.615,7.865,0.25,0.249758,-0.000242,3.3,3.305191,0.005191,0.36,0.371339,0.011339,2.0,2.006991,0.006991
24476,PI+SIDIS,matched,coherent,GT008,KINEMATIC_TABLE row 8,8.5831,-1.531,29.045,2.615,7.865,0.25,0.249758,-0.000242,3.3,3.305191,0.005191,0.36,0.371339,0.011339,2.0,2.006991,0.006991
24477,PI+SIDIS,matched,coherent,GT008,KINEMATIC_TABLE row 8,8.5831,-1.531,29.045,2.615,7.865,0.25,0.249758,-0.000242,3.3,3.305191,0.005191,0.36,0.371339,0.011339,2.0,2.006991,0.006991
24478,PI+SIDIS,matched,coherent,GT008,KINEMATIC_TABLE row 8,8.5831,-1.531,29.045,2.615,7.865,0.25,0.249758,-0.000242,3.3,3.305191,0.005191,0.36,0.371339,0.011339,2.0,2.006991,0.006991
24479,PI+SIDIS,matched,coherent,GT008,KINEMATIC_TABLE row 8,8.5831,-1.531,29.045,2.615,7.865,0.25,0.249758,-0.000242,3.3,3.305191,0.005191,0.36,0.371339,0.011339,2.0,2.006991,0.006991
24480,PI+SIDIS,matched,coherent,GT008,KINEMATIC_TABLE row 8,8.5831,-1.531,29.045,2.615,7.865,0.25,0.249758,-0.000242,3.3,3.305191,0.005191,0.36,0.371339,0.011339,2.0,2.006991,0.006991
24481,HMSDIS,matched,coherent,GT008,KINEMATIC_TABLE row 8,8.5831,-1.531,29.045,2.615,7.865,0.25,0.249758,-0.000242,3.3,3.305191,0.005191,0.36,0.371339,0.011339,2.0,2.006991,0.006991
24482,HMSDIS,matched,coherent,GT008,KINEMATIC_TABLE row 8,8.5831,-1.531,29.045,2.615,7.865,0.25,0.249758,-0.000242,3.3,3.305191,0.005191,0.36,0.371339,0.011339,2.0,2.006991,0.006991
24483,HMSDIS,matched,coherent,GT008,KINEMATIC_TABLE row 8,8.5831,-1.531,29.045,2.615,7.865,0.25,0.249758,-0.000242,3.3,3.305191,0.005191,0.36,0.371339,0.011339,2.0,2.006991,0.006991
24484,SHMSDIS,matched,coherent,GT008,KINEMATIC_TABLE row 8,8.5831,-1.531,29.045,2.615,7.865,0.25,0.249758,-0.000242,3.3,3.305191,0.005191,0.36,0.371339,0.011339,2.0,2.006991,0.006991
24485,PI+SIDIS,matched,coherent,GT008,KINEMATIC_TABLE row 8,8.5831,-1.531,29.045,2.615,7.865,0.25,0.249758,-0.000242,3.3,3.305191,0.005191,0.36,0.371339,0.011339,2.0,2.006991,0.006991
24486,PI+SIDIS,matched,coherent,GT008,KINEMATIC_TABLE row 8,8.5831,-1.531,29.045,2.615,7.865,0.25,0.249758,-0.000242,3.3,3.305191,0.005191,0.36,0.371339,0.011339,2.0,2.006991,0.006991
24487,PI+SIDIS,matched,coherent,GT008,KINEMATIC_TABLE row 8,8.5831,-1.531,29.045,2.615,7.865,0.25,0.249758,-0.000242,3.3,3.305191,0.005191,0.36,0.371339,0.011339,2.0,2.006991,0.006991
24488,PI+SIDIS,matched,coherent,GT008,KINEMATIC_TABLE row 8,8.5831,-1.531,29.045,2.615,7.865,0.25,0.249758,-0.000242,3.3,3.305191,0.005191,0.36,0.371339,0.011339,2.0,2.006991,0.006991
24489,PI+SIDIS,matched,coherent,GT008,KINEMATIC_TABLE row 8,8.5831,-1.531,29.045,2.615,7.865,0.25,0.249758,-0.000242,3.3,3.305191,0.005191,0.36,0.371339,0.011339,2.0,2.006991,0.006991
24490,PI+SIDIS,matched,coherent,GT008,KINEMATIC_TABLE row 8,8.5831,-1.531,29.045,2.615,7.865,0.25,0.249758,-0.000242,3.3,3.305191,0.005191,0.36,0.371339,0.011339,2.0,2.006991,0.006991
24491,PI+SIDIS,matched,coherent,GT008,KINEMATIC_TABLE row 8,8.5831,-1.531,29.045,2.615,7.865,0.25,0.249758,-0.000242,3.3,3.305191,0.005191,0.36,0.371339,0.011339,2.0,2.006991,0.006991
24492,PI+SIDIS,matched,coherent,GT008,KINEMATIC_TABLE row 8,8.5831,-1.531,29.045,2.615,7.865,0.25,0.249758,-0.000242,3.3,3.305191,0.005191,0.36,0.371339,0.011339,2.0,2.006991,0.006991
24493,PI+SIDIS,matched,coherent,GT008,KINEMATIC_TABLE row 8,8.5831,-1.531,29.045,2.615,7.865,0.25,0.249758,-0.000242,3.3,3.305191,0.005191,0.36,0.371339,0.011339,2.0,2.006991,0.006991
24494,PI+SIDIS,matched,coherent,GT008,KINEMATIC_TABLE row 8,8.5831,-1.531,29.045,2.615,7.865,0.25,0.249758,-0.000242,3.3,3.305191,0.005191,0.36,0.371339,0.011339,2.0,2.006991,0.006991
24495,HMSDIS,matched,coherent,GT008,KINEMATIC_TABLE row 8,8.5831,-1.531,29.045,2.615,7.865,0.25,0.249758,-0.000242,3.3,3.305191,0.005191,0.36,0.371339,0.011339,2.0,2.006991,0.006991
24496,HMSDIS,matched,coherent,GT008,KINEMATIC_TABLE row 8,8.5831,-1.531,29.045,2.615,7.865,0.25,0.249758,-0.000242,3.3,3.305191,0.005191,0.36,0.371339,0.011339,2.0,2.006991,0.006991
24497,SHMSDIS,matched,coherent,GT008,KINEMATIC_TABLE row 8,8.5831,-1.531,29.045,2.615,7.865,0.25,0.249758,-0.000242,3.3,3.305191,0.005191,0.36,0.371339,0.011339,2.0,2.006991,0.006991
24498,HMSDIS,matched,coherent,GT008,KINEMATIC_TABLE row 8,8.5831,-1.531,29.045,2.615,7.865,0.25,0.249758,-0.000242,3.3,3.305191,0.005191,0.36,0.371339,0.011339,2.0,2.006991,0.006991
24499,PI+SIDIS,matched,coherent,GT008,KINEMATIC_TABLE row 8,8.5831,-1.531,29.045,2.615,7.865,0.25,0.249758,-0.000242,3.3,3.305191,0.005191,0.36,0.371339,0.011339,2.0,2.006991,0.006991
24500,PI+SIDIS,matched,coherent,GT008,KINEMATIC_TABLE row 8,8.5831,-1.531,29.045,2.615,7.865,0.25,0.249758,-0.000242,3.3,3.305191,0.005191,0.36,0.371339,0.011339,2.0,2.006991,0.006991
24501,PI+SIDIS,matched,coherent,GT008,KINEMATIC_TABLE row 8,8.5831,-1.531,29.045,2.615,7.865,0.25,0.249758,-0.000242,3.3,3.305191,0.005191,0.36,0.371339,0.011339,2.0,2.006991,0.006991
24502,PI+SIDIS,matched,coherent,GT008,KINEMATIC_TABLE row 8,8.5831,-1.531,29.045,2.615,7.865,0.25,0.249758,-0.000242,3.3,3.305191,0.005191,0.36,0.371339,0.011339,2.0,2.006991,0.006991
24503,PI+SIDIS,matched,coherent,GT008,KINEMATIC_TABLE row 8,8.5831,-1.531,29.045,2.615,7.865,0.25,0.249758,-0.000242,3.3,3.305191,0.005191,0.36,0.371339,0.011339,2.0,2.006991,0.006991
24504,PI+SIDIS,matched,coherent,GT008,KINEMATIC_TABLE row 8,8.5831,-1.531,29.045,2.615,7.865,0.25,0.249758,-0.000242,3.3,3.305191,0.005191,0.36,0.371339,0.011339,2.0,2.006991,0.006991
24505,PI+SIDIS,matched,coherent,GT008,KINEMATIC_TABLE row 8,8.5831,-1.531,29.045,2.615,7.865,0.25,0.249758,-0.000242,3.3,3.305191,0.005191,0.36,0.371339,0.011339,2.0,2.006991,0.006991
24506,PI+SIDIS,matched,coherent,GT008,KINEMATIC_TABLE row 8,8.5831,-1.531,29.045,2.615,7.865,0.25,0.249758,-0.000242,3.3,3.305191,0.005191,0.36,0.371339,0.011339,2.0,2.006991,0.006991
24507,PI+SIDIS,matched,coherent,GT008,KINEMATIC_TABLE row 8,8.5831,-1.531,29.045,2.615,7.865,0.25,0.249758,-0.000242,3.3,3.305191,0.005191,0.36,0.371339,0.011339,2.0,2.006991,0.006991
24508,PI+SIDIS,matched,coherent,GT008,KINEMATIC_TABLE row 8,8.5831,-1.531,29.045,2.615,7.865,0.25,0.249758,-0.000242,3.3,3.305191,0.005191,0.36,0.371339,0.011339,2.0,2.006991,0.006991
24509,PI+SIDIS,matched,coherent,GT008,KINEMATIC_TABLE row 8,8.5831,-1.531,29.045,2.615,7.865,0.25,0.249758,-0.000242,3.3,3.305191,0.005191,0.36,0.371339,0.011339,2.0,2.006991,0.006991
24510,PI+SIDIS,matched,coherent,GT008,KINEMATIC_TABLE row 8,8.5831,-1.531,29.045,2.615,7.865,0.25,0.249758,-0.000242,3.3,3.305191,0.005191,0.36,0.371339,0.011339,2.0,2.006991,0.006991
24511,PI+SIDIS,matched,coherent,GT008,KINEMATIC_TABLE row 8,8.5831,-1.531,29.045,2.615,7.865,0.25,0.249758,-0.000242,3.3,3.305191,0.005191,0.36,0.371339,0.011339,2.0,2.006991,0.006991
24512,PI+SIDIS,matched,coherent,GT008,KINEMATIC_TABLE row 8,8.5831,-1.531,29.045,2.615,7.865,0.25,0.249758,-0.000242,3.3,3.305191,0.005191,0.36,0.371339,0.011339,2.0,2.006991,0.006991
24513,PI+SIDIS,matched,coherent,GT008,KINEMATIC_TABLE row 8,8.5831,-1.531,29.045,2.615,7.865,0.25,0.249758,-0.000242,3.3,3.305191,0.005191,0.36,0.371339,0.011339,2.0,2.006991,0.006991
24514,PI+SIDIS,matched,coherent,GT008,KINEMATIC_TABLE row 8,8.5831,-1.531,29.045,2.615,7.865,0.25,0.249758,-0.000242,3.3,3.305191,0.005191,0.36,0.371339,0.011339,2.0,2.006991,0.006991
24515,PI+SIDIS,matched,coherent,GT008,KINEMATIC_TABLE row 8,8.5831,-1.531,29.045,2.615,7.865,0.25,0.249758,-0.000242,3.3,3.305191,0.005191,0.36,0.371339,0.011339,2.0,2.006991,0.006991
24516,PI+SIDIS,matched,coherent,GT008,KINEMATIC_TABLE row 8,8.5831,-1.531,29.045,2.615,7.865,0.25,0.249758,-0.000242,3.3,3.305191,0.005191,0.36,0.371339,0.011339,2.0,2.006991,0.006991
24517,PI+SIDIS,matched,coherent,GT008,KINEMATIC_TABLE row 8,8.5831,-1.531,29.045,2.615,7.865,0.25,0.249758,-0.000242,3.3,3.305191,0.005191,0.36,0.371339,0.011339,2.0,2.006991,0.006991
24521,PI+SIDIS,matched,coherent,GT008,KINEMATIC_TABLE row 8,8.5831,-1.531,29.045,2.615,7.865,0.25,0.249758,-0.000242,3.3,3.305191,0.005191,0.36,0.371339,0.011339,2.0,2.006991,0.006991
24522,PI+SIDIS,matched,coherent,GT008,KINEMATIC_TABLE row 8,8.5831,-1.531,29.045,2.615,7.865,0.25,0.249758,-0.000242,3.3,3.305191,0.005191,0.36,0.371339,0.011339,2.0,2.006991,0.006991
24523,PI+SIDIS,matched,coherent,GT008,KINEMATIC_TABLE row 8,8.5831,-1.531,29.045,2.615,7.865,0.25,0.249758,-0.000242,3.3,3.305191,0.005191,0.36,0.371339,0.011339,2.0,2.006991,0.006991
24524,PI+SIDIS,matched,coherent,GT008,KINEMATIC_TABLE row 8,8.5831,-1.531,29.045,2.615,7.865,0.25,0.249758,-0.000242,3.3,3.305191,0.005191,0.36,0.371339,0.011339,2.0,2.006991,0.006991
24525,PI+SIDIS,matched,coherent,GT008,KINEMATIC_TABLE row 8,8.5831,-1.531,29.045,2.615,7.865,0.25,0.249758,-0.000242,3.3,3.305191,0.005191,0.36,0.371339,0.011339,2.0,2.006991,0.006991
24526,PI+SIDIS,matched,coherent,GT008,KINEMATIC_TABLE row 8,8.5831,-1.531,29.045,2.615,7.865,0.25,0.249758,-0.000242,3.3,3.305191,0.005191,0.36,0.371339,0.011339,2.0,2.006991,0.006991
24527,PI+SIDIS,matched,coherent,GT008,KINEMATIC_TABLE row 8,8.5831,-1.531,29.045,2.615,7.865,0.25,0.249758,-0.000242,3.3,3.305191,0.005191,0.36,0.371339,0.011339,2.0,2.006991,0.006991
24528,PI+SIDIS,matched,coherent,GT008,KINEMATIC_TABLE row 8,8.5831,-1.531,29.045,2.615,7.865,0.25,0.249758,-0.000242,3.3,3.305191,0.005191,0.36,0.371339,0.011339,2.0,2.006991,0.006991
24529,PI+SIDIS,matched,coherent,GT008,KINEMATIC_TABLE row 8,8.5831,-1.531,29.045,2.615,7.865,0.25,0.249758,-0.000242,3.3,3.305191,0.005191,0.36,0.371339,0.011339,2.0,2.006991,0.006991
24530,PI+SIDIS,matched,coherent,GT008,KINEMATIC_TABLE row 8,8.5831,-1.531,29.045,2.615,7.865,0.25,0.249758,-0.000242,3.3,3.305191,0.005191,0.36,0.371339,0.011339,2.0,2.006991,0.006991
24531,PI+SIDIS,matched,coherent,GT008,KINEMATIC_TABLE row 8,8.5831,-1.531,29.045,2.615,7.865,0.25,0.249758,-0.000242,3.3,3.305191,0.005191,0.36,0.371339,0.011339,2.0,2.006991,0.006991
24532,PI+SIDIS,matched,coherent,GT008,KINEMATIC_TABLE row 8,8.5831,-1.531,29.045,2.615,7.865,0.25,0.249758,-0.000242,3.3,3.305191,0.005191,0.36,0.371339,0.011339,2.0,2.006991,0.006991
24533,PI+SIDIS,matched,coherent,GT008,KINEMATIC_TABLE row 8,8.5831,-1.531,29.045,2.615,7.865,0.25,0.249758,-0.000242,3.3,3.305191,0.005191,0.36,0.371339,0.011339,2.0,2.006991,0.006991
24534,PI+SIDIS,matched,coherent,GT008,KINEMATIC_TABLE row 8,8.5831,-1.531,29.045,2.615,7.865,0.25,0.249758,-0.000242,3.3,3.305191,0.005191,0.36,0.371339,0.011339,2.0,2.006991,0.006991
24535,PI+SIDIS,matched,coherent,GT008,KINEMATIC_TABLE row 8,8.5831,-1.531,29.045,2.615,7.865,0.25,0.249758,-0.000242,3.3,3.305191,0.005191,0.36,0.371339,0.011339,2.0,2.006991,0.006991
24536,PI+SIDIS,matched,coherent,GT001,KINEMATIC_TABLE row 1,8.5831,1.531,29.045,6.538,7.865,0.25,0.249758,-0.000242,3.3,3.305191,0.005191,0.9,0.927311,0.027311,2.0,2.006991,0.006991
24537,HMSDIS,matched,coherent,GT001,KINEMATIC_TABLE row 1,8.5831,1.531,29.045,6.538,7.865,0.25,0.249758,-0.000242,3.3,3.305191,0.005191,0.9,0.927311,0.027311,2.0,2.006991,0.006991
24541,HMSDIS,matched,coherent,GT001,KINEMATIC_TABLE row 1,8.5831,1.531,29.045,6.538,7.865,0.25,0.249758,-0.000242,3.3,3.305191,0.005191,0.9,0.927311,0.027311,2.0,2.006991,0.006991
24543,PI+SIDIS,matched,coherent,GT001,KINEMATIC_TABLE row 1,8.5831,1.531,29.045,6.538,7.865,0.25,0.249758,-0.000242,3.3,3.305191,0.005191,0.9,0.927311,0.027311,2.0,2.006991,0.006991
24544,HMSDIS,matched,coherent,GT001,KINEMATIC_TABLE row 1,8.5831,1.531,29.045,6.538,7.865,0.25,0.249758,-0.000242,3.3,3.305191,0.005191,0.9,0.927311,0.027311,2.0,2.006991,0.006991
24545,PI+SIDIS,matched,coherent,GT001,KINEMATIC_TABLE row 1,8.5831,1.531,29.045,6.538,7.865,0.25,0.249758,-0.000242,3.3,3.305191,0.005191,0.9,0.927311,0.027311,2.0,2.006991,0.006991
24546,HMSDIS,matched,coherent,GT001,KINEMATIC_TABLE row 1,8.5831,1.531,29.045,6.538,7.865,0.25,0.249758,-0.000242,3.3,3.305191,0.005191,0.9,0.927311,0.027311,2.0,2.006991,0.006991
24547,PI+SIDIS,matched,coherent,GT001,KINEMATIC_TABLE row 1,8.5831,1.531,29.045,6.538,7.865,0.25,0.249758,-0.000242,3.3,3.305191,0.005191,0.9,0.927311,0.027311,2.0,2.006991,0.006991
24549,HMSDIS,matched,coherent,GT001,KINEMATIC_TABLE row 1,8.5831,1.531,29.045,6.538,7.865,0.25,0.249758,-0.000242,3.3,3.305191,0.005191,0.9,0.927311,0.027311,2.0,2.006991,0.006991
24550,PI+SIDIS,matched,coherent,GT001,KINEMATIC_TABLE row 1,8.5831,1.531,29.045,6.538,7.865,0.25,0.249758,-0.000242,3.3,3.305191,0.005191,0.9,0.927311,0.027311,2.0,2.006991,0.006991
24551,HMSDIS,matched,coherent,GT001,KINEMATIC_TABLE row 1,8.5831,1.531,29.045,6.538,7.865,0.25,0.249758,-0.000242,3.3,3.305191,0.005191,0.9,0.927311,0.027311,2.0,2.006991,0.006991
24553,PI+SIDIS,matched,coherent,GT002,KINEMATIC_TABLE row 2,8.5831,1.531,29.045,4.868,7.865,0.25,0.249758,-0.000242,3.3,3.305191,0.005191,0.67,0.690575,0.020575,2.0,2.006991,0.006991
24554,PI+SIDIS,matched,coherent,GT002,KINEMATIC_TABLE row 2,8.5831,1.531,29.045,4.868,7.865,0.25,0.249758,-0.000242,3.3,3.305191,0.005191,0.67,0.690575,0.020575,2.0,2.006991,0.006991
24555,PI+SIDIS,matched,coherent,GT002,KINEMATIC_TABLE row 2,8.5831,1.531,29.045,4.868,7.865,0.25,0.249758,-0.000242,3.3,3.305191,0.005191,0.67,0.690575,0.020575,2.0,2.006991,0.006991
24556,PI+SIDIS,matched,coherent,GT002,KINEMATIC_TABLE row 2,8.5831,1.531,29.045,4.868,7.865,0.25,0.249758,-0.000242,3.3,3.305191,0.005191,0.67,0.690575,0.020575,2.0,2.006991,0.006991
24557,PI+SIDIS,matched,coherent,GT002,KINEMATIC_TABLE row 2,8.5831,1.531,29.045,4.868,7.865,0.25,0.249758,-0.000242,3.3,3.305191,0.005191,0.67,0.690575,0.020575,2.0,2.006991,0.006991
24558,PI+SIDIS,matched,coherent,GT005,KINEMATIC_TABLE row 5,8.5831,1.531,29.045,3.632,7.865,0.25,0.249758,-0.000242,3.3,3.305191,0.005191,0.5,0.515404,0.015404,2.0,2.006991,0.006991
24559,PI+SIDIS,matched,coherent,GT005,KINEMATIC_TABLE row 5,8.5831,1.531,29.045,3.632,7.865,0.25,0.249758,-0.000242,3.3,3.305191,0.005191,0.5,0.515404,0.015404,2.0,2.006991,0.006991
24560,PI+SIDIS,matched,coherent,GT005,KINEMATIC_TABLE row 5,8.5831,1.531,29.045,3.632,7.865,0.25,0.249758,-0.000242,3.3,3.305191,0.005191,0.5,0.515404,0.015404,2.0,2.006991,0.006991
24561,PI+SIDIS,matched,coherent,GT005,KINEMATIC_TABLE row 5,8.5831,1.531,29.045,3.632,7.865,0.25,0.249758,-0.000242,3.3,3.305191,0.005191,0.5,0.515404,0.015404,2.0,2.006991,0.006991
24562,PI+SIDIS,matched,coherent,GT005,KINEMATIC_TABLE row 5,8.5831,1.531,29.045,3.632,7.865,0.25,0.249758,-0.000242,3.3,3.305191,0.005191,0.5,0.515404,0.015404,2.0,2.006991,0.006991
24563,HMSDIS,matched,coherent,GT005,KINEMATIC_TABLE row 5,8.5831,1.531,29.045,3.632,7.865,0.25,0.249758,-0.000242,3.3,3.305191,0.005191,0.5,0.515404,0.015404,2.0,2.006991,0.006991
24564,PI+SIDIS,matched,coherent,GT008,KINEMATIC_TABLE row 8,8.5831,1.531,29.045,2.615,7.865,0.25,0.249758,-0.000242,3.3,3.305191,0.005191,0.36,0.371339,0.011339,2.0,2.006991,0.006991
24566,PI+SIDIS,matched,coherent,GT008,KINEMATIC_TABLE row 8,8.5831,1.531,29.045,2.615,7.865,0.25,0.249758,-0.000242,3.3,3.305191,0.005191,0.36,0.371339,0.011339,2.0,2.006991,0.006991
24567,PI+SIDIS,matched,coherent,GT008,KINEMATIC_TABLE row 8,8.5831,1.531,29.045,2.615,7.865,0.25,0.249758,-0.000242,3.3,3.305191,0.005191,0.36,0.371339,0.011339,2.0,2.006991,0.006991
24568,PI+SIDIS,matched,coherent,GT008,KINEMATIC_TABLE row 8,8.5831,1.531,29.045,2.615,7.865,0.25,0.249758,-0.000242,3.3,3.305191,0.005191,0.36,0.371339,0.011339,2.0,2.006991,0.006991
24569,PI+SIDIS,matched,coherent,GT008,KINEMATIC_TABLE row 8,8.5831,1.531,29.045,2.615,7.865,0.25,0.249758,-0.000242,3.3,3.305191,0.005191,0.36,0.371339,0.011339,2.0,2.006991,0.006991
24570,PI+SIDIS,matched,coherent,GT008,KINEMATIC_TABLE row 8,8.5831,1.531,29.045,2.615,7.865,0.25,0.249758,-0.000242,3.3,3.305191,0.005191,0.36,0.371339,0.011339,2.0,2.006991,0.006991
24572,PI-SIDIS,matched,coherent,GT001,KINEMATIC_TABLE row 1,8.5831,1.531,29.045,-6.538,7.865,0.25,0.249758,-0.000242,3.3,3.305191,0.005191,0.9,0.927311,0.027311,2.0,2.006991,0.006991
24573,HMSDIS,matched,coherent,GT001,KINEMATIC_TABLE row 1,8.5831,1.531,29.045,-6.538,7.865,0.25,0.249758,-0.000242,3.3,3.305191,0.005191,0.9,0.927311,0.027311,2.0,2.006991,0.006991
24574,PI-SIDIS,matched,coherent,GT001,KINEMATIC_TABLE row 1,8.5831,1.531,29.045,-6.538,7.865,0.25,0.249758,-0.000242,3.3,3.305191,0.005191,0.9,0.927311,0.027311,2.0,2.006991,0.006991
24575,HMSDIS,matched,coherent,GT001,KINEMATIC_TABLE row 1,8.5831,1.531,29.045,-6.538,7.865,0.25,0.249758,-0.000242,3.3,3.305191,0.005191,0.9,0.927311,0.027311,2.0,2.006991,0.006991
24576,PI-SIDIS,matched,coherent,GT001,KINEMATIC_TABLE row 1,8.5831,1.531,29.045,-6.538,7.865,0.25,0.249758,-0.000242,3.3,3.305191,0.005191,0.9,0.927311,0.027311,2.0,2.006991,0.006991
24577,HMSDIS,matched,coherent,GT001,KINEMATIC_TABLE row 1,8.5831,1.531,29.045,-6.538,7.865,0.25,0.249758,-0.000242,3.3,3.305191,0.005191,0.9,0.927311,0.027311,2.0,2.006991,0.006991
24578,PI-SIDIS,matched,coherent,GT001,KINEMATIC_TABLE row 1,8.5831,1.531,29.045,-6.538,7.865,0.25,0.249758,-0.000242,3.3,3.305191,0.005191,0.9,0.927311,0.027311,2.0,2.006991,0.006991
24579,HMSDIS,matched,coherent,GT001,KINEMATIC_TABLE row 1,8.5831,1.531,29.045,-6.538,7.865,0.25,0.249758,-0.000242,3.3,3.305191,0.005191,0.9,0.927311,0.027311,2.0,2.006991,0.006991
24580,PI-SIDIS,matched,coherent,GT001,KINEMATIC_TABLE row 1,8.5831,1.531,29.045,-6.538,7.865,0.25,0.249758,-0.000242,3.3,3.305191,0.005191,0.9,0.927311,0.027311,2.0,2.006991,0.006991
24581,HMSDIS,matched,coherent,GT001,KINEMATIC_TABLE row 1,8.5831,1.531,29.045,-6.538,7.865,0.25,0.249758,-0.000242,3.3,3.305191,0.005191,0.9,0.927311,0.027311,2.0,2.006991,0.006991
24582,PI-SIDIS,matched,coherent,GT002,KINEMATIC_TABLE row 2,8.5831,1.531,29.045,-4.868,7.865,0.25,0.249758,-0.000242,3.3,3.305191,0.005191,0.67,0.690575,0.020575,2.0,2.006991,0.006991
24583,PI-SIDIS,matched,coherent,GT002,KINEMATIC_TABLE row 2,8.5831,1.531,29.045,-4.868,7.865,0.25,0.249758,-0.000242,3.3,3.305191,0.005191,0.67,0.690575,0.020575,2.0,2.006991,0.006991
24584,PI-SIDIS,matched,coherent,GT002,KINEMATIC_TABLE row 2,8.5831,1.531,29.045,-4.868,7.865,0.25,0.249758,-0.000242,3.3,3.305191,0.005191,0.67,0.690575,0.020575,2.0,2.006991,0.006991
24585,PI-SIDIS,matched,coherent,GT002,KINEMATIC_TABLE row 2,8.5831,1.531,29.045,-4.868,7.865,0.25,0.249758,-0.000242,3.3,3.305191,0.005191,0.67,0.690575,0.020575,2.0,2.006991,0.006991
24587,PI-SIDIS,matched,coherent,GT002,KINEMATIC_TABLE row 2,8.5831,1.531,29.045,-4.868,7.865,0.25,0.249758,-0.000242,3.3,3.305191,0.005191,0.67,0.690575,0.020575,2.0,2.006991,0.006991
24588,PI-SIDIS,matched,coherent,GT002,KINEMATIC_TABLE row 2,8.5831,1.531,29.045,-4.868,7.865,0.25,0.249758,-0.000242,3.3,3.305191,0.005191,0.67,0.690575,0.020575,2.0,2.006991,0.006991
24589,PI-SIDIS,matched,coherent,GT005,KINEMATIC_TABLE row 5,8.5831,1.531,29.045,-3.632,7.865,0.25,0.249758,-0.000242,3.3,3.305191,0.005191,0.5,0.515404,0.015404,2.0,2.006991,0.006991
24590,PI-SIDIS,matched,coherent,GT005,KINEMATIC_TABLE row 5,8.5831,1.531,29.045,-3.632,7.865,0.25,0.249758,-0.000242,3.3,3.305191,0.005191,0.5,0.515404,0.015404,2.0,2.006991,0.006991
24591,PI-SIDIS,matched,coherent,GT005,KINEMATIC_TABLE row 5,8.5831,1.531,29.045,-3.632,7.865,0.25,0.249758,-0.000242,3.3,3.305191,0.005191,0.5,0.515404,0.015404,2.0,2.006991,0.006991
24592,PI-SIDIS,matched,coherent,GT005,KINEMATIC_TABLE row 5,8.5831,1.531,29.045,-3.632,7.865,0.25,0.249758,-0.000242,3.3,3.305191,0.005191,0.5,0.515404,0.015404,2.0,2.006991,0.006991
24593,PI-SIDIS,matched,coherent,GT005,KINEMATIC_TABLE row 5,8.5831,1.531,29.045,-3.632,7.865,0.25,0.249758,-0.000242,3.3,3.305191,0.005191,0.5,0.515404,0.015404,2.0,2.006991,0.006991
24594,PI-SIDIS,matched,coherent,GT005,KINEMATIC_TABLE row 5,8.5831,1.531,29.045,-3.632,7.865,0.25,0.249758,-0.000242,3.3,3.305191,0.005191,0.5,0.515404,0.015404,2.0,2.006991,0.006991
24595,PI-SIDIS,matched,coherent,GT005,KINEMATIC_TABLE row 5,8.5831,1.531,29.045,-3.632,7.865,0.25,0.249758,-0.000242,3.3,3.305191,0.005191,0.5,0.515404,0.015404,2.0,2.006991,0.006991
24596,PI-SIDIS,matched,coherent,GT005,KINEMATIC_TABLE row 5,8.5831,1.531,29.045,-3.632,7.865,0.25,0.249758,-0.000242,3.3,3.305191,0.005191,0.5,0.515404,0.015404,2.0,2.006991,0.006991
24597,PI-SIDIS,matched,coherent,GT005,KINEMATIC_TABLE row 5,8.5831,1.531,29.045,-3.632,7.865,0.25,0.249758,-0.000242,3.3,3.305191,0.005191,0.5,0.515404,0.015404,2.0,2.006991,0.006991
24598,PI-SIDIS,matched,coherent,GT008,KINEMATIC_TABLE row 8,8.5831,1.531,29.045,-2.615,7.865,0.25,0.249758,-0.000242,3.3,3.305191,0.005191,0.36,0.371339,0.011339,2.0,2.006991,0.006991
24599,PI-SIDIS,matched,coherent,GT008,KINEMATIC_TABLE row 8,8.5831,1.531,29.045,-2.615,7.865,0.25,0.249758,-0.000242,3.3,3.305191,0.005191,0.36,0.371339,0.011339,2.0,2.006991,0.006991
24600,PI-SIDIS,matched,coherent,GT008,KINEMATIC_TABLE row 8,8.5831,1.531,29.045,-2.615,7.865,0.25,0.249758,-0.000242,3.3,3.305191,0.005191,0.36,0.371339,0.011339,2.0,2.006991,0.006991
24601,PI+SIDIS,matched,coherent,GT005,KINEMATIC_TABLE row 5,8.5831,1.531,29.045,3.632,7.865,0.25,0.249758,-0.000242,3.3,3.305191,0.005191,0.5,0.515404,0.015404,2.0,2.006991,0.006991
24602,PI+SIDIS,matched,coherent,GT005,KINEMATIC_TABLE row 5,8.5831,1.531,29.045,3.632,7.865,0.25,0.249758,-0.000242,3.3,3.305191,0.005191,0.5,0.515404,0.015404,2.0,2.006991,0.006991
24603,PI+SIDIS,matched,coherent,GT005,KINEMATIC_TABLE row 5,8.5831,1.531,29.045,3.632,7.865,0.25,0.249758,-0.000242,3.3,3.305191,0.005191,0.5,0.515404,0.015404,2.0,2.006991,0.006991
24604,PI+SIDIS,matched,coherent,GT005,KINEMATIC_TABLE row 5,8.5831,1.531,29.045,3.632,7.865,0.25,0.249758,-0.000242,3.3,3.305191,0.005191,0.5,0.515404,0.015404,2.0,2.006991,0.006991
24605,PI+SIDIS,matched,coherent,GT005,KINEMATIC_TABLE row 5,8.5831,1.531,29.045,3.632,7.865,0.25,0.249758,-0.000242,3.3,3.305191,0.005191,0.5,0.515404,0.015404,2.0,2.006991,0.006991
24606,PI+SIDIS,matched,coherent,GT008,KINEMATIC_TABLE row 8,8.5831,1.531,29.045,2.615,7.865,0.25,0.249758,-0.000242,3.3,3.305191,0.005191,0.36,0.371339,0.011339,2.0,2.006991,0.006991
24607,PI+SIDIS,matched,coherent,GT008,KINEMATIC_TABLE row 8,8.5831,1.531,29.045,2.615,7.865,0.25,0.249758,-0.000242,3.3,3.305191,0.005191,0.36,0.371339,0.011339,2.0,2.006991,0.006991
24608,PI+SIDIS,matched,coherent,GT008,KINEMATIC_TABLE row 8,8.5831,1.531,29.045,2.615,7.865,0.25,0.249758,-0.000242,3.3,3.305191,0.005191,0.36,0.371339,0.011339,2.0,2.006991,0.006991
24609,PI+SIDIS,matched,coherent,GT008,KINEMATIC_TABLE row 8,8.5831,1.531,29.045,2.615,7.865,0.25,0.249758,-0.000242,3.3,3.305191,0.005191,0.36,0.371339,0.011339,2.0,2.006991,0.006991
24610,PI+SIDIS,matched,coherent,GT008,KINEMATIC_TABLE row 8,8.5831,1.531,29.045,2.615,7.865,0.25,0.249758,-0.000242,3.3,3.305191,0.005191,0.36,0.371339,0.011339,2.0,2.006991,0.006991
24611,PI+SIDIS,matched,coherent,GT006,KINEMATIC_TABLE row 6,8.5831,-1.531,29.045,3.632,11.075,0.25,0.249758,-0.000242,3.3,3.305191,0.005191,0.5,0.515404,0.015404,5.2,5.216991,0.016991
24612,PI+SIDIS,matched,coherent,GT006,KINEMATIC_TABLE row 6,8.5831,-1.531,29.045,3.632,11.075,0.25,0.249758,-0.000242,3.3,3.305191,0.005191,0.5,0.515404,0.015404,5.2,5.216991,0.016991
24613,PI+SIDIS,matched,coherent,GT006,KINEMATIC_TABLE row 6,8.5831,-1.531,29.045,3.632,11.075,0.25,0.249758,-0.000242,3.3,3.305191,0.005191,0.5,0.515404,0.015404,5.2,5.216991,0.016991
24614,PI+SIDIS,matched,coherent,GT006,KINEMATIC_TABLE row 6,8.5831,-1.531,29.045,3.632,11.075,0.25,0.249758,-0.000242,3.3,3.305191,0.005191,0.5,0.515404,0.015404,5.2,5.216991,0.016991
24615,PI+SIDIS,matched,coherent,GT006,KINEMATIC_TABLE row 6,8.5831,-1.531,29.045,3.632,11.075,0.25,0.249758,-0.000242,3.3,3.305191,0.005191,0.5,0.515404,0.015404,5.2,5.216991,0.016991
24616,PI+SIDIS,matched,coherent,GT006,KINEMATIC_TABLE row 6,8.5831,-1.531,29.045,3.632,11.075,0.25,0.249758,-0.000242,3.3,3.305191,0.005191,0.5,0.515404,0.015404,5.2,5.216991,0.016991
24617,PI+SIDIS,matched,coherent,GT006,KINEMATIC_TABLE row 6,8.5831,-1.531,29.045,3.632,11.075,0.25,0.249758,-0.000242,3.3,3.305191,0.005191,0.5,0.515404,0.015404,5.2,5.216991,0.016991
24618,PI+SIDIS,matched,coherent,GT006,KINEMATIC_TABLE row 6,8.5831,-1.531,29.045,3.632,11.075,0.25,0.249758,-0.000242,3.3,3.305191,0.005191,0.5,0.515404,0.015404,5.2,5.216991,0.016991
24619,PI+SIDIS,matched,coherent,GT006,KINEMATIC_TABLE row 6,8.5831,-1.531,29.045,3.632,11.075,0.25,0.249758,-0.000242,3.3,3.305191,0.005191,0.5,0.515404,0.015404,5.2,5.216991,0.016991
24620,PI+SIDIS,matched,coherent,GT006,KINEMATIC_TABLE row 6,8.5831,-1.531,29.045,3.632,11.075,0.25,0.249758,-0.000242,3.3,3.305191,0.005191,0.5,0.515404,0.015404,5.2,5.216991,0.016991
24621,PI+SIDIS,matched,coherent,GT006,KINEMATIC_TABLE row 6,8.5831,-1.531,29.045,3.632,11.075,0.25,0.249758,-0.000242,3.3,3.305191,0.005191,0.5,0.515404,0.015404,5.2,5.216991,0.016991
24622,PI+SIDIS,matched,coherent,GT006,KINEMATIC_TABLE row 6,8.5831,-1.531,29.045,3.632,11.075,0.25,0.249758,-0.000242,3.3,3.305191,0.005191,0.5,0.515404,0.015404,5.2,5.216991,0.016991
24625,SHMSDIS,matched,coherent,GT006,KINEMATIC_TABLE row 6,8.5831,-1.531,29.045,3.632,11.075,0.25,0.249758,-0.000242,3.3,3.305191,0.005191,0.5,0.515404,0.015404,5.2,5.216991,0.016991
24626,HMSDIS,matched,coherent,GT006,KINEMATIC_TABLE row 6,8.5831,-1.531,29.045,3.632,11.075,0.25,0.249758,-0.000242,3.3,3.305191,0.005191,0.5,0.515404,0.015404,5.2,5.216991,0.016991
24627,PI+SIDIS,matched,coherent,GT006,KINEMATIC_TABLE row 6,8.5831,-1.531,29.045,3.632,11.075,0.25,0.249758,-0.000242,3.3,3.305191,0.005191,0.5,0.515404,0.015404,5.2,5.216991,0.016991
24628,PI+SIDIS,matched,coherent,GT006,KINEMATIC_TABLE row 6,8.5831,-1.531,29.045,3.632,11.075,0.25,0.249758,-0.000242,3.3,3.305191,0.005191,0.5,0.515404,0.015404,5.2,5.216991,0.016991
24629,PI+SIDIS,matched,coherent,GT006,KINEMATIC_TABLE row 6,8.5831,-1.531,29.045,3.632,11.075,0.25,0.249758,-0.000242,3.3,3.305191,0.005191,0.5,0.515404,0.015404,5.2,5.216991,0.016991
24630,PI+SIDIS,matched,coherent,GT006,KINEMATIC_TABLE row 6,8.5831,-1.531,29.045,3.632,11.075,0.25,0.249758,-0.000242,3.3,3.305191,0.005191,0.5,0.515404,0.015404,5.2,5.216991,0.016991
24631,PI+SIDIS,matched,coherent,GT006,KINEMATIC_TABLE row 6,8.5831,-1.531,29.045,3.632,11.075,0.25,0.249758,-0.000242,3.3,3.305191,0.005191,0.5,0.515404,0.015404,5.2,5.216991,0.016991
24632,PI+SIDIS,matched,coherent,GT006,KINEMATIC_TABLE row 6,8.5831,-1.531,29.045,3.632,11.075,0.25,0.249758,-0.000242,3.3,3.305191,0.005191,0.5,0.515404,0.015404,5.2,5.216991,0.016991
24633,PI+SIDIS,matched,coherent,GT006,KINEMATIC_TABLE row 6,8.5831,-1.531,29.045,3.632,11.075,0.25,0.249758,-0.000242,3.3,3.305191,0.005191,0.5,0.515404,0.015404,5.2,5.216991,0.016991
24634,PI+SIDIS,matched,coherent,GT006,KINEMATIC_TABLE row 6,8.5831,-1.531,29.045,3.632,11.075,0.25,0.249758,-0.000242,3.3,3.305191,0.005191,0.5,0.515404,0.015404,5.2,5.216991,0.016991
24635,PI+SIDIS,matched,coherent,GT006,KINEMATIC_TABLE row 6,8.5831,-1.531,29.045,3.632,11.075,0.25,0.249758,-0.000242,3.3,3.305191,0.005191,0.5,0.515404,0.015404,5.2,5.216991,0.016991
24636,PI+SIDIS,matched,coherent,GT006,KINEMATIC_TABLE row 6,8.5831,-1.531,29.045,3.632,11.075,0.25,0.249758,-0.000242,3.3,3.305191,0.005191,0.5,0.515404,0.015404,5.2,5.216991,0.016991
24637,HMSDIS,matched,coherent,GT006,KINEMATIC_TABLE row 6,8.5831,-1.531,29.045,3.632,11.075,0.25,0.249758,-0.000242,3.3,3.305191,0.005191,0.5,0.515404,0.015404,5.2,5.216991,0.016991
24640,SHMSDIS,matched,coherent,GT006,KINEMATIC_TABLE row 6,8.5831,-1.531,29.045,3.632,11.075,0.25,0.249758,-0.000242,3.3,3.305191,0.005191,0.5,0.515404,0.015404,5.2,5.216991,0.016991
24641,PI+SIDIS,matched,coherent,GT006,KINEMATIC_TABLE row 6,8.5831,-1.531,29.045,3.632,11.075,0.25,0.249758,-0.000242,3.3,3.305191,0.005191,0.5,0.515404,0.015404,5.2,5.216991,0.016991
24642,PI+SIDIS,matched,coherent,GT006,KINEMATIC_TABLE row 6,8.5831,-1.531,29.045,3.632,11.075,0.25,0.249758,-0.000242,3.3,3.305191,0.005191,0.5,0.515404,0.015404,5.2,5.216991,0.016991
24643,PI+SIDIS,matched,coherent,GT006,KINEMATIC_TABLE row 6,8.5831,-1.531,29.045,3.632,11.075,0.25,0.249758,-0.000242,3.3,3.305191,0.005191,0.5,0.515404,0.015404,5.2,5.216991,0.016991
24644,HMSDIS,matched,coherent,GT006,KINEMATIC_TABLE row 6,8.5831,-1.531,29.045,3.632,11.075,0.25,0.249758,-0.000242,3.3,3.305191,0.005191,0.5,0.515404,0.015404,5.2,5.216991,0.016991
24645,SHMSDIS,matched,coherent,GT006,KINEMATIC_TABLE row 6,8.5831,-1.531,29.045,3.632,11.075,0.25,0.249758,-0.000242,3.3,3.305191,0.005191,0.5,0.515404,0.015404,5.2,5.216991,0.016991
24646,PI+SIDIS,matched,coherent,GT006,KINEMATIC_TABLE row 6,8.5831,-1.531,29.045,3.632,11.075,0.25,0.249758,-0.000242,3.3,3.305191,0.005191,0.5,0.515404,0.015404,5.2,5.216991,0.016991
24647,PI+SIDIS,matched,coherent,GT006,KINEMATIC_TABLE row 6,8.5831,-1.531,29.045,3.632,11.075,0.25,0.249758,-0.000242,3.3,3.305191,0.005191,0.5,0.515404,0.015404,5.2,5.216991,0.016991
24648,PI+SIDIS,matched,coherent,GT006,KINEMATIC_TABLE row 6,8.5831,-1.531,29.045,3.632,11.075,0.25,0.249758,-0.000242,3.3,3.305191,0.005191,0.5,0.515404,0.015404,5.2,5.216991,0.016991
24649,PI+SIDIS,matched,coherent,GT006,KINEMATIC_TABLE row 6,8.5831,-1.531,29.045,3.632,11.075,0.25,0.249758,-0.000242,3.3,3.305191,0.005191,0.5,0.515404,0.015404,5.2,5.216991,0.016991
24650,PI+SIDIS,matched,coherent,GT006,KINEMATIC_TABLE row 6,8.5831,-1.531,29.045,3.632,11.075,0.25,0.249758,-0.000242,3.3,3.305191,0.005191,0.5,0.515404,0.015404,5.2,5.216991,0.016991
24651,PI+SIDIS,matched,coherent,GT006,KINEMATIC_TABLE row 6,8.5831,-1.531,29.045,3.632,11.075,0.25,0.249758,-0.000242,3.3,3.305191,0.005191,0.5,0.515404,0.015404,5.2,5.216991,0.016991
24652,HMSDIS,matched,coherent,GT006,KINEMATIC_TABLE row 6,8.5831,-1.531,29.045,3.632,11.075,0.25,0.249758,-0.000242,3.3,3.305191,0.005191,0.5,0.515404,0.015404,5.2,5.216991,0.016991
24653,SHMSDIS,matched,coherent,GT006,KINEMATIC_TABLE row 6,8.5831,-1.531,29.045,3.632,11.075,0.25,0.249758,-0.000242,3.3,3.305191,0.005191,0.5,0.515404,0.015404,5.2,5.216991,0.016991
24654,PI+SIDIS,matched,coherent,GT006,KINEMATIC_TABLE row 6,8.5831,-1.531,29.045,3.632,11.075,0.25,0.249758,-0.000242,3.3,3.305191,0.005191,0.5,0.515404,0.015404,5.2,5.216991,0.016991
24655,PI+SIDIS,matched,coherent,GT006,KINEMATIC_TABLE row 6,8.5831,-1.531,29.045,3.632,11.075,0.25,0.249758,-0.000242,3.3,3.305191,0.005191,0.5,0.515404,0.015404,5.2,5.216991,0.016991
24656,PI+SIDIS,matched,coherent,GT006,KINEMATIC_TABLE row 6,8.5831,-1.531,29.045,3.632,11.075,0.25,0.249758,-0.000242,3.3,3.305191,0.005191,0.5,0.515404,0.015404,5.2,5.216991,0.016991
24657,PI+SIDIS,matched,coherent,GT006,KINEMATIC_TABLE row 6,8.5831,-1.531,29.045,3.632,11.075,0.25,0.249758,-0.000242,3.3,3.305191,0.005191,0.5,0.515404,0.015404,5.2,5.216991,0.016991
24658,PI+SIDIS,matched,coherent,GT006,KINEMATIC_TABLE row 6,8.5831,-1.531,29.045,3.632,11.075,0.25,0.249758,-0.000242,3.3,3.305191,0.005191,0.5,0.515404,0.015404,5.2,5.216991,0.016991
24659,PI+SIDIS,matched,coherent,GT006,KINEMATIC_TABLE row 6,8.5831,-1.531,29.045,3.632,11.075,0.25,0.249758,-0.000242,3.3,3.305191,0.005191,0.5,0.515404,0.015404,5.2,5.216991,0.016991
24660,PI+SIDIS,matched,coherent,GT006,KINEMATIC_TABLE row 6,8.5831,-1.531,29.045,3.632,11.075,0.25,0.249758,-0.000242,3.3,3.305191,0.005191,0.5,0.515404,0.015404,5.2,5.216991,0.016991
24661,PI+SIDIS,matched,coherent,GT006,KINEMATIC_TABLE row 6,8.5831,-1.531,29.045,3.632,11.075,0.25,0.249758,-0.000242,3.3,3.305191,0.005191,0.5,0.515404,0.015404,5.2,5.216991,0.016991
24662,PI+SIDIS,matched,coherent,GT006,KINEMATIC_TABLE row 6,8.5831,-1.531,29.045,3.632,11.075,0.25,0.249758,-0.000242,3.3,3.305191,0.005191,0.5,0.515404,0.015404,5.2,5.216991,0.016991
24663,HMSDIS,matched,coherent,GT006,KINEMATIC_TABLE row 6,8.5831,-1.531,29.045,3.632,11.075,0.25,0.249758,-0.000242,3.3,3.305191,0.005191,0.5,0.515404,0.015404,5.2,5.216991,0.016991
24665,SHMSDIS,matched,coherent,GT006,KINEMATIC_TABLE row 6,8.5831,-1.531,29.045,3.632,11.075,0.25,0.249758,-0.000242,3.3,3.305191,0.005191,0.5,0.515404,0.015404,5.2,5.216991,0.016991
24666,PI+SIDIS,matched,coherent,GT006,KINEMATIC_TABLE row 6,8.5831,-1.531,29.045,3.632,11.075,0.25,0.249758,-0.000242,3.3,3.305191,0.005191,0.5,0.515404,0.015404,5.2,5.216991,0.016991
24667,PI+SIDIS,matched,coherent,GT006,KINEMATIC_TABLE row 6,8.5831,-1.531,29.045,3.632,11.075,0.25,0.249758,-0.000242,3.3,3.305191,0.005191,0.5,0.515404,0.015404,5.2,5.216991,0.016991
24668,PI+SIDIS,matched,coherent,GT006,KINEMATIC_TABLE row 6,8.5831,-1.531,29.045,3.632,11.075,0.25,0.249758,-0.000242,3.3,3.305191,0.005191,0.5,0.515404,0.015404,5.2,5.216991,0.016991
24669,PI+SIDIS,matched,coherent,GT006,KINEMATIC_TABLE row 6,8.5831,-1.531,29.045,3.632,11.075,0.25,0.249758,-0.000242,3.3,3.305191,0.005191,0.5,0.515404,0.015404,5.2,5.216991,0.016991
24670,PI+SIDIS,matched,coherent,GT006,KINEMATIC_TABLE row 6,8.5831,-1.531,29.045,3.632,11.075,0.25,0.249758,-0.000242,3.3,3.305191,0.005191,0.5,0.515404,0.015404,5.2,5.216991,0.016991
24671,PI+SIDIS,matched,coherent,GT006,KINEMATIC_TABLE row 6,8.5831,-1.531,29.045,3.632,11.075,0.25,0.249758,-0.000242,3.3,3.305191,0.005191,0.5,0.515404,0.015404,5.2,5.216991,0.016991
24672,PI+SIDIS,matched,coherent,GT006,KINEMATIC_TABLE row 6,8.5831,-1.531,29.045,3.632,11.075,0.25,0.249758,-0.000242,3.3,3.305191,0.005191,0.5,0.515404,0.015404,5.2,5.216991,0.016991
24673,PI+SIDIS,matched,coherent,GT006,KINEMATIC_TABLE row 6,8.5831,-1.531,29.045,3.632,11.075,0.25,0.249758,-0.000242,3.3,3.305191,0.005191,0.5,0.515404,0.015404,5.2,5.216991,0.016991
24674,PI+SIDIS,matched,coherent,GT006,KINEMATIC_TABLE row 6,8.5831,-1.531,29.045,3.632,11.075,0.25,0.249758,-0.000242,3.3,3.305191,0.005191,0.5,0.515404,0.015404,5.2,5.216991,0.016991
24675,PI+SIDIS,matched,coherent,GT006,KINEMATIC_TABLE row 6,8.5831,-1.531,29.045,3.632,11.075,0.25,0.249758,-0.000242,3.3,3.305191,0.005191,0.5,0.515404,0.015404,5.2,5.216991,0.016991
24676,PI+SIDIS,matched,coherent,GT006,KINEMATIC_TABLE row 6,8.5831,-1.531,29.045,3.632,11.075,0.25,0.249758,-0.000242,3.3,3.305191,0.005191,0.5,0.515404,0.015404,5.2,5.216991,0.016991
24677,PI+SIDIS,matched,coherent,GT006,KINEMATIC_TABLE row 6,8.5831,-1.531,29.045,3.632,11.075,0.25,0.249758,-0.000242,3.3,3.305191,0.005191,0.5,0.515404,0.015404,5.2,5.216991,0.016991
24678,PI+SIDIS,matched,coherent,GT006,KINEMATIC_TABLE row 6,8.5831,-1.531,29.045,3.632,11.075,0.25,0.249758,-0.000242,3.3,3.305191,0.005191,0.5,0.515404,0.015404,5.2,5.216991,0.016991
24679,PI+SIDIS,matched,coherent,GT006,KINEMATIC_TABLE row 6,8.5831,-1.531,29.045,3.632,11.075,0.25,0.249758,-0.000242,3.3,3.305191,0.005191,0.5,0.515404,0.015404,5.2,5.216991,0.016991
24680,PI+SIDIS,matched,coherent,GT006,KINEMATIC_TABLE row 6,8.5831,-1.531,29.045,3.632,11.075,0.25,0.249758,-0.000242,3.3,3.305191,0.005191,0.5,0.515404,0.015404,5.2,5.216991,0.016991
24681,PI+SIDIS,matched,coherent,GT006,KINEMATIC_TABLE row 6,8.5831,-1.531,29.045,3.632,11.075,0.25,0.249758,-0.000242,3.3,3.305191,0.005191,0.5,0.515404,0.015404,5.2,5.216991,0.016991
24682,PI+SIDIS,matched,coherent,GT006,KINEMATIC_TABLE row 6,8.5831,-1.531,29.045,3.632,11.075,0.25,0.249758,-0.000242,3.3,3.305191,0.005191,0.5,0.515404,0.015404,5.2,5.216991,0.016991
24683,PI+SIDIS,matched,coherent,GT006,KINEMATIC_TABLE row 6,8.5831,-1.531,29.045,3.632,11.075,0.25,0.249758,-0.000242,3.3,3.305191,0.005191,0.5,0.515404,0.015404,5.2,5.216991,0.016991
24684,PI+SIDIS,matched,coherent,GT006,KINEMATIC_TABLE row 6,8.5831,-1.531,29.045,3.632,11.075,0.25,0.249758,-0.000242,3.3,3.305191,0.005191,0.5,0.515404,0.015404,5.2,5.216991,0.016991
24685,PI+SIDIS,matched,coherent,GT006,KINEMATIC_TABLE row 6,8.5831,-1.531,29.045,3.632,11.075,0.25,0.249758,-0.000242,3.3,3.305191,0.005191,0.5,0.515404,0.015404,5.2,5.216991,0.016991
24686,PI+SIDIS,matched,coherent,GT006,KINEMATIC_TABLE row 6,8.5831,-1.531,29.045,3.632,11.075,0.25,0.249758,-0.000242,3.3,3.305191,0.005191,0.5,0.515404,0.015404,5.2,5.216991,0.016991
24687,PI+SIDIS,matched,coherent,GT006,KINEMATIC_TABLE row 6,8.5831,-1.531,29.045,3.632,11.075,0.25,0.249758,-0.000242,3.3,3.305191,0.005191,0.5,0.515404,0.015404,5.2,5.216991,0.016991
24688,PI+SIDIS,matched,coherent,GT006,KINEMATIC_TABLE row 6,8.5831,-1.531,29.045,3.632,11.075,0.25,0.249758,-0.000242,3.3,3.305191,0.005191,0.5,0.515404,0.015404,5.2,5.216991,0.016991
24690,PI-SIDIS,matched,coherent,GT006,KINEMATIC_TABLE row 6,8.5831,-1.531,29.045,-3.632,11.075,0.25,0.249758,-0.000242,3.3,3.305191,0.005191,0.5,0.515404,0.015404,5.2,5.216991,0.016991
24691,PI-SIDIS,matched,coherent,GT006,KINEMATIC_TABLE row 6,8.5831,-1.531,29.045,-3.632,11.075,0.25,0.249758,-0.000242,3.3,3.305191,0.005191,0.5,0.515404,0.015404,5.2,5.216991,0.016991
24692,PI-SIDIS,matched,coherent,GT006,KINEMATIC_TABLE row 6,8.5831,-1.531,29.045,-3.632,11.075,0.25,0.249758,-0.000242,3.3,3.305191,0.005191,0.5,0.515404,0.015404,5.2,5.216991,0.016991
24693,PI-SIDIS,matched,coherent,GT006,KINEMATIC_TABLE row 6,8.5831,-1.531,29.045,-3.632,11.075,0.25,0.249758,-0.000242,3.3,3.305191,0.005191,0.5,0.515404,0.015404,5.2,5.216991,0.016991
24694,PI-SIDIS,matched,coherent,GT006,KINEMATIC_TABLE row 6,8.5831,-1.531,29.045,-3.632,11.075,0.25,0.249758,-0.000242,3.3,3.305191,0.005191,0.5,0.515404,0.015404,5.2,5.216991,0.016991
24695,PI-SIDIS,matched,coherent,GT006,KINEMATIC_TABLE row 6,8.5831,-1.531,29.045,-3.632,11.075,0.25,0.249758,-0.000242,3.3,3.305191,0.005191,0.5,0.515404,0.015404,5.2,5.216991,0.016991
24696,PI-SIDIS,matched,coherent,GT006,KINEMATIC_TABLE row 6,8.5831,-1.531,29.045,-3.632,11.075,0.25,0.249758,-0.000242,3.3,3.305191,0.005191,0.5,0.515404,0.015404,5.2,5.216991,0.016991
24697,PI-SIDIS,matched,coherent,GT006,KINEMATIC_TABLE row 6,8.5831,-1.531,29.045,-3.632,11.075,0.25,0.249758,-0.000242,3.3,3.305191,0.005191,0.5,0.515404,0.015404,5.2,5.216991,0.016991
24698,PI-SIDIS,matched,coherent,GT006,KINEMATIC_TABLE row 6,8.5831,-1.531,29.045,-3.632,11.075,0.25,0.249758,-0.000242,3.3,3.305191,0.005191,0.5,0.515404,0.015404,5.2,5.216991,0.016991
24699,PI-SIDIS,matched,coherent,GT006,KINEMATIC_TABLE row 6,8.5831,-1.531,29.045,-3.632,11.075,0.25,0.249758,-0.000242,3.3,3.305191,0.005191,0.5,0.515404,0.015404,5.2,5.216991,0.016991
24701,PI-SIDIS,matched,coherent,GT006,KINEMATIC_TABLE row 6,8.5831,-1.531,29.045,-3.632,11.075,0.25,0.249758,-0.000242,3.3,3.305191,0.005191,0.5,0.515404,0.015404,5.2,5.216991,0.016991
24702,PI-SIDIS,matched,coherent,GT006,KINEMATIC_TABLE row 6,8.5831,-1.531,29.045,-3.632,11.075,0.25,0.249758,-0.000242,3.3,3.305191,0.005191,0.5,0.515404,0.015404,5.2,5.216991,0.016991
24703,PI-SIDIS,matched,coherent,GT006,KINEMATIC_TABLE row 6,8.5831,-1.531,29.045,-3.632,11.075,0.25,0.249758,-0.000242,3.3,3.305191,0.005191,0.5,0.515404,0.015404,5.2,5.216991,0.016991
24705,HMSDIS,matched,coherent,GT006,KINEMATIC_TABLE row 6,8.5831,-1.531,29.045,-3.632,11.075,0.25,0.249758,-0.000242,3.3,3.305191,0.005191,0.5,0.515404,0.015404,5.2,5.216991,0.016991
24706,SHMSDIS,matched,coherent,GT006,KINEMATIC_TABLE row 6,8.5831,-1.531,29.045,-3.632,11.075,0.25,0.249758,-0.000242,3.3,3.305191,0.005191,0.5,0.515404,0.015404,5.2,5.216991,0.016991
24707,PI-SIDIS,matched,coherent,GT006,KINEMATIC_TABLE row 6,8.5831,-1.531,29.045,-3.632,11.075,0.25,0.249758,-0.000242,3.3,3.305191,0.005191,0.5,0.515404,0.015404,5.2,5.216991,0.016991
24708,PI-SIDIS,matched,coherent,GT006,KINEMATIC_TABLE row 6,8.5831,-1.531,29.045,-3.632,11.075,0.25,0.249758,-0.000242,3.3,3.305191,0.005191,0.5,0.515404,0.015404,5.2,5.216991,0.016991
24709,PI-SIDIS,matched,coherent,GT006,KINEMATIC_TABLE row 6,8.5831,-1.531,29.045,-3.632,11.075,0.25,0.249758,-0.000242,3.3,3.305191,0.005191,0.5,0.515404,0.015404,5.2,5.216991,0.016991
24710,PI-SIDIS,matched,coherent,GT006,KINEMATIC_TABLE row 6,8.5831,-1.531,29.045,-3.632,11.075,0.25,0.249758,-0.000242,3.3,3.305191,0.005191,0.5,0.515404,0.015404,5.2,5.216991,0.016991
24711,HMSDIS,matched,coherent,GT006,KINEMATIC_TABLE row 6,8.5831,-1.531,29.045,-3.632,11.075,0.25,0.249758,-0.000242,3.3,3.305191,0.005191,0.5,0.515404,0.015404,5.2,5.216991,0.016991
24712,SHMSDIS,matched,coherent,GT006,KINEMATIC_TABLE row 6,8.5831,-1.531,29.045,-3.632,11.075,0.25,0.249758,-0.000242,3.3,3.305191,0.005191,0.5,0.515404,0.015404,5.2,5.216991,0.016991
24713,PI-SIDIS,matched,coherent,GT006,KINEMATIC_TABLE row 6,8.5831,-1.531,29.045,-3.632,11.075,0.25,0.249758,-0.000242,3.3,3.305191,0.005191,0.5,0.515404,0.015404,5.2,5.216991,0.016991
24714,PI-SIDIS,matched,coherent,GT006,KINEMATIC_TABLE row 6,8.5831,-1.531,29.045,-3.632,11.075,0.25,0.249758,-0.000242,3.3,3.305191,0.005191,0.5,0.515404,0.015404,5.2,5.216991,0.016991
24715,PI-SIDIS,matched,coherent,GT006,KINEMATIC_TABLE row 6,8.5831,-1.531,29.045,-3.632,11.075,0.25,0.249758,-0.000242,3.3,3.305191,0.005191,0.5,0.515404,0.015404,5.2,5.216991,0.016991
24716,PI-SIDIS,matched,coherent,GT006,KINEMATIC_TABLE row 6,8.5831,-1.531,29.045,-3.632,11.075,0.25,0.249758,-0.000242,3.3,3.305191,0.005191,0.5,0.515404,0.015404,5.2,5.216991,0.016991
24717,PI-SIDIS,matched,coherent,GT006,KINEMATIC_TABLE row 6,8.5831,-1.531,29.045,-3.632,11.075,0.25,0.249758,-0.000242,3.3,3.305191,0.005191,0.5,0.515404,0.015404,5.2,5.216991,0.016991
24718,PI-SIDIS,matched,coherent,GT006,KINEMATIC_TABLE row 6,8.5831,-1.531,29.045,-3.632,11.075,0.25,0.249758,-0.000242,3.3,3.305191,0.005191,0.5,0.515404,0.015404,5.2,5.216991,0.016991
24719,PI-SIDIS,matched,coherent,GT006,KINEMATIC_TABLE row 6,8.5831,-1.531,29.045,-3.632,11.075,0.25,0.249758,-0.000242,3.3,3.305191,0.005191,0.5,0.515404,0.015404,5.2,5.216991,0.016991
24720,PI-SIDIS,matched,coherent,GT006,KINEMATIC_TABLE row 6,8.5831,-1.531,29.045,-3.632,11.075,0.25,0.249758,-0.000242,3.3,3.305191,0.005191,0.5,0.515404,0.015404,5.2,5.216991,0.016991
24721,PI-SIDIS,matched,coherent,GT006,KINEMATIC_TABLE row 6,8.5831,-1.531,29.045,-3.632,11.075,0.25,0.249758,-0.000242,3.3,3.305191,0.005191,0.5,0.515404,0.015404,5.2,5.216991,0.016991
24722,PI-SIDIS,matched,coherent,GT006,KINEMATIC_TABLE row 6,8.5831,-1.531,29.045,-3.632,11.075,0.25,0.249758,-0.000242,3.3,3.305191,0.005191,0.5,0.515404,0.015404,5.2,5.216991,0.016991
24723,PI-SIDIS,matched,coherent,GT006,KINEMATIC_TABLE row 6,8.5831,-1.531,29.045,-3.632,11.075,0.25,0.249758,-0.000242,3.3,3.305191,0.005191,0.5,0.515404,0.015404,5.2,5.216991,0.016991
24724,PI-SIDIS,matched,coherent,GT006,KINEMATIC_TABLE row 6,8.5831,-1.531,29.045,-3.632,11.075,0.25,0.249758,-0.000242,3.3,3.305191,0.005191,0.5,0.515404,0.015404,5.2,5.216991,0.016991
24725,PI-SIDIS,matched,coherent,GT006,KINEMATIC_TABLE row 6,8.5831,-1.531,29.045,-3.632,11.075,0.25,0.249758,-0.000242,3.3,3.305191,0.005191,0.5,0.515404,0.015404,5.2,5.216991,0.016991
24726,PI-SIDIS,matched,coherent,GT006,KINEMATIC_TABLE row 6,8.5831,-1.531,29.045,-3.632,11.075,0.25,0.249758,-0.000242,3.3,3.305191,0.005191,0.5,0.515404,0.015404,5.2,5.216991,0.016991
24727,PI-SIDIS,matched,coherent,GT006,KINEMATIC_TABLE row 6,8.5831,-1.531,29.045,-3.632,11.075,0.25,0.249758,-0.000242,3.3,3.305191,0.005191,0.5,0.515404,0.015404,5.2,5.216991,0.016991
24728,PI-SIDIS,matched,coherent,GT006,KINEMATIC_TABLE row 6,8.5831,-1.531,29.045,-3.632,11.075,0.25,0.249758,-0.000242,3.3,3.305191,0.005191,0.5,0.515404,0.015404,5.2,5.216991,0.016991
24729,PI-SIDIS,matched,coherent,GT006,KINEMATIC_TABLE row 6,8.5831,-1.531,29.045,-3.632,11.075,0.25,0.249758,-0.000242,3.3,3.305191,0.005191,0.5,0.515404,0.015404,5.2,5.216991,0.016991
24730,PI-SIDIS,matched,coherent,GT006,KINEMATIC_TABLE row 6,8.5831,-1.531,29.045,-3.632,11.075,0.25,0.249758,-0.000242,3.3,3.305191,0.005191,0.5,0.515404,0.015404,5.2,5.216991,0.016991
24731,PI-SIDIS,matched,coherent,GT006,KINEMATIC_TABLE row 6,8.5831,-1.531,29.045,-3.632,11.075,0.25,0.249758,-0.000242,3.3,3.305191,0.005191,0.5,0.515404,0.015404,5.2,5.216991,0.016991
24732,PI-SIDIS,matched,coherent,GT006,KINEMATIC_TABLE row 6,8.5831,-1.531,29.045,-3.632,11.075,0.25,0.249758,-0.000242,3.3,3.305191,0.005191,0.5,0.515404,0.015404,5.2,5.216991,0.016991
24733,PI-SIDIS,matched,coherent,GT006,KINEMATIC_TABLE row 6,8.5831,-1.531,29.045,-3.632,11.075,0.25,0.249758,-0.000242,3.3,3.305191,0.005191,0.5,0.515404,0.015404,5.2,5.216991,0.016991
24734,PI-SIDIS,matched,coherent,GT007,KINEMATIC_TABLE row 7,8.5831,-1.531,29.045,-3.632,14.375,0.25,0.249758,-0.000242,3.3,3.305191,0.005191,0.5,0.515404,0.015404,8.5,8.516991,0.016991
24736,PI-SIDIS,matched,coherent,GT007,KINEMATIC_TABLE row 7,8.5831,-1.531,29.045,-3.632,14.375,0.25,0.249758,-0.000242,3.3,3.305191,0.005191,0.5,0.515404,0.015404,8.5,8.516991,0.016991
24737,PI-SIDIS,matched,coherent,GT007,KINEMATIC_TABLE row 7,8.5831,-1.531,29.045,-3.632,14.375,0.25,0.249758,-0.000242,3.3,3.305191,0.005191,0.5,0.515404,0.015404,8.5,8.516991,0.016991
24738,PI-SIDIS,matched,coherent,GT007,KINEMATIC_TABLE row 7,8.5831,-1.531,29.045,-3.632,14.375,0.25,0.249758,-0.000242,3.3,3.305191,0.005191,0.5,0.515404,0.015404,8.5,8.516991,0.016991
24739,PI-SIDIS,matched,coherent,GT007,KINEMATIC_TABLE row 7,8.5831,-1.531,29.045,-3.632,14.375,0.25,0.249758,-0.000242,3.3,3.305191,0.005191,0.5,0.515404,0.015404,8.5,8.516991,0.016991
24740,PI-SIDIS,matched,coherent,GT007,KINEMATIC_TABLE row 7,8.5831,-1.531,29.045,-3.632,14.375,0.25,0.249758,-0.000242,3.3,3.305191,0.005191,0.5,0.515404,0.015404,8.5,8.516991,0.016991
24741,PI-SIDIS,matched,coherent,GT007,KINEMATIC_TABLE row 7,8.5831,-1.531,29.045,-3.632,14.375,0.25,0.249758,-0.000242,3.3,3.305191,0.005191,0.5,0.515404,0.015404,8.5,8.516991,0.016991
24742,PI-SIDIS,matched,coherent,GT007,KINEMATIC_TABLE row 7,8.5831,-1.531,29.045,-3.632,14.375,0.25,0.249758,-0.000242,3.3,3.305191,0.005191,0.5,0.515404,0.015404,8.5,8.516991,0.016991
24743,PI-SIDIS,matched,coherent,GT007,KINEMATIC_TABLE row 7,8.5831,-1.531,29.045,-3.632,14.375,0.25,0.249758,-0.000242,3.3,3.305191,0.005191,0.5,0.515404,0.015404,8.5,8.516991,0.016991
24744,PI-SIDIS,matched,coherent,GT007,KINEMATIC_TABLE row 7,8.5831,-1.531,29.045,-3.632,14.375,0.25,0.249758,-0.000242,3.3,3.305191,0.005191,0.5,0.515404,0.015404,8.5,8.516991,0.016991
24745,PI-SIDIS,matched,coherent,GT007,KINEMATIC_TABLE row 7,8.5831,-1.531,29.045,-3.632,14.375,0.25,0.249758,-0.000242,3.3,3.305191,0.005191,0.5,0.515404,0.015404,8.5,8.516991,0.016991
24746,PI-SIDIS,matched,coherent,GT007,KINEMATIC_TABLE row 7,8.5831,-1.531,29.045,-3.632,14.375,0.25,0.249758,-0.000242,3.3,3.305191,0.005191,0.5,0.515404,0.015404,8.5,8.516991,0.016991
24747,PI-SIDIS,matched,coherent,GT007,KINEMATIC_TABLE row 7,8.5831,-1.531,29.045,-3.632,14.375,0.25,0.249758,-0.000242,3.3,3.305191,0.005191,0.5,0.515404,0.015404,8.5,8.516991,0.016991
24748,PI-SIDIS,matched,coherent,GT007,KINEMATIC_TABLE row 7,8.5831,-1.531,29.045,-3.632,14.375,0.25,0.249758,-0.000242,3.3,3.305191,0.005191,0.5,0.515404,0.015404,8.5,8.516991,0.016991
24750,HMSDIS,matched,coherent,GT007,KINEMATIC_TABLE row 7,8.5831,-1.531,29.045,-3.632,14.375,0.25,0.249758,-0.000242,3.3,3.305191,0.005191,0.5,0.515404,0.015404,8.5,8.516991,0.016991
24752,SHMSDIS,matched,coherent,GT007,KINEMATIC_TABLE row 7,8.5831,-1.531,29.045,-3.632,14.375,0.25,0.249758,-0.000242,3.3,3.305191,0.005191,0.5,0.515404,0.015404,8.5,8.516991,0.016991
24753,PI-SIDIS,matched,coherent,GT007,KINEMATIC_TABLE row 7,8.5831,-1.531,29.045,-3.632,14.375,0.25,0.249758,-0.000242,3.3,3.305191,0.005191,0.5,0.515404,0.015404,8.5,8.516991,0.016991
24755,PI-SIDIS,matched,coherent,GT007,KINEMATIC_TABLE row 7,8.5831,-1.531,29.045,-3.632,14.375,0.25,0.249758,-0.000242,3.3,3.305191,0.005191,0.5,0.515404,0.015404,8.5,8.516991,0.016991
24756,PI-SIDIS,matched,coherent,GT007,KINEMATIC_TABLE row 7,8.5831,-1.531,29.045,-3.632,14.375,0.25,0.249758,-0.000242,3.3,3.305191,0.005191,0.5,0.515404,0.015404,8.5,8.516991,0.016991
24758,PI-SIDIS,matched,coherent,GT007,KINEMATIC_TABLE row 7,8.5831,-1.531,29.045,-3.632,14.375,0.25,0.249758,-0.000242,3.3,3.305191,0.005191,0.5,0.515404,0.015404,8.5,8.516991,0.016991
24759,PI-SIDIS,matched,coherent,GT007,KINEMATIC_TABLE row 7,8.5831,-1.531,29.045,-3.632,14.375,0.25,0.249758,-0.000242,3.3,3.305191,0.005191,0.5,0.515404,0.015404,8.5,8.516991,0.016991
24763,HMSDIS,matched,coherent,GT007,KINEMATIC_TABLE row 7,8.5831,-1.531,29.045,-3.632,14.375,0.25,0.249758,-0.000242,3.3,3.305191,0.005191,0.5,0.515404,0.015404,8.5,8.516991,0.016991
24765,SHMSDIS,matched,coherent,GT007,KINEMATIC_TABLE row 7,8.5831,-1.531,29.045,-3.632,14.375,0.25,0.249758,-0.000242,3.3,3.305191,0.005191,0.5,0.515404,0.015404,8.5,8.516991,0.016991
24766,PI-SIDIS,matched,coherent,GT007,KINEMATIC_TABLE row 7,8.5831,-1.531,29.045,-3.632,14.375,0.25,0.249758,-0.000242,3.3,3.305191,0.005191,0.5,0.515404,0.015404,8.5,8.516991,0.016991
24767,PI-SIDIS,matched,coherent,GT007,KINEMATIC_TABLE row 7,8.5831,-1.531,29.045,-3.632,14.375,0.25,0.249758,-0.000242,3.3,3.305191,0.005191,0.5,0.515404,0.015404,8.5,8.516991,0.016991
24768,PI-SIDIS,matched,coherent,GT007,KINEMATIC_TABLE row 7,8.5831,-1.531,29.045,-3.632,14.375,0.25,0.249758,-0.000242,3.3,3.305191,0.005191,0.5,0.515404,0.015404,8.5,8.516991,0.016991
24769,PI-SIDIS,matched,coherent,GT007,KINEMATIC_TABLE row 7,8.5831,-1.531,29.045,-3.632,14.375,0.25,0.249758,-0.000242,3.3,3.305191,0.005191,0.5,0.515404,0.015404,8.5,8.516991,0.016991
24770,PI-SIDIS,matched,coherent,GT007,KINEMATIC_TABLE row 7,8.5831,-1.531,29.045,-3.632,14.375,0.25,0.249758,-0.000242,3.3,3.305191,0.005191,0.5,0.515404,0.015404,8.5,8.516991,0.016991
24772,PI-SIDIS,matched,coherent,GT007,KINEMATIC_TABLE row 7,8.5831,-1.531,29.045,-3.632,14.375,0.25,0.249758,-0.000242,3.3,3.305191,0.005191,0.5,0.515404,0.015404,8.5,8.516991,0.016991
24773,PI-SIDIS,matched,coherent,GT007,KINEMATIC_TABLE row 7,8.5831,-1.531,29.045,-3.632,14.375,0.25,0.249758,-0.000242,3.3,3.305191,0.005191,0.5,0.515404,0.015404,8.5,8.516991,0.016991
24774,PI-SIDIS,matched,coherent,GT007,KINEMATIC_TABLE row 7,8.5831,-1.531,29.045,-3.632,14.375,0.25,0.249758,-0.000242,3.3,3.305191,0.005191,0.5,0.515404,0.015404,8.5,8.516991,0.016991
24775,PI-SIDIS,matched,coherent,GT007,KINEMATIC_TABLE row 7,8.5831,-1.531,29.045,-3.632,14.375,0.25,0.249758,-0.000242,3.3,3.305191,0.005191,0.5,0.515404,0.015404,8.5,8.516991,0.016991
24776,PI-SIDIS,matched,coherent,GT007,KINEMATIC_TABLE row 7,8.5831,-1.531,29.045,-3.632,14.375,0.25,0.249758,-0.000242,3.3,3.305191,0.005191,0.5,0.515404,0.015404,8.5,8.516991,0.016991
24777,PI-SIDIS,matched,coherent,GT007,KINEMATIC_TABLE row 7,8.5831,-1.531,29.045,-3.632,14.375,0.25,0.249758,-0.000242,3.3,3.305191,0.005191,0.5,0.515404,0.015404,8.5,8.516991,0.016991
24778,PI-SIDIS,matched,coherent,GT007,KINEMATIC_TABLE row 7,8.5831,-1.531,29.045,-3.632,14.375,0.25,0.249758,-0.000242,3.3,3.305191,0.005191,0.5,0.515404,0.015404,8.5,8.516991,0.016991
24779,PI+SIDIS,matched,coherent,GT007,KINEMATIC_TABLE row 7,8.5831,-1.531,29.045,3.632,14.375,0.25,0.249758,-0.000242,3.3,3.305191,0.005191,0.5,0.515404,0.015404,8.5,8.516991,0.016991
24780,PI+SIDIS,matched,coherent,GT007,KINEMATIC_TABLE row 7,8.5831,-1.531,29.045,3.632,14.375,0.25,0.249758,-0.000242,3.3,3.305191,0.005191,0.5,0.515404,0.015404,8.5,8.516991,0.016991
24781,PI+SIDIS,matched,coherent,GT007,KINEMATIC_TABLE row 7,8.5831,-1.531,29.045,3.632,14.375,0.25,0.249758,-0.000242,3.3,3.305191,0.005191,0.5,0.515404,0.015404,8.5,8.516991,0.016991
24782,PI+SIDIS,matched,coherent,GT007,KINEMATIC_TABLE row 7,8.5831,-1.531,29.045,3.632,14.375,0.25,0.249758,-0.000242,3.3,3.305191,0.005191,0.5,0.515404,0.015404,8.5,8.516991,0.016991
24783,PI+SIDIS,matched,coherent,GT007,KINEMATIC_TABLE row 7,8.5831,-1.531,29.045,3.632,14.375,0.25,0.249758,-0.000242,3.3,3.305191,0.005191,0.5,0.515404,0.015404,8.5,8.516991,0.016991
24784,PI+SIDIS,matched,coherent,GT007,KINEMATIC_TABLE row 7,8.5831,-1.531,29.045,3.632,14.375,0.25,0.249758,-0.000242,3.3,3.305191,0.005191,0.5,0.515404,0.015404,8.5,8.516991,0.016991
24785,PI+SIDIS,matched,coherent,GT007,KINEMATIC_TABLE row 7,8.5831,-1.531,29.045,3.632,14.375,0.25,0.249758,-0.000242,3.3,3.305191,0.005191,0.5,0.515404,0.015404,8.5,8.516991,0.016991
24786,PI+SIDIS,matched,coherent,GT007,KINEMATIC_TABLE row 7,8.5831,-1.531,29.045,3.632,14.375,0.25,0.249758,-0.000242,3.3,3.305191,0.005191,0.5,0.515404,0.015404,8.5,8.516991,0.016991
24787,PI+SIDIS,matched,coherent,GT007,KINEMATIC_TABLE row 7,8.5831,-1.531,29.045,3.632,14.375,0.25,0.249758,-0.000242,3.3,3.305191,0.005191,0.5,0.515404,0.015404,8.5,8.516991,0.016991
24788,PI+SIDIS,matched,coherent,GT007,KINEMATIC_TABLE row 7,8.5831,-1.531,29.045,3.632,14.375,0.25,0.249758,-0.000242,3.3,3.305191,0.005191,0.5,0.515404,0.015404,8.5,8.516991,0.016991
24789,PI+SIDIS,matched,coherent,GT007,KINEMATIC_TABLE row 7,8.5831,-1.531,29.045,3.632,14.375,0.25,0.249758,-0.000242,3.3,3.305191,0.005191,0.5,0.515404,0.015404,8.5,8.516991,0.016991
24790,PI+SIDIS,matched,coherent,GT007,KINEMATIC_TABLE row 7,8.5831,-1.531,29.045,3.632,14.375,0.25,0.249758,-0.000242,3.3,3.305191,0.005191,0.5,0.515404,0.015404,8.5,8.516991,0.016991
24791,PI+SIDIS,matched,coherent,GT007,KINEMATIC_TABLE row 7,8.5831,-1.531,29.045,3.632,14.375,0.25,0.249758,-0.000242,3.3,3.305191,0.005191,0.5,0.515404,0.015404,8.5,8.516991,0.016991
24792,HMSDIS,matched,coherent,GT007,KINEMATIC_TABLE row 7,8.5831,-1.531,29.045,3.632,14.375,0.25,0.249758,-0.000242,3.3,3.305191,0.005191,0.5,0.515404,0.015404,8.5,8.516991,0.016991
24793,SHMSDIS,matched,coherent,GT007,KINEMATIC_TABLE row 7,8.5831,-1.531,29.045,3.632,14.375,0.25,0.249758,-0.000242,3.3,3.305191,0.005191,0.5,0.515404,0.015404,8.5,8.516991,0.016991
24794,PI+SIDIS,matched,coherent,GT007,KINEMATIC_TABLE row 7,8.5831,-1.531,29.045,3.632,14.375,0.25,0.249758,-0.000242,3.3,3.305191,0.005191,0.5,0.515404,0.015404,8.5,8.516991,0.016991
24795,PI+SIDIS,matched,coherent,GT007,KINEMATIC_TABLE row 7,8.5831,-1.531,29.045,3.632,14.375,0.25,0.249758,-0.000242,3.3,3.305191,0.005191,0.5,0.515404,0.015404,8.5,8.516991,0.016991
24796,PI+SIDIS,matched,coherent,GT007,KINEMATIC_TABLE row 7,8.5831,-1.531,29.045,3.632,14.375,0.25,0.249758,-0.000242,3.3,3.305191,0.005191,0.5,0.515404,0.015404,8.5,8.516991,0.016991
24797,PI+SIDIS,matched,coherent,GT007,KINEMATIC_TABLE row 7,8.5831,-1.531,29.045,3.632,14.375,0.25,0.249758,-0.000242,3.3,3.305191,0.005191,0.5,0.515404,0.015404,8.5,8.516991,0.016991
24798,PI+SIDIS,matched,coherent,GT007,KINEMATIC_TABLE row 7,8.5831,-1.531,29.045,3.632,14.375,0.25,0.249758,-0.000242,3.3,3.305191,0.005191,0.5,0.515404,0.015404,8.5,8.516991,0.016991
24800,HMSDIS,matched,coherent,GT007,KINEMATIC_TABLE row 7,8.5831,-1.531,29.045,3.632,14.375,0.25,0.249758,-0.000242,3.3,3.305191,0.005191,0.5,0.515404,0.015404,8.5,8.516991,0.016991
24802,SHMSDIS,matched,coherent,GT007,KINEMATIC_TABLE row 7,8.5831,-1.531,29.045,3.632,14.375,0.25,0.249758,-0.000242,3.3,3.305191,0.005191,0.5,0.515404,0.015404,8.5,8.516991,0.016991
24803,PI+SIDIS,matched,coherent,GT007,KINEMATIC_TABLE row 7,8.5831,-1.531,29.045,3.632,14.375,0.25,0.249758,-0.000242,3.3,3.305191,0.005191,0.5,0.515404,0.015404,8.5,8.516991,0.016991
24804,PI+SIDIS,matched,coherent,GT007,KINEMATIC_TABLE row 7,8.5831,-1.531,29.045,3.632,14.375,0.25,0.249758,-0.000242,3.3,3.305191,0.005191,0.5,0.515404,0.015404,8.5,8.516991,0.016991
24805,PI+SIDIS,matched,coherent,GT007,KINEMATIC_TABLE row 7,8.5831,-1.531,29.045,3.632,14.375,0.25,0.249758,-0.000242,3.3,3.305191,0.005191,0.5,0.515404,0.015404,8.5,8.516991,0.016991
24806,PI+SIDIS,matched,coherent,GT007,KINEMATIC_TABLE row 7,8.5831,-1.531,29.045,3.632,14.375,0.25,0.249758,-0.000242,3.3,3.305191,0.005191,0.5,0.515404,0.015404,8.5,8.516991,0.016991
24807,PI+SIDIS,matched,coherent,GT007,KINEMATIC_TABLE row 7,8.5831,-1.531,29.045,3.632,14.375,0.25,0.249758,-0.000242,3.3,3.305191,0.005191,0.5,0.515404,0.015404,8.5,8.516991,0.016991
24808,PI+SIDIS,matched,coherent,GT007,KINEMATIC_TABLE row 7,8.5831,-1.531,29.045,3.632,14.375,0.25,0.249758,-0.000242,3.3,3.305191,0.005191,0.5,0.515404,0.015404,8.5,8.516991,0.016991
24809,PI+SIDIS,matched,coherent,GT007,KINEMATIC_TABLE row 7,8.5831,-1.531,29.045,3.632,14.375,0.25,0.249758,-0.000242,3.3,3.305191,0.005191,0.5,0.515404,0.015404,8.5,8.516991,0.016991
24810,PI+SIDIS,matched,coherent,GT007,KINEMATIC_TABLE row 7,8.5831,-1.531,29.045,3.632,14.375,0.25,0.249758,-0.000242,3.3,3.305191,0.005191,0.5,0.515404,0.015404,8.5,8.516991,0.016991
24811,PI+SIDIS,matched,coherent,GT007,KINEMATIC_TABLE row 7,8.5831,-1.531,29.045,3.632,14.375,0.25,0.249758,-0.000242,3.3,3.305191,0.005191,0.5,0.515404,0.015404,8.5,8.516991,0.016991
24812,PI+SIDIS,matched,coherent,GT007,KINEMATIC_TABLE row 7,8.5831,-1.531,29.045,3.632,14.375,0.25,0.249758,-0.000242,3.3,3.305191,0.005191,0.5,0.515404,0.015404,8.5,8.516991,0.016991
24813,PI+SIDIS,matched,coherent,GT007,KINEMATIC_TABLE row 7,8.5831,-1.531,29.045,3.632,14.375,0.25,0.249758,-0.000242,3.3,3.305191,0.005191,0.5,0.515404,0.015404,8.5,8.516991,0.016991
24814,PI+SIDIS,matched,coherent,GT007,KINEMATIC_TABLE row 7,8.5831,-1.531,29.045,3.632,14.375,0.25,0.249758,-0.000242,3.3,3.305191,0.005191,0.5,0.515404,0.015404,8.5,8.516991,0.016991
24815,PI+SIDIS,matched,coherent,GT007,KINEMATIC_TABLE row 7,8.5831,-1.531,29.045,3.632,14.375,0.25,0.249758,-0.000242,3.3,3.305191,0.005191,0.5,0.515404,0.015404,8.5,8.516991,0.016991
24816,PI+SIDIS,matched,coherent,GT007,KINEMATIC_TABLE row 7,8.5831,-1.531,29.045,3.632,14.375,0.25,0.249758,-0.000242,3.3,3.305191,0.005191,0.5,0.515404,0.015404,8.5,8.516991,0.016991
24817,PI+SIDIS,matched,coherent,GT007,KINEMATIC_TABLE row 7,8.5831,-1.531,29.045,3.632,14.375,0.25,0.249758,-0.000242,3.3,3.305191,0.005191,0.5,0.515404,0.015404,8.5,8.516991,0.016991
24818,PI+SIDIS,matched,coherent,GT007,KINEMATIC_TABLE row 7,8.5831,1.531,29.045,3.632,14.375,0.25,0.249758,-0.000242,3.3,3.305191,0.005191,0.5,0.515404,0.015404,8.5,8.516991,0.016991
24819,PI+SIDIS,matched,coherent,GT007,KINEMATIC_TABLE row 7,8.5831,1.531,29.045,3.632,14.375,0.25,0.249758,-0.000242,3.3,3.305191,0.005191,0.5,0.515404,0.015404,8.5,8.516991,0.016991
24820,PI+SIDIS,matched,coherent,GT007,KINEMATIC_TABLE row 7,8.5831,1.531,29.045,3.632,14.375,0.25,0.249758,-0.000242,3.3,3.305191,0.005191,0.5,0.515404,0.015404,8.5,8.516991,0.016991
24821,PI+SIDIS,matched,coherent,GT007,KINEMATIC_TABLE row 7,8.5831,1.531,29.045,3.632,14.375,0.25,0.249758,-0.000242,3.3,3.305191,0.005191,0.5,0.515404,0.015404,8.5,8.516991,0.016991
24822,PI+SIDIS,matched,coherent,GT007,KINEMATIC_TABLE row 7,8.5831,1.531,29.045,3.632,14.375,0.25,0.249758,-0.000242,3.3,3.305191,0.005191,0.5,0.515404,0.015404,8.5,8.516991,0.016991
24823,PI+SIDIS,matched,coherent,GT007,KINEMATIC_TABLE row 7,8.5831,1.531,29.045,3.632,14.375,0.25,0.249758,-0.000242,3.3,3.305191,0.005191,0.5,0.515404,0.015404,8.5,8.516991,0.016991
24824,PI+SIDIS,matched,coherent,GT007,KINEMATIC_TABLE row 7,8.5831,1.531,29.045,3.632,14.375,0.25,0.249758,-0.000242,3.3,3.305191,0.005191,0.5,0.515404,0.015404,8.5,8.516991,0.016991
24825,PI+SIDIS,matched,coherent,GT007,KINEMATIC_TABLE row 7,8.5831,1.531,29.045,3.632,14.375,0.25,0.249758,-0.000242,3.3,3.305191,0.005191,0.5,0.515404,0.015404,8.5,8.516991,0.016991
24826,PI+SIDIS,matched,coherent,GT007,KINEMATIC_TABLE row 7,8.5831,1.531,29.045,3.632,14.375,0.25,0.249758,-0.000242,3.3,3.305191,0.005191,0.5,0.515404,0.015404,8.5,8.516991,0.016991
24827,PI+SIDIS,matched,coherent,GT007,KINEMATIC_TABLE row 7,8.5831,1.531,29.045,3.632,14.375,0.25,0.249758,-0.000242,3.3,3.305191,0.005191,0.5,0.515404,0.015404,8.5,8.516991,0.016991
24828,PI+SIDIS,matched,coherent,GT007,KINEMATIC_TABLE row 7,8.5831,1.531,29.045,3.632,14.375,0.25,0.249758,-0.000242,3.3,3.305191,0.005191,0.5,0.515404,0.015404,8.5,8.516991,0.016991
24829,PI-SIDIS,matched,coherent,GT007,KINEMATIC_TABLE row 7,8.5831,1.531,29.045,-3.632,14.375,0.25,0.249758,-0.000242,3.3,3.305191,0.005191,0.5,0.515404,0.015404,8.5,8.516991,0.016991
24830,PI-SIDIS,matched,coherent,GT007,KINEMATIC_TABLE row 7,8.5831,1.531,29.045,-3.632,14.375,0.25,0.249758,-0.000242,3.3,3.305191,0.005191,0.5,0.515404,0.015404,8.5,8.516991,0.016991
24831,PI-SIDIS,matched,coherent,GT007,KINEMATIC_TABLE row 7,8.5831,1.531,29.045,-3.632,14.375,0.25,0.249758,-0.000242,3.3,3.305191,0.005191,0.5,0.515404,0.015404,8.5,8.516991,0.016991
24832,PI-SIDIS,matched,coherent,GT007,KINEMATIC_TABLE row 7,8.5831,1.531,29.045,-3.632,14.375,0.25,0.249758,-0.000242,3.3,3.305191,0.005191,0.5,0.515404,0.015404,8.5,8.516991,0.016991
24833,SHMSHEE,unmatched,unmatched,,,8.5831,1.531,29.045,-6.509,12.0,-999,0.249758,-999,-999,3.305191,-999,-999,0.9232,-999,-999,6.141991,-999
24834,SHMSHEE,unmatched,unmatched,,,8.5831,1.531,29.045,-6.509,12.0,-999,0.249758,-999,-999,3.305191,-999,-999,0.9232,-999,-999,6.141991,-999
24835,SHMSHEE,unmatched,unmatched,,,8.5831,1.531,29.045,-6.509,12.0,-999,0.249758,-999,-999,3.305191,-999,-999,0.9232,-999,-999,6.141991,-999
24836,SHMSHEE,unmatched,unmatched,,,8.5831,1.531,29.045,-5.967,12.0,-999,0.249758,-999,-999,3.305191,-999,-999,0.846362,-999,-999,6.141991,-999
24837,SHMSHEE,unmatched,unmatched,,,8.5831,1.531,29.045,-5.967,12.0,-999,0.249758,-999,-999,3.305191,-999,-999,0.846362,-999,-999,6.141991,-999
24838,SHMSHEE,unmatched,unmatched,,,8.5831,1.531,29.045,-5.869,12.0,-999,0.249758,-999,-999,3.305191,-999,-999,0.83247,-999,-999,6.141991,-999
24839,SHMSHEE,unmatched,unmatched,,,8.5831,1.531,29.045,-5.774,12.0,-999,0.249758,-999,-999,3.305191,-999,-999,0.819002,-999,-999,6.141991,-999
24840,SHMSHEE,unmatched,unmatched,,,8.5831,1.531,29.045,-5.683,12.0,-999,0.249758,-999,-999,3.305191,-999,-999,0.806102,-999,-999,6.141991,-999
24841,SHMSHEE,unmatched,unmatched,,,8.5831,1.531,29.045,-5.594,12.0,-999,0.249758,-999,-999,3.305191,-999,-999,0.793486,-999,-999,6.141991,-999
24842,SHMSHEE,unmatched,unmatched,,,8.5831,1.531,29.045,-5.508,12.0,-999,0.249758,-999,-999,3.305191,-999,-999,0.781295,-999,-999,6.141991,-999
24843,SHMSHEE,unmatched,unmatched,,,8.5831,1.531,29.045,-5.508,12.0,-999,0.249758,-999,-999,3.305191,-999,-999,0.781295,-999,-999,6.141991,-999
24844,SHMSHEE,unmatched,unmatched,,,8.5831,1.531,29.045,-5.424,12.0,-999,0.249758,-999,-999,3.305191,-999,-999,0.769387,-999,-999,6.141991,-999
24845,SHMSHEE,unmatched,unmatched,,,8.5831,1.531,29.045,-5.343,12.0,-999,0.249758,-999,-999,3.305191,-999,-999,0.757905,-999,-999,6.141991,-999
24846,SHMSHEE,unmatched,unmatched,,,8.5831,1.531,29.045,-5.265,12.0,-999,0.249758,-999,-999,3.305191,-999,-999,0.746848,-999,-999,6.141991,-999
24847,HMSDIS,unmatched,unmatched,,,8.5831,1.531,29.045,-5.265,12.0,-999,0.249758,-999,-999,3.305191,-999,-999,0.746848,-999,-999,6.141991,-999
24848,HMSDIS,unmatched,unmatched,,,8.5831,1.531,29.045,-5.265,12.0,-999,0.249758,-999,-999,3.305191,-999,-999,0.746848,-999,-999,6.141991,-999
24861,PI-SIDIS,matched,coherent,GT006,KINEMATIC_TABLE row 6,8.5831,1.531,29.045,-3.632,11.075,0.25,0.249758,-0.000242,3.3,3.305191,0.005191,0.5,0.515404,0.015404,5.2,5.216991,0.016991
24862,PI-SIDIS,matched,coherent,GT006,KINEMATIC_TABLE row 6,8.5831,1.531,29.045,-3.632,11.075,0.25,0.249758,-0.000242,3.3,3.305191,0.005191,0.5,0.515404,0.015404,5.2,5.216991,0.016991
24863,PI-SIDIS,matched,coherent,GT006,KINEMATIC_TABLE row 6,8.5831,1.531,29.045,-3.632,11.075,0.25,0.249758,-0.000242,3.3,3.305191,0.005191,0.5,0.515404,0.015404,5.2,5.216991,0.016991
24864,PI-SIDIS,matched,coherent,GT006,KINEMATIC_TABLE row 6,8.5831,1.531,29.045,-3.632,11.075,0.25,0.249758,-0.000242,3.3,3.305191,0.005191,0.5,0.515404,0.015404,5.2,5.216991,0.016991
24865,PI+SIDIS,matched,coherent,GT006,KINEMATIC_TABLE row 6,8.5831,1.531,29.045,3.632,11.075,0.25,0.249758,-0.000242,3.3,3.305191,0.005191,0.5,0.515404,0.015404,5.2,5.216991,0.016991
24866,PI+SIDIS,matched,coherent,GT006,KINEMATIC_TABLE row 6,8.5831,1.531,29.045,3.632,11.075,0.25,0.249758,-0.000242,3.3,3.305191,0.005191,0.5,0.515404,0.015404,5.2,5.216991,0.016991
24867,PI+SIDIS,matched,coherent,GT006,KINEMATIC_TABLE row 6,8.5831,1.531,29.045,3.632,11.075,0.25,0.249758,-0.000242,3.3,3.305191,0.005191,0.5,0.515404,0.015404,5.2,5.216991,0.016991
24868,PI+SIDIS,matched,coherent,GT006,KINEMATIC_TABLE row 6,8.5831,1.531,29.045,3.632,11.075,0.25,0.249758,-0.000242,3.3,3.305191,0.005191,0.5,0.515404,0.015404,5.2,5.216991,0.016991
24870,PI+SIDIS,matched,coherent,GT006,KINEMATIC_TABLE row 6,8.5831,1.531,29.045,3.632,11.075,0.25,0.249758,-0.000242,3.3,3.305191,0.005191,0.5,0.515404,0.015404,5.2,5.216991,0.016991
24871,PI+SIDIS,matched,coherent,GT006,KINEMATIC_TABLE row 6,8.5831,1.531,29.045,3.632,11.075,0.25,0.249758,-0.000242,3.3,3.305191,0.005191,0.5,0.515404,0.015404,5.2,5.216991,0.016991
24872,PI+SIDIS,matched,coherent,GT006,KINEMATIC_TABLE row 6,8.5831,1.531,29.045,3.632,11.075,0.25,0.249758,-0.000242,3.3,3.305191,0.005191,0.5,0.515404,0.015404,5.2,5.216991,0.016991
24873,PI+SIDIS,matched,coherent,GT006,KINEMATIC_TABLE row 6,8.5831,1.531,29.045,3.632,11.075,0.25,0.249758,-0.000242,3.3,3.305191,0.005191,0.5,0.515404,0.015404,5.2,5.216991,0.016991
24874,PI+SIDIS,matched,coherent,GT006,KINEMATIC_TABLE row 6,8.5831,1.531,29.045,3.632,11.075,0.25,0.249758,-0.000242,3.3,3.305191,0.005191,0.5,0.515404,0.015404,5.2,5.216991,0.016991
24877,PI+SIDIS,matched,coherent,RP001,1:3|1:17,10.6716,-3.642,16.75,6.538,7.51,0.25,0.250017,1.7e-05,3.3,3.29806,-0.00194,0.9,0.930279,0.030279,-0.8,-0.802184,-0.002184
24878,PI+SIDIS,matched,coherent,RP001,1:3|1:17,10.6716,-3.642,16.75,6.538,7.51,0.25,0.250017,1.7e-05,3.3,3.29806,-0.00194,0.9,0.930279,0.030279,-0.8,-0.802184,-0.002184
24879,PI+SIDIS,matched,coherent,RP001,1:3|1:17,10.6716,-3.642,16.75,6.538,7.51,0.25,0.250017,1.7e-05,3.3,3.29806,-0.00194,0.9,0.930279,0.030279,-0.8,-0.802184,-0.002184
24880,PI+SIDIS,matched,coherent,RP001,1:3|1:17,10.6716,-3.642,16.75,6.538,7.51,0.25,0.250017,1.7e-05,3.3,3.29806,-0.00194,0.9,0.930279,0.030279,-0.8,-0.802184,-0.002184
24881,PI+SIDIS,matched,coherent,RP001,1:3|1:17,10.6716,-3.642,16.75,6.538,7.51,0.25,0.250017,1.7e-05,3.3,3.29806,-0.00194,0.9,0.930279,0.030279,-0.8,-0.802184,-0.002184
24882,PI+SIDIS,matched,coherent,RP001,1:3|1:17,10.6716,-3.642,16.75,6.538,7.51,0.25,0.250017,1.7e-05,3.3,3.29806,-0.00194,0.9,0.930279,0.030279,-0.8,-0.802184,-0.002184
24883,PI+SIDIS,matched,coherent,RP001,1:3|1:17,10.6716,-3.642,16.75,6.538,7.51,0.25,0.250017,1.7e-05,3.3,3.29806,-0.00194,0.9,0.930279,0.030279,-0.8,-0.802184,-0.002184
24884,HMSDIS,matched,coherent,RP001,1:3|1:17,10.6716,-3.642,16.75,6.538,7.51,0.25,0.250017,1.7e-05,3.3,3.29806,-0.00194,0.9,0.930279,0.030279,-0.8,-0.802184,-0.002184
24885,SHMSDIS,matched,coherent,RP001,1:3|1:17,10.6716,-3.642,16.75,6.538,7.51,0.25,0.250017,1.7e-05,3.3,3.29806,-0.00194,0.9,0.930279,0.030279,-0.8,-0.802184,-0.002184
24886,PI+SIDIS,matched,coherent,RP001,1:3|1:17,10.6716,-3.642,16.75,6.538,7.51,0.25,0.250017,1.7e-05,3.3,3.29806,-0.00194,0.9,0.930279,0.030279,-0.8,-0.802184,-0.002184
24887,PI+SIDIS,matched,coherent,RP001,1:3|1:17,10.6716,-3.642,16.75,6.538,7.51,0.25,0.250017,1.7e-05,3.3,3.29806,-0.00194,0.9,0.930279,0.030279,-0.8,-0.802184,-0.002184
24888,PI+SIDIS,matched,coherent,RP001,1:3|1:17,10.6716,-3.642,16.75,6.538,7.51,0.25,0.250017,1.7e-05,3.3,3.29806,-0.00194,0.9,0.930279,0.030279,-0.8,-0.802184,-0.002184
24889,PI+SIDIS,matched,coherent,RP001,1:3|1:17,10.6716,-3.642,16.75,6.538,7.51,0.25,0.250017,1.7e-05,3.3,3.29806,-0.00194,0.9,0.930279,0.030279,-0.8,-0.802184,-0.002184
24890,PI+SIDIS,matched,coherent,RP001,1:3|1:17,10.6716,-3.642,16.75,6.538,7.51,0.25,0.250017,1.7e-05,3.3,3.29806,-0.00194,0.9,0.930279,0.030279,-0.8,-0.802184,-0.002184
24891,HMSDIS,matched,coherent,RP001,1:3|1:17,10.6716,-3.642,16.75,6.538,7.51,0.25,0.250017,1.7e-05,3.3,3.29806,-0.00194,0.9,0.930279,0.030279,-0.8,-0.802184,-0.002184
24892,SHMSDIS,matched,coherent,RP001,1:3|1:17,10.6716,-3.642,16.75,6.538,7.51,0.25,0.250017,1.7e-05,3.3,3.29806,-0.00194,0.9,0.930279,0.030279,-0.8,-0.802184,-0.002184
24893,PI+SIDIS,matched,coherent,RP001,1:3|1:17,10.6716,-3.642,16.75,6.538,7.51,0.25,0.250017,1.7e-05,3.3,3.29806,-0.00194,0.9,0.930279,0.030279,-0.8,-0.802184,-0.002184
24894,PI+SIDIS,matched,coherent,RP001,1:3|1:17,10.6716,-3.642,16.75,6.538,7.51,0.25,0.250017,1.7e-05,3.3,3.29806,-0.00194,0.9,0.930279,0.030279,-0.8,-0.802184,-0.002184
24895,HMSDIS,matched,coherent,RP001,1:3|1:17,10.6716,-3.642,16.75,6.538,7.51,0.25,0.250017,1.7e-05,3.3,3.29806,-0.00194,0.9,0.930279,0.030279,-0.8,-0.802184,-0.002184
24896,SHMSDIS,matched,coherent,RP001,1:3|1:17,10.6716,-3.642,16.75,6.538,7.51,0.25,0.250017,1.7e-05,3.3,3.29806,-0.00194,0.9,0.930279,0.030279,-0.8,-0.802184,-0.002184
24897,PI+SIDIS,matched,coherent,RP001,1:3|1:17,10.6716,-3.642,16.75,6.538,7.51,0.25,0.250017,1.7e-05,3.3,3.29806,-0.00194,0.9,0.930279,0.030279,-0.8,-0.802184,-0.002184
24898,PI+SIDIS,matched,coherent,RP001,1:3|1:17,10.6716,-3.642,16.75,6.538,7.51,0.25,0.250017,1.7e-05,3.3,3.29806,-0.00194,0.9,0.930279,0.030279,-0.8,-0.802184,-0.002184
24899,PI+SIDIS,matched,coherent,RP001,1:3|1:17,10.6716,-3.642,16.75,6.538,7.51,0.25,0.250017,1.7e-05,3.3,3.29806,-0.00194,0.9,0.930279,0.030279,-0.8,-0.802184,-0.002184
24900,HMSDIS,matched,coherent,RP001,1:3|1:17,10.6716,-3.642,16.75,6.538,7.51,0.25,0.250017,1.7e-05,3.3,3.29806,-0.00194,0.9,0.930279,0.030279,-0.8,-0.802184,-0.002184
24901,SHMSDIS,matched,coherent,RP001,1:3|1:17,10.6716,-3.642,16.75,6.538,7.51,0.25,0.250017,1.7e-05,3.3,3.29806,-0.00194,0.9,0.930279,0.030279,-0.8,-0.802184,-0.002184
24902,PI+SIDIS,matched,coherent,RP001,1:3|1:17,10.6716,-3.642,16.75,6.538,7.51,0.25,0.250017,1.7e-05,3.3,3.29806,-0.00194,0.9,0.930279,0.030279,-0.8,-0.802184,-0.002184
24903,PI+SIDIS,matched,coherent,RP001,1:3|1:17,10.6716,-3.642,16.75,6.538,7.51,0.25,0.250017,1.7e-05,3.3,3.29806,-0.00194,0.9,0.930279,0.030279,-0.8,-0.802184,-0.002184
24905,HMSDIS,matched,coherent,RP001,1:3|1:17,10.6716,-3.642,16.75,6.538,7.51,0.25,0.250017,1.7e-05,3.3,3.29806,-0.00194,0.9,0.930279,0.030279,-0.8,-0.802184,-0.002184
24906,HMSDIS,matched,coherent,RP001,1:3|1:17,10.6716,-3.642,16.75,6.538,7.51,0.25,0.250017,1.7e-05,3.3,3.29806,-0.00194,0.9,0.930279,0.030279,-0.8,-0.802184,-0.002184
24907,PI+SIDIS,matched,coherent,RP002,1:7|1:21,10.6716,-3.642,16.75,4.868,7.51,0.25,0.250017,1.7e-05,3.3,3.29806,-0.00194,0.67,0.692785,0.022785,-0.8,-0.802184,-0.002184
24908,PI+SIDIS,matched,coherent,RP002,1:7|1:21,10.6716,-3.642,16.75,4.868,7.51,0.25,0.250017,1.7e-05,3.3,3.29806,-0.00194,0.67,0.692785,0.022785,-0.8,-0.802184,-0.002184
24909,PI+SIDIS,matched,coherent,RP002,1:7|1:21,10.6716,-3.642,16.75,4.868,7.51,0.25,0.250017,1.7e-05,3.3,3.29806,-0.00194,0.67,0.692785,0.022785,-0.8,-0.802184,-0.002184
24910,PI+SIDIS,matched,coherent,RP002,1:7|1:21,10.6716,-3.642,16.75,4.868,7.51,0.25,0.250017,1.7e-05,3.3,3.29806,-0.00194,0.67,0.692785,0.022785,-0.8,-0.802184,-0.002184
24911,HMSDIS,matched,coherent,RP002,1:7|1:21,10.6716,-3.642,16.75,4.868,7.51,0.25,0.250017,1.7e-05,3.3,3.29806,-0.00194,0.67,0.692785,0.022785,-0.8,-0.802184,-0.002184
24912,SHMSDIS,matched,coherent,RP002,1:7|1:21,10.6716,-3.642,16.75,4.868,7.51,0.25,0.250017,1.7e-05,3.3,3.29806,-0.00194,0.67,0.692785,0.022785,-0.8,-0.802184,-0.002184
24913,PI+SIDIS,matched,coherent,RP002,1:7|1:21,10.6716,-3.642,16.75,4.868,7.51,0.25,0.250017,1.7e-05,3.3,3.29806,-0.00194,0.67,0.692785,0.022785,-0.8,-0.802184,-0.002184
24914,PI+SIDIS,matched,coherent,RP002,1:7|1:21,10.6716,-3.642,16.75,4.868,7.51,0.25,0.250017,1.7e-05,3.3,3.29806,-0.00194,0.67,0.692785,0.022785,-0.8,-0.802184,-0.002184
24915,PI+SIDIS,matched,coherent,RP002,1:7|1:21,10.6716,-3.642,16.75,4.868,7.51,0.25,0.250017,1.7e-05,3.3,3.29806,-0.00194,0.67,0.692785,0.022785,-0.8,-0.802184,-0.002184
24916,PI+SIDIS,matched,coherent,RP002,1:7|1:21,10.6716,-3.642,16.75,4.868,7.51,0.25,0.250017,1.7e-05,3.3,3.29806,-0.00194,0.67,0.692785,0.022785,-0.8,-0.802184,-0.002184
24917,PI+SIDIS,matched,coherent,RP002,1:7|1:21,10.6716,-3.642,16.75,4.868,7.51,0.25,0.250017,1.7e-05,3.3,3.29806,-0.00194,0.67,0.692785,0.022785,-0.8,-0.802184,-0.002184
24920,PI+SIDIS,matched,coherent,RP002,1:7|1:21,10.6716,-3.642,16.75,4.868,7.51,0.25,0.250017,1.7e-05,3.3,3.29806,-0.00194,0.67,0.692785,0.022785,-0.8,-0.802184,-0.002184
24921,PI+SIDIS,matched,coherent,RP002,1:7|1:21,10.6716,-3.642,16.75,4.868,7.51,0.25,0.250017,1.7e-05,3.3,3.29806,-0.00194,0.67,0.692785,0.022785,-0.8,-0.802184,-0.002184
24922,HMSDIS,matched,coherent,RP002,1:7|1:21,10.6716,-3.642,16.75,4.868,7.51,0.25,0.250017,1.7e-05,3.3,3.29806,-0.00194,0.67,0.692785,0.022785,-0.8,-0.802184,-0.002184
24923,SHMSDIS,matched,coherent,RP002,1:7|1:21,10.6716,-3.642,16.75,4.868,7.51,0.25,0.250017,1.7e-05,3.3,3.29806,-0.00194,0.67,0.692785,0.022785,-0.8,-0.802184,-0.002184
24924,PI+SIDIS,matched,coherent,RP002,1:7|1:21,10.6716,-3.642,16.75,4.868,7.51,0.25,0.250017,1.7e-05,3.3,3.29806,-0.00194,0.67,0.692785,0.022785,-0.8,-0.802184,-0.002184
24925,HMSDIS,matched,coherent,RP002,1:7|1:21,10.6716,-3.642,16.75,4.868,7.51,0.25,0.250017,1.7e-05,3.3,3.29806,-0.00194,0.67,0.692785,0.022785,-0.8,-0.802184,-0.002184
24926,SHMSDIS,matched,coherent,RP002,1:7|1:21,10.6716,-3.642,16.75,4.868,7.51,0.25,0.250017,1.7e-05,3.3,3.29806,-0.00194,0.67,0.692785,0.022785,-0.8,-0.802184,-0.002184
24927,PI+SIDIS,matched,coherent,RP002,1:7|1:21,10.6716,-3.642,16.75,4.868,7.51,0.25,0.250017,1.7e-05,3.3,3.29806,-0.00194,0.67,0.692785,0.022785,-0.8,-0.802184,-0.002184
24928,PI+SIDIS,matched,coherent,RP002,1:7|1:21,10.6716,-3.642,16.75,4.868,7.51,0.25,0.250017,1.7e-05,3.3,3.29806,-0.00194,0.67,0.692785,0.022785,-0.8,-0.802184,-0.002184
24929,PI+SIDIS,matched,coherent,RP002,1:7|1:21,10.6716,-3.642,16.75,4.868,7.51,0.25,0.250017,1.7e-05,3.3,3.29806,-0.00194,0.67,0.692785,0.022785,-0.8,-0.802184,-0.002184
24930,PI+SIDIS,matched,coherent,RP002,1:7|1:21,10.6716,-3.642,16.75,4.868,7.51,0.25,0.250017,1.7e-05,3.3,3.29806,-0.00194,0.67,0.692785,0.022785,-0.8,-0.802184,-0.002184
24931,HMSDIS,matched,coherent,RP002,1:7|1:21,10.6716,-3.642,16.75,4.868,7.51,0.25,0.250017,1.7e-05,3.3,3.29806,-0.00194,0.67,0.692785,0.022785,-0.8,-0.802184,-0.002184
24932,SHMSDIS,matched,coherent,RP002,1:7|1:21,10.6716,-3.642,16.75,4.868,7.51,0.25,0.250017,1.7e-05,3.3,3.29806,-0.00194,0.67,0.692785,0.022785,-0.8,-0.802184,-0.002184
24933,PI+SIDIS,matched,coherent,RP002,1:7|1:21,10.6716,-3.642,16.75,4.868,7.51,0.25,0.250017,1.7e-05,3.3,3.29806,-0.00194,0.67,0.692785,0.022785,-0.8,-0.802184,-0.002184
24934,PI+SIDIS,matched,coherent,RP002,1:7|1:21,10.6716,-3.642,16.75,4.868,7.51,0.25,0.250017,1.7e-05,3.3,3.29806,-0.00194,0.67,0.692785,0.022785,-0.8,-0.802184,-0.002184
24935,PI+SIDIS,matched,coherent,RP002,1:7|1:21,10.6716,-3.642,16.75,4.868,7.51,0.25,0.250017,1.7e-05,3.3,3.29806,-0.00194,0.67,0.692785,0.022785,-0.8,-0.802184,-0.002184
24936,HMSDIS,matched,coherent,RP002,1:7|1:21,10.6716,-3.642,16.75,4.868,7.51,0.25,0.250017,1.7e-05,3.3,3.29806,-0.00194,0.67,0.692785,0.022785,-0.8,-0.802184,-0.002184
24937,SHMSDIS,matched,coherent,RP002,1:7|1:21,10.6716,-3.642,16.75,4.868,7.51,0.25,0.250017,1.7e-05,3.3,3.29806,-0.00194,0.67,0.692785,0.022785,-0.8,-0.802184,-0.002184
24938,PI+SIDIS,matched,coherent,RP002,1:7|1:21,10.6716,-3.642,16.75,4.868,7.51,0.25,0.250017,1.7e-05,3.3,3.29806,-0.00194,0.67,0.692785,0.022785,-0.8,-0.802184,-0.002184
24939,PI+SIDIS,matched,coherent,RP002,1:7|1:21,10.6716,-3.642,16.75,4.868,7.51,0.25,0.250017,1.7e-05,3.3,3.29806,-0.00194,0.67,0.692785,0.022785,-0.8,-0.802184,-0.002184
24943,PI+SIDIS,matched,coherent,RP002,1:7|1:21,10.6716,-3.642,16.75,4.868,7.51,0.25,0.250017,1.7e-05,3.3,3.29806,-0.00194,0.67,0.692785,0.022785,-0.8,-0.802184,-0.002184
24944,PI+SIDIS,matched,coherent,RP002,1:7|1:21,10.6716,-3.642,16.75,4.868,7.51,0.25,0.250017,1.7e-05,3.3,3.29806,-0.00194,0.67,0.692785,0.022785,-0.8,-0.802184,-0.002184
24945,PI+SIDIS,matched,coherent,RP002,1:7|1:21,10.6716,-3.642,16.75,4.868,7.51,0.25,0.250017,1.7e-05,3.3,3.29806,-0.00194,0.67,0.692785,0.022785,-0.8,-0.802184,-0.002184
24946,PI+SIDIS,matched,coherent,RP002,1:7|1:21,10.6716,-3.642,16.75,4.868,7.51,0.25,0.250017,1.7e-05,3.3,3.29806,-0.00194,0.67,0.692785,0.022785,-0.8,-0.802184,-0.002184
24947,PI+SIDIS,matched,coherent,RP002,1:7|1:21,10.6716,-3.642,16.75,4.868,7.51,0.25,0.250017,1.7e-05,3.3,3.29806,-0.00194,0.67,0.692785,0.022785,-0.8,-0.802184,-0.002184
24948,PI+SIDIS,matched,coherent,RP002,1:7|1:21,10.6716,-3.642,16.75,4.868,7.51,0.25,0.250017,1.7e-05,3.3,3.29806,-0.00194,0.67,0.692785,0.022785,-0.8,-0.802184,-0.002184
24949,PI+SIDIS,matched,coherent,RP002,1:7|1:21,10.6716,-3.642,16.75,4.868,7.51,0.25,0.250017,1.7e-05,3.3,3.29806,-0.00194,0.67,0.692785,0.022785,-0.8,-0.802184,-0.002184
24950,PI+SIDIS,matched,coherent,RP002,1:7|1:21,10.6716,-3.642,16.75,4.868,7.51,0.25,0.250017,1.7e-05,3.3,3.29806,-0.00194,0.67,0.692785,0.022785,-0.8,-0.802184,-0.002184
24951,PI+SIDIS,matched,coherent,RP002,1:7|1:21,10.6716,-3.642,16.75,4.868,7.51,0.25,0.250017,1.7e-05,3.3,3.29806,-0.00194,0.67,0.692785,0.022785,-0.8,-0.802184,-0.002184
24952,PI+SIDIS,matched,coherent,RP002,1:7|1:21,10.6716,-3.642,16.75,4.868,7.51,0.25,0.250017,1.7e-05,3.3,3.29806,-0.00194,0.67,0.692785,0.022785,-0.8,-0.802184,-0.002184
24953,PI+SIDIS,matched,coherent,RP002,1:7|1:21,10.6716,-3.642,16.75,4.868,7.51,0.25,0.250017,1.7e-05,3.3,3.29806,-0.00194,0.67,0.692785,0.022785,-0.8,-0.802184,-0.002184
24954,PI+SIDIS,matched,coherent,RP002,1:7|1:21,10.6716,-3.642,16.75,4.868,7.51,0.25,0.250017,1.7e-05,3.3,3.29806,-0.00194,0.67,0.692785,0.022785,-0.8,-0.802184,-0.002184
24955,PI+SIDIS,matched,coherent,RP002,1:7|1:21,10.6716,-3.642,16.75,4.868,7.51,0.25,0.250017,1.7e-05,3.3,3.29806,-0.00194,0.67,0.692785,0.022785,-0.8,-0.802184,-0.002184
24956,PI+SIDIS,matched,coherent,RP002,1:7|1:21,10.6716,-3.642,16.75,4.868,7.51,0.25,0.250017,1.7e-05,3.3,3.29806,-0.00194,0.67,0.692785,0.022785,-0.8,-0.802184,-0.002184
24957,PI+SIDIS,matched,coherent,RP002,1:7|1:21,10.6716,-3.642,16.75,4.868,7.51,0.25,0.250017,1.7e-05,3.3,3.29806,-0.00194,0.67,0.692785,0.022785,-0.8,-0.802184,-0.002184
24958,PI+SIDIS,matched,coherent,RP002,1:7|1:21,10.6716,-3.642,16.75,4.868,7.51,0.25,0.250017,1.7e-05,3.3,3.29806,-0.00194,0.67,0.692785,0.022785,-0.8,-0.802184,-0.002184
24959,PI+SIDIS,matched,coherent,RP002,1:7|1:21,10.6716,-3.642,16.75,4.868,7.51,0.25,0.250017,1.7e-05,3.3,3.29806,-0.00194,0.67,0.692785,0.022785,-0.8,-0.802184,-0.002184
24960,PI+SIDIS,matched,coherent,RP003,1:12|1:25,10.6716,-3.642,16.75,3.632,7.51,0.25,0.250017,1.7e-05,3.3,3.29806,-0.00194,0.5,0.517054,0.017054,-0.8,-0.802184,-0.002184
24961,PI+SIDIS,matched,coherent,RP003,1:12|1:25,10.6716,-3.642,16.75,3.632,7.51,0.25,0.250017,1.7e-05,3.3,3.29806,-0.00194,0.5,0.517054,0.017054,-0.8,-0.802184,-0.002184
24962,PI+SIDIS,matched,coherent,RP003,1:12|1:25,10.6716,-3.642,16.75,3.632,7.51,0.25,0.250017,1.7e-05,3.3,3.29806,-0.00194,0.5,0.517054,0.017054,-0.8,-0.802184,-0.002184
24964,PI+SIDIS,matched,coherent,RP003,1:12|1:25,10.6716,-3.642,16.75,3.632,7.51,0.25,0.250017,1.7e-05,3.3,3.29806,-0.00194,0.5,0.517054,0.017054,-0.8,-0.802184,-0.002184
24965,PI+SIDIS,matched,coherent,RP003,1:12|1:25,10.6716,-3.642,16.75,3.632,7.51,0.25,0.250017,1.7e-05,3.3,3.29806,-0.00194,0.5,0.517054,0.017054,-0.8,-0.802184,-0.002184
24966,PI+SIDIS,matched,coherent,RP003,1:12|1:25,10.6716,-3.642,16.75,3.632,7.51,0.25,0.250017,1.7e-05,3.3,3.29806,-0.00194,0.5,0.517054,0.017054,-0.8,-0.802184,-0.002184
24967,HMSDIS,matched,coherent,RP003,1:12|1:25,10.6716,-3.642,16.75,3.632,7.51,0.25,0.250017,1.7e-05,3.3,3.29806,-0.00194,0.5,0.517054,0.017054,-0.8,-0.802184,-0.002184
24968,SHMSDIS,matched,coherent,RP003,1:12|1:25,10.6716,-3.642,16.75,3.632,7.51,0.25,0.250017,1.7e-05,3.3,3.29806,-0.00194,0.5,0.517054,0.017054,-0.8,-0.802184,-0.002184
24969,PI+SIDIS,matched,coherent,RP003,1:12|1:25,10.6716,-3.642,16.75,3.632,7.51,0.25,0.250017,1.7e-05,3.3,3.29806,-0.00194,0.5,0.517054,0.017054,-0.8,-0.802184,-0.002184
24970,PI+SIDIS,matched,coherent,RP003,1:12|1:25,10.6716,-3.642,16.75,3.632,7.51,0.25,0.250017,1.7e-05,3.3,3.29806,-0.00194,0.5,0.517054,0.017054,-0.8,-0.802184,-0.002184
24971,PI+SIDIS,matched,coherent,RP003,1:12|1:25,10.6716,-3.642,16.75,3.632,7.51,0.25,0.250017,1.7e-05,3.3,3.29806,-0.00194,0.5,0.517054,0.017054,-0.8,-0.802184,-0.002184
24972,PI+SIDIS,matched,coherent,RP003,1:12|1:25,10.6716,-3.642,16.75,3.632,7.51,0.25,0.250017,1.7e-05,3.3,3.29806,-0.00194,0.5,0.517054,0.017054,-0.8,-0.802184,-0.002184
24974,PI+SIDIS,matched,coherent,RP003,1:12|1:25,10.6716,-3.642,16.75,3.632,7.51,0.25,0.250017,1.7e-05,3.3,3.29806,-0.00194,0.5,0.517054,0.017054,-0.8,-0.802184,-0.002184
24975,PI+SIDIS,matched,coherent,RP003,1:12|1:25,10.6716,-3.642,16.75,3.632,7.51,0.25,0.250017,1.7e-05,3.3,3.29806,-0.00194,0.5,0.517054,0.017054,-0.8,-0.802184,-0.002184
24978,HMSDIS,matched,coherent,RP003,1:12|1:25,10.6716,-3.642,16.75,3.632,7.51,0.25,0.250017,1.7e-05,3.3,3.29806,-0.00194,0.5,0.517054,0.017054,-0.8,-0.802184,-0.002184
24980,SHMSDIS,matched,coherent,RP003,1:12|1:25,10.6716,-3.642,16.75,3.632,7.51,0.25,0.250017,1.7e-05,3.3,3.29806,-0.00194,0.5,0.517054,0.017054,-0.8,-0.802184,-0.002184
24981,PI+SIDIS,matched,coherent,RP003,1:12|1:25,10.6716,-3.642,16.75,3.632,7.51,0.25,0.250017,1.7e-05,3.3,3.29806,-0.00194,0.5,0.517054,0.017054,-0.8,-0.802184,-0.002184
24982,PI+SIDIS,matched,coherent,RP003,1:12|1:25,10.6716,-3.642,16.75,3.632,7.51,0.25,0.250017,1.7e-05,3.3,3.29806,-0.00194,0.5,0.517054,0.017054,-0.8,-0.802184,-0.002184
24983,HMSDIS,matched,coherent,RP003,1:12|1:25,10.6716,-3.642,16.75,3.632,7.51,0.25,0.250017,1.7e-05,3.3,3.29806,-0.00194,0.5,0.517054,0.017054,-0.8,-0.802184,-0.002184
24984,SHMSDIS,matched,coherent,RP003,1:12|1:25,10.6716,-3.642,16.75,3.632,7.51,0.25,0.250017,1.7e-05,3.3,3.29806,-0.00194,0.5,0.517054,0.017054,-0.8,-0.802184,-0.002184
24985,PI+SIDIS,matched,coherent,RP003,1:12|1:25,10.6716,-3.642,16.75,3.632,7.51,0.25,0.250017,1.7e-05,3.3,3.29806,-0.00194,0.5,0.517054,0.017054,-0.8,-0.802184,-0.002184
24986,PI+SIDIS,matched,coherent,RP003,1:12|1:25,10.6716,-3.642,16.75,3.632,7.51,0.25,0.250017,1.7e-05,3.3,3.29806,-0.00194,0.5,0.517054,0.017054,-0.8,-0.802184,-0.002184
24987,PI+SIDIS,matched,coherent,RP003,1:12|1:25,10.6716,-3.642,16.75,3.632,7.51,0.25,0.250017,1.7e-05,3.3,3.29806,-0.00194,0.5,0.517054,0.017054,-0.8,-0.802184,-0.002184
24988,PI+SIDIS,matched,coherent,RP003,1:12|1:25,10.6716,-3.642,16.75,3.632,7.51,0.25,0.250017,1.7e-05,3.3,3.29806,-0.00194,0.5,0.517054,0.017054,-0.8,-0.802184,-0.002184
24989,HMSDIS,matched,coherent,RP003,1:12|1:25,10.6716,-3.642,16.75,3.632,7.51,0.25,0.250017,1.7e-05,3.3,3.29806,-0.00194,0.5,0.517054,0.017054,-0.8,-0.802184,-0.002184
24990,SHMSDIS,matched,coherent,RP003,1:12|1:25,10.6716,-3.642,16.75,3.632,7.51,0.25,0.250017,1.7e-05,3.3,3.29806,-0.00194,0.5,0.517054,0.017054,-0.8,-0.802184,-0.002184
24991,PI+SIDIS,matched,coherent,RP003,1:12|1:25,10.6716,-3.642,16.75,3.632,7.51,0.25,0.250017,1.7e-05,3.3,3.29806,-0.00194,0.5,0.517054,0.017054,-0.8,-0.802184,-0.002184
24992,PI+SIDIS,matched,coherent,RP003,1:12|1:25,10.6716,-3.642,16.75,3.632,7.51,0.25,0.250017,1.7e-05,3.3,3.29806,-0.00194,0.5,0.517054,0.017054,-0.8,-0.802184,-0.002184
24994,PI+SIDIS,matched,coherent,RP003,1:12|1:25,10.6716,-3.642,16.75,3.632,7.51,0.25,0.250017,1.7e-05,3.3,3.29806,-0.00194,0.5,0.517054,0.017054,-0.8,-0.802184,-0.002184
24995,PI+SIDIS,matched,coherent,RP003,1:12|1:25,10.6716,-3.642,16.75,3.632,7.51,0.25,0.250017,1.7e-05,3.3,3.29806,-0.00194,0.5,0.517054,0.017054,-0.8,-0.802184,-0.002184
24996,HMSDIS,matched,coherent,RP003,1:12|1:25,10.6716,-3.642,16.75,3.632,7.51,0.25,0.250017,1.7e-05,3.3,3.29806,-0.00194,0.5,0.517054,0.017054,-0.8,-0.802184,-0.002184
24997,SHMSDIS,matched,coherent,RP003,1:12|1:25,10.6716,-3.642,16.75,3.632,7.51,0.25,0.250017,1.7e-05,3.3,3.29806,-0.00194,0.5,0.517054,0.017054,-0.8,-0.802184,-0.002184
24998,PI+SIDIS,matched,coherent,RP003,1:12|1:25,10.6716,-3.642,16.75,3.632,7.51,0.25,0.250017,1.7e-05,3.3,3.29806,-0.00194,0.5,0.517054,0.017054,-0.8,-0.802184,-0.002184
24999,PI+SIDIS,matched,coherent,RP003,1:12|1:25,10.6716,-3.642,16.75,3.632,7.51,0.25,0.250017,1.7e-05,3.3,3.29806,-0.00194,0.5,0.517054,0.017054,-0.8,-0.802184,-0.002184
25000,PI+SIDIS,matched,coherent,RP003,1:12|1:25,10.6716,-3.642,16.75,3.632,7.51,0.25,0.250017,1.7e-05,3.3,3.29806,-0.00194,0.5,0.517054,0.017054,-0.8,-0.802184,-0.002184
25001,PI+SIDIS,matched,coherent,RP003,1:12|1:25,10.6716,-3.642,16.75,3.632,7.51,0.25,0.250017,1.7e-05,3.3,3.29806,-0.00194,0.5,0.517054,0.017054,-0.8,-0.802184,-0.002184
25002,PI+SIDIS,matched,coherent,RP003,1:12|1:25,10.6716,-3.642,16.75,3.632,7.51,0.25,0.250017,1.7e-05,3.3,3.29806,-0.00194,0.5,0.517054,0.017054,-0.8,-0.802184,-0.002184
25003,PI+SIDIS,matched,coherent,RP003,1:12|1:25,10.6716,-3.642,16.75,3.632,7.51,0.25,0.250017,1.7e-05,3.3,3.29806,-0.00194,0.5,0.517054,0.017054,-0.8,-0.802184,-0.002184
25004,PI+SIDIS,matched,coherent,RP003,1:12|1:25,10.6716,-3.642,16.75,3.632,7.51,0.25,0.250017,1.7e-05,3.3,3.29806,-0.00194,0.5,0.517054,0.017054,-0.8,-0.802184,-0.002184
25005,PI+SIDIS,matched,coherent,RP003,1:12|1:25,10.6716,-3.642,16.75,3.632,7.51,0.25,0.250017,1.7e-05,3.3,3.29806,-0.00194,0.5,0.517054,0.017054,-0.8,-0.802184,-0.002184
25006,PI+SIDIS,matched,coherent,RP003,1:12|1:25,10.6716,-3.642,16.75,3.632,7.51,0.25,0.250017,1.7e-05,3.3,3.29806,-0.00194,0.5,0.517054,0.017054,-0.8,-0.802184,-0.002184
25007,PI+SIDIS,matched,coherent,RP003,1:12|1:25,10.6716,-3.642,16.75,3.632,7.51,0.25,0.250017,1.7e-05,3.3,3.29806,-0.00194,0.5,0.517054,0.017054,-0.8,-0.802184,-0.002184
25008,PI+SIDIS,matched,coherent,RP003,1:12|1:25,10.6716,-3.642,16.75,3.632,7.51,0.25,0.250017,1.7e-05,3.3,3.29806,-0.00194,0.5,0.517054,0.017054,-0.8,-0.802184,-0.002184
25010,PI-SIDIS,matched,coherent,RP001,1:3|1:17,10.6716,-3.642,16.75,-6.538,7.51,0.25,0.250017,1.7e-05,3.3,3.29806,-0.00194,0.9,0.930279,0.030279,-0.8,-0.802184,-0.002184
25011,PI-SIDIS,matched,coherent,RP001,1:3|1:17,10.6716,-3.642,16.75,-6.538,7.51,0.25,0.250017,1.7e-05,3.3,3.29806,-0.00194,0.9,0.930279,0.030279,-0.8,-0.802184,-0.002184
25012,PI-SIDIS,matched,coherent,RP001,1:3|1:17,10.6716,-3.642,16.75,-6.538,7.51,0.25,0.250017,1.7e-05,3.3,3.29806,-0.00194,0.9,0.930279,0.030279,-0.8,-0.802184,-0.002184
25016,PI-SIDIS,matched,coherent,RP001,1:3|1:17,10.6716,-3.642,16.75,-6.538,7.51,0.25,0.250017,1.7e-05,3.3,3.29806,-0.00194,0.9,0.930279,0.030279,-0.8,-0.802184,-0.002184
25017,PI-SIDIS,matched,coherent,RP001,1:3|1:17,10.6716,-3.642,16.75,-6.538,7.51,0.25,0.250017,1.7e-05,3.3,3.29806,-0.00194,0.9,0.930279,0.030279,-0.8,-0.802184,-0.002184
25018,PI-SIDIS,matched,coherent,RP001,1:3|1:17,10.6716,-3.642,16.75,-6.538,7.51,0.25,0.250017,1.7e-05,3.3,3.29806,-0.00194,0.9,0.930279,0.030279,-0.8,-0.802184,-0.002184
25019,PI-SIDIS,matched,coherent,RP001,1:3|1:17,10.6716,-3.642,16.75,-6.538,7.51,0.25,0.250017,1.7e-05,3.3,3.29806,-0.00194,0.9,0.930279,0.030279,-0.8,-0.802184,-0.002184
25020,PI-SIDIS,matched,coherent,RP001,1:3|1:17,10.6716,-3.642,16.75,-6.538,7.51,0.25,0.250017,1.7e-05,3.3,3.29806,-0.00194,0.9,0.930279,0.030279,-0.8,-0.802184,-0.002184
25021,HMSDIS,matched,coherent,RP001,1:3|1:17,10.6716,-3.642,16.75,-6.538,7.51,0.25,0.250017,1.7e-05,3.3,3.29806,-0.00194,0.9,0.930279,0.030279,-0.8,-0.802184,-0.002184
25022,SHMSDIS,matched,coherent,RP001,1:3|1:17,10.6716,-3.642,16.75,-6.538,7.51,0.25,0.250017,1.7e-05,3.3,3.29806,-0.00194,0.9,0.930279,0.030279,-0.8,-0.802184,-0.002184
25023,HMSDIS,matched,coherent,RP001,1:3|1:17,10.6716,-3.642,16.75,-6.538,7.51,0.25,0.250017,1.7e-05,3.3,3.29806,-0.00194,0.9,0.930279,0.030279,-0.8,-0.802184,-0.002184
25024,SHMSDIS,matched,coherent,RP001,1:3|1:17,10.6716,-3.642,16.75,-6.538,7.51,0.25,0.250017,1.7e-05,3.3,3.29806,-0.00194,0.9,0.930279,0.030279,-0.8,-0.802184,-0.002184
25026,PI-SIDIS,matched,coherent,RP001,1:3|1:17,10.6716,-3.642,16.75,-6.538,7.51,0.25,0.250017,1.7e-05,3.3,3.29806,-0.00194,0.9,0.930279,0.030279,-0.8,-0.802184,-0.002184
25027,PI-SIDIS,matched,coherent,RP001,1:3|1:17,10.6716,-3.642,16.75,-6.538,7.51,0.25,0.250017,1.7e-05,3.3,3.29806,-0.00194,0.9,0.930279,0.030279,-0.8,-0.802184,-0.002184
25028,HMSDIS,matched,coherent,RP001,1:3|1:17,10.6716,-3.642,16.75,-6.538,7.51,0.25,0.250017,1.7e-05,3.3,3.29806,-0.00194,0.9,0.930279,0.030279,-0.8,-0.802184,-0.002184
25029,SHMSDIS,matched,coherent,RP001,1:3|1:17,10.6716,-3.642,16.75,-6.538,7.51,0.25,0.250017,1.7e-05,3.3,3.29806,-0.00194,0.9,0.930279,0.030279,-0.8,-0.802184,-0.002184
25030,PI-SIDIS,matched,coherent,RP001,1:3|1:17,10.6716,-3.642,16.75,-6.538,7.51,0.25,0.250017,1.7e-05,3.3,3.29806,-0.00194,0.9,0.930279,0.030279,-0.8,-0.802184,-0.002184
25031,PI-SIDIS,matched,coherent,RP001,1:3|1:17,10.6716,-3.642,16.75,-6.538,7.51,0.25,0.250017,1.7e-05,3.3,3.29806,-0.00194,0.9,0.930279,0.030279,-0.8,-0.802184,-0.002184
25034,PI-SIDIS,matched,coherent,RP001,1:3|1:17,10.6716,-3.642,16.75,-6.538,7.51,0.25,0.250017,1.7e-05,3.3,3.29806,-0.00194,0.9,0.930279,0.030279,-0.8,-0.802184,-0.002184
25035,PI-SIDIS,matched,coherent,RP001,1:3|1:17,10.6716,-3.642,16.75,-6.538,7.51,0.25,0.250017,1.7e-05,3.3,3.29806,-0.00194,0.9,0.930279,0.030279,-0.8,-0.802184,-0.002184
25036,HMSDIS,matched,coherent,RP001,1:3|1:17,10.6716,-3.642,16.75,-6.538,7.51,0.25,0.250017,1.7e-05,3.3,3.29806,-0.00194,0.9,0.930279,0.030279,-0.8,-0.802184,-0.002184
25037,SHMSDIS,matched,coherent,RP001,1:3|1:17,10.6716,-3.642,16.75,-6.538,7.51,0.25,0.250017,1.7e-05,3.3,3.29806,-0.00194,0.9,0.930279,0.030279,-0.8,-0.802184,-0.002184
25038,PI-SIDIS,matched,coherent,RP001,1:3|1:17,10.6716,-3.642,16.75,-6.538,7.51,0.25,0.250017,1.7e-05,3.3,3.29806,-0.00194,0.9,0.930279,0.030279,-0.8,-0.802184,-0.002184
25041,PI-SIDIS,matched,coherent,RP001,1:3|1:17,10.6716,-3.642,16.75,-6.538,7.51,0.25,0.250017,1.7e-05,3.3,3.29806,-0.00194,0.9,0.930279,0.030279,-0.8,-0.802184,-0.002184
25042,HMSDIS,matched,coherent,RP001,1:3|1:17,10.6716,-3.642,16.75,-6.538,7.51,0.25,0.250017,1.7e-05,3.3,3.29806,-0.00194,0.9,0.930279,0.030279,-0.8,-0.802184,-0.002184
25043,SHMSDIS,matched,coherent,RP001,1:3|1:17,10.6716,-3.642,16.75,-6.538,7.51,0.25,0.250017,1.7e-05,3.3,3.29806,-0.00194,0.9,0.930279,0.030279,-0.8,-0.802184,-0.002184
25044,PI-SIDIS,matched,coherent,RP002,1:7|1:21,10.6716,-3.642,16.75,-4.868,7.51,0.25,0.250017,1.7e-05,3.3,3.29806,-0.00194,0.67,0.692785,0.022785,-0.8,-0.802184,-0.002184
25045,PI-SIDIS,matched,coherent,RP002,1:7|1:21,10.6716,-3.642,16.75,-4.868,7.51,0.25,0.250017,1.7e-05,3.3,3.29806,-0.00194,0.67,0.692785,0.022785,-0.8,-0.802184,-0.002184
25046,PI-SIDIS,matched,coherent,RP002,1:7|1:21,10.6716,-3.642,16.75,-4.868,7.51,0.25,0.250017,1.7e-05,3.3,3.29806,-0.00194,0.67,0.692785,0.022785,-0.8,-0.802184,-0.002184
25047,HMSDIS,matched,coherent,RP002,1:7|1:21,10.6716,-3.642,16.75,-4.868,7.51,0.25,0.250017,1.7e-05,3.3,3.29806,-0.00194,0.67,0.692785,0.022785,-0.8,-0.802184,-0.002184
25048,SHMSDIS,matched,coherent,RP002,1:7|1:21,10.6716,-3.642,16.75,-4.868,7.51,0.25,0.250017,1.7e-05,3.3,3.29806,-0.00194,0.67,0.692785,0.022785,-0.8,-0.802184,-0.002184
25049,PI-SIDIS,matched,coherent,RP002,1:7|1:21,10.6716,-3.642,16.75,-4.868,7.51,0.25,0.250017,1.7e-05,3.3,3.29806,-0.00194,0.67,0.692785,0.022785,-0.8,-0.802184,-0.002184
25050,PI-SIDIS,matched,coherent,RP002,1:7|1:21,10.6716,-3.642,16.75,-4.868,7.51,0.25,0.250017,1.7e-05,3.3,3.29806,-0.00194,0.67,0.692785,0.022785,-0.8,-0.802184,-0.002184
25051,PI-SIDIS,matched,coherent,RP002,1:7|1:21,10.6716,-3.642,16.75,-4.868,7.51,0.25,0.250017,1.7e-05,3.3,3.29806,-0.00194,0.67,0.692785,0.022785,-0.8,-0.802184,-0.002184
25052,PI-SIDIS,matched,coherent,RP002,1:7|1:21,10.6716,-3.642,16.75,-4.868,7.51,0.25,0.250017,1.7e-05,3.3,3.29806,-0.00194,0.67,0.692785,0.022785,-0.8,-0.802184,-0.002184
25053,PI-SIDIS,matched,coherent,RP002,1:7|1:21,10.6716,-3.642,16.75,-4.868,7.51,0.25,0.250017,1.7e-05,3.3,3.29806,-0.00194,0.67,0.692785,0.022785,-0.8,-0.802184,-0.002184
25054,HMSDIS,matched,coherent,RP002,1:7|1:21,10.6716,-3.642,16.75,-4.868,7.51,0.25,0.250017,1.7e-05,3.3,3.29806,-0.00194,0.67,0.692785,0.022785,-0.8,-0.802184,-0.002184
25055,SHMSDIS,matched,coherent,RP002,1:7|1:21,10.6716,-3.642,16.75,-4.868,7.51,0.25,0.250017,1.7e-05,3.3,3.29806,-0.00194,0.67,0.692785,0.022785,-0.8,-0.802184,-0.002184
25056,PI-SIDIS,matched,coherent,RP002,1:7|1:21,10.6716,-3.642,16.75,-4.868,7.51,0.25,0.250017,1.7e-05,3.3,3.29806,-0.00194,0.67,0.692785,0.022785,-0.8,-0.802184,-0.002184
25057,HMSDIS,matched,coherent,RP002,1:7|1:21,10.6716,-3.642,16.75,-4.868,7.51,0.25,0.250017,1.7e-05,3.3,3.29806,-0.00194,0.67,0.692785,0.022785,-0.8,-0.802184,-0.002184
25058,SHMSDIS,matched,coherent,RP002,1:7|1:21,10.6716,-3.642,16.75,-4.868,7.51,0.25,0.250017,1.7e-05,3.3,3.29806,-0.00194,0.67,0.692785,0.022785,-0.8,-0.802184,-0.002184
25059,PI-SIDIS,matched,coherent,RP002,1:7|1:21,10.6716,-3.642,16.75,-4.868,7.51,0.25,0.250017,1.7e-05,3.3,3.29806,-0.00194,0.67,0.692785,0.022785,-0.8,-0.802184,-0.002184
25060,PI-SIDIS,matched,coherent,RP002,1:7|1:21,10.6716,-3.642,16.75,-4.868,7.51,0.25,0.250017,1.7e-05,3.3,3.29806,-0.00194,0.67,0.692785,0.022785,-0.8,-0.802184,-0.002184
25061,PI-SIDIS,matched,coherent,RP002,1:7|1:21,10.6716,-3.642,16.75,-4.868,7.51,0.25,0.250017,1.7e-05,3.3,3.29806,-0.00194,0.67,0.692785,0.022785,-0.8,-0.802184,-0.002184
25062,PI-SIDIS,matched,coherent,RP002,1:7|1:21,10.6716,-3.642,16.75,-4.868,7.51,0.25,0.250017,1.7e-05,3.3,3.29806,-0.00194,0.67,0.692785,0.022785,-0.8,-0.802184,-0.002184
25063,PI-SIDIS,matched,coherent,RP002,1:7|1:21,10.6716,-3.642,16.75,-4.868,7.51,0.25,0.250017,1.7e-05,3.3,3.29806,-0.00194,0.67,0.692785,0.022785,-0.8,-0.802184,-0.002184
25064,PI-SIDIS,matched,coherent,RP002,1:7|1:21,10.6716,-3.642,16.75,-4.868,7.51,0.25,0.250017,1.7e-05,3.3,3.29806,-0.00194,0.67,0.692785,0.022785,-0.8,-0.802184,-0.002184
25065,PI-SIDIS,matched,coherent,RP002,1:7|1:21,10.6716,-3.642,16.75,-4.868,7.51,0.25,0.250017,1.7e-05,3.3,3.29806,-0.00194,0.67,0.692785,0.022785,-0.8,-0.802184,-0.002184
25066,PI-SIDIS,matched,coherent,RP002,1:7|1:21,10.6716,-3.642,16.75,-4.868,7.51,0.25,0.250017,1.7e-05,3.3,3.29806,-0.00194,0.67,0.692785,0.022785,-0.8,-0.802184,-0.002184
25067,PI-SIDIS,matched,coherent,RP002,1:7|1:21,10.6716,-3.642,16.75,-4.868,7.51,0.25,0.250017,1.7e-05,3.3,3.29806,-0.00194,0.67,0.692785,0.022785,-0.8,-0.802184,-0.002184
25068,PI-SIDIS,matched,coherent,RP002,1:7|1:21,10.6716,-3.642,16.75,-4.868,7.51,0.25,0.250017,1.7e-05,3.3,3.29806,-0.00194,0.67,0.692785,0.022785,-0.8,-0.802184,-0.002184
25069,PI-SIDIS,matched,coherent,RP002,1:7|1:21,10.6716,-3.642,16.75,-4.868,7.51,0.25,0.250017,1.7e-05,3.3,3.29806,-0.00194,0.67,0.692785,0.022785,-0.8,-0.802184,-0.002184
25070,PI-SIDIS,matched,coherent,RP002,1:7|1:21,10.6716,-3.642,16.75,-4.868,7.51,0.25,0.250017,1.7e-05,3.3,3.29806,-0.00194,0.67,0.692785,0.022785,-0.8,-0.802184,-0.002184
25071,PI-SIDIS,matched,coherent,RP002,1:7|1:21,10.6716,-3.642,16.75,-4.868,7.51,0.25,0.250017,1.7e-05,3.3,3.29806,-0.00194,0.67,0.692785,0.022785,-0.8,-0.802184,-0.002184
25072,PI-SIDIS,matched,coherent,RP002,1:7|1:21,10.6716,-3.642,16.75,-4.868,7.51,0.25,0.250017,1.7e-05,3.3,3.29806,-0.00194,0.67,0.692785,0.022785,-0.8,-0.802184,-0.002184
25073,PI-SIDIS,matched,coherent,RP002,1:7|1:21,10.6716,-3.642,16.75,-4.868,7.51,0.25,0.250017,1.7e-05,3.3,3.29806,-0.00194,0.67,0.692785,0.022785,-0.8,-0.802184,-0.002184
25074,PI-SIDIS,matched,coherent,RP002,1:7|1:21,10.6716,-3.642,16.75,-4.868,7.51,0.25,0.250017,1.7e-05,3.3,3.29806,-0.00194,0.67,0.692785,0.022785,-0.8,-0.802184,-0.002184
25076,PI-SIDIS,matched,coherent,RP003,1:12|1:25,10.6716,-3.642,16.75,-3.632,7.51,0.25,0.250017,1.7e-05,3.3,3.29806,-0.00194,0.5,0.517054,0.017054,-0.8,-0.802184,-0.002184
25077,PI-SIDIS,matched,coherent,RP003,1:12|1:25,10.6716,-3.642,16.75,-3.632,7.51,0.25,0.250017,1.7e-05,3.3,3.29806,-0.00194,0.5,0.517054,0.017054,-0.8,-0.802184,-0.002184
25078,PI-SIDIS,matched,coherent,RP003,1:12|1:25,10.6716,-3.642,16.75,-3.632,7.51,0.25,0.250017,1.7e-05,3.3,3.29806,-0.00194,0.5,0.517054,0.017054,-0.8,-0.802184,-0.002184
25079,PI-SIDIS,matched,coherent,RP003,1:12|1:25,10.6716,-3.642,16.75,-3.632,7.51,0.25,0.250017,1.7e-05,3.3,3.29806,-0.00194,0.5,0.517054,0.017054,-0.8,-0.802184,-0.002184
25080,PI-SIDIS,matched,coherent,RP003,1:12|1:25,10.6716,-3.642,16.75,-3.632,7.51,0.25,0.250017,1.7e-05,3.3,3.29806,-0.00194,0.5,0.517054,0.017054,-0.8,-0.802184,-0.002184
25081,HMSDIS,matched,coherent,RP003,1:12|1:25,10.6716,-3.642,16.75,-3.632,7.51,0.25,0.250017,1.7e-05,3.3,3.29806,-0.00194,0.5,0.517054,0.017054,-0.8,-0.802184,-0.002184
25082,SHMSDIS,matched,coherent,RP003,1:12|1:25,10.6716,-3.642,16.75,-3.632,7.51,0.25,0.250017,1.7e-05,3.3,3.29806,-0.00194,0.5,0.517054,0.017054,-0.8,-0.802184,-0.002184
25083,PI-SIDIS,matched,coherent,RP003,1:12|1:25,10.6716,-3.642,16.75,-3.632,7.51,0.25,0.250017,1.7e-05,3.3,3.29806,-0.00194,0.5,0.517054,0.017054,-0.8,-0.802184,-0.002184
25084,PI-SIDIS,matched,coherent,RP003,1:12|1:25,10.6716,-3.642,16.75,-3.632,7.51,0.25,0.250017,1.7e-05,3.3,3.29806,-0.00194,0.5,0.517054,0.017054,-0.8,-0.802184,-0.002184
25085,PI-SIDIS,matched,coherent,RP003,1:12|1:25,10.6716,-3.642,16.75,-3.632,7.51,0.25,0.250017,1.7e-05,3.3,3.29806,-0.00194,0.5,0.517054,0.017054,-0.8,-0.802184,-0.002184
25086,PI-SIDIS,matched,coherent,RP003,1:12|1:25,10.6716,-3.642,16.75,-3.632,7.51,0.25,0.250017,1.7e-05,3.3,3.29806,-0.00194,0.5,0.517054,0.017054,-0.8,-0.802184,-0.002184
25087,PI-SIDIS,matched,coherent,RP003,1:12|1:25,10.6716,-3.642,16.75,-3.632,7.51,0.25,0.250017,1.7e-05,3.3,3.29806,-0.00194,0.5,0.517054,0.017054,-0.8,-0.802184,-0.002184
25088,PI-SIDIS,matched,coherent,RP003,1:12|1:25,10.6716,-3.642,16.75,-3.632,7.51,0.25,0.250017,1.7e-05,3.3,3.29806,-0.00194,0.5,0.517054,0.017054,-0.8,-0.802184,-0.002184
25089,HMSDIS,matched,coherent,RP003,1:12|1:25,10.6716,-3.642,16.75,-3.632,7.51,0.25,0.250017,1.7e-05,3.3,3.29806,-0.00194,0.5,0.517054,0.017054,-0.8,-0.802184,-0.002184
25090,SHMSDIS,matched,coherent,RP003,1:12|1:25,10.6716,-3.642,16.75,-3.632,7.51,0.25,0.250017,1.7e-05,3.3,3.29806,-0.00194,0.5,0.517054,0.017054,-0.8,-0.802184,-0.002184
25091,PI-SIDIS,matched,coherent,RP003,1:12|1:25,10.6716,-3.642,16.75,-3.632,7.51,0.25,0.250017,1.7e-05,3.3,3.29806,-0.00194,0.5,0.517054,0.017054,-0.8,-0.802184,-0.002184
25092,PI-SIDIS,matched,coherent,RP003,1:12|1:25,10.6716,-3.642,16.75,-3.632,7.51,0.25,0.250017,1.7e-05,3.3,3.29806,-0.00194,0.5,0.517054,0.017054,-0.8,-0.802184,-0.002184
25093,PI-SIDIS,matched,coherent,RP003,1:12|1:25,10.6716,-3.642,16.75,-3.632,7.51,0.25,0.250017,1.7e-05,3.3,3.29806,-0.00194,0.5,0.517054,0.017054,-0.8,-0.802184,-0.002184
25094,HMSDIS,matched,coherent,RP003,1:12|1:25,10.6716,-3.642,16.75,-3.632,7.51,0.25,0.250017,1.7e-05,3.3,3.29806,-0.00194,0.5,0.517054,0.017054,-0.8,-0.802184,-0.002184
25095,SHMSDIS,matched,coherent,RP003,1:12|1:25,10.6716,-3.642,16.75,-3.632,7.51,0.25,0.250017,1.7e-05,3.3,3.29806,-0.00194,0.5,0.517054,0.017054,-0.8,-0.802184,-0.002184
25096,PI-SIDIS,matched,coherent,RP003,1:12|1:25,10.6716,-3.642,16.75,-3.632,7.51,0.25,0.250017,1.7e-05,3.3,3.29806,-0.00194,0.5,0.517054,0.017054,-0.8,-0.802184,-0.002184
25097,PI-SIDIS,matched,coherent,RP003,1:12|1:25,10.6716,-3.642,16.75,-3.632,7.51,0.25,0.250017,1.7e-05,3.3,3.29806,-0.00194,0.5,0.517054,0.017054,-0.8,-0.802184,-0.002184
25098,PI-SIDIS,matched,coherent,RP003,1:12|1:25,10.6716,-3.642,16.75,-3.632,7.51,0.25,0.250017,1.7e-05,3.3,3.29806,-0.00194,0.5,0.517054,0.017054,-0.8,-0.802184,-0.002184
25099,PI-SIDIS,matched,coherent,RP003,1:12|1:25,10.6716,-3.642,16.75,-3.632,7.51,0.25,0.250017,1.7e-05,3.3,3.29806,-0.00194,0.5,0.517054,0.017054,-0.8,-0.802184,-0.002184
25101,HMSDIS,matched,coherent,RP003,1:12|1:25,10.6716,-3.642,16.75,-3.632,7.51,0.25,0.250017,1.7e-05,3.3,3.29806,-0.00194,0.5,0.517054,0.017054,-0.8,-0.802184,-0.002184
25102,PI-SIDIS,matched,coherent,RP003,1:12|1:25,10.6716,-3.642,16.75,-3.632,7.51,0.25,0.250017,1.7e-05,3.3,3.29806,-0.00194,0.5,0.517054,0.017054,-0.8,-0.802184,-0.002184
25103,PI-SIDIS,matched,coherent,RP003,1:12|1:25,10.6716,-3.642,16.75,-3.632,7.51,0.25,0.250017,1.7e-05,3.3,3.29806,-0.00194,0.5,0.517054,0.017054,-0.8,-0.802184,-0.002184
25104,PI-SIDIS,matched,coherent,RP003,1:12|1:25,10.6716,-3.642,16.75,-3.632,7.51,0.25,0.250017,1.7e-05,3.3,3.29806,-0.00194,0.5,0.517054,0.017054,-0.8,-0.802184,-0.002184
25105,PI-SIDIS,matched,coherent,RP003,1:12|1:25,10.6716,-3.642,16.75,-3.632,7.51,0.25,0.250017,1.7e-05,3.3,3.29806,-0.00194,0.5,0.517054,0.017054,-0.8,-0.802184,-0.002184
25106,HMSDIS,matched,coherent,RP003,1:12|1:25,10.6716,-3.642,16.75,-3.632,7.51,0.25,0.250017,1.7e-05,3.3,3.29806,-0.00194,0.5,0.517054,0.017054,-0.8,-0.802184,-0.002184
25108,PI-SIDIS,matched,coherent,RP003,1:12|1:25,10.6716,-3.642,16.75,-3.632,7.51,0.25,0.250017,1.7e-05,3.3,3.29806,-0.00194,0.5,0.517054,0.017054,-0.8,-0.802184,-0.002184
25109,PI-SIDIS,matched,coherent,RP003,1:12|1:25,10.6716,-3.642,16.75,-3.632,7.51,0.25,0.250017,1.7e-05,3.3,3.29806,-0.00194,0.5,0.517054,0.017054,-0.8,-0.802184,-0.002184
25110,PI-SIDIS,matched,coherent,RP003,1:12|1:25,10.6716,-3.642,16.75,-3.632,7.51,0.25,0.250017,1.7e-05,3.3,3.29806,-0.00194,0.5,0.517054,0.017054,-0.8,-0.802184,-0.002184
25111,PI-SIDIS,matched,coherent,RP003,1:12|1:25,10.6716,-3.642,16.75,-3.632,7.51,0.25,0.250017,1.7e-05,3.3,3.29806,-0.00194,0.5,0.517054,0.017054,-0.8,-0.802184,-0.002184
25112,PI-SIDIS,matched,coherent,RP003,1:12|1:25,10.6716,-3.642,16.75,-3.632,7.51,0.25,0.250017,1.7e-05,3.3,3.29806,-0.00194,0.5,0.517054,0.017054,-0.8,-0.802184,-0.002184
25114,PI-SIDIS,matched,coherent,RP003,1:12|1:25,10.6716,-3.642,16.75,-3.632,7.51,0.25,0.250017,1.7e-05,3.3,3.29806,-0.00194,0.5,0.517054,0.017054,-0.8,-0.802184,-0.002184
25115,PI-SIDIS,matched,coherent,RP003,1:12|1:25,10.6716,-3.642,16.75,-3.632,7.51,0.25,0.250017,1.7e-05,3.3,3.29806,-0.00194,0.5,0.517054,0.017054,-0.8,-0.802184,-0.002184
25116,PI-SIDIS,matched,coherent,RP003,1:12|1:25,10.6716,-3.642,16.75,-3.632,7.51,0.25,0.250017,1.7e-05,3.3,3.29806,-0.00194,0.5,0.517054,0.017054,-0.8,-0.802184,-0.002184
25117,PI-SIDIS,matched,coherent,RP003,1:12|1:25,10.6716,-3.642,16.75,-3.632,7.51,0.25,0.250017,1.7e-05,3.3,3.29806,-0.00194,0.5,0.517054,0.017054,-0.8,-0.802184,-0.002184
25119,PI-SIDIS,matched,coherent,RP003,1:12|1:25,10.6716,-3.642,16.75,-3.632,7.51,0.25,0.250017,1.7e-05,3.3,3.29806,-0.00194,0.5,0.517054,0.017054,-0.8,-0.802184,-0.002184
25120,PI-SIDIS,matched,coherent,RP003,1:12|1:25,10.6716,-3.642,16.75,-3.632,7.51,0.25,0.250017,1.7e-05,3.3,3.29806,-0.00194,0.5,0.517054,0.017054,-0.8,-0.802184,-0.002184
25121,PI-SIDIS,matched,coherent,RP003,1:12|1:25,10.6716,-3.642,16.75,-3.632,7.51,0.25,0.250017,1.7e-05,3.3,3.29806,-0.00194,0.5,0.517054,0.017054,-0.8,-0.802184,-0.002184
25122,PI-SIDIS,matched,coherent,RP004,1:29|1:43,10.6716,-3.642,16.75,-6.538,10.305,0.25,0.250017,1.7e-05,3.3,3.29806,-0.00194,0.9,0.930279,0.030279,2.0,1.992816,-0.007184
25123,PI-SIDIS,matched,coherent,RP004,1:29|1:43,10.6716,-3.642,16.75,-6.538,10.305,0.25,0.250017,1.7e-05,3.3,3.29806,-0.00194,0.9,0.930279,0.030279,2.0,1.992816,-0.007184
25124,PI-SIDIS,matched,coherent,RP004,1:29|1:43,10.6716,-3.642,16.75,-6.538,10.305,0.25,0.250017,1.7e-05,3.3,3.29806,-0.00194,0.9,0.930279,0.030279,2.0,1.992816,-0.007184
25125,HMSDIS,matched,coherent,RP004,1:29|1:43,10.6716,-3.642,16.75,-6.538,10.305,0.25,0.250017,1.7e-05,3.3,3.29806,-0.00194,0.9,0.930279,0.030279,2.0,1.992816,-0.007184
25126,PI-SIDIS,matched,coherent,RP004,1:29|1:43,10.6716,-3.642,16.75,-6.538,10.305,0.25,0.250017,1.7e-05,3.3,3.29806,-0.00194,0.9,0.930279,0.030279,2.0,1.992816,-0.007184
25127,PI-SIDIS,matched,coherent,RP004,1:29|1:43,10.6716,-3.642,16.75,-6.538,10.305,0.25,0.250017,1.7e-05,3.3,3.29806,-0.00194,0.9,0.930279,0.030279,2.0,1.992816,-0.007184
25128,PI-SIDIS,matched,coherent,RP004,1:29|1:43,10.6716,-3.642,16.75,-6.538,10.305,0.25,0.250017,1.7e-05,3.3,3.29806,-0.00194,0.9,0.930279,0.030279,2.0,1.992816,-0.007184
25129,PI-SIDIS,matched,coherent,RP004,1:29|1:43,10.6716,-3.642,16.75,-6.538,10.305,0.25,0.250017,1.7e-05,3.3,3.29806,-0.00194,0.9,0.930279,0.030279,2.0,1.992816,-0.007184
25130,PI-SIDIS,matched,coherent,RP004,1:29|1:43,10.6716,-3.642,16.75,-6.538,10.305,0.25,0.250017,1.7e-05,3.3,3.29806,-0.00194,0.9,0.930279,0.030279,2.0,1.992816,-0.007184
25131,PI-SIDIS,matched,coherent,RP004,1:29|1:43,10.6716,-3.642,16.75,-6.538,10.305,0.25,0.250017,1.7e-05,3.3,3.29806,-0.00194,0.9,0.930279,0.030279,2.0,1.992816,-0.007184
25132,HMSDIS,matched,coherent,RP004,1:29|1:43,10.6716,-3.642,16.75,-6.538,10.305,0.25,0.250017,1.7e-05,3.3,3.29806,-0.00194,0.9,0.930279,0.030279,2.0,1.992816,-0.007184
25133,HMSDIS,matched,coherent,RP004,1:29|1:43,10.6716,-3.642,16.75,-6.538,10.305,0.25,0.250017,1.7e-05,3.3,3.29806,-0.00194,0.9,0.930279,0.030279,2.0,1.992816,-0.007184
25134,PI-SIDIS,matched,coherent,RP004,1:29|1:43,10.6716,-3.642,16.75,-6.538,10.305,0.25,0.250017,1.7e-05,3.3,3.29806,-0.00194,0.9,0.930279,0.030279,2.0,1.992816,-0.007184
25135,PI-SIDIS,matched,coherent,RP004,1:29|1:43,10.6716,-3.642,16.75,-6.538,10.305,0.25,0.250017,1.7e-05,3.3,3.29806,-0.00194,0.9,0.930279,0.030279,2.0,1.992816,-0.007184
25136,HMSDIS,matched,coherent,RP004,1:29|1:43,10.6716,-3.642,16.75,-6.538,10.305,0.25,0.250017,1.7e-05,3.3,3.29806,-0.00194,0.9,0.930279,0.030279,2.0,1.992816,-0.007184
25137,HMSDIS,matched,coherent,RP004,1:29|1:43,10.6716,-3.642,16.75,-6.538,10.305,0.25,0.250017,1.7e-05,3.3,3.29806,-0.00194,0.9,0.930279,0.030279,2.0,1.992816,-0.007184
25138,PI-SIDIS,matched,coherent,RP005,1:32|1:46,10.6716,-3.642,16.75,-4.868,10.305,0.25,0.250017,1.7e-05,3.3,3.29806,-0.00194,0.67,0.692785,0.022785,2.0,1.992816,-0.007184
25139,PI-SIDIS,matched,coherent,RP005,1:32|1:46,10.6716,-3.642,16.75,-4.868,10.305,0.25,0.250017,1.7e-05,3.3,3.29806,-0.00194,0.67,0.692785,0.022785,2.0,1.992816,-0.007184
25140,PI-SIDIS,matched,coherent,RP005,1:32|1:46,10.6716,-3.642,16.75,-4.868,10.305,0.25,0.250017,1.7e-05,3.3,3.29806,-0.00194,0.67,0.692785,0.022785,2.0,1.992816,-0.007184
25141,PI-SIDIS,matched,coherent,RP005,1:32|1:46,10.6716,-3.642,16.75,-4.868,10.305,0.25,0.250017,1.7e-05,3.3,3.29806,-0.00194,0.67,0.692785,0.022785,2.0,1.992816,-0.007184
25142,HMSDIS,matched,coherent,RP005,1:32|1:46,10.6716,-3.642,16.75,-4.868,10.305,0.25,0.250017,1.7e-05,3.3,3.29806,-0.00194,0.67,0.692785,0.022785,2.0,1.992816,-0.007184
25143,SHMSDIS,matched,coherent,RP005,1:32|1:46,10.6716,-3.642,16.75,-4.868,10.305,0.25,0.250017,1.7e-05,3.3,3.29806,-0.00194,0.67,0.692785,0.022785,2.0,1.992816,-0.007184
25144,SHMSDIS,matched,coherent,RP005,1:32|1:46,10.6716,-3.642,16.75,-4.868,10.305,0.25,0.250017,1.7e-05,3.3,3.29806,-0.00194,0.67,0.692785,0.022785,2.0,1.992816,-0.007184
25145,HMSDIS,matched,coherent,RP005,1:32|1:46,10.6716,-3.642,16.75,-4.868,10.305,0.25,0.250017,1.7e-05,3.3,3.29806,-0.00194,0.67,0.692785,0.022785,2.0,1.992816,-0.007184
25146,PI-SIDIS,matched,coherent,RP005,1:32|1:46,10.6716,-3.642,16.75,-4.868,10.305,0.25,0.250017,1.7e-05,3.3,3.29806,-0.00194,0.67,0.692785,0.022785,2.0,1.992816,-0.007184
25147,PI-SIDIS,matched,coherent,RP005,1:32|1:46,10.6716,-3.642,16.75,-4.868,10.305,0.25,0.250017,1.7e-05,3.3,3.29806,-0.00194,0.67,0.692785,0.022785,2.0,1.992816,-0.007184
25148,PI-SIDIS,matched,coherent,RP005,1:32|1:46,10.6716,-3.642,16.75,-4.868,10.305,0.25,0.250017,1.7e-05,3.3,3.29806,-0.00194,0.67,0.692785,0.022785,2.0,1.992816,-0.007184
25149,PI-SIDIS,matched,coherent,RP005,1:32|1:46,10.6716,-3.642,16.75,-4.868,10.305,0.25,0.250017,1.7e-05,3.3,3.29806,-0.00194,0.67,0.692785,0.022785,2.0,1.992816,-0.007184
25150,PI-SIDIS,matched,coherent,RP005,1:32|1:46,10.6716,-3.642,16.75,-4.868,10.305,0.25,0.250017,1.7e-05,3.3,3.29806,-0.00194,0.67,0.692785,0.022785,2.0,1.992816,-0.007184
25151,PI-SIDIS,matched,coherent,RP005,1:32|1:46,10.6716,-3.642,16.75,-4.868,10.305,0.25,0.250017,1.7e-05,3.3,3.29806,-0.00194,0.67,0.692785,0.022785,2.0,1.992816,-0.007184
25152,HMSDIS,matched,coherent,RP005,1:32|1:46,10.6716,-3.642,16.75,-4.868,10.305,0.25,0.250017,1.7e-05,3.3,3.29806,-0.00194,0.67,0.692785,0.022785,2.0,1.992816,-0.007184
25153,SHMSDIS,matched,coherent,RP005,1:32|1:46,10.6716,-3.642,16.75,-4.868,10.305,0.25,0.250017,1.7e-05,3.3,3.29806,-0.00194,0.67,0.692785,0.022785,2.0,1.992816,-0.007184
25154,PI-SIDIS,matched,coherent,RP005,1:32|1:46,10.6716,-3.642,16.75,-4.868,10.305,0.25,0.250017,1.7e-05,3.3,3.29806,-0.00194,0.67,0.692785,0.022785,2.0,1.992816,-0.007184
25155,HMSDIS,matched,coherent,RP005,1:32|1:46,10.6716,-3.642,16.75,-4.868,10.305,0.25,0.250017,1.7e-05,3.3,3.29806,-0.00194,0.67,0.692785,0.022785,2.0,1.992816,-0.007184
25156,SHMSDIS,matched,coherent,RP005,1:32|1:46,10.6716,-3.642,16.75,-4.868,10.305,0.25,0.250017,1.7e-05,3.3,3.29806,-0.00194,0.67,0.692785,0.022785,2.0,1.992816,-0.007184
25157,PI-SIDIS,matched,coherent,RP005,1:32|1:46,10.6716,-3.642,16.75,-4.868,10.305,0.25,0.250017,1.7e-05,3.3,3.29806,-0.00194,0.67,0.692785,0.022785,2.0,1.992816,-0.007184
25158,PI-SIDIS,matched,coherent,RP005,1:32|1:46,10.6716,-3.642,16.75,-4.868,10.305,0.25,0.250017,1.7e-05,3.3,3.29806,-0.00194,0.67,0.692785,0.022785,2.0,1.992816,-0.007184
25162,PI-SIDIS,matched,coherent,RP005,1:32|1:46,10.6716,-3.642,16.75,-4.868,10.305,0.25,0.250017,1.7e-05,3.3,3.29806,-0.00194,0.67,0.692785,0.022785,2.0,1.992816,-0.007184
25163,PI-SIDIS,matched,coherent,RP005,1:32|1:46,10.6716,-3.642,16.75,-4.868,10.305,0.25,0.250017,1.7e-05,3.3,3.29806,-0.00194,0.67,0.692785,0.022785,2.0,1.992816,-0.007184
25164,PI-SIDIS,matched,coherent,RP005,1:32|1:46,10.6716,-3.642,16.75,-4.868,10.305,0.25,0.250017,1.7e-05,3.3,3.29806,-0.00194,0.67,0.692785,0.022785,2.0,1.992816,-0.007184
25165,PI-SIDIS,matched,coherent,RP005,1:32|1:46,10.6716,-3.642,16.75,-4.868,10.305,0.25,0.250017,1.7e-05,3.3,3.29806,-0.00194,0.67,0.692785,0.022785,2.0,1.992816,-0.007184
25166,PI-SIDIS,matched,coherent,RP005,1:32|1:46,10.6716,-3.642,16.75,-4.868,10.305,0.25,0.250017,1.7e-05,3.3,3.29806,-0.00194,0.67,0.692785,0.022785,2.0,1.992816,-0.007184
25167,PI-SIDIS,matched,coherent,RP005,1:32|1:46,10.6716,-3.642,16.75,-4.868,10.305,0.25,0.250017,1.7e-05,3.3,3.29806,-0.00194,0.67,0.692785,0.022785,2.0,1.992816,-0.007184
25168,PI-SIDIS,matched,coherent,RP005,1:32|1:46,10.6716,-3.642,16.75,-4.868,10.305,0.25,0.250017,1.7e-05,3.3,3.29806,-0.00194,0.67,0.692785,0.022785,2.0,1.992816,-0.007184
25169,PI-SIDIS,matched,coherent,RP005,1:32|1:46,10.6716,-3.642,16.75,-4.868,10.305,0.25,0.250017,1.7e-05,3.3,3.29806,-0.00194,0.67,0.692785,0.022785,2.0,1.992816,-0.007184
25170,PI-SIDIS,matched,coherent,RP005,1:32|1:46,10.6716,-3.642,16.75,-4.868,10.305,0.25,0.250017,1.7e-05,3.3,3.29806,-0.00194,0.67,0.692785,0.022785,2.0,1.992816,-0.007184
25171,PI-SIDIS,matched,coherent,RP005,1:32|1:46,10.6716,-3.642,16.75,-4.868,10.305,0.25,0.250017,1.7e-05,3.3,3.29806,-0.00194,0.67,0.692785,0.022785,2.0,1.992816,-0.007184
25178,HMSDIS,matched,coherent,RP006,1:36|1:50|1:68|1:76,10.6716,-3.642,16.75,-3.632,10.305,0.25,0.250017,1.7e-05,3.3,3.29806,-0.00194,0.5,0.517054,0.017054,2.0,1.992816,-0.007184
25181,PI-SIDIS,matched,coherent,RP006,1:36|1:50|1:68|1:76,10.6716,-3.642,16.75,-3.632,10.305,0.25,0.250017,1.7e-05,3.3,3.29806,-0.00194,0.5,0.517054,0.017054,2.0,1.992816,-0.007184
25182,PI-SIDIS,matched,coherent,RP006,1:36|1:50|1:68|1:76,10.6716,-3.642,16.75,-3.632,10.305,0.25,0.250017,1.7e-05,3.3,3.29806,-0.00194,0.5,0.517054,0.017054,2.0,1.992816,-0.007184
25183,PI-SIDIS,matched,coherent,RP006,1:36|1:50|1:68|1:76,10.6716,-3.642,16.75,-3.632,10.305,0.25,0.250017,1.7e-05,3.3,3.29806,-0.00194,0.5,0.517054,0.017054,2.0,1.992816,-0.007184
25184,PI-SIDIS,matched,coherent,RP006,1:36|1:50|1:68|1:76,10.6716,-3.642,16.75,-3.632,10.305,0.25,0.250017,1.7e-05,3.3,3.29806,-0.00194,0.5,0.517054,0.017054,2.0,1.992816,-0.007184
25185,PI-SIDIS,matched,coherent,RP006,1:36|1:50|1:68|1:76,10.6716,-3.642,16.75,-3.632,10.305,0.25,0.250017,1.7e-05,3.3,3.29806,-0.00194,0.5,0.517054,0.017054,2.0,1.992816,-0.007184
25186,HMSDIS,matched,coherent,RP006,1:36|1:50|1:68|1:76,10.6716,-3.642,16.75,-3.632,10.305,0.25,0.250017,1.7e-05,3.3,3.29806,-0.00194,0.5,0.517054,0.017054,2.0,1.992816,-0.007184
25187,PI-SIDIS,matched,coherent,RP006,1:36|1:50|1:68|1:76,10.6716,-3.642,16.75,-3.632,10.305,0.25,0.250017,1.7e-05,3.3,3.29806,-0.00194,0.5,0.517054,0.017054,2.0,1.992816,-0.007184
25188,SHMSDIS,matched,coherent,RP006,1:36|1:50|1:68|1:76,10.6716,-3.642,16.75,-3.632,10.305,0.25,0.250017,1.7e-05,3.3,3.29806,-0.00194,0.5,0.517054,0.017054,2.0,1.992816,-0.007184
25189,PI-SIDIS,matched,coherent,RP006,1:36|1:50|1:68|1:76,10.6716,-3.642,16.75,-3.632,10.305,0.25,0.250017,1.7e-05,3.3,3.29806,-0.00194,0.5,0.517054,0.017054,2.0,1.992816,-0.007184
25190,PI-SIDIS,matched,coherent,RP006,1:36|1:50|1:68|1:76,10.6716,-3.642,16.75,-3.632,10.305,0.25,0.250017,1.7e-05,3.3,3.29806,-0.00194,0.5,0.517054,0.017054,2.0,1.992816,-0.007184
25191,SHMSDIS,matched,coherent,RP006,1:36|1:50|1:68|1:76,10.6716,-3.642,16.75,-3.632,10.305,0.25,0.250017,1.7e-05,3.3,3.29806,-0.00194,0.5,0.517054,0.017054,2.0,1.992816,-0.007184
25192,PI-SIDIS,matched,coherent,RP006,1:36|1:50|1:68|1:76,10.6716,-3.642,16.75,-3.632,10.305,0.25,0.250017,1.7e-05,3.3,3.29806,-0.00194,0.5,0.517054,0.017054,2.0,1.992816,-0.007184
25193,PI-SIDIS,matched,coherent,RP006,1:36|1:50|1:68|1:76,10.6716,-3.642,16.75,-3.632,10.305,0.25,0.250017,1.7e-05,3.3,3.29806,-0.00194,0.5,0.517054,0.017054,2.0,1.992816,-0.007184
25194,PI-SIDIS,matched,coherent,RP006,1:36|1:50|1:68|1:76,10.6716,-3.642,16.75,-3.632,10.305,0.25,0.250017,1.7e-05,3.3,3.29806,-0.00194,0.5,0.517054,0.017054,2.0,1.992816,-0.007184
25195,PI-SIDIS,matched,coherent,RP006,1:36|1:50|1:68|1:76,10.6716,-3.642,16.75,-3.632,10.305,0.25,0.250017,1.7e-05,3.3,3.29806,-0.00194,0.5,0.517054,0.017054,2.0,1.992816,-0.007184
25196,PI-SIDIS,matched,coherent,RP006,1:36|1:50|1:68|1:76,10.6716,-3.642,16.75,-3.632,10.305,0.25,0.250017,1.7e-05,3.3,3.29806,-0.00194,0.5,0.517054,0.017054,2.0,1.992816,-0.007184
25197,PI-SIDIS,matched,coherent,RP006,1:36|1:50|1:68|1:76,10.6716,-3.642,16.75,-3.632,10.305,0.25,0.250017,1.7e-05,3.3,3.29806,-0.00194,0.5,0.517054,0.017054,2.0,1.992816,-0.007184
25198,PI-SIDIS,matched,coherent,RP006,1:36|1:50|1:68|1:76,10.6716,-3.642,16.75,-3.632,10.305,0.25,0.250017,1.7e-05,3.3,3.29806,-0.00194,0.5,0.517054,0.017054,2.0,1.992816,-0.007184
25200,PI-SIDIS,matched,coherent,RP006,1:36|1:50|1:68|1:76,10.6716,-3.642,16.75,-3.632,10.305,0.25,0.250017,1.7e-05,3.3,3.29806,-0.00194,0.5,0.517054,0.017054,2.0,1.992816,-0.007184
25201,PI-SIDIS,matched,coherent,RP006,1:36|1:50|1:68|1:76,10.6716,-3.642,16.75,-3.632,10.305,0.25,0.250017,1.7e-05,3.3,3.29806,-0.00194,0.5,0.517054,0.017054,2.0,1.992816,-0.007184
25202,PI-SIDIS,matched,coherent,RP006,1:36|1:50|1:68|1:76,10.6716,-3.642,16.75,-3.632,10.305,0.25,0.250017,1.7e-05,3.3,3.29806,-0.00194,0.5,0.517054,0.017054,2.0,1.992816,-0.007184
25203,PI-SIDIS,matched,coherent,RP006,1:36|1:50|1:68|1:76,10.6716,-3.642,16.75,-3.632,10.305,0.25,0.250017,1.7e-05,3.3,3.29806,-0.00194,0.5,0.517054,0.017054,2.0,1.992816,-0.007184
25204,PI-SIDIS,matched,coherent,RP006,1:36|1:50|1:68|1:76,10.6716,-3.642,16.75,-3.632,10.305,0.25,0.250017,1.7e-05,3.3,3.29806,-0.00194,0.5,0.517054,0.017054,2.0,1.992816,-0.007184
25205,PI-SIDIS,matched,coherent,RP007,1:40|1:54,10.6716,-3.642,16.75,-2.615,10.305,0.25,0.250017,1.7e-05,3.3,3.29806,-0.00194,0.36,0.372528,0.012528,2.0,1.992816,-0.007184
25206,PI-SIDIS,matched,coherent,RP007,1:40|1:54,10.6716,-3.642,16.75,-2.615,10.305,0.25,0.250017,1.7e-05,3.3,3.29806,-0.00194,0.36,0.372528,0.012528,2.0,1.992816,-0.007184
25207,PI-SIDIS,matched,coherent,RP007,1:40|1:54,10.6716,-3.642,16.75,-2.615,10.305,0.25,0.250017,1.7e-05,3.3,3.29806,-0.00194,0.36,0.372528,0.012528,2.0,1.992816,-0.007184
25208,PI-SIDIS,matched,coherent,RP007,1:40|1:54,10.6716,-3.642,16.75,-2.615,10.305,0.25,0.250017,1.7e-05,3.3,3.29806,-0.00194,0.36,0.372528,0.012528,2.0,1.992816,-0.007184
25210,PI-SIDIS,matched,coherent,RP007,1:40|1:54,10.6716,-3.642,16.75,-2.615,10.305,0.25,0.250017,1.7e-05,3.3,3.29806,-0.00194,0.36,0.372528,0.012528,2.0,1.992816,-0.007184
25211,PI-SIDIS,matched,coherent,RP007,1:40|1:54,10.6716,-3.642,16.75,-2.615,10.305,0.25,0.250017,1.7e-05,3.3,3.29806,-0.00194,0.36,0.372528,0.012528,2.0,1.992816,-0.007184
25212,HMSDIS,matched,coherent,RP007,1:40|1:54,10.6716,-3.642,16.75,-2.615,10.305,0.25,0.250017,1.7e-05,3.3,3.29806,-0.00194,0.36,0.372528,0.012528,2.0,1.992816,-0.007184
25213,SHMSDIS,matched,coherent,RP007,1:40|1:54,10.6716,-3.642,16.75,-2.615,10.305,0.25,0.250017,1.7e-05,3.3,3.29806,-0.00194,0.36,0.372528,0.012528,2.0,1.992816,-0.007184
25214,PI-SIDIS,matched,coherent,RP007,1:40|1:54,10.6716,-3.642,16.75,-2.615,10.305,0.25,0.250017,1.7e-05,3.3,3.29806,-0.00194,0.36,0.372528,0.012528,2.0,1.992816,-0.007184
25215,HMSDIS,matched,coherent,RP007,1:40|1:54,10.6716,-3.642,16.75,-2.615,10.305,0.25,0.250017,1.7e-05,3.3,3.29806,-0.00194,0.36,0.372528,0.012528,2.0,1.992816,-0.007184
25216,SHMSDIS,matched,coherent,RP007,1:40|1:54,10.6716,-3.642,16.75,-2.615,10.305,0.25,0.250017,1.7e-05,3.3,3.29806,-0.00194,0.36,0.372528,0.012528,2.0,1.992816,-0.007184
25217,PI-SIDIS,matched,coherent,RP007,1:40|1:54,10.6716,-3.642,16.75,-2.615,10.305,0.25,0.250017,1.7e-05,3.3,3.29806,-0.00194,0.36,0.372528,0.012528,2.0,1.992816,-0.007184
25218,PI-SIDIS,matched,coherent,RP007,1:40|1:54,10.6716,-3.642,16.75,-2.615,10.305,0.25,0.250017,1.7e-05,3.3,3.29806,-0.00194,0.36,0.372528,0.012528,2.0,1.992816,-0.007184
25219,PI-SIDIS,matched,coherent,RP007,1:40|1:54,10.6716,-3.642,16.75,-2.615,10.305,0.25,0.250017,1.7e-05,3.3,3.29806,-0.00194,0.36,0.372528,0.012528,2.0,1.992816,-0.007184
25220,PI-SIDIS,matched,coherent,RP007,1:40|1:54,10.6716,-3.642,16.75,-2.615,10.305,0.25,0.250017,1.7e-05,3.3,3.29806,-0.00194,0.36,0.372528,0.012528,2.0,1.992816,-0.007184
25221,PI-SIDIS,matched,coherent,RP007,1:40|1:54,10.6716,-3.642,16.75,-2.615,10.305,0.25,0.250017,1.7e-05,3.3,3.29806,-0.00194,0.36,0.372528,0.012528,2.0,1.992816,-0.007184
25222,PI-SIDIS,matched,coherent,RP007,1:40|1:54,10.6716,-3.642,16.75,-2.615,10.305,0.25,0.250017,1.7e-05,3.3,3.29806,-0.00194,0.36,0.372528,0.012528,2.0,1.992816,-0.007184
25227,PI+SIDIS,matched,coherent,RP004,1:29|1:43,10.6716,-3.642,16.75,6.538,10.305,0.25,0.250017,1.7e-05,3.3,3.29806,-0.00194,0.9,0.930279,0.030279,2.0,1.992816,-0.007184
25228,PI+SIDIS,matched,coherent,RP004,1:29|1:43,10.6716,-3.642,16.75,6.538,10.305,0.25,0.250017,1.7e-05,3.3,3.29806,-0.00194,0.9,0.930279,0.030279,2.0,1.992816,-0.007184
25229,PI+SIDIS,matched,coherent,RP004,1:29|1:43,10.6716,-3.642,16.75,6.538,10.305,0.25,0.250017,1.7e-05,3.3,3.29806,-0.00194,0.9,0.930279,0.030279,2.0,1.992816,-0.007184
25230,PI+SIDIS,matched,coherent,RP004,1:29|1:43,10.6716,-3.642,16.75,6.538,10.305,0.25,0.250017,1.7e-05,3.3,3.29806,-0.00194,0.9,0.930279,0.030279,2.0,1.992816,-0.007184
25232,HMSDIS,matched,coherent,RP004,1:29|1:43,10.6716,-3.642,16.75,6.538,10.305,0.25,0.250017,1.7e-05,3.3,3.29806,-0.00194,0.9,0.930279,0.030279,2.0,1.992816,-0.007184
25233,PI+SIDIS,matched,coherent,RP004,1:29|1:43,10.6716,-3.642,16.75,6.538,10.305,0.25,0.250017,1.7e-05,3.3,3.29806,-0.00194,0.9,0.930279,0.030279,2.0,1.992816,-0.007184
25234,PI+SIDIS,matched,coherent,RP004,1:29|1:43,10.6716,-3.642,16.75,6.538,10.305,0.25,0.250017,1.7e-05,3.3,3.29806,-0.00194,0.9,0.930279,0.030279,2.0,1.992816,-0.007184
25235,PI+SIDIS,matched,coherent,RP004,1:29|1:43,10.6716,-3.642,16.75,6.538,10.305,0.25,0.250017,1.7e-05,3.3,3.29806,-0.00194,0.9,0.930279,0.030279,2.0,1.992816,-0.007184
25236,PI+SIDIS,matched,coherent,RP004,1:29|1:43,10.6716,-3.642,16.75,6.538,10.305,0.25,0.250017,1.7e-05,3.3,3.29806,-0.00194,0.9,0.930279,0.030279,2.0,1.992816,-0.007184
25237,PI+SIDIS,matched,coherent,RP004,1:29|1:43,10.6716,-3.642,16.75,6.538,10.305,0.25,0.250017,1.7e-05,3.3,3.29806,-0.00194,0.9,0.930279,0.030279,2.0,1.992816,-0.007184
25238,HMSDIS,matched,coherent,RP004,1:29|1:43,10.6716,-3.642,16.75,6.538,10.305,0.25,0.250017,1.7e-05,3.3,3.29806,-0.00194,0.9,0.930279,0.030279,2.0,1.992816,-0.007184
25239,SHMSDIS,matched,coherent,RP004,1:29|1:43,10.6716,-3.642,16.75,6.538,10.305,0.25,0.250017,1.7e-05,3.3,3.29806,-0.00194,0.9,0.930279,0.030279,2.0,1.992816,-0.007184
25240,PI+SIDIS,matched,coherent,RP004,1:29|1:43,10.6716,-3.642,16.75,6.538,10.305,0.25,0.250017,1.7e-05,3.3,3.29806,-0.00194,0.9,0.930279,0.030279,2.0,1.992816,-0.007184
25241,PI+SIDIS,matched,coherent,RP004,1:29|1:43,10.6716,-3.642,16.75,6.538,10.305,0.25,0.250017,1.7e-05,3.3,3.29806,-0.00194,0.9,0.930279,0.030279,2.0,1.992816,-0.007184
25243,HMSDIS,matched,coherent,RP004,1:29|1:43,10.6716,-3.642,16.75,6.538,10.305,0.25,0.250017,1.7e-05,3.3,3.29806,-0.00194,0.9,0.930279,0.030279,2.0,1.992816,-0.007184
25244,SHMSDIS,matched,coherent,RP004,1:29|1:43,10.6716,-3.642,16.75,6.538,10.305,0.25,0.250017,1.7e-05,3.3,3.29806,-0.00194,0.9,0.930279,0.030279,2.0,1.992816,-0.007184
25247,PI+SIDIS,matched,coherent,RP004,1:29|1:43,10.6716,-3.642,16.75,6.538,10.305,0.25,0.250017,1.7e-05,3.3,3.29806,-0.00194,0.9,0.930279,0.030279,2.0,1.992816,-0.007184
25248,PI+SIDIS,matched,coherent,RP004,1:29|1:43,10.6716,-3.642,16.75,6.538,10.305,0.25,0.250017,1.7e-05,3.3,3.29806,-0.00194,0.9,0.930279,0.030279,2.0,1.992816,-0.007184
25249,PI+SIDIS,matched,coherent,RP004,1:29|1:43,10.6716,-3.642,16.75,6.538,10.305,0.25,0.250017,1.7e-05,3.3,3.29806,-0.00194,0.9,0.930279,0.030279,2.0,1.992816,-0.007184
25250,HMSDIS,matched,coherent,RP004,1:29|1:43,10.6716,-3.642,16.75,6.538,10.305,0.25,0.250017,1.7e-05,3.3,3.29806,-0.00194,0.9,0.930279,0.030279,2.0,1.992816,-0.007184
25251,PI+SIDIS,matched,coherent,RP004,1:29|1:43,10.6716,-3.642,16.75,6.538,10.305,0.25,0.250017,1.7e-05,3.3,3.29806,-0.00194,0.9,0.930279,0.030279,2.0,1.992816,-0.007184
25252,PI+SIDIS,matched,coherent,RP004,1:29|1:43,10.6716,-3.642,16.75,6.538,10.305,0.25,0.250017,1.7e-05,3.3,3.29806,-0.00194,0.9,0.930279,0.030279,2.0,1.992816,-0.007184
25253,HMSDIS,matched,coherent,RP004,1:29|1:43,10.6716,-3.642,16.75,6.538,10.305,0.25,0.250017,1.7e-05,3.3,3.29806,-0.00194,0.9,0.930279,0.030279,2.0,1.992816,-0.007184
25255,PI+SIDIS,matched,coherent,RP005,1:32|1:46,10.6716,-3.642,16.75,4.868,10.305,0.25,0.250017,1.7e-05,3.3,3.29806,-0.00194,0.67,0.692785,0.022785,2.0,1.992816,-0.007184
25256,PI+SIDIS,matched,coherent,RP005,1:32|1:46,10.6716,-3.642,16.75,4.868,10.305,0.25,0.250017,1.7e-05,3.3,3.29806,-0.00194,0.67,0.692785,0.022785,2.0,1.992816,-0.007184
25257,PI+SIDIS,matched,coherent,RP005,1:32|1:46,10.6716,-3.642,16.75,4.868,10.305,0.25,0.250017,1.7e-05,3.3,3.29806,-0.00194,0.67,0.692785,0.022785,2.0,1.992816,-0.007184
25258,PI+SIDIS,matched,coherent,RP005,1:32|1:46,10.6716,-3.642,16.75,4.868,10.305,0.25,0.250017,1.7e-05,3.3,3.29806,-0.00194,0.67,0.692785,0.022785,2.0,1.992816,-0.007184
25259,PI+SIDIS,matched,coherent,RP005,1:32|1:46,10.6716,-3.642,16.75,4.868,10.305,0.25,0.250017,1.7e-05,3.3,3.29806,-0.00194,0.67,0.692785,0.022785,2.0,1.992816,-0.007184
25260,HMSDIS,matched,coherent,RP005,1:32|1:46,10.6716,-3.642,16.75,4.868,10.305,0.25,0.250017,1.7e-05,3.3,3.29806,-0.00194,0.67,0.692785,0.022785,2.0,1.992816,-0.007184
25261,SHMSDIS,matched,coherent,RP005,1:32|1:46,10.6716,-3.642,16.75,4.868,10.305,0.25,0.250017,1.7e-05,3.3,3.29806,-0.00194,0.67,0.692785,0.022785,2.0,1.992816,-0.007184
25262,PI+SIDIS,matched,coherent,RP005,1:32|1:46,10.6716,-3.642,16.75,4.868,10.305,0.25,0.250017,1.7e-05,3.3,3.29806,-0.00194,0.67,0.692785,0.022785,2.0,1.992816,-0.007184
25263,PI+SIDIS,matched,coherent,RP005,1:32|1:46,10.6716,-3.642,16.75,4.868,10.305,0.25,0.250017,1.7e-05,3.3,3.29806,-0.00194,0.67,0.692785,0.022785,2.0,1.992816,-0.007184
25264,PI+SIDIS,matched,coherent,RP005,1:32|1:46,10.6716,-3.642,16.75,4.868,10.305,0.25,0.250017,1.7e-05,3.3,3.29806,-0.00194,0.67,0.692785,0.022785,2.0,1.992816,-0.007184
25265,PI+SIDIS,matched,coherent,RP005,1:32|1:46,10.6716,-3.642,16.75,4.868,10.305,0.25,0.250017,1.7e-05,3.3,3.29806,-0.00194,0.67,0.692785,0.022785,2.0,1.992816,-0.007184
25266,PI+SIDIS,matched,coherent,RP005,1:32|1:46,10.6716,-3.642,16.75,4.868,10.305,0.25,0.250017,1.7e-05,3.3,3.29806,-0.00194,0.67,0.692785,0.022785,2.0,1.992816,-0.007184
25267,HMSDIS,matched,coherent,RP005,1:32|1:46,10.6716,-3.642,16.75,4.868,10.305,0.25,0.250017,1.7e-05,3.3,3.29806,-0.00194,0.67,0.692785,0.022785,2.0,1.992816,-0.007184
25268,SHMSDIS,matched,coherent,RP005,1:32|1:46,10.6716,-3.642,16.75,4.868,10.305,0.25,0.250017,1.7e-05,3.3,3.29806,-0.00194,0.67,0.692785,0.022785,2.0,1.992816,-0.007184
25269,PI+SIDIS,matched,coherent,RP005,1:32|1:46,10.6716,-3.642,16.75,4.868,10.305,0.25,0.250017,1.7e-05,3.3,3.29806,-0.00194,0.67,0.692785,0.022785,2.0,1.992816,-0.007184
25270,HMSDIS,matched,coherent,RP005,1:32|1:46,10.6716,-3.642,16.75,4.868,10.305,0.25,0.250017,1.7e-05,3.3,3.29806,-0.00194,0.67,0.692785,0.022785,2.0,1.992816,-0.007184
25271,SHMSDIS,matched,coherent,RP005,1:32|1:46,10.6716,-3.642,16.75,4.868,10.305,0.25,0.250017,1.7e-05,3.3,3.29806,-0.00194,0.67,0.692785,0.022785,2.0,1.992816,-0.007184
25272,PI+SIDIS,matched,coherent,RP005,1:32|1:46,10.6716,-3.642,16.75,4.868,10.305,0.25,0.250017,1.7e-05,3.3,3.29806,-0.00194,0.67,0.692785,0.022785,2.0,1.992816,-0.007184
25273,PI+SIDIS,matched,coherent,RP005,1:32|1:46,10.6716,-3.642,16.75,4.868,10.305,0.25,0.250017,1.7e-05,3.3,3.29806,-0.00194,0.67,0.692785,0.022785,2.0,1.992816,-0.007184
25274,HMSDIS,matched,coherent,RP005,1:32|1:46,10.6716,-3.642,16.75,4.868,10.305,0.25,0.250017,1.7e-05,3.3,3.29806,-0.00194,0.67,0.692785,0.022785,2.0,1.992816,-0.007184
25275,PI+SIDIS,matched,coherent,RP005,1:32|1:46,10.6716,-3.642,16.75,4.868,10.305,0.25,0.250017,1.7e-05,3.3,3.29806,-0.00194,0.67,0.692785,0.022785,2.0,1.992816,-0.007184
25276,PI+SIDIS,matched,coherent,RP005,1:32|1:46,10.6716,-3.642,16.75,4.868,10.305,0.25,0.250017,1.7e-05,3.3,3.29806,-0.00194,0.67,0.692785,0.022785,2.0,1.992816,-0.007184
25277,PI+SIDIS,matched,coherent,RP005,1:32|1:46,10.6716,-3.642,16.75,4.868,10.305,0.25,0.250017,1.7e-05,3.3,3.29806,-0.00194,0.67,0.692785,0.022785,2.0,1.992816,-0.007184
25278,HMSDIS,matched,coherent,RP005,1:32|1:46,10.6716,-3.642,16.75,4.868,10.305,0.25,0.250017,1.7e-05,3.3,3.29806,-0.00194,0.67,0.692785,0.022785,2.0,1.992816,-0.007184
25279,PI+SIDIS,matched,coherent,RP005,1:32|1:46,10.6716,-3.642,16.75,4.868,10.305,0.25,0.250017,1.7e-05,3.3,3.29806,-0.00194,0.67,0.692785,0.022785,2.0,1.992816,-0.007184
25280,PI+SIDIS,matched,coherent,RP006,1:36|1:50|1:68|1:76,10.6716,-3.642,16.75,3.632,10.305,0.25,0.250017,1.7e-05,3.3,3.29806,-0.00194,0.5,0.517054,0.017054,2.0,1.992816,-0.007184
25281,PI+SIDIS,matched,coherent,RP006,1:36|1:50|1:68|1:76,10.6716,-3.642,16.75,3.632,10.305,0.25,0.250017,1.7e-05,3.3,3.29806,-0.00194,0.5,0.517054,0.017054,2.0,1.992816,-0.007184
25282,PI+SIDIS,matched,coherent,RP006,1:36|1:50|1:68|1:76,10.6716,-3.642,16.75,3.632,10.305,0.25,0.250017,1.7e-05,3.3,3.29806,-0.00194,0.5,0.517054,0.017054,2.0,1.992816,-0.007184
25283,PI+SIDIS,matched,coherent,RP006,1:36|1:50|1:68|1:76,10.6716,-3.642,16.75,3.632,10.305,0.25,0.250017,1.7e-05,3.3,3.29806,-0.00194,0.5,0.517054,0.017054,2.0,1.992816,-0.007184
25284,HMSDIS,matched,coherent,RP006,1:36|1:50|1:68|1:76,10.6716,-3.642,16.75,3.632,10.305,0.25,0.250017,1.7e-05,3.3,3.29806,-0.00194,0.5,0.517054,0.017054,2.0,1.992816,-0.007184
25285,SHMSDIS,matched,coherent,RP006,1:36|1:50|1:68|1:76,10.6716,-3.642,16.75,3.632,10.305,0.25,0.250017,1.7e-05,3.3,3.29806,-0.00194,0.5,0.517054,0.017054,2.0,1.992816,-0.007184
25286,PI+SIDIS,matched,coherent,RP006,1:36|1:50|1:68|1:76,10.6716,-3.642,16.75,3.632,10.305,0.25,0.250017,1.7e-05,3.3,3.29806,-0.00194,0.5,0.517054,0.017054,2.0,1.992816,-0.007184
25287,PI+SIDIS,matched,coherent,RP006,1:36|1:50|1:68|1:76,10.6716,-3.642,16.75,3.632,10.305,0.25,0.250017,1.7e-05,3.3,3.29806,-0.00194,0.5,0.517054,0.017054,2.0,1.992816,-0.007184
25288,PI+SIDIS,matched,coherent,RP006,1:36|1:50|1:68|1:76,10.6716,-3.642,16.75,3.632,10.305,0.25,0.250017,1.7e-05,3.3,3.29806,-0.00194,0.5,0.517054,0.017054,2.0,1.992816,-0.007184
25289,PI+SIDIS,matched,coherent,RP006,1:36|1:50|1:68|1:76,10.6716,-3.642,16.75,3.632,10.305,0.25,0.250017,1.7e-05,3.3,3.29806,-0.00194,0.5,0.517054,0.017054,2.0,1.992816,-0.007184
25290,PI+SIDIS,matched,coherent,RP006,1:36|1:50|1:68|1:76,10.6716,-3.642,16.75,3.632,10.305,0.25,0.250017,1.7e-05,3.3,3.29806,-0.00194,0.5,0.517054,0.017054,2.0,1.992816,-0.007184
25291,HMSDIS,matched,coherent,RP006,1:36|1:50|1:68|1:76,10.6716,-3.642,16.75,3.632,10.305,0.25,0.250017,1.7e-05,3.3,3.29806,-0.00194,0.5,0.517054,0.017054,2.0,1.992816,-0.007184
25292,SHMSDIS,matched,coherent,RP006,1:36|1:50|1:68|1:76,10.6716,-3.642,16.75,3.632,10.305,0.25,0.250017,1.7e-05,3.3,3.29806,-0.00194,0.5,0.517054,0.017054,2.0,1.992816,-0.007184
25293,PI+SIDIS,matched,coherent,RP006,1:36|1:50|1:68|1:76,10.6716,-3.642,16.75,3.632,10.305,0.25,0.250017,1.7e-05,3.3,3.29806,-0.00194,0.5,0.517054,0.017054,2.0,1.992816,-0.007184
25294,HMSDIS,matched,coherent,RP006,1:36|1:50|1:68|1:76,10.6716,-3.642,16.75,3.632,10.305,0.25,0.250017,1.7e-05,3.3,3.29806,-0.00194,0.5,0.517054,0.017054,2.0,1.992816,-0.007184
25295,PI+SIDIS,matched,coherent,RP006,1:36|1:50|1:68|1:76,10.6716,-3.642,16.75,3.632,10.305,0.25,0.250017,1.7e-05,3.3,3.29806,-0.00194,0.5,0.517054,0.017054,2.0,1.992816,-0.007184
25296,PI+SIDIS,matched,coherent,RP006,1:36|1:50|1:68|1:76,10.6716,-3.642,16.75,3.632,10.305,0.25,0.250017,1.7e-05,3.3,3.29806,-0.00194,0.5,0.517054,0.017054,2.0,1.992816,-0.007184
25297,HMSDIS,matched,coherent,RP006,1:36|1:50|1:68|1:76,10.6716,-3.642,16.75,3.632,10.305,0.25,0.250017,1.7e-05,3.3,3.29806,-0.00194,0.5,0.517054,0.017054,2.0,1.992816,-0.007184
25298,PI+SIDIS,matched,coherent,RP006,1:36|1:50|1:68|1:76,10.6716,-3.642,16.75,3.632,10.305,0.25,0.250017,1.7e-05,3.3,3.29806,-0.00194,0.5,0.517054,0.017054,2.0,1.992816,-0.007184
25299,PI+SIDIS,matched,coherent,RP006,1:36|1:50|1:68|1:76,10.6716,-3.642,16.75,3.632,10.305,0.25,0.250017,1.7e-05,3.3,3.29806,-0.00194,0.5,0.517054,0.017054,2.0,1.992816,-0.007184
25300,PI+SIDIS,matched,coherent,RP006,1:36|1:50|1:68|1:76,10.6716,-3.642,16.75,3.632,10.305,0.25,0.250017,1.7e-05,3.3,3.29806,-0.00194,0.5,0.517054,0.017054,2.0,1.992816,-0.007184
25301,PI+SIDIS,matched,coherent,RP006,1:36|1:50|1:68|1:76,10.6716,-3.642,16.75,3.632,10.305,0.25,0.250017,1.7e-05,3.3,3.29806,-0.00194,0.5,0.517054,0.017054,2.0,1.992816,-0.007184
25302,HMSDIS,matched,coherent,RP006,1:36|1:50|1:68|1:76,10.6716,-3.642,16.75,3.632,10.305,0.25,0.250017,1.7e-05,3.3,3.29806,-0.00194,0.5,0.517054,0.017054,2.0,1.992816,-0.007184
25303,PI+SIDIS,matched,coherent,RP006,1:36|1:50|1:68|1:76,10.6716,-3.642,16.75,3.632,10.305,0.25,0.250017,1.7e-05,3.3,3.29806,-0.00194,0.5,0.517054,0.017054,2.0,1.992816,-0.007184
25305,PI+SIDIS,matched,coherent,RP006,1:36|1:50|1:68|1:76,10.6716,-3.642,16.75,3.632,10.305,0.25,0.250017,1.7e-05,3.3,3.29806,-0.00194,0.5,0.517054,0.017054,2.0,1.992816,-0.007184
25306,PI+SIDIS,matched,coherent,RP006,1:36|1:50|1:68|1:76,10.6716,-3.642,16.75,3.632,10.305,0.25,0.250017,1.7e-05,3.3,3.29806,-0.00194,0.5,0.517054,0.017054,2.0,1.992816,-0.007184
25308,HMSDIS,matched,coherent,RP006,1:36|1:50|1:68|1:76,10.6716,-3.642,16.75,3.632,10.305,0.25,0.250017,1.7e-05,3.3,3.29806,-0.00194,0.5,0.517054,0.017054,2.0,1.992816,-0.007184
25309,PI+SIDIS,matched,coherent,RP006,1:36|1:50|1:68|1:76,10.6716,-3.642,16.75,3.632,10.305,0.25,0.250017,1.7e-05,3.3,3.29806,-0.00194,0.5,0.517054,0.017054,2.0,1.992816,-0.007184
25310,PI+SIDIS,matched,coherent,RP006,1:36|1:50|1:68|1:76,10.6716,-3.642,16.75,3.632,10.305,0.25,0.250017,1.7e-05,3.3,3.29806,-0.00194,0.5,0.517054,0.017054,2.0,1.992816,-0.007184
25311,PI+SIDIS,matched,coherent,RP006,1:36|1:50|1:68|1:76,10.6716,-3.642,16.75,3.632,10.305,0.25,0.250017,1.7e-05,3.3,3.29806,-0.00194,0.5,0.517054,0.017054,2.0,1.992816,-0.007184
25312,PI+SIDIS,matched,coherent,RP006,1:36|1:50|1:68|1:76,10.6716,-3.642,16.75,3.632,10.305,0.25,0.250017,1.7e-05,3.3,3.29806,-0.00194,0.5,0.517054,0.017054,2.0,1.992816,-0.007184
25313,PI+SIDIS,matched,coherent,RP006,1:36|1:50|1:68|1:76,10.6716,-3.642,16.75,3.632,10.305,0.25,0.250017,1.7e-05,3.3,3.29806,-0.00194,0.5,0.517054,0.017054,2.0,1.992816,-0.007184
25314,PI+SIDIS,matched,coherent,RP006,1:36|1:50|1:68|1:76,10.6716,-3.642,16.75,3.632,10.305,0.25,0.250017,1.7e-05,3.3,3.29806,-0.00194,0.5,0.517054,0.017054,2.0,1.992816,-0.007184
25315,PI+SIDIS,matched,coherent,RP006,1:36|1:50|1:68|1:76,10.6716,-3.642,16.75,3.632,10.305,0.25,0.250017,1.7e-05,3.3,3.29806,-0.00194,0.5,0.517054,0.017054,2.0,1.992816,-0.007184
25316,PI+SIDIS,matched,coherent,RP006,1:36|1:50|1:68|1:76,10.6716,-3.642,16.75,3.632,10.305,0.25,0.250017,1.7e-05,3.3,3.29806,-0.00194,0.5,0.517054,0.017054,2.0,1.992816,-0.007184
25317,PI+SIDIS,matched,coherent,RP006,1:36|1:50|1:68|1:76,10.6716,-3.642,16.75,3.632,10.305,0.25,0.250017,1.7e-05,3.3,3.29806,-0.00194,0.5,0.517054,0.017054,2.0,1.992816,-0.007184
25318,PI+SIDIS,matched,coherent,RP007,1:40|1:54,10.6716,-3.642,16.75,2.615,10.305,0.25,0.250017,1.7e-05,3.3,3.29806,-0.00194,0.36,0.372528,0.012528,2.0,1.992816,-0.007184
25319,PI+SIDIS,matched,coherent,RP007,1:40|1:54,10.6716,-3.642,16.75,2.615,10.305,0.25,0.250017,1.7e-05,3.3,3.29806,-0.00194,0.36,0.372528,0.012528,2.0,1.992816,-0.007184
25320,PI+SIDIS,matched,coherent,RP007,1:40|1:54,10.6716,-3.642,16.75,2.615,10.305,0.25,0.250017,1.7e-05,3.3,3.29806,-0.00194,0.36,0.372528,0.012528,2.0,1.992816,-0.007184
25321,PI+SIDIS,matched,coherent,RP007,1:40|1:54,10.6716,-3.642,16.75,2.615,10.305,0.25,0.250017,1.7e-05,3.3,3.29806,-0.00194,0.36,0.372528,0.012528,2.0,1.992816,-0.007184
25322,PI+SIDIS,matched,coherent,RP007,1:40|1:54,10.6716,-3.642,16.75,2.615,10.305,0.25,0.250017,1.7e-05,3.3,3.29806,-0.00194,0.36,0.372528,0.012528,2.0,1.992816,-0.007184
25323,PI+SIDIS,matched,coherent,RP007,1:40|1:54,10.6716,-3.642,16.75,2.615,10.305,0.25,0.250017,1.7e-05,3.3,3.29806,-0.00194,0.36,0.372528,0.012528,2.0,1.992816,-0.007184
25328,PI+SIDIS,matched,coherent,RP007,1:40|1:54,10.6716,-3.642,16.75,2.615,10.305,0.25,0.250017,1.7e-05,3.3,3.29806,-0.00194,0.36,0.372528,0.012528,2.0,1.992816,-0.007184
25329,PI+SIDIS,matched,coherent,RP007,1:40|1:54,10.6716,-3.642,16.75,2.615,10.305,0.25,0.250017,1.7e-05,3.3,3.29806,-0.00194,0.36,0.372528,0.012528,2.0,1.992816,-0.007184
25330,PI+SIDIS,matched,coherent,RP007,1:40|1:54,10.6716,-3.642,16.75,2.615,10.305,0.25,0.250017,1.7e-05,3.3,3.29806,-0.00194,0.36,0.372528,0.012528,2.0,1.992816,-0.007184
25331,PI+SIDIS,matched,coherent,RP007,1:40|1:54,10.6716,-3.642,16.75,2.615,10.305,0.25,0.250017,1.7e-05,3.3,3.29806,-0.00194,0.36,0.372528,0.012528,2.0,1.992816,-0.007184
25333,PI+SIDIS,matched,coherent,RP007,1:40|1:54,10.6716,-3.642,16.75,2.615,10.305,0.25,0.250017,1.7e-05,3.3,3.29806,-0.00194,0.36,0.372528,0.012528,2.0,1.992816,-0.007184
25334,PI+SIDIS,matched,coherent,RP007,1:40|1:54,10.6716,-3.642,16.75,2.615,10.305,0.25,0.250017,1.7e-05,3.3,3.29806,-0.00194,0.36,0.372528,0.012528,2.0,1.992816,-0.007184
25335,HMSDIS,matched,coherent,RP007,1:40|1:54,10.6716,-3.642,16.75,2.615,10.305,0.25,0.250017,1.7e-05,3.3,3.29806,-0.00194,0.36,0.372528,0.012528,2.0,1.992816,-0.007184
25336,PI+SIDIS,matched,coherent,RP007,1:40|1:54,10.6716,-3.642,16.75,2.615,10.305,0.25,0.250017,1.7e-05,3.3,3.29806,-0.00194,0.36,0.372528,0.012528,2.0,1.992816,-0.007184
25337,PI+SIDIS,matched,coherent,RP007,1:40|1:54,10.6716,-3.642,16.75,2.615,10.305,0.25,0.250017,1.7e-05,3.3,3.29806,-0.00194,0.36,0.372528,0.012528,2.0,1.992816,-0.007184
25338,PI+SIDIS,matched,coherent,RP007,1:40|1:54,10.6716,-3.642,16.75,2.615,10.305,0.25,0.250017,1.7e-05,3.3,3.29806,-0.00194,0.36,0.372528,0.012528,2.0,1.992816,-0.007184
25340,PI+SIDIS,matched,coherent,RP007,1:40|1:54,10.6716,-3.642,16.75,2.615,10.305,0.25,0.250017,1.7e-05,3.3,3.29806,-0.00194,0.36,0.372528,0.012528,2.0,1.992816,-0.007184
25341,PI+SIDIS,matched,coherent,RP007,1:40|1:54,10.6716,-3.642,16.75,2.615,10.305,0.25,0.250017,1.7e-05,3.3,3.29806,-0.00194,0.36,0.372528,0.012528,2.0,1.992816,-0.007184
25342,PI+SIDIS,matched,coherent,RP007,1:40|1:54,10.6716,-3.642,16.75,2.615,10.305,0.25,0.250017,1.7e-05,3.3,3.29806,-0.00194,0.36,0.372528,0.012528,2.0,1.992816,-0.007184
25343,PI+SIDIS,matched,coherent,RP007,1:40|1:54,10.6716,-3.642,16.75,2.615,10.305,0.25,0.250017,1.7e-05,3.3,3.29806,-0.00194,0.36,0.372528,0.012528,2.0,1.992816,-0.007184
25344,PI+SIDIS,matched,coherent,RP007,1:40|1:54,10.6716,-3.642,16.75,2.615,10.305,0.25,0.250017,1.7e-05,3.3,3.29806,-0.00194,0.36,0.372528,0.012528,2.0,1.992816,-0.007184
25345,PI+SIDIS,matched,coherent,RP007,1:40|1:54,10.6716,-3.642,16.75,2.615,10.305,0.25,0.250017,1.7e-05,3.3,3.29806,-0.00194,0.36,0.372528,0.012528,2.0,1.992816,-0.007184
25356,PI+SIDIS,matched,coherent,RP008,1:58|1:66|2:191,10.6716,-3.642,16.75,3.632,13.51,0.25,0.250017,1.7e-05,3.3,3.29806,-0.00194,0.5,0.517054,0.017054,5.2,5.197816,-0.002184
25357,PI+SIDIS,matched,coherent,RP008,1:58|1:66|2:191,10.6716,-3.642,16.75,3.632,13.51,0.25,0.250017,1.7e-05,3.3,3.29806,-0.00194,0.5,0.517054,0.017054,5.2,5.197816,-0.002184
25358,PI+SIDIS,matched,coherent,RP008,1:58|1:66|2:191,10.6716,-3.642,16.75,3.632,13.51,0.25,0.250017,1.7e-05,3.3,3.29806,-0.00194,0.5,0.517054,0.017054,5.2,5.197816,-0.002184
25359,PI+SIDIS,matched,coherent,RP008,1:58|1:66|2:191,10.6716,-3.642,16.75,3.632,13.51,0.25,0.250017,1.7e-05,3.3,3.29806,-0.00194,0.5,0.517054,0.017054,5.2,5.197816,-0.002184
25360,PI+SIDIS,matched,coherent,RP008,1:58|1:66|2:191,10.6716,-3.642,16.75,3.632,13.51,0.25,0.250017,1.7e-05,3.3,3.29806,-0.00194,0.5,0.517054,0.017054,5.2,5.197816,-0.002184
25361,HMSDIS,matched,coherent,RP008,1:58|1:66|2:191,10.6716,-3.642,16.75,3.632,13.51,0.25,0.250017,1.7e-05,3.3,3.29806,-0.00194,0.5,0.517054,0.017054,5.2,5.197816,-0.002184
25363,PI+SIDIS,matched,coherent,RP008,1:58|1:66|2:191,10.6716,-3.642,16.75,3.632,13.51,0.25,0.250017,1.7e-05,3.3,3.29806,-0.00194,0.5,0.517054,0.017054,5.2,5.197816,-0.002184
25364,PI+SIDIS,matched,coherent,RP008,1:58|1:66|2:191,10.6716,-3.642,16.75,3.632,13.51,0.25,0.250017,1.7e-05,3.3,3.29806,-0.00194,0.5,0.517054,0.017054,5.2,5.197816,-0.002184
25365,PI+SIDIS,matched,coherent,RP008,1:58|1:66|2:191,10.6716,-3.642,16.75,3.632,13.51,0.25,0.250017,1.7e-05,3.3,3.29806,-0.00194,0.5,0.517054,0.017054,5.2,5.197816,-0.002184
25366,PI+SIDIS,matched,coherent,RP008,1:58|1:66|2:191,10.6716,-3.642,16.75,3.632,13.51,0.25,0.250017,1.7e-05,3.3,3.29806,-0.00194,0.5,0.517054,0.017054,5.2,5.197816,-0.002184
25367,HMSDIS,matched,coherent,RP008,1:58|1:66|2:191,10.6716,-3.642,16.75,3.632,13.51,0.25,0.250017,1.7e-05,3.3,3.29806,-0.00194,0.5,0.517054,0.017054,5.2,5.197816,-0.002184
25368,PI+SIDIS,matched,coherent,RP008,1:58|1:66|2:191,10.6716,-3.642,16.75,3.632,13.51,0.25,0.250017,1.7e-05,3.3,3.29806,-0.00194,0.5,0.517054,0.017054,5.2,5.197816,-0.002184
25369,HMSDIS,matched,coherent,RP008,1:58|1:66|2:191,10.6716,-3.642,16.75,3.632,13.51,0.25,0.250017,1.7e-05,3.3,3.29806,-0.00194,0.5,0.517054,0.017054,5.2,5.197816,-0.002184
25370,PI+SIDIS,matched,coherent,RP008,1:58|1:66|2:191,10.6716,-3.642,16.75,3.632,13.51,0.25,0.250017,1.7e-05,3.3,3.29806,-0.00194,0.5,0.517054,0.017054,5.2,5.197816,-0.002184
25371,PI+SIDIS,matched,coherent,RP008,1:58|1:66|2:191,10.6716,-3.642,16.75,3.632,13.51,0.25,0.250017,1.7e-05,3.3,3.29806,-0.00194,0.5,0.517054,0.017054,5.2,5.197816,-0.002184
25372,PI+SIDIS,matched,coherent,RP008,1:58|1:66|2:191,10.6716,-3.642,16.75,3.632,13.51,0.25,0.250017,1.7e-05,3.3,3.29806,-0.00194,0.5,0.517054,0.017054,5.2,5.197816,-0.002184
25373,HMSDIS,matched,coherent,RP008,1:58|1:66|2:191,10.6716,-3.642,16.75,3.632,13.51,0.25,0.250017,1.7e-05,3.3,3.29806,-0.00194,0.5,0.517054,0.017054,5.2,5.197816,-0.002184
25374,PI+SIDIS,matched,coherent,RP008,1:58|1:66|2:191,10.6716,-3.642,16.75,3.632,13.51,0.25,0.250017,1.7e-05,3.3,3.29806,-0.00194,0.5,0.517054,0.017054,5.2,5.197816,-0.002184
25375,PI+SIDIS,matched,coherent,RP008,1:58|1:66|2:191,10.6716,-3.642,16.75,3.632,13.51,0.25,0.250017,1.7e-05,3.3,3.29806,-0.00194,0.5,0.517054,0.017054,5.2,5.197816,-0.002184
25376,PI+SIDIS,matched,coherent,RP008,1:58|1:66|2:191,10.6716,-3.642,16.75,3.632,13.51,0.25,0.250017,1.7e-05,3.3,3.29806,-0.00194,0.5,0.517054,0.017054,5.2,5.197816,-0.002184
25378,HMSDIS,matched,coherent,RP008,1:58|1:66|2:191,10.6716,-3.642,16.75,3.632,13.51,0.25,0.250017,1.7e-05,3.3,3.29806,-0.00194,0.5,0.517054,0.017054,5.2,5.197816,-0.002184
25379,PI+SIDIS,matched,coherent,RP008,1:58|1:66|2:191,10.6716,-3.642,16.75,3.632,13.51,0.25,0.250017,1.7e-05,3.3,3.29806,-0.00194,0.5,0.517054,0.017054,5.2,5.197816,-0.002184
25380,PI+SIDIS,matched,coherent,RP008,1:58|1:66|2:191,10.6716,-3.642,16.75,3.632,13.51,0.25,0.250017,1.7e-05,3.3,3.29806,-0.00194,0.5,0.517054,0.017054,5.2,5.197816,-0.002184
25381,PI+SIDIS,matched,coherent,RP008,1:58|1:66|2:191,10.6716,-3.642,16.75,3.632,13.51,0.25,0.250017,1.7e-05,3.3,3.29806,-0.00194,0.5,0.517054,0.017054,5.2,5.197816,-0.002184
25382,PI+SIDIS,matched,coherent,RP008,1:58|1:66|2:191,10.6716,-3.642,16.75,3.632,13.51,0.25,0.250017,1.7e-05,3.3,3.29806,-0.00194,0.5,0.517054,0.017054,5.2,5.197816,-0.002184
25383,PI+SIDIS,matched,coherent,RP008,1:58|1:66|2:191,10.6716,-3.642,16.75,3.632,13.51,0.25,0.250017,1.7e-05,3.3,3.29806,-0.00194,0.5,0.517054,0.017054,5.2,5.197816,-0.002184
25384,PI+SIDIS,matched,coherent,RP009,1:62|1:64,10.6716,-3.642,16.75,3.632,16.81,0.25,0.250017,1.7e-05,3.3,3.29806,-0.00194,0.5,0.517054,0.017054,8.5,8.497816,-0.002184
25385,PI+SIDIS,matched,coherent,RP009,1:62|1:64,10.6716,-3.642,16.75,3.632,16.81,0.25,0.250017,1.7e-05,3.3,3.29806,-0.00194,0.5,0.517054,0.017054,8.5,8.497816,-0.002184
25386,PI+SIDIS,matched,coherent,RP009,1:62|1:64,10.6716,-3.642,16.75,3.632,16.81,0.25,0.250017,1.7e-05,3.3,3.29806,-0.00194,0.5,0.517054,0.017054,8.5,8.497816,-0.002184
25387,PI+SIDIS,matched,coherent,RP009,1:62|1:64,10.6716,-3.642,16.75,3.632,16.81,0.25,0.250017,1.7e-05,3.3,3.29806,-0.00194,0.5,0.517054,0.017054,8.5,8.497816,-0.002184
25388,PI+SIDIS,matched,coherent,RP009,1:62|1:64,10.6716,-3.642,16.75,3.632,16.81,0.25,0.250017,1.7e-05,3.3,3.29806,-0.00194,0.5,0.517054,0.017054,8.5,8.497816,-0.002184
25389,PI+SIDIS,matched,coherent,RP009,1:62|1:64,10.6716,-3.642,16.75,3.632,16.81,0.25,0.250017,1.7e-05,3.3,3.29806,-0.00194,0.5,0.517054,0.017054,8.5,8.497816,-0.002184
25391,HMSDIS,matched,coherent,RP009,1:62|1:64,10.6716,-3.642,16.75,3.632,16.81,0.25,0.250017,1.7e-05,3.3,3.29806,-0.00194,0.5,0.517054,0.017054,8.5,8.497816,-0.002184
25394,PI+SIDIS,matched,coherent,RP009,1:62|1:64,10.6716,-3.642,16.75,3.632,16.81,0.25,0.250017,1.7e-05,3.3,3.29806,-0.00194,0.5,0.517054,0.017054,8.5,8.497816,-0.002184
25395,PI+SIDIS,matched,coherent,RP009,1:62|1:64,10.6716,-3.642,16.75,3.632,16.81,0.25,0.250017,1.7e-05,3.3,3.29806,-0.00194,0.5,0.517054,0.017054,8.5,8.497816,-0.002184
25396,HMSDIS,matched,coherent,RP009,1:62|1:64,10.6716,-3.642,16.75,3.632,16.81,0.25,0.250017,1.7e-05,3.3,3.29806,-0.00194,0.5,0.517054,0.017054,8.5,8.497816,-0.002184
25397,HMSDIS,matched,coherent,RP009,1:62|1:64,10.6716,-3.642,16.75,3.632,16.81,0.25,0.250017,1.7e-05,3.3,3.29806,-0.00194,0.5,0.517054,0.017054,8.5,8.497816,-0.002184
25399,HMSDIS,matched,coherent,RP009,1:62|1:64,10.6716,-3.642,16.75,3.632,16.81,0.25,0.250017,1.7e-05,3.3,3.29806,-0.00194,0.5,0.517054,0.017054,8.5,8.497816,-0.002184
25400,HMSDIS,matched,coherent,RP009,1:62|1:64,10.6716,-3.642,16.75,3.632,16.81,0.25,0.250017,1.7e-05,3.3,3.29806,-0.00194,0.5,0.517054,0.017054,8.5,8.497816,-0.002184
25401,HMSDIS,matched,coherent,RP009,1:62|1:64,10.6716,-3.642,16.75,3.632,16.81,0.25,0.250017,1.7e-05,3.3,3.29806,-0.00194,0.5,0.517054,0.017054,8.5,8.497816,-0.002184
25402,HMSDIS,matched,coherent,RP009,1:62|1:64,10.6716,-3.642,16.75,3.632,16.81,0.25,0.250017,1.7e-05,3.3,3.29806,-0.00194,0.5,0.517054,0.017054,8.5,8.497816,-0.002184
25403,HMSDIS,matched,coherent,RP009,1:62|1:64,10.6716,-3.642,16.75,3.632,16.81,0.25,0.250017,1.7e-05,3.3,3.29806,-0.00194,0.5,0.517054,0.017054,8.5,8.497816,-0.002184
25404,HMSDIS,matched,coherent,RP009,1:62|1:64,10.6716,-3.642,16.75,3.632,16.81,0.25,0.250017,1.7e-05,3.3,3.29806,-0.00194,0.5,0.517054,0.017054,8.5,8.497816,-0.002184
25405,HMSDIS,matched,coherent,RP009,1:62|1:64,10.6716,-3.642,16.75,3.632,16.81,0.25,0.250017,1.7e-05,3.3,3.29806,-0.00194,0.5,0.517054,0.017054,8.5,8.497816,-0.002184
25406,HMSDIS,matched,coherent,RP009,1:62|1:64,10.6716,-3.642,16.75,3.632,16.81,0.25,0.250017,1.7e-05,3.3,3.29806,-0.00194,0.5,0.517054,0.017054,8.5,8.497816,-0.002184
25407,HMSDIS,matched,coherent,RP009,1:62|1:64,10.6716,-3.642,16.75,3.632,16.81,0.25,0.250017,1.7e-05,3.3,3.29806,-0.00194,0.5,0.517054,0.017054,8.5,8.497816,-0.002184
25408,HMSDIS,matched,coherent,RP009,1:62|1:64,10.6716,-3.642,16.75,3.632,16.81,0.25,0.250017,1.7e-05,3.3,3.29806,-0.00194,0.5,0.517054,0.017054,8.5,8.497816,-0.002184
25409,HMSDIS,matched,coherent,RP009,1:62|1:64,10.6716,-3.642,16.75,3.632,16.81,0.25,0.250017,1.7e-05,3.3,3.29806,-0.00194,0.5,0.517054,0.017054,8.5,8.497816,-0.002184
25410,HMSDIS,matched,coherent,RP009,1:62|1:64,10.6716,-3.642,16.75,3.632,16.81,0.25,0.250017,1.7e-05,3.3,3.29806,-0.00194,0.5,0.517054,0.017054,8.5,8.497816,-0.002184
25411,HMSDIS,matched,coherent,RP009,1:62|1:64,10.6716,-3.642,16.75,3.632,16.81,0.25,0.250017,1.7e-05,3.3,3.29806,-0.00194,0.5,0.517054,0.017054,8.5,8.497816,-0.002184
25412,HMSDIS,matched,coherent,RP009,1:62|1:64,10.6716,-3.642,16.75,3.632,16.81,0.25,0.250017,1.7e-05,3.3,3.29806,-0.00194,0.5,0.517054,0.017054,8.5,8.497816,-0.002184
25413,HMSDIS,matched,coherent,RP009,1:62|1:64,10.6716,-3.642,16.75,3.632,16.81,0.25,0.250017,1.7e-05,3.3,3.29806,-0.00194,0.5,0.517054,0.017054,8.5,8.497816,-0.002184
25414,HMSDIS,matched,coherent,RP009,1:62|1:64,10.6716,-3.642,16.75,3.632,16.81,0.25,0.250017,1.7e-05,3.3,3.29806,-0.00194,0.5,0.517054,0.017054,8.5,8.497816,-0.002184
25415,HMSDIS,matched,coherent,RP009,1:62|1:64,10.6716,-3.642,16.75,3.632,16.81,0.25,0.250017,1.7e-05,3.3,3.29806,-0.00194,0.5,0.517054,0.017054,8.5,8.497816,-0.002184
25416,HMSDIS,matched,coherent,RP009,1:62|1:64,10.6716,-3.642,16.75,3.632,16.81,0.25,0.250017,1.7e-05,3.3,3.29806,-0.00194,0.5,0.517054,0.017054,8.5,8.497816,-0.002184
25417,HMSDIS,matched,coherent,RP009,1:62|1:64,10.6716,-3.642,16.75,3.632,16.81,0.25,0.250017,1.7e-05,3.3,3.29806,-0.00194,0.5,0.517054,0.017054,8.5,8.497816,-0.002184
25418,HMSDIS,matched,coherent,RP009,1:62|1:64,10.6716,-3.642,16.75,3.632,16.81,0.25,0.250017,1.7e-05,3.3,3.29806,-0.00194,0.5,0.517054,0.017054,8.5,8.497816,-0.002184
25420,HMSDIS,matched,coherent,RP009,1:62|1:64,10.6716,-3.642,16.75,3.632,16.81,0.25,0.250017,1.7e-05,3.3,3.29806,-0.00194,0.5,0.517054,0.017054,8.5,8.497816,-0.002184
25421,HMSDIS,matched,coherent,RP009,1:62|1:64,10.6716,-3.642,16.75,3.632,16.81,0.25,0.250017,1.7e-05,3.3,3.29806,-0.00194,0.5,0.517054,0.017054,8.5,8.497816,-0.002184
25422,HMSDIS,matched,coherent,RP009,1:62|1:64,10.6716,-3.642,16.75,3.632,16.81,0.25,0.250017,1.7e-05,3.3,3.29806,-0.00194,0.5,0.517054,0.017054,8.5,8.497816,-0.002184
25423,PI-SIDIS,matched,coherent,RP009,1:62|1:64,10.6716,-3.642,16.75,-3.632,16.81,0.25,0.250017,1.7e-05,3.3,3.29806,-0.00194,0.5,0.517054,0.017054,8.5,8.497816,-0.002184
25424,PI-SIDIS,matched,coherent,RP009,1:62|1:64,10.6716,-3.642,16.75,-3.632,16.81,0.25,0.250017,1.7e-05,3.3,3.29806,-0.00194,0.5,0.517054,0.017054,8.5,8.497816,-0.002184
25425,PI-SIDIS,matched,coherent,RP009,1:62|1:64,10.6716,-3.642,16.75,-3.632,16.81,0.25,0.250017,1.7e-05,3.3,3.29806,-0.00194,0.5,0.517054,0.017054,8.5,8.497816,-0.002184
25426,PI-SIDIS,matched,coherent,RP009,1:62|1:64,10.6716,-3.642,16.75,-3.632,16.81,0.25,0.250017,1.7e-05,3.3,3.29806,-0.00194,0.5,0.517054,0.017054,8.5,8.497816,-0.002184
25427,PI-SIDIS,matched,coherent,RP009,1:62|1:64,10.6716,-3.642,16.75,-3.632,16.81,0.25,0.250017,1.7e-05,3.3,3.29806,-0.00194,0.5,0.517054,0.017054,8.5,8.497816,-0.002184
25428,PI-SIDIS,matched,coherent,RP009,1:62|1:64,10.6716,-3.642,16.75,-3.632,16.81,0.25,0.250017,1.7e-05,3.3,3.29806,-0.00194,0.5,0.517054,0.017054,8.5,8.497816,-0.002184
25429,PI-SIDIS,matched,coherent,RP009,1:62|1:64,10.6716,-3.642,16.75,-3.632,16.81,0.25,0.250017,1.7e-05,3.3,3.29806,-0.00194,0.5,0.517054,0.017054,8.5,8.497816,-0.002184
25430,PI-SIDIS,matched,coherent,RP009,1:62|1:64,10.6716,-3.642,16.75,-3.632,16.81,0.25,0.250017,1.7e-05,3.3,3.29806,-0.00194,0.5,0.517054,0.017054,8.5,8.497816,-0.002184
25431,HMSDIS,matched,coherent,RP009,1:62|1:64,10.6716,-3.642,16.75,-3.632,16.81,0.25,0.250017,1.7e-05,3.3,3.29806,-0.00194,0.5,0.517054,0.017054,8.5,8.497816,-0.002184
25432,PI-SIDIS,matched,coherent,RP009,1:62|1:64,10.6716,-3.642,16.75,-3.632,16.81,0.25,0.250017,1.7e-05,3.3,3.29806,-0.00194,0.5,0.517054,0.017054,8.5,8.497816,-0.002184
25433,PI-SIDIS,matched,coherent,RP009,1:62|1:64,10.6716,-3.642,16.75,-3.632,16.81,0.25,0.250017,1.7e-05,3.3,3.29806,-0.00194,0.5,0.517054,0.017054,8.5,8.497816,-0.002184
25434,PI-SIDIS,matched,coherent,RP008,1:58|1:66|2:191,10.6716,-3.642,16.75,-3.632,13.51,0.25,0.250017,1.7e-05,3.3,3.29806,-0.00194,0.5,0.517054,0.017054,5.2,5.197816,-0.002184
25435,PI-SIDIS,matched,coherent,RP008,1:58|1:66|2:191,10.6716,-3.642,16.75,-3.632,13.51,0.25,0.250017,1.7e-05,3.3,3.29806,-0.00194,0.5,0.517054,0.017054,5.2,5.197816,-0.002184
25436,PI-SIDIS,matched,coherent,RP008,1:58|1:66|2:191,10.6716,-3.642,16.75,-3.632,13.51,0.25,0.250017,1.7e-05,3.3,3.29806,-0.00194,0.5,0.517054,0.017054,5.2,5.197816,-0.002184
25437,PI-SIDIS,matched,coherent,RP008,1:58|1:66|2:191,10.6716,-3.642,16.75,-3.632,13.51,0.25,0.250017,1.7e-05,3.3,3.29806,-0.00194,0.5,0.517054,0.017054,5.2,5.197816,-0.002184
25438,PI-SIDIS,matched,coherent,RP008,1:58|1:66|2:191,10.6716,-3.642,16.75,-3.632,13.51,0.25,0.250017,1.7e-05,3.3,3.29806,-0.00194,0.5,0.517054,0.017054,5.2,5.197816,-0.002184
25439,PI-SIDIS,matched,coherent,RP008,1:58|1:66|2:191,10.6716,-3.642,16.75,-3.632,13.51,0.25,0.250017,1.7e-05,3.3,3.29806,-0.00194,0.5,0.517054,0.017054,5.2,5.197816,-0.002184
25440,PI-SIDIS,matched,coherent,RP008,1:58|1:66|2:191,10.6716,-3.642,16.75,-3.632,13.51,0.25,0.250017,1.7e-05,3.3,3.29806,-0.00194,0.5,0.517054,0.017054,5.2,5.197816,-0.002184
25441,PI-SIDIS,matched,coherent,RP008,1:58|1:66|2:191,10.6716,-3.642,16.75,-3.632,13.51,0.25,0.250017,1.7e-05,3.3,3.29806,-0.00194,0.5,0.517054,0.017054,5.2,5.197816,-0.002184
25442,PI-SIDIS,matched,coherent,RP008,1:58|1:66|2:191,10.6716,-3.642,16.75,-3.632,13.51,0.25,0.250017,1.7e-05,3.3,3.29806,-0.00194,0.5,0.517054,0.017054,5.2,5.197816,-0.002184
25443,PI-SIDIS,matched,coherent,RP006,1:36|1:50|1:68|1:76,10.6716,-3.642,16.75,-3.632,10.31,0.25,0.250017,1.7e-05,3.3,3.29806,-0.00194,0.5,0.517054,0.017054,2.0,1.997816,-0.002184
25444,PI-SIDIS,matched,coherent,RP006,1:36|1:50|1:68|1:76,10.6716,-3.642,16.75,-3.632,10.31,0.25,0.250017,1.7e-05,3.3,3.29806,-0.00194,0.5,0.517054,0.017054,2.0,1.997816,-0.002184
25445,PI-SIDIS,matched,coherent,RP006,1:36|1:50|1:68|1:76,10.6716,-3.642,16.75,-3.632,10.31,0.25,0.250017,1.7e-05,3.3,3.29806,-0.00194,0.5,0.517054,0.017054,2.0,1.997816,-0.002184
25446,PI-SIDIS,matched,coherent,RP006,1:36|1:50|1:68|1:76,10.6716,-3.642,16.75,-3.632,10.31,0.25,0.250017,1.7e-05,3.3,3.29806,-0.00194,0.5,0.517054,0.017054,2.0,1.997816,-0.002184
25447,PI-SIDIS,matched,coherent,RP006,1:36|1:50|1:68|1:76,10.6716,-3.642,16.75,-3.632,10.31,0.25,0.250017,1.7e-05,3.3,3.29806,-0.00194,0.5,0.517054,0.017054,2.0,1.997816,-0.002184
25448,PI-SIDIS,matched,coherent,RP006,1:36|1:50|1:68|1:76,10.6716,-3.642,16.75,-3.632,10.31,0.25,0.250017,1.7e-05,3.3,3.29806,-0.00194,0.5,0.517054,0.017054,2.0,1.997816,-0.002184
25449,PI-SIDIS,matched,coherent,RP006,1:36|1:50|1:68|1:76,10.6716,-3.642,16.75,-3.632,10.31,0.25,0.250017,1.7e-05,3.3,3.29806,-0.00194,0.5,0.517054,0.017054,2.0,1.997816,-0.002184
25450,PI-SIDIS,matched,coherent,RP006,1:36|1:50|1:68|1:76,10.6716,-3.642,16.75,-3.632,10.31,0.25,0.250017,1.7e-05,3.3,3.29806,-0.00194,0.5,0.517054,0.017054,2.0,1.997816,-0.002184
25451,PI-SIDIS,matched,coherent,RP006,1:36|1:50|1:68|1:76,10.6716,-3.642,16.75,-3.632,10.31,0.25,0.250017,1.7e-05,3.3,3.29806,-0.00194,0.5,0.517054,0.017054,2.0,1.997816,-0.002184
25452,PI-SIDIS,matched,coherent,RP006,1:36|1:50|1:68|1:76,10.6716,-3.642,16.75,-3.632,10.31,0.25,0.250017,1.7e-05,3.3,3.29806,-0.00194,0.5,0.517054,0.017054,2.0,1.997816,-0.002184
25453,PI-SIDIS,matched,coherent,RP006,1:36|1:50|1:68|1:76,10.6716,-3.642,16.75,-3.632,10.31,0.25,0.250017,1.7e-05,3.3,3.29806,-0.00194,0.5,0.517054,0.017054,2.0,1.997816,-0.002184
25455,PI-SIDIS,matched,coherent,RP006,1:36|1:50|1:68|1:76,10.6716,3.642,16.75,-3.632,10.31,0.25,0.250017,1.7e-05,3.3,3.29806,-0.00194,0.5,0.517054,0.017054,2.0,1.997816,-0.002184
25456,HMSDIS,matched,coherent,RP006,1:36|1:50|1:68|1:76,10.6716,3.642,16.75,-3.632,10.31,0.25,0.250017,1.7e-05,3.3,3.29806,-0.00194,0.5,0.517054,0.017054,2.0,1.997816,-0.002184
25457,PI-SIDIS,matched,coherent,RP006,1:36|1:50|1:68|1:76,10.6716,3.642,16.75,-3.632,10.31,0.25,0.250017,1.7e-05,3.3,3.29806,-0.00194,0.5,0.517054,0.017054,2.0,1.997816,-0.002184
25459,PI-SIDIS,matched,coherent,RP006,1:36|1:50|1:68|1:76,10.6716,3.642,16.75,-3.632,10.31,0.25,0.250017,1.7e-05,3.3,3.29806,-0.00194,0.5,0.517054,0.017054,2.0,1.997816,-0.002184
25461,HMSDIS,matched,coherent,RP006,1:36|1:50|1:68|1:76,10.6716,3.642,16.75,-3.632,10.31,0.25,0.250017,1.7e-05,3.3,3.29806,-0.00194,0.5,0.517054,0.017054,2.0,1.997816,-0.002184
25462,PI-SIDIS,matched,coherent,RP008,1:58|1:66|2:191,10.6716,3.642,16.75,-3.632,13.515,0.25,0.250017,1.7e-05,3.3,3.29806,-0.00194,0.5,0.517054,0.017054,5.2,5.202816,0.002816
25463,PI-SIDIS,matched,coherent,RP009,1:62|1:64,10.6716,3.642,16.75,-3.632,16.81,0.25,0.250017,1.7e-05,3.3,3.29806,-0.00194,0.5,0.517054,0.017054,8.5,8.497816,-0.002184
25464,PI+SIDIS,matched,coherent,RP009,1:62|1:64,10.6716,3.642,16.75,3.632,16.81,0.25,0.250017,1.7e-05,3.3,3.29806,-0.00194,0.5,0.517054,0.017054,8.5,8.497816,-0.002184
25465,PI+SIDIS,matched,coherent,RP008,1:58|1:66|2:191,10.6716,3.642,16.75,3.632,13.61,0.25,0.250017,1.7e-05,3.3,3.29806,-0.00194,0.5,0.517054,0.017054,5.2,5.297816,0.097816
25466,PI+SIDIS,matched,coherent,RP008,1:58|1:66|2:191,10.6716,3.642,16.75,3.632,13.61,0.25,0.250017,1.7e-05,3.3,3.29806,-0.00194,0.5,0.517054,0.017054,5.2,5.297816,0.097816
25467,PI+SIDIS,matched,coherent,RP006,1:36|1:50|1:68|1:76,10.6716,3.642,16.75,3.632,10.315,0.25,0.250017,1.7e-05,3.3,3.29806,-0.00194,0.5,0.517054,0.017054,2.0,2.002816,0.002816
25468,PI+SIDIS,matched,coherent,RP006,1:36|1:50|1:68|1:76,10.6716,3.642,16.75,3.632,10.315,0.25,0.250017,1.7e-05,3.3,3.29806,-0.00194,0.5,0.517054,0.017054,2.0,2.002816,0.002816
25469,PI+SIDIS,matched,coherent,RP007,1:40|1:54,10.6716,3.642,16.75,2.615,10.315,0.25,0.250017,1.7e-05,3.3,3.29806,-0.00194,0.36,0.372528,0.012528,2.0,2.002816,0.002816
25470,HMSDIS,matched,coherent,RP007,1:40|1:54,10.6716,3.642,16.75,2.615,10.315,0.25,0.250017,1.7e-05,3.3,3.29806,-0.00194,0.36,0.372528,0.012528,2.0,2.002816,0.002816
25471,HMSDIS,matched,coherent,RP007,1:40|1:54,10.6716,3.642,16.75,2.615,10.315,0.25,0.250017,1.7e-05,3.3,3.29806,-0.00194,0.36,0.372528,0.012528,2.0,2.002816,0.002816
25472,HMSDIS,matched,coherent,RP007,1:40|1:54,10.6716,3.642,16.75,2.615,10.315,0.25,0.250017,1.7e-05,3.3,3.29806,-0.00194,0.36,0.372528,0.012528,2.0,2.002816,0.002816
25473,HMSDIS,matched,coherent,RP007,1:40|1:54,10.6716,3.642,16.75,2.615,10.315,0.25,0.250017,1.7e-05,3.3,3.29806,-0.00194,0.36,0.372528,0.012528,2.0,2.002816,0.002816
25474,PI+SIDIS,matched,coherent,RP007,1:40|1:54,10.6716,3.642,16.75,2.615,10.315,0.25,0.250017,1.7e-05,3.3,3.29806,-0.00194,0.36,0.372528,0.012528,2.0,2.002816,0.002816
25475,SHMSHEEP,unmatched,unmatched,,,10.6716,4.72,26.395,-6.72,18.56,-999,0.940335,-999,-999,10.502079,-999,-999,1.129352,-999,-999,0.522706,-999
25476,SHMSHEEP,unmatched,unmatched,,,10.6716,4.72,26.395,-6.72,18.56,-999,0.940335,-999,-999,10.502079,-999,-999,1.129352,-999,-999,0.522706,-999
25477,SHMSHEEP,unmatched,unmatched,,,10.6716,4.72,26.395,-6.384,18.56,-999,0.940335,-999,-999,10.502079,-999,-999,1.072909,-999,-999,0.522706,-999
25478,SHMSHEEP,unmatched,unmatched,,,10.6716,4.72,26.395,-6.605,18.56,-999,0.940335,-999,-999,10.502079,-999,-999,1.110033,-999,-999,0.522706,-999
25479,SHMSHEEP,unmatched,unmatched,,,10.6716,4.72,26.395,-5.712,18.56,-999,0.940335,-999,-999,10.502079,-999,-999,0.960028,-999,-999,0.522706,-999
25480,SHMSHEEP,unmatched,unmatched,,,10.6716,4.72,26.395,-5.376,18.56,-999,0.940335,-999,-999,10.502079,-999,-999,0.903591,-999,-999,0.522706,-999
25481,SHMSHEEP,unmatched,unmatched,,,10.6716,4.72,26.395,-5.04,18.56,-999,0.940335,-999,-999,10.502079,-999,-999,0.847156,-999,-999,0.522706,-999
25482,SHMSHEEP,unmatched,unmatched,,,10.6716,4.72,26.395,-5.04,18.56,-999,0.940335,-999,-999,10.502079,-999,-999,0.847156,-999,-999,0.522706,-999
25483,SHMSHEEP,unmatched,unmatched,,,10.6716,4.72,26.395,-4.704,18.56,-999,0.940335,-999,-999,10.502079,-999,-999,0.790724,-999,-999,0.522706,-999
25484,PI-SIDIS,matched,coherent,RP006,1:36|1:50|1:68|1:76,10.6716,-3.642,16.755,-3.632,10.31,0.25,0.250165,0.000165,3.3,3.300015,1.5e-05,0.5,0.517054,0.017054,2.0,1.995544,-0.004456
25485,PI-SIDIS,matched,coherent,RP006,1:36|1:50|1:68|1:76,10.6716,-3.642,16.755,-3.632,10.31,0.25,0.250165,0.000165,3.3,3.300015,1.5e-05,0.5,0.517054,0.017054,2.0,1.995544,-0.004456
25486,PI-SIDIS,matched,coherent,RP006,1:36|1:50|1:68|1:76,10.6716,-3.642,16.755,-3.632,10.31,0.25,0.250165,0.000165,3.3,3.300015,1.5e-05,0.5,0.517054,0.017054,2.0,1.995544,-0.004456
25487,PI-SIDIS,matched,coherent,RP006,1:36|1:50|1:68|1:76,10.6716,-3.642,16.755,-3.632,10.31,0.25,0.250165,0.000165,3.3,3.300015,1.5e-05,0.5,0.517054,0.017054,2.0,1.995544,-0.004456
25488,PI-SIDIS,matched,coherent,RP006,1:36|1:50|1:68|1:76,10.6716,-3.642,16.755,-3.632,10.31,0.25,0.250165,0.000165,3.3,3.300015,1.5e-05,0.5,0.517054,0.017054,2.0,1.995544,-0.004456
25489,PI-SIDIS,matched,coherent,RP006,1:36|1:50|1:68|1:76,10.6716,-3.642,16.755,-3.632,10.31,0.25,0.250165,0.000165,3.3,3.300015,1.5e-05,0.5,0.517054,0.017054,2.0,1.995544,-0.004456
25490,PI-SIDIS,matched,coherent,RP006,1:36|1:50|1:68|1:76,10.6716,-3.642,16.755,-3.632,10.31,0.25,0.250165,0.000165,3.3,3.300015,1.5e-05,0.5,0.517054,0.017054,2.0,1.995544,-0.004456
25491,PI-SIDIS,matched,coherent,RP006,1:36|1:50|1:68|1:76,10.6716,-3.642,16.755,-3.632,10.31,0.25,0.250165,0.000165,3.3,3.300015,1.5e-05,0.5,0.517054,0.017054,2.0,1.995544,-0.004456
25492,PI-SIDIS,matched,coherent,RP006,1:36|1:50|1:68|1:76,10.6716,-3.642,16.755,-3.632,10.31,0.25,0.250165,0.000165,3.3,3.300015,1.5e-05,0.5,0.517054,0.017054,2.0,1.995544,-0.004456
25493,PI-SIDIS,matched,coherent,RP006,1:36|1:50|1:68|1:76,10.6716,-3.642,16.755,-3.632,10.31,0.25,0.250165,0.000165,3.3,3.300015,1.5e-05,0.5,0.517054,0.017054,2.0,1.995544,-0.004456
25494,PI-SIDIS,matched,coherent,RP006,1:36|1:50|1:68|1:76,10.6716,-3.642,16.755,-3.632,10.31,0.25,0.250165,0.000165,3.3,3.300015,1.5e-05,0.5,0.517054,0.017054,2.0,1.995544,-0.004456
25495,PI-SIDIS,matched,coherent,RP006,1:36|1:50|1:68|1:76,10.6716,-3.642,16.755,-3.632,10.31,0.25,0.250165,0.000165,3.3,3.300015,1.5e-05,0.5,0.517054,0.017054,2.0,1.995544,-0.004456
25496,PI-SIDIS,matched,coherent,RP006,1:36|1:50|1:68|1:76,10.6716,-3.642,16.755,-3.632,10.31,0.25,0.250165,0.000165,3.3,3.300015,1.5e-05,0.5,0.517054,0.017054,2.0,1.995544,-0.004456
25497,PI-SIDIS,matched,coherent,RP006,1:36|1:50|1:68|1:76,10.6716,-3.642,16.755,-3.632,10.31,0.25,0.250165,0.000165,3.3,3.300015,1.5e-05,0.5,0.517054,0.017054,2.0,1.995544,-0.004456
25498,PI-SIDIS,matched,coherent,RP006,1:36|1:50|1:68|1:76,10.6716,-3.642,16.755,-3.632,10.31,0.25,0.250165,0.000165,3.3,3.300015,1.5e-05,0.5,0.517054,0.017054,2.0,1.995544,-0.004456
25499,PI-SIDIS,matched,coherent,GT018,KINEMATIC_TABLE row 18,10.6716,-3.642,16.755,-3.632,8.11,0.25,0.250165,0.000165,3.3,3.300015,1.5e-05,0.5,0.517054,0.017054,-0.2,-0.204456,-0.004456
25500,PI-SIDIS,matched,coherent,GT018,KINEMATIC_TABLE row 18,10.6716,-3.642,16.755,-3.632,8.11,0.25,0.250165,0.000165,3.3,3.300015,1.5e-05,0.5,0.517054,0.017054,-0.2,-0.204456,-0.004456
25501,PI-SIDIS,matched,coherent,GT018,KINEMATIC_TABLE row 18,10.6716,-3.642,16.755,-3.632,8.11,0.25,0.250165,0.000165,3.3,3.300015,1.5e-05,0.5,0.517054,0.017054,-0.2,-0.204456,-0.004456
25502,PI-SIDIS,matched,coherent,GT018,KINEMATIC_TABLE row 18,10.6716,-3.642,16.755,-3.632,8.11,0.25,0.250165,0.000165,3.3,3.300015,1.5e-05,0.5,0.517054,0.017054,-0.2,-0.204456,-0.004456
25503,PI-SIDIS,matched,coherent,GT018,KINEMATIC_TABLE row 18,10.6716,-3.642,16.755,-3.632,8.11,0.25,0.250165,0.000165,3.3,3.300015,1.5e-05,0.5,0.517054,0.017054,-0.2,-0.204456,-0.004456
25504,PI-SIDIS,matched,coherent,GT018,KINEMATIC_TABLE row 18,10.6716,-3.642,16.755,-3.632,8.11,0.25,0.250165,0.000165,3.3,3.300015,1.5e-05,0.5,0.517054,0.017054,-0.2,-0.204456,-0.004456
25505,PI-SIDIS,matched,coherent,GT018,KINEMATIC_TABLE row 18,10.6716,-3.642,16.755,-3.632,8.11,0.25,0.250165,0.000165,3.3,3.300015,1.5e-05,0.5,0.517054,0.017054,-0.2,-0.204456,-0.004456
25506,PI-SIDIS,matched,coherent,GT018,KINEMATIC_TABLE row 18,10.6716,-3.642,16.755,-3.632,8.11,0.25,0.250165,0.000165,3.3,3.300015,1.5e-05,0.5,0.517054,0.017054,-0.2,-0.204456,-0.004456
25507,PI-SIDIS,matched,coherent,GT018,KINEMATIC_TABLE row 18,10.6716,-3.642,16.755,-3.632,8.11,0.25,0.250165,0.000165,3.3,3.300015,1.5e-05,0.5,0.517054,0.017054,-0.2,-0.204456,-0.004456
25508,PI-SIDIS,matched,coherent,GT018,KINEMATIC_TABLE row 18,10.6716,-3.642,16.755,-3.632,8.11,0.25,0.250165,0.000165,3.3,3.300015,1.5e-05,0.5,0.517054,0.017054,-0.2,-0.204456,-0.004456
25509,PI-SIDIS,matched,coherent,GT018,KINEMATIC_TABLE row 18,10.6716,-3.642,16.755,-3.632,8.11,0.25,0.250165,0.000165,3.3,3.300015,1.5e-05,0.5,0.517054,0.017054,-0.2,-0.204456,-0.004456
25510,PI-SIDIS,matched,coherent,GT018,KINEMATIC_TABLE row 18,10.6716,-3.642,16.755,-3.632,8.11,0.25,0.250165,0.000165,3.3,3.300015,1.5e-05,0.5,0.517054,0.017054,-0.2,-0.204456,-0.004456
25511,PI-SIDIS,matched,coherent,GT018,KINEMATIC_TABLE row 18,10.6716,-3.642,16.755,-3.632,8.11,0.25,0.250165,0.000165,3.3,3.300015,1.5e-05,0.5,0.517054,0.017054,-0.2,-0.204456,-0.004456
25512,PI-SIDIS,matched,coherent,GT018,KINEMATIC_TABLE row 18,10.6716,-3.642,16.755,-3.632,8.11,0.25,0.250165,0.000165,3.3,3.300015,1.5e-05,0.5,0.517054,0.017054,-0.2,-0.204456,-0.004456
25513,PI-SIDIS,matched,coherent,GT018,KINEMATIC_TABLE row 18,10.6716,-3.642,16.755,-3.632,8.11,0.25,0.250165,0.000165,3.3,3.300015,1.5e-05,0.5,0.517054,0.017054,-0.2,-0.204456,-0.004456
25514,PI-SIDIS,matched,coherent,GT018,KINEMATIC_TABLE row 18,10.6716,-3.642,16.755,-3.632,8.11,0.25,0.250165,0.000165,3.3,3.300015,1.5e-05,0.5,0.517054,0.017054,-0.2,-0.204456,-0.004456
25515,PI-SIDIS,matched,coherent,GT018,KINEMATIC_TABLE row 18,10.6716,-3.642,16.755,-3.632,8.11,0.25,0.250165,0.000165,3.3,3.300015,1.5e-05,0.5,0.517054,0.017054,-0.2,-0.204456,-0.004456
25516,PI-SIDIS,matched,coherent,GT018,KINEMATIC_TABLE row 18,10.6716,-3.642,16.755,-3.632,8.11,0.25,0.250165,0.000165,3.3,3.300015,1.5e-05,0.5,0.517054,0.017054,-0.2,-0.204456,-0.004456
25517,PI-SIDIS,matched,coherent,GT018,KINEMATIC_TABLE row 18,10.6716,-3.642,16.755,-3.632,8.11,0.25,0.250165,0.000165,3.3,3.300015,1.5e-05,0.5,0.517054,0.017054,-0.2,-0.204456,-0.004456
25518,PI-SIDIS,matched,coherent,GT018,KINEMATIC_TABLE row 18,10.6716,-3.642,16.755,-3.632,8.11,0.25,0.250165,0.000165,3.3,3.300015,1.5e-05,0.5,0.517054,0.017054,-0.2,-0.204456,-0.004456
25519,PI-SIDIS,matched,coherent,GT018,KINEMATIC_TABLE row 18,10.6716,-3.642,16.755,-3.632,8.11,0.25,0.250165,0.000165,3.3,3.300015,1.5e-05,0.5,0.517054,0.017054,-0.2,-0.204456,-0.004456
25520,PI-SIDIS,matched,coherent,GT018,KINEMATIC_TABLE row 18,10.6716,-3.642,16.755,-3.632,8.11,0.25,0.250165,0.000165,3.3,3.300015,1.5e-05,0.5,0.517054,0.017054,-0.2,-0.204456,-0.004456
25521,OPTICS,unmatched,unmatched,,,10.6716,-6.358,16.755,-6.358,13.505,-999,0.711702,-999,-999,5.760982,-999,-999,1.474298,-999,-999,-8.290748,-999
25522,OPTICS,unmatched,unmatched,,,10.6716,-6.358,16.755,-6.358,13.505,-999,0.711702,-999,-999,5.760982,-999,-999,1.474298,-999,-999,-8.290748,-999
25523,OPTICS,unmatched,unmatched,,,10.6716,-6.358,16.755,-6.358,13.505,-999,0.711702,-999,-999,5.760982,-999,-999,1.474298,-999,-999,-8.290748,-999
25524,OPTICS,unmatched,unmatched,,,10.6716,-6.358,16.755,-6.358,13.505,-999,0.711702,-999,-999,5.760982,-999,-999,1.474298,-999,-999,-8.290748,-999
25525,OPTICS,unmatched,unmatched,,,10.6716,-5.983,16.755,-5.983,13.505,-999,0.616159,-999,-999,5.421195,-999,-999,1.276421,-999,-999,-5.732029,-999
25526,OPTICS,unmatched,unmatched,,,10.6716,-5.983,16.755,-5.983,13.505,-999,0.616159,-999,-999,5.421195,-999,-999,1.276421,-999,-999,-5.732029,-999
25527,OPTICS,unmatched,unmatched,,,10.6716,-5.983,16.755,-5.983,13.505,-999,0.616159,-999,-999,5.421195,-999,-999,1.276421,-999,-999,-5.732029,-999
25528,OPTICS,unmatched,unmatched,,,10.6716,-5.983,16.755,-5.983,13.505,-999,0.616159,-999,-999,5.421195,-999,-999,1.276421,-999,-999,-5.732029,-999
25529,OPTICS,unmatched,unmatched,,,10.6716,-5.27,16.755,-5.27,13.505,-999,0.471092,-999,-999,4.775146,-999,-999,0.975979,-999,-999,-1.608327,-999
25530,OPTICS,unmatched,unmatched,,,10.6716,-5.27,16.755,-5.27,13.505,-999,0.471092,-999,-999,4.775146,-999,-999,0.975979,-999,-999,-1.608327,-999
25532,PI-SIDIS,matched,coherent,GT018,KINEMATIC_TABLE row 18,10.6716,-3.642,16.755,-3.632,8.11,0.25,0.250165,0.000165,3.3,3.300015,1.5e-05,0.5,0.517054,0.017054,-0.2,-0.204456,-0.004456
25533,PI-SIDIS,matched,coherent,GT018,KINEMATIC_TABLE row 18,10.6716,-3.642,16.755,-3.632,8.11,0.25,0.250165,0.000165,3.3,3.300015,1.5e-05,0.5,0.517054,0.017054,-0.2,-0.204456,-0.004456
25534,PI-SIDIS,matched,coherent,GT018,KINEMATIC_TABLE row 18,10.6716,-3.642,16.755,-3.632,8.11,0.25,0.250165,0.000165,3.3,3.300015,1.5e-05,0.5,0.517054,0.017054,-0.2,-0.204456,-0.004456
25536,PI-SIDIS,matched,coherent,GT018,KINEMATIC_TABLE row 18,10.6716,-3.642,16.755,-3.632,8.11,0.25,0.250165,0.000165,3.3,3.300015,1.5e-05,0.5,0.517054,0.017054,-0.2,-0.204456,-0.004456
25538,PI-SIDIS,matched,coherent,GT018,KINEMATIC_TABLE row 18,10.6716,-3.642,16.755,-3.632,8.11,0.25,0.250165,0.000165,3.3,3.300015,1.5e-05,0.5,0.517054,0.017054,-0.2,-0.204456,-0.004456
25539,PI+SIDIS,matched,coherent,GT018,KINEMATIC_TABLE row 18,10.6716,-3.642,16.755,3.632,8.11,0.25,0.250165,0.000165,3.3,3.300015,1.5e-05,0.5,0.517054,0.017054,-0.2,-0.204456,-0.004456
25540,PI+SIDIS,matched,coherent,GT018,KINEMATIC_TABLE row 18,10.6716,-3.642,16.755,3.632,8.11,0.25,0.250165,0.000165,3.3,3.300015,1.5e-05,0.5,0.517054,0.017054,-0.2,-0.204456,-0.004456
25541,PI+SIDIS,matched,coherent,GT018,KINEMATIC_TABLE row 18,10.6716,-3.642,16.755,3.632,8.11,0.25,0.250165,0.000165,3.3,3.300015,1.5e-05,0.5,0.517054,0.017054,-0.2,-0.204456,-0.004456
25542,PI+SIDIS,matched,coherent,GT018,KINEMATIC_TABLE row 18,10.6716,-3.642,16.755,3.632,8.11,0.25,0.250165,0.000165,3.3,3.300015,1.5e-05,0.5,0.517054,0.017054,-0.2,-0.204456,-0.004456
25543,PI+SIDIS,matched,coherent,GT018,KINEMATIC_TABLE row 18,10.6716,-3.642,16.755,3.632,8.11,0.25,0.250165,0.000165,3.3,3.300015,1.5e-05,0.5,0.517054,0.017054,-0.2,-0.204456,-0.004456
25544,PI+SIDIS,matched,coherent,GT018,KINEMATIC_TABLE row 18,10.6716,-3.642,16.755,3.632,8.11,0.25,0.250165,0.000165,3.3,3.300015,1.5e-05,0.5,0.517054,0.017054,-0.2,-0.204456,-0.004456
25545,PI+SIDIS,matched,coherent,GT018,KINEMATIC_TABLE row 18,10.6716,-3.642,16.755,3.632,8.11,0.25,0.250165,0.000165,3.3,3.300015,1.5e-05,0.5,0.517054,0.017054,-0.2,-0.204456,-0.004456
25546,PI+SIDIS,matched,coherent,GT018,KINEMATIC_TABLE row 18,10.6716,-3.642,16.755,3.632,8.11,0.25,0.250165,0.000165,3.3,3.300015,1.5e-05,0.5,0.517054,0.017054,-0.2,-0.204456,-0.004456
25547,PI+SIDIS,matched,coherent,GT018,KINEMATIC_TABLE row 18,10.6716,-3.642,16.755,3.632,8.11,0.25,0.250165,0.000165,3.3,3.300015,1.5e-05,0.5,0.517054,0.017054,-0.2,-0.204456,-0.004456
25548,PI+SIDIS,matched,coherent,GT018,KINEMATIC_TABLE row 18,10.6716,-3.642,16.755,3.632,8.11,0.25,0.250165,0.000165,3.3,3.300015,1.5e-05,0.5,0.517054,0.017054,-0.2,-0.204456,-0.004456
25550,HMSHEE,unmatched,unmatched,,,2.231,-2.257,19.0,-2.36,18.5,-999,-999,-999,-999,-999,-999,-999,-999,-999,-999,-999,-999
25551,HMSHEE,unmatched,unmatched,,,2.231,-2.237,19.0,-2.36,18.5,-999,-999,-999,-999,-999,-999,-999,-999,-999,-999,-999,-999
25552,HMSHEE,unmatched,unmatched,,,2.231,-2.218,19.0,-2.36,18.5,-999,22.102398,-999,-999,0.539187,-999,-999,181.856477,-999,-999,-60.999652,-999
25554,HMSHEE,unmatched,unmatched,,,2.231,-2.198,19.0,-2.36,18.5,-999,8.62847,-999,-999,0.534325,-999,-999,71.640235,-999,-999,-59.450607,-999
25555,HMSHEE,unmatched,unmatched,,,2.231,-2.178,19.0,-2.36,18.5,-999,5.323555,-999,-999,0.529463,-999,-999,44.606154,-999,-999,-57.891285,-999
25556,HMSHEE,unmatched,unmatched,,,2.231,-2.158,19.0,-2.36,18.5,-999,3.829554,-999,-999,0.524601,-999,-999,32.38528,-999,-999,-56.323914,-999
25557,HMSHEE,unmatched,unmatched,,,2.231,-2.138,19.0,-2.36,18.5,-999,2.978134,-999,-999,0.51974,-999,-999,25.420699,-999,-999,-54.750791,-999
25558,HMSHEE,unmatched,unmatched,,,2.231,-1.98,19.0,-2.36,18.5,-999,1.021906,-999,-999,0.48133,-999,-999,9.418821,-999,-999,-42.394605,-999
25560,HMSHEE,unmatched,unmatched,,,2.231,-1.98,19.0,-2.36,18.5,-999,1.021906,-999,-999,0.48133,-999,-999,9.418821,-999,-999,-42.394605,-999
25562,HMSHEE,unmatched,unmatched,,,2.231,-1.822,19.0,-2.36,18.5,-999,0.577091,-999,-999,0.442921,-999,-999,5.780254,-999,-999,-30.908694,-999
25563,HMSHEE,unmatched,unmatched,,,2.231,-1.802,19.0,-2.36,18.5,-999,0.544148,-999,-999,0.438059,-999,-999,5.510778,-999,-999,-29.557657,-999
25564,HMSHEE,unmatched,unmatched,,,2.231,-1.782,19.0,-2.36,18.5,-999,0.514139,-999,-999,0.433197,-999,-999,5.265309,-999,-999,-28.233057,-999
25565,HMSHEE,unmatched,unmatched,,,2.231,-1.762,19.0,-2.36,18.5,-999,0.48669,-999,-999,0.428335,-999,-999,5.040776,-999,-999,-26.9355,-999
25566,HMSHEE,unmatched,unmatched,,,2.231,-1.742,19.0,-2.36,18.5,-999,0.461486,-999,-999,0.423473,-999,-999,4.834609,-999,-999,-25.665455,-999
25567,HMSHEE,unmatched,unmatched,,,2.231,-1.723,19.0,-2.36,18.5,-999,0.439381,-999,-999,0.418855,-999,-999,4.653787,-999,-999,-24.484709,-999
25573,SHMSHEE,unmatched,unmatched,,,2.231,-1.723,19.0,-2.36,18.5,-999,0.439381,-999,-999,0.418855,-999,-999,4.653787,-999,-999,-24.484709,-999
25574,SHMSHEE,unmatched,unmatched,,,2.231,-1.723,19.0,-2.32,18.5,-999,0.439381,-999,-999,0.418855,-999,-999,4.575187,-999,-999,-24.484709,-999
25575,SHMSHEE,unmatched,unmatched,,,2.231,-1.723,19.0,-2.28,18.5,-999,0.439381,-999,-999,0.418855,-999,-999,4.496591,-999,-999,-24.484709,-999
25576,SHMSHEE,unmatched,unmatched,,,2.231,-1.723,19.0,-2.24,18.5,-999,0.439381,-999,-999,0.418855,-999,-999,4.418001,-999,-999,-24.484709,-999
25577,SHMSHEE,unmatched,unmatched,,,2.231,-1.723,19.0,-2.2,18.5,-999,0.439381,-999,-999,0.418855,-999,-999,4.339416,-999,-999,-24.484709,-999
25578,SHMSHEE,unmatched,unmatched,,,2.231,-1.723,19.0,-2.0,18.5,-999,0.439381,-999,-999,0.418855,-999,-999,3.946583,-999,-999,-24.484709,-999
25579,SHMSHEE,unmatched,unmatched,,,2.231,-1.723,19.0,-2.0,18.5,-999,0.439381,-999,-999,0.418855,-999,-999,3.946583,-999,-999,-24.484709,-999
25580,SHMSHEE,unmatched,unmatched,,,2.231,-1.723,19.0,-1.64,18.5,-999,0.439381,-999,-999,0.418855,-999,-999,3.240017,-999,-999,-24.484709,-999
25581,SHMSHEE,unmatched,unmatched,,,2.231,-1.723,19.0,-1.6,18.5,-999,0.439381,-999,-999,0.418855,-999,-999,3.161567,-999,-999,-24.484709,-999
25582,SHMSHEE,unmatched,unmatched,,,2.231,-1.723,19.0,-1.56,18.5,-999,0.439381,-999,-999,0.418855,-999,-999,3.083133,-999,-999,-24.484709,-999
25583,SHMSHEE,unmatched,unmatched,,,2.231,-1.723,19.0,-1.52,18.5,-999,0.439381,-999,-999,0.418855,-999,-999,3.004714,-999,-999,-24.484709,-999
25584,SHMSHEE,unmatched,unmatched,,,2.231,-1.723,19.0,-1.48,18.5,-999,0.439381,-999,-999,0.418855,-999,-999,2.926312,-999,-999,-24.484709,-999
25585,SHMSHEE,unmatched,unmatched,,,2.231,-1.723,19.0,-1.44,18.5,-999,0.439381,-999,-999,0.418855,-999,-999,2.84793,-999,-999,-24.484709,-999
25586,SHMSHEE,unmatched,unmatched,,,2.231,-1.723,19.0,-1.4,18.5,-999,0.439381,-999,-999,0.418855,-999,-999,2.769567,-999,-999,-24.484709,-999
25587,SHMSHEE,unmatched,unmatched,,,2.231,-1.723,19.0,-1.36,18.5,-999,0.439381,-999,-999,0.418855,-999,-999,2.691227,-999,-999,-24.484709,-999
25588,SHMSHEE,unmatched,unmatched,,,2.231,-1.723,19.0,-1.32,18.5,-999,0.439381,-999,-999,0.418855,-999,-999,2.61291,-999,-999,-24.484709,-999
25589,SHMSHEE,unmatched,unmatched,,,2.231,-1.723,19.0,-1.28,18.5,-999,0.439381,-999,-999,0.418855,-999,-999,2.53462,-999,-999,-24.484709,-999
25590,SHMSHEE,unmatched,unmatched,,,2.231,-1.723,19.0,-2.34,18.5,-999,0.439381,-999,-999,0.418855,-999,-999,4.614486,-999,-999,-24.484709,-999
25591,SHMSHEE,unmatched,unmatched,,,2.231,-1.723,19.0,-2.3,18.5,-999,0.439381,-999,-999,0.418855,-999,-999,4.535888,-999,-999,-24.484709,-999
25592,SHMSHEE,unmatched,unmatched,,,2.231,-1.723,19.0,-2.26,18.5,-999,0.439381,-999,-999,0.418855,-999,-999,4.457295,-999,-999,-24.484709,-999
25593,SHMSHEE,unmatched,unmatched,,,2.231,-1.723,19.0,-2.22,18.5,-999,0.439381,-999,-999,0.418855,-999,-999,4.378707,-999,-999,-24.484709,-999
25594,SHMSHEE,unmatched,unmatched,,,2.231,-1.723,19.0,-2.18,18.5,-999,0.439381,-999,-999,0.418855,-999,-999,4.300125,-999,-999,-24.484709,-999
25595,SHMSHEE,unmatched,unmatched,,,2.231,-1.723,19.0,-2.14,18.5,-999,0.439381,-999,-999,0.418855,-999,-999,4.221549,-999,-999,-24.484709,-999
25596,SHMSHEE,unmatched,unmatched,,,2.231,-1.723,19.0,-2.1,18.5,-999,0.439381,-999,-999,0.418855,-999,-999,4.142979,-999,-999,-24.484709,-999
25597,SHMSHEE,unmatched,unmatched,,,2.231,-1.723,19.0,-2.06,18.5,-999,0.439381,-999,-999,0.418855,-999,-999,4.064415,-999,-999,-24.484709,-999
25598,SHMSHEE,unmatched,unmatched,,,2.231,-1.723,19.0,-2.02,18.5,-999,0.439381,-999,-999,0.418855,-999,-999,3.985859,-999,-999,-24.484709,-999
25599,SHMSHEE,unmatched,unmatched,,,2.231,-1.723,19.0,-1.98,18.5,-999,0.439381,-999,-999,0.418855,-999,-999,3.90731,-999,-999,-24.484709,-999
25600,SHMSHEE,unmatched,unmatched,,,2.231,-1.723,19.0,-1.94,18.5,-999,0.439381,-999,-999,0.418855,-999,-999,3.828769,-999,-999,-24.484709,-999
25601,SHMSHEE,unmatched,unmatched,,,2.231,-1.723,19.0,-1.9,18.5,-999,0.439381,-999,-999,0.418855,-999,-999,3.750236,-999,-999,-24.484709,-999
25602,SHMSHEE,unmatched,unmatched,,,2.231,-1.723,19.0,-1.86,18.5,-999,0.439381,-999,-999,0.418855,-999,-999,3.671712,-999,-999,-24.484709,-999
25603,SHMSHEE,unmatched,unmatched,,,2.231,-1.723,19.0,-1.82,18.5,-999,0.439381,-999,-999,0.418855,-999,-999,3.593197,-999,-999,-24.484709,-999
27106,SHMSHEEP,unmatched,unmatched,,,6.4724,1.67,47.91,-5.52,13.005,-999,0.790893,-999,-999,7.127457,-999,-999,1.149793,-999,-999,-0.030123,-999
27107,SHMSHEEP,unmatched,unmatched,,,6.4724,1.67,47.91,-5.52,13.005,-999,0.790893,-999,-999,7.127457,-999,-999,1.149793,-999,-999,-0.030123,-999
27108,SHMSHEE,unmatched,unmatched,,,6.4724,1.67,47.91,-5.52,13.005,-999,0.790893,-999,-999,7.127457,-999,-999,1.149793,-999,-999,-0.030123,-999
27109,SHMSHEE,unmatched,unmatched,,,6.4724,1.67,47.91,-5.52,13.005,-999,0.790893,-999,-999,7.127457,-999,-999,1.149793,-999,-999,-0.030123,-999
27113,HMSDIS,matched,coherent,RP010,2:4|2:9,6.4724,-1.165,31.28,-2.766,8.275,0.22,0.220103,0.000103,2.2,2.192128,-0.007872,0.5,0.521822,0.021822,2.0,1.972373,-0.027627
27114,HMSDIS,matched,coherent,RP010,2:4|2:9,6.4724,-1.165,31.28,-2.766,8.275,0.22,0.220103,0.000103,2.2,2.192128,-0.007872,0.5,0.521822,0.021822,2.0,1.972373,-0.027627
27115,HMSDIS,matched,coherent,RP010,2:4|2:9,6.4724,-1.165,31.28,-2.766,8.275,0.22,0.220103,0.000103,2.2,2.192128,-0.007872,0.5,0.521822,0.021822,2.0,1.972373,-0.027627
27116,SHMSDIS,matched,coherent,RP010,2:4|2:9,6.4724,-1.165,31.28,-2.766,8.275,0.22,0.220103,0.000103,2.2,2.192128,-0.007872,0.5,0.521822,0.021822,2.0,1.972373,-0.027627
27118,HMSDIS,matched,coherent,RP010,2:4|2:9,6.4724,-1.165,31.28,-2.766,8.275,0.22,0.220103,0.000103,2.2,2.192128,-0.007872,0.5,0.521822,0.021822,2.0,1.972373,-0.027627
27119,HMSDIS,matched,coherent,RP010,2:4|2:9,6.4724,-1.165,31.28,-2.766,8.275,0.22,0.220103,0.000103,2.2,2.192128,-0.007872,0.5,0.521822,0.021822,2.0,1.972373,-0.027627
27120,SHMSDIS,matched,coherent,RP010,2:4|2:9,6.4724,-1.165,31.28,-2.766,8.275,0.22,0.220103,0.000103,2.2,2.192128,-0.007872,0.5,0.521822,0.021822,2.0,1.972373,-0.027627
27121,SHMSDIS,matched,coherent,RP010,2:4|2:9,6.4724,-1.165,31.28,-2.766,8.275,0.22,0.220103,0.000103,2.2,2.192128,-0.007872,0.5,0.521822,0.021822,2.0,1.972373,-0.027627
27122,PI-SIDIS,matched,coherent,RP010,2:4|2:9,6.4724,-1.165,31.28,-2.766,8.275,0.22,0.220103,0.000103,2.2,2.192128,-0.007872,0.5,0.521822,0.021822,2.0,1.972373,-0.027627
27123,PI-SIDIS,matched,coherent,RP010,2:4|2:9,6.4724,-1.165,31.28,-2.766,8.275,0.22,0.220103,0.000103,2.2,2.192128,-0.007872,0.5,0.521822,0.021822,2.0,1.972373,-0.027627
27124,PI-SIDIS,matched,coherent,RP010,2:4|2:9,6.4724,-1.165,31.28,-2.766,8.275,0.22,0.220103,0.000103,2.2,2.192128,-0.007872,0.5,0.521822,0.021822,2.0,1.972373,-0.027627
27125,PI-SIDIS,matched,coherent,RP010,2:4|2:9,6.4724,-1.165,31.28,-2.766,8.275,0.22,0.220103,0.000103,2.2,2.192128,-0.007872,0.5,0.521822,0.021822,2.0,1.972373,-0.027627
27126,PI-SIDIS,matched,coherent,RP010,2:4|2:9,6.4724,-1.165,31.28,-2.766,8.275,0.22,0.220103,0.000103,2.2,2.192128,-0.007872,0.5,0.521822,0.021822,2.0,1.972373,-0.027627
27127,PI-SIDIS,matched,coherent,RP010,2:4|2:9,6.4724,-1.165,31.28,-2.766,8.275,0.22,0.220103,0.000103,2.2,2.192128,-0.007872,0.5,0.521822,0.021822,2.0,1.972373,-0.027627
27128,PI-SIDIS,matched,coherent,RP010,2:4|2:9,6.4724,-1.165,31.28,-2.766,8.275,0.22,0.220103,0.000103,2.2,2.192128,-0.007872,0.5,0.521822,0.021822,2.0,1.972373,-0.027627
27129,PI-SIDIS,matched,coherent,RP010,2:4|2:9,6.4724,-1.165,31.28,-2.766,8.275,0.22,0.220103,0.000103,2.2,2.192128,-0.007872,0.5,0.521822,0.021822,2.0,1.972373,-0.027627
27130,PI-SIDIS,matched,coherent,RP010,2:4|2:9,6.4724,-1.165,31.28,-2.766,8.275,0.22,0.220103,0.000103,2.2,2.192128,-0.007872,0.5,0.521822,0.021822,2.0,1.972373,-0.027627
27131,PI-SIDIS,matched,coherent,RP010,2:4|2:9,6.4724,-1.165,31.28,-2.766,8.275,0.22,0.220103,0.000103,2.2,2.192128,-0.007872,0.5,0.521822,0.021822,2.0,1.972373,-0.027627
27132,PI-SIDIS,matched,coherent,RP010,2:4|2:9,6.4724,-1.165,31.28,-2.766,8.275,0.22,0.220103,0.000103,2.2,2.192128,-0.007872,0.5,0.521822,0.021822,2.0,1.972373,-0.027627
27133,PI-SIDIS,matched,coherent,RP010,2:4|2:9,6.4724,-1.165,31.28,-2.766,8.275,0.22,0.220103,0.000103,2.2,2.192128,-0.007872,0.5,0.521822,0.021822,2.0,1.972373,-0.027627
27134,HMSDIS,matched,coherent,RP010,2:4|2:9,6.4724,-1.165,31.28,-2.766,8.275,0.22,0.220103,0.000103,2.2,2.192128,-0.007872,0.5,0.521822,0.021822,2.0,1.972373,-0.027627
27135,PI-SIDIS,matched,coherent,RP010,2:4|2:9,6.4724,-1.165,31.28,-2.766,8.275,0.22,0.220103,0.000103,2.2,2.192128,-0.007872,0.5,0.521822,0.021822,2.0,1.972373,-0.027627
27136,PI-SIDIS,matched,coherent,RP010,2:4|2:9,6.4724,-1.165,31.28,-2.766,8.275,0.22,0.220103,0.000103,2.2,2.192128,-0.007872,0.5,0.521822,0.021822,2.0,1.972373,-0.027627
27137,PI-SIDIS,matched,coherent,RP010,2:4|2:9,6.4724,-1.165,31.28,-2.766,8.275,0.22,0.220103,0.000103,2.2,2.192128,-0.007872,0.5,0.521822,0.021822,2.0,1.972373,-0.027627
27138,HMSDIS,matched,coherent,RP010,2:4|2:9,6.4724,-1.165,31.28,-2.766,8.275,0.22,0.220103,0.000103,2.2,2.192128,-0.007872,0.5,0.521822,0.021822,2.0,1.972373,-0.027627
27139,PI-SIDIS,matched,coherent,RP010,2:4|2:9,6.4724,-1.165,31.28,-2.766,8.275,0.22,0.220103,0.000103,2.2,2.192128,-0.007872,0.5,0.521822,0.021822,2.0,1.972373,-0.027627
27140,PI-SIDIS,matched,coherent,RP010,2:4|2:9,6.4724,-1.165,31.28,-2.766,8.275,0.22,0.220103,0.000103,2.2,2.192128,-0.007872,0.5,0.521822,0.021822,2.0,1.972373,-0.027627
27141,PI-SIDIS,matched,coherent,RP010,2:4|2:9,6.4724,-1.165,31.28,-2.766,8.275,0.22,0.220103,0.000103,2.2,2.192128,-0.007872,0.5,0.521822,0.021822,2.0,1.972373,-0.027627
27142,PI-SIDIS,matched,coherent,RP010,2:4|2:9,6.4724,-1.165,31.28,-2.766,8.275,0.22,0.220103,0.000103,2.2,2.192128,-0.007872,0.5,0.521822,0.021822,2.0,1.972373,-0.027627
27143,PI-SIDIS,matched,coherent,RP010,2:4|2:9,6.4724,-1.165,31.28,-2.766,8.275,0.22,0.220103,0.000103,2.2,2.192128,-0.007872,0.5,0.521822,0.021822,2.0,1.972373,-0.027627
27144,PI-SIDIS,matched,coherent,RP010,2:4|2:9,6.4724,-1.165,31.28,-2.766,8.275,0.22,0.220103,0.000103,2.2,2.192128,-0.007872,0.5,0.521822,0.021822,2.0,1.972373,-0.027627
27145,PI-SIDIS,matched,coherent,RP010,2:4|2:9,6.4724,-1.165,31.28,-2.766,8.275,0.22,0.220103,0.000103,2.2,2.192128,-0.007872,0.5,0.521822,0.021822,2.0,1.972373,-0.027627
27146,PI-SIDIS,matched,coherent,RP010,2:4|2:9,6.4724,-1.165,31.28,-2.766,8.275,0.22,0.220103,0.000103,2.2,2.192128,-0.007872,0.5,0.521822,0.021822,2.0,1.972373,-0.027627
27147,PI-SIDIS,matched,coherent,RP010,2:4|2:9,6.4724,-1.165,31.28,-2.766,8.275,0.22,0.220103,0.000103,2.2,2.192128,-0.007872,0.5,0.521822,0.021822,2.0,1.972373,-0.027627
27148,PI-SIDIS,matched,coherent,RP010,2:4|2:9,6.4724,-1.165,31.28,-2.766,8.275,0.22,0.220103,0.000103,2.2,2.192128,-0.007872,0.5,0.521822,0.021822,2.0,1.972373,-0.027627
27149,PI-SIDIS,matched,coherent,RP010,2:4|2:9,6.4724,-1.165,31.28,-2.766,8.275,0.22,0.220103,0.000103,2.2,2.192128,-0.007872,0.5,0.521822,0.021822,2.0,1.972373,-0.027627
27150,PI-SIDIS,matched,coherent,RP010,2:4|2:9,6.4724,-1.165,31.28,-2.766,8.275,0.22,0.220103,0.000103,2.2,2.192128,-0.007872,0.5,0.521822,0.021822,2.0,1.972373,-0.027627
27151,PI-SIDIS,matched,coherent,RP010,2:4|2:9,6.4724,-1.165,31.28,-2.766,8.275,0.22,0.220103,0.000103,2.2,2.192128,-0.007872,0.5,0.521822,0.021822,2.0,1.972373,-0.027627
27152,PI-SIDIS,matched,coherent,RP010,2:4|2:9,6.4724,-1.165,31.28,-2.766,8.275,0.22,0.220103,0.000103,2.2,2.192128,-0.007872,0.5,0.521822,0.021822,2.0,1.972373,-0.027627
27153,PI-SIDIS,matched,coherent,RP010,2:4|2:9,6.4724,-1.165,31.28,-2.766,8.275,0.22,0.220103,0.000103,2.2,2.192128,-0.007872,0.5,0.521822,0.021822,2.0,1.972373,-0.027627
27154,PI-SIDIS,matched,coherent,RP010,2:4|2:9,6.4724,-1.165,31.28,-2.766,8.275,0.22,0.220103,0.000103,2.2,2.192128,-0.007872,0.5,0.521822,0.021822,2.0,1.972373,-0.027627
27155,PI-SIDIS,matched,coherent,RP010,2:4|2:9,6.4724,-1.165,31.28,-2.766,8.275,0.22,0.220103,0.000103,2.2,2.192128,-0.007872,0.5,0.521822,0.021822,2.0,1.972373,-0.027627
27156,PI+SIDIS,matched,coherent,RP011,2:7,6.4724,-1.165,31.28,4.978,8.275,0.22,0.220103,0.000103,2.2,2.192128,-0.007872,0.9,0.938304,0.038304,2.0,1.972373,-0.027627
27157,PI+SIDIS,matched,coherent,RP011,2:7,6.4724,-1.165,31.28,4.978,8.275,0.22,0.220103,0.000103,2.2,2.192128,-0.007872,0.9,0.938304,0.038304,2.0,1.972373,-0.027627
27158,PI+SIDIS,matched,coherent,RP011,2:7,6.4724,-1.165,31.28,4.978,8.275,0.22,0.220103,0.000103,2.2,2.192128,-0.007872,0.9,0.938304,0.038304,2.0,1.972373,-0.027627
27159,HMSDIS,matched,coherent,RP011,2:7,6.4724,-1.165,31.28,4.978,8.275,0.22,0.220103,0.000103,2.2,2.192128,-0.007872,0.9,0.938304,0.038304,2.0,1.972373,-0.027627
27160,PI+SIDIS,matched,coherent,RP011,2:7,6.4724,-1.165,31.28,4.978,8.275,0.22,0.220103,0.000103,2.2,2.192128,-0.007872,0.9,0.938304,0.038304,2.0,1.972373,-0.027627
27161,HMSDIS,matched,coherent,RP011,2:7,6.4724,-1.165,31.28,4.978,8.275,0.22,0.220103,0.000103,2.2,2.192128,-0.007872,0.9,0.938304,0.038304,2.0,1.972373,-0.027627
27162,PI+SIDIS,matched,coherent,RP010,2:4|2:9,6.4724,-1.165,31.28,2.766,8.275,0.22,0.220103,0.000103,2.2,2.192128,-0.007872,0.5,0.521822,0.021822,2.0,1.972373,-0.027627
27163,PI+SIDIS,matched,coherent,RP010,2:4|2:9,6.4724,-1.165,31.28,2.766,8.275,0.22,0.220103,0.000103,2.2,2.192128,-0.007872,0.5,0.521822,0.021822,2.0,1.972373,-0.027627
27164,PI+SIDIS,matched,coherent,RP010,2:4|2:9,6.4724,-1.165,31.28,2.766,8.275,0.22,0.220103,0.000103,2.2,2.192128,-0.007872,0.5,0.521822,0.021822,2.0,1.972373,-0.027627
27165,PI+SIDIS,matched,coherent,RP010,2:4|2:9,6.4724,-1.165,31.28,2.766,8.275,0.22,0.220103,0.000103,2.2,2.192128,-0.007872,0.5,0.521822,0.021822,2.0,1.972373,-0.027627
27166,PI+SIDIS,matched,coherent,RP010,2:4|2:9,6.4724,-1.165,31.28,2.766,8.275,0.22,0.220103,0.000103,2.2,2.192128,-0.007872,0.5,0.521822,0.021822,2.0,1.972373,-0.027627
27167,PI+SIDIS,matched,coherent,RP010,2:4|2:9,6.4724,-1.165,31.28,2.766,8.275,0.22,0.220103,0.000103,2.2,2.192128,-0.007872,0.5,0.521822,0.021822,2.0,1.972373,-0.027627
27168,PI+SIDIS,matched,coherent,RP010,2:4|2:9,6.4724,-1.165,31.28,2.766,8.275,0.22,0.220103,0.000103,2.2,2.192128,-0.007872,0.5,0.521822,0.021822,2.0,1.972373,-0.027627
27169,PI+SIDIS,matched,coherent,RP010,2:4|2:9,6.4724,-1.165,31.28,2.766,8.275,0.22,0.220103,0.000103,2.2,2.192128,-0.007872,0.5,0.521822,0.021822,2.0,1.972373,-0.027627
27170,PI+SIDIS,matched,coherent,RP010,2:4|2:9,6.4724,-1.165,31.28,2.766,8.275,0.22,0.220103,0.000103,2.2,2.192128,-0.007872,0.5,0.521822,0.021822,2.0,1.972373,-0.027627
27171,PI+SIDIS,matched,coherent,RP010,2:4|2:9,6.4724,-1.165,31.28,2.766,8.275,0.22,0.220103,0.000103,2.2,2.192128,-0.007872,0.5,0.521822,0.021822,2.0,1.972373,-0.027627
27172,PI+SIDIS,matched,coherent,RP010,2:4|2:9,6.4724,-1.165,31.28,2.766,8.275,0.22,0.220103,0.000103,2.2,2.192128,-0.007872,0.5,0.521822,0.021822,2.0,1.972373,-0.027627
27173,PI+SIDIS,matched,coherent,RP010,2:4|2:9,6.4724,-1.165,31.28,2.766,8.275,0.22,0.220103,0.000103,2.2,2.192128,-0.007872,0.5,0.521822,0.021822,2.0,1.972373,-0.027627
27174,HMSDIS,matched,coherent,RP010,2:4|2:9,6.4724,-1.165,31.28,2.766,8.275,0.22,0.220103,0.000103,2.2,2.192128,-0.007872,0.5,0.521822,0.021822,2.0,1.972373,-0.027627
27175,HMSDIS,matched,coherent,RP010,2:4|2:9,6.4724,-1.165,31.28,2.766,8.275,0.22,0.220103,0.000103,2.2,2.192128,-0.007872,0.5,0.521822,0.021822,2.0,1.972373,-0.027627
27176,PI+SIDIS,matched,coherent,RP010,2:4|2:9,6.4724,-1.165,31.28,2.766,8.275,0.22,0.220103,0.000103,2.2,2.192128,-0.007872,0.5,0.521822,0.021822,2.0,1.972373,-0.027627
27177,PI+SIDIS,matched,coherent,RP010,2:4|2:9,6.4724,-1.165,31.28,2.766,8.275,0.22,0.220103,0.000103,2.2,2.192128,-0.007872,0.5,0.521822,0.021822,2.0,1.972373,-0.027627
27178,PI+SIDIS,matched,coherent,RP010,2:4|2:9,6.4724,-1.165,31.28,2.766,8.275,0.22,0.220103,0.000103,2.2,2.192128,-0.007872,0.5,0.521822,0.021822,2.0,1.972373,-0.027627
27179,HMSDIS,matched,coherent,RP010,2:4|2:9,6.4724,-1.165,31.28,2.766,8.275,0.22,0.220103,0.000103,2.2,2.192128,-0.007872,0.5,0.521822,0.021822,2.0,1.972373,-0.027627
27180,PI+SIDIS,matched,coherent,RP010,2:4|2:9,6.4724,-1.165,31.28,2.766,8.275,0.22,0.220103,0.000103,2.2,2.192128,-0.007872,0.5,0.521822,0.021822,2.0,1.972373,-0.027627
27181,PI+SIDIS,matched,coherent,RP010,2:4|2:9,6.4724,-1.165,31.28,2.766,8.275,0.22,0.220103,0.000103,2.2,2.192128,-0.007872,0.5,0.521822,0.021822,2.0,1.972373,-0.027627
27182,PI+SIDIS,matched,coherent,RP010,2:4|2:9,6.4724,-1.165,31.28,2.766,8.275,0.22,0.220103,0.000103,2.2,2.192128,-0.007872,0.5,0.521822,0.021822,2.0,1.972373,-0.027627
27183,PI+SIDIS,matched,coherent,RP010,2:4|2:9,6.4724,-1.165,31.28,2.766,8.275,0.22,0.220103,0.000103,2.2,2.192128,-0.007872,0.5,0.521822,0.021822,2.0,1.972373,-0.027627
27184,PI+SIDIS,matched,coherent,RP010,2:4|2:9,6.4724,-1.165,31.28,2.766,8.275,0.22,0.220103,0.000103,2.2,2.192128,-0.007872,0.5,0.521822,0.021822,2.0,1.972373,-0.027627
27185,PI+SIDIS,matched,coherent,RP010,2:4|2:9,6.4724,-1.165,31.28,2.766,8.275,0.22,0.220103,0.000103,2.2,2.192128,-0.007872,0.5,0.521822,0.021822,2.0,1.972373,-0.027627
27186,PI+SIDIS,matched,coherent,RP010,2:4|2:9,6.4724,-1.165,31.28,2.766,8.275,0.22,0.220103,0.000103,2.2,2.192128,-0.007872,0.5,0.521822,0.021822,2.0,1.972373,-0.027627
27187,PI+SIDIS,matched,coherent,RP010,2:4|2:9,6.4724,-1.165,31.28,2.766,8.275,0.22,0.220103,0.000103,2.2,2.192128,-0.007872,0.5,0.521822,0.021822,2.0,1.972373,-0.027627
27188,PI+SIDIS,matched,coherent,RP010,2:4|2:9,6.4724,-1.165,31.28,2.766,8.275,0.22,0.220103,0.000103,2.2,2.192128,-0.007872,0.5,0.521822,0.021822,2.0,1.972373,-0.027627
27189,PI+SIDIS,matched,coherent,RP012,2:11,6.4724,-1.165,44.83,5.154,10.24,0.44,0.440324,0.000324,4.4,4.38544,-0.01456,0.9,0.971453,0.071453,2.0,1.96342,-0.03658
27190,PI+SIDIS,matched,coherent,RP012,2:11,6.4724,-1.165,44.83,5.154,10.24,0.44,0.440324,0.000324,4.4,4.38544,-0.01456,0.9,0.971453,0.071453,2.0,1.96342,-0.03658
27191,PI+SIDIS,matched,coherent,RP012,2:11,6.4724,-1.165,44.83,5.154,10.24,0.44,0.440324,0.000324,4.4,4.38544,-0.01456,0.9,0.971453,0.071453,2.0,1.96342,-0.03658
27192,HMSDIS,matched,coherent,RP012,2:11,6.4724,-1.165,44.83,5.154,10.24,0.44,0.440324,0.000324,4.4,4.38544,-0.01456,0.9,0.971453,0.071453,2.0,1.96342,-0.03658
27194,HMSDIS,matched,coherent,RP012,2:11,6.4724,-1.165,44.83,5.154,10.24,0.44,0.440324,0.000324,4.4,4.38544,-0.01456,0.9,0.971453,0.071453,2.0,1.96342,-0.03658
27195,PI+SIDIS,matched,coherent,RP012,2:11,6.4724,-1.165,44.83,5.154,10.24,0.44,0.440324,0.000324,4.4,4.38544,-0.01456,0.9,0.971453,0.071453,2.0,1.96342,-0.03658
27196,PI+SIDIS,matched,coherent,RP012,2:11,6.4724,-1.165,44.83,5.154,10.24,0.44,0.440324,0.000324,4.4,4.38544,-0.01456,0.9,0.971453,0.071453,2.0,1.96342,-0.03658
27197,HMSDIS,matched,coherent,RP012,2:11,6.4724,-1.165,44.83,5.154,10.24,0.44,0.440324,0.000324,4.4,4.38544,-0.01456,0.9,0.971453,0.071453,2.0,1.96342,-0.03658
27198,PI+SIDIS,matched,coherent,RP012,2:11,6.4724,-1.165,44.83,5.154,10.24,0.44,0.440324,0.000324,4.4,4.38544,-0.01456,0.9,0.971453,0.071453,2.0,1.96342,-0.03658
27199,PI+SIDIS,matched,coherent,RP012,2:11,6.4724,-1.165,44.83,5.154,10.24,0.44,0.440324,0.000324,4.4,4.38544,-0.01456,0.9,0.971453,0.071453,2.0,1.96342,-0.03658
27200,PI+SIDIS,matched,coherent,RP012,2:11,6.4724,-1.165,44.83,5.154,10.24,0.44,0.440324,0.000324,4.4,4.38544,-0.01456,0.9,0.971453,0.071453,2.0,1.96342,-0.03658
27201,PI+SIDIS,matched,coherent,RP013,2:13|2:24,6.4724,-1.165,44.83,3.837,10.24,0.44,0.440324,0.000324,4.4,4.38544,-0.01456,0.67,0.723431,0.053431,2.0,1.96342,-0.03658
27202,PI+SIDIS,matched,coherent,RP013,2:13|2:24,6.4724,-1.165,44.83,3.837,10.24,0.44,0.440324,0.000324,4.4,4.38544,-0.01456,0.67,0.723431,0.053431,2.0,1.96342,-0.03658
27203,PI+SIDIS,matched,coherent,RP013,2:13|2:24,6.4724,-1.165,44.83,3.837,10.24,0.44,0.440324,0.000324,4.4,4.38544,-0.01456,0.67,0.723431,0.053431,2.0,1.96342,-0.03658
27204,PI+SIDIS,matched,coherent,RP013,2:13|2:24,6.4724,-1.165,44.83,3.837,10.24,0.44,0.440324,0.000324,4.4,4.38544,-0.01456,0.67,0.723431,0.053431,2.0,1.96342,-0.03658
27206,PI+SIDIS,matched,coherent,RP013,2:13|2:24,6.4724,-1.165,44.83,3.837,10.24,0.44,0.440324,0.000324,4.4,4.38544,-0.01456,0.67,0.723431,0.053431,2.0,1.96342,-0.03658
27208,PI+SIDIS,matched,coherent,RP013,2:13|2:24,6.4724,-1.165,44.83,3.837,10.24,0.44,0.440324,0.000324,4.4,4.38544,-0.01456,0.67,0.723431,0.053431,2.0,1.96342,-0.03658
27209,PI+SIDIS,matched,coherent,RP013,2:13|2:24,6.4724,-1.165,44.83,3.837,10.24,0.44,0.440324,0.000324,4.4,4.38544,-0.01456,0.67,0.723431,0.053431,2.0,1.96342,-0.03658
27210,PI+SIDIS,matched,coherent,RP013,2:13|2:24,6.4724,-1.165,44.83,3.837,10.24,0.44,0.440324,0.000324,4.4,4.38544,-0.01456,0.67,0.723431,0.053431,2.0,1.96342,-0.03658
27211,PI+SIDIS,matched,coherent,RP013,2:13|2:24,6.4724,-1.165,44.83,3.837,10.24,0.44,0.440324,0.000324,4.4,4.38544,-0.01456,0.67,0.723431,0.053431,2.0,1.96342,-0.03658
27212,PI+SIDIS,matched,coherent,RP013,2:13|2:24,6.4724,-1.165,44.83,3.837,10.24,0.44,0.440324,0.000324,4.4,4.38544,-0.01456,0.67,0.723431,0.053431,2.0,1.96342,-0.03658
27213,PI+SIDIS,matched,coherent,RP013,2:13|2:24,6.4724,-1.165,44.83,3.837,10.24,0.44,0.440324,0.000324,4.4,4.38544,-0.01456,0.67,0.723431,0.053431,2.0,1.96342,-0.03658
27214,HMSDIS,matched,coherent,RP013,2:13|2:24,6.4724,-1.165,44.83,3.837,10.24,0.44,0.440324,0.000324,4.4,4.38544,-0.01456,0.67,0.723431,0.053431,2.0,1.96342,-0.03658
27215,HMSDIS,matched,coherent,RP013,2:13|2:24,6.4724,-1.165,44.83,3.837,10.24,0.44,0.440324,0.000324,4.4,4.38544,-0.01456,0.67,0.723431,0.053431,2.0,1.96342,-0.03658
27216,PI+SIDIS,matched,coherent,RP013,2:13|2:24,6.4724,-1.165,44.83,3.837,10.24,0.44,0.440324,0.000324,4.4,4.38544,-0.01456,0.67,0.723431,0.053431,2.0,1.96342,-0.03658
27217,PI+SIDIS,matched,coherent,RP013,2:13|2:24,6.4724,-1.165,44.83,3.837,10.24,0.44,0.440324,0.000324,4.4,4.38544,-0.01456,0.67,0.723431,0.053431,2.0,1.96342,-0.03658
27218,PI+SIDIS,matched,coherent,RP013,2:13|2:24,6.4724,-1.165,44.83,3.837,10.24,0.44,0.440324,0.000324,4.4,4.38544,-0.01456,0.67,0.723431,0.053431,2.0,1.96342,-0.03658
27219,PI+SIDIS,matched,coherent,RP013,2:13|2:24,6.4724,-1.165,44.83,3.837,10.24,0.44,0.440324,0.000324,4.4,4.38544,-0.01456,0.67,0.723431,0.053431,2.0,1.96342,-0.03658
27220,HMSDIS,matched,coherent,RP013,2:13|2:24,6.4724,-1.165,44.83,3.837,10.24,0.44,0.440324,0.000324,4.4,4.38544,-0.01456,0.67,0.723431,0.053431,2.0,1.96342,-0.03658
27221,PI+SIDIS,matched,coherent,RP013,2:13|2:24,6.4724,-1.165,44.83,3.837,10.24,0.44,0.440324,0.000324,4.4,4.38544,-0.01456,0.67,0.723431,0.053431,2.0,1.96342,-0.03658
27222,PI+SIDIS,matched,coherent,RP013,2:13|2:24,6.4724,-1.165,44.83,3.837,10.24,0.44,0.440324,0.000324,4.4,4.38544,-0.01456,0.67,0.723431,0.053431,2.0,1.96342,-0.03658
27223,PI+SIDIS,matched,coherent,RP013,2:13|2:24,6.4724,-1.165,44.83,3.837,10.24,0.44,0.440324,0.000324,4.4,4.38544,-0.01456,0.67,0.723431,0.053431,2.0,1.96342,-0.03658
27224,PI+SIDIS,matched,coherent,RP013,2:13|2:24,6.4724,-1.165,44.83,3.837,10.24,0.44,0.440324,0.000324,4.4,4.38544,-0.01456,0.67,0.723431,0.053431,2.0,1.96342,-0.03658
27225,PI+SIDIS,matched,coherent,RP013,2:13|2:24,6.4724,-1.165,44.83,3.837,10.24,0.44,0.440324,0.000324,4.4,4.38544,-0.01456,0.67,0.723431,0.053431,2.0,1.96342,-0.03658
27226,PI+SIDIS,matched,coherent,RP013,2:13|2:24,6.4724,-1.165,44.83,3.837,10.24,0.44,0.440324,0.000324,4.4,4.38544,-0.01456,0.67,0.723431,0.053431,2.0,1.96342,-0.03658
27227,PI+SIDIS,matched,coherent,RP013,2:13|2:24,6.4724,-1.165,44.83,3.837,10.24,0.44,0.440324,0.000324,4.4,4.38544,-0.01456,0.67,0.723431,0.053431,2.0,1.96342,-0.03658
27228,PI+SIDIS,matched,coherent,RP013,2:13|2:24,6.4724,-1.165,44.83,3.837,10.24,0.44,0.440324,0.000324,4.4,4.38544,-0.01456,0.67,0.723431,0.053431,2.0,1.96342,-0.03658
27229,PI+SIDIS,matched,coherent,RP013,2:13|2:24,6.4724,-1.165,44.83,3.837,10.24,0.44,0.440324,0.000324,4.4,4.38544,-0.01456,0.67,0.723431,0.053431,2.0,1.96342,-0.03658
27230,PI+SIDIS,matched,coherent,RP013,2:13|2:24,6.4724,-1.165,44.83,3.837,10.24,0.44,0.440324,0.000324,4.4,4.38544,-0.01456,0.67,0.723431,0.053431,2.0,1.96342,-0.03658
27231,PI+SIDIS,matched,coherent,RP013,2:13|2:24,6.4724,-1.165,44.83,3.837,10.24,0.44,0.440324,0.000324,4.4,4.38544,-0.01456,0.67,0.723431,0.053431,2.0,1.96342,-0.03658
27232,PI+SIDIS,matched,coherent,RP013,2:13|2:24,6.4724,-1.165,44.83,3.837,10.24,0.44,0.440324,0.000324,4.4,4.38544,-0.01456,0.67,0.723431,0.053431,2.0,1.96342,-0.03658
27233,PI+SIDIS,matched,coherent,RP013,2:13|2:24,6.4724,-1.165,44.83,3.837,10.24,0.44,0.440324,0.000324,4.4,4.38544,-0.01456,0.67,0.723431,0.053431,2.0,1.96342,-0.03658
27234,PI+SIDIS,matched,coherent,RP013,2:13|2:24,6.4724,-1.165,44.83,3.837,10.24,0.44,0.440324,0.000324,4.4,4.38544,-0.01456,0.67,0.723431,0.053431,2.0,1.96342,-0.03658
27235,PI+SIDIS,matched,coherent,RP013,2:13|2:24,6.4724,-1.165,44.83,3.837,10.24,0.44,0.440324,0.000324,4.4,4.38544,-0.01456,0.67,0.723431,0.053431,2.0,1.96342,-0.03658
27236,PI+SIDIS,matched,coherent,RP014,2:15|2:26,6.4724,-1.165,44.83,2.978,10.24,0.44,0.440324,0.000324,4.4,4.38544,-0.01456,0.52,0.561719,0.041719,2.0,1.96342,-0.03658
27237,PI+SIDIS,matched,coherent,RP014,2:15|2:26,6.4724,-1.165,44.83,2.978,10.24,0.44,0.440324,0.000324,4.4,4.38544,-0.01456,0.52,0.561719,0.041719,2.0,1.96342,-0.03658
27238,PI+SIDIS,matched,coherent,RP014,2:15|2:26,6.4724,-1.165,44.83,2.978,10.24,0.44,0.440324,0.000324,4.4,4.38544,-0.01456,0.52,0.561719,0.041719,2.0,1.96342,-0.03658
27239,PI+SIDIS,matched,coherent,RP014,2:15|2:26,6.4724,-1.165,44.83,2.978,10.24,0.44,0.440324,0.000324,4.4,4.38544,-0.01456,0.52,0.561719,0.041719,2.0,1.96342,-0.03658
27240,PI+SIDIS,matched,coherent,RP014,2:15|2:26,6.4724,-1.165,44.83,2.978,10.24,0.44,0.440324,0.000324,4.4,4.38544,-0.01456,0.52,0.561719,0.041719,2.0,1.96342,-0.03658
27241,PI+SIDIS,matched,coherent,RP014,2:15|2:26,6.4724,-1.165,44.83,2.978,10.24,0.44,0.440324,0.000324,4.4,4.38544,-0.01456,0.52,0.561719,0.041719,2.0,1.96342,-0.03658
27242,PI+SIDIS,matched,coherent,RP014,2:15|2:26,6.4724,-1.165,44.83,2.978,10.24,0.44,0.440324,0.000324,4.4,4.38544,-0.01456,0.52,0.561719,0.041719,2.0,1.96342,-0.03658
27243,PI+SIDIS,matched,coherent,RP014,2:15|2:26,6.4724,-1.165,44.83,2.978,10.24,0.44,0.440324,0.000324,4.4,4.38544,-0.01456,0.52,0.561719,0.041719,2.0,1.96342,-0.03658
27244,PI+SIDIS,matched,coherent,RP014,2:15|2:26,6.4724,-1.165,44.83,2.978,10.24,0.44,0.440324,0.000324,4.4,4.38544,-0.01456,0.52,0.561719,0.041719,2.0,1.96342,-0.03658
27245,PI+SIDIS,matched,coherent,RP014,2:15|2:26,6.4724,-1.165,44.83,2.978,10.24,0.44,0.440324,0.000324,4.4,4.38544,-0.01456,0.52,0.561719,0.041719,2.0,1.96342,-0.03658
27246,PI+SIDIS,matched,coherent,RP014,2:15|2:26,6.4724,-1.165,44.83,2.978,10.24,0.44,0.440324,0.000324,4.4,4.38544,-0.01456,0.52,0.561719,0.041719,2.0,1.96342,-0.03658
27247,HMSDIS,matched,coherent,RP014,2:15|2:26,6.4724,-1.165,44.83,2.978,10.24,0.44,0.440324,0.000324,4.4,4.38544,-0.01456,0.52,0.561719,0.041719,2.0,1.96342,-0.03658
27248,HMSDIS,matched,coherent,RP014,2:15|2:26,6.4724,-1.165,44.83,2.978,10.24,0.44,0.440324,0.000324,4.4,4.38544,-0.01456,0.52,0.561719,0.041719,2.0,1.96342,-0.03658
27249,PI+SIDIS,matched,coherent,RP014,2:15|2:26,6.4724,-1.165,44.83,2.978,10.24,0.44,0.440324,0.000324,4.4,4.38544,-0.01456,0.52,0.561719,0.041719,2.0,1.96342,-0.03658
27250,PI+SIDIS,matched,coherent,RP014,2:15|2:26,6.4724,-1.165,44.83,2.978,10.24,0.44,0.440324,0.000324,4.4,4.38544,-0.01456,0.52,0.561719,0.041719,2.0,1.96342,-0.03658
27251,PI+SIDIS,matched,coherent,RP014,2:15|2:26,6.4724,-1.165,44.83,2.978,10.24,0.44,0.440324,0.000324,4.4,4.38544,-0.01456,0.52,0.561719,0.041719,2.0,1.96342,-0.03658
27252,PI+SIDIS,matched,coherent,RP014,2:15|2:26,6.4724,-1.165,44.83,2.978,10.24,0.44,0.440324,0.000324,4.4,4.38544,-0.01456,0.52,0.561719,0.041719,2.0,1.96342,-0.03658
27253,PI+SIDIS,matched,coherent,RP014,2:15|2:26,6.4724,-1.165,44.83,2.978,10.24,0.44,0.440324,0.000324,4.4,4.38544,-0.01456,0.52,0.561719,0.041719,2.0,1.96342,-0.03658
27254,PI+SIDIS,matched,coherent,RP014,2:15|2:26,6.4724,-1.165,44.83,2.978,10.24,0.44,0.440324,0.000324,4.4,4.38544,-0.01456,0.52,0.561719,0.041719,2.0,1.96342,-0.03658
27255,PI+SIDIS,matched,coherent,RP014,2:15|2:26,6.4724,-1.165,44.83,2.978,10.24,0.44,0.440324,0.000324,4.4,4.38544,-0.01456,0.52,0.561719,0.041719,2.0,1.96342,-0.03658
27257,PI+SIDIS,matched,coherent,RP014,2:15|2:26,6.4724,-1.165,44.83,2.978,10.24,0.44,0.440324,0.000324,4.4,4.38544,-0.01456,0.52,0.561719,0.041719,2.0,1.96342,-0.03658
27258,PI+SIDIS,matched,coherent,RP014,2:15|2:26,6.4724,-1.165,44.83,2.978,10.24,0.44,0.440324,0.000324,4.4,4.38544,-0.01456,0.52,0.561719,0.041719,2.0,1.96342,-0.03658
27259,PI+SIDIS,matched,coherent,RP014,2:15|2:26,6.4724,-1.165,44.83,2.978,10.24,0.44,0.440324,0.000324,4.4,4.38544,-0.01456,0.52,0.561719,0.041719,2.0,1.96342,-0.03658
27261,PI+SIDIS,matched,coherent,RP014,2:15|2:26,6.4724,-1.165,44.83,2.978,10.24,0.44,0.440324,0.000324,4.4,4.38544,-0.01456,0.52,0.561719,0.041719,2.0,1.96342,-0.03658
27262,HMSDIS,matched,coherent,RP014,2:15|2:26,6.4724,-1.165,44.83,2.978,10.24,0.44,0.440324,0.000324,4.4,4.38544,-0.01456,0.52,0.561719,0.041719,2.0,1.96342,-0.03658
27264,HMSDIS,matched,coherent,RP014,2:15|2:26,6.4724,-1.165,44.83,2.978,10.24,0.44,0.440324,0.000324,4.4,4.38544,-0.01456,0.52,0.561719,0.041719,2.0,1.96342,-0.03658
27265,PI+SIDIS,matched,coherent,RP014,2:15|2:26,6.4724,-1.165,44.83,2.978,10.24,0.44,0.440324,0.000324,4.4,4.38544,-0.01456,0.52,0.561719,0.041719,2.0,1.96342,-0.03658
27266,PI+SIDIS,matched,coherent,RP014,2:15|2:26,6.4724,-1.165,44.83,2.978,10.24,0.44,0.440324,0.000324,4.4,4.38544,-0.01456,0.52,0.561719,0.041719,2.0,1.96342,-0.03658
27267,PI+SIDIS,matched,coherent,RP014,2:15|2:26,6.4724,-1.165,44.83,2.978,10.24,0.44,0.440324,0.000324,4.4,4.38544,-0.01456,0.52,0.561719,0.041719,2.0,1.96342,-0.03658
27269,PI+SIDIS,matched,coherent,RP014,2:15|2:26,6.4724,-1.165,44.83,2.978,10.24,0.44,0.440324,0.000324,4.4,4.38544,-0.01456,0.52,0.561719,0.041719,2.0,1.96342,-0.03658
27270,HMSDIS,matched,coherent,RP014,2:15|2:26,6.4724,-1.165,44.83,2.978,10.24,0.44,0.440324,0.000324,4.4,4.38544,-0.01456,0.52,0.561719,0.041719,2.0,1.96342,-0.03658
27271,PI+SIDIS,matched,coherent,RP014,2:15|2:26,6.4724,-1.165,44.83,2.978,10.24,0.44,0.440324,0.000324,4.4,4.38544,-0.01456,0.52,0.561719,0.041719,2.0,1.96342,-0.03658
27272,PI+SIDIS,matched,coherent,RP014,2:15|2:26,6.4724,-1.165,44.83,2.978,10.24,0.44,0.440324,0.000324,4.4,4.38544,-0.01456,0.52,0.561719,0.041719,2.0,1.96342,-0.03658
27273,PI+SIDIS,matched,coherent,RP014,2:15|2:26,6.4724,-1.165,44.83,2.978,10.24,0.44,0.440324,0.000324,4.4,4.38544,-0.01456,0.52,0.561719,0.041719,2.0,1.96342,-0.03658
27274,PI+SIDIS,matched,coherent,RP014,2:15|2:26,6.4724,-1.165,44.83,2.978,10.24,0.44,0.440324,0.000324,4.4,4.38544,-0.01456,0.52,0.561719,0.041719,2.0,1.96342,-0.03658
27275,PI+SIDIS,matched,coherent,RP014,2:15|2:26,6.4724,-1.165,44.83,2.978,10.24,0.44,0.440324,0.000324,4.4,4.38544,-0.01456,0.52,0.561719,0.041719,2.0,1.96342,-0.03658
27276,PI+SIDIS,matched,coherent,RP014,2:15|2:26,6.4724,-1.165,44.83,2.978,10.24,0.44,0.440324,0.000324,4.4,4.38544,-0.01456,0.52,0.561719,0.041719,2.0,1.96342,-0.03658
27277,PI+SIDIS,matched,coherent,RP014,2:15|2:26,6.4724,-1.165,44.83,2.978,10.24,0.44,0.440324,0.000324,4.4,4.38544,-0.01456,0.52,0.561719,0.041719,2.0,1.96342,-0.03658
27278,PI+SIDIS,matched,coherent,RP014,2:15|2:26,6.4724,-1.165,44.83,2.978,10.24,0.44,0.440324,0.000324,4.4,4.38544,-0.01456,0.52,0.561719,0.041719,2.0,1.96342,-0.03658
27279,PI+SIDIS,matched,coherent,RP014,2:15|2:26,6.4724,-1.165,44.83,2.978,10.24,0.44,0.440324,0.000324,4.4,4.38544,-0.01456,0.52,0.561719,0.041719,2.0,1.96342,-0.03658
27280,PI+SIDIS,matched,coherent,RP014,2:15|2:26,6.4724,-1.165,44.83,2.978,10.24,0.44,0.440324,0.000324,4.4,4.38544,-0.01456,0.52,0.561719,0.041719,2.0,1.96342,-0.03658
27281,PI+SIDIS,matched,coherent,RP014,2:15|2:26,6.4724,-1.165,44.83,2.978,10.24,0.44,0.440324,0.000324,4.4,4.38544,-0.01456,0.52,0.561719,0.041719,2.0,1.96342,-0.03658
27282,HMSDIS,matched,coherent,RP014,2:15|2:26,6.4724,-1.165,44.83,2.978,10.24,0.44,0.440324,0.000324,4.4,4.38544,-0.01456,0.52,0.561719,0.041719,2.0,1.96342,-0.03658
27283,HMSDIS,matched,coherent,RP014,2:15|2:26,6.4724,-1.165,44.83,2.978,10.24,0.44,0.440324,0.000324,4.4,4.38544,-0.01456,0.52,0.561719,0.041719,2.0,1.96342,-0.03658
27284,HMSDIS,matched,coherent,RP014,2:15|2:26,6.4724,-1.165,44.83,2.978,10.24,0.44,0.440324,0.000324,4.4,4.38544,-0.01456,0.52,0.561719,0.041719,2.0,1.96342,-0.03658
27285,PI+SIDIS,matched,coherent,RP014,2:15|2:26,6.4724,-1.165,44.83,2.978,10.24,0.44,0.440324,0.000324,4.4,4.38544,-0.01456,0.52,0.561719,0.041719,2.0,1.96342,-0.03658
27286,PI+SIDIS,matched,coherent,RP014,2:15|2:26,6.4724,-1.165,44.83,2.978,10.24,0.44,0.440324,0.000324,4.4,4.38544,-0.01456,0.52,0.561719,0.041719,2.0,1.96342,-0.03658
27287,PI+SIDIS,matched,coherent,RP014,2:15|2:26,6.4724,-1.165,44.83,2.978,10.24,0.44,0.440324,0.000324,4.4,4.38544,-0.01456,0.52,0.561719,0.041719,2.0,1.96342,-0.03658
27288,PI+SIDIS,matched,coherent,RP014,2:15|2:26,6.4724,-1.165,44.83,2.978,10.24,0.44,0.440324,0.000324,4.4,4.38544,-0.01456,0.52,0.561719,0.041719,2.0,1.96342,-0.03658
27289,PI+SIDIS,matched,coherent,RP014,2:15|2:26,6.4724,-1.165,44.83,2.978,10.24,0.44,0.440324,0.000324,4.4,4.38544,-0.01456,0.52,0.561719,0.041719,2.0,1.96342,-0.03658
27290,PI+SIDIS,matched,coherent,RP014,2:15|2:26,6.4724,-1.165,44.83,2.978,10.24,0.44,0.440324,0.000324,4.4,4.38544,-0.01456,0.52,0.561719,0.041719,2.0,1.96342,-0.03658
27291,PI+SIDIS,matched,coherent,RP014,2:15|2:26,6.4724,-1.165,44.83,2.978,10.24,0.44,0.440324,0.000324,4.4,4.38544,-0.01456,0.52,0.561719,0.041719,2.0,1.96342,-0.03658
27292,PI+SIDIS,matched,coherent,RP014,2:15|2:26,6.4724,-1.165,44.83,2.978,10.24,0.44,0.440324,0.000324,4.4,4.38544,-0.01456,0.52,0.561719,0.041719,2.0,1.96342,-0.03658
27293,PI+SIDIS,matched,coherent,RP014,2:15|2:26,6.4724,-1.165,44.83,2.978,10.24,0.44,0.440324,0.000324,4.4,4.38544,-0.01456,0.52,0.561719,0.041719,2.0,1.96342,-0.03658
27294,PI+SIDIS,matched,coherent,RP014,2:15|2:26,6.4724,-1.165,44.83,2.978,10.24,0.44,0.440324,0.000324,4.4,4.38544,-0.01456,0.52,0.561719,0.041719,2.0,1.96342,-0.03658
27295,HMSDIS,matched,coherent,RP014,2:15|2:26,6.4724,-1.165,44.83,2.978,10.24,0.44,0.440324,0.000324,4.4,4.38544,-0.01456,0.52,0.561719,0.041719,2.0,1.96342,-0.03658
27297,HMSDIS,matched,coherent,RP014,2:15|2:26,6.4724,-1.165,44.83,2.978,10.24,0.44,0.440324,0.000324,4.4,4.38544,-0.01456,0.52,0.561719,0.041719,2.0,1.96342,-0.03658
27298,HMSDIS,matched,coherent,RP014,2:15|2:26,6.4724,-1.165,44.83,2.978,10.24,0.44,0.440324,0.000324,4.4,4.38544,-0.01456,0.52,0.561719,0.041719,2.0,1.96342,-0.03658
27299,HMSDIS,matched,coherent,RP014,2:15|2:26,6.4724,-1.165,44.83,2.978,10.24,0.44,0.440324,0.000324,4.4,4.38544,-0.01456,0.52,0.561719,0.041719,2.0,1.96342,-0.03658
27300,PI+SIDIS,matched,coherent,RP014,2:15|2:26,6.4724,-1.165,44.83,2.978,10.24,0.44,0.440324,0.000324,4.4,4.38544,-0.01456,0.52,0.561719,0.041719,2.0,1.96342,-0.03658
27301,PI+SIDIS,matched,coherent,RP014,2:15|2:26,6.4724,-1.165,44.83,2.978,10.24,0.44,0.440324,0.000324,4.4,4.38544,-0.01456,0.52,0.561719,0.041719,2.0,1.96342,-0.03658
27302,PI+SIDIS,matched,coherent,RP014,2:15|2:26,6.4724,-1.165,44.83,2.978,10.24,0.44,0.440324,0.000324,4.4,4.38544,-0.01456,0.52,0.561719,0.041719,2.0,1.96342,-0.03658
27303,PI+SIDIS,matched,coherent,RP014,2:15|2:26,6.4724,-1.165,44.83,2.978,10.24,0.44,0.440324,0.000324,4.4,4.38544,-0.01456,0.52,0.561719,0.041719,2.0,1.96342,-0.03658
27304,PI+SIDIS,matched,coherent,RP014,2:15|2:26,6.4724,-1.165,44.83,2.978,10.24,0.44,0.440324,0.000324,4.4,4.38544,-0.01456,0.52,0.561719,0.041719,2.0,1.96342,-0.03658
27305,PI+SIDIS,matched,coherent,RP014,2:15|2:26,6.4724,-1.165,44.83,2.978,10.24,0.44,0.440324,0.000324,4.4,4.38544,-0.01456,0.52,0.561719,0.041719,2.0,1.96342,-0.03658
27306,PI+SIDIS,matched,coherent,RP014,2:15|2:26,6.4724,-1.165,44.83,2.978,10.24,0.44,0.440324,0.000324,4.4,4.38544,-0.01456,0.52,0.561719,0.041719,2.0,1.96342,-0.03658
27307,PI+SIDIS,matched,coherent,RP014,2:15|2:26,6.4724,-1.165,44.83,2.978,10.24,0.44,0.440324,0.000324,4.4,4.38544,-0.01456,0.52,0.561719,0.041719,2.0,1.96342,-0.03658
27308,PI+SIDIS,matched,coherent,RP014,2:15|2:26,6.4724,-1.165,44.83,2.978,10.24,0.44,0.440324,0.000324,4.4,4.38544,-0.01456,0.52,0.561719,0.041719,2.0,1.96342,-0.03658
27309,PI+SIDIS,matched,coherent,RP014,2:15|2:26,6.4724,-1.165,44.83,2.978,10.24,0.44,0.440324,0.000324,4.4,4.38544,-0.01456,0.52,0.561719,0.041719,2.0,1.96342,-0.03658
27310,PI+SIDIS,matched,coherent,RP014,2:15|2:26,6.4724,-1.165,44.83,2.978,10.24,0.44,0.440324,0.000324,4.4,4.38544,-0.01456,0.52,0.561719,0.041719,2.0,1.96342,-0.03658
27311,PI+SIDIS,matched,coherent,RP014,2:15|2:26,6.4724,-1.165,44.83,2.978,10.24,0.44,0.440324,0.000324,4.4,4.38544,-0.01456,0.52,0.561719,0.041719,2.0,1.96342,-0.03658
27312,PI+SIDIS,matched,coherent,RP014,2:15|2:26,6.4724,-1.165,44.83,2.978,10.24,0.44,0.440324,0.000324,4.4,4.38544,-0.01456,0.52,0.561719,0.041719,2.0,1.96342,-0.03658
27313,PI+SIDIS,matched,coherent,RP014,2:15|2:26,6.4724,-1.165,44.83,2.978,10.24,0.44,0.440324,0.000324,4.4,4.38544,-0.01456,0.52,0.561719,0.041719,2.0,1.96342,-0.03658
27314,PI+SIDIS,matched,coherent,RP014,2:15|2:26,6.4724,-1.165,44.83,2.978,10.24,0.44,0.440324,0.000324,4.4,4.38544,-0.01456,0.52,0.561719,0.041719,2.0,1.96342,-0.03658
27315,PI+SIDIS,matched,coherent,RP014,2:15|2:26,6.4724,-1.165,44.83,2.978,10.24,0.44,0.440324,0.000324,4.4,4.38544,-0.01456,0.52,0.561719,0.041719,2.0,1.96342,-0.03658
27316,PI+SIDIS,matched,coherent,RP014,2:15|2:26,6.4724,-1.165,44.83,2.978,10.24,0.44,0.440324,0.000324,4.4,4.38544,-0.01456,0.52,0.561719,0.041719,2.0,1.96342,-0.03658
27317,PI+SIDIS,matched,coherent,RP014,2:15|2:26,6.4724,-1.165,44.83,2.978,10.24,0.44,0.440324,0.000324,4.4,4.38544,-0.01456,0.52,0.561719,0.041719,2.0,1.96342,-0.03658
27318,PI+SIDIS,matched,coherent,RP014,2:15|2:26,6.4724,-1.165,44.83,2.978,10.24,0.44,0.440324,0.000324,4.4,4.38544,-0.01456,0.52,0.561719,0.041719,2.0,1.96342,-0.03658
27319,PI+SIDIS,matched,coherent,RP014,2:15|2:26,6.4724,-1.165,44.83,2.978,10.24,0.44,0.440324,0.000324,4.4,4.38544,-0.01456,0.52,0.561719,0.041719,2.0,1.96342,-0.03658
27320,PI+SIDIS,matched,coherent,RP014,2:15|2:26,6.4724,-1.165,44.83,2.978,10.24,0.44,0.440324,0.000324,4.4,4.38544,-0.01456,0.52,0.561719,0.041719,2.0,1.96342,-0.03658
27321,PI+SIDIS,matched,coherent,RP014,2:15|2:26,6.4724,-1.165,44.83,2.978,10.24,0.44,0.440324,0.000324,4.4,4.38544,-0.01456,0.52,0.561719,0.041719,2.0,1.96342,-0.03658
27322,PI+SIDIS,matched,coherent,RP014,2:15|2:26,6.4724,-1.165,44.83,2.978,10.24,0.44,0.440324,0.000324,4.4,4.38544,-0.01456,0.52,0.561719,0.041719,2.0,1.96342,-0.03658
27323,PI+SIDIS,matched,coherent,RP014,2:15|2:26,6.4724,-1.165,44.83,2.978,10.24,0.44,0.440324,0.000324,4.4,4.38544,-0.01456,0.52,0.561719,0.041719,2.0,1.96342,-0.03658
27324,PI+SIDIS,matched,coherent,RP014,2:15|2:26,6.4724,-1.165,44.83,2.978,10.24,0.44,0.440324,0.000324,4.4,4.38544,-0.01456,0.52,0.561719,0.041719,2.0,1.96342,-0.03658
27326,PI+SIDIS,matched,coherent,RP014,2:15|2:26,6.4724,-1.165,44.83,2.978,10.24,0.44,0.440324,0.000324,4.4,4.38544,-0.01456,0.52,0.561719,0.041719,2.0,1.96342,-0.03658
27327,PI+SIDIS,matched,coherent,RP014,2:15|2:26,6.4724,-1.165,44.83,2.978,10.24,0.44,0.440324,0.000324,4.4,4.38544,-0.01456,0.52,0.561719,0.041719,2.0,1.96342,-0.03658
27328,PI+SIDIS,matched,coherent,RP014,2:15|2:26,6.4724,-1.165,44.83,2.978,10.24,0.44,0.440324,0.000324,4.4,4.38544,-0.01456,0.52,0.561719,0.041719,2.0,1.96342,-0.03658
27329,PI+SIDIS,matched,coherent,RP014,2:15|2:26,6.4724,-1.165,44.83,2.978,10.24,0.44,0.440324,0.000324,4.4,4.38544,-0.01456,0.52,0.561719,0.041719,2.0,1.96342,-0.03658
27330,PI+SIDIS,matched,coherent,RP014,2:15|2:26,6.4724,-1.165,44.83,2.978,10.24,0.44,0.440324,0.000324,4.4,4.38544,-0.01456,0.52,0.561719,0.041719,2.0,1.96342,-0.03658
27331,PI+SIDIS,matched,coherent,RP014,2:15|2:26,6.4724,-1.165,44.83,2.978,10.24,0.44,0.440324,0.000324,4.4,4.38544,-0.01456,0.52,0.561719,0.041719,2.0,1.96342,-0.03658
27332,PI+SIDIS,matched,coherent,RP014,2:15|2:26,6.4724,-1.165,44.83,2.978,10.24,0.44,0.440324,0.000324,4.4,4.38544,-0.01456,0.52,0.561719,0.041719,2.0,1.96342,-0.03658
27333,PI+SIDIS,matched,coherent,RP014,2:15|2:26,6.4724,-1.165,44.83,2.978,10.24,0.44,0.440324,0.000324,4.4,4.38544,-0.01456,0.52,0.561719,0.041719,2.0,1.96342,-0.03658
27334,PI+SIDIS,matched,coherent,RP014,2:15|2:26,6.4724,-1.165,44.83,2.978,10.24,0.44,0.440324,0.000324,4.4,4.38544,-0.01456,0.52,0.561719,0.041719,2.0,1.96342,-0.03658
27335,PI+SIDIS,matched,coherent,RP014,2:15|2:26,6.4724,-1.165,44.83,2.978,10.24,0.44,0.440324,0.000324,4.4,4.38544,-0.01456,0.52,0.561719,0.041719,2.0,1.96342,-0.03658
27336,PI+SIDIS,matched,coherent,RP014,2:15|2:26,6.4724,-1.165,44.83,2.978,10.24,0.44,0.440324,0.000324,4.4,4.38544,-0.01456,0.52,0.561719,0.041719,2.0,1.96342,-0.03658
27337,PI+SIDIS,matched,coherent,RP014,2:15|2:26,6.4724,-1.165,44.83,2.978,10.24,0.44,0.440324,0.000324,4.4,4.38544,-0.01456,0.52,0.561719,0.041719,2.0,1.96342,-0.03658
27338,PI+SIDIS,matched,coherent,RP014,2:15|2:26,6.4724,-1.165,44.83,2.978,10.24,0.44,0.440324,0.000324,4.4,4.38544,-0.01456,0.52,0.561719,0.041719,2.0,1.96342,-0.03658
27339,PI+SIDIS,matched,coherent,RP014,2:15|2:26,6.4724,-1.165,44.83,2.978,10.24,0.44,0.440324,0.000324,4.4,4.38544,-0.01456,0.52,0.561719,0.041719,2.0,1.96342,-0.03658
27340,PI+SIDIS,matched,coherent,RP014,2:15|2:26,6.4724,-1.165,44.83,2.978,10.24,0.44,0.440324,0.000324,4.4,4.38544,-0.01456,0.52,0.561719,0.041719,2.0,1.96342,-0.03658
27341,PI+SIDIS,matched,coherent,RP014,2:15|2:26,6.4724,-1.165,44.83,2.978,10.24,0.44,0.440324,0.000324,4.4,4.38544,-0.01456,0.52,0.561719,0.041719,2.0,1.96342,-0.03658
27342,PI+SIDIS,matched,coherent,RP014,2:15|2:26,6.4724,-1.165,44.83,2.978,10.24,0.44,0.440324,0.000324,4.4,4.38544,-0.01456,0.52,0.561719,0.041719,2.0,1.96342,-0.03658
27343,PI+SIDIS,matched,coherent,RP014,2:15|2:26,6.4724,-1.165,44.83,2.978,10.24,0.44,0.440324,0.000324,4.4,4.38544,-0.01456,0.52,0.561719,0.041719,2.0,1.96342,-0.03658
27344,PI+SIDIS,matched,coherent,RP014,2:15|2:26,6.4724,-1.165,44.83,2.978,10.24,0.44,0.440324,0.000324,4.4,4.38544,-0.01456,0.52,0.561719,0.041719,2.0,1.96342,-0.03658
27345,PI+SIDIS,matched,coherent,RP014,2:15|2:26,6.4724,-1.165,44.83,2.978,10.24,0.44,0.440324,0.000324,4.4,4.38544,-0.01456,0.52,0.561719,0.041719,2.0,1.96342,-0.03658
27347,PI+SIDIS,matched,coherent,RP014,2:15|2:26,6.4724,-1.165,44.83,2.978,10.24,0.44,0.440324,0.000324,4.4,4.38544,-0.01456,0.52,0.561719,0.041719,2.0,1.96342,-0.03658
27348,PI+SIDIS,matched,coherent,RP014,2:15|2:26,6.4724,-1.165,44.83,2.978,10.24,0.44,0.440324,0.000324,4.4,4.38544,-0.01456,0.52,0.561719,0.041719,2.0,1.96342,-0.03658
27349,PI+SIDIS,matched,coherent,RP014,2:15|2:26,6.4724,-1.165,44.83,2.978,10.24,0.44,0.440324,0.000324,4.4,4.38544,-0.01456,0.52,0.561719,0.041719,2.0,1.96342,-0.03658
27350,PI+SIDIS,matched,coherent,RP014,2:15|2:26,6.4724,-1.165,44.83,2.978,10.24,0.44,0.440324,0.000324,4.4,4.38544,-0.01456,0.52,0.561719,0.041719,2.0,1.96342,-0.03658
27352,HMSHEE,unmatched,unmatched,,,6.4724,-5.39,13.995,3.61,27.72,-999,1.019642,-999,-999,2.071068,-999,-999,3.337673,-999,-999,-18.655035,-999
27355,HMSHEE,unmatched,unmatched,,,6.4724,-5.39,13.995,3.61,27.72,-999,1.019642,-999,-999,2.071068,-999,-999,3.337673,-999,-999,-18.655035,-999
27356,HMSHEE,unmatched,unmatched,,,6.4724,-5.39,13.995,3.61,27.72,-999,1.019642,-999,-999,2.071068,-999,-999,3.337673,-999,-999,-18.655035,-999
27357,HMSHEEP,unmatched,unmatched,,,6.4724,-3.7,27.01,3.61,27.72,-999,1.00415,-999,-999,5.224121,-999,-999,1.303094,-999,-999,-0.162401,-999
27358,PI-SIDIS,matched,coherent,RP013,2:13|2:24,6.4724,-1.165,44.83,-3.837,10.24,0.44,0.440324,0.000324,4.4,4.38544,-0.01456,0.67,0.723431,0.053431,2.0,1.96342,-0.03658
27361,PI-SIDIS,matched,coherent,RP013,2:13|2:24,6.4724,-1.165,44.83,-3.837,10.24,0.44,0.440324,0.000324,4.4,4.38544,-0.01456,0.67,0.723431,0.053431,2.0,1.96342,-0.03658
27362,PI-SIDIS,matched,coherent,RP013,2:13|2:24,6.4724,-1.165,44.83,-3.837,10.24,0.44,0.440324,0.000324,4.4,4.38544,-0.01456,0.67,0.723431,0.053431,2.0,1.96342,-0.03658
27363,PI-SIDIS,matched,coherent,RP013,2:13|2:24,6.4724,-1.165,44.83,-3.837,10.24,0.44,0.440324,0.000324,4.4,4.38544,-0.01456,0.67,0.723431,0.053431,2.0,1.96342,-0.03658
27364,PI-SIDIS,matched,coherent,RP013,2:13|2:24,6.4724,-1.165,44.83,-3.837,10.24,0.44,0.440324,0.000324,4.4,4.38544,-0.01456,0.67,0.723431,0.053431,2.0,1.96342,-0.03658
27365,PI-SIDIS,matched,coherent,RP013,2:13|2:24,6.4724,-1.165,44.83,-3.837,10.24,0.44,0.440324,0.000324,4.4,4.38544,-0.01456,0.67,0.723431,0.053431,2.0,1.96342,-0.03658
27366,PI-SIDIS,matched,coherent,RP013,2:13|2:24,6.4724,-1.165,44.83,-3.837,10.24,0.44,0.440324,0.000324,4.4,4.38544,-0.01456,0.67,0.723431,0.053431,2.0,1.96342,-0.03658
27367,PI-SIDIS,matched,coherent,RP013,2:13|2:24,6.4724,-1.165,44.83,-3.837,10.24,0.44,0.440324,0.000324,4.4,4.38544,-0.01456,0.67,0.723431,0.053431,2.0,1.96342,-0.03658
27368,PI-SIDIS,matched,coherent,RP013,2:13|2:24,6.4724,-1.165,44.83,-3.837,10.24,0.44,0.440324,0.000324,4.4,4.38544,-0.01456,0.67,0.723431,0.053431,2.0,1.96342,-0.03658
27369,PI-SIDIS,matched,coherent,RP013,2:13|2:24,6.4724,-1.165,44.83,-3.837,10.24,0.44,0.440324,0.000324,4.4,4.38544,-0.01456,0.67,0.723431,0.053431,2.0,1.96342,-0.03658
27370,PI-SIDIS,matched,coherent,RP013,2:13|2:24,6.4724,-1.165,44.83,-3.837,10.24,0.44,0.440324,0.000324,4.4,4.38544,-0.01456,0.67,0.723431,0.053431,2.0,1.96342,-0.03658
27372,HMSDIS,matched,coherent,RP013,2:13|2:24,6.4724,-1.165,44.83,-3.837,10.24,0.44,0.440324,0.000324,4.4,4.38544,-0.01456,0.67,0.723431,0.053431,2.0,1.96342,-0.03658
27373,HMSDIS,matched,coherent,RP013,2:13|2:24,6.4724,-1.165,44.83,-3.837,10.24,0.44,0.440324,0.000324,4.4,4.38544,-0.01456,0.67,0.723431,0.053431,2.0,1.96342,-0.03658
27375,PI-SIDIS,matched,coherent,RP013,2:13|2:24,6.4724,-1.165,44.83,-3.837,10.24,0.44,0.440324,0.000324,4.4,4.38544,-0.01456,0.67,0.723431,0.053431,2.0,1.96342,-0.03658
27376,PI-SIDIS,matched,coherent,RP013,2:13|2:24,6.4724,-1.165,44.83,-3.837,10.24,0.44,0.440324,0.000324,4.4,4.38544,-0.01456,0.67,0.723431,0.053431,2.0,1.96342,-0.03658
27377,PI-SIDIS,matched,coherent,RP013,2:13|2:24,6.4724,-1.165,44.83,-3.837,10.24,0.44,0.440324,0.000324,4.4,4.38544,-0.01456,0.67,0.723431,0.053431,2.0,1.96342,-0.03658
27378,PI-SIDIS,matched,coherent,RP013,2:13|2:24,6.4724,-1.165,44.83,-3.837,10.24,0.44,0.440324,0.000324,4.4,4.38544,-0.01456,0.67,0.723431,0.053431,2.0,1.96342,-0.03658
27379,HMSDIS,matched,coherent,RP013,2:13|2:24,6.4724,-1.165,44.83,-3.837,10.24,0.44,0.440324,0.000324,4.4,4.38544,-0.01456,0.67,0.723431,0.053431,2.0,1.96342,-0.03658
27381,PI-SIDIS,matched,coherent,RP013,2:13|2:24,6.4724,-1.165,44.83,-3.837,10.24,0.44,0.440324,0.000324,4.4,4.38544,-0.01456,0.67,0.723431,0.053431,2.0,1.96342,-0.03658
27382,PI-SIDIS,matched,coherent,RP013,2:13|2:24,6.4724,-1.165,44.83,-3.837,10.24,0.44,0.440324,0.000324,4.4,4.38544,-0.01456,0.67,0.723431,0.053431,2.0,1.96342,-0.03658
27383,PI-SIDIS,matched,coherent,RP013,2:13|2:24,6.4724,-1.165,44.83,-3.837,10.24,0.44,0.440324,0.000324,4.4,4.38544,-0.01456,0.67,0.723431,0.053431,2.0,1.96342,-0.03658
27384,PI-SIDIS,matched,coherent,RP013,2:13|2:24,6.4724,-1.165,44.83,-3.837,10.24,0.44,0.440324,0.000324,4.4,4.38544,-0.01456,0.67,0.723431,0.053431,2.0,1.96342,-0.03658
27385,PI-SIDIS,matched,coherent,RP013,2:13|2:24,6.4724,-1.165,44.83,-3.837,10.24,0.44,0.440324,0.000324,4.4,4.38544,-0.01456,0.67,0.723431,0.053431,2.0,1.96342,-0.03658
27386,PI-SIDIS,matched,coherent,RP013,2:13|2:24,6.4724,-1.165,44.83,-3.837,10.24,0.44,0.440324,0.000324,4.4,4.38544,-0.01456,0.67,0.723431,0.053431,2.0,1.96342,-0.03658
27387,PI-SIDIS,matched,coherent,RP013,2:13|2:24,6.4724,-1.165,44.83,-3.837,10.24,0.44,0.440324,0.000324,4.4,4.38544,-0.01456,0.67,0.723431,0.053431,2.0,1.96342,-0.03658
27388,PI-SIDIS,matched,coherent,RP013,2:13|2:24,6.4724,-1.165,44.83,-3.837,10.24,0.44,0.440324,0.000324,4.4,4.38544,-0.01456,0.67,0.723431,0.053431,2.0,1.96342,-0.03658
27389,PI-SIDIS,matched,coherent,RP013,2:13|2:24,6.4724,-1.165,44.83,-3.837,10.24,0.44,0.440324,0.000324,4.4,4.38544,-0.01456,0.67,0.723431,0.053431,2.0,1.96342,-0.03658
27390,PI-SIDIS,matched,coherent,RP013,2:13|2:24,6.4724,-1.165,44.83,-3.837,10.24,0.44,0.440324,0.000324,4.4,4.38544,-0.01456,0.67,0.723431,0.053431,2.0,1.96342,-0.03658
27391,PI-SIDIS,matched,coherent,RP013,2:13|2:24,6.4724,-1.165,44.83,-3.837,10.24,0.44,0.440324,0.000324,4.4,4.38544,-0.01456,0.67,0.723431,0.053431,2.0,1.96342,-0.03658
27392,PI-SIDIS,matched,coherent,RP013,2:13|2:24,6.4724,-1.165,44.83,-3.837,10.24,0.44,0.440324,0.000324,4.4,4.38544,-0.01456,0.67,0.723431,0.053431,2.0,1.96342,-0.03658
27393,PI-SIDIS,matched,coherent,RP013,2:13|2:24,6.4724,-1.165,44.83,-3.837,10.24,0.44,0.440324,0.000324,4.4,4.38544,-0.01456,0.67,0.723431,0.053431,2.0,1.96342,-0.03658
27394,PI-SIDIS,matched,coherent,RP013,2:13|2:24,6.4724,-1.165,44.83,-3.837,10.24,0.44,0.440324,0.000324,4.4,4.38544,-0.01456,0.67,0.723431,0.053431,2.0,1.96342,-0.03658
27395,PI-SIDIS,matched,coherent,RP013,2:13|2:24,6.4724,-1.165,44.83,-3.837,10.24,0.44,0.440324,0.000324,4.4,4.38544,-0.01456,0.67,0.723431,0.053431,2.0,1.96342,-0.03658
27396,PI-SIDIS,matched,coherent,RP013,2:13|2:24,6.4724,-1.165,44.83,-3.837,10.24,0.44,0.440324,0.000324,4.4,4.38544,-0.01456,0.67,0.723431,0.053431,2.0,1.96342,-0.03658
27397,PI-SIDIS,matched,coherent,RP013,2:13|2:24,6.4724,-1.165,44.83,-3.837,10.24,0.44,0.440324,0.000324,4.4,4.38544,-0.01456,0.67,0.723431,0.053431,2.0,1.96342,-0.03658
27399,PI-SIDIS,matched,coherent,RP014,2:15|2:26,6.4724,-1.165,44.83,-2.987,10.24,0.44,0.440324,0.000324,4.4,4.38544,-0.01456,0.52,0.563413,0.043413,2.0,1.96342,-0.03658
27400,PI-SIDIS,matched,coherent,RP014,2:15|2:26,6.4724,-1.165,44.83,-2.987,10.24,0.44,0.440324,0.000324,4.4,4.38544,-0.01456,0.52,0.563413,0.043413,2.0,1.96342,-0.03658
27401,PI-SIDIS,matched,coherent,RP014,2:15|2:26,6.4724,-1.165,44.83,-2.987,10.24,0.44,0.440324,0.000324,4.4,4.38544,-0.01456,0.52,0.563413,0.043413,2.0,1.96342,-0.03658
27402,PI-SIDIS,matched,coherent,RP014,2:15|2:26,6.4724,-1.165,44.83,-2.987,10.24,0.44,0.440324,0.000324,4.4,4.38544,-0.01456,0.52,0.563413,0.043413,2.0,1.96342,-0.03658
27403,PI-SIDIS,matched,coherent,RP014,2:15|2:26,6.4724,-1.165,44.83,-2.978,10.24,0.44,0.440324,0.000324,4.4,4.38544,-0.01456,0.52,0.561719,0.041719,2.0,1.96342,-0.03658
27406,PI-SIDIS,matched,coherent,RP014,2:15|2:26,6.4724,-1.165,44.83,-2.978,10.245,0.44,0.440324,0.000324,4.4,4.38544,-0.01456,0.52,0.561719,0.041719,2.0,1.96842,-0.03158
27407,PI-SIDIS,matched,coherent,RP014,2:15|2:26,6.4724,-1.165,44.83,-2.978,10.245,0.44,0.440324,0.000324,4.4,4.38544,-0.01456,0.52,0.561719,0.041719,2.0,1.96842,-0.03158
27408,PI-SIDIS,matched,coherent,RP014,2:15|2:26,6.4724,-1.165,44.83,-2.978,10.245,0.44,0.440324,0.000324,4.4,4.38544,-0.01456,0.52,0.561719,0.041719,2.0,1.96842,-0.03158
27409,PI-SIDIS,matched,coherent,RP014,2:15|2:26,6.4724,-1.165,44.83,-2.978,10.245,0.44,0.440324,0.000324,4.4,4.38544,-0.01456,0.52,0.561719,0.041719,2.0,1.96842,-0.03158
27410,PI-SIDIS,matched,coherent,RP014,2:15|2:26,6.4724,-1.165,44.83,-2.978,10.245,0.44,0.440324,0.000324,4.4,4.38544,-0.01456,0.52,0.561719,0.041719,2.0,1.96842,-0.03158
27411,PI-SIDIS,matched,coherent,RP014,2:15|2:26,6.4724,-1.165,44.83,-2.978,10.245,0.44,0.440324,0.000324,4.4,4.38544,-0.01456,0.52,0.561719,0.041719,2.0,1.96842,-0.03158
27412,PI-SIDIS,matched,coherent,RP014,2:15|2:26,6.4724,-1.165,44.83,-2.978,10.245,0.44,0.440324,0.000324,4.4,4.38544,-0.01456,0.52,0.561719,0.041719,2.0,1.96842,-0.03158
27413,PI-SIDIS,matched,coherent,RP014,2:15|2:26,6.4724,-1.165,44.83,-2.978,10.245,0.44,0.440324,0.000324,4.4,4.38544,-0.01456,0.52,0.561719,0.041719,2.0,1.96842,-0.03158
27414,PI-SIDIS,matched,coherent,RP014,2:15|2:26,6.4724,-1.165,44.83,-2.978,10.245,0.44,0.440324,0.000324,4.4,4.38544,-0.01456,0.52,0.561719,0.041719,2.0,1.96842,-0.03158
27415,HMSDIS,matched,coherent,RP014,2:15|2:26,6.4724,-1.165,44.83,-2.978,10.245,0.44,0.440324,0.000324,4.4,4.38544,-0.01456,0.52,0.561719,0.041719,2.0,1.96842,-0.03158
27417,HMSDIS,matched,coherent,RP014,2:15|2:26,6.4724,-1.165,44.83,-2.978,10.245,0.44,0.440324,0.000324,4.4,4.38544,-0.01456,0.52,0.561719,0.041719,2.0,1.96842,-0.03158
27418,PI-SIDIS,matched,coherent,RP014,2:15|2:26,6.4724,-1.165,44.83,-2.978,10.245,0.44,0.440324,0.000324,4.4,4.38544,-0.01456,0.52,0.561719,0.041719,2.0,1.96842,-0.03158
27419,PI-SIDIS,matched,coherent,RP014,2:15|2:26,6.4724,-1.165,44.83,-2.978,10.245,0.44,0.440324,0.000324,4.4,4.38544,-0.01456,0.52,0.561719,0.041719,2.0,1.96842,-0.03158
27420,PI-SIDIS,matched,coherent,RP014,2:15|2:26,6.4724,-1.165,44.83,-2.978,10.245,0.44,0.440324,0.000324,4.4,4.38544,-0.01456,0.52,0.561719,0.041719,2.0,1.96842,-0.03158
27421,PI-SIDIS,matched,coherent,RP014,2:15|2:26,6.4724,-1.165,44.83,-2.978,10.245,0.44,0.440324,0.000324,4.4,4.38544,-0.01456,0.52,0.561719,0.041719,2.0,1.96842,-0.03158
27423,PI-SIDIS,matched,coherent,RP014,2:15|2:26,6.4724,-1.165,44.83,-2.978,10.245,0.44,0.440324,0.000324,4.4,4.38544,-0.01456,0.52,0.561719,0.041719,2.0,1.96842,-0.03158
27424,PI-SIDIS,matched,coherent,RP014,2:15|2:26,6.4724,-1.165,44.83,-2.978,10.245,0.44,0.440324,0.000324,4.4,4.38544,-0.01456,0.52,0.561719,0.041719,2.0,1.96842,-0.03158
27425,PI-SIDIS,matched,coherent,RP014,2:15|2:26,6.4724,-1.165,44.83,-2.978,10.245,0.44,0.440324,0.000324,4.4,4.38544,-0.01456,0.52,0.561719,0.041719,2.0,1.96842,-0.03158
27426,PI-SIDIS,matched,coherent,RP014,2:15|2:26,6.4724,-1.165,44.83,-2.978,10.245,0.44,0.440324,0.000324,4.4,4.38544,-0.01456,0.52,0.561719,0.041719,2.0,1.96842,-0.03158
27427,PI-SIDIS,matched,coherent,RP014,2:15|2:26,6.4724,-1.165,44.83,-2.978,10.245,0.44,0.440324,0.000324,4.4,4.38544,-0.01456,0.52,0.561719,0.041719,2.0,1.96842,-0.03158
27428,PI-SIDIS,matched,coherent,RP014,2:15|2:26,6.4724,-1.165,44.83,-2.978,10.245,0.44,0.440324,0.000324,4.4,4.38544,-0.01456,0.52,0.561719,0.041719,2.0,1.96842,-0.03158
27429,PI-SIDIS,matched,coherent,RP014,2:15|2:26,6.4724,-1.165,44.83,-2.978,10.245,0.44,0.440324,0.000324,4.4,4.38544,-0.01456,0.52,0.561719,0.041719,2.0,1.96842,-0.03158
27430,HMSDIS,matched,coherent,RP014,2:15|2:26,6.4724,-1.165,44.83,-2.978,10.245,0.44,0.440324,0.000324,4.4,4.38544,-0.01456,0.52,0.561719,0.041719,2.0,1.96842,-0.03158
27431,HMSDIS,matched,coherent,RP014,2:15|2:26,6.4724,-1.165,44.83,-2.978,10.245,0.44,0.440324,0.000324,4.4,4.38544,-0.01456,0.52,0.561719,0.041719,2.0,1.96842,-0.03158
27432,PI-SIDIS,matched,coherent,RP014,2:15|2:26,6.4724,-1.165,44.83,-2.978,10.245,0.44,0.440324,0.000324,4.4,4.38544,-0.01456,0.52,0.561719,0.041719,2.0,1.96842,-0.03158
27433,PI-SIDIS,matched,coherent,RP014,2:15|2:26,6.4724,-1.165,44.83,-2.978,10.245,0.44,0.440324,0.000324,4.4,4.38544,-0.01456,0.52,0.561719,0.041719,2.0,1.96842,-0.03158
27435,PI-SIDIS,matched,coherent,RP014,2:15|2:26,6.4724,-1.165,44.83,-2.978,10.245,0.44,0.440324,0.000324,4.4,4.38544,-0.01456,0.52,0.561719,0.041719,2.0,1.96842,-0.03158
27436,PI-SIDIS,matched,coherent,RP014,2:15|2:26,6.4724,-1.165,44.83,-2.978,10.245,0.44,0.440324,0.000324,4.4,4.38544,-0.01456,0.52,0.561719,0.041719,2.0,1.96842,-0.03158
27437,PI-SIDIS,matched,coherent,RP014,2:15|2:26,6.4724,-1.165,44.83,-2.978,10.245,0.44,0.440324,0.000324,4.4,4.38544,-0.01456,0.52,0.561719,0.041719,2.0,1.96842,-0.03158
27438,HMSDIS,matched,coherent,RP014,2:15|2:26,6.4724,-1.165,44.83,-2.978,10.245,0.44,0.440324,0.000324,4.4,4.38544,-0.01456,0.52,0.561719,0.041719,2.0,1.96842,-0.03158
27439,PI-SIDIS,matched,coherent,RP014,2:15|2:26,6.4724,-1.165,44.83,-2.978,10.245,0.44,0.440324,0.000324,4.4,4.38544,-0.01456,0.52,0.561719,0.041719,2.0,1.96842,-0.03158
27440,PI-SIDIS,matched,coherent,RP014,2:15|2:26,6.4724,-1.165,44.83,-2.978,10.245,0.44,0.440324,0.000324,4.4,4.38544,-0.01456,0.52,0.561719,0.041719,2.0,1.96842,-0.03158
27442,PI-SIDIS,matched,coherent,RP015,2:29|2:35,6.4724,-1.165,26.6,-2.738,7.5,0.16,0.160271,0.000271,1.6,1.596228,-0.003772,0.5,0.516553,0.016553,2.0,2.013365,0.013365
27443,PI-SIDIS,matched,coherent,RP015,2:29|2:35,6.4724,-1.165,26.6,-2.738,7.5,0.16,0.160271,0.000271,1.6,1.596228,-0.003772,0.5,0.516553,0.016553,2.0,2.013365,0.013365
27444,PI-SIDIS,matched,coherent,RP015,2:29|2:35,6.4724,-1.165,26.6,-2.738,7.5,0.16,0.160271,0.000271,1.6,1.596228,-0.003772,0.5,0.516553,0.016553,2.0,2.013365,0.013365
27445,PI-SIDIS,matched,coherent,RP015,2:29|2:35,6.4724,-1.165,26.6,-2.738,7.5,0.16,0.160271,0.000271,1.6,1.596228,-0.003772,0.5,0.516553,0.016553,2.0,2.013365,0.013365
27446,PI-SIDIS,matched,coherent,RP015,2:29|2:35,6.4724,-1.165,26.6,-2.738,7.5,0.16,0.160271,0.000271,1.6,1.596228,-0.003772,0.5,0.516553,0.016553,2.0,2.013365,0.013365
27447,PI-SIDIS,matched,coherent,RP015,2:29|2:35,6.4724,-1.165,26.6,-2.738,7.5,0.16,0.160271,0.000271,1.6,1.596228,-0.003772,0.5,0.516553,0.016553,2.0,2.013365,0.013365
27448,PI-SIDIS,matched,coherent,RP015,2:29|2:35,6.4724,-1.165,26.6,-2.738,7.5,0.16,0.160271,0.000271,1.6,1.596228,-0.003772,0.5,0.516553,0.016553,2.0,2.013365,0.013365
27449,PI-SIDIS,matched,coherent,RP015,2:29|2:35,6.4724,-1.165,26.6,-2.738,7.5,0.16,0.160271,0.000271,1.6,1.596228,-0.003772,0.5,0.516553,0.016553,2.0,2.013365,0.013365
27451,PI-SIDIS,matched,coherent,RP015,2:29|2:35,6.4724,-1.165,26.6,-2.738,7.5,0.16,0.160271,0.000271,1.6,1.596228,-0.003772,0.5,0.516553,0.016553,2.0,2.013365,0.013365
27452,HMSDIS,matched,coherent,RP015,2:29|2:35,6.4724,-1.165,26.6,-2.738,7.5,0.16,0.160271,0.000271,1.6,1.596228,-0.003772,0.5,0.516553,0.016553,2.0,2.013365,0.013365
27453,HMSDIS,matched,coherent,RP015,2:29|2:35,6.4724,-1.165,26.6,-2.738,7.5,0.16,0.160271,0.000271,1.6,1.596228,-0.003772,0.5,0.516553,0.016553,2.0,2.013365,0.013365
27454,PI-SIDIS,matched,coherent,RP015,2:29|2:35,6.4724,-1.165,26.6,-2.738,7.5,0.16,0.160271,0.000271,1.6,1.596228,-0.003772,0.5,0.516553,0.016553,2.0,2.013365,0.013365
27455,PI-SIDIS,matched,coherent,RP015,2:29|2:35,6.4724,-1.165,26.6,-2.738,7.5,0.16,0.160271,0.000271,1.6,1.596228,-0.003772,0.5,0.516553,0.016553,2.0,2.013365,0.013365
27456,PI-SIDIS,matched,coherent,RP015,2:29|2:35,6.4724,-1.165,26.6,-2.738,7.5,0.16,0.160271,0.000271,1.6,1.596228,-0.003772,0.5,0.516553,0.016553,2.0,2.013365,0.013365
27457,HMSDIS,matched,coherent,RP015,2:29|2:35,6.4724,-1.165,26.6,-2.738,7.5,0.16,0.160271,0.000271,1.6,1.596228,-0.003772,0.5,0.516553,0.016553,2.0,2.013365,0.013365
27458,PI-SIDIS,matched,coherent,RP015,2:29|2:35,6.4724,-1.165,26.6,-2.738,7.5,0.16,0.160271,0.000271,1.6,1.596228,-0.003772,0.5,0.516553,0.016553,2.0,2.013365,0.013365
27459,PI-SIDIS,matched,coherent,RP015,2:29|2:35,6.4724,-1.165,26.6,-2.738,7.5,0.16,0.160271,0.000271,1.6,1.596228,-0.003772,0.5,0.516553,0.016553,2.0,2.013365,0.013365
27460,PI-SIDIS,matched,coherent,RP015,2:29|2:35,6.4724,-1.165,26.6,-2.738,7.5,0.16,0.160271,0.000271,1.6,1.596228,-0.003772,0.5,0.516553,0.016553,2.0,2.013365,0.013365
27461,PI-SIDIS,matched,coherent,RP015,2:29|2:35,6.4724,-1.165,26.6,-2.738,7.5,0.16,0.160271,0.000271,1.6,1.596228,-0.003772,0.5,0.516553,0.016553,2.0,2.013365,0.013365
27462,PI-SIDIS,matched,coherent,RP015,2:29|2:35,6.4724,-1.165,26.6,-2.738,7.5,0.16,0.160271,0.000271,1.6,1.596228,-0.003772,0.5,0.516553,0.016553,2.0,2.013365,0.013365
27463,PI-SIDIS,matched,coherent,RP015,2:29|2:35,6.4724,-1.165,26.6,-2.738,7.5,0.16,0.160271,0.000271,1.6,1.596228,-0.003772,0.5,0.516553,0.016553,2.0,2.013365,0.013365
27464,PI-SIDIS,matched,coherent,RP015,2:29|2:35,6.4724,-1.165,26.6,-2.738,7.5,0.16,0.160271,0.000271,1.6,1.596228,-0.003772,0.5,0.516553,0.016553,2.0,2.013365,0.013365
27465,PI-SIDIS,matched,coherent,RP015,2:29|2:35,6.4724,-1.165,26.6,-2.738,7.5,0.16,0.160271,0.000271,1.6,1.596228,-0.003772,0.5,0.516553,0.016553,2.0,2.013365,0.013365
27466,PI-SIDIS,matched,coherent,RP015,2:29|2:35,6.4724,-1.165,26.6,-2.738,7.5,0.16,0.160271,0.000271,1.6,1.596228,-0.003772,0.5,0.516553,0.016553,2.0,2.013365,0.013365
27467,PI+SIDIS,matched,coherent,RP016,2:32,6.4724,-1.165,26.6,4.929,7.5,0.16,0.160271,0.000271,1.6,1.596228,-0.003772,0.9,0.929076,0.029076,2.0,2.013365,0.013365
27468,PI+SIDIS,matched,coherent,RP016,2:32,6.4724,-1.165,26.6,4.929,7.5,0.16,0.160271,0.000271,1.6,1.596228,-0.003772,0.9,0.929076,0.029076,2.0,2.013365,0.013365
27469,HMSDIS,matched,coherent,RP016,2:32,6.4724,-1.165,26.6,4.929,7.5,0.16,0.160271,0.000271,1.6,1.596228,-0.003772,0.9,0.929076,0.029076,2.0,2.013365,0.013365
27470,HMSDIS,matched,coherent,RP016,2:32,6.4724,-1.165,26.6,4.929,7.5,0.16,0.160271,0.000271,1.6,1.596228,-0.003772,0.9,0.929076,0.029076,2.0,2.013365,0.013365
27471,PI+SIDIS,matched,coherent,RP016,2:32,6.4724,-1.165,26.6,4.929,7.5,0.16,0.160271,0.000271,1.6,1.596228,-0.003772,0.9,0.929076,0.029076,2.0,2.013365,0.013365
27472,HMSDIS,matched,coherent,RP016,2:32,6.4724,-1.165,26.6,4.929,7.5,0.16,0.160271,0.000271,1.6,1.596228,-0.003772,0.9,0.929076,0.029076,2.0,2.013365,0.013365
27473,PI+SIDIS,matched,coherent,RP015,2:29|2:35,6.4724,-1.165,26.6,2.738,7.5,0.16,0.160271,0.000271,1.6,1.596228,-0.003772,0.5,0.516553,0.016553,2.0,2.013365,0.013365
27474,PI+SIDIS,matched,coherent,RP015,2:29|2:35,6.4724,-1.165,26.6,2.738,7.5,0.16,0.160271,0.000271,1.6,1.596228,-0.003772,0.5,0.516553,0.016553,2.0,2.013365,0.013365
27475,PI+SIDIS,matched,coherent,RP015,2:29|2:35,6.4724,-1.165,26.6,2.738,7.5,0.16,0.160271,0.000271,1.6,1.596228,-0.003772,0.5,0.516553,0.016553,2.0,2.013365,0.013365
27476,PI+SIDIS,matched,coherent,RP015,2:29|2:35,6.4724,-1.165,26.6,2.738,7.5,0.16,0.160271,0.000271,1.6,1.596228,-0.003772,0.5,0.516553,0.016553,2.0,2.013365,0.013365
27477,PI+SIDIS,matched,coherent,RP015,2:29|2:35,6.4724,-1.165,26.6,2.738,7.5,0.16,0.160271,0.000271,1.6,1.596228,-0.003772,0.5,0.516553,0.016553,2.0,2.013365,0.013365
27478,PI+SIDIS,matched,coherent,RP015,2:29|2:35,6.4724,-1.165,26.6,2.738,7.5,0.16,0.160271,0.000271,1.6,1.596228,-0.003772,0.5,0.516553,0.016553,2.0,2.013365,0.013365
27479,PI+SIDIS,matched,coherent,RP015,2:29|2:35,6.4724,-1.165,26.6,2.738,7.5,0.16,0.160271,0.000271,1.6,1.596228,-0.003772,0.5,0.516553,0.016553,2.0,2.013365,0.013365
27480,PI+SIDIS,matched,coherent,RP015,2:29|2:35,6.4724,-1.165,26.6,2.738,7.5,0.16,0.160271,0.000271,1.6,1.596228,-0.003772,0.5,0.516553,0.016553,2.0,2.013365,0.013365
27481,PI+SIDIS,matched,coherent,RP015,2:29|2:35,6.4724,-1.165,26.6,2.738,7.5,0.16,0.160271,0.000271,1.6,1.596228,-0.003772,0.5,0.516553,0.016553,2.0,2.013365,0.013365
27482,PI+SIDIS,matched,coherent,RP015,2:29|2:35,6.4724,-1.165,26.6,2.738,7.5,0.16,0.160271,0.000271,1.6,1.596228,-0.003772,0.5,0.516553,0.016553,2.0,2.013365,0.013365
27483,PI+SIDIS,matched,coherent,RP015,2:29|2:35,6.4724,-1.165,26.6,2.738,7.5,0.16,0.160271,0.000271,1.6,1.596228,-0.003772,0.5,0.516553,0.016553,2.0,2.013365,0.013365
27484,HMSDIS,matched,coherent,RP015,2:29|2:35,6.4724,-1.165,26.6,2.738,7.5,0.16,0.160271,0.000271,1.6,1.596228,-0.003772,0.5,0.516553,0.016553,2.0,2.013365,0.013365
27485,HMSDIS,matched,coherent,RP015,2:29|2:35,6.4724,-1.165,26.6,2.738,7.5,0.16,0.160271,0.000271,1.6,1.596228,-0.003772,0.5,0.516553,0.016553,2.0,2.013365,0.013365
27486,PI+SIDIS,matched,coherent,RP015,2:29|2:35,6.4724,-1.165,26.6,2.738,7.5,0.16,0.160271,0.000271,1.6,1.596228,-0.003772,0.5,0.516553,0.016553,2.0,2.013365,0.013365
27487,PI+SIDIS,matched,coherent,RP015,2:29|2:35,6.4724,-1.165,26.6,2.738,7.5,0.16,0.160271,0.000271,1.6,1.596228,-0.003772,0.5,0.516553,0.016553,2.0,2.013365,0.013365
27488,HMSDIS,matched,coherent,RP015,2:29|2:35,6.4724,-1.165,26.6,2.738,7.5,0.16,0.160271,0.000271,1.6,1.596228,-0.003772,0.5,0.516553,0.016553,2.0,2.013365,0.013365
27490,PI+SIDIS,matched,coherent,RP016,2:32,6.4724,1.165,26.6,4.929,7.5,0.16,0.160271,0.000271,1.6,1.596228,-0.003772,0.9,0.929076,0.029076,2.0,2.013365,0.013365
27491,HMSDIS,matched,coherent,RP016,2:32,6.4724,1.165,26.6,4.929,7.5,0.16,0.160271,0.000271,1.6,1.596228,-0.003772,0.9,0.929076,0.029076,2.0,2.013365,0.013365
27492,PI+SIDIS,matched,coherent,RP016,2:32,6.4724,1.165,26.6,4.929,7.5,0.16,0.160271,0.000271,1.6,1.596228,-0.003772,0.9,0.929076,0.029076,2.0,2.013365,0.013365
27493,PI+SIDIS,matched,coherent,RP016,2:32,6.4724,1.165,26.6,4.929,7.5,0.16,0.160271,0.000271,1.6,1.596228,-0.003772,0.9,0.929076,0.029076,2.0,2.013365,0.013365
27494,HMSDIS,matched,coherent,RP016,2:32,6.4724,1.165,26.6,4.929,7.5,0.16,0.160271,0.000271,1.6,1.596228,-0.003772,0.9,0.929076,0.029076,2.0,2.013365,0.013365
27495,PI+SIDIS,matched,coherent,RP015,2:29|2:35,6.4724,1.165,26.6,2.738,7.5,0.16,0.160271,0.000271,1.6,1.596228,-0.003772,0.5,0.516553,0.016553,2.0,2.013365,0.013365
27496,PI+SIDIS,matched,coherent,RP015,2:29|2:35,6.4724,1.165,26.6,2.738,7.5,0.16,0.160271,0.000271,1.6,1.596228,-0.003772,0.5,0.516553,0.016553,2.0,2.013365,0.013365
27497,PI+SIDIS,matched,coherent,RP015,2:29|2:35,6.4724,1.165,26.6,2.738,7.5,0.16,0.160271,0.000271,1.6,1.596228,-0.003772,0.5,0.516553,0.016553,2.0,2.013365,0.013365
27498,HMSDIS,matched,coherent,RP015,2:29|2:35,6.4724,1.165,26.6,2.738,7.5,0.16,0.160271,0.000271,1.6,1.596228,-0.003772,0.5,0.516553,0.016553,2.0,2.013365,0.013365
27499,HMSDIS,matched,coherent,RP015,2:29|2:35,6.4724,1.165,26.6,2.738,7.5,0.16,0.160271,0.000271,1.6,1.596228,-0.003772,0.5,0.516553,0.016553,2.0,2.013365,0.013365
27500,PI-SIDIS,matched,coherent,RP015,2:29|2:35,6.4724,1.165,26.6,-2.738,7.5,0.16,0.160271,0.000271,1.6,1.596228,-0.003772,0.5,0.516553,0.016553,2.0,2.013365,0.013365
27501,PI-SIDIS,matched,coherent,RP015,2:29|2:35,6.4724,1.165,26.6,-2.738,7.5,0.16,0.160271,0.000271,1.6,1.596228,-0.003772,0.5,0.516553,0.016553,2.0,2.013365,0.013365
27502,PI-SIDIS,matched,coherent,RP015,2:29|2:35,6.4724,1.165,26.6,-2.738,7.5,0.16,0.160271,0.000271,1.6,1.596228,-0.003772,0.5,0.516553,0.016553,2.0,2.013365,0.013365
27504,PI-SIDIS,matched,coherent,RP010,2:4|2:9,6.4724,1.165,31.29,-2.766,8.275,0.22,0.22024,0.00024,2.2,2.193495,-0.006505,0.5,0.521822,0.021822,2.0,1.970698,-0.029302
27505,PI-SIDIS,matched,coherent,RP010,2:4|2:9,6.4724,1.165,31.29,-2.766,8.275,0.22,0.22024,0.00024,2.2,2.193495,-0.006505,0.5,0.521822,0.021822,2.0,1.970698,-0.029302
27506,PI-SIDIS,matched,coherent,RP010,2:4|2:9,6.4724,1.165,31.29,-2.766,8.275,0.22,0.22024,0.00024,2.2,2.193495,-0.006505,0.5,0.521822,0.021822,2.0,1.970698,-0.029302
27507,PI+SIDIS,matched,coherent,RP011,2:7,6.4724,1.165,31.29,4.978,8.275,0.22,0.22024,0.00024,2.2,2.193495,-0.006505,0.9,0.938304,0.038304,2.0,1.970698,-0.029302
27508,HMSDIS,matched,coherent,RP011,2:7,6.4724,1.165,31.29,4.978,8.275,0.22,0.22024,0.00024,2.2,2.193495,-0.006505,0.9,0.938304,0.038304,2.0,1.970698,-0.029302
27509,HMSDIS,matched,coherent,RP011,2:7,6.4724,1.165,31.29,4.978,8.275,0.22,0.22024,0.00024,2.2,2.193495,-0.006505,0.9,0.938304,0.038304,2.0,1.970698,-0.029302
27510,PI+SIDIS,matched,coherent,RP011,2:7,6.4724,1.165,31.29,4.978,8.275,0.22,0.22024,0.00024,2.2,2.193495,-0.006505,0.9,0.938304,0.038304,2.0,1.970698,-0.029302
27511,HMSDIS,matched,coherent,RP011,2:7,6.4724,1.165,31.29,4.978,8.275,0.22,0.22024,0.00024,2.2,2.193495,-0.006505,0.9,0.938304,0.038304,2.0,1.970698,-0.029302
27512,HMSDIS,matched,coherent,RP011,2:7,6.4724,1.165,31.29,4.978,8.275,0.22,0.22024,0.00024,2.2,2.193495,-0.006505,0.9,0.938304,0.038304,2.0,1.970698,-0.029302
27513,PI+SIDIS,matched,coherent,RP010,2:4|2:9,6.4724,1.165,31.29,2.766,8.275,0.22,0.22024,0.00024,2.2,2.193495,-0.006505,0.5,0.521822,0.021822,2.0,1.970698,-0.029302
27514,PI+SIDIS,matched,coherent,RP010,2:4|2:9,6.4724,1.165,31.29,2.766,8.275,0.22,0.22024,0.00024,2.2,2.193495,-0.006505,0.5,0.521822,0.021822,2.0,1.970698,-0.029302
27515,PI+SIDIS,matched,coherent,RP010,2:4|2:9,6.4724,1.165,31.29,2.766,8.275,0.22,0.22024,0.00024,2.2,2.193495,-0.006505,0.5,0.521822,0.021822,2.0,1.970698,-0.029302
27516,PI+SIDIS,matched,coherent,RP017,2:50,6.4724,1.165,37.33,5.051,9.225,0.31,0.310173,0.000173,3.1,3.089188,-0.010812,0.9,0.952053,0.052053,2.0,1.965689,-0.034311
27517,HMSDIS,matched,coherent,RP017,2:50,6.4724,1.165,37.33,5.051,9.225,0.31,0.310173,0.000173,3.1,3.089188,-0.010812,0.9,0.952053,0.052053,2.0,1.965689,-0.034311
27518,HMSDIS,matched,coherent,RP017,2:50,6.4724,1.165,37.33,5.051,9.225,0.31,0.310173,0.000173,3.1,3.089188,-0.010812,0.9,0.952053,0.052053,2.0,1.965689,-0.034311
27519,PI+SIDIS,matched,coherent,RP017,2:50,6.4724,1.165,37.33,5.051,9.225,0.31,0.310173,0.000173,3.1,3.089188,-0.010812,0.9,0.952053,0.052053,2.0,1.965689,-0.034311
27521,HMSDIS,matched,coherent,RP017,2:50,6.4724,1.165,37.33,5.051,9.225,0.31,0.310173,0.000173,3.1,3.089188,-0.010812,0.9,0.952053,0.052053,2.0,1.965689,-0.034311
27522,HMSDIS,matched,coherent,RP017,2:50,6.4724,1.165,37.33,5.051,9.225,0.31,0.310173,0.000173,3.1,3.089188,-0.010812,0.9,0.952053,0.052053,2.0,1.965689,-0.034311
27523,HMSDIS,matched,coherent,RP017,2:50,6.4724,1.165,37.33,5.051,9.225,0.31,0.310173,0.000173,3.1,3.089188,-0.010812,0.9,0.952053,0.052053,2.0,1.965689,-0.034311
27530,PI+SIDIS,matched,coherent,RP017,2:50,6.4724,1.165,37.33,5.051,9.225,0.31,0.310173,0.000173,3.1,3.089188,-0.010812,0.9,0.952053,0.052053,2.0,1.965689,-0.034311
27532,HMSDIS,matched,coherent,RP017,2:50,6.4724,1.165,37.33,5.051,9.225,0.31,0.310173,0.000173,3.1,3.089188,-0.010812,0.9,0.952053,0.052053,2.0,1.965689,-0.034311
27533,HMSDIS,matched,coherent,RP017,2:50,6.4724,1.165,37.33,5.051,9.225,0.31,0.310173,0.000173,3.1,3.089188,-0.010812,0.9,0.952053,0.052053,2.0,1.965689,-0.034311
27536,PI+SIDIS,matched,coherent,RP018,2:52|2:55,6.4724,1.165,37.33,2.806,9.225,0.31,0.310173,0.000173,3.1,3.089188,-0.010812,0.5,0.529349,0.029349,2.0,1.965689,-0.034311
27537,PI+SIDIS,matched,coherent,RP018,2:52|2:55,6.4724,1.165,37.33,2.806,9.225,0.31,0.310173,0.000173,3.1,3.089188,-0.010812,0.5,0.529349,0.029349,2.0,1.965689,-0.034311
27538,PI+SIDIS,matched,coherent,RP018,2:52|2:55,6.4724,1.165,37.33,2.806,9.225,0.31,0.310173,0.000173,3.1,3.089188,-0.010812,0.5,0.529349,0.029349,2.0,1.965689,-0.034311
27539,PI+SIDIS,matched,coherent,RP018,2:52|2:55,6.4724,1.165,37.33,2.806,9.225,0.31,0.310173,0.000173,3.1,3.089188,-0.010812,0.5,0.529349,0.029349,2.0,1.965689,-0.034311
27540,PI+SIDIS,matched,coherent,RP018,2:52|2:55,6.4724,1.165,37.33,2.806,9.225,0.31,0.310173,0.000173,3.1,3.089188,-0.010812,0.5,0.529349,0.029349,2.0,1.965689,-0.034311
27541,PI-SIDIS,matched,coherent,RP018,2:52|2:55,6.4724,1.165,37.33,-2.806,9.225,0.31,0.310173,0.000173,3.1,3.089188,-0.010812,0.5,0.529349,0.029349,2.0,1.965689,-0.034311
27542,PI-SIDIS,matched,coherent,RP018,2:52|2:55,6.4724,1.165,37.33,-2.806,9.225,0.31,0.310173,0.000173,3.1,3.089188,-0.010812,0.5,0.529349,0.029349,2.0,1.965689,-0.034311
27543,PI-SIDIS,matched,coherent,RP018,2:52|2:55,6.4724,1.165,37.33,-2.806,9.225,0.31,0.310173,0.000173,3.1,3.089188,-0.010812,0.5,0.529349,0.029349,2.0,1.965689,-0.034311
27544,PI-SIDIS,matched,coherent,RP013,2:13|2:24,6.4724,1.165,44.82,-3.837,10.245,0.44,0.440138,0.000138,4.4,4.383585,-0.016415,0.67,0.723431,0.053431,2.0,1.969646,-0.030354
27545,PI-SIDIS,matched,coherent,RP013,2:13|2:24,6.4724,1.165,44.82,-3.837,10.245,0.44,0.440138,0.000138,4.4,4.383585,-0.016415,0.67,0.723431,0.053431,2.0,1.969646,-0.030354
27546,PI-SIDIS,matched,coherent,RP013,2:13|2:24,6.4724,1.165,44.82,-3.837,10.245,0.44,0.440138,0.000138,4.4,4.383585,-0.016415,0.67,0.723431,0.053431,2.0,1.969646,-0.030354
27547,PI-SIDIS,matched,coherent,RP013,2:13|2:24,6.4724,1.165,44.82,-3.837,10.245,0.44,0.440138,0.000138,4.4,4.383585,-0.016415,0.67,0.723431,0.053431,2.0,1.969646,-0.030354
27548,PI-SIDIS,matched,coherent,RP013,2:13|2:24,6.4724,1.165,44.82,-3.837,10.245,0.44,0.440138,0.000138,4.4,4.383585,-0.016415,0.67,0.723431,0.053431,2.0,1.969646,-0.030354
27550,PI-SIDIS,matched,coherent,RP014,2:15|2:26,6.4724,1.165,44.82,-2.978,10.245,0.44,0.440138,0.000138,4.4,4.383585,-0.016415,0.52,0.561719,0.041719,2.0,1.969646,-0.030354
27551,PI-SIDIS,matched,coherent,RP014,2:15|2:26,6.4724,1.165,44.82,-2.978,10.245,0.44,0.440138,0.000138,4.4,4.383585,-0.016415,0.52,0.561719,0.041719,2.0,1.969646,-0.030354
27552,PI-SIDIS,matched,coherent,RP014,2:15|2:26,6.4724,1.165,44.82,-2.978,10.245,0.44,0.440138,0.000138,4.4,4.383585,-0.016415,0.52,0.561719,0.041719,2.0,1.969646,-0.030354
27553,PI-SIDIS,matched,coherent,RP014,2:15|2:26,6.4724,1.165,44.82,-2.978,10.245,0.44,0.440138,0.000138,4.4,4.383585,-0.016415,0.52,0.561719,0.041719,2.0,1.969646,-0.030354
27554,PI-SIDIS,matched,coherent,RP014,2:15|2:26,6.4724,1.165,44.82,-2.978,10.245,0.44,0.440138,0.000138,4.4,4.383585,-0.016415,0.52,0.561719,0.041719,2.0,1.969646,-0.030354
27555,PI-SIDIS,matched,coherent,RP014,2:15|2:26,6.4724,1.165,44.82,-2.978,10.245,0.44,0.440138,0.000138,4.4,4.383585,-0.016415,0.52,0.561719,0.041719,2.0,1.969646,-0.030354
27556,PI-SIDIS,matched,coherent,RP014,2:15|2:26,6.4724,1.165,44.82,-2.978,10.245,0.44,0.440138,0.000138,4.4,4.383585,-0.016415,0.52,0.561719,0.041719,2.0,1.969646,-0.030354
27557,PI-SIDIS,matched,coherent,RP014,2:15|2:26,6.4724,1.165,44.82,-2.978,10.245,0.44,0.440138,0.000138,4.4,4.383585,-0.016415,0.52,0.561719,0.041719,2.0,1.969646,-0.030354
27558,PI+SIDIS,matched,coherent,RP012,2:11,6.4724,1.165,44.82,5.154,10.245,0.44,0.440138,0.000138,4.4,4.383585,-0.016415,0.9,0.971453,0.071453,2.0,1.969646,-0.030354
27559,PI+SIDIS,matched,coherent,RP012,2:11,6.4724,1.165,44.82,5.154,10.245,0.44,0.440138,0.000138,4.4,4.383585,-0.016415,0.9,0.971453,0.071453,2.0,1.969646,-0.030354
27560,HMSDIS,matched,coherent,RP012,2:11,6.4724,1.165,44.82,5.154,10.245,0.44,0.440138,0.000138,4.4,4.383585,-0.016415,0.9,0.971453,0.071453,2.0,1.969646,-0.030354
27561,HMSDIS,matched,coherent,RP012,2:11,6.4724,1.165,44.82,5.154,10.245,0.44,0.440138,0.000138,4.4,4.383585,-0.016415,0.9,0.971453,0.071453,2.0,1.969646,-0.030354
27562,PI+SIDIS,matched,coherent,RP012,2:11,6.4724,1.165,44.82,5.154,10.245,0.44,0.440138,0.000138,4.4,4.383585,-0.016415,0.9,0.971453,0.071453,2.0,1.969646,-0.030354
27563,PI+SIDIS,matched,coherent,RP012,2:11,6.4724,1.165,44.82,5.154,10.245,0.44,0.440138,0.000138,4.4,4.383585,-0.016415,0.9,0.971453,0.071453,2.0,1.969646,-0.030354
27564,HMSDIS,matched,coherent,RP012,2:11,6.4724,1.165,44.82,5.154,10.245,0.44,0.440138,0.000138,4.4,4.383585,-0.016415,0.9,0.971453,0.071453,2.0,1.969646,-0.030354
27565,HMSDIS,matched,coherent,RP012,2:11,6.4724,1.165,44.82,5.154,10.245,0.44,0.440138,0.000138,4.4,4.383585,-0.016415,0.9,0.971453,0.071453,2.0,1.969646,-0.030354
27566,HMSDIS,matched,coherent,RP012,2:11,6.4724,1.165,44.82,5.154,10.245,0.44,0.440138,0.000138,4.4,4.383585,-0.016415,0.9,0.971453,0.071453,2.0,1.969646,-0.030354
27567,HMSDIS,matched,coherent,RP012,2:11,6.4724,1.165,44.82,5.154,10.245,0.44,0.440138,0.000138,4.4,4.383585,-0.016415,0.9,0.971453,0.071453,2.0,1.969646,-0.030354
27571,BCM,matched,coherent,RP012,2:11,6.4724,1.165,44.82,5.154,10.245,0.44,0.440138,0.000138,4.4,4.383585,-0.016415,0.9,0.971453,0.071453,2.0,1.969646,-0.030354
27572,HMSDIS,matched,coherent,RP012,2:11,6.4724,1.165,44.82,5.154,10.245,0.44,0.440138,0.000138,4.4,4.383585,-0.016415,0.9,0.971453,0.071453,2.0,1.969646,-0.030354
27573,HMSDIS,matched,coherent,RP012,2:11,6.4724,1.165,44.82,5.154,10.245,0.44,0.440138,0.000138,4.4,4.383585,-0.016415,0.9,0.971453,0.071453,2.0,1.969646,-0.030354
27574,HMSDIS,matched,coherent,RP012,2:11,6.4724,1.165,44.82,5.154,10.245,0.44,0.440138,0.000138,4.4,4.383585,-0.016415,0.9,0.971453,0.071453,2.0,1.969646,-0.030354
27575,HMSDIS,matched,coherent,RP012,2:11,6.4724,1.165,44.82,5.154,10.245,0.44,0.440138,0.000138,4.4,4.383585,-0.016415,0.9,0.971453,0.071453,2.0,1.969646,-0.030354
27576,HMSDIS,matched,coherent,RP012,2:11,6.4724,1.165,44.82,5.154,10.245,0.44,0.440138,0.000138,4.4,4.383585,-0.016415,0.9,0.971453,0.071453,2.0,1.969646,-0.030354
27579,HMSDIS,matched,coherent,RP012,2:11,6.4724,1.165,44.82,5.154,10.245,0.44,0.440138,0.000138,4.4,4.383585,-0.016415,0.9,0.971453,0.071453,2.0,1.969646,-0.030354
27580,HMSDIS,matched,coherent,RP012,2:11,6.4724,1.165,44.82,5.154,10.245,0.44,0.440138,0.000138,4.4,4.383585,-0.016415,0.9,0.971453,0.071453,2.0,1.969646,-0.030354
27581,HMSDIS,matched,coherent,RP013,2:13|2:24,6.4724,1.165,44.82,3.837,10.245,0.44,0.440138,0.000138,4.4,4.383585,-0.016415,0.67,0.723431,0.053431,2.0,1.969646,-0.030354
27582,HMSDIS,matched,coherent,RP013,2:13|2:24,6.4724,1.165,44.82,3.837,10.245,0.44,0.440138,0.000138,4.4,4.383585,-0.016415,0.67,0.723431,0.053431,2.0,1.969646,-0.030354
27583,PI+SIDIS,matched,coherent,RP013,2:13|2:24,6.4724,1.165,44.82,3.837,10.245,0.44,0.440138,0.000138,4.4,4.383585,-0.016415,0.67,0.723431,0.053431,2.0,1.969646,-0.030354
27584,PI+SIDIS,matched,coherent,RP013,2:13|2:24,6.4724,1.165,44.82,3.837,10.245,0.44,0.440138,0.000138,4.4,4.383585,-0.016415,0.67,0.723431,0.053431,2.0,1.969646,-0.030354
27585,PI+SIDIS,matched,coherent,RP013,2:13|2:24,6.4724,1.165,44.82,3.837,10.245,0.44,0.440138,0.000138,4.4,4.383585,-0.016415,0.67,0.723431,0.053431,2.0,1.969646,-0.030354
27586,PI+SIDIS,matched,coherent,RP013,2:13|2:24,6.4724,1.165,44.82,3.837,10.245,0.44,0.440138,0.000138,4.4,4.383585,-0.016415,0.67,0.723431,0.053431,2.0,1.969646,-0.030354
27590,PI+SIDIS,matched,coherent,RP014,2:15|2:26,6.4724,1.165,44.82,2.978,10.245,0.44,0.440138,0.000138,4.4,4.383585,-0.016415,0.52,0.561719,0.041719,2.0,1.969646,-0.030354
27591,PI+SIDIS,matched,coherent,RP014,2:15|2:26,6.4724,1.165,44.82,2.978,10.245,0.44,0.440138,0.000138,4.4,4.383585,-0.016415,0.52,0.561719,0.041719,2.0,1.969646,-0.030354
27592,PI+SIDIS,matched,coherent,RP014,2:15|2:26,6.4724,1.165,44.82,2.978,10.245,0.44,0.440138,0.000138,4.4,4.383585,-0.016415,0.52,0.561719,0.041719,2.0,1.969646,-0.030354
27593,PI+SIDIS,matched,coherent,RP014,2:15|2:26,6.4724,1.165,44.82,2.978,10.245,0.44,0.440138,0.000138,4.4,4.383585,-0.016415,0.52,0.561719,0.041719,2.0,1.969646,-0.030354
27594,PI+SIDIS,matched,coherent,RP014,2:15|2:26,6.4724,1.165,44.82,2.978,10.245,0.44,0.440138,0.000138,4.4,4.383585,-0.016415,0.52,0.561719,0.041719,2.0,1.969646,-0.030354
27595,PI+SIDIS,matched,coherent,RP014,2:15|2:26,6.4724,1.165,44.82,2.978,10.245,0.44,0.440138,0.000138,4.4,4.383585,-0.016415,0.52,0.561719,0.041719,2.0,1.969646,-0.030354
27596,PI+SIDIS,matched,coherent,RP014,2:15|2:26,6.4724,1.165,44.82,2.978,10.245,0.44,0.440138,0.000138,4.4,4.383585,-0.016415,0.52,0.561719,0.041719,2.0,1.969646,-0.030354
27597,PI+SIDIS,matched,coherent,RP014,2:15|2:26,6.4724,1.165,44.82,2.978,10.245,0.44,0.440138,0.000138,4.4,4.383585,-0.016415,0.52,0.561719,0.041719,2.0,1.969646,-0.030354
27598,PI+SIDIS,matched,coherent,RP014,2:15|2:26,6.4724,1.165,44.82,2.978,10.245,0.44,0.440138,0.000138,4.4,4.383585,-0.016415,0.52,0.561719,0.041719,2.0,1.969646,-0.030354
27599,PI+SIDIS,matched,coherent,RP014,2:15|2:26,6.4724,1.165,44.82,2.978,10.245,0.44,0.440138,0.000138,4.4,4.383585,-0.016415,0.52,0.561719,0.041719,2.0,1.969646,-0.030354
27600,PI+SIDIS,matched,coherent,RP014,2:15|2:26,6.4724,1.165,44.82,2.978,10.245,0.44,0.440138,0.000138,4.4,4.383585,-0.016415,0.52,0.561719,0.041719,2.0,1.969646,-0.030354
27601,PI+SIDIS,matched,coherent,RP014,2:15|2:26,6.4724,1.165,44.82,2.978,10.245,0.44,0.440138,0.000138,4.4,4.383585,-0.016415,0.52,0.561719,0.041719,2.0,1.969646,-0.030354
27602,PI+SIDIS,matched,coherent,RP014,2:15|2:26,6.4724,1.165,44.82,2.978,10.245,0.44,0.440138,0.000138,4.4,4.383585,-0.016415,0.52,0.561719,0.041719,2.0,1.969646,-0.030354
27603,PI+SIDIS,matched,coherent,RP014,2:15|2:26,6.4724,1.165,44.82,2.978,10.245,0.44,0.440138,0.000138,4.4,4.383585,-0.016415,0.52,0.561719,0.041719,2.0,1.969646,-0.030354
27604,PI+SIDIS,matched,coherent,RP014,2:15|2:26,6.4724,1.165,44.82,2.978,10.245,0.44,0.440138,0.000138,4.4,4.383585,-0.016415,0.52,0.561719,0.041719,2.0,1.969646,-0.030354
27605,PI+SIDIS,matched,coherent,RP014,2:15|2:26,6.4724,1.165,44.82,2.978,10.245,0.44,0.440138,0.000138,4.4,4.383585,-0.016415,0.52,0.561719,0.041719,2.0,1.969646,-0.030354
27606,PI+SIDIS,matched,coherent,RP014,2:15|2:26,6.4724,1.165,44.82,2.978,10.245,0.44,0.440138,0.000138,4.4,4.383585,-0.016415,0.52,0.561719,0.041719,2.0,1.969646,-0.030354
27607,PI+SIDIS,matched,coherent,RP014,2:15|2:26,6.4724,1.165,44.82,2.978,10.245,0.44,0.440138,0.000138,4.4,4.383585,-0.016415,0.52,0.561719,0.041719,2.0,1.969646,-0.030354
27608,PI+SIDIS,matched,coherent,RP014,2:15|2:26,6.4724,1.165,44.82,2.978,10.245,0.44,0.440138,0.000138,4.4,4.383585,-0.016415,0.52,0.561719,0.041719,2.0,1.969646,-0.030354
27609,PI+SIDIS,matched,coherent,RP014,2:15|2:26,6.4724,1.165,44.82,2.978,10.245,0.44,0.440138,0.000138,4.4,4.383585,-0.016415,0.52,0.561719,0.041719,2.0,1.969646,-0.030354
27610,PI+SIDIS,matched,coherent,RP014,2:15|2:26,6.4724,1.165,44.82,2.978,10.245,0.44,0.440138,0.000138,4.4,4.383585,-0.016415,0.52,0.561719,0.041719,2.0,1.969646,-0.030354
27612,PI+SIDIS,matched,coherent,RP014,2:15|2:26,6.4724,1.165,44.82,2.978,10.245,0.44,0.440138,0.000138,4.4,4.383585,-0.016415,0.52,0.561719,0.041719,2.0,1.969646,-0.030354
27614,PI-SIDIS,matched,coherent,RP014,2:15|2:26,6.4724,-1.165,44.82,-2.978,10.245,0.44,0.440138,0.000138,4.4,4.383585,-0.016415,0.52,0.561719,0.041719,2.0,1.969646,-0.030354
27615,PI-SIDIS,matched,coherent,RP014,2:15|2:26,6.4724,-1.165,44.82,-2.978,10.245,0.44,0.440138,0.000138,4.4,4.383585,-0.016415,0.52,0.561719,0.041719,2.0,1.969646,-0.030354
27616,PI-SIDIS,matched,coherent,RP014,2:15|2:26,6.4724,-1.165,44.82,-2.978,10.245,0.44,0.440138,0.000138,4.4,4.383585,-0.016415,0.52,0.561719,0.041719,2.0,1.969646,-0.030354
27617,PI-SIDIS,matched,coherent,RP014,2:15|2:26,6.4724,-1.165,44.82,-2.978,10.245,0.44,0.440138,0.000138,4.4,4.383585,-0.016415,0.52,0.561719,0.041719,2.0,1.969646,-0.030354
27618,PI-SIDIS,matched,coherent,RP014,2:15|2:26,6.4724,-1.165,44.82,-2.978,10.245,0.44,0.440138,0.000138,4.4,4.383585,-0.016415,0.52,0.561719,0.041719,2.0,1.969646,-0.030354
27619,PI-SIDIS,matched,coherent,RP014,2:15|2:26,6.4724,-1.165,44.82,-2.978,10.245,0.44,0.440138,0.000138,4.4,4.383585,-0.016415,0.52,0.561719,0.041719,2.0,1.969646,-0.030354
27620,PI-SIDIS,matched,coherent,RP014,2:15|2:26,6.4724,-1.165,44.82,-2.978,10.245,0.44,0.440138,0.000138,4.4,4.383585,-0.016415,0.52,0.561719,0.041719,2.0,1.969646,-0.030354
27621,PI-SIDIS,matched,coherent,RP014,2:15|2:26,6.4724,-1.165,44.82,-2.978,10.245,0.44,0.440138,0.000138,4.4,4.383585,-0.016415,0.52,0.561719,0.041719,2.0,1.969646,-0.030354
27622,PI-SIDIS,matched,coherent,RP014,2:15|2:26,6.4724,-1.165,44.82,-2.978,10.245,0.44,0.440138,0.000138,4.4,4.383585,-0.016415,0.52,0.561719,0.041719,2.0,1.969646,-0.030354
27623,PI-SIDIS,matched,coherent,RP014,2:15|2:26,6.4724,-1.165,44.82,-2.978,10.245,0.44,0.440138,0.000138,4.4,4.383585,-0.016415,0.52,0.561719,0.041719,2.0,1.969646,-0.030354
27624,PI-SIDIS,matched,coherent,RP014,2:15|2:26,6.4724,-1.165,44.82,-2.978,10.245,0.44,0.440138,0.000138,4.4,4.383585,-0.016415,0.52,0.561719,0.041719,2.0,1.969646,-0.030354
27625,PI-SIDIS,matched,coherent,RP014,2:15|2:26,6.4724,-1.165,44.82,-2.978,10.245,0.44,0.440138,0.000138,4.4,4.383585,-0.016415,0.52,0.561719,0.041719,2.0,1.969646,-0.030354
27626,PI-SIDIS,matched,coherent,RP014,2:15|2:26,6.4724,-1.165,44.82,-2.978,10.245,0.44,0.440138,0.000138,4.4,4.383585,-0.016415,0.52,0.561719,0.041719,2.0,1.969646,-0.030354
27627,PI-SIDIS,matched,coherent,RP014,2:15|2:26,6.4724,-1.165,44.82,-2.978,10.245,0.44,0.440138,0.000138,4.4,4.383585,-0.016415,0.52,0.561719,0.041719,2.0,1.969646,-0.030354
27628,PI-SIDIS,matched,coherent,RP014,2:15|2:26,6.4724,-1.165,44.82,-2.978,10.245,0.44,0.440138,0.000138,4.4,4.383585,-0.016415,0.52,0.561719,0.041719,2.0,1.969646,-0.030354
27629,PI-SIDIS,matched,coherent,RP014,2:15|2:26,6.4724,-1.165,44.82,-2.978,10.245,0.44,0.440138,0.000138,4.4,4.383585,-0.016415,0.52,0.561719,0.041719,2.0,1.969646,-0.030354
27630,PI-SIDIS,matched,coherent,RP014,2:15|2:26,6.4724,-1.165,44.82,-2.978,10.245,0.44,0.440138,0.000138,4.4,4.383585,-0.016415,0.52,0.561719,0.041719,2.0,1.969646,-0.030354
27631,PI-SIDIS,matched,coherent,RP014,2:15|2:26,6.4724,-1.165,44.82,-2.978,10.245,0.44,0.440138,0.000138,4.4,4.383585,-0.016415,0.52,0.561719,0.041719,2.0,1.969646,-0.030354
27632,PI-SIDIS,matched,coherent,RP014,2:15|2:26,6.4724,-1.165,44.82,-2.978,10.245,0.44,0.440138,0.000138,4.4,4.383585,-0.016415,0.52,0.561719,0.041719,2.0,1.969646,-0.030354
27633,PI-SIDIS,matched,coherent,RP014,2:15|2:26,6.4724,-1.165,44.82,-2.978,10.245,0.44,0.440138,0.000138,4.4,4.383585,-0.016415,0.52,0.561719,0.041719,2.0,1.969646,-0.030354
27634,PI-SIDIS,matched,coherent,RP014,2:15|2:26,6.4724,-1.165,44.82,-2.978,10.245,0.44,0.440138,0.000138,4.4,4.383585,-0.016415,0.52,0.561719,0.041719,2.0,1.969646,-0.030354
27635,PI-SIDIS,matched,coherent,RP014,2:15|2:26,6.4724,-1.165,44.82,-2.978,10.245,0.44,0.440138,0.000138,4.4,4.383585,-0.016415,0.52,0.561719,0.041719,2.0,1.969646,-0.030354
27636,PI-SIDIS,matched,coherent,RP014,2:15|2:26,6.4724,-1.165,44.82,-2.978,10.245,0.44,0.440138,0.000138,4.4,4.383585,-0.016415,0.52,0.561719,0.041719,2.0,1.969646,-0.030354
27637,PI-SIDIS,matched,coherent,RP014,2:15|2:26,6.4724,-1.165,44.82,-2.978,10.245,0.44,0.440138,0.000138,4.4,4.383585,-0.016415,0.52,0.561719,0.041719,2.0,1.969646,-0.030354
27638,PI-SIDIS,matched,coherent,RP014,2:15|2:26,6.4724,-1.165,44.82,-2.978,10.245,0.44,0.440138,0.000138,4.4,4.383585,-0.016415,0.52,0.561719,0.041719,2.0,1.969646,-0.030354
27639,PI-SIDIS,matched,coherent,RP014,2:15|2:26,6.4724,-1.165,44.82,-2.978,10.245,0.44,0.440138,0.000138,4.4,4.383585,-0.016415,0.52,0.561719,0.041719,2.0,1.969646,-0.030354
27640,PI-SIDIS,matched,coherent,RP014,2:15|2:26,6.4724,-1.165,44.82,-2.978,10.245,0.44,0.440138,0.000138,4.4,4.383585,-0.016415,0.52,0.561719,0.041719,2.0,1.969646,-0.030354
27641,PI-SIDIS,matched,coherent,RP014,2:15|2:26,6.4724,-1.165,44.82,-2.978,10.245,0.44,0.440138,0.000138,4.4,4.383585,-0.016415,0.52,0.561719,0.041719,2.0,1.969646,-0.030354
27642,PI+SIDIS,matched,coherent,RP017,2:50,6.4724,-1.165,37.33,5.051,9.235,0.31,0.310173,0.000173,3.1,3.089188,-0.010812,0.9,0.952053,0.052053,2.0,1.975689,-0.024311
27643,PI+SIDIS,matched,coherent,RP017,2:50,6.4724,-1.165,37.33,5.051,9.235,0.31,0.310173,0.000173,3.1,3.089188,-0.010812,0.9,0.952053,0.052053,2.0,1.975689,-0.024311
27644,PI+SIDIS,matched,coherent,RP017,2:50,6.4724,-1.165,37.33,5.051,9.235,0.31,0.310173,0.000173,3.1,3.089188,-0.010812,0.9,0.952053,0.052053,2.0,1.975689,-0.024311
27650,PI+SIDIS,matched,coherent,RP018,2:52|2:55,6.4724,-1.165,37.33,2.806,9.235,0.31,0.310173,0.000173,3.1,3.089188,-0.010812,0.5,0.529349,0.029349,2.0,1.975689,-0.024311
27651,PI+SIDIS,matched,coherent,RP018,2:52|2:55,6.4724,-1.165,37.33,2.806,9.235,0.31,0.310173,0.000173,3.1,3.089188,-0.010812,0.5,0.529349,0.029349,2.0,1.975689,-0.024311
27652,PI+SIDIS,matched,coherent,RP018,2:52|2:55,6.4724,-1.165,37.33,2.806,9.235,0.31,0.310173,0.000173,3.1,3.089188,-0.010812,0.5,0.529349,0.029349,2.0,1.975689,-0.024311
27653,PI+SIDIS,matched,coherent,RP018,2:52|2:55,6.4724,-1.165,37.33,2.806,9.235,0.31,0.310173,0.000173,3.1,3.089188,-0.010812,0.5,0.529349,0.029349,2.0,1.975689,-0.024311
27654,PI+SIDIS,matched,coherent,RP018,2:52|2:55,6.4724,-1.165,37.33,2.806,9.235,0.31,0.310173,0.000173,3.1,3.089188,-0.010812,0.5,0.529349,0.029349,2.0,1.975689,-0.024311
27655,PI+SIDIS,matched,coherent,RP018,2:52|2:55,6.4724,-1.165,37.33,2.806,9.235,0.31,0.310173,0.000173,3.1,3.089188,-0.010812,0.5,0.529349,0.029349,2.0,1.975689,-0.024311
27656,PI+SIDIS,matched,coherent,RP018,2:52|2:55,6.4724,-1.165,37.33,2.806,9.235,0.31,0.310173,0.000173,3.1,3.089188,-0.010812,0.5,0.529349,0.029349,2.0,1.975689,-0.024311
27657,PI+SIDIS,matched,coherent,RP018,2:52|2:55,6.4724,-1.165,37.33,2.806,9.235,0.31,0.310173,0.000173,3.1,3.089188,-0.010812,0.5,0.529349,0.029349,2.0,1.975689,-0.024311
27658,PI+SIDIS,matched,coherent,RP018,2:52|2:55,6.4724,-1.165,37.33,2.806,9.235,0.31,0.310173,0.000173,3.1,3.089188,-0.010812,0.5,0.529349,0.029349,2.0,1.975689,-0.024311
27659,PI+SIDIS,matched,coherent,RP018,2:52|2:55,6.4724,-1.165,37.33,2.806,9.235,0.31,0.310173,0.000173,3.1,3.089188,-0.010812,0.5,0.529349,0.029349,2.0,1.975689,-0.024311
27660,HMSDIS,matched,coherent,RP018,2:52|2:55,6.4724,-1.165,37.33,2.806,9.235,0.31,0.310173,0.000173,3.1,3.089188,-0.010812,0.5,0.529349,0.029349,2.0,1.975689,-0.024311
27661,HMSDIS,matched,coherent,RP018,2:52|2:55,6.4724,-1.165,37.33,2.806,9.235,0.31,0.310173,0.000173,3.1,3.089188,-0.010812,0.5,0.529349,0.029349,2.0,1.975689,-0.024311
27662,HMSDIS,matched,coherent,RP018,2:52|2:55,6.4724,-1.165,37.33,2.806,9.235,0.31,0.310173,0.000173,3.1,3.089188,-0.010812,0.5,0.529349,0.029349,2.0,1.975689,-0.024311
27663,HMSDIS,matched,coherent,RP018,2:52|2:55,6.4724,-1.165,37.33,2.806,9.235,0.31,0.310173,0.000173,3.1,3.089188,-0.010812,0.5,0.529349,0.029349,2.0,1.975689,-0.024311
27664,PI+SIDIS,matched,coherent,RP018,2:52|2:55,6.4724,-1.165,37.33,2.806,9.235,0.31,0.310173,0.000173,3.1,3.089188,-0.010812,0.5,0.529349,0.029349,2.0,1.975689,-0.024311
27665,PI+SIDIS,matched,coherent,RP018,2:52|2:55,6.4724,-1.165,37.33,2.806,9.235,0.31,0.310173,0.000173,3.1,3.089188,-0.010812,0.5,0.529349,0.029349,2.0,1.975689,-0.024311
27666,PI+SIDIS,matched,coherent,RP018,2:52|2:55,6.4724,-1.165,37.33,2.806,9.235,0.31,0.310173,0.000173,3.1,3.089188,-0.010812,0.5,0.529349,0.029349,2.0,1.975689,-0.024311
27667,PI+SIDIS,matched,coherent,RP018,2:52|2:55,6.4724,-1.165,37.33,2.806,9.235,0.31,0.310173,0.000173,3.1,3.089188,-0.010812,0.5,0.529349,0.029349,2.0,1.975689,-0.024311
27668,PI+SIDIS,matched,coherent,RP018,2:52|2:55,6.4724,-1.165,37.33,2.806,9.235,0.31,0.310173,0.000173,3.1,3.089188,-0.010812,0.5,0.529349,0.029349,2.0,1.975689,-0.024311
27669,PI+SIDIS,matched,coherent,RP018,2:52|2:55,6.4724,-1.165,37.33,2.806,9.235,0.31,0.310173,0.000173,3.1,3.089188,-0.010812,0.5,0.529349,0.029349,2.0,1.975689,-0.024311
27670,PI+SIDIS,matched,coherent,RP018,2:52|2:55,6.4724,-1.165,37.33,2.806,9.235,0.31,0.310173,0.000173,3.1,3.089188,-0.010812,0.5,0.529349,0.029349,2.0,1.975689,-0.024311
27671,PI+SIDIS,matched,coherent,RP018,2:52|2:55,6.4724,-1.165,37.33,2.806,9.235,0.31,0.310173,0.000173,3.1,3.089188,-0.010812,0.5,0.529349,0.029349,2.0,1.975689,-0.024311
27672,PI+SIDIS,matched,coherent,RP018,2:52|2:55,6.4724,-1.165,37.33,2.806,9.235,0.31,0.310173,0.000173,3.1,3.089188,-0.010812,0.5,0.529349,0.029349,2.0,1.975689,-0.024311
27673,PI+SIDIS,matched,coherent,RP018,2:52|2:55,6.4724,-1.165,37.33,2.806,9.235,0.31,0.310173,0.000173,3.1,3.089188,-0.010812,0.5,0.529349,0.029349,2.0,1.975689,-0.024311
27674,PI+SIDIS,matched,coherent,RP018,2:52|2:55,6.4724,-1.165,37.33,2.806,9.235,0.31,0.310173,0.000173,3.1,3.089188,-0.010812,0.5,0.529349,0.029349,2.0,1.975689,-0.024311
27675,PI+SIDIS,matched,coherent,RP018,2:52|2:55,6.4724,-1.165,37.33,2.806,9.235,0.31,0.310173,0.000173,3.1,3.089188,-0.010812,0.5,0.529349,0.029349,2.0,1.975689,-0.024311
27676,HMSDIS,matched,coherent,RP018,2:52|2:55,6.4724,-1.165,37.33,2.806,9.235,0.31,0.310173,0.000173,3.1,3.089188,-0.010812,0.5,0.529349,0.029349,2.0,1.975689,-0.024311
27677,HMSDIS,matched,coherent,RP018,2:52|2:55,6.4724,-1.165,37.33,2.806,9.235,0.31,0.310173,0.000173,3.1,3.089188,-0.010812,0.5,0.529349,0.029349,2.0,1.975689,-0.024311
27678,PI+SIDIS,matched,coherent,RP018,2:52|2:55,6.4724,-1.165,37.33,2.806,9.235,0.31,0.310173,0.000173,3.1,3.089188,-0.010812,0.5,0.529349,0.029349,2.0,1.975689,-0.024311
27679,PI+SIDIS,matched,coherent,RP018,2:52|2:55,6.4724,-1.165,37.33,2.806,9.235,0.31,0.310173,0.000173,3.1,3.089188,-0.010812,0.5,0.529349,0.029349,2.0,1.975689,-0.024311
27680,HMSDIS,matched,coherent,RP018,2:52|2:55,6.4724,-1.165,37.33,2.806,9.235,0.31,0.310173,0.000173,3.1,3.089188,-0.010812,0.5,0.529349,0.029349,2.0,1.975689,-0.024311
27681,PI+SIDIS,matched,coherent,RP018,2:52|2:55,6.4724,-1.165,37.33,2.806,9.235,0.31,0.310173,0.000173,3.1,3.089188,-0.010812,0.5,0.529349,0.029349,2.0,1.975689,-0.024311
27682,PI+SIDIS,matched,coherent,RP018,2:52|2:55,6.4724,-1.165,37.33,2.806,9.235,0.31,0.310173,0.000173,3.1,3.089188,-0.010812,0.5,0.529349,0.029349,2.0,1.975689,-0.024311
27683,PI+SIDIS,matched,coherent,RP018,2:52|2:55,6.4724,-1.165,37.33,2.806,9.235,0.31,0.310173,0.000173,3.1,3.089188,-0.010812,0.5,0.529349,0.029349,2.0,1.975689,-0.024311
27684,PI+SIDIS,matched,coherent,RP018,2:52|2:55,6.4724,-1.165,37.33,2.806,9.235,0.31,0.310173,0.000173,3.1,3.089188,-0.010812,0.5,0.529349,0.029349,2.0,1.975689,-0.024311
27685,PI+SIDIS,matched,coherent,RP018,2:52|2:55,6.4724,-1.165,37.33,2.806,9.235,0.31,0.310173,0.000173,3.1,3.089188,-0.010812,0.5,0.529349,0.029349,2.0,1.975689,-0.024311
27686,PI+SIDIS,matched,coherent,RP018,2:52|2:55,6.4724,-1.165,37.33,2.806,9.235,0.31,0.310173,0.000173,3.1,3.089188,-0.010812,0.5,0.529349,0.029349,2.0,1.975689,-0.024311
27687,PI+SIDIS,matched,coherent,RP018,2:52|2:55,6.4724,-1.165,37.33,2.806,9.235,0.31,0.310173,0.000173,3.1,3.089188,-0.010812,0.5,0.529349,0.029349,2.0,1.975689,-0.024311
27688,PI+SIDIS,matched,coherent,RP018,2:52|2:55,6.4724,-1.165,37.33,2.806,9.235,0.31,0.310173,0.000173,3.1,3.089188,-0.010812,0.5,0.529349,0.029349,2.0,1.975689,-0.024311
27689,PI+SIDIS,matched,coherent,RP018,2:52|2:55,6.4724,-1.165,37.33,2.806,9.235,0.31,0.310173,0.000173,3.1,3.089188,-0.010812,0.5,0.529349,0.029349,2.0,1.975689,-0.024311
27690,PI+SIDIS,matched,coherent,RP018,2:52|2:55,6.4724,-1.165,37.33,2.806,9.235,0.31,0.310173,0.000173,3.1,3.089188,-0.010812,0.5,0.529349,0.029349,2.0,1.975689,-0.024311
27691,PI+SIDIS,matched,coherent,RP018,2:52|2:55,6.4724,-1.165,37.33,2.806,9.235,0.31,0.310173,0.000173,3.1,3.089188,-0.010812,0.5,0.529349,0.029349,2.0,1.975689,-0.024311
27692,PI+SIDIS,matched,coherent,RP018,2:52|2:55,6.4724,-1.165,37.33,2.806,9.235,0.31,0.310173,0.000173,3.1,3.089188,-0.010812,0.5,0.529349,0.029349,2.0,1.975689,-0.024311
27693,PI+SIDIS,matched,coherent,RP018,2:52|2:55,6.4724,-1.165,37.33,2.806,9.235,0.31,0.310173,0.000173,3.1,3.089188,-0.010812,0.5,0.529349,0.029349,2.0,1.975689,-0.024311
27694,PI+SIDIS,matched,coherent,RP018,2:52|2:55,6.4724,-1.165,37.33,2.806,9.235,0.31,0.310173,0.000173,3.1,3.089188,-0.010812,0.5,0.529349,0.029349,2.0,1.975689,-0.024311
27695,PI+SIDIS,matched,coherent,RP018,2:52|2:55,6.4724,-1.165,37.33,2.806,9.235,0.31,0.310173,0.000173,3.1,3.089188,-0.010812,0.5,0.529349,0.029349,2.0,1.975689,-0.024311
27696,PI+SIDIS,matched,coherent,RP018,2:52|2:55,6.4724,-1.165,37.33,2.806,9.235,0.31,0.310173,0.000173,3.1,3.089188,-0.010812,0.5,0.529349,0.029349,2.0,1.975689,-0.024311
27697,PI+SIDIS,matched,coherent,RP018,2:52|2:55,6.4724,-1.165,37.33,2.806,9.235,0.31,0.310173,0.000173,3.1,3.089188,-0.010812,0.5,0.529349,0.029349,2.0,1.975689,-0.024311
27698,PI+SIDIS,matched,coherent,RP018,2:52|2:55,6.4724,-1.165,37.33,2.806,9.235,0.31,0.310173,0.000173,3.1,3.089188,-0.010812,0.5,0.529349,0.029349,2.0,1.975689,-0.024311
27699,PI+SIDIS,matched,coherent,RP018,2:52|2:55,6.4724,-1.165,37.33,2.806,9.235,0.31,0.310173,0.000173,3.1,3.089188,-0.010812,0.5,0.529349,0.029349,2.0,1.975689,-0.024311
27700,PI+SIDIS,matched,coherent,RP018,2:52|2:55,6.4724,-1.165,37.33,2.806,9.235,0.31,0.310173,0.000173,3.1,3.089188,-0.010812,0.5,0.529349,0.029349,2.0,1.975689,-0.024311
27701,PI+SIDIS,matched,coherent,RP018,2:52|2:55,6.4724,-1.165,37.33,2.806,9.235,0.31,0.310173,0.000173,3.1,3.089188,-0.010812,0.5,0.529349,0.029349,2.0,1.975689,-0.024311
27702,PI+SIDIS,matched,coherent,RP018,2:52|2:55,6.4724,-1.165,37.33,2.806,9.235,0.31,0.310173,0.000173,3.1,3.089188,-0.010812,0.5,0.529349,0.029349,2.0,1.975689,-0.024311
27703,PI-SIDIS,matched,coherent,RP018,2:52|2:55,6.4724,-1.165,37.33,-2.806,9.235,0.31,0.310173,0.000173,3.1,3.089188,-0.010812,0.5,0.529349,0.029349,2.0,1.975689,-0.024311
27704,PI-SIDIS,matched,coherent,RP018,2:52|2:55,6.4724,-1.165,37.33,-2.806,9.235,0.31,0.310173,0.000173,3.1,3.089188,-0.010812,0.5,0.529349,0.029349,2.0,1.975689,-0.024311
27705,PI-SIDIS,matched,coherent,RP018,2:52|2:55,6.4724,-1.165,37.33,-2.806,9.235,0.31,0.310173,0.000173,3.1,3.089188,-0.010812,0.5,0.529349,0.029349,2.0,1.975689,-0.024311
27706,PI-SIDIS,matched,coherent,RP018,2:52|2:55,6.4724,-1.165,37.33,-2.806,9.235,0.31,0.310173,0.000173,3.1,3.089188,-0.010812,0.5,0.529349,0.029349,2.0,1.975689,-0.024311
27707,PI-SIDIS,matched,coherent,RP018,2:52|2:55,6.4724,-1.165,37.33,-2.806,9.235,0.31,0.310173,0.000173,3.1,3.089188,-0.010812,0.5,0.529349,0.029349,2.0,1.975689,-0.024311
27708,PI-SIDIS,matched,coherent,RP018,2:52|2:55,6.4724,-1.165,37.33,-2.806,9.235,0.31,0.310173,0.000173,3.1,3.089188,-0.010812,0.5,0.529349,0.029349,2.0,1.975689,-0.024311
27709,PI-SIDIS,matched,coherent,RP018,2:52|2:55,6.4724,-1.165,37.33,-2.806,9.235,0.31,0.310173,0.000173,3.1,3.089188,-0.010812,0.5,0.529349,0.029349,2.0,1.975689,-0.024311
27710,PI-SIDIS,matched,coherent,RP018,2:52|2:55,6.4724,-1.165,37.33,-2.806,9.235,0.31,0.310173,0.000173,3.1,3.089188,-0.010812,0.5,0.529349,0.029349,2.0,1.975689,-0.024311
27711,PI-SIDIS,matched,coherent,RP018,2:52|2:55,6.4724,-1.165,37.33,-2.806,9.235,0.31,0.310173,0.000173,3.1,3.089188,-0.010812,0.5,0.529349,0.029349,2.0,1.975689,-0.024311
27712,PI-SIDIS,matched,coherent,RP018,2:52|2:55,6.4724,-1.165,37.33,-2.806,9.235,0.31,0.310173,0.000173,3.1,3.089188,-0.010812,0.5,0.529349,0.029349,2.0,1.975689,-0.024311
27713,PI-SIDIS,matched,coherent,RP018,2:52|2:55,6.4724,-1.165,37.33,-2.806,9.235,0.31,0.310173,0.000173,3.1,3.089188,-0.010812,0.5,0.529349,0.029349,2.0,1.975689,-0.024311
27714,PI-SIDIS,matched,coherent,RP018,2:52|2:55,6.4724,-1.165,37.33,-2.806,9.235,0.31,0.310173,0.000173,3.1,3.089188,-0.010812,0.5,0.529349,0.029349,2.0,1.975689,-0.024311
27715,PI-SIDIS,matched,coherent,RP018,2:52|2:55,6.4724,-1.165,37.33,-2.806,9.235,0.31,0.310173,0.000173,3.1,3.089188,-0.010812,0.5,0.529349,0.029349,2.0,1.975689,-0.024311
27716,PI-SIDIS,matched,coherent,RP018,2:52|2:55,6.4724,-1.165,37.33,-2.806,9.235,0.31,0.310173,0.000173,3.1,3.089188,-0.010812,0.5,0.529349,0.029349,2.0,1.975689,-0.024311
27717,PI-SIDIS,matched,coherent,RP018,2:52|2:55,6.4724,-1.165,37.33,-2.806,9.235,0.31,0.310173,0.000173,3.1,3.089188,-0.010812,0.5,0.529349,0.029349,2.0,1.975689,-0.024311
27718,PI-SIDIS,matched,coherent,RP018,2:52|2:55,6.4724,-1.165,37.33,-2.806,9.235,0.31,0.310173,0.000173,3.1,3.089188,-0.010812,0.5,0.529349,0.029349,2.0,1.975689,-0.024311
27719,PI-SIDIS,matched,coherent,RP018,2:52|2:55,6.4724,-1.165,37.33,-2.806,9.235,0.31,0.310173,0.000173,3.1,3.089188,-0.010812,0.5,0.529349,0.029349,2.0,1.975689,-0.024311
27720,PI-SIDIS,matched,coherent,RP018,2:52|2:55,6.4724,-1.165,37.33,-2.806,9.235,0.31,0.310173,0.000173,3.1,3.089188,-0.010812,0.5,0.529349,0.029349,2.0,1.975689,-0.024311
27721,PI-SIDIS,matched,coherent,RP018,2:52|2:55,6.4724,-1.165,37.33,-2.806,9.235,0.31,0.310173,0.000173,3.1,3.089188,-0.010812,0.5,0.529349,0.029349,2.0,1.975689,-0.024311
27722,PI-SIDIS,matched,coherent,RP018,2:52|2:55,6.4724,-1.165,37.33,-2.806,9.235,0.31,0.310173,0.000173,3.1,3.089188,-0.010812,0.5,0.529349,0.029349,2.0,1.975689,-0.024311
27723,PI-SIDIS,matched,coherent,RP018,2:52|2:55,6.4724,-1.165,37.33,-2.806,9.235,0.31,0.310173,0.000173,3.1,3.089188,-0.010812,0.5,0.529349,0.029349,2.0,1.975689,-0.024311
27724,PI-SIDIS,matched,coherent,RP018,2:52|2:55,6.4724,-1.165,37.33,-2.806,9.235,0.31,0.310173,0.000173,3.1,3.089188,-0.010812,0.5,0.529349,0.029349,2.0,1.975689,-0.024311
27725,PI-SIDIS,matched,coherent,RP018,2:52|2:55,6.4724,-1.165,37.33,-2.806,9.235,0.31,0.310173,0.000173,3.1,3.089188,-0.010812,0.5,0.529349,0.029349,2.0,1.975689,-0.024311
27726,PI-SIDIS,matched,coherent,RP018,2:52|2:55,6.4724,-1.165,37.33,-2.806,9.235,0.31,0.310173,0.000173,3.1,3.089188,-0.010812,0.5,0.529349,0.029349,2.0,1.975689,-0.024311
27727,PI-SIDIS,matched,coherent,RP018,2:52|2:55,6.4724,-1.165,37.33,-2.806,9.235,0.31,0.310173,0.000173,3.1,3.089188,-0.010812,0.5,0.529349,0.029349,2.0,1.975689,-0.024311
27728,PI-SIDIS,matched,coherent,RP018,2:52|2:55,6.4724,-1.165,37.33,-2.806,9.235,0.31,0.310173,0.000173,3.1,3.089188,-0.010812,0.5,0.529349,0.029349,2.0,1.975689,-0.024311
27730,PI-SIDIS,matched,coherent,RP018,2:52|2:55,6.4724,-1.165,37.33,-2.806,9.235,0.31,0.310173,0.000173,3.1,3.089188,-0.010812,0.5,0.529349,0.029349,2.0,1.975689,-0.024311
27731,PI-SIDIS,matched,coherent,RP018,2:52|2:55,6.4724,-1.165,37.33,-2.806,9.235,0.31,0.310173,0.000173,3.1,3.089188,-0.010812,0.5,0.529349,0.029349,2.0,1.975689,-0.024311
27732,PI-SIDIS,matched,coherent,RP018,2:52|2:55,6.4724,-1.165,37.33,-2.806,9.235,0.31,0.310173,0.000173,3.1,3.089188,-0.010812,0.5,0.529349,0.029349,2.0,1.975689,-0.024311
27733,HMSHEEP,unmatched,unmatched,,,6.4724,-3.7,27.0,3.61,27.72,-999,1.00342,-999,-999,5.220325,-999,-999,1.303094,-999,-999,-0.156477,-999
27734,HMSHEEP,unmatched,unmatched,,,6.4724,-3.7,27.0,3.61,27.72,-999,1.00342,-999,-999,5.220325,-999,-999,1.303094,-999,-999,-0.156477,-999
27735,HMSHEE,unmatched,unmatched,,,6.4724,-3.7,27.0,3.61,27.72,-999,1.00342,-999,-999,5.220325,-999,-999,1.303094,-999,-999,-0.156477,-999
27736,HMSHEEP,unmatched,unmatched,,,6.4724,-3.7,27.0,3.61,27.72,-999,1.00342,-999,-999,5.220325,-999,-999,1.303094,-999,-999,-0.156477,-999
27737,HMSHEE,unmatched,unmatched,,,6.4724,-3.7,27.0,3.61,27.72,-999,1.00342,-999,-999,5.220325,-999,-999,1.303094,-999,-999,-0.156477,-999
27738,HMSHEE,unmatched,unmatched,,,6.4724,-3.7,27.0,3.61,27.72,-999,1.00342,-999,-999,5.220325,-999,-999,1.303094,-999,-999,-0.156477,-999
27739,HMSHEEP,unmatched,unmatched,,,6.4724,-3.318,30.5,4.01,24.825,-999,1.004016,-999,-999,5.943145,-999,-999,1.27201,-999,-999,-0.162012,-999
27740,HMSHEEP,unmatched,unmatched,,,6.4724,-3.318,30.5,4.01,24.825,-999,1.004016,-999,-999,5.943145,-999,-999,1.27201,-999,-999,-0.162012,-999
27741,HMSHEE,unmatched,unmatched,,,6.4724,-3.318,30.5,4.01,24.825,-999,1.004016,-999,-999,5.943145,-999,-999,1.27201,-999,-999,-0.162012,-999
27742,HMSHEEP,unmatched,unmatched,,,6.4724,-3.318,30.5,4.01,24.825,-999,1.004016,-999,-999,5.943145,-999,-999,1.27201,-999,-999,-0.162012,-999
27743,HMSHEE,unmatched,unmatched,,,6.4724,-3.318,30.5,4.01,24.825,-999,1.004016,-999,-999,5.943145,-999,-999,1.27201,-999,-999,-0.162012,-999
27744,HMSHEE,unmatched,unmatched,,,6.4724,-3.318,30.5,4.01,24.825,-999,1.004016,-999,-999,5.943145,-999,-999,1.27201,-999,-999,-0.162012,-999
27745,PI+SIDIS,matched,coherent,RP014,2:15|2:26,6.4724,1.165,44.83,2.978,10.25,0.44,0.440324,0.000324,4.4,4.38544,-0.01456,0.52,0.561719,0.041719,2.0,1.97342,-0.02658
27746,PI+SIDIS,matched,coherent,RP014,2:15|2:26,6.4724,1.165,44.83,2.978,10.25,0.44,0.440324,0.000324,4.4,4.38544,-0.01456,0.52,0.561719,0.041719,2.0,1.97342,-0.02658
27747,PI+SIDIS,matched,coherent,RP014,2:15|2:26,6.4724,1.165,44.83,2.978,10.25,0.44,0.440324,0.000324,4.4,4.38544,-0.01456,0.52,0.561719,0.041719,2.0,1.97342,-0.02658
27748,PI+SIDIS,matched,coherent,RP014,2:15|2:26,6.4724,1.165,44.83,2.978,10.25,0.44,0.440324,0.000324,4.4,4.38544,-0.01456,0.52,0.561719,0.041719,2.0,1.97342,-0.02658
27749,PI-SIDIS,matched,coherent,GT031,KINEMATIC_TABLE row 31,6.4724,1.165,37.325,-2.806,9.43,0.31,0.310093,9.3e-05,3.1,3.08839,-0.01161,0.5,0.529349,0.029349,2.2,2.171431,-0.028569
27750,PI-SIDIS,matched,coherent,GT031,KINEMATIC_TABLE row 31,6.4724,1.165,37.325,-2.806,9.43,0.31,0.310093,9.3e-05,3.1,3.08839,-0.01161,0.5,0.529349,0.029349,2.2,2.171431,-0.028569
27751,PI-SIDIS,matched,coherent,GT031,KINEMATIC_TABLE row 31,6.4724,1.165,37.325,-2.806,9.43,0.31,0.310093,9.3e-05,3.1,3.08839,-0.01161,0.5,0.529349,0.029349,2.2,2.171431,-0.028569
27752,PI-SIDIS,matched,coherent,GT031,KINEMATIC_TABLE row 31,6.4724,1.165,37.325,-2.806,9.43,0.31,0.310093,9.3e-05,3.1,3.08839,-0.01161,0.5,0.529349,0.029349,2.2,2.171431,-0.028569
27753,PI+SIDIS,matched,coherent,GT031,KINEMATIC_TABLE row 31,6.4724,1.165,37.325,2.806,9.43,0.31,0.310093,9.3e-05,3.1,3.08839,-0.01161,0.5,0.529349,0.029349,2.2,2.171431,-0.028569
27754,PI+SIDIS,matched,coherent,GT031,KINEMATIC_TABLE row 31,6.4724,1.165,37.325,2.806,9.43,0.31,0.310093,9.3e-05,3.1,3.08839,-0.01161,0.5,0.529349,0.029349,2.2,2.171431,-0.028569
27756,PI-SIDIS,matched,coherent,GT034,KINEMATIC_TABLE row 34,8.5814,-3.254,13.76,-2.661,10.12,0.16,0.160326,0.000326,1.6,1.602799,0.002799,0.5,0.50018,0.00018,2.0,1.994214,-0.005786
27757,PI-SIDIS,matched,coherent,GT034,KINEMATIC_TABLE row 34,8.5814,-3.254,13.76,-2.661,10.12,0.16,0.160326,0.000326,1.6,1.602799,0.002799,0.5,0.50018,0.00018,2.0,1.994214,-0.005786
27758,PI-SIDIS,matched,coherent,RP019,2:65|2:71,8.5814,-3.254,13.76,-2.738,10.12,0.16,0.160326,0.000326,1.6,1.602799,0.002799,0.5,0.514614,0.014614,2.0,1.994214,-0.005786
27759,PI-SIDIS,matched,coherent,RP019,2:65|2:71,8.5814,-3.254,13.76,-2.738,10.12,0.16,0.160326,0.000326,1.6,1.602799,0.002799,0.5,0.514614,0.014614,2.0,1.994214,-0.005786
27760,PI-SIDIS,matched,coherent,RP019,2:65|2:71,8.5814,-3.254,13.76,-2.738,10.12,0.16,0.160326,0.000326,1.6,1.602799,0.002799,0.5,0.514614,0.014614,2.0,1.994214,-0.005786
27761,HMSDIS,matched,coherent,RP019,2:65|2:71,8.5814,-3.254,13.76,-2.738,10.12,0.16,0.160326,0.000326,1.6,1.602799,0.002799,0.5,0.514614,0.014614,2.0,1.994214,-0.005786
27762,PI-SIDIS,matched,coherent,RP019,2:65|2:71,8.5814,-3.254,13.76,-2.738,10.12,0.16,0.160326,0.000326,1.6,1.602799,0.002799,0.5,0.514614,0.014614,2.0,1.994214,-0.005786
27763,PI-SIDIS,matched,coherent,RP019,2:65|2:71,8.5814,-3.254,13.76,-2.738,10.12,0.16,0.160326,0.000326,1.6,1.602799,0.002799,0.5,0.514614,0.014614,2.0,1.994214,-0.005786
27764,HMSDIS,matched,coherent,RP019,2:65|2:71,8.5814,-3.254,13.76,-2.738,10.12,0.16,0.160326,0.000326,1.6,1.602799,0.002799,0.5,0.514614,0.014614,2.0,1.994214,-0.005786
27765,PI-SIDIS,matched,coherent,GT036,KINEMATIC_TABLE row 36,8.5814,-3.254,13.76,-2.738,8.26,0.16,0.160326,0.000326,1.6,1.602799,0.002799,0.5,0.514614,0.014614,0.1,0.134214,0.034214
27766,PI-SIDIS,matched,coherent,GT036,KINEMATIC_TABLE row 36,8.5814,-3.254,13.76,-2.738,8.26,0.16,0.160326,0.000326,1.6,1.602799,0.002799,0.5,0.514614,0.014614,0.1,0.134214,0.034214
27767,PI-SIDIS,matched,coherent,GT036,KINEMATIC_TABLE row 36,8.5814,-3.254,13.76,-2.738,8.26,0.16,0.160326,0.000326,1.6,1.602799,0.002799,0.5,0.514614,0.014614,0.1,0.134214,0.034214
27768,PI-SIDIS,matched,coherent,GT036,KINEMATIC_TABLE row 36,8.5814,-3.254,13.76,-2.738,8.26,0.16,0.160326,0.000326,1.6,1.602799,0.002799,0.5,0.514614,0.014614,0.1,0.134214,0.034214
27769,PI+SIDIS,matched,coherent,GT036,KINEMATIC_TABLE row 36,8.5814,-3.254,13.76,2.738,8.26,0.16,0.160326,0.000326,1.6,1.602799,0.002799,0.5,0.514614,0.014614,0.1,0.134214,0.034214
27770,PI+SIDIS,matched,coherent,GT036,KINEMATIC_TABLE row 36,8.5814,-3.254,13.76,2.738,8.26,0.16,0.160326,0.000326,1.6,1.602799,0.002799,0.5,0.514614,0.014614,0.1,0.134214,0.034214
27771,PI+SIDIS,matched,coherent,GT036,KINEMATIC_TABLE row 36,8.5814,-3.254,13.76,2.738,8.26,0.16,0.160326,0.000326,1.6,1.602799,0.002799,0.5,0.514614,0.014614,0.1,0.134214,0.034214
27772,PI+SIDIS,matched,coherent,RP021,2:69,8.5814,-3.254,13.76,4.929,10.13,0.16,0.160326,0.000326,1.6,1.602799,0.002799,0.9,0.925588,0.025588,2.0,2.004214,0.004214
27773,PI+SIDIS,matched,coherent,RP021,2:69,8.5814,-3.254,13.76,4.929,10.13,0.16,0.160326,0.000326,1.6,1.602799,0.002799,0.9,0.925588,0.025588,2.0,2.004214,0.004214
27774,PI+SIDIS,matched,coherent,RP019,2:65|2:71,8.5814,-3.254,13.76,2.738,10.13,0.16,0.160326,0.000326,1.6,1.602799,0.002799,0.5,0.514614,0.014614,2.0,2.004214,0.004214
27775,PI+SIDIS,matched,coherent,RP019,2:65|2:71,8.5814,-3.254,13.76,2.738,10.13,0.16,0.160326,0.000326,1.6,1.602799,0.002799,0.5,0.514614,0.014614,2.0,2.004214,0.004214
27776,PI+SIDIS,matched,coherent,RP019,2:65|2:71,8.5814,-3.254,13.76,2.738,10.13,0.16,0.160326,0.000326,1.6,1.602799,0.002799,0.5,0.514614,0.014614,2.0,2.004214,0.004214
27777,PI+SIDIS,matched,coherent,RP019,2:65|2:71,8.5814,-3.254,13.76,2.738,10.13,0.16,0.160326,0.000326,1.6,1.602799,0.002799,0.5,0.514614,0.014614,2.0,2.004214,0.004214
27778,PI+SIDIS,matched,coherent,RP019,2:65|2:71,8.5814,-3.254,13.76,2.738,10.13,0.16,0.160326,0.000326,1.6,1.602799,0.002799,0.5,0.514614,0.014614,2.0,2.004214,0.004214
27779,HMSDIS,matched,coherent,RP019,2:65|2:71,8.5814,-3.254,13.76,2.738,10.13,0.16,0.160326,0.000326,1.6,1.602799,0.002799,0.5,0.514614,0.014614,2.0,2.004214,0.004214
27780,HMSDIS,matched,coherent,RP019,2:65|2:71,8.5814,-3.254,13.76,2.738,10.13,0.16,0.160326,0.000326,1.6,1.602799,0.002799,0.5,0.514614,0.014614,2.0,2.004214,0.004214
27783,PI+SIDIS,matched,coherent,RP019,2:65|2:71,8.5814,-3.254,13.76,2.738,10.13,0.16,0.160326,0.000326,1.6,1.602799,0.002799,0.5,0.514614,0.014614,2.0,2.004214,0.004214
27786,HMSDIS,matched,coherent,RP019,2:65|2:71,8.5814,-3.254,13.76,2.738,10.13,0.16,0.160326,0.000326,1.6,1.602799,0.002799,0.5,0.514614,0.014614,2.0,2.004214,0.004214
27787,PI+SIDIS,matched,coherent,RP022,2:76,8.5814,-3.254,16.125,4.978,11.415,0.22,0.21978,-0.00022,2.2,2.197159,-0.002841,0.9,0.934782,0.034782,2.0,2.008793,0.008793
27788,PI+SIDIS,matched,coherent,RP022,2:76,8.5814,-3.254,16.125,4.978,11.415,0.22,0.21978,-0.00022,2.2,2.197159,-0.002841,0.9,0.934782,0.034782,2.0,2.008793,0.008793
27789,PI+SIDIS,matched,coherent,RP023,2:78|2:86,8.5814,-3.254,16.125,2.766,11.415,0.22,0.21978,-0.00022,2.2,2.197159,-0.002841,0.5,0.519863,0.019863,2.0,2.008793,0.008793
27790,PI+SIDIS,matched,coherent,RP023,2:78|2:86,8.5814,-3.254,16.125,2.766,11.415,0.22,0.21978,-0.00022,2.2,2.197159,-0.002841,0.5,0.519863,0.019863,2.0,2.008793,0.008793
27791,PI+SIDIS,matched,coherent,RP023,2:78|2:86,8.5814,-3.254,16.125,2.766,11.415,0.22,0.21978,-0.00022,2.2,2.197159,-0.002841,0.5,0.519863,0.019863,2.0,2.008793,0.008793
27792,HMSDIS,matched,coherent,RP023,2:78|2:86,8.5814,-3.254,16.125,2.766,11.415,0.22,0.21978,-0.00022,2.2,2.197159,-0.002841,0.5,0.519863,0.019863,2.0,2.008793,0.008793
27793,HMSDIS,matched,coherent,RP023,2:78|2:86,8.5814,-3.254,16.125,2.766,11.415,0.22,0.21978,-0.00022,2.2,2.197159,-0.002841,0.5,0.519863,0.019863,2.0,2.008793,0.008793
27794,HMSDIS,matched,coherent,RP023,2:78|2:86,8.5814,-3.254,16.125,2.766,11.415,0.22,0.21978,-0.00022,2.2,2.197159,-0.002841,0.5,0.519863,0.019863,2.0,2.008793,0.008793
27795,HMSDIS,matched,coherent,RP023,2:78|2:86,8.5814,-3.254,16.125,2.766,11.415,0.22,0.21978,-0.00022,2.2,2.197159,-0.002841,0.5,0.519863,0.019863,2.0,2.008793,0.008793
27796,PI+SIDIS,matched,coherent,RP023,2:78|2:86,8.5814,-3.254,16.125,2.766,11.415,0.22,0.21978,-0.00022,2.2,2.197159,-0.002841,0.5,0.519863,0.019863,2.0,2.008793,0.008793
27798,HMSDIS,matched,coherent,RP023,2:78|2:86,8.5814,-3.254,16.125,2.766,11.415,0.22,0.21978,-0.00022,2.2,2.197159,-0.002841,0.5,0.519863,0.019863,2.0,2.008793,0.008793
27799,PI+SIDIS,matched,coherent,RP024,2:81|2:83,8.5814,-3.254,16.125,2.766,8.405,0.22,0.21978,-0.00022,2.2,2.197159,-0.002841,0.5,0.519863,0.019863,-1.0,-1.001207,-0.001207
27800,PI+SIDIS,matched,coherent,RP024,2:81|2:83,8.5814,-3.254,16.125,2.766,8.405,0.22,0.21978,-0.00022,2.2,2.197159,-0.002841,0.5,0.519863,0.019863,-1.0,-1.001207,-0.001207
27801,PI+SIDIS,matched,coherent,RP024,2:81|2:83,8.5814,-3.254,16.125,2.766,8.405,0.22,0.21978,-0.00022,2.2,2.197159,-0.002841,0.5,0.519863,0.019863,-1.0,-1.001207,-0.001207
27802,PI+SIDIS,matched,coherent,RP024,2:81|2:83,8.5814,-3.254,16.125,2.766,8.405,0.22,0.21978,-0.00022,2.2,2.197159,-0.002841,0.5,0.519863,0.019863,-1.0,-1.001207,-0.001207
27803,PI-SIDIS,matched,coherent,RP024,2:81|2:83,8.5814,-3.254,16.125,-2.766,8.405,0.22,0.21978,-0.00022,2.2,2.197159,-0.002841,0.5,0.519863,0.019863,-1.0,-1.001207,-0.001207
27804,PI-SIDIS,matched,coherent,RP024,2:81|2:83,8.5814,-3.254,16.125,-2.766,8.405,0.22,0.21978,-0.00022,2.2,2.197159,-0.002841,0.5,0.519863,0.019863,-1.0,-1.001207,-0.001207
27805,PI-SIDIS,matched,coherent,RP024,2:81|2:83,8.5814,-3.254,16.125,-2.766,8.405,0.22,0.21978,-0.00022,2.2,2.197159,-0.002841,0.5,0.519863,0.019863,-1.0,-1.001207,-0.001207
27806,PI-SIDIS,matched,coherent,RP024,2:81|2:83,8.5814,-3.254,16.125,-2.766,8.405,0.22,0.21978,-0.00022,2.2,2.197159,-0.002841,0.5,0.519863,0.019863,-1.0,-1.001207,-0.001207
27807,PI-SIDIS,matched,coherent,RP023,2:78|2:86,8.5814,-3.254,16.125,-2.766,11.395,0.22,0.21978,-0.00022,2.2,2.197159,-0.002841,0.5,0.519863,0.019863,2.0,1.988793,-0.011207
27809,PI-SIDIS,matched,coherent,RP023,2:78|2:86,8.5814,-3.254,16.125,-2.766,11.395,0.22,0.21978,-0.00022,2.2,2.197159,-0.002841,0.5,0.519863,0.019863,2.0,1.988793,-0.011207
27810,PI-SIDIS,matched,coherent,RP023,2:78|2:86,8.5814,-3.254,16.125,-2.766,11.395,0.22,0.21978,-0.00022,2.2,2.197159,-0.002841,0.5,0.519863,0.019863,2.0,1.988793,-0.011207
27811,PI-SIDIS,matched,coherent,RP023,2:78|2:86,8.5814,-3.254,16.125,-2.766,11.395,0.22,0.21978,-0.00022,2.2,2.197159,-0.002841,0.5,0.519863,0.019863,2.0,1.988793,-0.011207
27812,PI-SIDIS,matched,coherent,RP023,2:78|2:86,8.5814,-3.254,16.125,-2.766,11.395,0.22,0.21978,-0.00022,2.2,2.197159,-0.002841,0.5,0.519863,0.019863,2.0,1.988793,-0.011207
27813,PI-SIDIS,matched,coherent,RP023,2:78|2:86,8.5814,-3.254,16.125,-2.766,11.395,0.22,0.21978,-0.00022,2.2,2.197159,-0.002841,0.5,0.519863,0.019863,2.0,1.988793,-0.011207
27814,PI-SIDIS,matched,coherent,RP023,2:78|2:86,8.5814,-3.254,16.125,-2.766,11.395,0.22,0.21978,-0.00022,2.2,2.197159,-0.002841,0.5,0.519863,0.019863,2.0,1.988793,-0.011207
27815,PI-SIDIS,matched,coherent,RP023,2:78|2:86,8.5814,-3.254,16.125,-2.766,11.395,0.22,0.21978,-0.00022,2.2,2.197159,-0.002841,0.5,0.519863,0.019863,2.0,1.988793,-0.011207
27816,PI-SIDIS,matched,coherent,RP023,2:78|2:86,8.5814,-3.254,16.125,-2.766,11.395,0.22,0.21978,-0.00022,2.2,2.197159,-0.002841,0.5,0.519863,0.019863,2.0,1.988793,-0.011207
27817,PI-SIDIS,matched,coherent,RP023,2:78|2:86,8.5814,-3.254,16.125,-2.766,11.395,0.22,0.21978,-0.00022,2.2,2.197159,-0.002841,0.5,0.519863,0.019863,2.0,1.988793,-0.011207
27818,PI-SIDIS,matched,coherent,RP023,2:78|2:86,8.5814,-3.254,16.125,-2.766,11.395,0.22,0.21978,-0.00022,2.2,2.197159,-0.002841,0.5,0.519863,0.019863,2.0,1.988793,-0.011207
27819,PI-SIDIS,matched,coherent,RP023,2:78|2:86,8.5814,-3.254,16.125,-2.766,11.395,0.22,0.21978,-0.00022,2.2,2.197159,-0.002841,0.5,0.519863,0.019863,2.0,1.988793,-0.011207
27820,PI-SIDIS,matched,coherent,RP023,2:78|2:86,8.5814,-3.254,16.125,-2.766,11.395,0.22,0.21978,-0.00022,2.2,2.197159,-0.002841,0.5,0.519863,0.019863,2.0,1.988793,-0.011207
27821,PI-SIDIS,matched,coherent,RP023,2:78|2:86,8.5814,-3.254,16.125,-2.766,11.395,0.22,0.21978,-0.00022,2.2,2.197159,-0.002841,0.5,0.519863,0.019863,2.0,1.988793,-0.011207
27822,PI-SIDIS,matched,coherent,RP023,2:78|2:86,8.5814,-3.254,16.125,-2.766,11.395,0.22,0.21978,-0.00022,2.2,2.197159,-0.002841,0.5,0.519863,0.019863,2.0,1.988793,-0.011207
27823,PI-SIDIS,matched,coherent,RP023,2:78|2:86,8.5814,-3.254,16.125,-2.766,11.395,0.22,0.21978,-0.00022,2.2,2.197159,-0.002841,0.5,0.519863,0.019863,2.0,1.988793,-0.011207
27824,HMSDIS,matched,coherent,RP023,2:78|2:86,8.5814,-3.254,16.125,-2.766,11.395,0.22,0.21978,-0.00022,2.2,2.197159,-0.002841,0.5,0.519863,0.019863,2.0,1.988793,-0.011207
27825,PI-SIDIS,matched,coherent,RP023,2:78|2:86,8.5814,-3.254,16.125,-2.766,11.395,0.22,0.21978,-0.00022,2.2,2.197159,-0.002841,0.5,0.519863,0.019863,2.0,1.988793,-0.011207
27826,HMSDIS,matched,coherent,RP023,2:78|2:86,8.5814,-3.254,16.125,-2.766,11.395,0.22,0.21978,-0.00022,2.2,2.197159,-0.002841,0.5,0.519863,0.019863,2.0,1.988793,-0.011207
27827,PI-SIDIS,matched,coherent,RP023,2:78|2:86,8.5814,-3.254,16.125,-2.766,11.395,0.22,0.21978,-0.00022,2.2,2.197159,-0.002841,0.5,0.519863,0.019863,2.0,1.988793,-0.011207
27828,PI-SIDIS,matched,coherent,RP025,2:88|2:92,8.5814,-3.254,19.175,-2.806,12.98,0.31,0.309934,-6.6e-05,3.1,3.098446,-0.001554,0.5,0.527362,0.027362,2.0,1.99847,-0.00153
27829,PI-SIDIS,matched,coherent,RP025,2:88|2:92,8.5814,-3.254,19.175,-2.806,12.98,0.31,0.309934,-6.6e-05,3.1,3.098446,-0.001554,0.5,0.527362,0.027362,2.0,1.99847,-0.00153
27830,PI-SIDIS,matched,coherent,RP025,2:88|2:92,8.5814,-3.254,19.175,-2.806,12.98,0.31,0.309934,-6.6e-05,3.1,3.098446,-0.001554,0.5,0.527362,0.027362,2.0,1.99847,-0.00153
27831,PI-SIDIS,matched,coherent,RP025,2:88|2:92,8.5814,-3.254,19.175,-2.806,12.98,0.31,0.309934,-6.6e-05,3.1,3.098446,-0.001554,0.5,0.527362,0.027362,2.0,1.99847,-0.00153
27832,PI-SIDIS,matched,coherent,RP025,2:88|2:92,8.5814,-3.254,19.175,-2.806,12.98,0.31,0.309934,-6.6e-05,3.1,3.098446,-0.001554,0.5,0.527362,0.027362,2.0,1.99847,-0.00153
27833,PI-SIDIS,matched,coherent,RP025,2:88|2:92,8.5814,-3.254,19.175,-2.806,12.98,0.31,0.309934,-6.6e-05,3.1,3.098446,-0.001554,0.5,0.527362,0.027362,2.0,1.99847,-0.00153
27834,PI-SIDIS,matched,coherent,RP025,2:88|2:92,8.5814,-3.254,19.175,-2.806,12.98,0.31,0.309934,-6.6e-05,3.1,3.098446,-0.001554,0.5,0.527362,0.027362,2.0,1.99847,-0.00153
27835,HMSDIS,matched,coherent,RP025,2:88|2:92,8.5814,-3.254,19.175,-2.806,12.98,0.31,0.309934,-6.6e-05,3.1,3.098446,-0.001554,0.5,0.527362,0.027362,2.0,1.99847,-0.00153
27836,PI-SIDIS,matched,coherent,RP025,2:88|2:92,8.5814,-3.254,19.175,-2.806,12.98,0.31,0.309934,-6.6e-05,3.1,3.098446,-0.001554,0.5,0.527362,0.027362,2.0,1.99847,-0.00153
27837,PI-SIDIS,matched,coherent,RP025,2:88|2:92,8.5814,-3.254,19.175,-2.806,12.98,0.31,0.309934,-6.6e-05,3.1,3.098446,-0.001554,0.5,0.527362,0.027362,2.0,1.99847,-0.00153
27838,PI-SIDIS,matched,coherent,RP025,2:88|2:92,8.5814,-3.254,19.175,-2.806,12.98,0.31,0.309934,-6.6e-05,3.1,3.098446,-0.001554,0.5,0.527362,0.027362,2.0,1.99847,-0.00153
27839,PI-SIDIS,matched,coherent,RP025,2:88|2:92,8.5814,-3.254,19.175,-2.806,12.98,0.31,0.309934,-6.6e-05,3.1,3.098446,-0.001554,0.5,0.527362,0.027362,2.0,1.99847,-0.00153
27840,HMSDIS,matched,coherent,RP025,2:88|2:92,8.5814,-3.254,19.175,-2.806,12.98,0.31,0.309934,-6.6e-05,3.1,3.098446,-0.001554,0.5,0.527362,0.027362,2.0,1.99847,-0.00153
27841,PI+SIDIS,matched,coherent,RP026,2:90,8.5814,-3.254,19.175,5.051,12.98,0.31,0.309934,-6.6e-05,3.1,3.098446,-0.001554,0.9,0.948479,0.048479,2.0,1.99847,-0.00153
27842,PI+SIDIS,matched,coherent,RP026,2:90,8.5814,-3.254,19.175,5.051,12.98,0.31,0.309934,-6.6e-05,3.1,3.098446,-0.001554,0.9,0.948479,0.048479,2.0,1.99847,-0.00153
27843,PI+SIDIS,matched,coherent,RP026,2:90,8.5814,-3.254,19.175,5.051,12.98,0.31,0.309934,-6.6e-05,3.1,3.098446,-0.001554,0.9,0.948479,0.048479,2.0,1.99847,-0.00153
27844,PI+SIDIS,matched,coherent,RP025,2:88|2:92,8.5814,-3.254,19.175,2.806,12.98,0.31,0.309934,-6.6e-05,3.1,3.098446,-0.001554,0.5,0.527362,0.027362,2.0,1.99847,-0.00153
27845,PI+SIDIS,matched,coherent,RP025,2:88|2:92,8.5814,-3.254,19.175,2.806,12.98,0.31,0.309934,-6.6e-05,3.1,3.098446,-0.001554,0.5,0.527362,0.027362,2.0,1.99847,-0.00153
27846,PI+SIDIS,matched,coherent,RP025,2:88|2:92,8.5814,-3.254,19.175,2.806,12.98,0.31,0.309934,-6.6e-05,3.1,3.098446,-0.001554,0.5,0.527362,0.027362,2.0,1.99847,-0.00153
27847,PI+SIDIS,matched,coherent,RP025,2:88|2:92,8.5814,-3.254,19.175,2.806,12.98,0.31,0.309934,-6.6e-05,3.1,3.098446,-0.001554,0.5,0.527362,0.027362,2.0,1.99847,-0.00153
27848,PI+SIDIS,matched,coherent,RP025,2:88|2:92,8.5814,-3.254,19.175,2.806,12.98,0.31,0.309934,-6.6e-05,3.1,3.098446,-0.001554,0.5,0.527362,0.027362,2.0,1.99847,-0.00153
27849,PI+SIDIS,matched,coherent,RP025,2:88|2:92,8.5814,-3.254,19.175,2.806,12.98,0.31,0.309934,-6.6e-05,3.1,3.098446,-0.001554,0.5,0.527362,0.027362,2.0,1.99847,-0.00153
27850,HMSDIS,matched,coherent,RP025,2:88|2:92,8.5814,-3.254,19.175,2.806,12.98,0.31,0.309934,-6.6e-05,3.1,3.098446,-0.001554,0.5,0.527362,0.027362,2.0,1.99847,-0.00153
27852,PI+SIDIS,matched,coherent,RP025,2:88|2:92,8.5814,-3.254,19.175,2.806,12.98,0.31,0.309934,-6.6e-05,3.1,3.098446,-0.001554,0.5,0.527362,0.027362,2.0,1.99847,-0.00153
27853,PI+SIDIS,matched,coherent,RP025,2:88|2:92,8.5814,-3.254,19.175,2.806,12.98,0.31,0.309934,-6.6e-05,3.1,3.098446,-0.001554,0.5,0.527362,0.027362,2.0,1.99847,-0.00153
27854,HMSDIS,matched,coherent,RP025,2:88|2:92,8.5814,-3.254,19.175,2.806,12.98,0.31,0.309934,-6.6e-05,3.1,3.098446,-0.001554,0.5,0.527362,0.027362,2.0,1.99847,-0.00153
27855,PI+SIDIS,matched,coherent,RP025,2:88|2:92,8.5814,-3.254,19.175,2.806,12.98,0.31,0.309934,-6.6e-05,3.1,3.098446,-0.001554,0.5,0.527362,0.027362,2.0,1.99847,-0.00153
27856,HMSDIS,matched,coherent,RP025,2:88|2:92,8.5814,-3.254,19.175,2.806,12.98,0.31,0.309934,-6.6e-05,3.1,3.098446,-0.001554,0.5,0.527362,0.027362,2.0,1.99847,-0.00153
27857,HMSDIS,matched,coherent,RP025,2:88|2:92,8.5814,-3.254,19.175,2.806,12.98,0.31,0.309934,-6.6e-05,3.1,3.098446,-0.001554,0.5,0.527362,0.027362,2.0,1.99847,-0.00153
27858,PI+SIDIS,matched,coherent,RP027,2:95,8.5814,-3.254,22.895,5.154,14.79,0.44,0.4401,0.0001,4.4,4.399722,-0.000278,0.9,0.967806,0.067806,2.0,2.015856,0.015856
27859,PI+SIDIS,matched,coherent,RP027,2:95,8.5814,-3.254,22.895,5.154,14.79,0.44,0.4401,0.0001,4.4,4.399722,-0.000278,0.9,0.967806,0.067806,2.0,2.015856,0.015856
27860,PI+SIDIS,matched,coherent,RP028,2:97|2:104,8.5814,-3.254,22.895,3.837,14.79,0.44,0.4401,0.0001,4.4,4.399722,-0.000278,0.67,0.720715,0.050715,2.0,2.015856,0.015856
27861,PI+SIDIS,matched,coherent,RP028,2:97|2:104,8.5814,-3.254,22.895,3.837,14.79,0.44,0.4401,0.0001,4.4,4.399722,-0.000278,0.67,0.720715,0.050715,2.0,2.015856,0.015856
27862,PI+SIDIS,matched,coherent,RP028,2:97|2:104,8.5814,-3.254,22.895,3.837,14.79,0.44,0.4401,0.0001,4.4,4.399722,-0.000278,0.67,0.720715,0.050715,2.0,2.015856,0.015856
27863,PI+SIDIS,matched,coherent,RP028,2:97|2:104,8.5814,-3.254,22.895,3.837,14.79,0.44,0.4401,0.0001,4.4,4.399722,-0.000278,0.67,0.720715,0.050715,2.0,2.015856,0.015856
27864,PI+SIDIS,matched,coherent,RP028,2:97|2:104,8.5814,-3.254,22.895,3.837,14.79,0.44,0.4401,0.0001,4.4,4.399722,-0.000278,0.67,0.720715,0.050715,2.0,2.015856,0.015856
27865,HMSDIS,matched,coherent,RP028,2:97|2:104,8.5814,-3.254,22.895,3.837,14.79,0.44,0.4401,0.0001,4.4,4.399722,-0.000278,0.67,0.720715,0.050715,2.0,2.015856,0.015856
27867,PI+SIDIS,matched,coherent,RP028,2:97|2:104,8.5814,-3.254,22.895,3.837,14.79,0.44,0.4401,0.0001,4.4,4.399722,-0.000278,0.67,0.720715,0.050715,2.0,2.015856,0.015856
27868,PI+SIDIS,matched,coherent,RP028,2:97|2:104,8.5814,-3.254,22.895,3.837,14.79,0.44,0.4401,0.0001,4.4,4.399722,-0.000278,0.67,0.720715,0.050715,2.0,2.015856,0.015856
27870,HMSDIS,matched,coherent,RP028,2:97|2:104,8.5814,-3.254,22.895,3.837,14.79,0.44,0.4401,0.0001,4.4,4.399722,-0.000278,0.67,0.720715,0.050715,2.0,2.015856,0.015856
27871,PI+SIDIS,matched,coherent,RP028,2:97|2:104,8.5814,-3.254,22.895,3.837,14.79,0.44,0.4401,0.0001,4.4,4.399722,-0.000278,0.67,0.720715,0.050715,2.0,2.015856,0.015856
27872,PI+SIDIS,matched,coherent,RP028,2:97|2:104,8.5814,-3.254,22.895,3.837,14.79,0.44,0.4401,0.0001,4.4,4.399722,-0.000278,0.67,0.720715,0.050715,2.0,2.015856,0.015856
27873,PI+SIDIS,matched,coherent,RP028,2:97|2:104,8.5814,-3.254,22.895,3.837,14.79,0.44,0.4401,0.0001,4.4,4.399722,-0.000278,0.67,0.720715,0.050715,2.0,2.015856,0.015856
27874,PI+SIDIS,matched,coherent,RP028,2:97|2:104,8.5814,-3.254,22.895,3.837,14.79,0.44,0.4401,0.0001,4.4,4.399722,-0.000278,0.67,0.720715,0.050715,2.0,2.015856,0.015856
27875,PI+SIDIS,matched,coherent,RP029,2:99|2:106,8.5814,-3.254,22.895,2.978,14.79,0.44,0.4401,0.0001,4.4,4.399722,-0.000278,0.52,0.55961,0.03961,2.0,2.015856,0.015856
27876,PI+SIDIS,matched,coherent,RP029,2:99|2:106,8.5814,-3.254,22.895,2.978,14.79,0.44,0.4401,0.0001,4.4,4.399722,-0.000278,0.52,0.55961,0.03961,2.0,2.015856,0.015856
27877,PI+SIDIS,matched,coherent,RP029,2:99|2:106,8.5814,-3.254,22.895,2.978,14.79,0.44,0.4401,0.0001,4.4,4.399722,-0.000278,0.52,0.55961,0.03961,2.0,2.015856,0.015856
27878,PI+SIDIS,matched,coherent,RP029,2:99|2:106,8.5814,-3.254,22.895,2.978,14.79,0.44,0.4401,0.0001,4.4,4.399722,-0.000278,0.52,0.55961,0.03961,2.0,2.015856,0.015856
27879,HMSDIS,matched,coherent,RP029,2:99|2:106,8.5814,-3.254,22.895,2.978,14.79,0.44,0.4401,0.0001,4.4,4.399722,-0.000278,0.52,0.55961,0.03961,2.0,2.015856,0.015856
27881,PI+SIDIS,matched,coherent,RP029,2:99|2:106,8.5814,-3.254,22.895,2.978,14.79,0.44,0.4401,0.0001,4.4,4.399722,-0.000278,0.52,0.55961,0.03961,2.0,2.015856,0.015856
27883,PI+SIDIS,matched,coherent,RP029,2:99|2:106,8.5814,-3.254,22.895,2.978,14.79,0.44,0.4401,0.0001,4.4,4.399722,-0.000278,0.52,0.55961,0.03961,2.0,2.015856,0.015856
27884,PI+SIDIS,matched,coherent,RP029,2:99|2:106,8.5814,-3.254,22.895,2.978,14.79,0.44,0.4401,0.0001,4.4,4.399722,-0.000278,0.52,0.55961,0.03961,2.0,2.015856,0.015856
27885,HMSDIS,matched,coherent,RP029,2:99|2:106,8.5814,-3.254,22.895,2.978,14.79,0.44,0.4401,0.0001,4.4,4.399722,-0.000278,0.52,0.55961,0.03961,2.0,2.015856,0.015856
27886,PI+SIDIS,matched,coherent,RP029,2:99|2:106,8.5814,-3.254,22.895,2.978,14.79,0.44,0.4401,0.0001,4.4,4.399722,-0.000278,0.52,0.55961,0.03961,2.0,2.015856,0.015856
27887,PI+SIDIS,matched,coherent,RP029,2:99|2:106,8.5814,-3.254,22.895,2.978,14.79,0.44,0.4401,0.0001,4.4,4.399722,-0.000278,0.52,0.55961,0.03961,2.0,2.015856,0.015856
27888,PI+SIDIS,matched,coherent,RP029,2:99|2:106,8.5814,-3.254,22.895,2.978,14.79,0.44,0.4401,0.0001,4.4,4.399722,-0.000278,0.52,0.55961,0.03961,2.0,2.015856,0.015856
27891,PI+SIDIS,matched,coherent,RP029,2:99|2:106,8.5814,-3.254,22.895,2.978,14.79,0.44,0.4401,0.0001,4.4,4.399722,-0.000278,0.52,0.55961,0.03961,2.0,2.015856,0.015856
27892,PI+SIDIS,matched,coherent,RP029,2:99|2:106,8.5814,-3.254,22.895,2.978,14.79,0.44,0.4401,0.0001,4.4,4.399722,-0.000278,0.52,0.55961,0.03961,2.0,2.015856,0.015856
27893,PI+SIDIS,matched,coherent,RP029,2:99|2:106,8.5814,-3.254,22.895,2.978,14.79,0.44,0.4401,0.0001,4.4,4.399722,-0.000278,0.52,0.55961,0.03961,2.0,2.015856,0.015856
27894,HMSDIS,matched,coherent,RP029,2:99|2:106,8.5814,-3.254,22.895,2.978,14.79,0.44,0.4401,0.0001,4.4,4.399722,-0.000278,0.52,0.55961,0.03961,2.0,2.015856,0.015856
27895,HMSDIS,matched,coherent,RP029,2:99|2:106,8.5814,-3.254,22.895,2.978,14.79,0.44,0.4401,0.0001,4.4,4.399722,-0.000278,0.52,0.55961,0.03961,2.0,2.015856,0.015856
27896,HMSDIS,matched,coherent,RP029,2:99|2:106,8.5814,-3.254,22.895,2.978,14.79,0.44,0.4401,0.0001,4.4,4.399722,-0.000278,0.52,0.55961,0.03961,2.0,2.015856,0.015856
27897,HMSDIS,matched,coherent,RP029,2:99|2:106,8.5814,-3.254,22.895,2.978,14.79,0.44,0.4401,0.0001,4.4,4.399722,-0.000278,0.52,0.55961,0.03961,2.0,2.015856,0.015856
27898,PI+SIDIS,matched,coherent,RP029,2:99|2:106,8.5814,-3.254,22.895,2.978,14.79,0.44,0.4401,0.0001,4.4,4.399722,-0.000278,0.52,0.55961,0.03961,2.0,2.015856,0.015856
27899,PI+SIDIS,matched,coherent,RP029,2:99|2:106,8.5814,-3.254,22.895,2.978,14.79,0.44,0.4401,0.0001,4.4,4.399722,-0.000278,0.52,0.55961,0.03961,2.0,2.015856,0.015856
27900,PI+SIDIS,matched,coherent,RP029,2:99|2:106,8.5814,-3.254,22.895,2.978,14.79,0.44,0.4401,0.0001,4.4,4.399722,-0.000278,0.52,0.55961,0.03961,2.0,2.015856,0.015856
27901,PI+SIDIS,matched,coherent,RP029,2:99|2:106,8.5814,-3.254,22.895,2.978,14.79,0.44,0.4401,0.0001,4.4,4.399722,-0.000278,0.52,0.55961,0.03961,2.0,2.015856,0.015856
27902,PI+SIDIS,matched,coherent,RP029,2:99|2:106,8.5814,-3.254,22.895,2.978,14.79,0.44,0.4401,0.0001,4.4,4.399722,-0.000278,0.52,0.55961,0.03961,2.0,2.015856,0.015856
27903,HMSDIS,matched,coherent,RP029,2:99|2:106,8.5814,-3.254,22.895,2.978,14.79,0.44,0.4401,0.0001,4.4,4.399722,-0.000278,0.52,0.55961,0.03961,2.0,2.015856,0.015856
27904,HMSDIS,matched,coherent,RP029,2:99|2:106,8.5814,-3.254,22.895,2.978,14.79,0.44,0.4401,0.0001,4.4,4.399722,-0.000278,0.52,0.55961,0.03961,2.0,2.015856,0.015856
27905,PI+SIDIS,matched,coherent,RP029,2:99|2:106,8.5814,-3.254,22.895,2.978,14.79,0.44,0.4401,0.0001,4.4,4.399722,-0.000278,0.52,0.55961,0.03961,2.0,2.015856,0.015856
27906,PI+SIDIS,matched,coherent,RP029,2:99|2:106,8.5814,-3.254,22.895,2.978,14.79,0.44,0.4401,0.0001,4.4,4.399722,-0.000278,0.52,0.55961,0.03961,2.0,2.015856,0.015856
27907,PI+SIDIS,matched,coherent,RP029,2:99|2:106,8.5814,-3.254,22.895,2.978,14.79,0.44,0.4401,0.0001,4.4,4.399722,-0.000278,0.52,0.55961,0.03961,2.0,2.015856,0.015856
27908,PI+SIDIS,matched,coherent,RP029,2:99|2:106,8.5814,-3.254,22.895,2.978,14.79,0.44,0.4401,0.0001,4.4,4.399722,-0.000278,0.52,0.55961,0.03961,2.0,2.015856,0.015856
27909,PI+SIDIS,matched,coherent,RP029,2:99|2:106,8.5814,-3.254,22.895,2.978,14.79,0.44,0.4401,0.0001,4.4,4.399722,-0.000278,0.52,0.55961,0.03961,2.0,2.015856,0.015856
27910,HMSDIS,matched,coherent,RP029,2:99|2:106,8.5814,-3.254,22.895,2.978,14.79,0.44,0.4401,0.0001,4.4,4.399722,-0.000278,0.52,0.55961,0.03961,2.0,2.015856,0.015856
27911,HMSDIS,matched,coherent,RP029,2:99|2:106,8.5814,-3.254,22.895,2.978,14.79,0.44,0.4401,0.0001,4.4,4.399722,-0.000278,0.52,0.55961,0.03961,2.0,2.015856,0.015856
27912,PI+SIDIS,matched,coherent,RP029,2:99|2:106,8.5814,-3.254,22.895,2.978,14.79,0.44,0.4401,0.0001,4.4,4.399722,-0.000278,0.52,0.55961,0.03961,2.0,2.015856,0.015856
27913,PI+SIDIS,matched,coherent,RP029,2:99|2:106,8.5814,-3.254,22.895,2.978,14.79,0.44,0.4401,0.0001,4.4,4.399722,-0.000278,0.52,0.55961,0.03961,2.0,2.015856,0.015856
27914,PI+SIDIS,matched,coherent,RP029,2:99|2:106,8.5814,-3.254,22.895,2.978,14.79,0.44,0.4401,0.0001,4.4,4.399722,-0.000278,0.52,0.55961,0.03961,2.0,2.015856,0.015856
27915,PI+SIDIS,matched,coherent,RP029,2:99|2:106,8.5814,-3.254,22.895,2.978,14.79,0.44,0.4401,0.0001,4.4,4.399722,-0.000278,0.52,0.55961,0.03961,2.0,2.015856,0.015856
27916,PI+SIDIS,matched,coherent,RP029,2:99|2:106,8.5814,-3.254,22.895,2.978,14.79,0.44,0.4401,0.0001,4.4,4.399722,-0.000278,0.52,0.55961,0.03961,2.0,2.015856,0.015856
27918,PI+SIDIS,matched,coherent,RP029,2:99|2:106,8.5814,-3.254,22.895,2.978,14.79,0.44,0.4401,0.0001,4.4,4.399722,-0.000278,0.52,0.55961,0.03961,2.0,2.015856,0.015856
27925,PI+SIDIS,matched,coherent,RP029,2:99|2:106,8.5814,-3.254,22.895,2.978,14.79,0.44,0.4401,0.0001,4.4,4.399722,-0.000278,0.52,0.55961,0.03961,2.0,2.015856,0.015856
27926,PI+SIDIS,matched,coherent,RP029,2:99|2:106,8.5814,-3.254,22.895,2.978,14.79,0.44,0.4401,0.0001,4.4,4.399722,-0.000278,0.52,0.55961,0.03961,2.0,2.015856,0.015856
27927,PI+SIDIS,matched,coherent,RP029,2:99|2:106,8.5814,-3.254,22.895,2.978,14.79,0.44,0.4401,0.0001,4.4,4.399722,-0.000278,0.52,0.55961,0.03961,2.0,2.015856,0.015856
27928,PI+SIDIS,matched,coherent,RP029,2:99|2:106,8.5814,-3.254,22.895,2.978,14.79,0.44,0.4401,0.0001,4.4,4.399722,-0.000278,0.52,0.55961,0.03961,2.0,2.015856,0.015856
27929,PI+SIDIS,matched,coherent,RP029,2:99|2:106,8.5814,-3.254,22.895,2.978,14.79,0.44,0.4401,0.0001,4.4,4.399722,-0.000278,0.52,0.55961,0.03961,2.0,2.015856,0.015856
27931,PI+SIDIS,matched,coherent,RP029,2:99|2:106,8.5814,-3.254,22.895,2.978,14.79,0.44,0.4401,0.0001,4.4,4.399722,-0.000278,0.52,0.55961,0.03961,2.0,2.015856,0.015856
27932,PI-SIDIS,matched,coherent,RP028,2:97|2:104,8.5814,-3.254,22.895,-3.837,14.79,0.44,0.4401,0.0001,4.4,4.399722,-0.000278,0.67,0.720715,0.050715,2.0,2.015856,0.015856
27933,PI-SIDIS,matched,coherent,RP028,2:97|2:104,8.5814,-3.254,22.895,-3.837,14.79,0.44,0.4401,0.0001,4.4,4.399722,-0.000278,0.67,0.720715,0.050715,2.0,2.015856,0.015856
27934,PI-SIDIS,matched,coherent,RP028,2:97|2:104,8.5814,-3.254,22.895,-3.837,14.79,0.44,0.4401,0.0001,4.4,4.399722,-0.000278,0.67,0.720715,0.050715,2.0,2.015856,0.015856
27935,PI-SIDIS,matched,coherent,RP028,2:97|2:104,8.5814,-3.254,22.895,-3.837,14.79,0.44,0.4401,0.0001,4.4,4.399722,-0.000278,0.67,0.720715,0.050715,2.0,2.015856,0.015856
27936,PI-SIDIS,matched,coherent,RP028,2:97|2:104,8.5814,-3.254,22.895,-3.837,14.79,0.44,0.4401,0.0001,4.4,4.399722,-0.000278,0.67,0.720715,0.050715,2.0,2.015856,0.015856
27937,PI-SIDIS,matched,coherent,RP028,2:97|2:104,8.5814,-3.254,22.895,-3.837,14.79,0.44,0.4401,0.0001,4.4,4.399722,-0.000278,0.67,0.720715,0.050715,2.0,2.015856,0.015856
27938,PI-SIDIS,matched,coherent,RP028,2:97|2:104,8.5814,-3.254,22.895,-3.837,14.79,0.44,0.4401,0.0001,4.4,4.399722,-0.000278,0.67,0.720715,0.050715,2.0,2.015856,0.015856
27939,HMSDIS,matched,coherent,RP028,2:97|2:104,8.5814,-3.254,22.895,-3.837,14.79,0.44,0.4401,0.0001,4.4,4.399722,-0.000278,0.67,0.720715,0.050715,2.0,2.015856,0.015856
27940,PI-SIDIS,matched,coherent,RP028,2:97|2:104,8.5814,-3.254,22.895,-3.837,14.79,0.44,0.4401,0.0001,4.4,4.399722,-0.000278,0.67,0.720715,0.050715,2.0,2.015856,0.015856
27941,PI-SIDIS,matched,coherent,RP028,2:97|2:104,8.5814,-3.254,22.895,-3.837,14.79,0.44,0.4401,0.0001,4.4,4.399722,-0.000278,0.67,0.720715,0.050715,2.0,2.015856,0.015856
27942,PI-SIDIS,matched,coherent,RP028,2:97|2:104,8.5814,-3.254,22.895,-3.837,14.79,0.44,0.4401,0.0001,4.4,4.399722,-0.000278,0.67,0.720715,0.050715,2.0,2.015856,0.015856
27943,HMSDIS,matched,coherent,RP028,2:97|2:104,8.5814,-3.254,22.895,-3.837,14.79,0.44,0.4401,0.0001,4.4,4.399722,-0.000278,0.67,0.720715,0.050715,2.0,2.015856,0.015856
27944,PI-SIDIS,matched,coherent,RP028,2:97|2:104,8.5814,-3.254,22.895,-3.837,14.79,0.44,0.4401,0.0001,4.4,4.399722,-0.000278,0.67,0.720715,0.050715,2.0,2.015856,0.015856
27945,PI-SIDIS,matched,coherent,RP028,2:97|2:104,8.5814,-3.254,22.895,-3.837,14.79,0.44,0.4401,0.0001,4.4,4.399722,-0.000278,0.67,0.720715,0.050715,2.0,2.015856,0.015856
27946,PI-SIDIS,matched,coherent,RP028,2:97|2:104,8.5814,-3.254,22.895,-3.837,14.79,0.44,0.4401,0.0001,4.4,4.399722,-0.000278,0.67,0.720715,0.050715,2.0,2.015856,0.015856
27947,PI-SIDIS,matched,coherent,RP028,2:97|2:104,8.5814,-3.254,22.895,-3.837,14.79,0.44,0.4401,0.0001,4.4,4.399722,-0.000278,0.67,0.720715,0.050715,2.0,2.015856,0.015856
27948,PI-SIDIS,matched,coherent,RP028,2:97|2:104,8.5814,-3.254,22.895,-3.837,14.79,0.44,0.4401,0.0001,4.4,4.399722,-0.000278,0.67,0.720715,0.050715,2.0,2.015856,0.015856
27949,PI-SIDIS,matched,coherent,RP028,2:97|2:104,8.5814,-3.254,22.895,-3.837,14.79,0.44,0.4401,0.0001,4.4,4.399722,-0.000278,0.67,0.720715,0.050715,2.0,2.015856,0.015856
27951,PI-SIDIS,matched,coherent,RP028,2:97|2:104,8.5814,-3.254,22.895,-3.837,14.79,0.44,0.4401,0.0001,4.4,4.399722,-0.000278,0.67,0.720715,0.050715,2.0,2.015856,0.015856
27952,PI-SIDIS,matched,coherent,RP028,2:97|2:104,8.5814,-3.254,22.895,-3.837,14.79,0.44,0.4401,0.0001,4.4,4.399722,-0.000278,0.67,0.720715,0.050715,2.0,2.015856,0.015856
27953,PI-SIDIS,matched,coherent,RP028,2:97|2:104,8.5814,-3.254,22.895,-3.837,14.79,0.44,0.4401,0.0001,4.4,4.399722,-0.000278,0.67,0.720715,0.050715,2.0,2.015856,0.015856
27954,PI-SIDIS,matched,coherent,RP028,2:97|2:104,8.5814,-3.254,22.895,-3.837,14.79,0.44,0.4401,0.0001,4.4,4.399722,-0.000278,0.67,0.720715,0.050715,2.0,2.015856,0.015856
27956,PI-SIDIS,matched,coherent,RP029,2:99|2:106,8.5814,-3.254,22.895,-2.978,14.79,0.44,0.4401,0.0001,4.4,4.399722,-0.000278,0.52,0.55961,0.03961,2.0,2.015856,0.015856
27957,PI-SIDIS,matched,coherent,RP029,2:99|2:106,8.5814,-3.254,22.895,-2.978,14.79,0.44,0.4401,0.0001,4.4,4.399722,-0.000278,0.52,0.55961,0.03961,2.0,2.015856,0.015856
27958,PI-SIDIS,matched,coherent,RP029,2:99|2:106,8.5814,-3.254,22.895,-2.978,14.79,0.44,0.4401,0.0001,4.4,4.399722,-0.000278,0.52,0.55961,0.03961,2.0,2.015856,0.015856
27959,HMSDIS,matched,coherent,RP029,2:99|2:106,8.5814,-3.254,22.895,-2.978,14.79,0.44,0.4401,0.0001,4.4,4.399722,-0.000278,0.52,0.55961,0.03961,2.0,2.015856,0.015856
27961,BCM,matched,coherent,RP029,2:99|2:106,8.5814,-3.254,22.895,-2.978,14.79,0.44,0.4401,0.0001,4.4,4.399722,-0.000278,0.52,0.55961,0.03961,2.0,2.015856,0.015856
27962,PI-SIDIS,matched,coherent,RP029,2:99|2:106,8.5814,-3.254,22.895,-2.978,14.79,0.44,0.4401,0.0001,4.4,4.399722,-0.000278,0.52,0.55961,0.03961,2.0,2.015856,0.015856
27963,PI-SIDIS,matched,coherent,RP029,2:99|2:106,8.5814,-3.254,22.895,-2.978,14.79,0.44,0.4401,0.0001,4.4,4.399722,-0.000278,0.52,0.55961,0.03961,2.0,2.015856,0.015856
27964,PI-SIDIS,matched,coherent,RP029,2:99|2:106,8.5814,-3.254,22.895,-2.978,14.79,0.44,0.4401,0.0001,4.4,4.399722,-0.000278,0.52,0.55961,0.03961,2.0,2.015856,0.015856
27965,PI-SIDIS,matched,coherent,RP029,2:99|2:106,8.5814,-3.254,22.895,-2.978,14.79,0.44,0.4401,0.0001,4.4,4.399722,-0.000278,0.52,0.55961,0.03961,2.0,2.015856,0.015856
27966,PI-SIDIS,matched,coherent,RP029,2:99|2:106,8.5814,-3.254,22.895,-2.978,14.79,0.44,0.4401,0.0001,4.4,4.399722,-0.000278,0.52,0.55961,0.03961,2.0,2.015856,0.015856
27967,PI-SIDIS,matched,coherent,RP029,2:99|2:106,8.5814,-3.254,22.895,-2.978,14.79,0.44,0.4401,0.0001,4.4,4.399722,-0.000278,0.52,0.55961,0.03961,2.0,2.015856,0.015856
27968,PI-SIDIS,matched,coherent,RP029,2:99|2:106,8.5814,-3.254,22.895,-2.978,14.79,0.44,0.4401,0.0001,4.4,4.399722,-0.000278,0.52,0.55961,0.03961,2.0,2.015856,0.015856
27969,HMSDIS,matched,coherent,RP029,2:99|2:106,8.5814,-3.254,22.895,-2.978,14.79,0.44,0.4401,0.0001,4.4,4.399722,-0.000278,0.52,0.55961,0.03961,2.0,2.015856,0.015856
27970,HMSDIS,matched,coherent,RP029,2:99|2:106,8.5814,-3.254,22.895,-2.978,14.79,0.44,0.4401,0.0001,4.4,4.399722,-0.000278,0.52,0.55961,0.03961,2.0,2.015856,0.015856
27972,PI-SIDIS,matched,coherent,RP029,2:99|2:106,8.5814,-3.254,22.895,-2.978,14.79,0.44,0.4401,0.0001,4.4,4.399722,-0.000278,0.52,0.55961,0.03961,2.0,2.015856,0.015856
27973,PI-SIDIS,matched,coherent,RP029,2:99|2:106,8.5814,-3.254,22.895,-2.978,14.79,0.44,0.4401,0.0001,4.4,4.399722,-0.000278,0.52,0.55961,0.03961,2.0,2.015856,0.015856
27974,PI-SIDIS,matched,coherent,RP029,2:99|2:106,8.5814,-3.254,22.895,-2.978,14.79,0.44,0.4401,0.0001,4.4,4.399722,-0.000278,0.52,0.55961,0.03961,2.0,2.015856,0.015856
27975,HMSDIS,matched,coherent,RP029,2:99|2:106,8.5814,-3.254,22.895,-2.978,14.79,0.44,0.4401,0.0001,4.4,4.399722,-0.000278,0.52,0.55961,0.03961,2.0,2.015856,0.015856
27976,PI-SIDIS,matched,coherent,RP029,2:99|2:106,8.5814,-3.254,22.895,-2.978,14.79,0.44,0.4401,0.0001,4.4,4.399722,-0.000278,0.52,0.55961,0.03961,2.0,2.015856,0.015856
27977,PI-SIDIS,matched,coherent,RP029,2:99|2:106,8.5814,-3.254,22.895,-2.978,14.79,0.44,0.4401,0.0001,4.4,4.399722,-0.000278,0.52,0.55961,0.03961,2.0,2.015856,0.015856
27978,PI-SIDIS,matched,coherent,RP029,2:99|2:106,8.5814,-3.254,22.895,-2.978,14.79,0.44,0.4401,0.0001,4.4,4.399722,-0.000278,0.52,0.55961,0.03961,2.0,2.015856,0.015856
27979,PI-SIDIS,matched,coherent,RP029,2:99|2:106,8.5814,-3.254,22.895,-2.978,14.79,0.44,0.4401,0.0001,4.4,4.399722,-0.000278,0.52,0.55961,0.03961,2.0,2.015856,0.015856
27980,PI-SIDIS,matched,coherent,RP029,2:99|2:106,8.5814,-3.254,22.895,-2.978,14.79,0.44,0.4401,0.0001,4.4,4.399722,-0.000278,0.52,0.55961,0.03961,2.0,2.015856,0.015856
27981,PI-SIDIS,matched,coherent,RP029,2:99|2:106,8.5814,-3.254,22.895,-2.978,14.79,0.44,0.4401,0.0001,4.4,4.399722,-0.000278,0.52,0.55961,0.03961,2.0,2.015856,0.015856
27982,PI-SIDIS,matched,coherent,RP029,2:99|2:106,8.5814,-3.254,22.895,-2.978,14.79,0.44,0.4401,0.0001,4.4,4.399722,-0.000278,0.52,0.55961,0.03961,2.0,2.015856,0.015856
27983,PI-SIDIS,matched,coherent,RP029,2:99|2:106,8.5814,-3.254,22.895,-2.978,14.79,0.44,0.4401,0.0001,4.4,4.399722,-0.000278,0.52,0.55961,0.03961,2.0,2.015856,0.015856
27984,PI-SIDIS,matched,coherent,RP029,2:99|2:106,8.5814,-3.254,22.895,-2.978,14.79,0.44,0.4401,0.0001,4.4,4.399722,-0.000278,0.52,0.55961,0.03961,2.0,2.015856,0.015856
27985,PI-SIDIS,matched,coherent,RP029,2:99|2:106,8.5814,-3.254,22.895,-2.978,14.79,0.44,0.4401,0.0001,4.4,4.399722,-0.000278,0.52,0.55961,0.03961,2.0,2.015856,0.015856
27986,PI-SIDIS,matched,coherent,RP029,2:99|2:106,8.5814,-3.254,22.895,-2.978,14.79,0.44,0.4401,0.0001,4.4,4.399722,-0.000278,0.52,0.55961,0.03961,2.0,2.015856,0.015856
27987,PI-SIDIS,matched,coherent,RP029,2:99|2:106,8.5814,-3.254,22.895,-2.978,14.79,0.44,0.4401,0.0001,4.4,4.399722,-0.000278,0.52,0.55961,0.03961,2.0,2.015856,0.015856
27988,PI-SIDIS,matched,coherent,RP029,2:99|2:106,8.5814,-3.254,22.895,-2.978,14.79,0.44,0.4401,0.0001,4.4,4.399722,-0.000278,0.52,0.55961,0.03961,2.0,2.015856,0.015856
27989,PI-SIDIS,matched,coherent,RP029,2:99|2:106,8.5814,-3.254,22.895,-2.978,14.79,0.44,0.4401,0.0001,4.4,4.399722,-0.000278,0.52,0.55961,0.03961,2.0,2.015856,0.015856
27990,PI-SIDIS,matched,coherent,RP029,2:99|2:106,8.5814,-3.254,22.895,-2.978,14.79,0.44,0.4401,0.0001,4.4,4.399722,-0.000278,0.52,0.55961,0.03961,2.0,2.015856,0.015856
27992,PI-SIDIS,matched,coherent,RP029,2:99|2:106,8.5814,-3.254,22.895,-2.978,14.79,0.44,0.4401,0.0001,4.4,4.399722,-0.000278,0.52,0.55961,0.03961,2.0,2.015856,0.015856
27993,PI-SIDIS,matched,coherent,RP029,2:99|2:106,8.5814,-3.254,22.895,-2.978,14.79,0.44,0.4401,0.0001,4.4,4.399722,-0.000278,0.52,0.55961,0.03961,2.0,2.015856,0.015856
27994,PI-SIDIS,matched,coherent,RP029,2:99|2:106,8.5814,-3.254,22.895,-2.978,14.79,0.44,0.4401,0.0001,4.4,4.399722,-0.000278,0.52,0.55961,0.03961,2.0,2.015856,0.015856
27995,HMSDIS,matched,coherent,GT042,KINEMATIC_TABLE row 42,8.5814,-3.254,19.185,-2.978,14.79,0.31,0.310255,0.000255,3.1,3.101648,0.001648,0.52,0.55961,0.03961,3.8,3.803456,0.003456
27996,HMSDIS,matched,coherent,GT042,KINEMATIC_TABLE row 42,8.5814,-3.254,19.185,-2.978,14.79,0.31,0.310255,0.000255,3.1,3.101648,0.001648,0.52,0.55961,0.03961,3.8,3.803456,0.003456
27997,HMSDIS,matched,coherent,GT042,KINEMATIC_TABLE row 42,8.5814,-3.254,19.185,-2.978,14.79,0.31,0.310255,0.000255,3.1,3.101648,0.001648,0.52,0.55961,0.03961,3.8,3.803456,0.003456
27998,HMSDIS,matched,coherent,GT042,KINEMATIC_TABLE row 42,8.5814,-3.254,19.185,-2.978,14.79,0.31,0.310255,0.000255,3.1,3.101648,0.001648,0.52,0.55961,0.03961,3.8,3.803456,0.003456
27999,HMSDIS,matched,coherent,GT042,KINEMATIC_TABLE row 42,8.5814,-3.254,19.185,-2.978,14.79,0.31,0.310255,0.000255,3.1,3.101648,0.001648,0.52,0.55961,0.03961,3.8,3.803456,0.003456
28000,HMSDIS,matched,coherent,GT042,KINEMATIC_TABLE row 42,8.5814,-3.254,19.185,-2.978,14.79,0.31,0.310255,0.000255,3.1,3.101648,0.001648,0.52,0.55961,0.03961,3.8,3.803456,0.003456
28001,HMSDIS,matched,coherent,GT042,KINEMATIC_TABLE row 42,8.5814,-3.254,19.185,-2.978,14.79,0.31,0.310255,0.000255,3.1,3.101648,0.001648,0.52,0.55961,0.03961,3.8,3.803456,0.003456
28002,HMSDIS,matched,coherent,GT042,KINEMATIC_TABLE row 42,8.5814,-3.254,19.185,-2.978,14.79,0.31,0.310255,0.000255,3.1,3.101648,0.001648,0.52,0.55961,0.03961,3.8,3.803456,0.003456
28003,HMSDIS,matched,coherent,GT042,KINEMATIC_TABLE row 42,8.5814,-3.254,19.185,-2.978,14.79,0.31,0.310255,0.000255,3.1,3.101648,0.001648,0.52,0.55961,0.03961,3.8,3.803456,0.003456
28004,HMSDIS,matched,coherent,GT042,KINEMATIC_TABLE row 42,8.5814,-3.254,19.185,-2.978,14.79,0.31,0.310255,0.000255,3.1,3.101648,0.001648,0.52,0.55961,0.03961,3.8,3.803456,0.003456
28005,HMSDIS,matched,coherent,GT042,KINEMATIC_TABLE row 42,8.5814,-3.254,19.185,-2.978,14.79,0.31,0.310255,0.000255,3.1,3.101648,0.001648,0.52,0.55961,0.03961,3.8,3.803456,0.003456
28006,HMSDIS,matched,coherent,GT042,KINEMATIC_TABLE row 42,8.5814,-3.254,19.185,-2.978,14.79,0.31,0.310255,0.000255,3.1,3.101648,0.001648,0.52,0.55961,0.03961,3.8,3.803456,0.003456
28007,HMSDIS,matched,coherent,GT042,KINEMATIC_TABLE row 42,8.5814,-3.254,19.185,-2.978,14.79,0.31,0.310255,0.000255,3.1,3.101648,0.001648,0.52,0.55961,0.03961,3.8,3.803456,0.003456
28008,HMSDIS,matched,coherent,GT042,KINEMATIC_TABLE row 42,8.5814,-3.254,19.185,-2.978,14.79,0.31,0.310255,0.000255,3.1,3.101648,0.001648,0.52,0.55961,0.03961,3.8,3.803456,0.003456
28010,HMSDIS,matched,coherent,GT042,KINEMATIC_TABLE row 42,8.5814,-3.254,19.185,-2.978,14.79,0.31,0.310255,0.000255,3.1,3.101648,0.001648,0.52,0.55961,0.03961,3.8,3.803456,0.003456
28012,HMSDIS,matched,coherent,GT042,KINEMATIC_TABLE row 42,8.5814,-3.254,19.185,-2.978,14.79,0.31,0.310255,0.000255,3.1,3.101648,0.001648,0.52,0.55961,0.03961,3.8,3.803456,0.003456
28014,HMSDIS,matched,coherent,GT042,KINEMATIC_TABLE row 42,8.5814,-3.254,19.185,-2.978,14.79,0.31,0.310255,0.000255,3.1,3.101648,0.001648,0.52,0.55961,0.03961,3.8,3.803456,0.003456
28015,HMSDIS,matched,coherent,GT042,KINEMATIC_TABLE row 42,8.5814,-3.254,19.185,-2.978,14.79,0.31,0.310255,0.000255,3.1,3.101648,0.001648,0.52,0.55961,0.03961,3.8,3.803456,0.003456
28016,HMSDIS,matched,coherent,GT042,KINEMATIC_TABLE row 42,8.5814,-3.254,19.185,-2.978,14.79,0.31,0.310255,0.000255,3.1,3.101648,0.001648,0.52,0.55961,0.03961,3.8,3.803456,0.003456
28018,HMSDIS,matched,coherent,GT042,KINEMATIC_TABLE row 42,8.5814,-3.254,19.185,-2.978,14.79,0.31,0.310255,0.000255,3.1,3.101648,0.001648,0.52,0.55961,0.03961,3.8,3.803456,0.003456
28019,HMSDIS,matched,coherent,GT042,KINEMATIC_TABLE row 42,8.5814,-3.254,19.185,-2.978,14.79,0.31,0.310255,0.000255,3.1,3.101648,0.001648,0.52,0.55961,0.03961,3.8,3.803456,0.003456
28020,HMSDIS,matched,coherent,GT042,KINEMATIC_TABLE row 42,8.5814,-3.254,19.185,-2.978,14.79,0.31,0.310255,0.000255,3.1,3.101648,0.001648,0.52,0.55961,0.03961,3.8,3.803456,0.003456
28021,PI-SIDIS,matched,coherent,RP029,2:99|2:106,8.5814,3.254,22.885,-2.978,14.79,0.44,0.43972,-0.00028,4.4,4.39593,-0.00407,0.52,0.55961,0.03961,2.0,2.020474,0.020474
28022,PI-SIDIS,matched,coherent,RP029,2:99|2:106,8.5814,3.254,22.885,-2.978,14.79,0.44,0.43972,-0.00028,4.4,4.39593,-0.00407,0.52,0.55961,0.03961,2.0,2.020474,0.020474
28023,PI-SIDIS,matched,coherent,RP029,2:99|2:106,8.5814,3.254,22.885,-2.978,14.79,0.44,0.43972,-0.00028,4.4,4.39593,-0.00407,0.52,0.55961,0.03961,2.0,2.020474,0.020474
28024,PI-SIDIS,matched,coherent,RP029,2:99|2:106,8.5814,3.254,22.885,-2.978,14.79,0.44,0.43972,-0.00028,4.4,4.39593,-0.00407,0.52,0.55961,0.03961,2.0,2.020474,0.020474
28025,PI-SIDIS,matched,coherent,RP028,2:97|2:104,8.5814,3.254,22.885,-3.837,14.79,0.44,0.43972,-0.00028,4.4,4.39593,-0.00407,0.67,0.720715,0.050715,2.0,2.020474,0.020474
28026,PI-SIDIS,matched,coherent,RP028,2:97|2:104,8.5814,3.254,22.885,-3.837,14.79,0.44,0.43972,-0.00028,4.4,4.39593,-0.00407,0.67,0.720715,0.050715,2.0,2.020474,0.020474
28027,PI+SIDIS,matched,coherent,RP028,2:97|2:104,8.5814,3.254,22.885,3.837,14.79,0.44,0.43972,-0.00028,4.4,4.39593,-0.00407,0.67,0.720715,0.050715,2.0,2.020474,0.020474
28028,PI+SIDIS,matched,coherent,RP029,2:99|2:106,8.5814,3.254,22.885,2.978,14.79,0.44,0.43972,-0.00028,4.4,4.39593,-0.00407,0.52,0.55961,0.03961,2.0,2.020474,0.020474
28029,HMSDIS,matched,coherent,RP029,2:99|2:106,8.5814,3.254,22.885,2.978,14.79,0.44,0.43972,-0.00028,4.4,4.39593,-0.00407,0.52,0.55961,0.03961,2.0,2.020474,0.020474
28030,PI+SIDIS,matched,coherent,RP029,2:99|2:106,8.5814,3.254,22.885,2.978,14.79,0.44,0.43972,-0.00028,4.4,4.39593,-0.00407,0.52,0.55961,0.03961,2.0,2.020474,0.020474
28031,HMSDIS,matched,coherent,RP029,2:99|2:106,8.5814,3.254,22.885,2.978,14.79,0.44,0.43972,-0.00028,4.4,4.39593,-0.00407,0.52,0.55961,0.03961,2.0,2.020474,0.020474
28032,PI+SIDIS,matched,coherent,RP029,2:99|2:106,8.5814,3.254,22.885,2.978,14.79,0.44,0.43972,-0.00028,4.4,4.39593,-0.00407,0.52,0.55961,0.03961,2.0,2.020474,0.020474
28033,HMSDIS,matched,coherent,RP029,2:99|2:106,8.5814,3.254,22.885,2.978,14.79,0.44,0.43972,-0.00028,4.4,4.39593,-0.00407,0.52,0.55961,0.03961,2.0,2.020474,0.020474
28034,PI+SIDIS,matched,coherent,RP029,2:99|2:106,8.5814,3.254,22.885,2.978,14.79,0.44,0.43972,-0.00028,4.4,4.39593,-0.00407,0.52,0.55961,0.03961,2.0,2.020474,0.020474
28035,PI+SIDIS,matched,coherent,RP029,2:99|2:106,8.5814,3.254,22.885,2.978,14.79,0.44,0.43972,-0.00028,4.4,4.39593,-0.00407,0.52,0.55961,0.03961,2.0,2.020474,0.020474
28036,PI+SIDIS,matched,coherent,RP029,2:99|2:106,8.5814,3.254,22.885,2.978,14.79,0.44,0.43972,-0.00028,4.4,4.39593,-0.00407,0.52,0.55961,0.03961,2.0,2.020474,0.020474
28037,HMSDIS,matched,coherent,RP029,2:99|2:106,8.5814,3.254,22.885,2.978,14.79,0.44,0.43972,-0.00028,4.4,4.39593,-0.00407,0.52,0.55961,0.03961,2.0,2.020474,0.020474
28038,HMSDIS,matched,coherent,RP029,2:99|2:106,8.5814,3.254,22.885,2.978,14.79,0.44,0.43972,-0.00028,4.4,4.39593,-0.00407,0.52,0.55961,0.03961,2.0,2.020474,0.020474
28039,PI+SIDIS,matched,coherent,RP029,2:99|2:106,8.5814,3.254,22.885,2.978,14.79,0.44,0.43972,-0.00028,4.4,4.39593,-0.00407,0.52,0.55961,0.03961,2.0,2.020474,0.020474
28040,HMSDIS,matched,coherent,RP029,2:99|2:106,8.5814,3.254,22.885,2.978,14.79,0.44,0.43972,-0.00028,4.4,4.39593,-0.00407,0.52,0.55961,0.03961,2.0,2.020474,0.020474
28042,PI+SIDIS,matched,coherent,RP025,2:88|2:92,8.5814,3.254,19.185,2.806,12.99,0.31,0.310255,0.000255,3.1,3.101648,0.001648,0.5,0.527362,0.027362,2.0,2.003456,0.003456
28043,PI+SIDIS,matched,coherent,RP025,2:88|2:92,8.5814,3.254,19.185,2.806,12.99,0.31,0.310255,0.000255,3.1,3.101648,0.001648,0.5,0.527362,0.027362,2.0,2.003456,0.003456
28045,HMSDIS,matched,coherent,RP025,2:88|2:92,8.5814,3.254,19.185,2.806,12.99,0.31,0.310255,0.000255,3.1,3.101648,0.001648,0.5,0.527362,0.027362,2.0,2.003456,0.003456
28048,PI+SIDIS,matched,coherent,RP025,2:88|2:92,8.5814,3.254,19.185,2.806,12.99,0.31,0.310255,0.000255,3.1,3.101648,0.001648,0.5,0.527362,0.027362,2.0,2.003456,0.003456
28049,HMSDIS,matched,coherent,RP025,2:88|2:92,8.5814,3.254,19.185,2.806,12.99,0.31,0.310255,0.000255,3.1,3.101648,0.001648,0.5,0.527362,0.027362,2.0,2.003456,0.003456
28050,PI+SIDIS,matched,coherent,RP025,2:88|2:92,8.5814,3.254,19.185,2.806,12.99,0.31,0.310255,0.000255,3.1,3.101648,0.001648,0.5,0.527362,0.027362,2.0,2.003456,0.003456
28051,PI+SIDIS,matched,coherent,RP025,2:88|2:92,8.5814,3.254,19.185,2.806,12.99,0.31,0.310255,0.000255,3.1,3.101648,0.001648,0.5,0.527362,0.027362,2.0,2.003456,0.003456
28052,HMSDIS,matched,coherent,RP025,2:88|2:92,8.5814,3.254,19.185,2.806,12.99,0.31,0.310255,0.000255,3.1,3.101648,0.001648,0.5,0.527362,0.027362,2.0,2.003456,0.003456
28053,PI-SIDIS,matched,coherent,RP025,2:88|2:92,8.5814,3.254,19.185,-2.806,12.99,0.31,0.310255,0.000255,3.1,3.101648,0.001648,0.5,0.527362,0.027362,2.0,2.003456,0.003456
28054,PI-SIDIS,matched,coherent,RP025,2:88|2:92,8.5814,3.254,19.185,-2.806,12.99,0.31,0.310255,0.000255,3.1,3.101648,0.001648,0.5,0.527362,0.027362,2.0,2.003456,0.003456
28055,PI-SIDIS,matched,coherent,RP025,2:88|2:92,8.5814,3.254,19.185,-2.806,12.99,0.31,0.310255,0.000255,3.1,3.101648,0.001648,0.5,0.527362,0.027362,2.0,2.003456,0.003456
28056,PI-SIDIS,matched,coherent,RP024,2:81|2:83,8.5814,3.254,16.13,-2.766,8.41,0.22,0.219915,-8.5e-05,2.2,2.198513,-0.001487,0.5,0.519863,0.019863,-1.0,-0.998862,0.001138
28057,PI-SIDIS,matched,coherent,RP024,2:81|2:83,8.5814,3.254,16.13,-2.766,8.41,0.22,0.219915,-8.5e-05,2.2,2.198513,-0.001487,0.5,0.519863,0.019863,-1.0,-0.998862,0.001138
28058,PI-SIDIS,matched,coherent,RP023,2:78|2:86,8.5814,3.254,16.13,-2.766,11.41,0.22,0.219915,-8.5e-05,2.2,2.198513,-0.001487,0.5,0.519863,0.019863,2.0,2.001138,0.001138
28059,PI-SIDIS,matched,coherent,RP023,2:78|2:86,8.5814,3.254,16.13,-2.766,11.41,0.22,0.219915,-8.5e-05,2.2,2.198513,-0.001487,0.5,0.519863,0.019863,2.0,2.001138,0.001138
28060,PI+SIDIS,matched,coherent,RP023,2:78|2:86,8.5814,3.254,16.13,2.766,11.41,0.22,0.219915,-8.5e-05,2.2,2.198513,-0.001487,0.5,0.519863,0.019863,2.0,2.001138,0.001138
28061,HMSDIS,matched,coherent,RP023,2:78|2:86,8.5814,3.254,16.13,2.766,11.41,0.22,0.219915,-8.5e-05,2.2,2.198513,-0.001487,0.5,0.519863,0.019863,2.0,2.001138,0.001138
28062,PI+SIDIS,matched,coherent,RP023,2:78|2:86,8.5814,3.254,16.13,2.766,11.41,0.22,0.219915,-8.5e-05,2.2,2.198513,-0.001487,0.5,0.519863,0.019863,2.0,2.001138,0.001138
28063,HMSDIS,matched,coherent,RP023,2:78|2:86,8.5814,3.254,16.13,2.766,11.41,0.22,0.219915,-8.5e-05,2.2,2.198513,-0.001487,0.5,0.519863,0.019863,2.0,2.001138,0.001138
28064,HMSDIS,matched,coherent,RP023,2:78|2:86,8.5814,3.254,16.13,2.766,11.41,0.22,0.219915,-8.5e-05,2.2,2.198513,-0.001487,0.5,0.519863,0.019863,2.0,2.001138,0.001138
28065,PI+SIDIS,matched,coherent,RP024,2:81|2:83,8.5814,3.254,16.13,2.766,8.405,0.22,0.219915,-8.5e-05,2.2,2.198513,-0.001487,0.5,0.519863,0.019863,-1.0,-1.003862,-0.003862
28066,PI+SIDIS,matched,coherent,RP024,2:81|2:83,8.5814,3.254,16.13,2.766,8.405,0.22,0.219915,-8.5e-05,2.2,2.198513,-0.001487,0.5,0.519863,0.019863,-1.0,-1.003862,-0.003862
28067,PI+SIDIS,matched,coherent,RP019,2:65|2:71,8.5814,3.254,13.755,2.738,10.125,0.16,0.16021,0.00021,1.6,1.60164,0.00164,0.5,0.514614,0.014614,2.0,2.001971,0.001971
28068,HMSDIS,matched,coherent,RP019,2:65|2:71,8.5814,3.254,13.755,2.738,10.125,0.16,0.16021,0.00021,1.6,1.60164,0.00164,0.5,0.514614,0.014614,2.0,2.001971,0.001971
28069,PI+SIDIS,matched,coherent,RP019,2:65|2:71,8.5814,3.254,13.755,2.738,10.125,0.16,0.16021,0.00021,1.6,1.60164,0.00164,0.5,0.514614,0.014614,2.0,2.001971,0.001971
28073,HMSDIS,matched,coherent,RP019,2:65|2:71,8.5814,3.254,13.755,2.738,10.125,0.16,0.16021,0.00021,1.6,1.60164,0.00164,0.5,0.514614,0.014614,2.0,2.001971,0.001971
28074,HMSDIS,matched,coherent,RP019,2:65|2:71,8.5814,3.254,13.755,2.738,10.125,0.16,0.16021,0.00021,1.6,1.60164,0.00164,0.5,0.514614,0.014614,2.0,2.001971,0.001971
28076,PI+SIDIS,matched,coherent,RP020,2:67|2:74,8.5814,3.254,13.755,2.738,8.12,0.16,0.16021,0.00021,1.6,1.60164,0.00164,0.5,0.514614,0.014614,0.0,-0.003029,-0.003029
28077,PI+SIDIS,matched,coherent,RP020,2:67|2:74,8.5814,3.254,13.755,2.738,8.12,0.16,0.16021,0.00021,1.6,1.60164,0.00164,0.5,0.514614,0.014614,0.0,-0.003029,-0.003029
28078,PI-SIDIS,matched,coherent,RP020,2:67|2:74,8.5814,3.254,13.755,-2.738,8.12,0.16,0.16021,0.00021,1.6,1.60164,0.00164,0.5,0.514614,0.014614,0.0,-0.003029,-0.003029
28080,PI-SIDIS,matched,coherent,RP020,2:67|2:74,8.5814,3.254,13.755,-2.738,8.12,0.16,0.16021,0.00021,1.6,1.60164,0.00164,0.5,0.514614,0.014614,0.0,-0.003029,-0.003029
28081,PI-SIDIS,matched,coherent,RP019,2:65|2:71,8.5814,3.254,13.755,-2.738,10.12,0.16,0.16021,0.00021,1.6,1.60164,0.00164,0.5,0.514614,0.014614,2.0,1.996971,-0.003029
28082,PI-SIDIS,matched,coherent,RP019,2:65|2:71,8.5814,3.254,13.755,-2.738,10.12,0.16,0.16021,0.00021,1.6,1.60164,0.00164,0.5,0.514614,0.014614,2.0,1.996971,-0.003029
28083,SHMSHEEP,unmatched,unmatched,,,8.5814,2.28,42.005,-7.07,12.455,-999,0.850187,-999,-999,10.053332,-999,-999,1.122192,-999,-999,-0.036423,-999
28084,SHMSHEEP,unmatched,unmatched,,,8.5814,2.28,42.005,-7.07,12.455,-999,0.850187,-999,-999,10.053332,-999,-999,1.122192,-999,-999,-0.036423,-999
28085,SHMSHEE,unmatched,unmatched,,,8.5814,2.28,42.005,-7.07,12.455,-999,0.850187,-999,-999,10.053332,-999,-999,1.122192,-999,-999,-0.036423,-999
28086,SHMSHEEP,unmatched,unmatched,,,8.5814,2.28,42.005,-7.07,12.455,-999,0.850187,-999,-999,10.053332,-999,-999,1.122192,-999,-999,-0.036423,-999
28087,SHMSHEE,unmatched,unmatched,,,8.5814,2.28,42.005,-7.07,12.455,-999,0.850187,-999,-999,10.053332,-999,-999,1.122192,-999,-999,-0.036423,-999
28088,SHMSHEE,unmatched,unmatched,,,8.5814,2.28,42.005,-7.07,12.455,-999,0.850187,-999,-999,10.053332,-999,-999,1.122192,-999,-999,-0.036423,-999
28089,SHMSHEE,unmatched,unmatched,,,8.5814,2.28,42.005,-7.07,12.455,-999,0.850187,-999,-999,10.053332,-999,-999,1.122192,-999,-999,-0.036423,-999
28090,SHMSHEE,unmatched,unmatched,,,8.5814,2.28,42.005,-7.07,12.455,-999,0.850187,-999,-999,10.053332,-999,-999,1.122192,-999,-999,-0.036423,-999
28091,HMSHEEP,unmatched,unmatched,,,8.5814,-5.44,21.03,3.99,28.53,-999,1.054938,-999,-999,6.218837,-999,-999,1.270911,-999,-999,-0.595235,-999
28092,HMSHEEP,unmatched,unmatched,,,8.5814,-5.44,21.03,3.99,28.53,-999,1.054938,-999,-999,6.218837,-999,-999,1.270911,-999,-999,-0.595235,-999
28093,HMSHEEP,unmatched,unmatched,,,8.5814,-5.44,21.03,3.99,28.53,-999,1.054938,-999,-999,6.218837,-999,-999,1.270911,-999,-999,-0.595235,-999
28094,HMSHEE,unmatched,unmatched,,,8.5814,-5.44,21.03,3.99,28.53,-999,1.054938,-999,-999,6.218837,-999,-999,1.270911,-999,-999,-0.595235,-999
28095,HMSHEEP,unmatched,unmatched,,,8.5814,-5.44,21.03,3.99,28.53,-999,1.054938,-999,-999,6.218837,-999,-999,1.270911,-999,-999,-0.595235,-999
28098,HMSHEEP,unmatched,unmatched,,,8.5814,-5.44,21.03,3.99,28.53,-999,1.054938,-999,-999,6.218837,-999,-999,1.270911,-999,-999,-0.595235,-999
28099,HMSHEEP,unmatched,unmatched,,,8.5814,-5.44,21.03,3.99,28.53,-999,1.054938,-999,-999,6.218837,-999,-999,1.270911,-999,-999,-0.595235,-999
28100,HMSHEEP,unmatched,unmatched,,,8.5814,-5.44,21.03,3.99,28.53,-999,1.054938,-999,-999,6.218837,-999,-999,1.270911,-999,-999,-0.595235,-999
28101,HMSHEEP,unmatched,unmatched,,,8.5814,-5.44,21.03,3.99,28.53,-999,1.054938,-999,-999,6.218837,-999,-999,1.270911,-999,-999,-0.595235,-999
28102,HMSHEEP,unmatched,unmatched,,,8.5814,-5.44,21.03,3.99,28.53,-999,1.054938,-999,-999,6.218837,-999,-999,1.270911,-999,-999,-0.595235,-999
28103,HMSHEEP,unmatched,unmatched,,,8.5814,-5.44,21.03,3.99,28.53,-999,1.054938,-999,-999,6.218837,-999,-999,1.270911,-999,-999,-0.595235,-999
28104,HMSHEEP,unmatched,unmatched,,,8.5814,-5.44,21.03,3.99,28.53,-999,1.054938,-999,-999,6.218837,-999,-999,1.270911,-999,-999,-0.595235,-999
28105,HMSHEEP,unmatched,unmatched,,,8.5814,-5.44,21.03,3.99,28.53,-999,1.054938,-999,-999,6.218837,-999,-999,1.270911,-999,-999,-0.595235,-999
28106,HMSHEEP,unmatched,unmatched,,,8.5814,-5.44,21.03,3.99,28.53,-999,1.054938,-999,-999,6.218837,-999,-999,1.270911,-999,-999,-0.595235,-999
28108,PI+SIDIS,matched,coherent,RP041,2:187|2:188,10.6759,-5.343,13.5,5.051,14.74,0.31,0.314978,0.004978,3.1,3.152113,0.052113,0.9,0.947501,0.047501,2.0,1.918595,-0.081405
28109,PI+SIDIS,matched,coherent,RP041,2:187|2:188,10.6759,-5.343,13.5,5.051,14.74,0.31,0.314978,0.004978,3.1,3.152113,0.052113,0.9,0.947501,0.047501,2.0,1.918595,-0.081405
28110,PI+SIDIS,matched,coherent,GT047,KINEMATIC_TABLE row 47,10.6759,-5.343,13.5,2.806,14.74,0.31,0.314978,0.004978,3.1,3.152113,0.052113,0.5,0.526818,0.026818,2.0,1.918595,-0.081405
28111,PI+SIDIS,matched,coherent,GT047,KINEMATIC_TABLE row 47,10.6759,-5.343,13.5,2.806,14.74,0.31,0.314978,0.004978,3.1,3.152113,0.052113,0.5,0.526818,0.026818,2.0,1.918595,-0.081405
28112,PI+SIDIS,matched,coherent,GT047,KINEMATIC_TABLE row 47,10.6759,-5.343,13.5,2.806,14.74,0.31,0.314978,0.004978,3.1,3.152113,0.052113,0.5,0.526818,0.026818,2.0,1.918595,-0.081405
28113,HMSDIS,matched,coherent,GT047,KINEMATIC_TABLE row 47,10.6759,-5.343,13.5,2.806,14.74,0.31,0.314978,0.004978,3.1,3.152113,0.052113,0.5,0.526818,0.026818,2.0,1.918595,-0.081405
28114,HMSDIS,matched,coherent,GT047,KINEMATIC_TABLE row 47,10.6759,-5.343,13.5,2.806,14.74,0.31,0.314978,0.004978,3.1,3.152113,0.052113,0.5,0.526818,0.026818,2.0,1.918595,-0.081405
28117,PI+SIDIS,matched,coherent,GT047,KINEMATIC_TABLE row 47,10.6759,-5.343,13.5,2.806,14.74,0.31,0.314978,0.004978,3.1,3.152113,0.052113,0.5,0.526818,0.026818,2.0,1.918595,-0.081405
28118,HMSDIS,matched,coherent,GT047,KINEMATIC_TABLE row 47,10.6759,-5.343,13.5,2.806,14.74,0.31,0.314978,0.004978,3.1,3.152113,0.052113,0.5,0.526818,0.026818,2.0,1.918595,-0.081405
28119,PI+SIDIS,matched,coherent,GT047,KINEMATIC_TABLE row 47,10.6759,-5.343,13.5,2.806,14.74,0.31,0.314978,0.004978,3.1,3.152113,0.052113,0.5,0.526818,0.026818,2.0,1.918595,-0.081405
28120,PI+SIDIS,matched,coherent,GT047,KINEMATIC_TABLE row 47,10.6759,-5.343,13.5,2.806,14.74,0.31,0.314978,0.004978,3.1,3.152113,0.052113,0.5,0.526818,0.026818,2.0,1.918595,-0.081405
28122,HMSDIS,matched,coherent,GT047,KINEMATIC_TABLE row 47,10.6759,-5.343,13.5,2.806,14.74,0.31,0.314978,0.004978,3.1,3.152113,0.052113,0.5,0.526818,0.026818,2.0,1.918595,-0.081405
28123,PI+SIDIS,matched,coherent,GT047,KINEMATIC_TABLE row 47,10.6759,-5.343,13.5,2.806,14.74,0.31,0.314978,0.004978,3.1,3.152113,0.052113,0.5,0.526818,0.026818,2.0,1.918595,-0.081405
28124,PI+SIDIS,matched,coherent,GT049,KINEMATIC_TABLE row 49,10.6759,-5.343,13.5,2.806,11.745,0.31,0.314978,0.004978,3.1,3.152113,0.052113,0.5,0.526818,0.026818,-1.0,-1.076405,-0.076405
28125,PI+SIDIS,matched,coherent,GT049,KINEMATIC_TABLE row 49,10.6759,-5.343,13.5,2.806,11.745,0.31,0.314978,0.004978,3.1,3.152113,0.052113,0.5,0.526818,0.026818,-1.0,-1.076405,-0.076405
28126,PI+SIDIS,matched,coherent,GT049,KINEMATIC_TABLE row 49,10.6759,-5.343,13.5,2.806,11.745,0.31,0.314978,0.004978,3.1,3.152113,0.052113,0.5,0.526818,0.026818,-1.0,-1.076405,-0.076405
28127,PI+SIDIS,matched,coherent,GT049,KINEMATIC_TABLE row 49,10.6759,-5.343,13.5,2.806,11.745,0.31,0.314978,0.004978,3.1,3.152113,0.052113,0.5,0.526818,0.026818,-1.0,-1.076405,-0.076405
28128,PI+SIDIS,matched,coherent,GT049,KINEMATIC_TABLE row 49,10.6759,-5.343,13.5,2.806,11.745,0.31,0.314978,0.004978,3.1,3.152113,0.052113,0.5,0.526818,0.026818,-1.0,-1.076405,-0.076405
28129,PI+SIDIS,matched,coherent,GT049,KINEMATIC_TABLE row 49,10.6759,-5.343,13.5,2.806,11.745,0.31,0.314978,0.004978,3.1,3.152113,0.052113,0.5,0.526818,0.026818,-1.0,-1.076405,-0.076405
28130,PI+SIDIS,matched,coherent,GT049,KINEMATIC_TABLE row 49,10.6759,-5.343,13.5,2.806,11.745,0.31,0.314978,0.004978,3.1,3.152113,0.052113,0.5,0.526818,0.026818,-1.0,-1.076405,-0.076405
28131,PI+SIDIS,matched,coherent,GT049,KINEMATIC_TABLE row 49,10.6759,-5.343,13.5,2.806,11.745,0.31,0.314978,0.004978,3.1,3.152113,0.052113,0.5,0.526818,0.026818,-1.0,-1.076405,-0.076405
28132,PI+SIDIS,matched,coherent,GT049,KINEMATIC_TABLE row 49,10.6759,-5.343,13.5,2.806,11.745,0.31,0.314978,0.004978,3.1,3.152113,0.052113,0.5,0.526818,0.026818,-1.0,-1.076405,-0.076405
28133,PI+SIDIS,matched,coherent,GT049,KINEMATIC_TABLE row 49,10.6759,-5.343,13.5,2.806,11.745,0.31,0.314978,0.004978,3.1,3.152113,0.052113,0.5,0.526818,0.026818,-1.0,-1.076405,-0.076405
28134,PI+SIDIS,matched,coherent,GT049,KINEMATIC_TABLE row 49,10.6759,-5.343,13.5,2.806,11.745,0.31,0.314978,0.004978,3.1,3.152113,0.052113,0.5,0.526818,0.026818,-1.0,-1.076405,-0.076405
28135,PI+SIDIS,matched,coherent,GT049,KINEMATIC_TABLE row 49,10.6759,-5.343,13.5,2.806,11.745,0.31,0.314978,0.004978,3.1,3.152113,0.052113,0.5,0.526818,0.026818,-1.0,-1.076405,-0.076405
28136,PI-SIDIS,matched,coherent,GT049,KINEMATIC_TABLE row 49,10.6759,-5.343,13.5,-2.806,11.745,0.31,0.314978,0.004978,3.1,3.152113,0.052113,0.5,0.526818,0.026818,-1.0,-1.076405,-0.076405
28137,PI-SIDIS,matched,coherent,GT049,KINEMATIC_TABLE row 49,10.6759,-5.343,13.5,-2.806,11.745,0.31,0.314978,0.004978,3.1,3.152113,0.052113,0.5,0.526818,0.026818,-1.0,-1.076405,-0.076405
28138,PI-SIDIS,matched,coherent,GT049,KINEMATIC_TABLE row 49,10.6759,-5.343,13.5,-2.806,11.745,0.31,0.314978,0.004978,3.1,3.152113,0.052113,0.5,0.526818,0.026818,-1.0,-1.076405,-0.076405
28139,PI-SIDIS,matched,coherent,GT049,KINEMATIC_TABLE row 49,10.6759,-5.343,13.5,-2.806,11.745,0.31,0.314978,0.004978,3.1,3.152113,0.052113,0.5,0.526818,0.026818,-1.0,-1.076405,-0.076405
28140,PI-SIDIS,matched,coherent,GT049,KINEMATIC_TABLE row 49,10.6759,-5.343,13.5,-2.806,11.745,0.31,0.314978,0.004978,3.1,3.152113,0.052113,0.5,0.526818,0.026818,-1.0,-1.076405,-0.076405
28141,PI-SIDIS,matched,coherent,GT049,KINEMATIC_TABLE row 49,10.6759,-5.343,13.5,-2.806,11.745,0.31,0.314978,0.004978,3.1,3.152113,0.052113,0.5,0.526818,0.026818,-1.0,-1.076405,-0.076405
28142,PI-SIDIS,matched,coherent,GT047,KINEMATIC_TABLE row 47,10.6759,-5.343,13.5,-2.806,14.74,0.31,0.314978,0.004978,3.1,3.152113,0.052113,0.5,0.526818,0.026818,2.0,1.918595,-0.081405
28143,PI-SIDIS,matched,coherent,GT047,KINEMATIC_TABLE row 47,10.6759,-5.343,13.5,-2.806,14.74,0.31,0.314978,0.004978,3.1,3.152113,0.052113,0.5,0.526818,0.026818,2.0,1.918595,-0.081405
28144,PI-SIDIS,matched,coherent,GT047,KINEMATIC_TABLE row 47,10.6759,-5.343,13.5,-2.806,14.74,0.31,0.314978,0.004978,3.1,3.152113,0.052113,0.5,0.526818,0.026818,2.0,1.918595,-0.081405
28145,PI-SIDIS,matched,coherent,GT047,KINEMATIC_TABLE row 47,10.6759,-5.343,13.5,-2.806,14.74,0.31,0.314978,0.004978,3.1,3.152113,0.052113,0.5,0.526818,0.026818,2.0,1.918595,-0.081405
28148,HMSDIS,matched,coherent,GT047,KINEMATIC_TABLE row 47,10.6759,-5.343,13.5,-2.806,14.74,0.31,0.314978,0.004978,3.1,3.152113,0.052113,0.5,0.526818,0.026818,2.0,1.918595,-0.081405
28149,PI-SIDIS,matched,coherent,GT047,KINEMATIC_TABLE row 47,10.6759,-5.343,13.5,-2.806,14.74,0.31,0.314978,0.004978,3.1,3.152113,0.052113,0.5,0.526818,0.026818,2.0,1.918595,-0.081405
28150,HMSDIS,matched,coherent,GT047,KINEMATIC_TABLE row 47,10.6759,-5.343,13.5,-2.806,14.74,0.31,0.314978,0.004978,3.1,3.152113,0.052113,0.5,0.526818,0.026818,2.0,1.918595,-0.081405
28152,PI-SIDIS,matched,coherent,GT047,KINEMATIC_TABLE row 47,10.6759,-5.343,13.5,-2.806,14.74,0.31,0.314978,0.004978,3.1,3.152113,0.052113,0.5,0.526818,0.026818,2.0,1.918595,-0.081405
28154,PI-SIDIS,matched,coherent,GT047,KINEMATIC_TABLE row 47,10.6759,-5.343,13.5,-2.806,14.74,0.31,0.314978,0.004978,3.1,3.152113,0.052113,0.5,0.526818,0.026818,2.0,1.918595,-0.081405
28155,PI+SIDIS,matched,coherent,RP034,2:141|2:163|2:180,10.6759,-5.343,15.97,5.154,16.875,0.44,0.439965,-3.5e-05,4.4,4.402919,0.002919,0.9,0.966808,0.066808,2.0,2.011731,0.011731
28156,PI+SIDIS,matched,coherent,RP034,2:141|2:163|2:180,10.6759,-5.343,15.97,5.154,16.875,0.44,0.439965,-3.5e-05,4.4,4.402919,0.002919,0.9,0.966808,0.066808,2.0,2.011731,0.011731
28157,PI+SIDIS,matched,coherent,RP035,2:143|2:165,10.6759,-5.343,15.97,3.837,16.875,0.44,0.439965,-3.5e-05,4.4,4.402919,0.002919,0.67,0.719972,0.049972,2.0,2.011731,0.011731
28158,PI+SIDIS,matched,coherent,RP035,2:143|2:165,10.6759,-5.343,15.97,3.837,16.875,0.44,0.439965,-3.5e-05,4.4,4.402919,0.002919,0.67,0.719972,0.049972,2.0,2.011731,0.011731
28159,PI+SIDIS,matched,coherent,RP035,2:143|2:165,10.6759,-5.343,15.97,3.837,16.875,0.44,0.439965,-3.5e-05,4.4,4.402919,0.002919,0.67,0.719972,0.049972,2.0,2.011731,0.011731
28160,PI+SIDIS,matched,coherent,RP035,2:143|2:165,10.6759,-5.343,15.97,3.837,16.875,0.44,0.439965,-3.5e-05,4.4,4.402919,0.002919,0.67,0.719972,0.049972,2.0,2.011731,0.011731
28161,PI+SIDIS,matched,coherent,RP035,2:143|2:165,10.6759,-5.343,15.97,3.837,16.875,0.44,0.439965,-3.5e-05,4.4,4.402919,0.002919,0.67,0.719972,0.049972,2.0,2.011731,0.011731
28162,PI+SIDIS,matched,coherent,RP035,2:143|2:165,10.6759,-5.343,15.97,3.837,16.875,0.44,0.439965,-3.5e-05,4.4,4.402919,0.002919,0.67,0.719972,0.049972,2.0,2.011731,0.011731
28163,HMSDIS,matched,coherent,RP035,2:143|2:165,10.6759,-5.343,15.97,3.837,16.875,0.44,0.439965,-3.5e-05,4.4,4.402919,0.002919,0.67,0.719972,0.049972,2.0,2.011731,0.011731
28164,HMSDIS,matched,coherent,RP035,2:143|2:165,10.6759,-5.343,15.97,3.837,16.875,0.44,0.439965,-3.5e-05,4.4,4.402919,0.002919,0.67,0.719972,0.049972,2.0,2.011731,0.011731
28165,PI+SIDIS,matched,coherent,RP035,2:143|2:165,10.6759,-5.343,15.97,3.837,16.875,0.44,0.439965,-3.5e-05,4.4,4.402919,0.002919,0.67,0.719972,0.049972,2.0,2.011731,0.011731
28166,PI+SIDIS,matched,coherent,RP035,2:143|2:165,10.6759,-5.343,15.97,3.837,16.875,0.44,0.439965,-3.5e-05,4.4,4.402919,0.002919,0.67,0.719972,0.049972,2.0,2.011731,0.011731
28167,PI+SIDIS,matched,coherent,RP035,2:143|2:165,10.6759,-5.343,15.97,3.837,16.875,0.44,0.439965,-3.5e-05,4.4,4.402919,0.002919,0.67,0.719972,0.049972,2.0,2.011731,0.011731
28168,PI+SIDIS,matched,coherent,RP035,2:143|2:165,10.6759,-5.343,15.97,3.837,16.875,0.44,0.439965,-3.5e-05,4.4,4.402919,0.002919,0.67,0.719972,0.049972,2.0,2.011731,0.011731
28169,PI+SIDIS,matched,coherent,RP035,2:143|2:165,10.6759,-5.343,15.97,3.837,16.875,0.44,0.439965,-3.5e-05,4.4,4.402919,0.002919,0.67,0.719972,0.049972,2.0,2.011731,0.011731
28170,HMSDIS,matched,coherent,RP035,2:143|2:165,10.6759,-5.343,15.97,3.837,16.875,0.44,0.439965,-3.5e-05,4.4,4.402919,0.002919,0.67,0.719972,0.049972,2.0,2.011731,0.011731
28171,PI+SIDIS,matched,coherent,RP034,2:141|2:163|2:180,10.6759,-5.343,15.97,5.154,16.875,0.44,0.439965,-3.5e-05,4.4,4.402919,0.002919,0.9,0.966808,0.066808,2.0,2.011731,0.011731
28172,PI+SIDIS,matched,coherent,RP036,2:146|2:167,10.6759,-5.343,15.97,3.837,14.875,0.44,0.439965,-3.5e-05,4.4,4.402919,0.002919,0.67,0.719972,0.049972,0.0,0.011731,0.011731
28173,PI+SIDIS,matched,coherent,RP036,2:146|2:167,10.6759,-5.343,15.97,3.837,14.875,0.44,0.439965,-3.5e-05,4.4,4.402919,0.002919,0.67,0.719972,0.049972,0.0,0.011731,0.011731
28174,PI+SIDIS,matched,coherent,RP036,2:146|2:167,10.6759,-5.343,15.97,3.837,14.875,0.44,0.439965,-3.5e-05,4.4,4.402919,0.002919,0.67,0.719972,0.049972,0.0,0.011731,0.011731
28175,PI+SIDIS,matched,coherent,RP036,2:146|2:167,10.6759,-5.343,15.97,3.837,14.875,0.44,0.439965,-3.5e-05,4.4,4.402919,0.002919,0.67,0.719972,0.049972,0.0,0.011731,0.011731
28176,PI+SIDIS,matched,coherent,RP036,2:146|2:167,10.6759,-5.343,15.97,3.837,14.875,0.44,0.439965,-3.5e-05,4.4,4.402919,0.002919,0.67,0.719972,0.049972,0.0,0.011731,0.011731
28177,PI+SIDIS,matched,coherent,RP036,2:146|2:167,10.6759,-5.343,15.97,3.837,14.875,0.44,0.439965,-3.5e-05,4.4,4.402919,0.002919,0.67,0.719972,0.049972,0.0,0.011731,0.011731
28178,PI+SIDIS,matched,coherent,RP036,2:146|2:167,10.6759,-5.343,15.97,3.837,14.875,0.44,0.439965,-3.5e-05,4.4,4.402919,0.002919,0.67,0.719972,0.049972,0.0,0.011731,0.011731
28179,PI+SIDIS,matched,coherent,RP036,2:146|2:167,10.6759,-5.343,15.97,3.837,14.875,0.44,0.439965,-3.5e-05,4.4,4.402919,0.002919,0.67,0.719972,0.049972,0.0,0.011731,0.011731
28180,PI+SIDIS,matched,coherent,RP037,2:148|2:169,10.6759,-5.343,15.97,3.837,12.87,0.44,0.439965,-3.5e-05,4.4,4.402919,0.002919,0.67,0.719972,0.049972,-2.0,-1.993269,0.006731
28181,PI+SIDIS,matched,coherent,RP037,2:148|2:169,10.6759,-5.343,15.97,3.837,12.87,0.44,0.439965,-3.5e-05,4.4,4.402919,0.002919,0.67,0.719972,0.049972,-2.0,-1.993269,0.006731
28182,PI+SIDIS,matched,coherent,RP037,2:148|2:169,10.6759,-5.343,15.97,3.837,12.87,0.44,0.439965,-3.5e-05,4.4,4.402919,0.002919,0.67,0.719972,0.049972,-2.0,-1.993269,0.006731
28183,PI+SIDIS,matched,coherent,RP037,2:148|2:169,10.6759,-5.343,15.97,3.837,12.87,0.44,0.439965,-3.5e-05,4.4,4.402919,0.002919,0.67,0.719972,0.049972,-2.0,-1.993269,0.006731
28184,PI+SIDIS,matched,coherent,RP037,2:148|2:169,10.6759,-5.343,15.97,3.837,12.87,0.44,0.439965,-3.5e-05,4.4,4.402919,0.002919,0.67,0.719972,0.049972,-2.0,-1.993269,0.006731
28185,PI+SIDIS,matched,coherent,RP037,2:148|2:169,10.6759,-5.343,15.97,3.837,12.87,0.44,0.439965,-3.5e-05,4.4,4.402919,0.002919,0.67,0.719972,0.049972,-2.0,-1.993269,0.006731
28186,PI+SIDIS,matched,coherent,RP037,2:148|2:169,10.6759,-5.343,15.97,3.837,12.87,0.44,0.439965,-3.5e-05,4.4,4.402919,0.002919,0.67,0.719972,0.049972,-2.0,-1.993269,0.006731
28187,PI+SIDIS,matched,coherent,RP038,2:150|2:171|2:196,10.6759,-5.343,15.97,2.978,12.87,0.44,0.439965,-3.5e-05,4.4,4.402919,0.002919,0.52,0.559033,0.039033,-2.0,-1.993269,0.006731
28188,PI+SIDIS,matched,coherent,RP038,2:150|2:171|2:196,10.6759,-5.343,15.97,2.978,12.87,0.44,0.439965,-3.5e-05,4.4,4.402919,0.002919,0.52,0.559033,0.039033,-2.0,-1.993269,0.006731
28189,PI+SIDIS,matched,coherent,RP038,2:150|2:171|2:196,10.6759,-5.343,15.97,2.978,12.87,0.44,0.439965,-3.5e-05,4.4,4.402919,0.002919,0.52,0.559033,0.039033,-2.0,-1.993269,0.006731
28190,PI+SIDIS,matched,coherent,RP038,2:150|2:171|2:196,10.6759,-5.343,15.97,2.978,12.87,0.44,0.439965,-3.5e-05,4.4,4.402919,0.002919,0.52,0.559033,0.039033,-2.0,-1.993269,0.006731
28191,PI+SIDIS,matched,coherent,RP038,2:150|2:171|2:196,10.6759,-5.343,15.97,2.978,12.87,0.44,0.439965,-3.5e-05,4.4,4.402919,0.002919,0.52,0.559033,0.039033,-2.0,-1.993269,0.006731
28192,PI+SIDIS,matched,coherent,RP038,2:150|2:171|2:196,10.6759,-5.343,15.97,2.978,12.87,0.44,0.439965,-3.5e-05,4.4,4.402919,0.002919,0.52,0.559033,0.039033,-2.0,-1.993269,0.006731
28193,PI+SIDIS,matched,coherent,RP038,2:150|2:171|2:196,10.6759,-5.343,15.97,2.978,12.87,0.44,0.439965,-3.5e-05,4.4,4.402919,0.002919,0.52,0.559033,0.039033,-2.0,-1.993269,0.006731
28194,PI+SIDIS,matched,coherent,RP038,2:150|2:171|2:196,10.6759,-5.343,15.97,2.978,12.87,0.44,0.439965,-3.5e-05,4.4,4.402919,0.002919,0.52,0.559033,0.039033,-2.0,-1.993269,0.006731
28195,PI+SIDIS,matched,coherent,RP038,2:150|2:171|2:196,10.6759,-5.343,15.97,2.978,12.87,0.44,0.439965,-3.5e-05,4.4,4.402919,0.002919,0.52,0.559033,0.039033,-2.0,-1.993269,0.006731
28196,PI+SIDIS,matched,coherent,RP038,2:150|2:171|2:196,10.6759,-5.343,15.97,2.978,12.87,0.44,0.439965,-3.5e-05,4.4,4.402919,0.002919,0.52,0.559033,0.039033,-2.0,-1.993269,0.006731
28197,PI+SIDIS,matched,coherent,RP038,2:150|2:171|2:196,10.6759,-5.343,15.97,2.978,12.87,0.44,0.439965,-3.5e-05,4.4,4.402919,0.002919,0.52,0.559033,0.039033,-2.0,-1.993269,0.006731
28198,PI+SIDIS,matched,coherent,RP038,2:150|2:171|2:196,10.6759,-5.343,15.97,2.978,12.87,0.44,0.439965,-3.5e-05,4.4,4.402919,0.002919,0.52,0.559033,0.039033,-2.0,-1.993269,0.006731
28199,PI+SIDIS,matched,coherent,RP038,2:150|2:171|2:196,10.6759,-5.343,15.97,2.978,12.87,0.44,0.439965,-3.5e-05,4.4,4.402919,0.002919,0.52,0.559033,0.039033,-2.0,-1.993269,0.006731
28200,PI+SIDIS,matched,coherent,RP038,2:150|2:171|2:196,10.6759,-5.343,15.97,2.978,12.87,0.44,0.439965,-3.5e-05,4.4,4.402919,0.002919,0.52,0.559033,0.039033,-2.0,-1.993269,0.006731
28201,PI+SIDIS,matched,coherent,RP038,2:150|2:171|2:196,10.6759,-5.343,15.97,2.978,12.87,0.44,0.439965,-3.5e-05,4.4,4.402919,0.002919,0.52,0.559033,0.039033,-2.0,-1.993269,0.006731
28202,PI+SIDIS,matched,coherent,RP038,2:150|2:171|2:196,10.6759,-5.343,15.97,2.978,12.87,0.44,0.439965,-3.5e-05,4.4,4.402919,0.002919,0.52,0.559033,0.039033,-2.0,-1.993269,0.006731
28203,PI+SIDIS,matched,coherent,RP038,2:150|2:171|2:196,10.6759,-5.343,15.97,2.978,12.87,0.44,0.439965,-3.5e-05,4.4,4.402919,0.002919,0.52,0.559033,0.039033,-2.0,-1.993269,0.006731
28204,PI+SIDIS,matched,coherent,RP038,2:150|2:171|2:196,10.6759,-5.343,15.97,2.978,12.87,0.44,0.439965,-3.5e-05,4.4,4.402919,0.002919,0.52,0.559033,0.039033,-2.0,-1.993269,0.006731
28205,PI+SIDIS,matched,coherent,RP038,2:150|2:171|2:196,10.6759,-5.343,15.97,2.978,12.87,0.44,0.439965,-3.5e-05,4.4,4.402919,0.002919,0.52,0.559033,0.039033,-2.0,-1.993269,0.006731
28206,PI+SIDIS,matched,coherent,RP038,2:150|2:171|2:196,10.6759,-5.343,15.97,2.978,12.87,0.44,0.439965,-3.5e-05,4.4,4.402919,0.002919,0.52,0.559033,0.039033,-2.0,-1.993269,0.006731
28207,PI+SIDIS,matched,coherent,RP038,2:150|2:171|2:196,10.6759,-5.343,15.97,2.978,12.87,0.44,0.439965,-3.5e-05,4.4,4.402919,0.002919,0.52,0.559033,0.039033,-2.0,-1.993269,0.006731
28208,PI+SIDIS,matched,coherent,RP038,2:150|2:171|2:196,10.6759,-5.343,15.97,2.978,12.87,0.44,0.439965,-3.5e-05,4.4,4.402919,0.002919,0.52,0.559033,0.039033,-2.0,-1.993269,0.006731
28209,PI+SIDIS,matched,coherent,RP038,2:150|2:171|2:196,10.6759,-5.343,15.97,2.978,12.87,0.44,0.439965,-3.5e-05,4.4,4.402919,0.002919,0.52,0.559033,0.039033,-2.0,-1.993269,0.006731
28210,PI+SIDIS,matched,coherent,RP038,2:150|2:171|2:196,10.6759,-5.343,15.97,2.978,12.87,0.44,0.439965,-3.5e-05,4.4,4.402919,0.002919,0.52,0.559033,0.039033,-2.0,-1.993269,0.006731
28211,PI+SIDIS,matched,coherent,RP038,2:150|2:171|2:196,10.6759,-5.343,15.97,2.978,12.87,0.44,0.439965,-3.5e-05,4.4,4.402919,0.002919,0.52,0.559033,0.039033,-2.0,-1.993269,0.006731
28212,PI+SIDIS,matched,coherent,RP038,2:150|2:171|2:196,10.6759,-5.343,15.97,2.978,12.87,0.44,0.439965,-3.5e-05,4.4,4.402919,0.002919,0.52,0.559033,0.039033,-2.0,-1.993269,0.006731
28213,PI+SIDIS,matched,coherent,RP038,2:150|2:171|2:196,10.6759,-5.343,15.97,2.978,12.87,0.44,0.439965,-3.5e-05,4.4,4.402919,0.002919,0.52,0.559033,0.039033,-2.0,-1.993269,0.006731
28214,PI+SIDIS,matched,coherent,RP038,2:150|2:171|2:196,10.6759,-5.343,15.97,2.978,12.87,0.44,0.439965,-3.5e-05,4.4,4.402919,0.002919,0.52,0.559033,0.039033,-2.0,-1.993269,0.006731
28215,PI+SIDIS,matched,coherent,RP038,2:150|2:171|2:196,10.6759,-5.343,15.97,2.978,12.87,0.44,0.439965,-3.5e-05,4.4,4.402919,0.002919,0.52,0.559033,0.039033,-2.0,-1.993269,0.006731
28216,PI+SIDIS,matched,coherent,RP038,2:150|2:171|2:196,10.6759,-5.343,15.97,2.978,12.87,0.44,0.439965,-3.5e-05,4.4,4.402919,0.002919,0.52,0.559033,0.039033,-2.0,-1.993269,0.006731
28217,PI+SIDIS,matched,coherent,RP038,2:150|2:171|2:196,10.6759,-5.343,15.97,2.978,12.87,0.44,0.439965,-3.5e-05,4.4,4.402919,0.002919,0.52,0.559033,0.039033,-2.0,-1.993269,0.006731
28218,PI+SIDIS,matched,coherent,RP038,2:150|2:171|2:196,10.6759,-5.343,15.97,2.978,12.87,0.44,0.439965,-3.5e-05,4.4,4.402919,0.002919,0.52,0.559033,0.039033,-2.0,-1.993269,0.006731
28219,PI+SIDIS,matched,coherent,RP038,2:150|2:171|2:196,10.6759,-5.343,15.97,2.978,12.87,0.44,0.439965,-3.5e-05,4.4,4.402919,0.002919,0.52,0.559033,0.039033,-2.0,-1.993269,0.006731
28220,PI+SIDIS,matched,coherent,RP039,2:155|2:174|2:197,10.6759,-5.343,15.97,2.978,14.875,0.44,0.439965,-3.5e-05,4.4,4.402919,0.002919,0.52,0.559033,0.039033,0.0,0.011731,0.011731
28221,PI+SIDIS,matched,coherent,RP039,2:155|2:174|2:197,10.6759,-5.343,15.97,2.978,14.875,0.44,0.439965,-3.5e-05,4.4,4.402919,0.002919,0.52,0.559033,0.039033,0.0,0.011731,0.011731
28222,PI+SIDIS,matched,coherent,RP039,2:155|2:174|2:197,10.6759,-5.343,15.97,2.978,14.875,0.44,0.439965,-3.5e-05,4.4,4.402919,0.002919,0.52,0.559033,0.039033,0.0,0.011731,0.011731
28223,PI+SIDIS,matched,coherent,RP039,2:155|2:174|2:197,10.6759,-5.343,15.97,2.978,14.875,0.44,0.439965,-3.5e-05,4.4,4.402919,0.002919,0.52,0.559033,0.039033,0.0,0.011731,0.011731
28224,HMSDIS,matched,coherent,RP039,2:155|2:174|2:197,10.6759,-5.343,15.97,2.978,14.875,0.44,0.439965,-3.5e-05,4.4,4.402919,0.002919,0.52,0.559033,0.039033,0.0,0.011731,0.011731
28225,HMSDIS,matched,coherent,RP039,2:155|2:174|2:197,10.6759,-5.343,15.97,2.978,14.875,0.44,0.439965,-3.5e-05,4.4,4.402919,0.002919,0.52,0.559033,0.039033,0.0,0.011731,0.011731
28226,PI+SIDIS,matched,coherent,RP039,2:155|2:174|2:197,10.6759,-5.343,15.97,2.978,14.875,0.44,0.439965,-3.5e-05,4.4,4.402919,0.002919,0.52,0.559033,0.039033,0.0,0.011731,0.011731
28227,PI+SIDIS,matched,coherent,RP039,2:155|2:174|2:197,10.6759,-5.343,15.97,2.978,14.875,0.44,0.439965,-3.5e-05,4.4,4.402919,0.002919,0.52,0.559033,0.039033,0.0,0.011731,0.011731
28228,PI+SIDIS,matched,coherent,RP039,2:155|2:174|2:197,10.6759,-5.343,15.97,2.978,14.875,0.44,0.439965,-3.5e-05,4.4,4.402919,0.002919,0.52,0.559033,0.039033,0.0,0.011731,0.011731
28229,HMSDIS,matched,coherent,RP039,2:155|2:174|2:197,10.6759,-5.343,15.97,2.978,14.875,0.44,0.439965,-3.5e-05,4.4,4.402919,0.002919,0.52,0.559033,0.039033,0.0,0.011731,0.011731
28230,PI+SIDIS,matched,coherent,RP039,2:155|2:174|2:197,10.6759,-5.343,15.97,2.978,14.875,0.44,0.439965,-3.5e-05,4.4,4.402919,0.002919,0.52,0.559033,0.039033,0.0,0.011731,0.011731
28231,PI+SIDIS,matched,coherent,RP039,2:155|2:174|2:197,10.6759,-5.343,15.97,2.978,14.875,0.44,0.439965,-3.5e-05,4.4,4.402919,0.002919,0.52,0.559033,0.039033,0.0,0.011731,0.011731
28232,HMSDIS,matched,coherent,RP039,2:155|2:174|2:197,10.6759,-5.343,15.97,2.978,14.875,0.44,0.439965,-3.5e-05,4.4,4.402919,0.002919,0.52,0.559033,0.039033,0.0,0.011731,0.011731
28233,PI+SIDIS,matched,coherent,RP039,2:155|2:174|2:197,10.6759,-5.343,15.97,2.978,14.875,0.44,0.439965,-3.5e-05,4.4,4.402919,0.002919,0.52,0.559033,0.039033,0.0,0.011731,0.011731
28234,PI+SIDIS,matched,coherent,RP039,2:155|2:174|2:197,10.6759,-5.343,15.97,2.978,14.875,0.44,0.439965,-3.5e-05,4.4,4.402919,0.002919,0.52,0.559033,0.039033,0.0,0.011731,0.011731
28235,PI+SIDIS,matched,coherent,RP039,2:155|2:174|2:197,10.6759,-5.343,15.97,2.978,14.875,0.44,0.439965,-3.5e-05,4.4,4.402919,0.002919,0.52,0.559033,0.039033,0.0,0.011731,0.011731
28236,HMSDIS,matched,coherent,RP039,2:155|2:174|2:197,10.6759,-5.343,15.97,2.978,14.875,0.44,0.439965,-3.5e-05,4.4,4.402919,0.002919,0.52,0.559033,0.039033,0.0,0.011731,0.011731
28237,PI+SIDIS,matched,coherent,RP039,2:155|2:174|2:197,10.6759,-5.343,15.97,2.978,14.875,0.44,0.439965,-3.5e-05,4.4,4.402919,0.002919,0.52,0.559033,0.039033,0.0,0.011731,0.011731
28239,HMSDIS,matched,coherent,RP039,2:155|2:174|2:197,10.6759,-5.343,15.97,2.978,14.875,0.44,0.439965,-3.5e-05,4.4,4.402919,0.002919,0.52,0.559033,0.039033,0.0,0.011731,0.011731
28240,PI+SIDIS,matched,coherent,RP039,2:155|2:174|2:197,10.6759,-5.343,15.97,2.978,14.875,0.44,0.439965,-3.5e-05,4.4,4.402919,0.002919,0.52,0.559033,0.039033,0.0,0.011731,0.011731
28241,PI+SIDIS,matched,coherent,RP039,2:155|2:174|2:197,10.6759,-5.343,15.97,2.978,14.875,0.44,0.439965,-3.5e-05,4.4,4.402919,0.002919,0.52,0.559033,0.039033,0.0,0.011731,0.011731
28242,PI+SIDIS,matched,coherent,RP039,2:155|2:174|2:197,10.6759,-5.343,15.97,2.978,14.875,0.44,0.439965,-3.5e-05,4.4,4.402919,0.002919,0.52,0.559033,0.039033,0.0,0.011731,0.011731
28243,PI+SIDIS,matched,coherent,RP039,2:155|2:174|2:197,10.6759,-5.343,15.97,2.978,14.875,0.44,0.439965,-3.5e-05,4.4,4.402919,0.002919,0.52,0.559033,0.039033,0.0,0.011731,0.011731
28244,HMSDIS,matched,coherent,RP039,2:155|2:174|2:197,10.6759,-5.343,15.97,2.978,14.875,0.44,0.439965,-3.5e-05,4.4,4.402919,0.002919,0.52,0.559033,0.039033,0.0,0.011731,0.011731
28245,PI+SIDIS,matched,coherent,RP040,2:159|2:177|2:198,10.6759,-5.343,15.97,2.978,16.87,0.44,0.439965,-3.5e-05,4.4,4.402919,0.002919,0.52,0.559033,0.039033,2.0,2.006731,0.006731
28246,PI+SIDIS,matched,coherent,RP040,2:159|2:177|2:198,10.6759,-5.343,15.97,2.978,16.87,0.44,0.439965,-3.5e-05,4.4,4.402919,0.002919,0.52,0.559033,0.039033,2.0,2.006731,0.006731
28247,HMSDIS,matched,coherent,RP040,2:159|2:177|2:198,10.6759,-5.343,15.97,2.978,16.87,0.44,0.439965,-3.5e-05,4.4,4.402919,0.002919,0.52,0.559033,0.039033,2.0,2.006731,0.006731
28248,PI+SIDIS,matched,coherent,RP040,2:159|2:177|2:198,10.6759,-5.343,15.97,2.978,16.87,0.44,0.439965,-3.5e-05,4.4,4.402919,0.002919,0.52,0.559033,0.039033,2.0,2.006731,0.006731
28249,PI+SIDIS,matched,coherent,RP040,2:159|2:177|2:198,10.6759,-5.343,15.97,2.978,16.87,0.44,0.439965,-3.5e-05,4.4,4.402919,0.002919,0.52,0.559033,0.039033,2.0,2.006731,0.006731
28250,PI+SIDIS,matched,coherent,RP040,2:159|2:177|2:198,10.6759,-5.343,15.97,2.978,16.87,0.44,0.439965,-3.5e-05,4.4,4.402919,0.002919,0.52,0.559033,0.039033,2.0,2.006731,0.006731
28251,HMSDIS,matched,coherent,RP040,2:159|2:177|2:198,10.6759,-5.343,15.97,2.978,16.87,0.44,0.439965,-3.5e-05,4.4,4.402919,0.002919,0.52,0.559033,0.039033,2.0,2.006731,0.006731
28252,PI+SIDIS,matched,coherent,RP040,2:159|2:177|2:198,10.6759,-5.343,15.97,2.978,16.87,0.44,0.439965,-3.5e-05,4.4,4.402919,0.002919,0.52,0.559033,0.039033,2.0,2.006731,0.006731
28253,PI+SIDIS,matched,coherent,RP040,2:159|2:177|2:198,10.6759,-5.343,15.97,2.978,16.87,0.44,0.439965,-3.5e-05,4.4,4.402919,0.002919,0.52,0.559033,0.039033,2.0,2.006731,0.006731
28254,HMSDIS,matched,coherent,RP040,2:159|2:177|2:198,10.6759,-5.343,15.97,2.978,16.87,0.44,0.439965,-3.5e-05,4.4,4.402919,0.002919,0.52,0.559033,0.039033,2.0,2.006731,0.006731
28255,HMSDIS,matched,coherent,RP040,2:159|2:177|2:198,10.6759,-5.343,15.97,2.978,16.87,0.44,0.439965,-3.5e-05,4.4,4.402919,0.002919,0.52,0.559033,0.039033,2.0,2.006731,0.006731
28256,PI+SIDIS,matched,coherent,RP040,2:159|2:177|2:198,10.6759,-5.343,15.97,2.978,16.87,0.44,0.439965,-3.5e-05,4.4,4.402919,0.002919,0.52,0.559033,0.039033,2.0,2.006731,0.006731
28257,PI+SIDIS,matched,coherent,RP040,2:159|2:177|2:198,10.6759,-5.343,15.97,2.978,16.87,0.44,0.439965,-3.5e-05,4.4,4.402919,0.002919,0.52,0.559033,0.039033,2.0,2.006731,0.006731
28258,PI+SIDIS,matched,coherent,RP040,2:159|2:177|2:198,10.6759,-5.343,15.97,2.978,16.87,0.44,0.439965,-3.5e-05,4.4,4.402919,0.002919,0.52,0.559033,0.039033,2.0,2.006731,0.006731
28259,HMSDIS,matched,coherent,RP040,2:159|2:177|2:198,10.6759,-5.343,15.97,2.978,16.87,0.44,0.439965,-3.5e-05,4.4,4.402919,0.002919,0.52,0.559033,0.039033,2.0,2.006731,0.006731
28260,PI+SIDIS,matched,coherent,RP040,2:159|2:177|2:198,10.6759,-5.343,15.97,2.978,16.87,0.44,0.439965,-3.5e-05,4.4,4.402919,0.002919,0.52,0.559033,0.039033,2.0,2.006731,0.006731
28261,PI+SIDIS,matched,coherent,RP040,2:159|2:177|2:198,10.6759,-5.343,15.97,2.978,16.87,0.44,0.439965,-3.5e-05,4.4,4.402919,0.002919,0.52,0.559033,0.039033,2.0,2.006731,0.006731
28262,PI+SIDIS,matched,coherent,RP040,2:159|2:177|2:198,10.6759,-5.343,15.97,2.978,16.87,0.44,0.439965,-3.5e-05,4.4,4.402919,0.002919,0.52,0.559033,0.039033,2.0,2.006731,0.006731
28263,PI+SIDIS,matched,coherent,RP040,2:159|2:177|2:198,10.6759,-5.343,15.97,2.978,16.87,0.44,0.439965,-3.5e-05,4.4,4.402919,0.002919,0.52,0.559033,0.039033,2.0,2.006731,0.006731
28264,PI+SIDIS,matched,coherent,RP040,2:159|2:177|2:198,10.6759,-5.343,15.97,2.978,16.87,0.44,0.439965,-3.5e-05,4.4,4.402919,0.002919,0.52,0.559033,0.039033,2.0,2.006731,0.006731
28265,HMSDIS,matched,coherent,RP040,2:159|2:177|2:198,10.6759,-5.343,15.97,2.978,16.87,0.44,0.439965,-3.5e-05,4.4,4.402919,0.002919,0.52,0.559033,0.039033,2.0,2.006731,0.006731
28266,HMSDIS,matched,coherent,RP040,2:159|2:177|2:198,10.6759,-5.343,15.97,2.978,16.87,0.44,0.439965,-3.5e-05,4.4,4.402919,0.002919,0.52,0.559033,0.039033,2.0,2.006731,0.006731
28267,PI+SIDIS,matched,coherent,RP040,2:159|2:177|2:198,10.6759,-5.343,15.97,2.978,16.87,0.44,0.439965,-3.5e-05,4.4,4.402919,0.002919,0.52,0.559033,0.039033,2.0,2.006731,0.006731
28268,PI-SIDIS,matched,coherent,RP034,2:141|2:163|2:180,10.6759,-5.343,15.97,-5.154,16.87,0.44,0.439965,-3.5e-05,4.4,4.402919,0.002919,0.9,0.966808,0.066808,2.0,2.006731,0.006731
28269,PI-SIDIS,matched,coherent,RP034,2:141|2:163|2:180,10.6759,-5.343,15.97,-5.154,16.87,0.44,0.439965,-3.5e-05,4.4,4.402919,0.002919,0.9,0.966808,0.066808,2.0,2.006731,0.006731
28270,PI-SIDIS,matched,coherent,RP034,2:141|2:163|2:180,10.6759,-5.343,15.97,-5.154,16.87,0.44,0.439965,-3.5e-05,4.4,4.402919,0.002919,0.9,0.966808,0.066808,2.0,2.006731,0.006731
28276,HMSDIS,matched,coherent,RP035,2:143|2:165,10.6759,-5.343,15.97,-3.837,16.87,0.44,0.439965,-3.5e-05,4.4,4.402919,0.002919,0.67,0.719972,0.049972,2.0,2.006731,0.006731
28277,HMSDIS,matched,coherent,RP035,2:143|2:165,10.6759,-5.343,15.97,-3.837,16.87,0.44,0.439965,-3.5e-05,4.4,4.402919,0.002919,0.67,0.719972,0.049972,2.0,2.006731,0.006731
28278,HMSDIS,matched,coherent,RP035,2:143|2:165,10.6759,-5.343,15.97,-3.837,16.87,0.44,0.439965,-3.5e-05,4.4,4.402919,0.002919,0.67,0.719972,0.049972,2.0,2.006731,0.006731
28280,PI-SIDIS,matched,coherent,RP035,2:143|2:165,10.6759,-5.343,15.97,-3.837,16.87,0.44,0.439965,-3.5e-05,4.4,4.402919,0.002919,0.67,0.719972,0.049972,2.0,2.006731,0.006731
28281,PI-SIDIS,matched,coherent,RP035,2:143|2:165,10.6759,-5.343,15.97,-3.837,16.87,0.44,0.439965,-3.5e-05,4.4,4.402919,0.002919,0.67,0.719972,0.049972,2.0,2.006731,0.006731
28282,PI-SIDIS,matched,coherent,RP035,2:143|2:165,10.6759,-5.343,15.97,-3.837,16.87,0.44,0.439965,-3.5e-05,4.4,4.402919,0.002919,0.67,0.719972,0.049972,2.0,2.006731,0.006731
28283,PI-SIDIS,matched,coherent,RP035,2:143|2:165,10.6759,-5.343,15.97,-3.837,16.87,0.44,0.439965,-3.5e-05,4.4,4.402919,0.002919,0.67,0.719972,0.049972,2.0,2.006731,0.006731
28284,HMSDIS,matched,coherent,RP035,2:143|2:165,10.6759,-5.343,15.97,-3.837,16.87,0.44,0.439965,-3.5e-05,4.4,4.402919,0.002919,0.67,0.719972,0.049972,2.0,2.006731,0.006731
28285,PI-SIDIS,matched,coherent,RP035,2:143|2:165,10.6759,-5.343,15.97,-3.837,16.87,0.44,0.439965,-3.5e-05,4.4,4.402919,0.002919,0.67,0.719972,0.049972,2.0,2.006731,0.006731
28286,PI-SIDIS,matched,coherent,RP035,2:143|2:165,10.6759,-5.343,15.97,-3.837,16.87,0.44,0.439965,-3.5e-05,4.4,4.402919,0.002919,0.67,0.719972,0.049972,2.0,2.006731,0.006731
28287,PI-SIDIS,matched,coherent,RP035,2:143|2:165,10.6759,-5.343,15.97,-3.837,16.87,0.44,0.439965,-3.5e-05,4.4,4.402919,0.002919,0.67,0.719972,0.049972,2.0,2.006731,0.006731
28288,PI-SIDIS,matched,coherent,RP035,2:143|2:165,10.6759,-5.343,15.97,-3.837,16.87,0.44,0.439965,-3.5e-05,4.4,4.402919,0.002919,0.67,0.719972,0.049972,2.0,2.006731,0.006731
28289,PI-SIDIS,matched,coherent,RP035,2:143|2:165,10.6759,-5.343,15.97,-3.837,16.87,0.44,0.439965,-3.5e-05,4.4,4.402919,0.002919,0.67,0.719972,0.049972,2.0,2.006731,0.006731
28290,PI-SIDIS,matched,coherent,RP035,2:143|2:165,10.6759,-5.343,15.97,-3.837,16.87,0.44,0.439965,-3.5e-05,4.4,4.402919,0.002919,0.67,0.719972,0.049972,2.0,2.006731,0.006731
28291,PI-SIDIS,matched,coherent,RP035,2:143|2:165,10.6759,-5.343,15.97,-3.837,16.87,0.44,0.439965,-3.5e-05,4.4,4.402919,0.002919,0.67,0.719972,0.049972,2.0,2.006731,0.006731
28292,PI-SIDIS,matched,coherent,RP035,2:143|2:165,10.6759,-5.343,15.97,-3.837,16.87,0.44,0.439965,-3.5e-05,4.4,4.402919,0.002919,0.67,0.719972,0.049972,2.0,2.006731,0.006731
28293,PI-SIDIS,matched,coherent,RP035,2:143|2:165,10.6759,-5.343,15.97,-3.837,16.87,0.44,0.439965,-3.5e-05,4.4,4.402919,0.002919,0.67,0.719972,0.049972,2.0,2.006731,0.006731
28294,PI-SIDIS,matched,coherent,RP035,2:143|2:165,10.6759,-5.343,15.97,-3.837,16.87,0.44,0.439965,-3.5e-05,4.4,4.402919,0.002919,0.67,0.719972,0.049972,2.0,2.006731,0.006731
28295,PI-SIDIS,matched,coherent,RP036,2:146|2:167,10.6759,-5.343,15.97,-3.837,14.875,0.44,0.439965,-3.5e-05,4.4,4.402919,0.002919,0.67,0.719972,0.049972,0.0,0.011731,0.011731
28296,PI-SIDIS,matched,coherent,RP036,2:146|2:167,10.6759,-5.343,15.97,-3.837,14.875,0.44,0.439965,-3.5e-05,4.4,4.402919,0.002919,0.67,0.719972,0.049972,0.0,0.011731,0.011731
28298,PI-SIDIS,matched,coherent,RP036,2:146|2:167,10.6759,-5.343,15.97,-3.837,14.875,0.44,0.439965,-3.5e-05,4.4,4.402919,0.002919,0.67,0.719972,0.049972,0.0,0.011731,0.011731
28299,PI-SIDIS,matched,coherent,RP036,2:146|2:167,10.6759,-5.343,15.97,-3.837,14.875,0.44,0.439965,-3.5e-05,4.4,4.402919,0.002919,0.67,0.719972,0.049972,0.0,0.011731,0.011731
28300,PI-SIDIS,matched,coherent,RP036,2:146|2:167,10.6759,-5.343,15.97,-3.837,14.875,0.44,0.439965,-3.5e-05,4.4,4.402919,0.002919,0.67,0.719972,0.049972,0.0,0.011731,0.011731
28301,PI-SIDIS,matched,coherent,RP036,2:146|2:167,10.6759,-5.343,15.97,-3.837,14.875,0.44,0.439965,-3.5e-05,4.4,4.402919,0.002919,0.67,0.719972,0.049972,0.0,0.011731,0.011731
28302,PI-SIDIS,matched,coherent,RP036,2:146|2:167,10.6759,-5.343,15.97,-3.837,14.875,0.44,0.439965,-3.5e-05,4.4,4.402919,0.002919,0.67,0.719972,0.049972,0.0,0.011731,0.011731
28303,PI-SIDIS,matched,coherent,RP036,2:146|2:167,10.6759,-5.343,15.97,-3.837,14.875,0.44,0.439965,-3.5e-05,4.4,4.402919,0.002919,0.67,0.719972,0.049972,0.0,0.011731,0.011731
28304,PI-SIDIS,matched,coherent,RP036,2:146|2:167,10.6759,-5.343,15.97,-3.837,14.875,0.44,0.439965,-3.5e-05,4.4,4.402919,0.002919,0.67,0.719972,0.049972,0.0,0.011731,0.011731
28305,PI-SIDIS,matched,coherent,RP036,2:146|2:167,10.6759,-5.343,15.97,-3.837,14.875,0.44,0.439965,-3.5e-05,4.4,4.402919,0.002919,0.67,0.719972,0.049972,0.0,0.011731,0.011731
28306,PI-SIDIS,matched,coherent,RP037,2:148|2:169,10.6759,-5.343,15.97,-3.837,12.875,0.44,0.439965,-3.5e-05,4.4,4.402919,0.002919,0.67,0.719972,0.049972,-2.0,-1.988269,0.011731
28307,PI-SIDIS,matched,coherent,RP037,2:148|2:169,10.6759,-5.343,15.97,-3.837,12.875,0.44,0.439965,-3.5e-05,4.4,4.402919,0.002919,0.67,0.719972,0.049972,-2.0,-1.988269,0.011731
28308,PI-SIDIS,matched,coherent,RP037,2:148|2:169,10.6759,-5.343,15.97,-3.837,12.875,0.44,0.439965,-3.5e-05,4.4,4.402919,0.002919,0.67,0.719972,0.049972,-2.0,-1.988269,0.011731
28309,PI-SIDIS,matched,coherent,RP037,2:148|2:169,10.6759,-5.343,15.97,-3.837,12.875,0.44,0.439965,-3.5e-05,4.4,4.402919,0.002919,0.67,0.719972,0.049972,-2.0,-1.988269,0.011731
28310,PI-SIDIS,matched,coherent,RP037,2:148|2:169,10.6759,-5.343,15.97,-3.837,12.875,0.44,0.439965,-3.5e-05,4.4,4.402919,0.002919,0.67,0.719972,0.049972,-2.0,-1.988269,0.011731
28311,PI-SIDIS,matched,coherent,RP037,2:148|2:169,10.6759,-5.343,15.97,-3.837,12.875,0.44,0.439965,-3.5e-05,4.4,4.402919,0.002919,0.67,0.719972,0.049972,-2.0,-1.988269,0.011731
28312,PI-SIDIS,matched,coherent,RP037,2:148|2:169,10.6759,-5.343,15.97,-3.837,12.875,0.44,0.439965,-3.5e-05,4.4,4.402919,0.002919,0.67,0.719972,0.049972,-2.0,-1.988269,0.011731
28313,PI-SIDIS,matched,coherent,RP037,2:148|2:169,10.6759,-5.343,15.97,-3.837,12.875,0.44,0.439965,-3.5e-05,4.4,4.402919,0.002919,0.67,0.719972,0.049972,-2.0,-1.988269,0.011731
28314,PI-SIDIS,matched,coherent,RP037,2:148|2:169,10.6759,-5.343,15.97,-3.837,12.875,0.44,0.439965,-3.5e-05,4.4,4.402919,0.002919,0.67,0.719972,0.049972,-2.0,-1.988269,0.011731
28315,PI-SIDIS,matched,coherent,RP037,2:148|2:169,10.6759,-5.343,15.97,-3.837,12.875,0.44,0.439965,-3.5e-05,4.4,4.402919,0.002919,0.67,0.719972,0.049972,-2.0,-1.988269,0.011731
28317,PI-SIDIS,matched,coherent,RP037,2:148|2:169,10.6759,-5.343,15.97,-3.837,12.875,0.44,0.439965,-3.5e-05,4.4,4.402919,0.002919,0.67,0.719972,0.049972,-2.0,-1.988269,0.011731
28318,PI-SIDIS,matched,coherent,RP037,2:148|2:169,10.6759,-5.343,15.97,-3.837,12.875,0.44,0.439965,-3.5e-05,4.4,4.402919,0.002919,0.67,0.719972,0.049972,-2.0,-1.988269,0.011731
28319,PI-SIDIS,matched,coherent,RP038,2:150|2:171|2:196,10.6759,-5.343,15.97,-2.978,12.875,0.44,0.439965,-3.5e-05,4.4,4.402919,0.002919,0.52,0.559033,0.039033,-2.0,-1.988269,0.011731
28321,PI-SIDIS,matched,coherent,RP038,2:150|2:171|2:196,10.6759,-5.343,15.97,-2.978,12.875,0.44,0.439965,-3.5e-05,4.4,4.402919,0.002919,0.52,0.559033,0.039033,-2.0,-1.988269,0.011731
28322,PI-SIDIS,matched,coherent,RP038,2:150|2:171|2:196,10.6759,-5.343,15.97,-2.978,12.875,0.44,0.439965,-3.5e-05,4.4,4.402919,0.002919,0.52,0.559033,0.039033,-2.0,-1.988269,0.011731
28323,PI-SIDIS,matched,coherent,RP038,2:150|2:171|2:196,10.6759,-5.343,15.97,-2.978,12.875,0.44,0.439965,-3.5e-05,4.4,4.402919,0.002919,0.52,0.559033,0.039033,-2.0,-1.988269,0.011731
28324,PI-SIDIS,matched,coherent,RP038,2:150|2:171|2:196,10.6759,-5.343,15.97,-2.978,12.875,0.44,0.439965,-3.5e-05,4.4,4.402919,0.002919,0.52,0.559033,0.039033,-2.0,-1.988269,0.011731
28325,PI-SIDIS,matched,coherent,RP038,2:150|2:171|2:196,10.6759,-5.343,15.97,-2.978,12.875,0.44,0.439965,-3.5e-05,4.4,4.402919,0.002919,0.52,0.559033,0.039033,-2.0,-1.988269,0.011731
28326,PI-SIDIS,matched,coherent,RP038,2:150|2:171|2:196,10.6759,-5.343,15.97,-2.978,12.875,0.44,0.439965,-3.5e-05,4.4,4.402919,0.002919,0.52,0.559033,0.039033,-2.0,-1.988269,0.011731
28327,PI-SIDIS,matched,coherent,RP038,2:150|2:171|2:196,10.6759,-5.343,15.97,-2.978,12.875,0.44,0.439965,-3.5e-05,4.4,4.402919,0.002919,0.52,0.559033,0.039033,-2.0,-1.988269,0.011731
28328,PI-SIDIS,matched,coherent,RP038,2:150|2:171|2:196,10.6759,-5.343,15.97,-2.978,12.875,0.44,0.439965,-3.5e-05,4.4,4.402919,0.002919,0.52,0.559033,0.039033,-2.0,-1.988269,0.011731
28330,PI-SIDIS,matched,coherent,RP038,2:150|2:171|2:196,10.6759,-5.343,15.97,-2.978,12.875,0.44,0.439965,-3.5e-05,4.4,4.402919,0.002919,0.52,0.559033,0.039033,-2.0,-1.988269,0.011731
28331,PI-SIDIS,matched,coherent,RP038,2:150|2:171|2:196,10.6759,-5.343,15.97,-2.978,12.875,0.44,0.439965,-3.5e-05,4.4,4.402919,0.002919,0.52,0.559033,0.039033,-2.0,-1.988269,0.011731
28332,PI-SIDIS,matched,coherent,RP038,2:150|2:171|2:196,10.6759,-5.343,15.97,-2.978,12.875,0.44,0.439965,-3.5e-05,4.4,4.402919,0.002919,0.52,0.559033,0.039033,-2.0,-1.988269,0.011731
28333,PI-SIDIS,matched,coherent,RP038,2:150|2:171|2:196,10.6759,-5.343,15.97,-2.978,12.875,0.44,0.439965,-3.5e-05,4.4,4.402919,0.002919,0.52,0.559033,0.039033,-2.0,-1.988269,0.011731
28334,PI-SIDIS,matched,coherent,RP038,2:150|2:171|2:196,10.6759,-5.343,15.97,-2.978,12.875,0.44,0.439965,-3.5e-05,4.4,4.402919,0.002919,0.52,0.559033,0.039033,-2.0,-1.988269,0.011731
28335,PI-SIDIS,matched,coherent,RP038,2:150|2:171|2:196,10.6759,-5.343,15.97,-2.978,12.875,0.44,0.439965,-3.5e-05,4.4,4.402919,0.002919,0.52,0.559033,0.039033,-2.0,-1.988269,0.011731
28336,PI-SIDIS,matched,coherent,RP038,2:150|2:171|2:196,10.6759,-5.343,15.97,-2.978,12.875,0.44,0.439965,-3.5e-05,4.4,4.402919,0.002919,0.52,0.559033,0.039033,-2.0,-1.988269,0.011731
28337,PI-SIDIS,matched,coherent,RP039,2:155|2:174|2:197,10.6759,-5.343,15.97,-2.978,14.88,0.44,0.439965,-3.5e-05,4.4,4.402919,0.002919,0.52,0.559033,0.039033,0.0,0.016731,0.016731
28338,PI-SIDIS,matched,coherent,RP039,2:155|2:174|2:197,10.6759,-5.343,15.97,-2.978,14.88,0.44,0.439965,-3.5e-05,4.4,4.402919,0.002919,0.52,0.559033,0.039033,0.0,0.016731,0.016731
28339,PI-SIDIS,matched,coherent,RP039,2:155|2:174|2:197,10.6759,-5.343,15.97,-2.978,14.88,0.44,0.439965,-3.5e-05,4.4,4.402919,0.002919,0.52,0.559033,0.039033,0.0,0.016731,0.016731
28340,PI-SIDIS,matched,coherent,RP039,2:155|2:174|2:197,10.6759,-5.343,15.97,-2.978,14.88,0.44,0.439965,-3.5e-05,4.4,4.402919,0.002919,0.52,0.559033,0.039033,0.0,0.016731,0.016731
28341,PI-SIDIS,matched,coherent,RP039,2:155|2:174|2:197,10.6759,-5.343,15.97,-2.978,14.88,0.44,0.439965,-3.5e-05,4.4,4.402919,0.002919,0.52,0.559033,0.039033,0.0,0.016731,0.016731
28343,HMSDIS,matched,coherent,RP039,2:155|2:174|2:197,10.6759,-5.343,15.97,-2.978,14.88,0.44,0.439965,-3.5e-05,4.4,4.402919,0.002919,0.52,0.559033,0.039033,0.0,0.016731,0.016731
28344,HMSDIS,matched,coherent,RP039,2:155|2:174|2:197,10.6759,-5.343,15.97,-2.978,14.88,0.44,0.439965,-3.5e-05,4.4,4.402919,0.002919,0.52,0.559033,0.039033,0.0,0.016731,0.016731
28345,PI-SIDIS,matched,coherent,RP039,2:155|2:174|2:197,10.6759,-5.343,15.97,-2.978,14.88,0.44,0.439965,-3.5e-05,4.4,4.402919,0.002919,0.52,0.559033,0.039033,0.0,0.016731,0.016731
28346,PI-SIDIS,matched,coherent,RP039,2:155|2:174|2:197,10.6759,-5.343,15.97,-2.978,14.88,0.44,0.439965,-3.5e-05,4.4,4.402919,0.002919,0.52,0.559033,0.039033,0.0,0.016731,0.016731
28347,PI-SIDIS,matched,coherent,RP039,2:155|2:174|2:197,10.6759,-5.343,15.97,-2.978,14.88,0.44,0.439965,-3.5e-05,4.4,4.402919,0.002919,0.52,0.559033,0.039033,0.0,0.016731,0.016731
28348,PI-SIDIS,matched,coherent,RP039,2:155|2:174|2:197,10.6759,-5.343,15.97,-2.978,14.88,0.44,0.439965,-3.5e-05,4.4,4.402919,0.002919,0.52,0.559033,0.039033,0.0,0.016731,0.016731
28349,HMSDIS,matched,coherent,RP039,2:155|2:174|2:197,10.6759,-5.343,15.97,-2.978,14.88,0.44,0.439965,-3.5e-05,4.4,4.402919,0.002919,0.52,0.559033,0.039033,0.0,0.016731,0.016731
28350,HMSDIS,matched,coherent,RP039,2:155|2:174|2:197,10.6759,-5.343,15.97,-2.978,14.88,0.44,0.439965,-3.5e-05,4.4,4.402919,0.002919,0.52,0.559033,0.039033,0.0,0.016731,0.016731
28351,PI-SIDIS,matched,coherent,RP039,2:155|2:174|2:197,10.6759,-5.343,15.97,-2.978,14.88,0.44,0.439965,-3.5e-05,4.4,4.402919,0.002919,0.52,0.559033,0.039033,0.0,0.016731,0.016731
28352,PI-SIDIS,matched,coherent,RP039,2:155|2:174|2:197,10.6759,-5.343,15.97,-2.978,14.88,0.44,0.439965,-3.5e-05,4.4,4.402919,0.002919,0.52,0.559033,0.039033,0.0,0.016731,0.016731
28353,PI-SIDIS,matched,coherent,RP039,2:155|2:174|2:197,10.6759,-5.343,15.97,-2.978,14.88,0.44,0.439965,-3.5e-05,4.4,4.402919,0.002919,0.52,0.559033,0.039033,0.0,0.016731,0.016731
28354,HMSDIS,matched,coherent,RP039,2:155|2:174|2:197,10.6759,-5.343,15.97,-2.978,14.88,0.44,0.439965,-3.5e-05,4.4,4.402919,0.002919,0.52,0.559033,0.039033,0.0,0.016731,0.016731
28356,PI-SIDIS,matched,coherent,RP039,2:155|2:174|2:197,10.6759,-5.343,15.97,-2.978,14.88,0.44,0.439965,-3.5e-05,4.4,4.402919,0.002919,0.52,0.559033,0.039033,0.0,0.016731,0.016731
28357,PI-SIDIS,matched,coherent,RP040,2:159|2:177|2:198,10.6759,-5.343,15.97,-2.978,16.875,0.44,0.439965,-3.5e-05,4.4,4.402919,0.002919,0.52,0.559033,0.039033,2.0,2.011731,0.011731
28358,PI-SIDIS,matched,coherent,RP040,2:159|2:177|2:198,10.6759,-5.343,15.97,-2.978,16.875,0.44,0.439965,-3.5e-05,4.4,4.402919,0.002919,0.52,0.559033,0.039033,2.0,2.011731,0.011731
28359,PI-SIDIS,matched,coherent,RP040,2:159|2:177|2:198,10.6759,-5.343,15.97,-2.978,16.875,0.44,0.439965,-3.5e-05,4.4,4.402919,0.002919,0.52,0.559033,0.039033,2.0,2.011731,0.011731
28360,PI-SIDIS,matched,coherent,RP040,2:159|2:177|2:198,10.6759,-5.343,15.97,-2.978,16.875,0.44,0.439965,-3.5e-05,4.4,4.402919,0.002919,0.52,0.559033,0.039033,2.0,2.011731,0.011731
28361,PI-SIDIS,matched,coherent,RP040,2:159|2:177|2:198,10.6759,-5.343,15.97,-2.978,16.875,0.44,0.439965,-3.5e-05,4.4,4.402919,0.002919,0.52,0.559033,0.039033,2.0,2.011731,0.011731
28362,PI-SIDIS,matched,coherent,RP040,2:159|2:177|2:198,10.6759,-5.343,15.97,-2.978,16.875,0.44,0.439965,-3.5e-05,4.4,4.402919,0.002919,0.52,0.559033,0.039033,2.0,2.011731,0.011731
28363,PI-SIDIS,matched,coherent,RP040,2:159|2:177|2:198,10.6759,-5.343,15.97,-2.978,16.875,0.44,0.439965,-3.5e-05,4.4,4.402919,0.002919,0.52,0.559033,0.039033,2.0,2.011731,0.011731
28364,PI-SIDIS,matched,coherent,RP040,2:159|2:177|2:198,10.6759,-5.343,15.97,-2.978,16.875,0.44,0.439965,-3.5e-05,4.4,4.402919,0.002919,0.52,0.559033,0.039033,2.0,2.011731,0.011731
28365,PI-SIDIS,matched,coherent,RP040,2:159|2:177|2:198,10.6759,-5.343,15.97,-2.978,16.875,0.44,0.439965,-3.5e-05,4.4,4.402919,0.002919,0.52,0.559033,0.039033,2.0,2.011731,0.011731
28373,PI-SIDIS,matched,coherent,RP040,2:159|2:177|2:198,10.6759,-5.343,15.97,-2.978,16.875,0.44,0.439965,-3.5e-05,4.4,4.402919,0.002919,0.52,0.559033,0.039033,2.0,2.011731,0.011731
28374,PI-SIDIS,matched,coherent,RP040,2:159|2:177|2:198,10.6759,-5.343,15.97,-2.978,16.875,0.44,0.439965,-3.5e-05,4.4,4.402919,0.002919,0.52,0.559033,0.039033,2.0,2.011731,0.011731
28375,PI-SIDIS,matched,coherent,RP040,2:159|2:177|2:198,10.6759,-5.343,15.97,-2.978,16.875,0.44,0.439965,-3.5e-05,4.4,4.402919,0.002919,0.52,0.559033,0.039033,2.0,2.011731,0.011731
28376,PI-SIDIS,matched,coherent,RP040,2:159|2:177|2:198,10.6759,-5.343,15.97,-2.978,16.875,0.44,0.439965,-3.5e-05,4.4,4.402919,0.002919,0.52,0.559033,0.039033,2.0,2.011731,0.011731
28377,PI-SIDIS,matched,coherent,RP040,2:159|2:177|2:198,10.6759,-5.343,15.97,-2.978,16.875,0.44,0.439965,-3.5e-05,4.4,4.402919,0.002919,0.52,0.559033,0.039033,2.0,2.011731,0.011731
28378,PI-SIDIS,matched,coherent,RP040,2:159|2:177|2:198,10.6759,-5.343,15.97,-2.978,16.875,0.44,0.439965,-3.5e-05,4.4,4.402919,0.002919,0.52,0.559033,0.039033,2.0,2.011731,0.011731
28379,PI+SIDIS,matched,coherent,RP034,2:141|2:163|2:180,10.6759,-5.343,15.97,5.154,16.875,0.44,0.439965,-3.5e-05,4.4,4.402919,0.002919,0.9,0.966808,0.066808,2.0,2.011731,0.011731
28380,HMSHEE,unmatched,unmatched,,,10.6759,-5.38,23.985,6.163,20.79,-999,0.998093,-999,-999,9.919037,-999,-999,1.164029,-999,-999,0.00073,-999
28381,HMSHEE,unmatched,unmatched,,,10.6759,-5.38,23.985,6.163,20.79,-999,0.998093,-999,-999,9.919037,-999,-999,1.164029,-999,-999,0.00073,-999
28382,HMSHEE,unmatched,unmatched,,,10.6759,-5.38,23.985,6.163,20.79,-999,0.998093,-999,-999,9.919037,-999,-999,1.164029,-999,-999,0.00073,-999
28383,HMSHEE,unmatched,unmatched,,,10.6759,-5.38,23.985,6.163,20.79,-999,0.998093,-999,-999,9.919037,-999,-999,1.164029,-999,-999,0.00073,-999
28384,HMSHEE,unmatched,unmatched,,,10.6759,-5.38,23.985,6.163,20.79,-999,0.998093,-999,-999,9.919037,-999,-999,1.164029,-999,-999,0.00073,-999
28385,HMSDIS,matched,coherent,GT054,KINEMATIC_TABLE row 54,10.6759,5.343,15.965,6.163,20.79,0.44,0.439692,-0.000308,4.4,4.400181,0.000181,-999.0,1.155953,-999,-999.0,5.930734,-999
28386,HMSDIS,matched,coherent,GT054,KINEMATIC_TABLE row 54,10.6759,5.343,15.965,6.163,20.79,0.44,0.439692,-0.000308,4.4,4.400181,0.000181,-999.0,1.155953,-999,-999.0,5.930734,-999
28387,HMSDIS,matched,coherent,GT054,KINEMATIC_TABLE row 54,10.6759,5.343,15.965,6.163,20.79,0.44,0.439692,-0.000308,4.4,4.400181,0.000181,-999.0,1.155953,-999,-999.0,5.930734,-999
28388,HMSDIS,matched,coherent,GT054,KINEMATIC_TABLE row 54,10.6759,5.343,15.965,6.163,20.79,0.44,0.439692,-0.000308,4.4,4.400181,0.000181,-999.0,1.155953,-999,-999.0,5.930734,-999
28390,HMSDIS,matched,coherent,RP040,2:159|2:177|2:198,10.6759,5.343,15.965,2.978,16.87,0.44,0.439692,-0.000308,4.4,4.400181,0.000181,0.52,0.559033,0.039033,2.0,2.010734,0.010734
28391,HMSDIS,matched,coherent,RP040,2:159|2:177|2:198,10.6759,5.343,15.965,2.978,16.87,0.44,0.439692,-0.000308,4.4,4.400181,0.000181,0.52,0.559033,0.039033,2.0,2.010734,0.010734
28392,PI+SIDIS,matched,coherent,RP040,2:159|2:177|2:198,10.6759,5.343,15.965,2.978,16.87,0.44,0.439692,-0.000308,4.4,4.400181,0.000181,0.52,0.559033,0.039033,2.0,2.010734,0.010734
28393,PI+SIDIS,matched,coherent,RP040,2:159|2:177|2:198,10.6759,5.343,15.965,2.978,16.87,0.44,0.439692,-0.000308,4.4,4.400181,0.000181,0.52,0.559033,0.039033,2.0,2.010734,0.010734
28394,PI+SIDIS,matched,coherent,RP040,2:159|2:177|2:198,10.6759,5.343,15.965,2.978,16.87,0.44,0.439692,-0.000308,4.4,4.400181,0.000181,0.52,0.559033,0.039033,2.0,2.010734,0.010734
28397,HMSDIS,matched,coherent,RP040,2:159|2:177|2:198,10.6759,5.343,15.965,2.978,16.87,0.44,0.439692,-0.000308,4.4,4.400181,0.000181,0.52,0.559033,0.039033,2.0,2.010734,0.010734
28398,HMSDIS,matched,coherent,RP040,2:159|2:177|2:198,10.6759,5.343,15.965,2.978,16.87,0.44,0.439692,-0.000308,4.4,4.400181,0.000181,0.52,0.559033,0.039033,2.0,2.010734,0.010734
28399,HMSDIS,matched,coherent,RP040,2:159|2:177|2:198,10.6759,5.343,15.965,2.978,16.87,0.44,0.439692,-0.000308,4.4,4.400181,0.000181,0.52,0.559033,0.039033,2.0,2.010734,0.010734
28400,HMSDIS,matched,coherent,RP040,2:159|2:177|2:198,10.6759,5.343,15.965,2.978,16.87,0.44,0.439692,-0.000308,4.4,4.400181,0.000181,0.52,0.559033,0.039033,2.0,2.010734,0.010734
28402,HMSDIS,matched,coherent,RP040,2:159|2:177|2:198,10.6759,5.343,15.965,2.978,16.87,0.44,0.439692,-0.000308,4.4,4.400181,0.000181,0.52,0.559033,0.039033,2.0,2.010734,0.010734
28403,HMSDIS,matched,coherent,RP040,2:159|2:177|2:198,10.6759,5.343,15.965,2.978,16.87,0.44,0.439692,-0.000308,4.4,4.400181,0.000181,0.52,0.559033,0.039033,2.0,2.010734,0.010734
28404,PI+SIDIS,matched,coherent,RP040,2:159|2:177|2:198,10.6759,5.343,15.965,2.978,16.87,0.44,0.439692,-0.000308,4.4,4.400181,0.000181,0.52,0.559033,0.039033,2.0,2.010734,0.010734
28405,PI+SIDIS,matched,coherent,RP040,2:159|2:177|2:198,10.6759,5.343,15.965,2.978,16.87,0.44,0.439692,-0.000308,4.4,4.400181,0.000181,0.52,0.559033,0.039033,2.0,2.010734,0.010734
28406,PI+SIDIS,matched,coherent,RP040,2:159|2:177|2:198,10.6759,5.343,15.965,2.978,16.87,0.44,0.439692,-0.000308,4.4,4.400181,0.000181,0.52,0.559033,0.039033,2.0,2.010734,0.010734
28408,PI+SIDIS,matched,coherent,GT047,KINEMATIC_TABLE row 47,10.6759,5.343,13.5,2.806,14.735,0.31,0.314978,0.004978,3.1,3.152113,0.052113,0.5,0.526818,0.026818,2.0,1.913595,-0.086405
28409,PI+SIDIS,matched,coherent,GT047,KINEMATIC_TABLE row 47,10.6759,5.343,13.5,2.806,14.735,0.31,0.314978,0.004978,3.1,3.152113,0.052113,0.5,0.526818,0.026818,2.0,1.913595,-0.086405
28410,HMSDIS,matched,coherent,GT047,KINEMATIC_TABLE row 47,10.6759,5.343,13.5,2.806,14.735,0.31,0.314978,0.004978,3.1,3.152113,0.052113,0.5,0.526818,0.026818,2.0,1.913595,-0.086405
28411,HMSDIS,matched,coherent,GT047,KINEMATIC_TABLE row 47,10.6759,5.343,13.5,2.806,14.735,0.31,0.314978,0.004978,3.1,3.152113,0.052113,0.5,0.526818,0.026818,2.0,1.913595,-0.086405
28412,HMSDIS,matched,coherent,GT047,KINEMATIC_TABLE row 47,10.6759,5.343,13.5,2.806,14.735,0.31,0.314978,0.004978,3.1,3.152113,0.052113,0.5,0.526818,0.026818,2.0,1.913595,-0.086405
28413,HMSDIS,matched,coherent,GT047,KINEMATIC_TABLE row 47,10.6759,5.343,13.5,2.806,14.735,0.31,0.314978,0.004978,3.1,3.152113,0.052113,0.5,0.526818,0.026818,2.0,1.913595,-0.086405
28415,HMSDIS,matched,coherent,GT047,KINEMATIC_TABLE row 47,10.6759,5.343,13.5,2.806,14.735,0.31,0.314978,0.004978,3.1,3.152113,0.052113,0.5,0.526818,0.026818,2.0,1.913595,-0.086405
28416,HMSDIS,matched,coherent,GT047,KINEMATIC_TABLE row 47,10.6759,5.343,13.5,2.806,14.735,0.31,0.314978,0.004978,3.1,3.152113,0.052113,0.5,0.526818,0.026818,2.0,1.913595,-0.086405
28417,PI+SIDIS,matched,coherent,RP041,2:187|2:188,10.6759,-5.343,13.5,5.051,14.735,0.31,0.314978,0.004978,3.1,3.152113,0.052113,0.9,0.947501,0.047501,2.0,1.913595,-0.086405
28418,PI+SIDIS,matched,coherent,RP041,2:187|2:188,10.6759,-5.343,13.5,5.051,14.735,0.31,0.314978,0.004978,3.1,3.152113,0.052113,0.9,0.947501,0.047501,2.0,1.913595,-0.086405
28419,PI-SIDIS,matched,coherent,RP041,2:187|2:188,10.6759,-5.343,13.5,-5.051,14.735,0.31,0.314978,0.004978,3.1,3.152113,0.052113,0.9,0.947501,0.047501,2.0,1.913595,-0.086405
28420,PI-SIDIS,matched,coherent,RP041,2:187|2:188,10.6759,-5.343,13.5,-5.051,14.735,0.31,0.314978,0.004978,3.1,3.152113,0.052113,0.9,0.947501,0.047501,2.0,1.913595,-0.086405
28421,PI-SIDIS,matched,coherent,RP041,2:187|2:188,10.6759,-5.343,13.5,-5.051,14.735,0.31,0.314978,0.004978,3.1,3.152113,0.052113,0.9,0.947501,0.047501,2.0,1.913595,-0.086405
28422,PI-SIDIS,matched,coherent,RP041,2:187|2:188,10.6759,-5.343,13.5,-5.051,14.735,0.31,0.314978,0.004978,3.1,3.152113,0.052113,0.9,0.947501,0.047501,2.0,1.913595,-0.086405
28423,PI-SIDIS,matched,coherent,RP041,2:187|2:188,10.6759,-5.343,13.5,-5.051,14.735,0.31,0.314978,0.004978,3.1,3.152113,0.052113,0.9,0.947501,0.047501,2.0,1.913595,-0.086405
28424,PI-SIDIS,matched,coherent,RP041,2:187|2:188,10.6759,-5.343,13.5,-5.051,14.735,0.31,0.314978,0.004978,3.1,3.152113,0.052113,0.9,0.947501,0.047501,2.0,1.913595,-0.086405
28425,PI+SIDIS,matched,coherent,RP008,1:58|1:66|2:191,10.6759,-3.642,16.75,3.632,13.505,0.25,0.249965,-3.5e-05,3.3,3.299389,-0.000611,0.5,0.516738,0.016738,5.2,5.197718,-0.002282
28426,PI+SIDIS,matched,coherent,RP008,1:58|1:66|2:191,10.6759,-3.642,16.75,3.632,13.505,0.25,0.249965,-3.5e-05,3.3,3.299389,-0.000611,0.5,0.516738,0.016738,5.2,5.197718,-0.002282
28427,HMSDIS,matched,coherent,RP008,1:58|1:66|2:191,10.6759,-3.642,16.75,3.632,13.505,0.25,0.249965,-3.5e-05,3.3,3.299389,-0.000611,0.5,0.516738,0.016738,5.2,5.197718,-0.002282
28428,HMSDIS,matched,coherent,RP008,1:58|1:66|2:191,10.6759,-3.642,16.75,3.632,13.505,0.25,0.249965,-3.5e-05,3.3,3.299389,-0.000611,0.5,0.516738,0.016738,5.2,5.197718,-0.002282
28429,PI+SIDIS,matched,coherent,RP008,1:58|1:66|2:191,10.6759,-3.642,16.75,3.632,13.505,0.25,0.249965,-3.5e-05,3.3,3.299389,-0.000611,0.5,0.516738,0.016738,5.2,5.197718,-0.002282
28431,PI+SIDIS,matched,coherent,RP008,1:58|1:66|2:191,10.6759,-3.642,16.75,3.632,13.505,0.25,0.249965,-3.5e-05,3.3,3.299389,-0.000611,0.5,0.516738,0.016738,5.2,5.197718,-0.002282
28432,PI+SIDIS,matched,coherent,RP008,1:58|1:66|2:191,10.6759,-3.642,16.75,3.632,13.505,0.25,0.249965,-3.5e-05,3.3,3.299389,-0.000611,0.5,0.516738,0.016738,5.2,5.197718,-0.002282
28435,BCM,matched,coherent,RP008,1:58|1:66|2:191,10.6759,-3.642,16.75,3.632,13.505,0.25,0.249965,-3.5e-05,3.3,3.299389,-0.000611,0.5,0.516738,0.016738,5.2,5.197718,-0.002282
28437,HMSDIS,matched,coherent,RP008,1:58|1:66|2:191,10.6759,-3.642,16.75,3.632,13.505,0.25,0.249965,-3.5e-05,3.3,3.299389,-0.000611,0.5,0.516738,0.016738,5.2,5.197718,-0.002282
28440,PI+SIDIS,matched,coherent,RP008,1:58|1:66|2:191,10.6759,-3.642,16.75,3.632,13.505,0.25,0.249965,-3.5e-05,3.3,3.299389,-0.000611,0.5,0.516738,0.016738,5.2,5.197718,-0.002282
28441,PI+SIDIS,matched,coherent,RP008,1:58|1:66|2:191,10.6759,-3.642,16.75,3.632,13.505,0.25,0.249965,-3.5e-05,3.3,3.299389,-0.000611,0.5,0.516738,0.016738,5.2,5.197718,-0.002282
28443,HMSDIS,matched,coherent,RP008,1:58|1:66|2:191,10.6759,-3.642,16.75,3.632,13.505,0.25,0.249965,-3.5e-05,3.3,3.299389,-0.000611,0.5,0.516738,0.016738,5.2,5.197718,-0.002282
28444,PI+SIDIS,matched,coherent,RP043,2:194,10.6759,-3.642,16.75,3.632,20.005,0.25,0.249965,-3.5e-05,3.3,3.299389,-0.000611,0.5,0.516738,0.016738,11.7,11.697718,-0.002282
28445,PI+SIDIS,matched,coherent,RP043,2:194,10.6759,-3.642,16.75,3.632,20.005,0.25,0.249965,-3.5e-05,3.3,3.299389,-0.000611,0.5,0.516738,0.016738,11.7,11.697718,-0.002282
28446,PI+SIDIS,matched,coherent,RP043,2:194,10.6759,-3.642,16.75,3.632,20.005,0.25,0.249965,-3.5e-05,3.3,3.299389,-0.000611,0.5,0.516738,0.016738,11.7,11.697718,-0.002282
28447,PI+SIDIS,matched,coherent,RP043,2:194,10.6759,-3.642,16.75,3.632,20.005,0.25,0.249965,-3.5e-05,3.3,3.299389,-0.000611,0.5,0.516738,0.016738,11.7,11.697718,-0.002282
28448,PI+SIDIS,matched,coherent,RP043,2:194,10.6759,-3.642,16.75,3.632,20.005,0.25,0.249965,-3.5e-05,3.3,3.299389,-0.000611,0.5,0.516738,0.016738,11.7,11.697718,-0.002282
28450,PI+SIDIS,matched,coherent,RP043,2:194,10.6759,-3.642,16.75,3.632,20.005,0.25,0.249965,-3.5e-05,3.3,3.299389,-0.000611,0.5,0.516738,0.016738,11.7,11.697718,-0.002282
28451,PI+SIDIS,matched,coherent,RP043,2:194,10.6759,-3.642,16.75,3.632,20.005,0.25,0.249965,-3.5e-05,3.3,3.299389,-0.000611,0.5,0.516738,0.016738,11.7,11.697718,-0.002282
28452,PI+SIDIS,matched,coherent,RP043,2:194,10.6759,-3.642,16.75,3.632,20.005,0.25,0.249965,-3.5e-05,3.3,3.299389,-0.000611,0.5,0.516738,0.016738,11.7,11.697718,-0.002282
28453,PI+SIDIS,matched,coherent,RP043,2:194,10.6759,-3.642,16.75,3.632,20.005,0.25,0.249965,-3.5e-05,3.3,3.299389,-0.000611,0.5,0.516738,0.016738,11.7,11.697718,-0.002282
28454,PI+SIDIS,matched,coherent,RP043,2:194,10.6759,-3.642,16.75,3.632,20.005,0.25,0.249965,-3.5e-05,3.3,3.299389,-0.000611,0.5,0.516738,0.016738,11.7,11.697718,-0.002282
28455,PI+SIDIS,matched,coherent,RP043,2:194,10.6759,-3.642,16.75,3.632,20.005,0.25,0.249965,-3.5e-05,3.3,3.299389,-0.000611,0.5,0.516738,0.016738,11.7,11.697718,-0.002282
28456,PI+SIDIS,matched,coherent,RP043,2:194,10.6759,-3.642,16.75,3.632,20.005,0.25,0.249965,-3.5e-05,3.3,3.299389,-0.000611,0.5,0.516738,0.016738,11.7,11.697718,-0.002282
28457,PI+SIDIS,matched,coherent,RP043,2:194,10.6759,-3.642,16.75,3.632,20.005,0.25,0.249965,-3.5e-05,3.3,3.299389,-0.000611,0.5,0.516738,0.016738,11.7,11.697718,-0.002282
28458,PI+SIDIS,matched,coherent,RP043,2:194,10.6759,-3.642,16.75,3.632,20.005,0.25,0.249965,-3.5e-05,3.3,3.299389,-0.000611,0.5,0.516738,0.016738,11.7,11.697718,-0.002282
28459,PI+SIDIS,matched,coherent,RP038,2:150|2:171|2:196,10.6759,-5.343,15.97,2.978,12.865,0.44,0.439965,-3.5e-05,4.4,4.402919,0.002919,0.52,0.559033,0.039033,-2.0,-1.998269,0.001731
28460,PI+SIDIS,matched,coherent,RP039,2:155|2:174|2:197,10.6759,-5.343,15.97,2.978,14.865,0.44,0.439965,-3.5e-05,4.4,4.402919,0.002919,0.52,0.559033,0.039033,0.0,0.001731,0.001731
28461,PI+SIDIS,matched,coherent,RP039,2:155|2:174|2:197,10.6759,-5.343,15.97,2.978,14.865,0.44,0.439965,-3.5e-05,4.4,4.402919,0.002919,0.52,0.559033,0.039033,0.0,0.001731,0.001731
28462,PI+SIDIS,matched,coherent,RP039,2:155|2:174|2:197,10.6759,-5.343,15.97,2.978,14.865,0.44,0.439965,-3.5e-05,4.4,4.402919,0.002919,0.52,0.559033,0.039033,0.0,0.001731,0.001731
28463,PI+SIDIS,matched,coherent,RP040,2:159|2:177|2:198,10.6759,-5.343,15.97,2.978,16.865,0.44,0.439965,-3.5e-05,4.4,4.402919,0.002919,0.52,0.559033,0.039033,2.0,2.001731,0.001731
28464,PI+SIDIS,matched,coherent,RP040,2:159|2:177|2:198,10.6759,-5.343,15.97,2.978,16.865,0.44,0.439965,-3.5e-05,4.4,4.402919,0.002919,0.52,0.559033,0.039033,2.0,2.001731,0.001731
28465,PI+SIDIS,matched,coherent,RP040,2:159|2:177|2:198,10.6759,-5.343,15.97,2.978,16.865,0.44,0.439965,-3.5e-05,4.4,4.402919,0.002919,0.52,0.559033,0.039033,2.0,2.001731,0.001731
28466,PI+SIDIS,matched,coherent,RP040,2:159|2:177|2:198,10.6759,-5.343,15.97,2.978,16.865,0.44,0.439965,-3.5e-05,4.4,4.402919,0.002919,0.52,0.559033,0.039033,2.0,2.001731,0.001731
28467,PI+SIDIS,matched,coherent,RP040,2:159|2:177|2:198,10.6759,-5.343,15.97,2.978,16.865,0.44,0.439965,-3.5e-05,4.4,4.402919,0.002919,0.52,0.559033,0.039033,2.0,2.001731,0.001731
28468,PI+SIDIS,matched,coherent,RP039,2:155|2:174|2:197,10.6759,-5.343,15.97,2.978,14.865,0.44,0.439965,-3.5e-05,4.4,4.402919,0.002919,0.52,0.559033,0.039033,0.0,0.001731,0.001731
28469,PI+SIDIS,matched,coherent,RP039,2:155|2:174|2:197,10.6759,-5.343,15.97,2.978,14.865,0.44,0.439965,-3.5e-05,4.4,4.402919,0.002919,0.52,0.559033,0.039033,0.0,0.001731,0.001731
28470,PI+SIDIS,matched,coherent,RP038,2:150|2:171|2:196,10.6759,-5.343,15.97,2.978,12.86,0.44,0.439965,-3.5e-05,4.4,4.402919,0.002919,0.52,0.559033,0.039033,-2.0,-2.003269,-0.003269
28471,PI+SIDIS,matched,coherent,RP038,2:150|2:171|2:196,10.6759,-5.343,15.97,2.978,12.86,0.44,0.439965,-3.5e-05,4.4,4.402919,0.002919,0.52,0.559033,0.039033,-2.0,-2.003269,-0.003269
