run,ebeam,target,hms_p,hms_th,shms_p,shms_th,run_type,x,Q2,z,thpq,BCM1_Q,BCM1_I,BCM2_Q,BCM2_I,BCM4A_Q,BCM4A_I,BCM4B_Q,BCM4B_I,BCM4C_Q,BCM4C_I,h_esing_Eff,h_hadron_Eff,p_esing_Eff,p_hadron_Eff,ps1,ps2,ps3,ps4,ps5,ps6,comp_livetime,electr_deadtime,coin,ransubcoin,ransubcoin_err,normyield,normyield_err,ctmean,ctsigma,boil_corr,IHWP,BCM2_Q_hp,BCM2_Q_hm,coinblock_ratio,h_EL_CLEAN,p_EL_CLEAN
23839,8.5831,LH2,2.28,42.0,-7.07,12.465,SHMSHEEP,-999,-999,-999,-999,-1.233,-0.411,14.712,4.905,17.341,5.782,14.708,4.904,14.552,4.852,0.0,0.9986,0.9948,0.8453,-1.0,-1.0,-1.0,-1.0,1.0,-1.0,-999,-999,-999,-999,-999,-999,-999,-999,-999,-999,-999,-999,-999,-999,178,8756144
23840,8.5831,LH2,2.28,42.0,-7.07,12.465,SHMSHEEP,-999,-999,-999,-999,7.817,3.859,46.392,22.903,41.719,20.597,46.679,23.045,46.377,22.896,0.0,0.9984,0.9939,0.8116,-1.0,-1.0,-1.0,-1.0,1.0,-1.0,-999,-999,-999,-999,-999,-999,-999,-999,-999,-999,-999,-999,-999,-999,438,27495698
23841,8.5831,LH2,2.28,42.0,-7.07,12.465,SHMSHEEP,-999,-999,-999,-999,11.85,25.178,11.859,25.197,10.394,22.083,11.94,25.368,11.852,25.182,0.0,0.9982,0.9938,0.8394,-1.0,-1.0,-1.0,-1.0,1.0,-1.0,-999,-999,-999,-999,-999,-999,-999,-999,-999,-999,-999,-999,-999,-999,137,7025164
23842,8.5831,LH2,2.28,42.0,-7.07,12.465,SHMSHEEP,-999,-999,-999,-999,20.232,22.824,20.264,22.86,20.037,22.605,20.463,23.086,20.31,22.912,0.0,0.9982,0.9927,0.8246,-1.0,-1.0,-1.0,-1.0,1.0,-1.0,-999,-999,-999,-999,-999,-999,-999,-999,-999,-999,-999,-999,-999,-999,181,11979603
23844,8.5831,LH2,2.28,42.0,-7.07,12.465,SHMSHEEP,-999,-999,-999,-999,38.748,28.722,38.751,28.725,36.704,27.207,39.047,28.944,38.73,28.709,0.0,0.9986,0.9931,0.8278,-1.0,-1.0,-1.0,-1.0,1.0,-1.0,-999,-999,-999,-999,-999,-999,-999,-999,-999,-999,-999,-999,-999,-999,357,22927047
23845,8.5831,LH2,2.28,42.0,-7.07,12.465,SHMSHEEP,-999,-999,-999,-999,34.657,28.744,34.676,28.759,33.491,27.777,34.936,28.975,34.638,28.728,0.0,0.9982,0.9931,0.8339,-1.0,-1.0,-1.0,-1.0,1.0,-1.0,-999,-999,-999,-999,-999,-999,-999,-999,-999,-999,-999,-999,-999,-999,350,20503271
23846,8.5831,LH2,2.28,42.0,-7.07,12.465,SHMSHEEP,-999,-999,-999,-999,45.918,30.193,45.926,30.198,45.8,30.115,46.305,30.447,45.9,30.181,0.0,0.9985,0.993,0.8202,-1.0,-1.0,-1.0,-1.0,1.0,-1.0,-999,-999,-999,-999,-999,-999,-999,-999,-999,-999,-999,-999,-999,-999,447,27076171
23847,8.5831,LH2,2.28,42.0,-7.07,12.465,SHMSHEEP,-999,-999,-999,-999,35.597,30.798,35.613,30.812,34.279,29.657,35.849,31.016,35.523,30.734,0.0,0.9987,0.9924,0.8347,-1.0,-1.0,-1.0,-1.0,1.0,-1.0,-999,-999,-999,-999,-999,-999,-999,-999,-999,-999,-999,-999,-999,-999,346,20994265
23848,8.5831,LH2,2.28,42.0,-7.07,12.465,SHMSHEEP,-999,-999,-999,-999,28.153,23.391,28.186,23.417,30.568,25.397,28.41,23.604,28.178,23.411,0.0,0.9988,0.9928,0.8314,-1.0,-1.0,-1.0,-1.0,1.0,-1.0,-999,-999,-999,-999,-999,-999,-999,-999,-999,-999,-999,-999,-999,-999,265,16650335
23849,8.5831,LH2,3.75,29.99,-5.67,19.34,SHMSHEEP,-999,-999,-999,-999,45.098,32.872,45.075,32.855,41.038,29.912,45.244,32.978,44.806,32.659,0.0,0.9981,0.9915,0.9079,-1.0,-1.0,-1.0,-1.0,1.0,-1.0,-999,-999,-999,-999,-999,-999,-999,-999,-999,-999,-999,-999,-999,-999,335,996199
23850,8.5831,LH2,3.75,29.99,-5.67,19.34,SHMSHEEP,-999,-999,-999,-999,52.004,41.482,51.993,41.473,46.14,36.805,52.255,41.683,51.757,41.286,0.0,0.9977,0.9912,0.9474,-1.0,-1.0,-1.0,-1.0,1.0,-1.0,-999,-999,-999,-999,-999,-999,-999,-999,-999,-999,-999,-999,-999,-999,398,1146164
23851,8.5831,LH2,3.75,29.99,-5.67,19.34,SHMSHEEP,-999,-999,-999,-999,57.088,41.932,57.097,41.939,50.983,37.449,57.384,42.15,56.814,41.732,0.0,0.9985,0.9916,0.9182,-1.0,-1.0,-1.0,-1.0,1.0,-1.0,-999,-999,-999,-999,-999,-999,-999,-999,-999,-999,-999,-999,-999,-999,422,1259265
23853,8.5831,LH2,-4.5,14.0,-4.5,13.995,HMSDIS,0.3,2.3,-999,-999,22812.891,46.34,22859.01,46.434,-3.792,-0.008,22904.845,46.527,22735.747,46.183,0.9989,0.98,-999,-999,-1.0,-1.0,17.0,-1.0,-1.0,-1.0,-999,-999,-999,-999,-999,380.042,0.532315,-999,-999,-999,-999,-999,-999,-999,13748785,14288296
23855,8.5831,LH2,-4.5,14.0,-4.5,13.995,HMSDIS,0.3,2.3,-999,-999,18032.971,29.985,18045.1,30.005,-4.634,-0.008,17887.759,29.743,17913.157,29.785,0.9991,0.9671,-999,-999,-1.0,-1.0,-1.0,9.0,-1.0,-1.0,-999,-999,-999,-999,-999,381.572,0.436757,-999,-999,-999,-999,-999,-999,-999,10923861,11881834
23856,8.5831,LH2,-4.5,14.0,-4.5,13.995,SHMSDIS,0.3,2.3,-999,-999,55747.867,36.603,55784.74,36.627,-11.746,-0.008,55499.255,36.44,55271.696,36.29,-999,-999,0.9894,0.9728,65.0,-1.0,-1.0,-1.0,-1.0,-1.0,-999,-999,-999,-999,-999,-42984.4,-71.1489,-999,-999,-999,-999,-999,-999,-999,33738849,27998863
23857,8.5831,LH2,-4.5,14.0,-4.5,13.995,HMSDIS,0.3,2.3,-999,-999,31137.68,37.324,31138.164,37.325,3368.127,4.037,30992.579,37.15,30862.613,36.995,0.999,0.98,-999,-999,-1.0,-1.0,17.0,-1.0,-1.0,-1.0,-999,-999,-999,-999,-999,381.391,0.456812,-999,-999,-999,-999,-999,-999,-999,18787963,14503578
23858,8.5831,LH2,-4.5,14.0,-4.5,13.995,HMSDIS,0.3,2.3,-999,-999,40117.294,40.072,40108.951,40.064,-7.721,-0.008,12715.671,12.701,39673.515,39.629,0.9989,0.981,-999,-999,-1.0,-1.0,17.0,-1.0,-1.0,-1.0,-999,-999,-999,-999,-999,383.527,0.403637,-999,-999,-999,-999,-999,-999,-999,5328031,26498511
23859,8.5831,LH2,-4.5,14.0,-4.5,13.995,HMSDIS,0.3,2.3,-999,-999,51911.681,36.347,51902.89,36.341,17904.932,12.537,50403.661,35.291,51485.888,36.049,0.999,0.9664,-999,-999,-1.0,-1.0,-1.0,9.0,-1.0,-1.0,-999,-999,-999,-999,-999,382.395,0.257764,-999,-999,-999,-999,-999,-999,-999,31444121,34239186
23860,8.5831,Dummy,-4.5,14.0,-4.5,13.995,HMSDIS,0.3,2.3,-999,-999,41492.132,22.63,41512.801,22.641,41236.813,22.49,41150.089,22.443,41201.828,22.471,0.9993,0.9732,-999,-999,-1.0,-1.0,-1.0,9.0,-1.0,-1.0,-999,-999,-999,-999,-999,271.196,0.242635,-999,-999,-999,-999,-999,-999,-999,17846870,20226146
23861,8.5831,LH2,-1.531,29.045,-3.632,11.07,PI-SIDIS,0.25,3.3,0.52,5.2,88.292,39.956,88.331,39.974,88.284,39.952,88.023,39.834,88.22,39.923,0.9998,0.9991,0.9751,0.9675,-1.0,-1.0,-1.0,-1.0,-1.0,1.0,-999,-999,1628.0,1230.0,41.1623,14.3962,0.481771,51.1583,0.37983,-999,-999,-999,-999,-999,1753849,162776191
23862,8.5831,LD2,-1.531,29.045,-3.632,11.07,PI-SIDIS,0.25,3.3,0.52,5.2,41.836,23.094,41.866,23.111,41.801,23.075,41.661,22.997,41.785,23.066,0.9997,0.9986,0.9732,0.9657,-1.0,-1.0,-1.0,-1.0,-1.0,1.0,-999,-999,1745.0,1283.67,42.6836,31.7625,1.05614,51.1597,0.392695,-999,-999,-999,-999,-999,1594898,151863333
23864,8.5831,C,-1.531,29.045,-3.632,11.07,PI-SIDIS,0.25,3.3,0.52,5.2,64.696,35.409,64.722,35.423,64.811,35.472,64.597,35.355,64.794,35.463,0.9998,0.9988,0.9761,0.9691,-1.0,-1.0,-1.0,-1.0,-1.0,1.0,-999,-999,1584.0,1176.0,40.6448,18.7545,0.648191,51.1473,0.367379,-999,-999,-999,-999,-999,1684720,149370119
23865,8.5831,Cu,-1.531,29.045,-3.632,11.07,PI-SIDIS,0.25,3.3,0.52,5.2,64.753,36.362,64.78,36.377,64.661,36.31,64.446,36.189,64.585,36.267,0.9997,0.9989,0.978,0.9703,-1.0,-1.0,-1.0,-1.0,-1.0,1.0,-999,-999,979.0,691.167,32.0464,10.9998,0.510012,51.2264,0.372698,-999,-999,-999,-999,-999,1485626,120084089
23866,8.5831,Dummy,-1.531,29.045,-3.632,11.07,PI-SIDIS,0.25,3.3,0.52,5.2,57.615,31.733,57.648,31.752,57.187,31.498,57.173,31.49,57.093,31.446,0.9999,0.9989,0.9804,0.9759,-1.0,-1.0,-1.0,-1.0,-1.0,1.0,-999,-999,665.0,542.5,26.1805,9.64434,0.465426,51.274,0.38575,-999,-999,-999,-999,-999,822838,87669324
23867,8.5831,LH2,-1.531,29.045,-3.632,11.07,PI-SIDIS,0.25,3.3,0.52,5.2,68.194,39.141,68.23,39.162,68.074,39.072,67.938,38.994,68.097,39.085,0.9998,0.9991,0.9775,0.9708,-1.0,-1.0,-1.0,-1.0,-1.0,1.0,-999,-999,1279.0,976.5,36.4612,14.7459,0.550593,51.217,0.39212,-999,-999,-999,-999,-999,1351462,126941118
23868,8.5831,LH2,-1.531,29.045,-3.632,11.07,PI-SIDIS,0.25,3.3,0.52,5.2,77.839,40.492,77.886,40.517,77.896,40.522,77.692,40.416,77.909,40.529,0.9999,0.999,0.9758,0.9702,-1.0,-1.0,-1.0,-1.0,-1.0,1.0,-999,-999,1429.0,1076.83,38.5706,14.2526,0.510509,51.1936,0.390153,-999,-999,-999,-999,-999,1546927,145423604
23876,8.5831,LH2,-1.531,29.045,-2.615,7.865,PI-SIDIS,0.25,3.3,0.37,2.0,31.989,15.541,32.049,15.57,31.754,15.427,31.735,15.418,31.722,15.412,0.9999,0.9994,0.9577,0.9516,-1.0,-1.0,-1.0,-1.0,-1.0,1.0,-999,-999,1162.0,701.5,35.1959,23.0047,1.1542,51.4125,0.340278,-999,-999,-999,-999,-999,641198,176075708
23878,8.5831,LD2,-1.531,29.045,-2.615,7.865,PI-SIDIS,0.25,3.3,0.37,2.0,12.347,7.347,12.435,7.399,12.304,7.321,12.299,7.318,12.289,7.313,0.9999,0.9994,0.9113,0.8265,-1.0,-1.0,-1.0,-1.0,-1.0,1.0,-999,-999,807.0,452.667,29.4288,44.0497,2.86377,51.4214,0.352113,-999,-999,-999,-999,-999,475049,129710936
23879,8.5831,Dummy,-1.531,29.045,-2.615,7.865,PI-SIDIS,0.25,3.3,0.37,2.0,27.944,14.304,28.01,14.338,27.825,14.243,27.787,14.223,27.795,14.227,0.9997,0.9995,0.9048,0.8322,-1.0,-1.0,-1.0,-1.0,-1.0,1.0,-999,-999,638.0,378.5,26.1008,16.2434,1.12012,51.4136,0.355639,-999,-999,-999,-999,-999,401297,128943241
23880,8.5831,LH2,-1.531,29.045,-2.615,7.865,PI-SIDIS,0.25,3.3,0.37,2.0,17.93,14.937,17.971,14.972,17.86,14.879,17.841,14.864,17.853,14.874,0.9999,0.9994,0.9056,0.8346,-1.0,-1.0,-1.0,-1.0,1.0,-1.0,-999,-999,620.0,404.167,25.612,26.9607,1.7085,51.3747,0.341846,-999,-999,-999,-999,-999,358785,99386945
23881,8.5831,LH2,-1.531,29.045,-2.615,7.865,PI-SIDIS,0.25,3.3,0.37,2.0,21.944,12.944,22.013,12.984,21.93,12.936,21.879,12.906,21.901,12.918,1.0,0.9994,0.8969,0.7952,-1.0,-1.0,-1.0,-1.0,-1.0,1.0,-999,-999,697.0,406.667,27.3018,23.2321,1.5597,51.3881,0.326609,-999,-999,-999,-999,-999,441120,121844471
23882,8.5831,LH2,-1.531,29.045,-2.615,7.865,PI-SIDIS,0.25,3.3,0.37,2.0,24.963,13.902,25.032,13.941,24.913,13.875,24.875,13.853,24.897,13.865,1.0,0.9995,0.8921,0.8233,-1.0,-1.0,-1.0,-1.0,-1.0,1.0,-999,-999,808.0,483.333,29.3617,23.4527,1.42471,51.3682,0.335034,-999,-999,-999,-999,-999,501518,138760733
23883,8.5831,LH2,-1.531,29.045,-2.615,7.865,PI-SIDIS,0.25,3.3,0.37,2.0,24.541,13.797,24.613,13.837,24.528,13.789,24.476,13.76,24.508,13.778,0.9998,0.9991,0.9251,0.8451,-1.0,-1.0,-1.0,-1.0,-1.0,1.0,-999,-999,772.0,456.0,28.717,21.9278,1.38092,51.3611,0.322033,-999,-999,-999,-999,-999,492772,136863382
23884,8.5831,LH2,-1.531,29.045,-2.615,7.865,PI-SIDIS,0.25,3.3,0.37,2.0,25.729,14.446,25.8,14.486,25.717,14.439,25.665,14.41,25.709,14.435,0.9996,0.9991,0.8819,0.8294,-1.0,-1.0,-1.0,-1.0,-1.0,1.0,-999,-999,823.0,479.333,29.6695,22.4098,1.38711,51.3757,0.342654,-999,-999,-999,-999,-999,517363,148749963
23885,8.5831,LH2,-1.531,29.045,-2.615,7.865,PI-SIDIS,0.25,3.3,0.37,2.0,12.594,7.093,12.696,7.15,12.638,7.118,12.61,7.102,12.641,7.119,0.9997,0.9991,0.9697,0.8311,-1.0,-1.0,-1.0,-1.0,-1.0,1.0,-999,-999,358.0,261.167,19.3427,24.7587,1.83369,51.3777,0.318073,-999,-999,-999,-999,-999,255030,71241982
23886,8.5831,LD2,-1.531,29.045,-2.615,7.865,PI-SIDIS,0.25,3.3,0.37,2.0,11.848,6.899,11.948,6.957,11.902,6.93,11.871,6.912,11.899,6.928,0.9999,0.9989,0.8957,0.8113,-1.0,-1.0,-1.0,-1.0,-1.0,1.0,-999,-999,802.0,497.167,29.2028,51.2969,3.0131,51.3914,0.363733,-999,-999,-999,-999,-999,455769,130329627
23887,8.5831,LD2,-1.531,29.045,-2.615,7.865,PI-SIDIS,0.25,3.3,0.37,2.0,11.627,6.807,11.727,6.866,11.688,6.843,11.654,6.823,11.683,6.84,0.9998,0.9987,0.9297,0.8212,-1.0,-1.0,-1.0,-1.0,-1.0,1.0,-999,-999,865.0,567.0,30.2435,58.89,3.14116,51.3847,0.338438,-999,-999,-999,-999,-999,446335,128027790
23888,8.5831,LD2,-1.531,29.045,-2.615,7.865,PI-SIDIS,0.25,3.3,0.37,2.0,9.947,6.766,10.034,6.825,10.001,6.803,9.971,6.782,9.994,6.797,0.9999,0.999,0.8942,0.822,-1.0,-1.0,-1.0,-1.0,-1.0,1.0,-999,-999,672.0,404.333,26.7696,49.0292,3.24606,51.3694,0.33965,-999,-999,-999,-999,-999,383118,109798621
23889,8.5831,LD2,-1.531,29.045,-2.615,7.865,PI-SIDIS,0.25,3.3,0.37,2.0,10.695,6.692,10.789,6.75,10.753,6.728,10.72,6.708,10.746,6.724,0.9998,0.9992,0.9031,0.8141,-1.0,-1.0,-1.0,-1.0,-1.0,1.0,-999,-999,695.0,411.5,27.2443,46.8595,3.10244,51.4022,0.35033,-999,-999,-999,-999,-999,411015,117930880
23890,8.5831,Dummy,-1.531,29.045,-2.615,7.865,PI-SIDIS,0.25,3.3,0.37,2.0,19.117,14.082,19.174,14.123,19.143,14.101,19.086,14.058,19.126,14.088,1.0,0.999,0.8824,0.8399,-1.0,-1.0,-1.0,-1.0,-1.0,1.0,-999,-999,413.0,232.0,21.0515,14.4067,1.30725,51.4041,0.412477,-999,-999,-999,-999,-999,275823,92532188
23891,8.5831,Dummy,-1.531,29.045,-2.615,7.865,PI-SIDIS,0.25,3.3,0.37,2.0,14.98,7.686,15.09,7.742,15.01,7.701,14.978,7.685,15.004,7.698,1.0,0.9992,0.9286,0.84,-1.0,-1.0,-1.0,-1.0,-1.0,1.0,-999,-999,274.0,191.667,16.9624,15.1209,1.33819,51.44,0.32289,-999,-999,-999,-999,-999,216115,71294590
23892,8.5831,LH2,-1.531,29.045,-2.615,7.865,PI-SIDIS,0.25,3.3,0.37,2.0,40.051,20.251,40.108,20.28,39.876,20.162,39.768,20.108,39.873,20.161,0.9999,0.9984,0.9104,0.8179,-1.0,-1.0,-1.0,-1.0,-1.0,1.0,-999,-999,1406.0,720.833,38.9897,21.9773,1.18875,51.3411,0.341466,-999,-999,-999,-999,-999,802054,237498266
23893,8.5831,LH2,-1.531,29.045,-2.615,7.865,PI-SIDIS,0.25,3.3,0.37,2.0,35.964,19.866,36.016,19.895,35.736,19.74,35.638,19.686,35.719,19.731,0.9997,0.9984,0.8978,0.8188,-1.0,-1.0,-1.0,-1.0,-1.0,1.0,-999,-999,1202.0,572.167,36.1521,19.4096,1.22639,51.3608,0.359019,-999,-999,-999,-999,-999,722012,214136034
23894,8.5831,LH2,-1.531,29.045,-2.615,7.865,PI-SIDIS,0.25,3.3,0.37,2.0,35.976,19.957,36.027,19.985,35.69,19.799,35.657,19.78,35.679,19.793,0.9999,0.9988,0.8881,0.8058,-1.0,-1.0,-1.0,-1.0,-1.0,1.0,-999,-999,1209.0,610.333,36.177,21.0268,1.24635,51.3657,0.356638,-999,-999,-999,-999,-999,720543,214280299
23895,8.5831,LH2,-1.531,29.045,-2.615,7.865,PI-SIDIS,0.25,3.3,0.37,2.0,36.784,19.449,36.841,19.479,36.461,19.278,36.468,19.282,36.427,19.26,0.9999,0.9988,0.9043,0.8101,-1.0,-1.0,-1.0,-1.0,-1.0,1.0,-999,-999,1292.0,669.333,37.3601,22.4306,1.252,51.3531,0.354669,-999,-999,-999,-999,-999,735939,218797373
23896,8.5831,LH2,-1.531,29.045,-2.615,7.865,PI-SIDIS,0.25,3.3,0.37,2.0,22.504,9.975,22.613,10.023,22.315,9.891,22.339,9.902,22.289,9.88,0.9999,0.9991,0.8276,0.8164,-1.0,-1.0,-1.0,-1.0,-1.0,1.0,-999,-999,686.0,459.0,26.9042,24.8658,1.4575,51.4415,0.340379,-999,-999,-999,-999,-999,453421,129885497
23897,8.5831,LD2,-1.531,29.045,-2.615,7.865,PI-SIDIS,0.25,3.3,0.37,2.0,15.457,9.56,15.536,9.609,15.318,9.474,15.332,9.483,15.303,9.465,1.0,0.9988,0.9035,0.8183,-1.0,-1.0,-1.0,-1.0,-1.0,1.0,-999,-999,1043.0,515.0,33.6303,40.5117,2.64548,51.3806,0.361148,-999,-999,-999,-999,-999,593520,175494996
23898,8.5831,LD2,-1.531,29.045,-2.615,7.865,PI-SIDIS,0.25,3.3,0.37,2.0,18.877,9.806,18.972,9.855,18.697,9.712,18.718,9.723,18.683,9.705,0.9998,0.9989,0.8848,0.8032,-1.0,-1.0,-1.0,-1.0,-1.0,1.0,-999,-999,1330.0,695.833,37.8906,45.6752,2.48717,51.3889,0.358251,-999,-999,-999,-999,-999,726670,215040235
23899,8.5831,LD2,-1.531,29.045,-2.615,7.865,PI-SIDIS,0.25,3.3,0.37,2.0,18.029,9.862,18.12,9.911,17.857,9.767,17.878,9.779,17.842,9.759,0.9998,0.9989,0.8747,0.8213,-1.0,-1.0,-1.0,-1.0,-1.0,1.0,-999,-999,1277.0,678.667,37.1042,45.6137,2.4938,51.386,0.34986,-999,-999,-999,-999,-999,691955,205019820
23900,8.5831,LD2,-1.531,29.045,-2.615,7.865,PI-SIDIS,0.25,3.3,0.37,2.0,22.66,9.795,22.775,9.844,22.439,9.699,22.466,9.711,22.422,9.692,0.9997,0.999,0.8943,0.8103,-1.0,-1.0,-1.0,-1.0,-1.0,1.0,-999,-999,1610.0,831.667,41.71,45.0817,2.26095,51.3756,0.371846,-999,-999,-999,-999,-999,869224,258867457
23901,8.5831,Dummy,-1.531,29.045,-2.615,7.865,PI-SIDIS,0.25,3.3,0.37,2.0,10.689,9.306,10.747,9.356,10.594,9.223,10.602,9.23,10.579,9.21,0.9992,0.9991,0.9355,0.8185,-1.0,-1.0,-1.0,-1.0,-1.0,1.0,-999,-999,259.0,179.5,16.5,20.4224,1.87727,51.3806,0.315567,-999,-999,-999,-999,-999,154636,51882929
23902,8.5831,Dummy,-1.531,29.045,-2.615,7.865,PI-SIDIS,0.25,3.3,0.37,2.0,35.851,19.625,35.904,19.654,35.463,19.412,35.468,19.415,35.444,19.402,0.9998,0.9991,0.8979,0.828,-1.0,-1.0,-1.0,-1.0,-1.0,1.0,-999,-999,871.0,454.5,30.6662,15.2921,1.03179,51.3662,0.368914,-999,-999,-999,-999,-999,517388,178332375
23903,8.5831,Dummy,-1.531,29.045,-2.615,7.865,PI-SIDIS,0.25,3.3,0.37,2.0,4.766,18.881,4.774,18.912,4.72,18.701,4.719,18.696,4.716,18.684,0.9991,0.9988,0.9091,0.8532,-1.0,-1.0,-1.0,-1.0,-1.0,1.0,-999,-999,122.0,58.3333,11.5157,14.335,2.8299,51.4927,0.433322,-999,-999,-999,-999,-999,68351,23707305
23904,8.5831,LH2,-1.531,29.045,-2.615,7.865,PI-SIDIS,0.25,3.3,0.37,2.0,34.057,19.756,34.11,19.787,33.745,19.576,33.75,19.579,33.717,19.559,0.9998,0.999,0.9355,0.9331,-1.0,-1.0,-1.0,-1.0,-1.0,1.0,-999,-999,1362.0,789.833,38.1754,24.8223,1.19975,51.4005,0.318417,-999,-999,-999,-999,-999,681468,197751573
23905,8.5831,LH2,-1.531,29.045,-2.615,7.865,PI-SIDIS,0.25,3.3,0.37,2.0,33.193,18.902,33.249,18.933,32.912,18.741,32.906,18.738,32.886,18.727,0.9998,0.9992,0.9369,0.9341,-1.0,-1.0,-1.0,-1.0,-1.0,1.0,-999,-999,1288.0,738.833,37.142,23.7949,1.19619,51.4025,0.326764,-999,-999,-999,-999,-999,663971,200444376
23906,8.5831,LH2,-1.531,29.045,-2.615,7.865,PI-SIDIS,0.25,3.3,0.37,2.0,33.075,19.291,33.127,19.321,32.791,19.125,32.794,19.127,32.756,19.104,0.9997,0.9992,0.9347,0.9354,-1.0,-1.0,-1.0,-1.0,-1.0,1.0,-999,-999,1243.0,698.833,36.5198,22.5599,1.17894,51.3684,0.313903,-999,-999,-999,-999,-999,663664,201707873
23907,8.5831,LH2,-1.531,29.045,-2.615,7.865,PI-SIDIS,0.25,3.3,0.37,2.0,35.164,19.952,35.214,19.98,34.855,19.776,34.866,19.782,34.852,19.774,0.9996,0.9991,0.9398,0.9354,-1.0,-1.0,-1.0,-1.0,-1.0,1.0,-999,-999,1295.0,687.333,37.3668,20.8759,1.13492,51.383,0.313159,-999,-999,-999,-999,-999,705036,215223801
23908,8.5831,LH2,-1.531,29.045,-2.615,7.865,PI-SIDIS,0.25,3.3,0.37,2.0,18.964,10.102,19.057,10.151,18.841,10.036,18.858,10.045,18.829,10.03,0.9999,0.9991,0.9692,0.9627,-1.0,-1.0,-1.0,-1.0,-1.0,1.0,-999,-999,545.0,368.0,23.9687,20.0607,1.3066,51.4458,0.263769,-999,-999,-999,-999,-999,382119,111494827
23909,8.5831,LH2,-1.531,29.045,-2.615,7.865,HMSDIS,0.25,3.3,-999,-999,18204.238,10.145,18293.203,10.194,18095.569,10.084,18113.739,10.094,18079.824,10.075,0.9998,0.9992,-999,-999,-1.0,-1.0,-1.0,1.0,-1.0,-1.0,-999,-999,-999,-999,-999,13.5124,0.0271882,-999,-999,-999,-999,-999,-999,-999,366311,107189864
23911,8.5831,LH2,-1.531,29.045,-2.615,7.865,SHMSDIS,0.04,0.4,-999,-999,12974.268,9.819,13040.961,9.87,12911.308,9.771,12919.161,9.777,12902.761,9.765,-999,-999,0.9674,0.9054,-1.0,17.0,-1.0,-1.0,-1.0,-1.0,-999,-999,-999,-999,-999,-353016.0,-218.104,-999,-999,-999,-999,-999,-999,-999,261342,76320824
23912,8.5831,LH2,-1.531,29.045,-2.615,7.865,SHMSDIS,0.04,0.4,-999,-999,7376.869,9.206,7418.842,9.259,7351.058,9.174,7352.206,9.175,7343.227,9.164,-999,-999,0.9686,0.9069,-1.0,65.0,-1.0,-1.0,-1.0,-1.0,-999,-999,-999,-999,-999,-355733.0,-567.256,-999,-999,-999,-999,-999,-999,-999,148247,43378695
23913,8.5831,LH2,-1.531,29.045,-2.615,7.865,SHMSDIS,0.04,0.4,-999,-999,7177.501,9.518,7218.79,9.572,7186.368,9.529,7177.428,9.518,7186.435,9.53,-999,-999,0.9678,0.9151,-1.0,65.0,-1.0,-1.0,-1.0,-1.0,-999,-999,-999,-999,-999,-353117.0,-573.18,-999,-999,-999,-999,-999,-999,-999,145199,41211326
23915,8.5831,LD2,-1.531,29.045,-2.615,7.865,SHMSDIS,0.04,0.4,-999,-999,16423.468,9.714,16516.174,9.769,16463.046,9.737,16437.9,9.722,16469.712,9.741,-999,-999,0.934,0.8632,-1.0,65.0,-1.0,-1.0,-1.0,-1.0,-999,-999,-999,-999,-999,-672426.0,-532.293,-999,-999,-999,-999,-999,-999,-999,629183,181663688
23918,8.5831,LD2,-1.531,29.045,-2.615,7.865,HMSDIS,0.25,3.3,-999,-999,9183.876,9.713,9236.267,9.769,9215.809,9.747,9197.698,9.728,9214.738,9.746,0.9996,0.9989,-999,-999,-1.0,-1.0,-1.0,5.0,-1.0,-1.0,-999,-999,-999,-999,-999,25.3631,0.117206,-999,-999,-999,-999,-999,-999,-999,352017,102706277
23919,8.5831,LD2,-1.531,29.045,-2.615,7.865,HMSDIS,0.25,3.3,-999,-999,17682.265,9.86,17781.072,9.916,17661.414,9.849,17631.141,9.832,17634.359,9.834,0.9997,0.9989,-999,-999,-1.0,-1.0,-1.0,3.0,-1.0,-1.0,-999,-999,-999,-999,-999,25.336,0.0653965,-999,-999,-999,-999,-999,-999,-999,680168,207386154
23925,8.5831,Dummy,-1.531,29.045,-2.615,7.865,HMSDIS,0.25,3.3,-999,-999,27524.751,15.308,27606.581,15.353,27502.137,15.295,27473.611,15.279,27528.766,15.31,0.9998,0.9989,-999,-999,-1.0,-1.0,-1.0,2.0,-1.0,-1.0,-999,-999,-999,-999,-999,9.5898,0.0263625,-999,-999,-999,-999,-999,-999,-999,396839,132772556
23933,8.5831,Dummy,-1.531,29.045,-2.615,7.865,SHMSDIS,0.04,0.4,-999,-999,16721.501,10.001,16816.123,10.057,16760.49,10.024,16731.099,10.007,16772.235,10.031,-999,-999,0.9702,0.9215,-1.0,33.0,-1.0,-1.0,-1.0,-1.0,-999,-999,-999,-999,-999,-296822.0,-245.026,-999,-999,-999,-999,-999,-999,-999,241688,80292303
23934,8.5831,C,-1.531,29.045,-2.615,7.865,HMSDIS,0.25,3.3,-999,-999,16951.849,9.761,17050.805,9.818,16858.922,9.708,16863.056,9.71,16837.226,9.695,0.9998,0.999,-999,-999,-1.0,-1.0,-1.0,1.0,-1.0,-1.0,-999,-999,-999,-999,-999,17.3713,0.0319625,-999,-999,-999,-999,-999,-999,-999,442761,121222127
23937,8.5831,C,-1.531,29.045,-2.615,7.865,SHMSDIS,0.04,0.4,-999,-999,14556.297,9.941,14636.603,9.996,14521.575,9.918,14521.71,9.918,14537.686,9.929,-999,-999,0.9555,0.8979,-1.0,65.0,-1.0,-1.0,-1.0,-1.0,-999,-999,-999,-999,-999,-440888.0,-452.674,-999,-999,-999,-999,-999,-999,-999,379969,104153121
23938,8.5831,Cu,-1.531,29.045,-2.615,7.865,HMSDIS,0.25,3.3,-999,-999,11329.453,9.296,11398.844,9.353,11378.531,9.336,11349.995,9.313,11378.031,9.336,0.9998,0.9989,-999,-999,-1.0,-1.0,-1.0,1.0,-1.0,-1.0,-999,-999,-999,-999,-999,15.4052,0.036782,-999,-999,-999,-999,-999,-999,-999,263626,75358084
23941,8.5831,Cu,-1.531,29.045,-2.615,7.865,SHMSDIS,0.04,0.4,-999,-999,16862.298,9.928,16958.88,9.985,16853.849,9.923,16824.6,9.906,16845.219,9.918,-999,-999,0.9603,0.9054,-1.0,65.0,-1.0,-1.0,-1.0,-1.0,-999,-999,-999,-999,-999,-408039.0,-403.558,-999,-999,-999,-999,-999,-999,-999,391067,111984600
23942,8.5831,LH2,-1.531,29.045,-2.615,7.865,PI-SIDIS,0.25,3.3,0.37,2.0,16.06,10.016,16.149,10.071,16.007,9.983,16.01,9.985,16.019,9.991,0.9997,0.9994,0.9686,0.9581,-1.0,-1.0,-1.0,-1.0,-1.0,1.0,-999,-999,549.0,402.333,23.9467,26.0112,1.54817,51.3777,0.312833,-999,-999,-999,-999,-999,324563,92657847
23943,8.5831,LH2,-1.531,29.045,-2.615,7.865,PI-SIDIS,0.25,3.3,0.37,2.0,4.946,9.979,4.974,10.035,4.945,9.976,4.941,9.968,4.949,9.984,0.9985,0.9997,0.96,0.9614,-1.0,-1.0,-1.0,-1.0,-1.0,1.0,-999,-999,170.0,124.0,13.3292,25.9695,2.79155,51.423,0.334563,-999,-999,-999,-999,-999,100490,28544224
23944,8.5831,LH2,-1.531,29.045,-2.615,7.865,PI-SIDIS,0.25,3.3,0.37,2.0,33.742,19.986,33.815,20.029,33.763,19.998,33.697,19.959,33.799,20.02,0.9998,0.9987,0.9423,0.934,-1.0,-1.0,-1.0,-1.0,-1.0,1.0,-999,-999,1262.0,680.833,36.8627,21.5623,1.16746,51.3451,0.328975,-999,-999,-999,-999,-999,678230,200286718
23945,8.5831,LH2,-1.531,29.045,-2.615,7.865,PI-SIDIS,0.25,3.3,0.37,2.0,21.601,18.999,21.655,19.046,21.558,18.961,21.508,18.917,21.546,18.951,0.9999,0.9985,0.9422,0.9368,-1.0,-1.0,-1.0,-1.0,-1.0,1.0,-999,-999,857.0,480.667,30.3269,23.6964,1.49509,51.4408,0.261772,-999,-999,-999,-999,-999,433788,132748142
23946,8.5831,LH2,-1.531,29.045,-2.615,7.865,PI-SIDIS,0.25,3.3,0.37,2.0,35.12,20.195,35.199,20.24,34.849,20.038,34.842,20.034,34.832,20.029,0.9998,0.9986,0.9378,0.9328,-1.0,-1.0,-1.0,-1.0,-1.0,1.0,-999,-999,1330.0,733.167,37.8084,22.3355,1.15181,51.4253,0.254829,-999,-999,-999,-999,-999,704734,217281571
23947,8.5831,LH2,-1.531,29.045,-2.615,7.865,PI-SIDIS,0.25,3.3,0.37,2.0,34.594,20.115,34.667,20.158,34.444,20.028,34.424,20.017,34.49,20.055,0.9998,0.9984,0.9357,0.9325,-1.0,-1.0,-1.0,-1.0,-1.0,1.0,-999,-999,1276.0,681.833,37.0814,21.0975,1.14738,51.3796,0.320176,-999,-999,-999,-999,-999,693645,214794090
23948,8.5831,Dummy,-1.531,29.045,-2.615,7.865,PI-SIDIS,0.25,3.3,0.37,2.0,45.101,20.358,45.197,20.402,45.122,20.368,45.028,20.326,45.167,20.388,0.9998,0.9982,0.9418,0.9386,-1.0,-1.0,-1.0,-1.0,-1.0,1.0,-999,-999,1183.0,648.5,35.6663,15.2909,0.840971,51.3565,0.320372,-999,-999,-999,-999,-999,649747,230689084
23949,8.5831,Dummy,-1.531,29.045,-2.615,7.865,PI-SIDIS,0.25,3.3,0.37,2.0,8.135,9.69,8.184,9.748,8.162,9.722,8.148,9.705,8.169,9.73,1.0,0.9982,0.9682,0.9608,-1.0,-1.0,-1.0,-1.0,-1.0,1.0,-999,-999,146.0,90.5,12.4599,11.5093,1.58459,51.3373,0.342521,-999,-999,-999,-999,-999,117267,40149396
23950,8.5831,LH2,-1.531,29.045,-2.615,7.865,PI-SIDIS,0.25,3.3,0.37,2.0,40.516,19.959,40.607,20.004,40.593,19.997,40.497,19.95,40.629,20.015,0.9998,0.9983,0.9379,0.9334,-1.0,-1.0,-1.0,-1.0,-1.0,1.0,-999,-999,1506.0,827.167,40.2385,21.8291,1.0619,51.3578,0.332274,-999,-999,-999,-999,-999,810994,251880877
23951,8.5831,LH2,-1.531,29.045,-2.615,7.865,PI-SIDIS,0.25,3.3,0.37,2.0,43.365,20.062,43.46,20.107,43.439,20.097,43.33,20.046,43.465,20.109,0.9997,0.9986,0.934,0.9321,-1.0,-1.0,-1.0,-1.0,-1.0,1.0,-999,-999,1664.0,945.0,42.2355,23.336,1.04297,51.3629,0.315684,-999,-999,-999,-999,-999,869258,269021405
23952,8.5831,LH2,-1.531,29.045,-2.615,7.865,PI-SIDIS,0.25,3.3,0.37,2.0,35.288,19.359,35.368,19.403,35.332,19.383,35.233,19.329,35.33,19.382,0.9996,0.9985,0.9389,0.9346,-1.0,-1.0,-1.0,-1.0,-1.0,1.0,-999,-999,1343.0,760.667,37.9481,23.0226,1.14855,51.3858,0.31649,-999,-999,-999,-999,-999,705363,220161680
23953,8.5831,LH2,-1.531,29.045,-2.615,7.865,PI-SIDIS,0.25,3.3,0.37,2.0,34.75,19.942,34.824,19.984,34.728,19.929,34.648,19.884,34.74,19.936,0.9999,0.9986,0.9327,0.9317,-1.0,-1.0,-1.0,-1.0,-1.0,1.0,-999,-999,1339.0,750.333,37.9092,23.1295,1.16858,51.3692,0.312128,-999,-999,-999,-999,-999,697136,217512575
23954,8.5831,LH2,-1.531,29.045,-2.615,7.865,PI-SIDIS,0.25,3.3,0.37,2.0,17.829,9.908,17.929,9.964,17.824,9.906,17.796,9.89,17.818,9.903,0.9996,0.999,0.9695,0.9598,-1.0,-1.0,-1.0,-1.0,-1.0,1.0,-999,-999,563.0,394.667,24.3116,22.9439,1.41335,51.3937,0.314401,-999,-999,-999,-999,-999,359136,106710796
23955,8.5831,Dummy,-1.531,29.045,-2.615,7.865,PI-SIDIS,0.25,3.3,0.37,2.0,31.632,19.14,31.703,19.183,31.556,19.094,31.477,19.046,31.527,19.076,0.9997,0.9985,0.9447,0.9379,-1.0,-1.0,-1.0,-1.0,-1.0,1.0,-999,-999,840.0,452.5,30.0763,15.2228,1.01182,51.3977,0.312934,-999,-999,-999,-999,-999,457045,162496358
23956,8.5831,Dummy,-1.531,29.045,-2.615,7.865,PI-SIDIS,0.25,3.3,0.37,2.0,11.016,9.705,11.08,9.761,10.997,9.688,10.979,9.673,10.993,9.685,1.0,0.9989,0.9613,0.9644,-1.0,-1.0,-1.0,-1.0,-1.0,1.0,-999,-999,232.0,161.333,15.6134,15.0983,1.46117,51.4553,0.267242,-999,-999,-999,-999,-999,159504,54509625
23957,8.5831,LH2,-1.531,29.045,-6.538,7.865,PI-SIDIS,0.25,3.3,0.93,2.0,17.07,29.158,17.093,29.197,16.991,29.023,16.964,28.977,16.973,28.992,0.9997,0.9987,0.9533,0.8204,-1.0,-1.0,-1.0,-1.0,-1.0,1.0,-999,-999,121.0,104.5,11.1243,7.45512,0.793617,51.3096,0.318507,-999,-999,-999,-999,-999,342362,262949991
23959,8.5831,NONE,-1.531,29.045,-6.538,7.865,BCM,-999,-999,-999,-999,30.258,18.187,30.347,18.241,30.138,18.115,30.119,18.104,30.073,18.076,0.0,0.0,0.0,1.0,1.0,-1.0,1.0,-1.0,-1.0,1.0,-999,-999,0.0,0.0,0.0,nan,nan,0.0,0.0,-999,-999,-999,-999,-999,16589,16580
23960,8.5831,LH2,-1.531,29.045,-6.538,7.865,PI-SIDIS,0.25,3.3,0.93,2.0,50.172,28.453,50.235,28.488,49.873,28.283,49.872,28.282,49.77,28.225,0.9998,0.9988,0.9543,0.8215,-1.0,-1.0,-1.0,-1.0,-1.0,1.0,-999,-999,365.0,325.5,19.2765,7.88972,0.467239,51.3909,0.319838,-999,-999,-999,-999,-999,1004014,770071712
23961,8.5831,LH2,-1.531,29.045,-6.538,7.865,PI-SIDIS,0.25,3.3,0.93,2.0,16.792,20.294,16.819,20.328,16.654,20.128,16.656,20.13,16.633,20.103,0.9998,0.9986,0.9694,0.8469,-1.0,-1.0,-1.0,-1.0,-1.0,1.0,-999,-999,122.0,112.167,11.1193,7.87658,0.780821,51.4183,0.356886,-999,-999,-999,-999,-999,337469,262894501
23962,8.5831,LH2,-1.531,29.045,-6.538,7.865,PI-SIDIS,0.25,3.3,0.93,2.0,7.494,9.25,7.536,9.302,7.455,9.202,7.455,9.203,7.434,9.177,1.0,0.9994,0.984,0.8816,-1.0,-1.0,-1.0,-1.0,-1.0,1.0,-999,-999,45.0,43.0,6.733,6.47226,1.01344,51.4703,0.271885,-999,-999,-999,-999,-999,150847,119811925
23963,8.5831,LH2,-1.531,29.045,-6.538,7.865,HMSDIS,0.25,3.3,-999,-999,16776.22,9.685,16863.568,9.735,16668.239,9.622,16675.707,9.626,16630.573,9.6,0.9998,0.9992,-999,-999,-1.0,-1.0,-1.0,1.0,-1.0,-1.0,-999,-999,-999,-999,-999,13.5573,0.028364,-999,-999,-999,-999,-999,-999,-999,338881,268246788
23964,8.5831,LD2,-1.531,29.045,-6.538,7.865,PI-SIDIS,0.25,3.3,0.93,2.0,33.039,19.492,33.09,19.522,32.75,19.322,32.737,19.314,32.681,19.281,0.9998,0.9988,0.9471,0.8249,-1.0,-1.0,-1.0,-1.0,-1.0,1.0,-999,-999,582.0,506.5,24.3841,18.5616,0.893597,51.3654,0.333889,-999,-999,-999,-999,-999,1265814,946629767
23965,8.5831,LD2,-1.531,29.045,-6.538,7.865,PI-SIDIS,0.25,3.3,0.93,2.0,30.153,17.563,30.214,17.599,29.944,17.441,29.907,17.42,29.866,17.396,0.9997,0.999,0.9476,0.8243,-1.0,-1.0,-1.0,-1.0,-1.0,1.0,-999,-999,528.0,459.167,23.2265,18.4442,0.932984,51.3811,0.330555,-999,-999,-999,-999,-999,1156626,865349661
23966,8.5831,LD2,-1.531,29.045,-6.538,7.865,PI-SIDIS,0.25,3.3,0.93,2.0,34.849,19.237,34.91,19.271,34.591,19.095,34.578,19.088,34.54,19.066,0.9997,0.9989,0.9471,0.8294,-1.0,-1.0,-1.0,-1.0,-1.0,1.0,-999,-999,616.0,537.667,25.081,18.5777,0.86661,51.3538,0.350878,-999,-999,-999,-999,-999,1339475,999630942
23967,8.5831,Dummy,-1.531,29.045,-6.538,7.865,PI-SIDIS,0.25,3.3,0.93,2.0,61.406,35.234,61.468,35.27,61.132,35.077,61.126,35.073,61.056,35.034,0.9998,0.999,0.9564,0.8316,-1.0,-1.0,-1.0,-1.0,-1.0,1.0,-999,-999,293.0,258.5,17.2844,5.05806,0.338203,51.3263,0.325446,-999,-999,-999,-999,-999,885134,711393885
23968,8.5831,Dummy,-1.531,29.045,-6.538,7.865,HMSDIS,0.25,3.3,-999,-999,19873.711,17.801,19916.445,17.839,19790.534,17.726,19769.078,17.707,19745.126,17.686,0.9997,0.9992,-999,-999,-1.0,-1.0,-1.0,1.0,-1.0,-1.0,-999,-999,-999,-999,-999,9.62619,0.0219999,-999,-999,-999,-999,-999,-999,-999,287460,235284399
23969,8.5831,C,-1.531,29.045,-6.538,7.865,PI-SIDIS,0.25,3.3,0.93,2.0,54.105,28.741,54.167,28.774,53.87,28.617,53.845,28.604,53.782,28.57,0.9998,0.9992,0.9508,0.8168,-1.0,-1.0,-1.0,-1.0,-1.0,1.0,-999,-999,521.0,452.833,23.073,10.238,0.521651,51.3616,0.325516,-999,-999,-999,-999,-999,1417873,955073493
23970,8.5831,C,-1.531,29.045,-6.538,7.865,PI-SIDIS,0.25,3.3,0.93,2.0,51.668,29.254,51.729,29.288,51.484,29.149,51.456,29.134,51.417,29.112,0.9998,0.9991,0.9497,0.8219,-1.0,-1.0,-1.0,-1.0,-1.0,1.0,-999,-999,506.0,435.333,22.7547,10.2426,0.535376,51.3364,0.33303,-999,-999,-999,-999,-999,1353192,912101352
23971,8.5831,C,-1.531,29.045,-6.538,7.865,HMSDIS,0.25,3.3,-999,-999,9921.956,15.003,9951.389,15.048,9894.051,14.961,9882.594,14.944,9884.824,14.947,0.9998,0.9993,-999,-999,-1.0,-1.0,-1.0,1.0,-1.0,-1.0,-999,-999,-999,-999,-999,17.3537,0.0417976,-999,-999,-999,-999,-999,-999,-999,259592,179333332
23972,8.5831,Cu,-1.531,29.045,-6.538,7.865,PI-SIDIS,0.25,3.3,0.93,2.0,55.878,29.754,55.95,29.793,55.779,29.701,55.717,29.669,55.725,29.673,0.9998,0.9991,0.9596,0.8212,-1.0,-1.0,-1.0,-1.0,-1.0,1.0,-999,-999,306.0,253.667,17.7404,5.52237,0.386212,51.388,0.351245,-999,-999,-999,-999,-999,1289256,721780984
23973,8.5831,Cu,-1.531,29.045,-6.538,7.865,PI-SIDIS,0.25,3.3,0.93,2.0,18.45,27.88,18.478,27.921,18.443,27.868,18.41,27.819,18.424,27.84,1.0,0.999,0.9595,0.8344,-1.0,-1.0,-1.0,-1.0,-1.0,1.0,-999,-999,98.0,81.0,10.0416,5.25384,0.651319,51.4699,0.391432,-999,-999,-999,-999,-999,425663,238471083
23974,8.5831,Cu,-1.531,29.045,-6.538,7.865,PI-SIDIS,0.25,3.3,0.93,2.0,52.692,28.152,52.773,28.196,52.759,28.188,52.638,28.123,52.687,28.149,0.9998,0.999,0.9582,0.834,-1.0,-1.0,-1.0,-1.0,-1.0,1.0,-999,-999,286.0,240.333,17.1351,5.46203,0.389427,51.337,0.34779,-999,-999,-999,-999,-999,1220049,681102884
23975,8.5831,Cu,-1.531,29.045,-6.538,7.865,PI-SIDIS,0.25,3.3,0.93,2.0,16.239,14.993,16.291,15.041,16.257,15.01,16.226,14.981,16.239,14.993,0.9998,0.9989,0.9769,0.8598,-1.0,-1.0,-1.0,-1.0,-1.0,1.0,-999,-999,95.0,88.3333,9.80363,6.30795,0.700085,51.3754,0.312012,-999,-999,-999,-999,-999,375607,213887755
23976,8.5831,Cu,-1.531,29.045,-6.538,7.865,HMSDIS,0.25,3.3,-999,-999,8477.604,12.81,8512.877,12.863,8504.733,12.851,8481.637,12.816,8493.814,12.834,0.9998,0.9992,-999,-999,-1.0,-1.0,-1.0,1.0,-1.0,-1.0,-999,-999,-999,-999,-999,15.417,0.0425895,-999,-999,-999,-999,-999,-999,-999,197162,112297317
23977,8.5831,LH2,-1.531,29.045,-4.868,7.865,PI-SIDIS,0.25,3.3,0.69,2.0,47.115,29.167,47.2,29.219,47.106,29.162,46.987,29.088,46.978,29.082,0.9999,0.9989,0.9494,0.9228,-1.0,-1.0,-1.0,-1.0,-1.0,1.0,-999,-999,928.0,753.0,30.9381,17.2911,0.710429,51.3461,0.324207,-999,-999,-999,-999,-999,945517,561139547
23979,8.5831,LH2,-1.531,29.045,-4.868,7.865,PI-SIDIS,0.25,3.3,0.69,2.0,45.22,30.712,45.294,30.762,44.936,30.519,44.92,30.508,44.839,30.453,0.9997,0.9991,0.9508,0.9216,-1.0,-1.0,-1.0,-1.0,1.0,-1.0,-999,-999,861.0,720.167,29.7401,17.2576,0.712671,51.4042,0.324814,-999,-999,-999,-999,-999,909188,541794110
23980,8.5831,LD2,-1.531,29.045,-4.868,7.865,PI-SIDIS,0.25,3.3,0.69,2.0,11.471,17.533,11.503,17.581,11.464,17.522,11.439,17.484,11.458,17.513,0.9997,0.9986,0.9418,0.9191,-1.0,-1.0,-1.0,-1.0,-1.0,1.0,-999,-999,484.0,376.833,22.4023,35.6597,2.11993,51.3161,0.314709,-999,-999,-999,-999,-999,443295,268189081
23981,8.5831,Dummy,-1.531,29.045,-4.868,7.865,PI-SIDIS,0.25,3.3,0.69,2.0,69.489,39.149,69.603,39.213,69.744,39.293,69.606,39.215,69.719,39.278,0.9999,0.9987,0.9515,0.9211,-1.0,-1.0,-1.0,-1.0,-1.0,1.0,-999,-999,815.0,659.5,28.9986,10.2886,0.452396,51.3166,0.329994,-999,-999,-999,-999,-999,1006129,664476013
23982,8.5831,C,-1.531,29.045,-4.868,7.865,PI-SIDIS,0.25,3.3,0.69,2.0,10.717,26.935,10.738,26.989,10.737,26.985,10.709,26.917,10.723,26.95,0.9999,0.9988,0.9467,0.9173,-1.0,-1.0,-1.0,-1.0,-1.0,1.0,-999,-999,282.0,226.0,17.0685,22.948,1.73313,51.3576,0.322021,-999,-999,-999,-999,-999,281534,156563510
23983,8.5831,C,-1.531,29.045,-4.868,7.865,PI-SIDIS,0.25,3.3,0.69,2.0,44.594,27.538,44.677,27.59,44.609,27.547,44.527,27.497,44.598,27.54,0.9998,0.9987,0.9452,0.9182,-1.0,-1.0,-1.0,-1.0,-1.0,1.0,-999,-999,1034.0,801.333,32.7533,19.5409,0.798705,51.3421,0.314448,-999,-999,-999,-999,-999,1172396,647462766
23984,8.5831,Cu,-1.531,29.045,-4.868,7.865,PI-SIDIS,0.25,3.3,0.69,2.0,42.026,24.781,42.121,24.837,42.242,24.909,42.101,24.825,42.168,24.865,0.9997,0.9988,0.9542,0.9279,-1.0,-1.0,-1.0,-1.0,-1.0,1.0,-999,-999,617.0,468.5,25.3328,11.9906,0.648356,51.3194,0.330334,-999,-999,-999,-999,-999,974735,484519032
23985,8.5831,LH2,-1.531,29.045,-4.868,7.865,PI-SIDIS,0.25,3.3,0.69,2.0,55.028,31.984,55.123,32.039,55.057,32.001,54.937,31.931,54.982,31.957,0.9998,0.9987,0.9496,0.923,-1.0,-1.0,-1.0,-1.0,-1.0,1.0,-999,-999,984.0,783.167,31.8978,15.3967,0.627098,51.3575,0.326124,-999,-999,-999,-999,-999,1103614,658760232
23986,8.5831,LH2,-1.531,29.045,-4.868,7.865,PI-SIDIS,0.25,3.3,0.69,2.0,53.247,30.133,53.345,30.188,53.015,30.002,52.994,29.99,52.925,29.95,0.9998,0.9989,0.9501,0.9262,-1.0,-1.0,-1.0,-1.0,-1.0,1.0,-999,-999,992.0,790.0,32.026,15.9933,0.648355,51.3951,0.332236,-999,-999,-999,-999,-999,1070292,639589345
23987,8.5831,LH2,-1.531,29.045,-4.868,7.865,PI-SIDIS,0.25,3.3,0.69,2.0,47.438,29.341,47.521,29.393,47.364,29.296,47.321,29.269,47.351,29.287,0.9999,0.9983,0.9496,0.9295,-1.0,-1.0,-1.0,-1.0,-1.0,1.0,-999,-999,890.0,710.667,30.3297,16.0907,0.686714,51.3545,0.314712,-999,-999,-999,-999,-999,955458,569101412
23988,8.5831,LH2,-1.531,29.045,-4.868,7.865,PI-SIDIS,0.25,3.3,0.69,2.0,50.422,30.643,50.504,30.693,50.396,30.627,50.335,30.59,50.381,30.618,0.9999,0.9989,0.9494,0.9235,-1.0,-1.0,-1.0,-1.0,-1.0,1.0,-999,-999,883.0,701.167,30.2209,15.0354,0.648042,51.3705,0.333955,-999,-999,-999,-999,-999,1014681,605341153
23989,8.5831,LH2,-1.531,29.045,-4.868,7.865,PI-SIDIS,0.25,3.3,0.69,2.0,64.807,36.597,64.918,36.66,64.956,36.682,64.827,36.609,64.906,36.653,0.9997,0.9989,0.9389,0.9113,-1.0,-1.0,-1.0,-1.0,-1.0,1.0,-999,-999,1277.0,981.667,36.4173,16.6,0.615818,51.3264,0.324721,-999,-999,-999,-999,-999,1298669,771077722
23990,8.5831,LH2,-1.531,29.045,-4.868,7.865,PI-SIDIS,0.25,3.3,0.69,2.0,35.08,19.455,35.167,19.503,35.107,19.47,35.019,19.421,35.079,19.454,0.9999,0.9989,0.9643,0.943,-1.0,-1.0,-1.0,-1.0,-1.0,1.0,-999,-999,666.0,578.333,26.0885,17.4411,0.786767,51.3863,0.33605,-999,-999,-999,-999,-999,707476,424764700
23991,8.5831,LH2,-1.531,29.045,-4.868,7.865,PI-SIDIS,0.25,3.3,0.69,2.0,16.556,9.784,16.655,9.842,16.577,9.796,16.552,9.782,16.556,9.784,1.0,0.9987,0.9822,0.9555,-1.0,-1.0,-1.0,-1.0,-1.0,1.0,-999,-999,328.0,308.667,18.1995,19.3961,1.14363,51.3885,0.322652,-999,-999,-999,-999,-999,336265,202686753
23992,8.5831,LD2,-1.531,29.045,-4.868,7.865,PI-SIDIS,0.25,3.3,0.69,2.0,30.109,18.743,30.186,18.79,30.057,18.71,29.988,18.667,30.027,18.691,0.9998,0.9986,0.9395,0.9176,-1.0,-1.0,-1.0,-1.0,-1.0,1.0,-999,-999,1296.0,996.167,36.6875,35.9773,1.32499,51.3618,0.323341,-999,-999,-999,-999,-999,1164233,706324833
23993,8.5831,LD2,-1.531,29.045,-4.868,7.865,PI-SIDIS,0.25,3.3,0.69,2.0,35.939,19.088,36.023,19.133,35.838,19.035,35.75,18.988,35.791,19.01,0.9998,0.9986,0.939,0.9151,-1.0,-1.0,-1.0,-1.0,-1.0,1.0,-999,-999,1582.0,1221.5,40.5226,37.0623,1.22952,51.3785,0.327963,-999,-999,-999,-999,-999,1386483,843241458
23994,8.5831,LD2,-1.531,29.045,-4.868,7.865,PI-SIDIS,0.25,3.3,0.69,2.0,42.127,19.161,42.224,19.205,41.948,19.08,41.896,19.056,41.888,19.052,0.9997,0.9986,0.9395,0.9171,-1.0,-1.0,-1.0,-1.0,-1.0,1.0,-999,-999,1823.0,1397.33,43.5195,36.1005,1.12434,51.3922,0.319523,-999,-999,-999,-999,-999,1624652,988422723
23995,8.5831,LD2,-1.531,29.045,-4.868,7.865,PI-SIDIS,0.25,3.3,0.69,2.0,27.394,18.947,27.458,18.992,27.26,18.855,27.241,18.842,27.221,18.828,0.9997,0.9985,0.9404,0.9157,-1.0,-1.0,-1.0,-1.0,-1.0,1.0,-999,-999,1172.0,915.833,34.8525,36.44,1.38674,51.3829,0.332798,-999,-999,-999,-999,-999,1058200,643315269
23996,8.5831,LD2,-1.531,29.045,-4.868,7.865,PI-SIDIS,0.25,3.3,0.69,2.0,25.933,13.932,26.025,13.982,25.793,13.857,25.793,13.857,25.757,13.838,0.9997,0.9989,0.9557,0.9348,-1.0,-1.0,-1.0,-1.0,-1.0,1.0,-999,-999,1089.0,906.0,33.4589,37.2544,1.37582,51.3848,0.322306,-999,-999,-999,-999,-999,1002827,614156683
23998,8.5831,LD2,-1.531,29.045,-4.868,7.865,PI-SIDIS,0.25,3.3,0.69,2.0,15.977,9.731,16.069,9.787,15.907,9.688,15.912,9.691,15.879,9.672,0.9999,0.999,0.9677,0.9457,-1.0,-1.0,-1.0,-1.0,-1.0,1.0,-999,-999,683.0,595.333,26.4123,39.1814,1.73831,51.396,0.311298,-999,-999,-999,-999,-999,619863,379931029
23999,8.5831,Dummy,-1.531,29.045,-4.868,7.865,PI-SIDIS,0.25,3.3,0.69,2.0,63.502,35.695,63.596,35.748,63.225,35.54,63.204,35.528,63.1,35.469,1.0,0.9988,0.9538,0.9208,-1.0,-1.0,-1.0,-1.0,-1.0,1.0,-999,-999,748.0,602.667,27.7889,10.2924,0.474582,51.3871,0.309106,-999,-999,-999,-999,-999,918425,612139153
24001,8.5831,C,-1.531,29.045,-4.868,7.865,PI-SIDIS,0.25,3.3,0.69,2.0,53.558,31.074,53.64,31.122,53.265,30.905,53.255,30.898,53.162,30.845,0.9996,0.9988,0.9383,0.91,-1.0,-1.0,-1.0,-1.0,-1.0,1.0,-999,-999,1330.0,1010.17,37.1928,20.706,0.762364,51.3767,0.321919,-999,-999,-999,-999,-999,1404599,784662133
24002,8.5831,C,-1.531,29.045,-4.868,7.865,PI-SIDIS,0.25,3.3,0.69,2.0,55.351,32.595,55.431,32.642,55.025,32.403,55.031,32.407,54.948,32.358,0.9996,0.9991,0.9376,0.9105,-1.0,-1.0,-1.0,-1.0,-1.0,1.0,-999,-999,1332.0,1010.67,37.2231,20.0364,0.737944,51.3661,0.322848,-999,-999,-999,-999,-999,1453168,810725742
24003,8.5831,C,-1.531,29.045,-4.868,7.865,PI-SIDIS,0.25,3.3,0.69,2.0,53.73,30.47,53.815,30.518,53.469,30.322,53.451,30.311,53.369,30.265,0.9997,0.9991,0.9364,0.9085,-1.0,-1.0,-1.0,-1.0,-1.0,1.0,-999,-999,1300.0,995.5,36.7526,20.3713,0.752081,51.3855,0.322811,-999,-999,-999,-999,-999,1409634,787961829
24004,8.5831,C,-1.531,29.045,-4.868,7.865,PI-SIDIS,0.25,3.3,0.69,2.0,29.316,16.836,29.396,16.882,29.172,16.753,29.146,16.738,29.116,16.721,0.9997,0.9993,0.966,0.937,-1.0,-1.0,-1.0,-1.0,-1.0,1.0,-999,-999,711.0,620.833,26.9449,22.5477,0.978599,51.3932,0.311054,-999,-999,-999,-999,-999,768111,434852206
24005,8.5831,Cu,-1.531,29.045,-4.868,7.865,PI-SIDIS,0.25,3.3,0.69,2.0,67.393,37.802,67.487,37.855,67.112,37.645,67.105,37.641,67.002,37.583,0.9996,0.9992,0.9401,0.9116,-1.0,-1.0,-1.0,-1.0,-1.0,1.0,-999,-999,915.0,615.0,31.0644,10.0018,0.505206,51.3759,0.316541,-999,-999,-999,-999,-999,1556675,776055915
24006,8.5831,Cu,-1.531,29.045,-4.868,7.865,PI-SIDIS,0.25,3.3,0.69,2.0,60.886,36.237,60.978,36.292,60.678,36.114,60.664,36.105,60.577,36.053,0.9996,0.999,0.941,0.9116,-1.0,-1.0,-1.0,-1.0,-1.0,1.0,-999,-999,920.0,654.333,31.0528,11.7781,0.558953,51.3872,0.347536,-999,-999,-999,-999,-999,1404780,701350981
24007,8.5831,Cu,-1.531,29.045,-4.868,7.865,PI-SIDIS,0.25,3.3,0.69,2.0,60.493,35.219,60.59,35.276,60.321,35.119,60.301,35.107,60.219,35.059,0.9998,0.9992,0.9411,0.9103,-1.0,-1.0,-1.0,-1.0,-1.0,1.0,-999,-999,902.0,634.0,30.7679,11.4989,0.558042,51.3593,0.334121,-999,-999,-999,-999,-999,1398831,697201238
24008,8.5831,Cu,-1.531,29.045,-4.868,7.865,PI-SIDIS,0.25,3.3,0.69,2.0,16.411,36.919,16.436,36.975,16.368,36.822,16.364,36.813,16.341,36.761,0.9997,0.9987,0.9378,0.917,-1.0,-1.0,-1.0,-1.0,-1.0,1.0,-999,-999,242.0,171.833,15.9278,11.4059,1.05725,51.39,0.317811,-999,-999,-999,-999,-999,378963,188780601
24009,8.5831,Cu,-1.531,29.045,-4.868,7.865,PI-SIDIS,0.25,3.3,0.69,2.0,83.337,36.674,83.469,36.732,83.155,36.594,83.128,36.582,83.047,36.546,0.9997,0.9991,0.9404,0.9127,-1.0,-1.0,-1.0,-1.0,-1.0,1.0,-999,-999,1273.0,911.5,36.5137,11.9701,0.479509,51.3691,0.337404,-999,-999,-999,-999,-999,1926577,960025461
24010,8.5831,Cu,-1.531,29.045,-4.868,7.865,PI-SIDIS,0.25,3.3,0.69,2.0,74.333,35.421,74.463,35.483,74.298,35.405,74.228,35.371,74.178,35.347,0.9998,0.9991,0.9412,0.9113,-1.0,-1.0,-1.0,-1.0,-1.0,1.0,-999,-999,1095.0,773.333,33.8912,11.4001,0.499606,51.3478,0.329028,-999,-999,-999,-999,-999,1722136,857833787
24011,8.5831,LH2,-1.531,29.045,-4.868,7.865,PI-SIDIS,0.25,3.3,0.69,2.0,62.759,35.042,62.87,35.104,62.814,35.073,62.718,35.019,62.722,35.021,0.9997,0.9991,0.9387,0.9107,-1.0,-1.0,-1.0,-1.0,-1.0,1.0,-999,-999,1212.0,929.0,35.4847,16.2318,0.620001,51.3497,0.326436,-999,-999,-999,-999,-999,1256200,751893602
24012,8.5831,LH2,-1.531,29.045,-4.868,7.865,PI-SIDIS,0.25,3.3,0.69,2.0,62.673,36.349,62.781,36.412,62.731,36.383,62.637,36.328,62.646,36.334,0.9998,0.9991,0.9368,0.91,-1.0,-1.0,-1.0,-1.0,-1.0,1.0,-999,-999,1166.0,872.833,34.8549,15.2825,0.610277,51.3444,0.331643,-999,-999,-999,-999,-999,1257887,752859916
24013,8.5831,LH2,-1.531,29.045,-4.868,7.865,PI-SIDIS,0.25,3.3,0.69,2.0,68.646,38.467,68.76,38.531,68.729,38.514,68.636,38.461,68.63,38.458,0.9998,0.9992,0.9389,0.9135,-1.0,-1.0,-1.0,-1.0,-1.0,1.0,-999,-999,1269.0,965.5,36.3261,15.3743,0.578443,51.3499,0.326686,-999,-999,-999,-999,-999,1371231,822835196
24014,8.5831,LH2,-1.531,29.045,-4.868,7.865,PI-SIDIS,0.25,3.3,0.69,2.0,65.054,36.351,65.171,36.416,65.195,36.43,65.085,36.368,65.123,36.389,0.9998,0.9992,0.9397,0.9104,-1.0,-1.0,-1.0,-1.0,-1.0,1.0,-999,-999,1200.0,905.167,35.3432,15.2591,0.595807,51.3349,0.330215,-999,-999,-999,-999,-999,1299412,778213521
24015,8.5831,LH2,-1.531,29.045,-4.868,7.865,PI-SIDIS,0.25,3.3,0.69,2.0,46.66,25.255,46.755,25.307,46.723,25.289,46.631,25.24,46.652,25.251,0.9996,0.9994,0.957,0.9322,-1.0,-1.0,-1.0,-1.0,-1.0,1.0,-999,-999,838.0,692.5,29.3641,15.8954,0.674013,51.3528,0.31555,-999,-999,-999,-999,-999,938158,565741924
24016,8.5831,LH2,-1.531,29.045,-4.868,7.865,PI-SIDIS,0.25,3.3,0.69,2.0,24.407,12.83,24.511,12.885,24.449,12.853,24.412,12.833,24.416,12.835,0.9995,0.9992,0.9754,0.9476,-1.0,-1.0,-1.0,-1.0,-1.0,1.0,-999,-999,407.0,369.0,20.3306,15.8952,0.875771,51.3558,0.322464,-999,-999,-999,-999,-999,493672,299610666
24017,8.5831,LH2,-1.531,29.045,-4.868,7.865,HMSDIS,0.25,3.3,-999,-999,21107.696,12.587,21200.95,12.643,21160.694,12.619,21121.161,12.595,21135.403,12.604,0.9998,0.9992,-999,-999,-1.0,-1.0,-1.0,1.0,-1.0,-1.0,-999,-999,-999,-999,-999,13.5567,0.0252993,-999,-999,-999,-999,-999,-999,-999,427407,259352868
24018,8.5831,LH2,-1.531,29.045,-4.868,7.865,SHMSDIS,0.11,0.8,-999,-999,22212.694,12.906,22307.33,12.961,22256.896,12.932,22223.428,12.913,22226.385,12.914,-999,-999,0.9772,0.8662,-1.0,65.0,-1.0,-1.0,-1.0,-1.0,-999,-999,-999,-999,-999,-651790.0,-440.854,-999,-999,-999,-999,-999,-999,-999,447938,272784307
24019,8.5831,LD2,-1.531,29.045,-4.868,7.865,PI-SIDIS,0.25,3.3,0.69,2.0,32.86,19.632,32.942,19.681,32.914,19.664,32.838,19.618,32.857,19.63,0.9998,0.999,0.9392,0.9157,-1.0,-1.0,-1.0,-1.0,-1.0,1.0,-999,-999,1437.0,1122.5,38.593,37.2195,1.27965,51.3484,0.32888,-999,-999,-999,-999,-999,1270743,775264294
24020,8.5831,LD2,-1.531,29.045,-4.868,7.865,PI-SIDIS,0.25,3.3,0.69,2.0,29.209,19.491,29.285,19.542,29.267,19.53,29.198,19.484,29.234,19.508,0.9997,0.999,0.9391,0.9168,-1.0,-1.0,-1.0,-1.0,-1.0,1.0,-999,-999,1321.0,1030.17,37.0064,38.3858,1.37892,51.3445,0.336875,-999,-999,-999,-999,-999,1129249,688919375
24021,8.5831,LD2,-1.531,29.045,-4.868,7.865,PI-SIDIS,0.25,3.3,0.69,2.0,33.428,19.542,33.515,19.593,33.506,19.588,33.428,19.542,33.47,19.566,0.9997,0.999,0.9415,0.918,-1.0,-1.0,-1.0,-1.0,-1.0,1.0,-999,-999,1407.0,1089.17,38.2096,35.417,1.24248,51.3421,0.340944,-999,-999,-999,-999,-999,1290808,788783541
24022,8.5831,LD2,-1.531,29.045,-4.868,7.865,PI-SIDIS,0.25,3.3,0.69,2.0,33.91,19.559,33.999,19.61,34.005,19.614,33.917,19.563,33.955,19.585,0.9997,0.9989,0.94,0.9173,-1.0,-1.0,-1.0,-1.0,-1.0,1.0,-999,-999,1458.0,1126.17,38.9012,36.1248,1.24786,51.3451,0.327061,-999,-999,-999,-999,-999,1307319,800485782
24023,8.5831,LD2,-1.531,29.045,-4.868,7.865,PI-SIDIS,0.25,3.3,0.69,2.0,5.098,14.395,5.117,14.45,5.113,14.437,5.102,14.407,5.108,14.424,1.0,0.9991,0.9516,0.9353,-1.0,-1.0,-1.0,-1.0,-1.0,1.0,-999,-999,236.0,201.5,15.5483,42.1058,3.249,51.3657,0.304778,-999,-999,-999,-999,-999,196208,121285275
24024,8.5831,LD2,-1.531,29.045,-4.868,7.865,PI-SIDIS,0.25,3.3,0.69,2.0,23.844,13.959,23.94,14.015,23.922,14.004,23.875,13.977,23.88,13.98,0.9997,0.9988,0.9572,0.9341,-1.0,-1.0,-1.0,-1.0,-1.0,1.0,-999,-999,1000.0,830.667,32.0659,37.1569,1.43435,51.3541,0.324418,-999,-999,-999,-999,-999,920263,567482454
24026,8.5831,LD2,-1.531,29.045,-4.868,7.865,PI-SIDIS,0.25,3.3,0.69,2.0,17.593,9.798,17.703,9.859,17.669,9.841,17.632,9.82,17.637,9.823,0.9995,0.9991,0.9676,0.942,-1.0,-1.0,-1.0,-1.0,-1.0,1.0,-999,-999,674.0,582.167,26.2546,34.928,1.57519,51.3784,0.354987,-999,-999,-999,-999,-999,680546,418841394
24027,8.5831,LD2,-1.531,29.045,-4.868,7.865,HMSDIS,0.25,3.3,-999,-999,13128.623,9.538,13214.296,9.6,13097.12,9.515,13082.293,9.504,13053.495,9.484,0.9998,0.999,-999,-999,-1.0,-1.0,-1.0,1.0,-1.0,-1.0,-999,-999,-999,-999,-999,31.4078,0.0542552,-999,-999,-999,-999,-999,-999,-999,508075,311825029
24031,8.5831,LD2,-1.531,29.045,-4.868,7.865,SHMSDIS,0.11,0.8,-999,-999,14454.433,9.56,14546.259,9.621,14438.063,9.549,14429.652,9.543,14416.675,9.535,-999,-999,0.9675,0.8642,-1.0,129.0,-1.0,-1.0,-1.0,-1.0,-999,-999,-999,-999,-999,-1268120.0,-1078.14,-999,-999,-999,-999,-999,-999,-999,560456,343256263
24032,8.5831,Dummy,-1.531,29.045,-4.868,7.865,PI-SIDIS,0.25,3.3,0.69,2.0,69.155,33.908,69.297,33.978,69.266,33.963,69.151,33.906,69.168,33.915,0.9999,0.9986,0.953,0.9245,-1.0,-1.0,-1.0,-1.0,-1.0,1.0,-999,-999,790.0,643.833,28.537,10.0514,0.445514,51.3567,0.314929,-999,-999,-999,-999,-999,1000555,666754217
24038,8.5831,Dummy,-1.531,29.045,-4.868,7.865,SHMSDIS,0.11,0.8,-999,-999,14928.053,18.417,14969.44,18.469,14886.561,18.366,14873.779,18.35,14869.06,18.345,-999,-999,0.9731,0.8601,-1.0,129.0,-1.0,-1.0,-1.0,-1.0,-999,-999,-999,-999,-999,-528121.0,-683.88,-999,-999,-999,-999,-999,-999,-999,297689,145880637
24039,8.5831,C,-1.531,29.045,-4.868,7.865,PI-SIDIS,0.25,3.3,0.69,2.0,6.326,15.0,6.353,15.064,6.386,15.143,6.345,15.046,6.344,15.044,1.0,0.9986,0.9469,0.9148,-1.0,-1.0,-1.0,-1.0,-1.0,1.0,-999,-999,127.0,97.5,11.4855,16.779,1.97656,51.391,0.321869,-999,-999,-999,-999,-999,166621,92519342
24040,8.5831,C,-1.531,29.045,-4.868,7.865,PI-SIDIS,0.25,3.3,0.69,2.0,34.499,27.805,34.57,27.862,34.465,27.777,34.435,27.754,34.4,27.725,0.9997,0.9988,0.9431,0.9149,-1.0,-1.0,-1.0,-1.0,-1.0,1.0,-999,-999,828.0,641.5,29.3101,20.2917,0.927128,51.3578,0.310155,-999,-999,-999,-999,-999,907866,502578026
24041,8.5831,C,-1.531,29.045,-4.868,7.865,PI-SIDIS,0.25,3.3,0.69,2.0,46.283,29.433,46.377,29.493,46.343,29.472,46.263,29.421,46.26,29.419,0.9998,0.9989,0.9398,0.9104,-1.0,-1.0,-1.0,-1.0,-1.0,1.0,-999,-999,1136.0,881.833,34.3273,20.8931,0.813309,51.3472,0.336531,-999,-999,-999,-999,-999,1217991,673594626
24042,8.5831,C,-1.531,29.045,-4.868,7.865,PI-SIDIS,0.25,3.3,0.69,2.0,42.147,32.982,42.222,33.041,42.16,32.993,42.12,32.961,42.108,32.951,0.9998,0.9989,0.9391,0.9121,-1.0,-1.0,-1.0,-1.0,-1.0,1.0,-999,-999,1071.0,810.833,33.382,21.0623,0.867136,51.3154,0.338686,-999,-999,-999,-999,-999,1109077,620471661
24043,8.5831,C,-1.531,29.045,-4.868,7.865,PI-SIDIS,0.25,3.3,0.69,2.0,26.597,15.767,26.691,15.823,26.658,15.803,26.583,15.759,26.614,15.777,0.9999,0.9993,0.9692,0.9405,-1.0,-1.0,-1.0,-1.0,-1.0,1.0,-999,-999,626.0,546.667,25.2828,21.7792,1.00727,51.3415,0.3207,-999,-999,-999,-999,-999,697366,396287886
24044,8.5831,C,-1.531,29.045,-4.868,7.865,HMSDIS,0.25,3.3,-999,-999,14590.168,16.662,14637.576,16.716,14606.091,16.68,14573.713,16.643,14588.73,16.66,0.9998,0.9991,-999,-999,-1.0,-1.0,-1.0,1.0,-1.0,-1.0,-999,-999,-999,-999,-999,17.3815,0.0345084,-999,-999,-999,-999,-999,-999,-999,382752,217456690
24046,8.5831,C,-1.531,29.045,-4.868,7.865,SHMSDIS,0.11,0.8,-999,-999,16652.306,16.449,16708.216,16.504,16691.906,16.488,16648.835,16.445,16667.539,16.464,-999,-999,0.9694,0.8594,-1.0,129.0,-1.0,-1.0,-1.0,-1.0,-999,-999,-999,-999,-999,-796631.0,-796.539,-999,-999,-999,-999,-999,-999,-999,436919,248284710
24047,8.5831,Cu,-1.531,29.045,-4.868,7.865,PI-SIDIS,0.25,3.3,0.69,2.0,60.974,34.777,61.104,34.851,61.26,34.94,61.124,34.863,61.179,34.894,0.9997,0.9987,0.9427,0.9133,-1.0,-1.0,-1.0,-1.0,-1.0,1.0,-999,-999,899.0,634.667,30.7092,11.3774,0.550513,51.3264,0.357147,-999,-999,-999,-999,-999,1414702,705826326
24048,8.5831,Cu,-1.531,29.045,-4.868,7.865,PI-SIDIS,0.25,3.3,0.69,2.0,58.601,33.823,58.735,33.9,58.969,34.036,58.807,33.942,58.878,33.983,0.9997,0.9989,0.9424,0.9158,-1.0,-1.0,-1.0,-1.0,-1.0,1.0,-999,-999,888.0,640.5,30.4836,11.9129,0.566978,51.3376,0.321902,-999,-999,-999,-999,-999,1355812,677745296
24049,8.5831,Cu,-1.531,29.045,-4.868,7.865,PI-SIDIS,0.25,3.3,0.69,2.0,63.34,34.892,63.485,34.972,63.734,35.109,63.57,35.019,63.648,35.062,0.9998,0.9987,0.9426,0.914,-1.0,-1.0,-1.0,-1.0,-1.0,1.0,-999,-999,1019.0,752.0,32.6113,12.9641,0.562203,51.3237,0.324342,-999,-999,-999,-999,-999,1465722,731681049
24050,8.5831,Cu,-1.531,29.045,-4.868,7.865,PI-SIDIS,0.25,3.3,0.69,2.0,67.302,35.878,67.452,35.958,67.227,35.839,67.114,35.778,67.054,35.746,0.9997,0.9989,0.9426,0.9126,-1.0,-1.0,-1.0,-1.0,-1.0,1.0,-999,-999,1032.0,728.5,32.9026,11.84,0.534753,51.2981,0.344443,-999,-999,-999,-999,-999,1552621,777463821
24051,8.5831,Cu,-1.531,29.045,-4.868,7.865,PI-SIDIS,0.25,3.3,0.69,2.0,56.641,33.349,56.765,33.422,56.611,33.331,56.54,33.289,56.562,33.302,0.9997,0.9988,0.943,0.9167,-1.0,-1.0,-1.0,-1.0,-1.0,1.0,-999,-999,837.0,582.0,29.6564,11.1897,0.570182,51.2507,0.332162,-999,-999,-999,-999,-999,1309938,654947541
24052,8.5831,Cu,-1.531,29.045,-4.868,7.865,HMSDIS,0.25,3.3,-999,-999,16392.024,18.647,16440.628,18.702,16403.046,18.659,16368.555,18.62,16399.981,18.656,0.9998,0.999,-999,-999,-1.0,-1.0,-1.0,1.0,-1.0,-1.0,-999,-999,-999,-999,-999,15.3042,0.0305359,-999,-999,-999,-999,-999,-999,-999,379435,191626666
24053,8.5831,Cu,-1.531,29.045,-4.868,7.865,SHMSDIS,0.11,0.8,-999,-999,15142.016,18.947,15186.219,19.002,15168.887,18.98,15134.746,18.937,15178.818,18.993,-999,-999,0.9705,0.8605,-1.0,129.0,-1.0,-1.0,-1.0,-1.0,-999,-999,-999,-999,-999,-630355.0,-742.788,-999,-999,-999,-999,-999,-999,-999,350521,177228787
24054,8.5831,LH2,-1.531,29.045,-4.868,7.865,PI-SIDIS,0.25,3.3,0.69,2.0,61.416,36.105,61.553,36.185,61.769,36.312,61.631,36.231,61.788,36.323,0.9997,0.9988,0.9413,0.9144,-1.0,-1.0,-1.0,-1.0,-1.0,1.0,-999,-999,1190.0,908.833,35.169,16.1537,0.625098,51.2001,0.347328,-999,-999,-999,-999,-999,1229361,739984811
24055,8.5831,LH2,-1.531,29.045,-4.868,7.865,PI-SIDIS,0.25,3.3,0.69,2.0,62.669,31.563,62.834,31.646,63.066,31.763,62.854,31.656,62.971,31.715,0.9997,0.9988,0.941,0.9098,-1.0,-1.0,-1.0,-1.0,-1.0,1.0,-999,-999,1150.0,875.833,34.5788,15.327,0.605127,51.2016,0.328584,-999,-999,-999,-999,-999,1258888,755723951
24056,8.5831,LH2,-1.531,29.045,-4.868,7.865,PI-SIDIS,0.25,3.3,0.69,2.0,64.681,37.246,64.828,37.33,64.508,37.146,64.44,37.107,64.386,37.076,0.9997,0.9988,0.9426,0.9138,-1.0,-1.0,-1.0,-1.0,-1.0,1.0,-999,-999,1234.0,959.0,35.7748,16.1954,0.604158,51.2658,0.336405,-999,-999,-999,-999,-999,1295459,777305848
24057,8.5831,LH2,-1.531,29.045,-4.868,7.865,PI-SIDIS,0.25,3.3,0.69,2.0,58.052,34.866,58.181,34.943,58.118,34.906,58.026,34.85,58.132,34.914,0.9998,0.9986,0.9419,0.911,-1.0,-1.0,-1.0,-1.0,-1.0,1.0,-999,-999,1104.0,849.833,33.858,16.0384,0.638983,51.2263,0.342606,-999,-999,-999,-999,-999,1162301,698754467
24058,8.5831,LH2,-1.531,29.045,-4.868,7.865,PI-SIDIS,0.25,3.3,0.69,2.0,38.76,24.989,38.855,25.05,38.868,25.058,38.783,25.004,38.883,25.068,0.9999,0.9987,0.9605,0.9312,-1.0,-1.0,-1.0,-1.0,-1.0,1.0,-999,-999,684.0,558.833,26.5492,15.4471,0.733867,51.2364,0.337804,-999,-999,-999,-999,-999,779337,470851006
24059,8.5831,LH2,-1.531,29.045,-4.868,7.865,PI-SIDIS,0.25,3.3,0.69,2.0,23.059,13.125,23.167,13.186,23.165,13.185,23.119,13.159,23.175,13.191,1.0,0.9986,0.9763,0.9533,-1.0,-1.0,-1.0,-1.0,-1.0,1.0,-999,-999,379.0,339.833,19.6349,15.3881,0.889094,51.2456,0.315428,-999,-999,-999,-999,-999,466102,283747651
24060,8.5831,LD2,-1.531,29.045,-4.868,7.865,PI-SIDIS,0.25,3.3,0.69,2.0,30.041,18.643,30.138,18.703,29.987,18.609,29.926,18.571,29.937,18.578,0.9998,0.9986,0.9406,0.9176,-1.0,-1.0,-1.0,-1.0,-1.0,1.0,-999,-999,1248.0,950.833,36.0212,34.3946,1.303,51.251,0.3466,-999,-999,-999,-999,-999,1157975,709942602
24061,8.5831,LD2,-1.531,29.045,-4.868,7.865,PI-SIDIS,0.25,3.3,0.69,2.0,35.699,20.048,35.799,20.104,35.631,20.01,35.585,19.985,35.63,20.01,0.9998,0.9987,0.9403,0.9164,-1.0,-1.0,-1.0,-1.0,-1.0,1.0,-999,-999,1517.0,1170.67,39.6828,35.6962,1.21001,51.225,0.334381,-999,-999,-999,-999,-999,1380324,843575492
24062,8.5831,LD2,-1.531,29.045,-4.868,7.865,PI-SIDIS,0.25,3.3,0.69,2.0,34.404,19.711,34.502,19.767,34.459,19.742,34.384,19.699,34.49,19.76,0.9997,0.9984,0.9408,0.9174,-1.0,-1.0,-1.0,-1.0,-1.0,1.0,-999,-999,1462.0,1114.5,38.9861,35.2269,1.23226,51.1821,0.357203,-999,-999,-999,-999,-999,1331144,813326422
24063,8.5831,LD2,-1.531,29.045,-4.868,7.865,PI-SIDIS,0.25,3.3,0.69,2.0,30.492,18.894,30.589,18.954,30.627,18.978,30.545,18.927,30.641,18.986,0.9998,0.9984,0.9423,0.9165,-1.0,-1.0,-1.0,-1.0,-1.0,1.0,-999,-999,1325.0,1041.5,37.0439,37.1631,1.32181,51.2211,0.33536,-999,-999,-999,-999,-999,1179134,721314373
24064,8.5831,LD2,-1.531,29.045,-4.868,7.865,PI-SIDIS,0.25,3.3,0.69,2.0,22.606,13.581,22.71,13.643,22.697,13.635,22.643,13.603,22.684,13.628,0.9998,0.998,0.9564,0.9348,-1.0,-1.0,-1.0,-1.0,-1.0,1.0,-999,-999,981.0,827.333,31.7271,38.9791,1.4948,51.2367,0.321268,-999,-999,-999,-999,-999,873576,538957454
24065,8.5831,LD2,-1.531,29.045,-4.868,7.865,PI-SIDIS,0.25,3.3,0.69,2.0,15.875,9.738,15.981,9.804,15.832,9.712,15.825,9.707,15.814,9.701,1.0,0.9987,0.9686,0.9437,-1.0,-1.0,-1.0,-1.0,-1.0,1.0,-999,-999,617.0,527.5,25.138,34.9798,1.66696,51.3058,0.310735,-999,-999,-999,-999,-999,616229,380181421
24066,8.5831,Dummy,-1.531,29.045,-4.868,7.865,PI-SIDIS,0.25,3.3,0.69,2.0,55.204,33.796,55.327,33.871,55.352,33.887,55.246,33.822,55.359,33.891,0.9998,0.9984,0.9539,0.9228,-1.0,-1.0,-1.0,-1.0,-1.0,1.0,-999,-999,609.0,483.667,25.0976,9.47555,0.491689,51.1788,0.341764,-999,-999,-999,-999,-999,800045,536682953
24067,8.5831,C,-1.531,29.045,-4.868,7.865,PI-SIDIS,0.25,3.3,0.69,2.0,44.224,31.7,44.319,31.768,44.411,31.834,44.328,31.774,44.439,31.854,0.9997,0.998,0.9389,0.9089,-1.0,-1.0,-1.0,-1.0,-1.0,1.0,-999,-999,1083.0,825.333,33.5551,20.4981,0.833381,51.1905,0.343022,-999,-999,-999,-999,-999,1164745,652535997
24068,8.5831,C,-1.531,29.045,-4.868,7.865,PI-SIDIS,0.25,3.3,0.69,2.0,44.498,29.861,44.603,29.931,44.751,30.031,44.654,29.966,44.755,30.034,0.9996,0.9983,0.94,0.9131,-1.0,-1.0,-1.0,-1.0,-1.0,1.0,-999,-999,1105.0,849.5,33.876,20.8699,0.832243,51.2081,0.341342,-999,-999,-999,-999,-999,1172449,656961106
24069,8.5831,C,-1.531,29.045,-4.868,7.865,PI-SIDIS,0.25,3.3,0.69,2.0,59.906,34.437,60.033,34.51,60.21,34.611,60.108,34.553,60.22,34.617,0.9998,0.9981,0.9391,0.9096,-1.0,-1.0,-1.0,-1.0,-1.0,1.0,-999,-999,1463.0,1102.17,39.0274,20.1909,0.714954,51.209,0.353977,-999,-999,-999,-999,-999,1575809,883444883
24070,8.5831,C,-1.531,29.045,-4.868,7.865,PI-SIDIS,0.25,3.3,0.69,2.0,29.306,16.068,29.414,16.128,29.43,16.137,29.35,16.093,29.437,16.14,0.9997,0.9984,0.968,0.9385,-1.0,-1.0,-1.0,-1.0,-1.0,1.0,-999,-999,659.0,572.333,25.9508,20.7396,0.940379,51.2129,0.329301,-999,-999,-999,-999,-999,769452,437408451
24071,8.5831,Cu,-1.531,29.045,-4.868,7.865,PI-SIDIS,0.25,3.3,0.69,2.0,71.436,36.462,71.514,36.502,71.4,36.444,71.275,36.38,71.384,36.436,0.9996,0.998,0.9435,0.9132,-1.0,-1.0,-1.0,-1.0,-1.0,1.0,-999,-999,1056.0,749.333,33.2733,11.4804,0.509772,51.2084,0.356013,-999,-999,-999,-999,-999,1667427,815315113
24072,8.5831,Cu,-1.531,29.045,-4.868,7.865,PI-SIDIS,0.25,3.3,0.69,2.0,61.069,36.137,61.141,36.179,61.075,36.14,60.949,36.065,61.04,36.12,0.9996,0.9983,0.9425,0.9109,-1.0,-1.0,-1.0,-1.0,-1.0,1.0,-999,-999,933.0,660.5,31.2797,11.866,0.561947,51.221,0.355672,-999,-999,-999,-999,-999,1420983,702025294
24073,8.5831,Cu,-1.531,29.045,-4.868,7.865,PI-SIDIS,0.25,3.3,0.69,2.0,63.146,35.971,63.222,36.014,63.163,35.981,63.03,35.905,63.146,35.971,0.9996,0.9984,0.9418,0.9133,-1.0,-1.0,-1.0,-1.0,-1.0,1.0,-999,-999,933.0,652.333,31.3014,11.3038,0.542397,51.2356,0.35298,-999,-999,-999,-999,-999,1465844,725649999
24074,8.5831,Cu,-1.531,29.045,-4.868,7.865,PI-SIDIS,0.25,3.3,0.69,2.0,65.35,36.828,65.413,36.864,65.32,36.812,65.209,36.749,65.282,36.79,0.9998,0.9984,0.9428,0.9162,-1.0,-1.0,-1.0,-1.0,-1.0,1.0,-999,-999,957.0,685.0,31.6596,11.4337,0.52845,51.2183,0.33033,-999,-999,-999,-999,-999,1518558,751572207
24075,8.5831,Cu,-1.531,29.045,-4.868,7.865,PI-SIDIS,0.25,3.3,0.69,2.0,59.436,33.875,59.506,33.914,59.486,33.903,59.35,33.825,59.452,33.884,0.9998,0.9983,0.9452,0.9157,-1.0,-1.0,-1.0,-1.0,-1.0,1.0,-999,-999,839.0,588.0,29.6788,10.7932,0.544778,51.2335,0.336425,-999,-999,-999,-999,-999,1379238,683912999
24076,8.5831,Cu,-1.531,29.045,-4.868,7.865,PI-SIDIS,0.25,3.3,0.69,2.0,64.905,36.679,64.97,36.715,64.909,36.681,64.798,36.618,64.91,36.681,0.9998,0.9986,0.9428,0.912,-1.0,-1.0,-1.0,-1.0,-1.0,1.0,-999,-999,878.0,595.333,30.4156,10.0506,0.513487,51.2316,0.320506,-999,-999,-999,-999,-999,1504460,746277472
24078,8.5831,Cu,-1.531,29.045,-4.868,7.865,SHMSDIS,0.11,0.8,-999,-999,2320.74,4.573,2355.46,4.641,2339.403,4.61,2327.684,4.587,2330.376,4.592,-999,-999,0.9895,0.8976,-1.0,33.0,-1.0,-1.0,-1.0,-1.0,-999,-999,-999,-999,-999,-645976.0,-956.356,-999,-999,-999,-999,-999,-999,-999,54575,27396409
24079,8.5831,Cu,-1.531,29.045,-4.868,7.865,PI-SIDIS,0.25,3.3,0.69,2.0,61.173,34.942,61.254,34.988,61.288,35.007,61.157,34.933,61.257,34.99,0.9996,0.9985,0.9404,0.9125,-1.0,-1.0,-1.0,-1.0,-1.0,1.0,-999,-999,916.0,643.0,31.0081,11.5102,0.555067,51.2365,0.338931,-999,-999,-999,-999,-999,1424920,704112737
24080,8.5831,Cu,-1.531,29.045,-4.868,7.865,PI-SIDIS,0.25,3.3,0.69,2.0,68.8,39.076,68.878,39.121,68.903,39.134,68.776,39.062,68.873,39.118,0.9997,0.9986,0.9406,0.9095,-1.0,-1.0,-1.0,-1.0,-1.0,1.0,-999,-999,1037.0,736.333,32.9714,11.7598,0.526576,51.1995,0.347156,-999,-999,-999,-999,-999,1596589,789499377
24081,8.5831,LH2,-1.531,29.045,-4.868,7.865,PI-SIDIS,0.25,3.3,0.69,2.0,63.866,35.182,63.947,35.226,64.028,35.271,63.893,35.197,63.991,35.251,0.9998,0.9986,0.9416,0.9124,-1.0,-1.0,-1.0,-1.0,-1.0,1.0,-999,-999,1182.0,915.667,35.0198,15.6983,0.600383,51.2036,0.349676,-999,-999,-999,-999,-999,1286020,765477934
24082,8.5831,LH2,-1.531,29.045,-4.868,7.865,PI-SIDIS,0.25,3.3,0.69,2.0,61.163,35.711,61.236,35.754,61.334,35.811,61.209,35.738,61.338,35.813,0.9997,0.9988,0.942,0.9117,-1.0,-1.0,-1.0,-1.0,-1.0,1.0,-999,-999,1157.0,893.667,34.6538,16.0134,0.620954,51.2036,0.349829,-999,-999,-999,-999,-999,1235298,735973337
24083,8.5831,LH2,-1.531,29.045,-4.868,7.865,HMSDIS,0.25,3.3,-999,-999,26113.01,29.499,26145.355,29.536,26154.73,29.547,26108.4,29.494,26159.332,29.552,0.9998,0.9988,-999,-999,-1.0,-1.0,-1.0,1.0,-1.0,-1.0,-999,-999,-999,-999,-999,13.5262,0.02278,-999,-999,-999,-999,-999,-999,-999,528937,315805686
24084,8.5831,Dummy,-1.531,29.045,-4.868,7.865,PI-SIDIS,0.25,3.3,0.69,2.0,62.616,34.857,62.696,34.902,62.91,35.021,62.76,34.937,62.887,35.008,0.9997,0.9986,0.9556,0.9247,-1.0,-1.0,-1.0,-1.0,-1.0,1.0,-999,-999,721.0,586.167,27.2667,10.1137,0.470459,51.2031,0.324208,-999,-999,-999,-999,-999,910939,605300889
24085,8.5831,Dummy,-1.531,29.045,-4.868,7.865,PI-SIDIS,0.25,3.3,0.69,2.0,65.443,37.665,65.52,37.709,65.753,37.843,65.628,37.771,65.747,37.839,0.9997,0.9985,0.9562,0.9249,-1.0,-1.0,-1.0,-1.0,-1.0,1.0,-999,-999,735.0,606.167,27.504,10.0069,0.454052,51.2247,0.344009,-999,-999,-999,-999,-999,950652,632186165
24086,8.5831,Dummy,-1.531,29.045,-4.868,7.865,PI-SIDIS,0.25,3.3,0.69,2.0,66.532,37.479,66.617,37.527,66.912,37.692,66.776,37.616,66.915,37.694,0.9997,0.9985,0.9536,0.9234,-1.0,-1.0,-1.0,-1.0,-1.0,1.0,-999,-999,733.0,594.5,27.497,9.66808,0.447171,51.2126,0.344195,-999,-999,-999,-999,-999,967345,642643981
24087,8.5831,C,-1.531,29.045,-4.868,7.865,PI-SIDIS,0.25,3.3,0.69,2.0,64.255,36.889,64.347,36.942,64.263,36.894,64.141,36.824,64.121,36.812,0.9997,0.9985,0.9311,0.9006,-1.0,-1.0,-1.0,-1.0,-1.0,1.0,-999,-999,1606.0,1197.17,40.9162,20.6645,0.706262,51.2444,0.341058,-999,-999,-999,-999,-999,1702687,939130423
24089,8.5831,LH2,-1.531,29.045,-3.632,7.865,PI-SIDIS,0.25,3.3,0.52,2.0,42.507,27.848,42.555,27.88,42.467,27.822,42.414,27.787,42.491,27.838,0.9999,0.9986,0.9386,0.9271,-1.0,-1.0,-1.0,-1.0,-1.0,1.0,-999,-999,1265.0,796.5,36.6481,20.1921,0.929068,51.2008,0.343538,-999,-999,-999,-999,-999,854957,357040772
24091,8.5831,LH2,-1.531,29.045,-3.632,7.865,PI-SIDIS,0.25,3.3,0.52,2.0,42.741,28.429,42.785,28.459,42.805,28.472,42.732,28.424,42.82,28.482,0.9997,0.9986,0.9381,0.9277,-1.0,-1.0,-1.0,-1.0,1.0,-1.0,-999,-999,1284.0,865.833,36.7926,21.8563,0.928756,51.2093,0.348844,-999,-999,-999,-999,-999,860056,358731060
24092,8.5831,LH2,-1.531,29.045,-3.632,7.865,PI-SIDIS,0.25,3.3,0.52,2.0,54.126,29.076,54.182,29.107,54.3,29.17,54.192,29.112,54.322,29.182,0.9999,0.9984,0.9363,0.9264,-1.0,-1.0,-1.0,-1.0,-1.0,1.0,-999,-999,1516.0,919.833,40.1916,18.3285,0.800851,51.1915,0.365736,-999,-999,-999,-999,-999,1089511,455173892
24093,8.5831,LH2,-1.531,29.045,-3.632,7.865,PI-SIDIS,0.25,3.3,0.52,2.0,51.874,29.008,51.936,29.042,52.13,29.151,52.009,29.083,52.138,29.156,0.9998,0.9984,0.9357,0.926,-1.0,-1.0,-1.0,-1.0,-1.0,1.0,-999,-999,1566.0,989.667,40.7683,20.585,0.84798,51.2034,0.350579,-999,-999,-999,-999,-999,1043118,437664692
24094,8.5831,LH2,-1.531,29.045,-3.632,7.865,PI-SIDIS,0.25,3.3,0.52,2.0,49.034,28.367,49.1,28.405,49.025,28.362,48.931,28.307,48.922,28.302,0.9999,0.9982,0.9384,0.9293,-1.0,-1.0,-1.0,-1.0,-1.0,1.0,-999,-999,1459.0,902.333,39.3926,19.7796,0.863504,51.2332,0.346182,-999,-999,-999,-999,-999,984990,412770701
24095,8.5831,LH2,-1.531,29.045,-3.632,7.865,PI-SIDIS,0.25,3.3,0.52,2.0,30.923,19.044,30.987,19.083,30.785,18.959,30.739,18.931,30.772,18.951,0.9996,0.9988,0.957,0.9461,-1.0,-1.0,-1.0,-1.0,-1.0,1.0,-999,-999,806.0,561.333,29.0994,19.1557,0.993029,51.2253,0.330251,-999,-999,-999,-999,-999,625536,256606388
24096,8.5831,LH2,-1.531,29.045,-3.632,7.865,PI-SIDIS,0.25,3.3,0.52,2.0,18.975,9.428,19.086,9.483,18.994,9.437,18.99,9.435,19.019,9.449,1.0,0.9984,0.9716,0.9679,-1.0,-1.0,-1.0,-1.0,-1.0,1.0,-999,-999,518.0,439.167,23.0465,23.773,1.24755,51.2457,0.317012,-999,-999,-999,-999,-999,385730,154511775
24097,8.5831,LD2,-1.531,29.045,-3.632,7.865,PI-SIDIS,0.25,3.3,0.52,2.0,1.687,14.592,1.693,14.638,1.691,14.625,1.688,14.6,1.693,14.64,1.0,0.9986,0.9416,0.929,-1.0,-1.0,-1.0,-1.0,-1.0,1.0,-999,-999,127.0,88.6667,11.5494,56.3871,7.34479,51.211,0.30305,-999,-999,-999,-999,-999,65331,27812229
24098,8.5831,LD2,-1.531,29.045,-3.632,7.865,PI-SIDIS,0.25,3.3,0.52,2.0,22.576,13.88,22.655,13.928,22.665,13.935,22.622,13.908,22.679,13.943,0.9997,0.9982,0.9374,0.9294,-1.0,-1.0,-1.0,-1.0,-1.0,1.0,-999,-999,1448.0,913.5,39.2057,43.4021,1.86273,51.1942,0.344085,-999,-999,-999,-999,-999,874769,374294016
24099,8.5831,LD2,-1.531,29.045,-3.632,7.865,PI-SIDIS,0.25,3.3,0.52,2.0,23.941,13.862,24.027,13.912,23.975,13.882,23.93,13.856,23.963,13.875,0.9999,0.9983,0.9368,0.9291,-1.0,-1.0,-1.0,-1.0,-1.0,1.0,-999,-999,1579.0,1015.17,40.902,45.4845,1.83261,51.2107,0.32638,-999,-999,-999,-999,-999,928603,397343397
24100,8.5831,LD2,-1.531,29.045,-3.632,7.865,PI-SIDIS,0.25,3.3,0.52,2.0,20.634,13.41,20.711,13.46,20.564,13.364,20.544,13.351,20.553,13.357,0.9997,0.9982,0.9362,0.9296,-1.0,-1.0,-1.0,-1.0,-1.0,1.0,-999,-999,1303.0,832.667,37.167,43.2658,1.93122,51.2367,0.331323,-999,-999,-999,-999,-999,801923,342278578
24101,8.5831,LD2,-1.531,29.045,-3.632,7.865,PI-SIDIS,0.25,3.3,0.52,2.0,24.053,13.454,24.138,13.502,24.051,13.454,24.017,13.434,24.078,13.468,0.9998,0.998,0.9355,0.9295,-1.0,-1.0,-1.0,-1.0,-1.0,1.0,-999,-999,1567.0,1020.5,40.7196,45.4969,1.8154,51.2129,0.330559,-999,-999,-999,-999,-999,934555,398742726
24103,8.5831,LD2,-1.531,29.045,-3.632,7.865,PI-SIDIS,0.25,3.3,0.52,2.0,17.186,9.835,17.284,9.891,17.27,9.883,17.24,9.866,17.292,9.896,0.9998,0.9979,0.9551,0.9478,-1.0,-1.0,-1.0,-1.0,-1.0,1.0,-999,-999,1022.0,733.5,32.7121,44.7856,1.99732,51.2133,0.335293,-999,-999,-999,-999,-999,666097,280951791
24104,8.5831,LD2,-1.531,29.045,-3.632,7.865,PI-SIDIS,0.25,3.3,0.52,2.0,31.435,13.71,31.544,13.757,31.416,13.702,31.367,13.68,31.396,13.693,0.9997,0.998,0.9386,0.9315,-1.0,-1.0,-1.0,-1.0,-1.0,1.0,-999,-999,2057.0,1352.33,46.6309,46.0421,1.58762,51.2431,0.340897,-999,-999,-999,-999,-999,1217362,521812779
24110,8.5831,LD2,-1.531,29.045,-3.632,7.865,PI-SIDIS,0.25,3.3,0.52,2.0,21.546,13.474,21.625,13.524,21.656,13.543,21.594,13.504,21.607,13.512,0.9997,0.9983,0.9253,0.9147,-1.0,-1.0,-1.0,-1.0,-1.0,1.0,-999,-999,1373.0,886.167,38.1332,44.8202,1.92869,51.1634,0.337851,-999,-999,-999,-999,-999,1153399,341005951
24111,8.5831,LD2,-1.531,29.045,-3.632,7.865,PI-SIDIS,0.25,3.3,0.52,2.0,22.168,14.015,22.246,14.064,22.212,14.043,22.168,14.015,22.158,14.009,0.9997,0.9983,0.9238,0.915,-1.0,-1.0,-1.0,-1.0,-1.0,1.0,-999,-999,1378.0,884.833,38.2125,43.4902,1.87817,51.1887,0.358156,-999,-999,-999,-999,-999,1171558,351546884
24112,8.5831,LD2,-1.531,29.045,-3.632,7.865,PI-SIDIS,0.25,3.3,0.52,2.0,24.55,14.113,24.638,14.164,24.431,14.045,24.415,14.036,24.37,14.01,0.9997,0.998,0.9242,0.9148,-1.0,-1.0,-1.0,-1.0,-1.0,1.0,-999,-999,1504.0,939.5,39.976,41.7034,1.77449,51.2269,0.34891,-999,-999,-999,-999,-999,1296514,404665157
24113,8.5831,LD2,-1.531,29.045,-3.632,7.865,PI-SIDIS,0.25,3.3,0.52,2.0,16.104,9.021,16.208,9.079,16.103,9.02,16.101,9.019,16.091,9.014,0.9997,0.9986,0.9278,0.9189,-1.0,-1.0,-1.0,-1.0,-1.0,1.0,-999,-999,946.0,696.0,31.4272,46.7495,2.11092,51.2113,0.333248,-999,-999,-999,-999,-999,981427,261246626
24116,8.5831,Dummy,-1.531,29.045,-3.632,7.865,PI-SIDIS,0.25,3.3,0.52,2.0,57.697,32.132,57.777,32.176,57.974,32.286,57.88,32.234,57.924,32.258,0.9998,0.9984,0.9333,0.9258,-1.0,-1.0,-1.0,-1.0,-1.0,1.0,-999,-999,1037.0,652.833,33.1817,12.2083,0.620516,51.1712,0.355063,-999,-999,-999,-999,-999,989080,397259803
24117,8.5831,Dummy,-1.531,29.045,-3.632,7.865,PI-SIDIS,0.25,3.3,0.52,2.0,58.306,33.086,58.389,33.133,58.286,33.075,58.23,33.043,58.161,33.003,0.9997,0.9982,0.9455,0.9351,-1.0,-1.0,-1.0,-1.0,-1.0,1.0,-999,-999,1090.0,706.5,33.9693,12.9444,0.622383,51.2125,0.352942,-999,-999,-999,-999,-999,845681,401396085
24118,8.5831,Dummy,-1.531,29.045,-3.632,7.865,HMSDIS,0.25,3.3,-999,-999,15241.227,19.505,15277.519,19.552,15161.989,19.404,15140.759,19.377,15122.196,19.353,0.9997,0.9987,-999,-999,-1.0,-1.0,-1.0,1.0,-1.0,-1.0,-999,-999,-999,-999,-999,9.6347,0.0251313,-999,-999,-999,-999,-999,-999,-999,221500,102753725
24119,8.5831,Dummy,-1.531,29.045,-3.632,7.865,SHMSDIS,0.06,0.6,-999,-999,17781.286,18.443,17825.008,18.488,17754.814,18.415,17723.532,18.383,17731.014,18.39,-999,-999,0.9681,0.9177,-1.0,65.0,-1.0,-1.0,-1.0,-1.0,-999,-999,-999,-999,-999,-361226.0,-368.868,-999,-999,-999,-999,-999,-999,-999,258243,119998460
24120,8.5831,C,-1.531,29.045,-3.632,7.865,PI-SIDIS,0.25,3.3,0.52,2.0,50.145,22.861,50.231,22.9,50.289,22.926,50.173,22.873,50.258,22.912,0.9998,0.9983,0.9384,0.9313,-1.0,-1.0,-1.0,-1.0,-1.0,1.0,-999,-999,1880.0,1174.5,44.6943,25.114,0.955688,51.1945,0.34097,-999,-999,-999,-999,-999,1319470,525002094
24121,8.5831,C,-1.531,29.045,-3.632,7.865,PI-SIDIS,0.25,3.3,0.52,2.0,46.534,24.356,46.606,24.394,46.587,24.384,46.502,24.339,46.51,24.344,0.9998,0.9983,0.9384,0.9324,-1.0,-1.0,-1.0,-1.0,-1.0,1.0,-999,-999,1743.0,1052.0,43.1065,24.2159,0.992263,51.212,0.342766,-999,-999,-999,-999,-999,1224048,486997409
24122,8.5831,C,-1.531,29.045,-3.632,7.865,PI-SIDIS,0.25,3.3,0.52,2.0,43.813,23.654,43.887,23.694,43.6,23.539,43.549,23.512,43.482,23.476,0.9998,0.998,0.942,0.9323,-1.0,-1.0,-1.0,-1.0,-1.0,1.0,-999,-999,1590.0,966.0,41.1582,23.6166,1.00623,51.2433,0.356083,-999,-999,-999,-999,-999,1156672,458903928
24123,8.5831,C,-1.531,29.045,-3.632,7.865,PI-SIDIS,0.25,3.3,0.52,2.0,41.591,23.678,41.654,23.714,41.525,23.641,41.474,23.612,41.511,23.633,0.9997,0.9982,0.9395,0.9303,-1.0,-1.0,-1.0,-1.0,-1.0,1.0,-999,-999,1487.0,895.167,39.8201,23.1101,1.02802,51.2188,0.353362,-999,-999,-999,-999,-999,1097812,435235778
24125,8.5831,C,-1.531,29.045,-3.632,7.865,PI-SIDIS,0.25,3.3,0.52,2.0,19.812,11.924,19.896,11.975,19.894,11.973,19.856,11.95,19.88,11.965,0.9997,0.9985,0.9645,0.9566,-1.0,-1.0,-1.0,-1.0,-1.0,1.0,-999,-999,639.0,485.667,25.779,25.5257,1.35489,51.2314,0.31702,-999,-999,-999,-999,-999,522305,201891565
24126,8.5831,Cu,-1.531,29.045,-3.632,7.865,PI-SIDIS,0.25,3.3,0.52,2.0,48.766,28.947,48.83,28.985,48.719,28.92,48.661,28.885,48.626,28.864,0.9997,0.9981,0.9357,0.9257,-1.0,-1.0,-1.0,-1.0,-1.0,1.0,-999,-999,1299.0,726.167,37.3426,16.0723,0.826505,51.2352,0.345027,-999,-999,-999,-999,-999,1131729,436293388
24127,8.5831,Cu,-1.531,29.045,-3.632,7.865,PI-SIDIS,0.25,3.3,0.52,2.0,43.636,27.449,43.693,27.485,43.512,27.371,43.471,27.346,43.445,27.329,0.9998,0.9979,0.9371,0.9258,-1.0,-1.0,-1.0,-1.0,-1.0,1.0,-999,-999,1129.0,599.5,34.8891,14.8252,0.862785,51.2414,0.34134,-999,-999,-999,-999,-999,1012865,389163504
24128,8.5831,Cu,-1.531,29.045,-3.632,7.865,PI-SIDIS,0.25,3.3,0.52,2.0,54.869,29.865,54.925,29.895,54.907,29.885,54.839,29.849,54.911,29.887,0.9998,0.9977,0.9365,0.9255,-1.0,-1.0,-1.0,-1.0,-1.0,1.0,-999,-999,1378.0,702.667,38.6077,13.8275,0.759744,51.2285,0.358216,-999,-999,-999,-999,-999,1270497,490249577
24129,8.5831,Cu,-1.531,29.045,-3.632,7.865,PI-SIDIS,0.25,3.3,0.52,2.0,49.65,28.867,49.706,28.899,49.82,28.966,49.719,28.907,49.811,28.96,0.9997,0.9978,0.9361,0.9242,-1.0,-1.0,-1.0,-1.0,-1.0,1.0,-999,-999,1252.0,652.333,36.7688,14.2066,0.800754,51.205,0.34354,-999,-999,-999,-999,-999,1147864,443878438
24130,8.5831,LH2,-1.531,29.045,-3.632,7.865,PI-SIDIS,0.25,3.3,0.52,2.0,58.896,28.764,58.971,28.801,58.576,28.607,58.535,28.588,58.464,28.553,0.9998,0.9981,0.9429,0.9331,-1.0,-1.0,-1.0,-1.0,-1.0,1.0,-999,-999,1664.0,1016.67,42.0938,18.4816,0.765209,51.2504,0.344312,-999,-999,-999,-999,-999,1182210,492629713
24131,8.5831,LH2,-1.531,29.045,-3.632,7.865,PI-SIDIS,0.25,3.3,0.52,2.0,51.926,29.386,51.979,29.416,51.841,29.338,51.793,29.311,51.848,29.342,0.9999,0.9977,0.9418,0.9311,-1.0,-1.0,-1.0,-1.0,-1.0,1.0,-999,-999,1483.0,918.167,39.7132,18.975,0.820719,51.2182,0.336618,-999,-999,-999,-999,-999,1043533,434153554
24132,8.5831,LH2,-1.531,29.045,-3.632,7.865,PI-SIDIS,0.25,3.3,0.52,2.0,38.532,27.92,38.576,27.952,38.644,28.002,38.57,27.948,38.629,27.99,0.9997,0.9975,0.9411,0.9305,-1.0,-1.0,-1.0,-1.0,-1.0,1.0,-999,-999,1116.0,685.833,34.4629,19.1142,0.960482,51.2011,0.343297,-999,-999,-999,-999,-999,773122,322861984
24133,8.5831,LH2,-1.531,29.045,-3.632,7.865,PI-SIDIS,0.25,3.3,0.52,2.0,53.062,27.831,53.13,27.867,53.056,27.828,52.958,27.776,52.896,27.744,0.9998,0.9975,0.9416,0.9321,-1.0,-1.0,-1.0,-1.0,-1.0,1.0,-999,-999,1542.0,946.167,40.513,19.1108,0.818288,51.2342,0.335816,-999,-999,-999,-999,-999,1067633,444897943
24134,8.5831,LH2,-1.531,29.045,-3.632,7.865,PI-SIDIS,0.25,3.3,0.52,2.0,37.238,20.16,37.302,20.195,37.059,20.063,37.022,20.044,37.025,20.045,0.9997,0.9973,0.9596,0.9495,-1.0,-1.0,-1.0,-1.0,-1.0,1.0,-999,-999,1000.0,710.333,32.3771,20.0622,0.914438,51.2609,0.326138,-999,-999,-999,-999,-999,752072,308144111
24135,8.5831,LH2,-1.531,29.045,-3.632,7.865,PI-SIDIS,0.25,3.3,0.52,2.0,17.559,9.966,17.651,10.019,17.575,9.975,17.566,9.97,17.58,9.978,1.0,0.9978,0.974,0.9656,-1.0,-1.0,-1.0,-1.0,-1.0,1.0,-999,-999,393.0,320.333,20.1274,18.7947,1.18092,51.2457,0.315958,-999,-999,-999,-999,-999,356291,142889363
24136,8.5831,LH2,-1.531,29.045,-3.632,7.865,HMSDIS,0.25,3.3,-999,-999,10383.751,10.224,10436.525,10.276,10414.599,10.254,10403.549,10.243,10417.196,10.257,0.9997,0.9977,-999,-999,-1.0,-1.0,-1.0,1.0,-1.0,-1.0,-999,-999,-999,-999,-999,13.5126,0.0359981,-999,-999,-999,-999,-999,-999,-999,209820,84445779
24137,8.5831,LH2,-1.531,29.045,-3.632,7.865,SHMSDIS,0.06,0.6,-999,-999,8967.525,9.754,9016.618,9.807,9006.91,9.797,8992.428,9.781,9003.623,9.793,-999,-999,0.9778,0.9382,-1.0,65.0,-1.0,-1.0,-1.0,-1.0,-999,-999,-999,-999,-999,-444532.0,-572.481,-999,-999,-999,-999,-999,-999,-999,182297,72904869
24138,8.5831,C,-1.531,29.045,-3.632,7.865,PI-SIDIS,0.25,3.3,0.52,2.0,51.629,29.115,51.685,29.147,51.805,29.215,51.715,29.164,51.764,29.191,0.9997,0.9972,0.9262,0.9163,-1.0,-1.0,-1.0,-1.0,-1.0,1.0,-999,-999,2018.0,1132.83,46.5352,23.9309,0.98305,51.2272,0.3431,-999,-999,-999,-999,-999,1354430,547171781
24139,8.5831,C,-1.531,29.045,-3.632,7.865,PI-SIDIS,0.25,3.3,0.52,2.0,54.999,28.521,55.067,28.556,55.191,28.621,55.085,28.566,55.148,28.598,0.9996,0.9972,0.9263,0.9155,-1.0,-1.0,-1.0,-1.0,-1.0,1.0,-999,-999,2175.0,1235.33,48.2868,24.5172,0.958331,51.2257,0.34995,-999,-999,-999,-999,-999,1445327,582820185
24140,8.5831,C,-1.531,29.045,-3.632,7.865,PI-SIDIS,0.25,3.3,0.52,2.0,56.506,29.497,56.568,29.529,56.665,29.58,56.566,29.528,56.616,29.555,0.9997,0.9972,0.9257,0.916,-1.0,-1.0,-1.0,-1.0,-1.0,1.0,-999,-999,2242.0,1317.5,48.9498,25.4381,0.945116,51.2368,0.352043,-999,-999,-999,-999,-999,1486205,598231092
24141,8.5831,C,-1.531,29.045,-3.632,7.865,PI-SIDIS,0.25,3.3,0.52,2.0,54.088,29.907,54.138,29.935,54.178,29.957,54.095,29.911,54.129,29.93,0.9997,0.9972,0.9261,0.9157,-1.0,-1.0,-1.0,-1.0,-1.0,1.0,-999,-999,2100.0,1166.5,47.493,23.5375,0.958306,51.2479,0.357567,-999,-999,-999,-999,-999,1422521,573276729
24142,8.5831,C,-1.531,29.045,-3.632,7.865,HMSDIS,0.25,3.3,-999,-999,11634.644,11.828,11684.319,11.879,11656.422,11.85,11636.226,11.83,11638.634,11.832,0.9997,0.9978,-999,-999,-1.0,-1.0,-1.0,1.0,-1.0,-1.0,-999,-999,-999,-999,-999,17.4496,0.0386765,-999,-999,-999,-999,-999,-999,-999,305638,118664779
24143,8.5831,C,-1.531,29.045,-3.632,7.865,SHMSDIS,0.06,0.6,-999,-999,12620.219,12.146,12673.243,12.197,12636.612,12.161,12615.9,12.141,12619.06,12.145,-999,-999,0.9686,0.9223,-1.0,65.0,-1.0,-1.0,-1.0,-1.0,-999,-999,-999,-999,-999,-549908.0,-539.617,-999,-999,-999,-999,-999,-999,-999,332044,128951605
24144,8.5831,Cu,-1.531,29.045,-3.632,7.865,PI-SIDIS,0.25,3.3,0.52,2.0,51.648,28.057,51.73,28.102,51.722,28.097,51.618,28.041,51.661,28.064,0.9997,0.9974,0.9345,0.9248,-1.0,-1.0,-1.0,-1.0,-1.0,1.0,-999,-999,1322.0,700.0,37.758,14.6381,0.789579,51.2461,0.316919,-999,-999,-999,-999,-999,1193392,462233746
24145,8.5831,Cu,-1.531,29.045,-3.632,7.865,PI-SIDIS,0.25,3.3,0.52,2.0,50.293,28.585,50.355,28.621,50.333,28.608,50.241,28.556,50.242,28.556,0.9997,0.9975,0.9353,0.9265,-1.0,-1.0,-1.0,-1.0,-1.0,1.0,-999,-999,1286.0,670.5,37.2637,14.3761,0.798966,51.2591,0.350697,-999,-999,-999,-999,-999,1163910,449410461
24146,8.5831,Cu,-1.531,29.045,-3.632,7.865,PI-SIDIS,0.25,3.3,0.52,2.0,48.491,27.277,48.559,27.315,48.57,27.322,48.463,27.261,48.489,27.276,0.9998,0.9978,0.9357,0.9262,-1.0,-1.0,-1.0,-1.0,-1.0,1.0,-999,-999,1224.0,640.5,36.349,14.2463,0.808492,51.232,0.336278,-999,-999,-999,-999,-999,1123601,433322594
24147,8.5831,Cu,-1.531,29.045,-3.632,7.865,PI-SIDIS,0.25,3.3,0.52,2.0,51.707,29.311,51.769,29.346,51.752,29.336,51.665,29.287,51.682,29.296,0.9997,0.9979,0.9353,0.9246,-1.0,-1.0,-1.0,-1.0,-1.0,1.0,-999,-999,1339.0,710.5,37.9967,14.8504,0.794182,51.2431,0.346543,-999,-999,-999,-999,-999,1197742,462611012
24148,8.5831,Cu,-1.531,29.045,-3.632,7.865,HMSDIS,0.25,3.3,-999,-999,13532.027,14.626,13573.005,14.67,13559.883,14.656,13527.89,14.621,13529.863,14.623,0.9998,0.9982,-999,-999,-1.0,-1.0,-1.0,1.0,-1.0,-1.0,-999,-999,-999,-999,-999,15.3547,0.0336615,-999,-999,-999,-999,-999,-999,-999,314142,117795457
24149,8.5831,Cu,-1.531,29.045,-3.632,7.865,SHMSDIS,0.06,0.6,-999,-999,13055.139,15.123,13095.685,15.17,13071.128,15.142,13051.324,15.119,13058.521,15.127,-999,-999,0.9677,0.9195,-1.0,65.0,-1.0,-1.0,-1.0,-1.0,-999,-999,-999,-999,-999,-462127.0,-486.858,-999,-999,-999,-999,-999,-999,-999,304473,113879144
24150,8.5831,LH2,-1.531,29.045,-3.632,7.865,PI-SIDIS,0.25,3.3,0.52,2.0,54.979,30.265,55.04,30.298,55.036,30.296,54.959,30.254,54.961,30.255,0.9997,0.9981,0.9417,0.9312,-1.0,-1.0,-1.0,-1.0,-1.0,1.0,-999,-999,1661.0,1038.5,42.0089,20.2682,0.81988,51.2196,0.34088,-999,-999,-999,-999,-999,1107298,463794153
24151,8.5831,LH2,-1.531,29.045,-3.632,7.865,PI-SIDIS,0.25,3.3,0.52,2.0,56.216,30.232,56.289,30.272,56.303,30.28,56.239,30.245,56.221,30.235,0.9998,0.9982,0.9421,0.9318,-1.0,-1.0,-1.0,-1.0,-1.0,1.0,-999,-999,1633.0,1001.17,41.693,19.0933,0.79513,51.2278,0.337151,-999,-999,-999,-999,-999,1131414,473859338
24153,8.5831,LH2,-1.531,29.045,-3.632,7.865,PI-SIDIS,0.25,3.3,0.52,2.0,53.651,29.644,53.726,29.686,53.768,29.709,53.698,29.67,53.715,29.68,0.9997,0.9986,0.9398,0.9307,-1.0,-1.0,-1.0,-1.0,-1.0,1.0,-999,-999,1520.0,932.667,40.223,18.6579,0.804656,51.2267,0.339276,-999,-999,-999,-999,-999,1079505,451247416
24155,8.5831,LH2,-1.531,29.045,-3.632,7.865,PI-SIDIS,0.25,3.3,0.52,2.0,50.635,30.205,50.703,30.246,50.756,30.277,50.687,30.236,50.726,30.26,0.9999,0.9983,0.9361,0.9289,-1.0,-1.0,-1.0,-1.0,-1.0,1.0,-999,-999,1504.0,935.5,39.9844,19.8648,0.849046,51.233,0.338401,-999,-999,-999,-999,-999,1017650,427881363
24156,8.5831,LH2,-1.531,29.045,-3.632,7.865,PI-SIDIS,0.25,3.3,0.52,2.0,36.479,20.347,36.558,20.391,36.572,20.398,36.498,20.357,36.522,20.37,0.9997,0.9989,0.9567,0.9494,-1.0,-1.0,-1.0,-1.0,-1.0,1.0,-999,-999,987.0,697.667,32.1749,20.1082,0.927346,51.2344,0.339394,-999,-999,-999,-999,-999,736737,303231020
24157,8.5831,LH2,-1.531,29.045,-3.632,7.865,PI-SIDIS,0.25,3.3,0.52,2.0,16.777,9.836,16.874,9.893,16.858,9.883,16.827,9.865,16.825,9.863,1.0,0.999,0.9744,0.9668,-1.0,-1.0,-1.0,-1.0,-1.0,1.0,-999,-999,398.0,330.5,20.2299,20.2589,1.24005,51.2365,0.344898,-999,-999,-999,-999,-999,340500,136820361
24158,8.5831,LD2,-1.531,29.045,-3.632,7.865,PI-SIDIS,0.25,3.3,0.52,2.0,25.648,14.128,25.742,14.18,25.74,14.179,25.697,14.155,25.709,14.161,0.9998,0.9985,0.9389,0.933,-1.0,-1.0,-1.0,-1.0,-1.0,1.0,-999,-999,1567.0,978.333,40.8058,40.7463,1.69951,51.2215,0.331218,-999,-999,-999,-999,-999,992599,425373802
24159,8.5831,LD2,-1.531,29.045,-3.632,7.865,PI-SIDIS,0.25,3.3,0.52,2.0,24.457,13.69,24.553,13.744,24.589,13.764,24.533,13.733,24.541,13.737,0.9997,0.9986,0.9401,0.9323,-1.0,-1.0,-1.0,-1.0,-1.0,1.0,-999,-999,1526.0,975.667,40.2209,42.6392,1.75776,51.2261,0.343166,-999,-999,-999,-999,-999,948761,405229479
24160,8.5831,LD2,-1.531,29.045,-3.632,7.865,PI-SIDIS,0.25,3.3,0.52,2.0,25.328,14.264,25.424,14.319,25.459,14.339,25.414,14.313,25.422,14.317,0.9996,0.9986,0.9359,0.9325,-1.0,-1.0,-1.0,-1.0,-1.0,1.0,-999,-999,1560.0,999.333,40.6626,42.1729,1.716,51.2004,0.340075,-999,-999,-999,-999,-999,980617,420931016
24161,8.5831,LD2,-1.531,29.045,-3.632,7.865,PI-SIDIS,0.25,3.3,0.52,2.0,23.568,14.081,23.659,14.136,23.7,14.16,23.655,14.133,23.657,14.135,0.9997,0.9985,0.9378,0.9333,-1.0,-1.0,-1.0,-1.0,-1.0,1.0,-999,-999,1480.0,947.5,39.6074,42.9264,1.79441,51.2112,0.340047,-999,-999,-999,-999,-999,912994,390977931
24162,8.5831,C,-1.531,29.045,-3.632,7.865,PI-SIDIS,0.25,3.3,0.52,2.0,38.397,23.783,38.477,23.833,38.281,23.711,38.233,23.682,38.173,23.644,0.9998,0.9989,0.9382,0.9297,-1.0,-1.0,-1.0,-1.0,-1.0,1.0,-999,-999,1380.0,843.5,38.333,23.5874,1.07193,51.2479,0.334716,-999,-999,-999,-999,-999,1011900,400998644
24163,8.5831,C,-1.531,29.045,-3.632,7.865,PI-SIDIS,0.25,3.3,0.52,2.0,39.691,23.322,39.771,23.369,39.635,23.29,39.578,23.256,39.577,23.256,0.9998,0.9987,0.9378,0.9299,-1.0,-1.0,-1.0,-1.0,-1.0,1.0,-999,-999,1457.0,884.167,39.4014,23.9148,1.06572,51.2383,0.324048,-999,-999,-999,-999,-999,1044367,417257172
24164,8.5831,C,-1.531,29.045,-3.632,7.865,PI-SIDIS,0.25,3.3,0.52,2.0,38.136,23.316,38.211,23.361,38.212,23.362,38.141,23.318,38.182,23.344,0.9997,0.9989,0.9381,0.9297,-1.0,-1.0,-1.0,-1.0,-1.0,1.0,-999,-999,1451.0,901.667,39.2754,25.3912,1.10601,51.2257,0.333155,-999,-999,-999,-999,-999,1004664,401312196
24165,8.5831,C,-1.531,29.045,-3.632,7.865,PI-SIDIS,0.25,3.3,0.52,2.0,45.219,24.574,45.302,24.62,45.375,24.659,45.288,24.612,45.36,24.651,0.9998,0.9985,0.9375,0.93,-1.0,-1.0,-1.0,-1.0,-1.0,1.0,-999,-999,1703.0,1052.67,42.5604,24.9929,1.01049,51.2245,0.345607,-999,-999,-999,-999,-999,1191857,476494606
24166,8.5831,C,-1.531,29.045,-3.632,7.865,PI-SIDIS,0.25,3.3,0.52,2.0,21.842,12.091,21.947,12.149,21.959,12.155,21.913,12.13,21.913,12.13,0.9997,0.9987,0.9686,0.9585,-1.0,-1.0,-1.0,-1.0,-1.0,1.0,-999,-999,679.0,510.667,26.5905,24.2841,1.26448,51.2301,0.336528,-999,-999,-999,-999,-999,576076,223833985
24167,8.5831,Cu,-1.531,29.045,-3.632,7.865,PI-SIDIS,0.25,3.3,0.52,2.0,45.597,27.638,45.687,27.692,45.432,27.538,45.393,27.514,45.304,27.46,0.9998,0.9987,0.937,0.9312,-1.0,-1.0,-1.0,-1.0,-1.0,1.0,-999,-999,1130.0,621.0,34.8545,14.5997,0.819426,51.2765,0.344818,-999,-999,-999,-999,-999,1060453,407849727
24168,8.5831,Cu,-1.531,29.045,-3.632,7.865,PI-SIDIS,0.25,3.3,0.52,2.0,50.589,27.269,50.681,27.319,50.489,27.215,50.448,27.193,50.445,27.191,0.9999,0.9985,0.9397,0.9292,-1.0,-1.0,-1.0,-1.0,-1.0,1.0,-999,-999,1298.0,722.0,37.3363,15.3346,0.792989,51.2523,0.336989,-999,-999,-999,-999,-999,1171718,452336634
24169,8.5831,Cu,-1.531,29.045,-3.632,7.865,PI-SIDIS,0.25,3.3,0.52,2.0,51.325,27.807,51.412,27.854,51.417,27.857,51.349,27.82,51.381,27.837,0.9998,0.9986,0.9371,0.9273,-1.0,-1.0,-1.0,-1.0,-1.0,1.0,-999,-999,1312.0,708.667,37.584,14.8693,0.78859,51.2463,0.344378,-999,-999,-999,-999,-999,1189163,458739931
24170,8.5831,Cu,-1.531,29.045,-3.632,7.865,PI-SIDIS,0.25,3.3,0.52,2.0,47.079,27.614,47.165,27.664,47.299,27.743,47.204,27.687,47.264,27.722,0.9997,0.9986,0.9386,0.9294,-1.0,-1.0,-1.0,-1.0,-1.0,1.0,-999,-999,1174.0,638.0,35.5434,14.5605,0.811175,51.2386,0.344907,-999,-999,-999,-999,-999,1091907,421501097
24171,8.5831,Dummy,-1.531,29.045,-3.632,7.865,PI-SIDIS,0.25,3.3,0.52,2.0,49.677,31.082,49.77,31.141,49.632,31.055,49.565,31.012,49.44,30.934,0.9998,0.9984,0.9438,0.937,-1.0,-1.0,-1.0,-1.0,-1.0,1.0,-999,-999,870.0,535.5,30.4261,11.4859,0.65261,51.2423,0.341812,-999,-999,-999,-999,-999,719419,343280795
24172,8.5831,Dummy,-1.531,29.045,-3.632,7.865,PI-SIDIS,0.25,3.3,0.52,2.0,60.861,33.391,60.961,33.446,60.642,33.271,60.607,33.252,60.506,33.196,0.9995,0.9982,0.9463,0.9362,-1.0,-1.0,-1.0,-1.0,-1.0,1.0,-999,-999,1112.0,700.833,34.3588,12.2867,0.602365,51.2527,0.333622,-999,-999,-999,-999,-999,881453,421100114
24173,8.5831,Cu,-1.531,29.045,-3.632,7.865,PI-SIDIS,0.25,3.3,0.52,2.0,40.593,27.13,40.665,27.178,40.623,27.15,40.583,27.123,40.584,27.124,0.9997,0.9984,0.9364,0.9291,-1.0,-1.0,-1.0,-1.0,-1.0,1.0,-999,-999,1012.0,543.5,33.0164,14.3911,0.87423,51.2031,0.349224,-999,-999,-999,-999,-999,942960,363346673
24174,8.5831,Cu,-1.531,29.045,-3.632,7.865,PI-SIDIS,0.25,3.3,0.52,2.0,49.998,28.243,50.085,28.293,50.192,28.354,50.106,28.305,50.15,28.33,0.9998,0.9985,0.9388,0.9282,-1.0,-1.0,-1.0,-1.0,-1.0,1.0,-999,-999,1258.0,662.667,36.8405,14.2589,0.792713,51.1999,0.360227,-999,-999,-999,-999,-999,1159081,448075152
24175,8.5831,Cu,-1.531,29.045,-3.632,7.865,PI-SIDIS,0.25,3.3,0.52,2.0,47.543,27.641,47.632,27.693,47.686,27.724,47.597,27.672,47.583,27.664,0.9996,0.9986,0.9384,0.9303,-1.0,-1.0,-1.0,-1.0,-1.0,1.0,-999,-999,1171.0,613.167,35.5524,13.8445,0.802727,51.2275,0.348477,-999,-999,-999,-999,-999,1104484,425105768
24176,8.5831,Cu,-1.531,29.045,-3.632,7.865,PI-SIDIS,0.25,3.3,0.52,2.0,50.02,27.457,50.12,27.512,49.831,27.353,49.785,27.328,49.665,27.262,0.9998,0.9982,0.9382,0.9306,-1.0,-1.0,-1.0,-1.0,-1.0,1.0,-999,-999,1253.0,672.0,36.7401,14.4118,0.787931,51.2618,0.329275,-999,-999,-999,-999,-999,1161657,446774377
24177,8.5831,Cu,-1.531,29.045,-3.632,7.865,PI-SIDIS,0.25,3.3,0.52,2.0,43.29,27.838,43.367,27.888,43.153,27.75,43.128,27.734,43.108,27.721,0.9997,0.9985,0.9395,0.9288,-1.0,-1.0,-1.0,-1.0,-1.0,1.0,-999,-999,1101.0,593.5,34.4323,14.7406,0.855185,51.23,0.334174,-999,-999,-999,-999,-999,1004588,386241198
24178,8.5831,LH2,-1.531,29.045,-3.632,7.865,PI-SIDIS,0.25,3.3,0.52,2.0,45.117,27.078,45.205,27.13,45.363,27.225,45.246,27.155,45.298,27.186,0.9998,0.9982,0.9399,0.9295,-1.0,-1.0,-1.0,-1.0,-1.0,1.0,-999,-999,1266.0,770.167,36.7238,18.3349,0.874262,51.1972,0.340961,-999,-999,-999,-999,-999,907635,377693305
24179,8.5831,LH2,-1.531,29.045,-3.632,7.865,PI-SIDIS,0.25,3.3,0.52,2.0,53.842,29.4,53.941,29.455,54.14,29.563,54.026,29.501,54.057,29.518,0.9998,0.9981,0.9387,0.9288,-1.0,-1.0,-1.0,-1.0,-1.0,1.0,-999,-999,1587.0,985.333,41.0765,19.6724,0.820101,51.2059,0.33319,-999,-999,-999,-999,-999,1083807,452614026
24183,8.5831,LH2,-1.531,29.045,-3.632,7.865,HMSDIS,0.25,3.3,-999,-999,29945.596,29.376,30000.447,29.43,29869.631,29.302,29846.06,29.279,29790.911,29.224,0.9998,0.9982,-999,-999,-1.0,-1.0,-1.0,1.0,-1.0,-1.0,-999,-999,-999,-999,-999,13.529,0.0212821,-999,-999,-999,-999,-999,-999,-999,603559,251888402
24184,8.5831,LH2,-1.531,29.045,-3.632,7.865,HMSDIS,0.25,3.3,-999,-999,9508.093,10.336,9562.031,10.394,9507.728,10.335,9507.361,10.335,9499.364,10.326,0.9997,0.9985,-999,-999,-1.0,-1.0,-1.0,1.0,-1.0,-1.0,-999,-999,-999,-999,-999,13.51,0.0376044,-999,-999,-999,-999,-999,-999,-999,192848,77518328
24185,8.5831,LD2,-1.531,29.045,-3.632,7.865,PI-SIDIS,0.25,3.3,0.52,2.0,23.357,14.026,23.444,14.078,23.375,14.037,23.351,14.022,23.35,14.022,0.9998,0.9979,0.9403,0.9332,-1.0,-1.0,-1.0,-1.0,-1.0,1.0,-999,-999,1430.0,903.833,38.9576,41.3241,1.78118,51.2293,0.333885,-999,-999,-999,-999,-999,904376,386808990
24187,8.5831,LH2,-1.531,29.045,6.538,7.865,PI+SIDIS,0.25,3.3,0.93,2.0,75.663,45.18,75.824,45.276,76.057,45.416,75.916,45.331,75.884,45.312,0.9996,0.9974,0.9765,0.9671,-1.0,-1.0,-1.0,-1.0,-1.0,1.0,-999,-999,1657.0,1543.83,40.9373,21.0627,0.558511,51.2173,0.340879,-999,-999,-999,-999,-999,1523490,9261613
24188,8.5831,LH2,-1.531,29.045,6.538,7.865,PI+SIDIS,0.25,3.3,0.93,2.0,80.637,46.957,80.801,47.053,80.989,47.163,80.876,47.097,80.766,47.033,0.9997,0.9979,0.9762,0.966,-1.0,-1.0,-1.0,-1.0,1.0,-1.0,-999,-999,1712.0,1616.33,41.5686,20.7166,0.532787,51.225,0.347976,-999,-999,-999,-999,-999,1623872,14014328
24189,8.5831,LH2,-1.531,29.045,6.538,7.865,PI+SIDIS,0.25,3.3,0.93,2.0,73.352,42.694,73.5,42.781,73.587,42.831,73.479,42.768,73.347,42.691,0.9999,0.998,0.9712,0.9688,-1.0,-1.0,-1.0,-1.0,-1.0,1.0,-999,-999,1510.0,1406.0,39.0811,19.7481,0.548918,51.2376,0.348525,-999,-999,-999,-999,-999,1474931,12441675
24190,8.5831,LH2,-1.531,29.045,6.538,7.865,PI+SIDIS,0.25,3.3,0.93,2.0,81.585,46.428,81.743,46.518,81.785,46.541,81.688,46.486,81.511,46.386,0.9998,0.9979,0.975,0.9684,-1.0,-1.0,-1.0,-1.0,-1.0,1.0,-999,-999,1667.0,1557.67,41.0515,19.6823,0.518717,51.2271,0.337084,-999,-999,-999,-999,-999,1641583,14165693
24191,8.5831,LH2,-1.531,29.045,6.538,7.865,PI+SIDIS,0.25,3.3,0.93,2.0,70.867,38.691,70.995,38.761,71.016,38.772,70.892,38.705,70.749,38.626,0.9997,0.9981,0.9775,0.9686,-1.0,-1.0,-1.0,-1.0,-1.0,1.0,-999,-999,1480.0,1385.83,38.6742,20.1597,0.562592,51.2303,0.351325,-999,-999,-999,-999,-999,1429672,11837808
24192,8.5831,LH2,-1.531,29.045,6.538,7.865,PI+SIDIS,0.25,3.3,0.93,2.0,79.862,44.521,79.993,44.594,79.956,44.573,79.841,44.509,79.696,44.428,0.9998,0.9977,0.975,0.9679,-1.0,-1.0,-1.0,-1.0,-1.0,1.0,-999,-999,1684.0,1573.0,41.2614,20.3206,0.533031,51.2393,0.327337,-999,-999,-999,-999,-999,1592943,13605748
24193,8.5831,LH2,-1.531,29.045,6.538,7.865,PI+SIDIS,0.25,3.3,0.93,2.0,71.204,42.402,71.322,42.472,71.198,42.398,71.109,42.345,70.941,42.245,0.9997,0.9982,0.9751,0.9673,-1.0,-1.0,-1.0,-1.0,-1.0,1.0,-999,-999,1500.0,1410.33,38.9223,20.4492,0.564356,51.2338,0.327389,-999,-999,-999,-999,-999,1422370,11806670
24194,8.5831,LH2,-1.531,29.045,6.538,7.865,PI+SIDIS,0.25,3.3,0.93,2.0,78.558,45.349,78.681,45.42,78.514,45.324,78.415,45.267,78.19,45.136,0.9997,0.9984,0.975,0.9673,-1.0,-1.0,-1.0,-1.0,-1.0,1.0,-999,-999,1603.0,1495.0,40.2616,19.6498,0.529185,51.2394,0.330088,-999,-999,-999,-999,-999,1566170,13600171
24195,8.5831,LH2,-1.531,29.045,6.538,7.865,PI+SIDIS,0.25,3.3,0.93,2.0,81.877,41.833,82.007,41.899,81.779,41.783,81.656,41.72,81.437,41.608,0.9996,0.9982,0.9782,0.9681,-1.0,-1.0,-1.0,-1.0,-1.0,1.0,-999,-999,1687.0,1574.67,41.3004,19.8428,0.520438,51.2264,0.341044,-999,-999,-999,-999,-999,1639390,13919750
24196,8.5831,LH2,-1.531,29.045,6.538,7.865,PI+SIDIS,0.25,3.3,0.93,2.0,49.808,30.74,49.857,30.77,49.494,30.545,49.459,30.524,49.299,30.425,1.0,0.9989,0.9777,0.9764,-1.0,-1.0,-1.0,-1.0,-1.0,1.0,-999,-999,995.0,950.167,31.6618,19.5194,0.650433,51.2203,0.348726,-999,-999,-999,-999,-999,1002564,6720179
24197,8.5831,LH2,-1.531,29.045,6.538,7.865,PI+SIDIS,0.25,3.3,0.93,2.0,31.524,16.933,31.597,16.973,31.288,16.806,31.255,16.789,31.178,16.747,1.0,0.9986,0.9795,0.9844,-1.0,-1.0,-1.0,-1.0,-1.0,1.0,-999,-999,618.0,605.333,24.902,19.4615,0.800603,51.2635,0.347203,-999,-999,-999,-999,-999,637680,3050076
24198,8.5831,LH2,-1.531,29.045,6.538,7.865,HMSDIS,0.25,3.3,-999,-999,11761.977,16.153,11794.257,16.198,11679.192,16.04,11663.817,16.019,11635.214,15.979,0.9997,0.9991,-999,-999,-1.0,-1.0,-1.0,1.0,-1.0,-1.0,-999,-999,-999,-999,-999,13.6115,0.0339957,-999,-999,-999,-999,-999,-999,-999,239327,1153850
24199,8.5831,LH2,-1.531,29.045,6.538,7.865,SHMSDIS,0.28,1.1,-999,-999,13525.874,16.518,13561.597,16.562,13425.434,16.395,13413.967,16.381,13378.439,16.338,-999,-999,0.9852,0.9716,-1.0,3.0,-1.0,-1.0,-1.0,-1.0,-999,-999,-999,-999,-999,-1647.42,-6.08198,-999,-999,-999,-999,-999,-999,-999,274702,1336140
24200,8.5831,LD2,-1.531,29.045,6.538,7.865,PI+SIDIS,0.25,3.3,0.93,2.0,12.974,45.425,12.994,45.496,12.926,45.257,12.919,45.232,12.884,45.11,0.9995,0.998,0.9699,0.9558,-1.0,-1.0,-1.0,-1.0,-1.0,1.0,-999,-999,489.0,426.167,22.3489,34.338,1.80074,51.2873,0.322706,-999,-999,-999,-999,-999,503783,4836616
24201,8.5831,LD2,-1.531,29.045,6.538,7.865,PI+SIDIS,0.25,3.3,0.93,2.0,53.912,46.657,53.986,46.721,53.707,46.479,53.678,46.454,53.525,46.322,0.9997,0.9987,0.9633,0.9568,-1.0,-1.0,-1.0,-1.0,-1.0,1.0,-999,-999,2021.0,1776.33,45.4068,34.4052,0.879469,51.2611,0.347894,-999,-999,-999,-999,-999,2096960,21236802
24203,8.5831,LD2,-1.531,29.045,6.538,7.865,PI+SIDIS,0.25,3.3,0.93,2.0,79.803,43.997,79.944,44.075,79.588,43.879,79.525,43.844,79.315,43.728,0.9995,0.9986,0.9661,0.957,-1.0,-1.0,-1.0,-1.0,-1.0,1.0,-999,-999,3044.0,2665.33,55.7415,34.8602,0.729049,51.2411,0.341894,-999,-999,-999,-999,-999,3097499,29456190
24204,8.5831,LD2,-1.531,29.045,6.538,7.865,PI+SIDIS,0.25,3.3,0.93,2.0,36.586,22.472,36.657,22.516,36.377,22.344,36.334,22.317,36.238,22.259,0.9997,0.9989,0.9799,0.9729,-1.0,-1.0,-1.0,-1.0,-1.0,1.0,-999,-999,1291.0,1201.17,36.1382,33.6919,1.01365,51.2637,0.332361,-999,-999,-999,-999,-999,1421103,9472189
24205,8.5831,LD2,-1.531,29.045,6.538,7.865,HMSDIS,0.25,3.3,-999,-999,14016.823,24.255,14040.806,24.296,13924.276,24.095,13916.742,24.082,13887.468,24.031,0.9998,0.999,-999,-999,-1.0,-1.0,-1.0,2.0,-1.0,-1.0,-999,-999,-999,-999,-999,25.5065,0.0603202,-999,-999,-999,-999,-999,-999,-999,545464,3692277
24206,8.5831,Dummy,-1.531,29.045,6.538,7.865,PI+SIDIS,0.25,3.3,0.93,2.0,64.777,36.363,64.868,36.414,64.512,36.214,64.474,36.193,64.276,36.082,0.9996,0.999,0.9865,0.9762,-1.0,-1.0,-1.0,-1.0,-1.0,1.0,-999,-999,571.0,546.167,23.9821,8.62839,0.378871,51.2623,0.333436,-999,-999,-999,-999,-999,944418,4423231
24207,8.5831,C,-1.531,29.045,6.538,7.865,PI+SIDIS,0.25,3.3,0.93,2.0,73.787,40.244,73.938,40.326,73.784,40.242,73.69,40.191,73.468,40.07,0.9998,0.9989,0.9789,0.9682,-1.0,-1.0,-1.0,-1.0,-1.0,1.0,-999,-999,1376.0,1260.67,37.3527,17.6162,0.521956,51.2373,0.335926,-999,-999,-999,-999,-999,1957787,11281862
24208,8.5831,C,-1.531,29.045,6.538,7.865,PI+SIDIS,0.25,3.3,0.93,2.0,76.077,45.172,76.229,45.262,76.083,45.175,76.014,45.134,75.817,45.017,0.9998,0.9992,0.9751,0.9687,-1.0,-1.0,-1.0,-1.0,-1.0,1.0,-999,-999,1531.0,1399.67,39.4067,18.9592,0.533783,51.2285,0.337416,-999,-999,-999,-999,-999,2017789,12018063
24209,8.5831,C,-1.531,29.045,6.538,7.865,HMSDIS,0.25,3.3,-999,-999,40285.715,47.269,40366.415,47.364,40297.353,47.283,40266.69,47.247,40163.675,47.126,0.9997,0.9991,-999,-999,-1.0,-1.0,-1.0,3.0,-1.0,-1.0,-999,-999,-999,-999,-999,17.4435,0.0360319,-999,-999,-999,-999,-999,-999,-999,1066281,6420178
24210,8.5831,Cu,-1.531,29.045,6.538,7.865,PI+SIDIS,0.25,3.3,0.93,2.0,79.948,45.223,80.11,45.314,80.034,45.271,79.958,45.229,79.726,45.097,0.9997,0.9992,0.9705,0.9658,-1.0,-1.0,-1.0,-1.0,-1.0,1.0,-999,-999,835.0,742.167,29.1629,9.59579,0.377059,51.23,0.355759,-999,-999,-999,-999,-999,1857726,11116618
24211,8.5831,Cu,-1.531,29.045,6.538,7.865,PI+SIDIS,0.25,3.3,0.93,2.0,83.642,47.343,83.8,47.432,83.733,47.394,83.662,47.354,83.448,47.233,0.9996,0.9992,0.9789,0.966,-1.0,-1.0,-1.0,-1.0,-1.0,1.0,-999,-999,823.0,728.0,28.9626,8.9971,0.357939,51.2267,0.348879,-999,-999,-999,-999,-999,1945262,11792489
24212,8.5831,Cu,-1.531,29.045,6.538,7.865,HMSDIS,0.25,3.3,-999,-999,26413.59,35.152,26465.067,35.221,26451.28,35.202,26411.485,35.149,26335.572,35.048,0.9996,0.9993,-999,-999,-1.0,-1.0,-1.0,3.0,-1.0,-1.0,-999,-999,-999,-999,-999,15.3027,0.041674,-999,-999,-999,-999,-999,-999,-999,614978,3415441
24213,8.5831,LD2,-1.531,29.045,4.868,7.865,PI+SIDIS,0.25,3.3,0.69,2.0,57.867,33.921,57.941,33.964,57.777,33.868,57.745,33.849,57.597,33.762,0.9997,0.999,0.932,0.9306,-1.0,-1.0,-1.0,-1.0,-1.0,1.0,-999,-999,4375.0,3156.0,67.6622,58.5676,1.25564,51.2388,0.348391,-999,-999,-999,-999,-999,2246692,61290964
24214,8.5831,LD2,-1.531,29.045,4.868,7.865,PI+SIDIS,0.25,3.3,0.69,2.0,46.728,34.236,46.786,34.279,46.656,34.183,46.641,34.172,46.512,34.077,0.9998,0.9991,0.9329,0.9309,-1.0,-1.0,-1.0,-1.0,-1.0,1.0,-999,-999,3678.0,2684.67,61.9964,61.6695,1.42412,51.2411,0.349901,-999,-999,-999,-999,-999,1813459,49154902
24215,8.5831,LD2,-1.531,29.045,4.868,7.865,PI+SIDIS,0.25,3.3,0.69,2.0,60.792,35.324,60.868,35.368,60.751,35.3,60.72,35.282,60.537,35.175,0.9997,0.999,0.9309,0.9298,-1.0,-1.0,-1.0,-1.0,-1.0,1.0,-999,-999,4811.0,3501.17,70.9176,61.9003,1.25382,51.2468,0.346623,-999,-999,-999,-999,-999,2360618,67514466
24216,8.5831,LD2,-1.531,29.045,4.868,7.865,PI+SIDIS,0.25,3.3,0.69,2.0,65.75,36.649,65.826,36.691,65.709,36.626,65.686,36.613,65.521,36.521,0.9997,0.999,0.9311,0.9284,-1.0,-1.0,-1.0,-1.0,-1.0,1.0,-999,-999,5014.0,3556.5,72.5046,58.2299,1.1871,51.2284,0.352101,-999,-999,-999,-999,-999,2550862,72078247
24217,8.5831,LD2,-1.531,29.045,4.868,7.865,PI+SIDIS,0.25,3.3,0.69,2.0,60.173,34.645,60.253,34.691,60.199,34.659,60.156,34.635,59.981,34.534,0.9997,0.999,0.9319,0.929,-1.0,-1.0,-1.0,-1.0,-1.0,1.0,-999,-999,4697.0,3390.17,70.1057,60.5997,1.25315,51.2329,0.344497,-999,-999,-999,-999,-999,2333479,66911737
24218,8.5831,LD2,-1.531,29.045,4.868,7.865,PI+SIDIS,0.25,3.3,0.69,2.0,58.099,33.898,58.181,33.946,58.156,33.931,58.109,33.904,57.961,33.818,0.9998,0.9988,0.9318,0.9292,-1.0,-1.0,-1.0,-1.0,-1.0,1.0,-999,-999,4519.0,3256.5,68.7708,60.2667,1.27271,51.2278,0.345047,-999,-999,-999,-999,-999,2258731,64297233
24219,8.5831,LD2,-1.531,29.045,4.868,7.865,PI+SIDIS,0.25,3.3,0.69,2.0,43.375,24.491,43.452,24.534,43.387,24.498,43.33,24.466,43.252,24.422,0.9996,0.999,0.9511,0.9493,-1.0,-1.0,-1.0,-1.0,-1.0,1.0,-999,-999,3209.0,2549.33,57.6103,61.835,1.39736,51.2474,0.34303,-999,-999,-999,-999,-999,1686425,33740716
24220,8.5831,LD2,-1.531,29.045,4.868,7.865,PI+SIDIS,0.25,3.3,0.69,2.0,20.3,12.05,20.396,12.108,20.343,12.076,20.315,12.06,20.291,12.045,0.9998,0.9988,0.9719,0.9701,-1.0,-1.0,-1.0,-1.0,-1.0,1.0,-999,-999,1414.0,1253.17,37.9579,63.3505,1.91886,51.2422,0.329003,-999,-999,-999,-999,-999,793515,9341094
24221,8.5831,LD2,-1.531,29.045,4.868,7.865,HMSDIS,0.25,3.3,-999,-999,9156.397,12.018,9200.484,12.076,9183.215,12.054,9169.948,12.036,9153.888,12.015,0.9998,0.9992,-999,-999,-1.0,-1.0,-1.0,1.0,-1.0,-1.0,-999,-999,-999,-999,-999,25.5766,0.052823,-999,-999,-999,-999,-999,-999,-999,358272,4206280
24222,8.5831,LH2,-1.531,29.045,4.868,7.865,PI+SIDIS,0.25,3.3,0.69,2.0,83.763,47.434,83.941,47.534,84.341,47.761,84.195,47.679,84.052,47.597,0.9997,0.999,0.9473,0.9458,-1.0,-1.0,-1.0,-1.0,-1.0,1.0,-999,-999,3351.0,2647.17,58.8923,33.3568,0.742098,51.2272,0.344771,-999,-999,-999,-999,-999,1671638,44833278
24223,8.5831,LH2,-1.531,29.045,4.868,7.865,PI+SIDIS,0.25,3.3,0.69,2.0,59.606,46.217,59.736,46.318,60.026,46.543,59.927,46.467,59.862,46.416,1.0,0.999,0.9474,0.9454,-1.0,-1.0,-1.0,-1.0,1.0,-1.0,-999,-999,2518.0,2091.33,50.8833,37.0713,0.901966,51.2248,0.353049,-999,-999,-999,-999,-999,1193441,32485497
24224,8.5831,LH2,-1.531,29.045,4.868,7.865,PI+SIDIS,0.25,3.3,0.69,2.0,83.38,49.051,83.564,49.159,84.038,49.438,83.877,49.344,83.814,49.307,0.9997,0.999,0.9456,0.9433,-1.0,-1.0,-1.0,-1.0,-1.0,1.0,-999,-999,3454.0,2749.83,59.7609,34.8954,0.758365,51.2237,0.3397,-999,-999,-999,-999,-999,1668888,45178875
24225,8.5831,LH2,-1.531,29.045,4.868,7.865,PI+SIDIS,0.25,3.3,0.69,2.0,30.486,50.82,30.553,50.932,30.727,51.222,30.667,51.122,30.641,51.079,0.9999,0.9991,0.9547,0.9419,-1.0,-1.0,-1.0,-1.0,-1.0,1.0,-999,-999,1290.0,1032.33,36.5095,35.8801,1.26894,51.2273,0.350246,-999,-999,-999,-999,-999,611569,16785045
24226,8.5831,LH2,-1.531,29.045,4.868,7.865,PI+SIDIS,0.25,3.3,0.69,2.0,86.802,47.459,87.002,47.569,87.576,47.882,87.392,47.782,87.309,47.736,0.9998,0.9987,0.9454,0.9434,-1.0,-1.0,-1.0,-1.0,-1.0,1.0,-999,-999,3638.0,2908.0,61.3161,35.4416,0.747297,51.2078,0.344546,-999,-999,-999,-999,-999,1742366,36989338
24227,8.5831,LH2,-1.531,29.045,4.868,7.865,PI+SIDIS,0.25,3.3,0.69,2.0,106.05,47.288,106.301,47.399,107.052,47.734,106.815,47.629,106.722,47.587,0.9998,0.9986,0.946,0.9427,-1.0,-1.0,-1.0,-1.0,-1.0,1.0,-999,-999,4365.0,3469.33,67.1884,34.6307,0.670671,51.2241,0.351122,-999,-999,-999,-999,-999,2128793,55609727
24228,8.5831,LH2,-1.531,29.045,4.868,7.865,PI+SIDIS,0.25,3.3,0.69,2.0,79.723,48.218,79.909,48.33,80.45,48.658,80.267,48.547,80.195,48.503,0.9997,0.9987,0.9487,0.9445,-1.0,-1.0,-1.0,-1.0,-1.0,1.0,-999,-999,3206.0,2552.67,57.5751,33.8319,0.763075,51.2106,0.348747,-999,-999,-999,-999,-999,1593122,42573183
24229,8.5831,LH2,-1.531,29.045,4.868,7.865,PI+SIDIS,0.25,3.3,0.69,2.0,57.685,31.834,57.777,31.885,57.891,31.948,57.785,31.89,57.726,31.857,0.9999,0.9989,0.9618,0.9594,-1.0,-1.0,-1.0,-1.0,-1.0,1.0,-999,-999,2210.0,1875.17,47.6005,33.8321,0.858816,51.2163,0.340847,-999,-999,-999,-999,-999,1164096,23155464
24230,8.5831,LH2,-1.531,29.045,4.868,7.865,PI+SIDIS,0.25,3.3,0.69,2.0,31.293,17.019,31.388,17.071,31.354,17.052,31.277,17.01,31.256,16.998,1.0,0.9985,0.9755,0.9749,-1.0,-1.0,-1.0,-1.0,-1.0,1.0,-999,-999,1234.0,1133.83,35.3652,37.0554,1.15579,51.2045,0.337291,-999,-999,-999,-999,-999,636557,7444131
24231,8.5831,LH2,-1.531,29.045,4.868,7.865,HMSDIS,0.25,3.3,-999,-999,14464.94,17.016,14509.127,17.068,14479.645,17.034,14445.135,16.993,14440.802,16.988,0.9998,0.9989,-999,-999,-1.0,-1.0,-1.0,1.0,-1.0,-1.0,-999,-999,-999,-999,-999,13.5738,0.0306075,-999,-999,-999,-999,-999,-999,-999,294502,3402861
24232,8.5831,Dummy,-1.531,29.045,4.868,7.865,PI+SIDIS,0.25,3.3,0.69,2.0,70.982,38.194,71.091,38.253,71.078,38.246,70.977,38.192,70.837,38.116,0.9997,0.9981,0.9665,0.9633,-1.0,-1.0,-1.0,-1.0,-1.0,1.0,-999,-999,1432.0,1222.33,38.3007,17.855,0.559471,51.2384,0.336186,-999,-999,-999,-999,-999,1035387,15245407
24233,8.5831,Dummy,-1.531,29.045,4.868,7.865,PI+SIDIS,0.25,3.3,0.69,2.0,67.787,37.586,67.89,37.644,67.824,37.607,67.756,37.57,67.59,37.477,0.9997,0.9988,0.9651,0.9643,-1.0,-1.0,-1.0,-1.0,-1.0,1.0,-999,-999,1343.0,1152.0,37.0787,17.6027,0.566568,51.2341,0.32006,-999,-999,-999,-999,-999,989654,15047760
24234,8.5831,Dummy,-1.531,29.045,4.868,7.865,PI+SIDIS,0.25,3.3,0.69,2.0,70.077,39.688,70.176,39.744,70.044,39.669,69.996,39.642,69.788,39.524,0.9997,0.998,0.9695,0.9632,-1.0,-1.0,-1.0,-1.0,-1.0,1.0,-999,-999,1357.0,1153.67,37.2946,17.0742,0.551957,51.25,0.32898,-999,-999,-999,-999,-999,1022442,15773245
24235,8.5831,Dummy,-1.531,29.045,4.868,7.865,HMSDIS,0.25,3.3,-999,-999,18792.618,20.293,18835.862,20.34,18748.754,20.246,18730.256,20.226,18679.369,20.171,0.9998,0.9987,-999,-999,-1.0,-1.0,-1.0,1.0,-1.0,-1.0,-999,-999,-999,-999,-999,9.62014,0.0226055,-999,-999,-999,-999,-999,-999,-999,274087,2486613
24236,8.5831,C,-1.531,29.045,4.868,7.865,PI+SIDIS,0.25,3.3,0.69,2.0,83.325,44.454,83.495,44.545,83.483,44.538,83.386,44.486,83.153,44.362,0.9997,0.9984,0.9474,0.9419,-1.0,-1.0,-1.0,-1.0,-1.0,1.0,-999,-999,3519.0,2660.17,60.5156,33.8408,0.769839,51.2533,0.345572,-999,-999,-999,-999,-999,2218172,43186932
24237,8.5831,C,-1.531,29.045,4.868,7.865,PI+SIDIS,0.25,3.3,0.69,2.0,72.388,45.286,72.534,45.377,72.481,45.344,72.403,45.296,72.208,45.173,0.9997,0.9986,0.9438,0.9414,-1.0,-1.0,-1.0,-1.0,-1.0,1.0,-999,-999,3173.0,2405.0,57.4543,35.2377,0.841812,51.2311,0.333649,-999,-999,-999,-999,-999,1927879,38268853
24238,8.5831,C,-1.531,29.045,4.868,7.865,PI+SIDIS,0.25,3.3,0.69,2.0,82.494,47.487,82.655,47.58,82.558,47.524,82.476,47.477,82.236,47.339,0.9997,0.9986,0.945,0.9418,-1.0,-1.0,-1.0,-1.0,-1.0,1.0,-999,-999,3594.0,2735.33,61.1319,35.149,0.785544,51.2396,0.336624,-999,-999,-999,-999,-999,2196359,42905722
24239,8.5831,C,-1.531,29.045,4.868,7.865,PI+SIDIS,0.25,3.3,0.69,2.0,80.454,42.723,80.624,42.814,80.534,42.766,80.415,42.703,80.192,42.584,0.9996,0.9986,0.9465,0.9424,-1.0,-1.0,-1.0,-1.0,-1.0,1.0,-999,-999,3568.0,2731.67,60.8883,35.9726,0.801822,51.2451,0.350618,-999,-999,-999,-999,-999,2141642,42741464
24240,8.5831,C,-1.531,29.045,4.868,7.865,PI+SIDIS,0.25,3.3,0.69,2.0,85.405,48.199,85.58,48.298,85.382,48.186,85.307,48.144,85.053,48.001,0.9997,0.9987,0.9479,0.9408,-1.0,-1.0,-1.0,-1.0,-1.0,1.0,-999,-999,3803.0,2914.0,62.8583,36.2106,0.781104,51.2473,0.338996,-999,-999,-999,-999,-999,2275006,45238576
24241,8.5831,C,-1.531,29.045,4.868,7.865,PI+SIDIS,0.25,3.3,0.69,2.0,43.63,24.506,43.714,24.553,43.417,24.386,43.387,24.369,43.266,24.301,0.9997,0.9989,0.9723,0.9668,-1.0,-1.0,-1.0,-1.0,-1.0,1.0,-999,-999,1810.0,1568.83,43.0139,37.1346,1.01815,51.2673,0.330544,-999,-999,-999,-999,-999,1155011,13742348
24242,8.5831,C,-1.531,29.045,4.868,7.865,HMSDIS,0.25,3.3,-999,-999,21006.799,24.095,21049.569,24.144,20907.336,23.981,20893.477,23.965,20831.752,23.894,0.9997,0.999,-999,-999,-1.0,-1.0,-1.0,1.0,-1.0,-1.0,-999,-999,-999,-999,-999,17.4625,0.0288991,-999,-999,-999,-999,-999,-999,-999,555829,6666003
24243,8.5831,Cu,-1.531,29.045,4.868,7.865,PI+SIDIS,0.25,3.3,0.69,2.0,68.871,42.185,68.994,42.261,68.726,42.097,68.674,42.065,68.498,41.957,0.9997,0.9988,0.9583,0.9516,-1.0,-1.0,-1.0,-1.0,-1.0,1.0,-999,-999,1666.0,1222.5,41.7123,18.6277,0.635585,51.2434,0.343042,-999,-999,-999,-999,-999,1607722,30803714
24244,8.5831,Cu,-1.531,29.045,4.868,7.865,PI+SIDIS,0.25,3.3,0.69,2.0,82.399,47.011,82.584,47.117,82.377,46.999,82.313,46.962,82.078,46.828,0.9997,0.9989,0.9485,0.9453,-1.0,-1.0,-1.0,-1.0,-1.0,1.0,-999,-999,2159.0,1573.67,47.5032,20.1667,0.608759,51.2475,0.334132,-999,-999,-999,-999,-999,1918091,39381079
24245,8.5831,Cu,-1.531,29.045,4.868,7.865,PI+SIDIS,0.25,3.3,0.69,2.0,82.244,46.502,82.432,46.608,82.244,46.502,82.176,46.463,81.914,46.315,0.9997,0.9988,0.9516,0.9455,-1.0,-1.0,-1.0,-1.0,-1.0,1.0,-999,-999,2096.0,1515.67,46.8265,19.4551,0.601066,51.2375,0.333009,-999,-999,-999,-999,-999,1914552,40134108
24246,8.5831,Cu,-1.531,29.045,4.868,7.865,PI+SIDIS,0.25,3.3,0.69,2.0,82.06,45.392,82.238,45.49,82.081,45.403,81.992,45.354,81.774,45.233,0.9997,0.9989,0.9476,0.9464,-1.0,-1.0,-1.0,-1.0,-1.0,1.0,-999,-999,2032.0,1472.5,46.1004,18.927,0.592559,51.2598,0.33979,-999,-999,-999,-999,-999,1910423,39873989
24247,8.5831,Cu,-1.531,29.045,4.868,7.865,PI+SIDIS,0.25,3.3,0.69,2.0,74.987,42.767,75.164,42.868,75.051,42.804,74.95,42.747,74.69,42.598,0.9996,0.9987,0.9517,0.9469,-1.0,-1.0,-1.0,-1.0,-1.0,1.0,-999,-999,1934.0,1416.0,44.9481,19.9053,0.631854,51.2426,0.366702,-999,-999,-999,-999,-999,1748012,35881169
24248,8.5831,Cu,-1.531,29.045,4.868,7.865,PI+SIDIS,0.25,3.3,0.69,2.0,80.472,46.053,80.652,46.155,80.465,46.049,80.394,46.008,80.134,45.859,0.9998,0.9989,0.9499,0.9461,-1.0,-1.0,-1.0,-1.0,-1.0,1.0,-999,-999,1994.0,1432.33,45.6904,18.7766,0.598961,51.2361,0.363783,-999,-999,-999,-999,-999,1875412,38750452
24249,8.5831,Cu,-1.531,29.045,4.868,7.865,HMSDIS,0.25,3.3,-999,-999,34771.751,45.5,34851.109,45.604,34764.701,45.491,34740.986,45.46,34638.432,45.326,0.9997,0.999,-999,-999,-1.0,-1.0,-1.0,2.0,-1.0,-1.0,-999,-999,-999,-999,-999,15.2013,0.0295627,-999,-999,-999,-999,-999,-999,-999,807716,16665914
24250,8.5831,LD2,-1.531,29.045,4.868,7.865,PI+SIDIS,0.25,3.3,0.69,2.0,56.507,32.898,56.598,32.95,56.326,32.792,56.297,32.775,56.12,32.672,0.9998,0.9988,0.9343,0.9308,-1.0,-1.0,-1.0,-1.0,-1.0,1.0,-999,-999,4424.0,3235.0,67.9865,61.4337,1.29109,51.2469,0.344237,-999,-999,-999,-999,-999,2202891,58653355
24251,8.5831,LD2,-1.531,29.045,4.868,7.865,PI+SIDIS,0.25,3.3,0.69,2.0,59.522,33.333,59.615,33.385,59.348,33.236,59.316,33.218,59.129,33.113,0.9998,0.9988,0.9347,0.9303,-1.0,-1.0,-1.0,-1.0,-1.0,1.0,-999,-999,4618.0,3362.83,69.478,60.6647,1.25337,51.2516,0.339451,-999,-999,-999,-999,-999,2315283,63752894
24252,8.5831,LD2,-1.531,29.045,4.868,7.865,PI+SIDIS,0.25,3.3,0.69,2.0,60.562,34.145,60.658,34.2,60.429,34.071,60.406,34.057,60.242,33.965,0.9997,0.9989,0.9307,0.9302,-1.0,-1.0,-1.0,-1.0,-1.0,1.0,-999,-999,4634.0,3356.17,69.6202,59.5145,1.23457,51.2459,0.350184,-999,-999,-999,-999,-999,2356973,64993666
24253,8.5831,LD2,-1.531,29.045,4.868,7.865,PI+SIDIS,0.25,3.3,0.69,2.0,62.572,35.222,62.668,35.276,62.487,35.174,62.469,35.164,62.311,35.075,0.9997,0.9988,0.9316,0.9303,-1.0,-1.0,-1.0,-1.0,-1.0,1.0,-999,-999,4772.0,3413.17,70.6999,58.5779,1.21338,51.2379,0.341226,-999,-999,-999,-999,-999,2438596,68837185
24254,8.5831,LD2,-1.531,29.045,4.868,7.865,PI+SIDIS,0.25,3.3,0.69,2.0,61.621,34.871,61.722,34.928,61.602,34.861,61.584,34.85,61.409,34.751,0.9996,0.9988,0.9296,0.9298,-1.0,-1.0,-1.0,-1.0,-1.0,1.0,-999,-999,4896.0,3595.0,71.5041,62.6848,1.24679,51.239,0.355573,-999,-999,-999,-999,-999,2404857,66810875
24255,8.5831,LD2,-1.531,29.045,4.868,7.865,PI+SIDIS,0.25,3.3,0.69,2.0,59.887,33.448,59.987,33.504,59.926,33.47,59.884,33.446,59.712,33.35,0.9997,0.9987,0.9332,0.9305,-1.0,-1.0,-1.0,-1.0,-1.0,1.0,-999,-999,4610.0,3315.5,69.4676,59.4348,1.2453,51.2368,0.348273,-999,-999,-999,-999,-999,2337193,64678008
24256,8.5831,LD2,-1.531,29.045,4.868,7.865,HMSDIS,0.25,3.3,-999,-999,31130.953,35.647,31181.532,35.705,31143.061,35.661,31129.445,35.645,31061.546,35.568,0.9997,0.9989,-999,-999,-1.0,-1.0,-1.0,3.0,-1.0,-1.0,-999,-999,-999,-999,-999,25.3066,0.0493508,-999,-999,-999,-999,-999,-999,-999,1212640,34423604
24257,8.5831,LH2,-1.531,29.045,4.868,7.865,PI+SIDIS,0.25,3.3,0.69,2.0,84.732,48.2,84.931,48.313,85.187,48.459,85.064,48.388,84.873,48.279,0.9996,0.999,0.9503,0.9432,-1.0,-1.0,-1.0,-1.0,-1.0,1.0,-999,-999,3409.0,2705.33,59.3825,33.7887,0.741666,51.2294,0.3403,-999,-999,-999,-999,-999,1701768,44374106
24258,8.5831,LH2,-1.531,29.045,4.868,7.865,PI+SIDIS,0.25,3.3,0.69,2.0,77.036,43.917,77.229,44.027,77.531,44.199,77.394,44.121,77.278,44.055,0.9998,0.999,0.9518,0.9443,-1.0,-1.0,-1.0,-1.0,-1.0,1.0,-999,-999,3132.0,2510.83,56.8817,34.4388,0.780194,51.2197,0.337417,-999,-999,-999,-999,-999,1547496,41326281
24259,8.5831,LH2,-1.531,29.045,4.868,7.865,PI+SIDIS,0.25,3.3,0.69,2.0,78.475,46.124,78.657,46.231,78.96,46.409,78.835,46.335,78.686,46.248,0.9997,0.9989,0.9426,0.9447,-1.0,-1.0,-1.0,-1.0,-1.0,1.0,-999,-999,3255.0,2591.5,58.0136,34.8893,0.781036,51.2238,0.331474,-999,-999,-999,-999,-999,1583170,42548099
24260,8.5831,LH2,-1.531,29.045,4.868,7.865,PI+SIDIS,0.25,3.3,0.69,2.0,72.146,45.688,72.319,45.797,72.606,45.979,72.489,45.905,72.354,45.819,0.9998,0.9987,0.9453,0.9438,-1.0,-1.0,-1.0,-1.0,-1.0,1.0,-999,-999,2973.0,2364.83,55.4469,34.6579,0.812605,51.2253,0.344694,-999,-999,-999,-999,-999,1449856,39371289
24261,8.5831,LH2,-1.531,29.045,4.868,7.865,PI+SIDIS,0.25,3.3,0.69,2.0,59.749,42.58,59.901,42.688,60.179,42.887,60.065,42.805,59.974,42.74,0.9998,0.9989,0.9441,0.9456,-1.0,-1.0,-1.0,-1.0,-1.0,1.0,-999,-999,2495.0,1990.67,50.7844,35.1554,0.896859,51.2266,0.364221,-999,-999,-999,-999,-999,1206883,32004997
24262,8.5831,LH2,-1.531,29.045,4.868,7.865,PI+SIDIS,0.25,3.3,0.69,2.0,69.991,43.681,70.169,43.792,70.525,44.014,70.383,43.926,70.263,43.851,0.9998,0.9987,0.9473,0.9437,-1.0,-1.0,-1.0,-1.0,-1.0,1.0,-999,-999,2851.0,2270.83,54.2927,34.3033,0.820146,51.2339,0.34263,-999,-999,-999,-999,-999,1412542,37708318
24263,8.5831,LH2,-1.531,29.045,4.868,7.865,PI+SIDIS,0.25,3.3,0.69,2.0,57.761,32.719,57.858,32.774,57.92,32.809,57.852,32.771,57.741,32.708,0.9997,0.999,0.9614,0.9601,-1.0,-1.0,-1.0,-1.0,-1.0,1.0,-999,-999,2233.0,1897.17,47.8432,34.1648,0.861577,51.2232,0.33306,-999,-999,-999,-999,-999,1172605,23078334
24264,8.5831,LH2,-1.531,29.045,4.868,7.865,PI+SIDIS,0.25,3.3,0.69,2.0,30.095,17.178,30.193,17.233,30.188,17.231,30.124,17.194,30.096,17.178,1.0,0.9992,0.9789,0.9741,-1.0,-1.0,-1.0,-1.0,-1.0,1.0,-999,-999,1159.0,1063.67,34.2767,36.1663,1.16546,51.2297,0.32292,-999,-999,-999,-999,-999,615081,7077384
24265,8.5831,LH2,-1.531,29.045,4.868,7.865,HMSDIS,0.25,3.3,-999,-999,15260.736,17.299,15310.018,17.354,15310.786,17.355,15279.653,17.32,15265.868,17.304,0.9997,0.999,-999,-999,-1.0,-1.0,-1.0,1.0,-1.0,-1.0,-999,-999,-999,-999,-999,13.5543,0.0297767,-999,-999,-999,-999,-999,-999,-999,311328,3587035
24266,8.5831,LD2,-1.531,29.045,4.868,7.865,PI+SIDIS,0.25,3.3,0.69,2.0,40.708,24.015,40.8,24.069,40.843,24.095,40.763,24.047,40.726,24.026,0.9997,0.9986,0.9521,0.9493,-1.0,-1.0,-1.0,-1.0,-1.0,1.0,-999,-999,2958.0,2335.33,55.3333,60.3217,1.42926,51.2084,0.351512,-999,-999,-999,-999,-999,1589124,32393296
24267,8.5831,LD2,-1.531,29.045,4.868,7.865,PI+SIDIS,0.25,3.3,0.69,2.0,21.138,12.17,21.245,12.232,21.231,12.223,21.193,12.202,21.164,12.185,0.9998,0.999,0.9717,0.9706,-1.0,-1.0,-1.0,-1.0,-1.0,1.0,-999,-999,1449.0,1282.33,38.4289,62.2006,1.86402,51.2252,0.330855,-999,-999,-999,-999,-999,826980,9806965
24268,8.5831,Dummy,-1.531,29.045,4.868,7.865,PI+SIDIS,0.25,3.3,0.69,2.0,68.608,38.447,68.734,38.518,68.981,38.656,68.856,38.586,68.769,38.537,0.9998,0.9987,0.9718,0.9653,-1.0,-1.0,-1.0,-1.0,-1.0,1.0,-999,-999,1311.0,1120.5,36.6436,16.8922,0.552422,51.2147,0.33093,-999,-999,-999,-999,-999,1000433,14666439
24269,8.5831,Dummy,-1.531,29.045,4.868,7.865,PI+SIDIS,0.25,3.3,0.69,2.0,59.149,39.488,59.254,39.559,59.462,39.698,59.363,39.632,59.287,39.581,0.9999,0.9987,0.972,0.9656,-1.0,-1.0,-1.0,-1.0,-1.0,1.0,-999,-999,1159.0,997.167,34.4379,17.4303,0.601968,51.225,0.333234,-999,-999,-999,-999,-999,864763,12799011
24270,8.5831,C,-1.531,29.045,4.868,7.865,PI+SIDIS,0.25,3.3,0.69,2.0,77.277,46.551,77.474,46.67,77.975,46.971,77.81,46.872,77.699,46.805,0.9997,0.9985,0.9442,0.9414,-1.0,-1.0,-1.0,-1.0,-1.0,1.0,-999,-999,3367.0,2533.17,59.2113,34.7485,0.812225,51.2164,0.346582,-999,-999,-999,-999,-999,2060736,42292097
24271,8.5831,C,-1.531,29.045,4.868,7.865,PI+SIDIS,0.25,3.3,0.69,2.0,72.954,49.971,73.135,50.096,73.609,50.42,73.46,50.318,73.384,50.266,0.9998,0.9984,0.9467,0.9415,-1.0,-1.0,-1.0,-1.0,-1.0,1.0,-999,-999,3407.0,2623.17,59.4781,38.1108,0.864129,51.2088,0.352763,-999,-999,-999,-999,-999,1941876,40961451
24273,8.5831,C,-1.531,29.045,4.868,7.865,PI+SIDIS,0.25,3.3,0.69,2.0,85.181,47.507,85.391,47.624,85.947,47.934,85.761,47.831,85.665,47.777,0.9997,0.9984,0.9443,0.9411,-1.0,-1.0,-1.0,-1.0,-1.0,1.0,-999,-999,3806.0,2893.5,62.9133,36.0231,0.783249,51.2245,0.352936,-999,-999,-999,-999,-999,2268726,43739731
24274,8.5831,C,-1.531,29.045,4.868,7.865,PI+SIDIS,0.25,3.3,0.69,2.0,84.187,46.915,84.401,47.035,84.958,47.345,84.761,47.235,84.682,47.191,0.9996,0.9985,0.9424,0.9414,-1.0,-1.0,-1.0,-1.0,-1.0,1.0,-999,-999,3729.0,2841.33,62.2651,35.7813,0.784114,51.2134,0.349815,-999,-999,-999,-999,-999,2242176,45183102
24275,8.5831,C,-1.531,29.045,4.868,7.865,PI+SIDIS,0.25,3.3,0.69,2.0,82.499,46.986,82.707,47.105,83.184,47.376,83.006,47.275,82.86,47.192,0.9995,0.9985,0.9469,0.9405,-1.0,-1.0,-1.0,-1.0,-1.0,1.0,-999,-999,3667.0,2770.5,61.7772,35.6348,0.794592,51.2375,0.336339,-999,-999,-999,-999,-999,2198712,44725386
24276,8.5831,C,-1.531,29.045,4.868,7.865,PI+SIDIS,0.25,3.3,0.69,2.0,44.357,24.475,44.456,24.53,44.472,24.538,44.377,24.486,44.297,24.442,0.9995,0.9986,0.9687,0.9652,-1.0,-1.0,-1.0,-1.0,-1.0,1.0,-999,-999,1888.0,1642.0,43.9204,38.288,1.02413,51.2535,0.338781,-999,-999,-999,-999,-999,1174192,14357785
24277,8.5831,Cu,-1.531,29.045,4.868,7.865,PI+SIDIS,0.25,3.3,0.69,2.0,89.425,44.308,89.648,44.419,89.962,44.574,89.771,44.48,89.585,44.388,0.9997,0.9983,0.9523,0.9452,-1.0,-1.0,-1.0,-1.0,-1.0,1.0,-999,-999,2249.0,1620.67,48.5152,19.1343,0.57279,51.2519,0.34308,-999,-999,-999,-999,-999,2089227,41987306
24278,8.5831,Cu,-1.531,29.045,4.868,7.865,PI+SIDIS,0.25,3.3,0.69,2.0,88.325,48.664,88.54,48.783,88.697,48.869,88.606,48.819,88.371,48.689,0.9997,0.9986,0.9488,0.9445,-1.0,-1.0,-1.0,-1.0,-1.0,1.0,-999,-999,2345.0,1713.0,49.5008,20.4924,0.592173,51.2438,0.336327,-999,-999,-999,-999,-999,2061500,43056767
24279,8.5831,Cu,-1.531,29.045,4.868,7.865,PI+SIDIS,0.25,3.3,0.69,2.0,83.832,45.059,84.034,45.167,84.095,45.2,83.996,45.147,83.73,45.004,0.9997,0.9984,0.9503,0.9448,-1.0,-1.0,-1.0,-1.0,-1.0,1.0,-999,-999,2160.0,1562.5,47.5351,19.6888,0.598982,51.268,0.337591,-999,-999,-999,-999,-999,1955316,39725827
24280,8.5831,Cu,-1.531,29.045,4.868,7.865,PI+SIDIS,0.25,3.3,0.69,2.0,82.848,47.074,83.032,47.178,82.926,47.118,82.867,47.085,82.549,46.904,0.9998,0.9983,0.9523,0.9452,-1.0,-1.0,-1.0,-1.0,-1.0,1.0,-999,-999,2177.0,1604.33,47.6702,20.4489,0.607605,51.2649,0.335741,-999,-999,-999,-999,-999,1931641,40032494
24281,8.5831,Cu,-1.531,29.045,4.868,7.865,PI+SIDIS,0.25,3.3,0.69,2.0,91.851,46.228,92.047,46.327,91.784,46.195,91.71,46.158,91.347,45.975,0.9996,0.9986,0.9521,0.945,-1.0,-1.0,-1.0,-1.0,-1.0,1.0,-999,-999,2321.0,1672.83,49.2852,19.241,0.566881,51.2627,0.333647,-999,-999,-999,-999,-999,2138781,44003525
24282,8.5831,Cu,-1.531,29.045,4.868,7.865,PI+SIDIS,0.25,3.3,0.69,2.0,93.599,45.648,93.792,45.743,93.386,45.545,93.308,45.506,92.941,45.328,0.9997,0.9985,0.9548,0.946,-1.0,-1.0,-1.0,-1.0,-1.0,1.0,-999,-999,2433.0,1801.17,50.3816,20.309,0.568075,51.2801,0.338043,-999,-999,-999,-999,-999,2177399,44222294
24283,8.5831,Cu,-1.531,29.045,4.868,7.865,PI+SIDIS,0.25,3.3,0.69,2.0,88.729,45.185,88.908,45.276,88.429,45.032,88.349,44.991,87.984,44.806,0.9996,0.9985,0.948,0.9465,-1.0,-1.0,-1.0,-1.0,-1.0,1.0,-999,-999,2316.0,1698.5,49.1825,20.1944,0.584757,51.277,0.332367,-999,-999,-999,-999,-999,2067016,40888194
24284,8.5831,LD2,-1.531,29.045,4.868,7.865,HMSDIS,0.25,3.3,-999,-999,41963.1,46.823,42042.745,46.912,41756.927,46.593,41722.919,46.555,41532.494,46.343,0.9996,0.9984,-999,-999,-1.0,-1.0,-1.0,5.0,-1.0,-1.0,-999,-999,-999,-999,-999,25.4018,0.0550067,-999,-999,-999,-999,-999,-999,-999,1639562,59324676
24285,8.5831,LD2,-1.531,29.045,4.868,7.865,HMSDIS,0.25,3.3,-999,-999,38060.817,40.169,38108.285,40.219,37723.645,39.813,37719.759,39.809,37561.305,39.641,0.9997,0.9986,-999,-999,-1.0,-1.0,-1.0,3.0,-1.0,-1.0,-999,-999,-999,-999,-999,25.4394,0.0447925,-999,-999,-999,-999,-999,-999,-999,1484269,45774704
24286,8.5831,LD2,-1.531,29.045,4.868,7.865,HMSDIS,0.25,3.3,-999,-999,35859.673,30.113,35911.794,30.157,35490.089,29.803,35489.994,29.803,35309.609,29.651,0.9996,0.9989,-999,-999,-1.0,-1.0,-1.0,3.0,-1.0,-1.0,-999,-999,-999,-999,-999,25.4323,0.0461274,-999,-999,-999,-999,-999,-999,-999,1399628,34579281
24287,8.5831,LD2,-1.531,29.045,4.868,7.865,HMSDIS,0.25,3.3,-999,-999,25513.135,18.995,25578.453,19.043,25259.655,18.806,25230.137,18.784,25128.194,18.708,0.9997,0.999,-999,-999,-1.0,-1.0,-1.0,2.0,-1.0,-1.0,-999,-999,-999,-999,-999,25.5565,0.0447363,-999,-999,-999,-999,-999,-999,-999,997886,16864379
24289,8.5831,LD2,-1.531,29.045,4.868,7.865,HMSDIS,0.25,3.3,-999,-999,18617.367,9.887,18736.473,9.95,18451.033,9.799,18451.291,9.799,18352.896,9.746,0.9998,0.9992,-999,-999,-1.0,-1.0,-1.0,1.0,-1.0,-1.0,-999,-999,-999,-999,-999,25.5736,0.0369869,-999,-999,-999,-999,-999,-999,-999,729896,7705207
24290,8.5831,LD2,-1.531,29.045,4.868,7.865,HMSDIS,0.25,3.3,-999,-999,11948.186,6.942,12068.114,7.012,11866.565,6.895,11862.739,6.892,11805.338,6.859,0.9998,0.9993,-999,-999,-1.0,-1.0,-1.0,1.0,-1.0,-1.0,-999,-999,-999,-999,-999,25.5439,0.0460415,-999,-999,-999,-999,-999,-999,-999,468802,4441456
24291,8.5831,LD2,-1.531,29.045,4.868,7.865,HMSDIS,0.25,3.3,-999,-999,1806.982,3.097,1853.971,3.178,1821.939,3.123,1801.502,3.088,1791.627,3.071,0.9998,0.9994,-999,-999,-1.0,-1.0,-1.0,1.0,-1.0,-1.0,-999,-999,-999,-999,-999,25.5352,0.117371,-999,-999,-999,-999,-999,-999,-999,71983,494909
24292,8.5831,LH2,-1.531,29.045,4.868,7.865,HMSDIS,0.25,3.3,-999,-999,1730.005,2.828,1779.931,2.909,1753.527,2.866,1727.889,2.824,1716.543,2.806,0.9998,0.9996,-999,-999,-1.0,-1.0,-1.0,1.0,-1.0,-1.0,-999,-999,-999,-999,-999,13.4862,0.0870604,-999,-999,-999,-999,-999,-999,-999,35883,168619
24293,8.5831,LH2,-1.531,29.045,4.868,7.865,HMSDIS,0.25,3.3,-999,-999,3116.463,6.761,3149.575,6.833,3102.656,6.732,3099.723,6.725,3086.104,6.696,0.9998,0.9993,-999,-999,-1.0,-1.0,-1.0,1.0,-1.0,-1.0,-999,-999,-999,-999,-999,13.544,0.0655954,-999,-999,-999,-999,-999,-999,-999,63831,357881
24294,8.5831,LH2,-1.531,29.045,4.868,7.865,HMSDIS,0.25,3.3,-999,-999,3255.61,9.056,3280.177,9.124,3247.075,9.032,3238.772,9.009,3224.578,8.97,0.9999,0.9995,-999,-999,-1.0,-1.0,-1.0,1.0,-1.0,-1.0,-999,-999,-999,-999,-999,13.7248,0.064705,-999,-999,-999,-999,-999,-999,-999,66751,417801
24295,8.5831,LH2,-1.531,29.045,4.868,7.865,HMSDIS,0.25,3.3,-999,-999,10066.645,19.672,10096.105,19.729,9975.571,19.494,9967.503,19.478,9934.631,19.414,0.9999,0.9995,-999,-999,-1.0,-1.0,-1.0,1.0,-1.0,-1.0,-999,-999,-999,-999,-999,13.6524,0.0367999,-999,-999,-999,-999,-999,-999,-999,205577,1647661
24296,8.5831,LH2,-1.531,29.045,3.632,7.865,HMSDIS,0.25,3.3,-999,-999,15345.792,29.363,15379.804,29.428,15213.612,29.11,15216.11,29.115,15158.594,29.005,0.9998,0.9993,-999,-999,-1.0,-1.0,-1.0,1.0,-1.0,-1.0,-999,-999,-999,-999,-999,13.4754,0.0296081,-999,-999,-999,-999,-999,-999,-999,310692,2703312
24297,8.5831,LH2,-1.531,29.045,3.632,7.865,HMSDIS,0.25,3.3,-999,-999,6609.27,40.198,6621.483,40.272,6561.957,39.91,6561.955,39.91,6537.518,39.761,0.9998,0.999,-999,-999,-1.0,-1.0,-1.0,2.0,-1.0,-1.0,-999,-999,-999,-999,-999,13.4915,0.0638427,-999,-999,-999,-999,-999,-999,-999,133400,1344997
24298,8.5831,LH2,-1.531,29.045,3.632,7.865,HMSDIS,0.25,3.3,-999,-999,20600.825,37.224,20644.91,37.303,20467.585,36.983,20463.304,36.975,20396.907,36.855,0.9998,0.9993,-999,-999,-1.0,-1.0,-1.0,2.0,-1.0,-1.0,-999,-999,-999,-999,-999,13.4735,0.0361453,-999,-999,-999,-999,-999,-999,-999,416032,4172217
24299,8.5831,LH2,-1.531,29.045,3.632,7.865,HMSDIS,0.25,3.3,-999,-999,38860.428,44.691,38972.741,44.82,38784.934,44.604,38751.423,44.566,38611.358,44.405,0.9998,0.9992,-999,-999,-1.0,-1.0,-1.0,5.0,-1.0,-1.0,-999,-999,-999,-999,-999,13.3752,0.0414331,-999,-999,-999,-999,-999,-999,-999,782164,13786873
24301,8.5831,C,-1.531,29.045,3.632,7.865,HMSDIS,0.25,3.3,-999,-999,43900.448,50.712,44036.314,50.869,44200.642,51.059,44141.009,50.99,44127.47,50.974,0.9997,0.9985,-999,-999,-1.0,-1.0,-1.0,3.0,-1.0,-1.0,-999,-999,-999,-999,-999,17.5799,0.0346121,-999,-999,-999,-999,-999,-999,-999,1170333,30287096
24303,8.5831,C,-1.531,29.045,3.632,7.865,HMSDIS,0.25,3.3,-999,-999,36862.515,40.734,36951.119,40.832,37068.466,40.962,37010.208,40.897,37005.759,40.892,0.9998,0.9985,-999,-999,-1.0,-1.0,-1.0,2.0,-1.0,-1.0,-999,-999,-999,-999,-999,17.4754,0.0307747,-999,-999,-999,-999,-999,-999,-999,978546,21845891
24304,8.5831,C,-1.531,29.045,3.632,7.865,HMSDIS,0.25,3.3,-999,-999,16663.786,30.522,16707.508,30.602,16754.578,30.688,16724.923,30.634,16725.795,30.635,0.9997,0.9987,-999,-999,-1.0,-1.0,-1.0,2.0,-1.0,-1.0,-999,-999,-999,-999,-999,17.4607,0.0457498,-999,-999,-999,-999,-999,-999,-999,441680,8255981
24306,8.5831,C,-1.531,29.045,3.632,7.865,HMSDIS,0.25,3.3,-999,-999,12354.078,20.3,12398.246,20.373,12340.869,20.279,12321.961,20.248,12281.963,20.182,0.9998,0.9988,-999,-999,-1.0,-1.0,-1.0,1.0,-1.0,-1.0,-999,-999,-999,-999,-999,17.4454,0.0375799,-999,-999,-999,-999,-999,-999,-999,327735,4664904
24307,8.5831,C,-1.531,29.045,3.632,7.865,HMSDIS,0.25,3.3,-999,-999,6846.903,10.307,6895.821,10.38,6834.87,10.289,6830.905,10.283,6805.301,10.244,0.9997,0.999,-999,-999,-1.0,-1.0,-1.0,1.0,-1.0,-1.0,-999,-999,-999,-999,-999,17.4583,0.0503517,-999,-999,-999,-999,-999,-999,-999,181539,1824382
24308,8.5831,C,-1.531,29.045,3.632,7.865,HMSDIS,0.25,3.3,-999,-999,4219.755,7.186,4264.345,7.262,4226.679,7.198,4223.862,7.193,4213.711,7.176,0.9998,0.9991,-999,-999,-1.0,-1.0,-1.0,1.0,-1.0,-1.0,-999,-999,-999,-999,-999,17.4986,0.064087,-999,-999,-999,-999,-999,-999,-999,112444,981778
24309,8.5831,C,-1.531,29.045,3.632,7.865,HMSDIS,0.25,3.3,-999,-999,2803.375,3.124,2877.34,3.206,2856.05,3.182,2822.717,3.145,2813.082,3.135,0.9997,0.9992,-999,-999,-1.0,-1.0,-1.0,1.0,-1.0,-1.0,-999,-999,-999,-999,-999,17.3539,0.0776823,-999,-999,-999,-999,-999,-999,-999,75242,525128
24310,8.5831,LD2,-1.531,29.045,3.632,7.865,PI+SIDIS,0.25,3.3,0.52,2.0,24.91,13.67,25.035,13.739,24.974,13.705,24.953,13.694,24.921,13.676,0.9998,0.9987,0.9409,0.9356,-1.0,-1.0,-1.0,-1.0,-1.0,1.0,-999,-999,2179.0,1521.33,47.8394,64.9641,2.04284,51.2205,0.3507,-999,-999,-999,-999,-999,973298,16216291
24311,8.5831,LD2,-1.531,29.045,3.632,7.865,PI+SIDIS,0.25,3.3,0.52,2.0,24.755,14.093,24.876,14.163,24.829,14.135,24.802,14.12,24.76,14.096,0.9996,0.9985,0.9334,0.9345,-1.0,-1.0,-1.0,-1.0,-1.0,1.0,-999,-999,2239.0,1567.67,48.486,67.469,2.08673,51.2242,0.336562,-999,-999,-999,-999,-999,968839,16270247
24312,8.5831,LD2,-1.531,29.045,3.632,7.865,PI+SIDIS,0.25,3.3,0.52,2.0,27.385,14.284,27.516,14.352,27.456,14.321,27.428,14.306,27.377,14.279,0.9998,0.9986,0.9339,0.9341,-1.0,-1.0,-1.0,-1.0,-1.0,1.0,-999,-999,2489.0,1731.17,51.1401,67.374,1.99028,51.234,0.342008,-999,-999,-999,-999,-999,1070110,17923754
24313,8.5831,LD2,-1.531,29.045,3.632,7.865,PI+SIDIS,0.25,3.3,0.52,2.0,35.148,13.823,35.32,13.891,35.213,13.849,35.183,13.837,35.1,13.805,0.9997,0.9985,0.9338,0.9346,-1.0,-1.0,-1.0,-1.0,-1.0,1.0,-999,-999,3173.0,2247.17,57.6828,68.1017,1.74811,51.2237,0.333028,-999,-999,-999,-999,-999,1374487,22877945
24314,8.5831,LD2,-1.531,29.045,3.632,7.865,PI+SIDIS,0.25,3.3,0.52,2.0,23.188,13.784,23.301,13.851,23.2,13.791,23.183,13.781,23.116,13.741,0.9997,0.9986,0.9372,0.9348,-1.0,-1.0,-1.0,-1.0,-1.0,1.0,-999,-999,2041.0,1411.5,46.324,64.828,2.12759,51.2368,0.333318,-999,-999,-999,-999,-999,907881,15088538
24315,8.5831,LD2,-1.531,29.045,3.632,7.865,PI+SIDIS,0.25,3.3,0.52,2.0,19.98,14.042,20.074,14.107,19.964,14.03,19.956,14.024,19.893,13.981,0.9997,0.9985,0.9343,0.9338,-1.0,-1.0,-1.0,-1.0,-1.0,1.0,-999,-999,1789.0,1262.17,43.3221,67.3609,2.31207,51.2514,0.350675,-999,-999,-999,-999,-999,779953,12969081
24316,8.5831,LD2,-1.531,29.045,3.632,7.865,PI+SIDIS,0.25,3.3,0.52,2.0,23.467,13.546,23.583,13.614,23.449,13.537,23.423,13.521,23.351,13.48,0.9999,0.9985,0.9358,0.9328,-1.0,-1.0,-1.0,-1.0,-1.0,1.0,-999,-999,2031.0,1414.33,46.1928,64.3054,2.10025,51.2709,0.338685,-999,-999,-999,-999,-999,917526,15420024
24317,8.5831,LD2,-1.531,29.045,3.632,7.865,PI+SIDIS,0.25,3.3,0.52,2.0,24.708,14.022,24.824,14.087,24.638,13.982,24.627,13.976,24.545,13.929,0.9998,0.9986,0.9357,0.933,-1.0,-1.0,-1.0,-1.0,-1.0,1.0,-999,-999,2168.0,1488.5,47.7624,64.2871,2.06282,51.2579,0.342456,-999,-999,-999,-999,-999,966109,16215282
24318,8.5831,LD2,-1.531,29.045,3.632,7.865,PI+SIDIS,0.25,3.3,0.52,2.0,4.669,6.418,4.723,6.493,4.678,6.431,4.67,6.419,4.653,6.396,0.9997,0.9988,0.9597,0.964,-1.0,-1.0,-1.0,-1.0,-1.0,1.0,-999,-999,325.0,263.333,18.3106,57.8567,4.023,51.2518,0.332886,-999,-999,-999,-999,-999,183269,2089447
24319,8.5831,LD2,-1.531,29.045,3.632,7.865,HMSDIS,0.25,3.3,-999,-999,6274.207,6.797,6342.948,6.871,6278.743,6.802,6273.068,6.795,6251.784,6.772,0.9997,0.9989,-999,-999,-1.0,-1.0,-1.0,1.0,-1.0,-1.0,-999,-999,-999,-999,-999,25.5984,0.0635778,-999,-999,-999,-999,-999,-999,-999,246585,2831591
24321,8.5831,LD2,-1.531,29.045,3.632,7.865,SHMSDIS,0.06,0.6,-999,-999,5635.895,6.658,5699.088,6.733,5638.605,6.661,5633.312,6.655,5612.169,6.63,-999,-999,0.9602,0.9515,-1.0,33.0,-1.0,-1.0,-1.0,-1.0,-999,-999,-999,-999,-999,-42132.1,-159.397,-999,-999,-999,-999,-999,-999,-999,221379,2525703
24322,8.5831,LH2,-1.531,29.045,3.632,7.865,PI+SIDIS,0.25,3.3,0.52,2.0,51.262,27.691,51.386,27.758,51.022,27.561,50.997,27.548,50.834,27.459,0.9999,0.9988,0.9363,0.9336,-1.0,-1.0,-1.0,-1.0,-1.0,1.0,-999,-999,2582.0,1878.17,51.9548,39.157,1.08318,51.2469,0.33598,-999,-999,-999,-999,-999,1042281,19410422
24323,8.5831,LH2,-1.531,29.045,3.632,7.865,PI+SIDIS,0.25,3.3,0.52,2.0,49.028,27.863,49.139,27.927,48.778,27.721,48.76,27.711,48.589,27.614,0.9998,0.999,0.9365,0.9346,-1.0,-1.0,-1.0,-1.0,1.0,-1.0,-999,-999,2301.0,1719.5,48.9685,37.5014,1.06798,51.262,0.326322,-999,-999,-999,-999,-999,993800,18338584
24324,8.5831,LH2,-1.531,29.045,3.632,7.865,PI+SIDIS,0.25,3.3,0.52,2.0,50.502,28.021,50.616,28.084,50.237,27.874,50.218,27.864,50.041,27.765,0.9998,0.999,0.937,0.9343,-1.0,-1.0,-1.0,-1.0,-1.0,1.0,-999,-999,2494.0,1805.83,51.0754,38.1978,1.08037,51.251,0.338611,-999,-999,-999,-999,-999,1024415,19056986
24325,8.5831,LH2,-1.531,29.045,3.632,7.865,PI+SIDIS,0.25,3.3,0.52,2.0,49.729,28.055,49.841,28.118,49.466,27.907,49.444,27.894,49.271,27.797,0.9996,0.9991,0.9339,0.9339,-1.0,-1.0,-1.0,-1.0,-1.0,1.0,-999,-999,2495.0,1809.17,51.0814,38.8835,1.09787,51.2502,0.339116,-999,-999,-999,-999,-999,1009970,20640556
24326,8.5831,LH2,-1.531,29.045,3.632,7.865,PI+SIDIS,0.25,3.3,0.52,2.0,46.13,26.861,46.247,26.929,45.935,26.747,45.898,26.725,45.739,26.633,0.9997,0.9991,0.935,0.934,-1.0,-1.0,-1.0,-1.0,-1.0,1.0,-999,-999,2267.0,1610.5,48.7485,37.2998,1.12903,51.2546,0.343743,-999,-999,-999,-999,-999,934761,29650133
24327,8.5831,LH2,-1.531,29.045,3.632,7.865,PI+SIDIS,0.25,3.3,0.52,2.0,46.081,26.633,46.203,26.703,45.901,26.529,45.87,26.511,45.73,26.43,0.9999,0.999,0.9347,0.936,-1.0,-1.0,-1.0,-1.0,-1.0,1.0,-999,-999,2303.0,1654.17,49.1033,38.2568,1.13564,51.2688,0.352041,-999,-999,-999,-999,-999,936147,29378976
24328,8.5831,LH2,-1.531,29.045,3.632,7.865,PI+SIDIS,0.25,3.3,0.52,2.0,49.886,27.855,50.019,27.929,49.712,27.757,49.686,27.743,49.537,27.659,0.9999,0.9993,0.9391,0.9349,-1.0,-1.0,-1.0,-1.0,-1.0,1.0,-999,-999,2412.0,1693.33,50.3168,36.2164,1.07616,51.2532,0.335338,-999,-999,-999,-999,-999,1013894,32988496
24329,8.5831,LH2,-1.531,29.045,3.632,7.865,PI+SIDIS,0.25,3.3,0.52,2.0,48.607,28.124,48.736,28.199,48.463,28.04,48.446,28.031,48.281,27.935,0.9997,0.9991,0.9341,0.9337,-1.0,-1.0,-1.0,-1.0,-1.0,1.0,-999,-999,2382.0,1697.33,49.9611,37.3144,1.09835,51.2487,0.344842,-999,-999,-999,-999,-999,989509,33227650
24330,8.5831,LH2,-1.531,29.045,3.632,7.865,PI+SIDIS,0.25,3.3,0.52,2.0,39.2,26.478,39.312,26.554,39.123,26.426,39.094,26.407,38.952,26.311,0.9998,0.9991,0.9367,0.9341,-1.0,-1.0,-1.0,-1.0,-1.0,1.0,-999,-999,1961.0,1421.17,45.2877,38.7113,1.2336,51.2398,0.33834,-999,-999,-999,-999,-999,796761,25652351
24331,8.5831,LH2,-1.531,29.045,3.632,7.865,PI+SIDIS,0.25,3.3,0.52,2.0,20.522,18.169,20.602,18.24,20.5,18.15,20.471,18.124,20.421,18.079,0.9997,0.9994,0.9542,0.9497,-1.0,-1.0,-1.0,-1.0,-1.0,1.0,-999,-999,994.0,794.0,32.052,40.5949,1.63873,51.235,0.337383,-999,-999,-999,-999,-999,417785,9994136
24332,8.5831,LH2,-1.531,29.045,3.632,7.865,PI+SIDIS,0.25,3.3,0.52,2.0,17.219,10.029,17.345,10.103,17.23,10.035,17.221,10.031,17.165,9.998,1.0,0.9988,0.9705,0.9675,-1.0,-1.0,-1.0,-1.0,-1.0,1.0,-999,-999,729.0,631.5,27.2993,37.6321,1.62681,51.2555,0.328358,-999,-999,-999,-999,-999,352124,6243031
24333,8.5831,LH2,-1.531,29.045,3.632,7.865,HMSDIS,0.25,3.3,-999,-999,6802.053,9.44,6855.719,9.514,6819.028,9.463,6810.667,9.452,6790.476,9.424,0.9997,0.9994,-999,-999,-1.0,-1.0,-1.0,1.0,-1.0,-1.0,-999,-999,-999,-999,-999,13.5564,0.0444745,-999,-999,-999,-999,-999,-999,-999,139195,2590823
24334,8.5831,LH2,-1.531,29.045,3.632,7.865,SHMSDIS,0.06,0.6,-999,-999,8200.621,9.881,8261.764,9.955,8212.224,9.895,8207.952,9.89,8180.384,9.857,-999,-999,0.9667,0.958,-1.0,17.0,-1.0,-1.0,-1.0,-1.0,-999,-999,-999,-999,-999,-20187.6,-65.5518,-999,-999,-999,-999,-999,-999,-999,167735,3012522
24335,8.5831,Dummy,-1.531,29.045,3.632,7.865,PI+SIDIS,0.25,3.3,0.52,2.0,8.5,21.146,8.537,21.238,8.576,21.337,8.535,21.233,8.514,21.183,0.9998,0.9998,0.9362,0.9361,-1.0,-1.0,-1.0,-1.0,-1.0,1.0,-999,-999,214.0,145.0,15.0167,18.15,1.87967,51.2213,0.346652,-999,-999,-999,-999,-999,124354,2426268
24336,8.5831,Dummy,-1.531,29.045,3.632,7.865,PI+SIDIS,0.25,3.3,0.52,2.0,60.852,36.385,61.025,36.488,60.982,36.462,60.935,36.434,60.754,36.326,0.9997,0.999,0.9367,0.9323,-1.0,-1.0,-1.0,-1.0,-1.0,1.0,-999,-999,1637.0,1096.33,41.5585,19.2774,0.730745,51.2058,0.330044,-999,-999,-999,-999,-999,889515,17663470
24337,8.5831,Dummy,-1.531,29.045,3.632,7.865,PI+SIDIS,0.25,3.3,0.52,2.0,68.363,38.579,68.555,38.687,68.551,38.685,68.499,38.656,68.305,38.546,0.9998,0.9992,0.9323,0.9299,-1.0,-1.0,-1.0,-1.0,-1.0,1.0,-999,-999,1915.0,1305.33,44.9067,20.4818,0.704624,51.2139,0.350904,-999,-999,-999,-999,-999,995889,20139645
24338,8.5831,Dummy,-1.531,29.045,3.632,7.865,PI+SIDIS,0.25,3.3,0.52,2.0,75.639,40.717,75.846,40.828,75.856,40.833,75.81,40.809,75.615,40.703,0.9997,0.999,0.9315,0.9313,-1.0,-1.0,-1.0,-1.0,-1.0,1.0,-999,-999,2040.0,1350.5,46.4211,19.1267,0.657448,51.2231,0.353082,-999,-999,-999,-999,-999,1099537,23622442
24339,8.5831,Dummy,-1.531,29.045,3.632,7.865,PI+SIDIS,0.25,3.3,0.52,2.0,69.451,38.91,69.644,39.018,69.702,39.05,69.622,39.006,69.483,38.928,0.9997,0.9989,0.9337,0.9302,-1.0,-1.0,-1.0,-1.0,-1.0,1.0,-999,-999,1861.0,1264.17,44.2772,19.5219,0.68375,51.2129,0.329506,-999,-999,-999,-999,-999,1011424,35145748
24340,8.5831,Dummy,-1.531,29.045,3.632,7.865,HMSDIS,0.25,3.3,-999,-999,18325.347,20.444,18393.136,20.52,18366.878,20.491,18338.455,20.459,18304.86,20.422,0.9998,0.9991,-999,-999,-1.0,-1.0,-1.0,1.0,-1.0,-1.0,-999,-999,-999,-999,-999,9.64753,0.0229164,-999,-999,-999,-999,-999,-999,-999,267720,5548903
24341,8.5831,Dummy,-1.531,29.045,3.632,7.865,SHMSDIS,0.06,0.6,-999,-999,22544.992,20.264,22629.904,20.34,22606.667,20.319,22571.293,20.287,22531.503,20.252,-999,-999,0.9548,0.9434,-1.0,33.0,-1.0,-1.0,-1.0,-1.0,-999,-999,-999,-999,-999,-14030.8,-46.2915,-999,-999,-999,-999,-999,-999,-999,329107,6952516
24342,8.5831,C,-1.531,29.045,3.632,7.865,PI+SIDIS,0.25,3.3,0.52,2.0,45.929,26.072,46.079,26.157,46.097,26.167,46.022,26.124,45.948,26.082,0.9998,0.999,0.9333,0.929,-1.0,-1.0,-1.0,-1.0,-1.0,1.0,-999,-999,2599.0,1772.17,52.3145,41.4127,1.22251,51.2222,0.344487,-999,-999,-999,-999,-999,1215927,32942820
24343,8.5831,C,-1.531,29.045,3.632,7.865,PI+SIDIS,0.25,3.3,0.52,2.0,42.797,24.933,42.942,25.017,42.996,25.049,42.917,25.003,42.836,24.956,0.9998,0.9991,0.932,0.9289,-1.0,-1.0,-1.0,-1.0,-1.0,1.0,-999,-999,2324.0,1566.17,49.5006,39.2758,1.24136,51.2527,0.346672,-999,-999,-999,-999,-999,1134427,29975170
24344,8.5831,C,-1.531,29.045,3.632,7.865,PI+SIDIS,0.25,3.3,0.52,2.0,43.51,24.823,43.659,24.908,43.736,24.952,43.646,24.901,43.58,24.863,0.9997,0.999,0.9295,0.9276,-1.0,-1.0,-1.0,-1.0,-1.0,1.0,-999,-999,2445.0,1671.83,50.7332,41.2998,1.25328,51.216,0.358987,-999,-999,-999,-999,-999,1156042,30627796
24345,8.5831,C,-1.531,29.045,3.632,7.865,PI+SIDIS,0.25,3.3,0.52,2.0,46.896,26.106,47.051,26.192,47.138,26.24,47.05,26.192,46.972,26.148,0.9998,0.9988,0.9315,0.9288,-1.0,-1.0,-1.0,-1.0,-1.0,1.0,-999,-999,2598.0,1756.83,52.3278,40.214,1.19778,51.2162,0.34524,-999,-999,-999,-999,-999,1243980,33594275
24346,8.5831,C,-1.531,29.045,3.632,7.865,PI+SIDIS,0.25,3.3,0.52,2.0,45.711,25.632,45.867,25.72,45.983,25.785,45.887,25.731,45.828,25.698,0.9998,0.9989,0.9321,0.9287,-1.0,-1.0,-1.0,-1.0,-1.0,1.0,-999,-999,2573.0,1742.83,52.0707,40.9288,1.22283,51.1981,0.350778,-999,-999,-999,-999,-999,1214738,32844034
24347,8.5831,C,-1.531,29.045,3.632,7.865,PI+SIDIS,0.25,3.3,0.52,2.0,45.462,25.779,45.619,25.867,45.742,25.937,45.645,25.882,45.567,25.838,0.9998,0.9989,0.9287,0.9291,-1.0,-1.0,-1.0,-1.0,-1.0,1.0,-999,-999,2517.0,1691.83,51.5221,39.9297,1.216,51.2055,0.343938,-999,-999,-999,-999,-999,1207452,32641364
24348,8.5831,C,-1.531,29.045,3.632,7.865,PI+SIDIS,0.25,3.3,0.52,2.0,44.88,25.387,45.039,25.476,45.188,25.561,45.079,25.499,45.039,25.477,0.9997,0.9988,0.9276,0.9293,-1.0,-1.0,-1.0,-1.0,-1.0,1.0,-999,-999,2416.0,1625.83,50.4747,38.8617,1.20648,51.2141,0.340233,-999,-999,-999,-999,-999,1192568,33318218
24349,8.5831,C,-1.531,29.045,3.632,7.865,PI+SIDIS,0.25,3.3,0.52,2.0,17.415,12.849,17.521,12.927,17.548,12.947,17.504,12.914,17.479,12.895,0.9998,0.9991,0.9614,0.9606,-1.0,-1.0,-1.0,-1.0,-1.0,1.0,-999,-999,841.0,674.5,29.4746,40.0855,1.75167,51.2106,0.341726,-999,-999,-999,-999,-999,461958,7742274
24350,8.5831,C,-1.531,29.045,3.632,7.865,HMSDIS,0.25,3.3,-999,-999,10523.486,13.064,10586.724,13.142,10522.246,13.062,10516.331,13.055,10471.262,12.999,0.9998,0.9989,-999,-999,-1.0,-1.0,-1.0,1.0,-1.0,-1.0,-999,-999,-999,-999,-999,17.4854,0.0406755,-999,-999,-999,-999,-999,-999,-999,279818,3265705
24351,8.5831,C,-1.531,29.045,3.632,7.865,SHMSDIS,0.06,0.6,-999,-999,11409.807,13.032,11477.78,13.109,11399.597,13.02,11391.973,13.011,11353.786,12.968,-999,-999,0.9557,0.9456,-1.0,33.0,-1.0,-1.0,-1.0,-1.0,-999,-999,-999,-999,-999,-23382.1,-83.8705,-999,-999,-999,-999,-999,-999,-999,304121,3393112
24352,8.5831,Cu,-1.531,29.045,3.632,7.865,PI+SIDIS,0.25,3.3,0.52,2.0,47.65,26.8,47.809,26.889,47.722,26.84,47.678,26.815,47.572,26.756,0.9998,0.9986,0.9323,0.9292,-1.0,-1.0,-1.0,-1.0,-1.0,1.0,-999,-999,1656.0,1000.83,42.0142,22.5359,0.946038,51.2042,0.353697,-999,-999,-999,-999,-999,1112547,21236832
24353,8.5831,Cu,-1.531,29.045,3.632,7.865,PI+SIDIS,0.25,3.3,0.52,2.0,49.896,27.539,50.055,27.627,50.001,27.597,49.968,27.579,49.837,27.507,0.9997,0.9987,0.9326,0.9304,-1.0,-1.0,-1.0,-1.0,-1.0,1.0,-999,-999,1711.0,999.5,42.7736,21.4705,0.918831,51.2393,0.340526,-999,-999,-999,-999,-999,1164455,24022045
24354,8.5831,Cu,-1.531,29.045,3.632,7.865,PI+SIDIS,0.25,3.3,0.52,2.0,45.652,27.328,45.794,27.413,45.727,27.373,45.698,27.356,45.568,27.278,0.9996,0.9986,0.9359,0.9292,-1.0,-1.0,-1.0,-1.0,-1.0,1.0,-999,-999,1621.0,1000.83,41.5254,23.5325,0.976384,51.2387,0.347547,-999,-999,-999,-999,-999,1064587,34110766
24355,8.5831,Cu,-1.531,29.045,3.632,7.865,PI+SIDIS,0.25,3.3,0.52,2.0,48.046,28.299,48.192,28.385,48.074,28.315,48.055,28.304,47.916,28.222,0.9997,0.9985,0.935,0.9305,-1.0,-1.0,-1.0,-1.0,-1.0,1.0,-999,-999,1650.0,959.833,42.0122,21.4109,0.937162,51.2388,0.353243,-999,-999,-999,-999,-999,1117435,37195538
24356,8.5831,Cu,-1.531,29.045,3.632,7.865,PI+SIDIS,0.25,3.3,0.52,2.0,42.858,27.541,42.989,27.626,42.856,27.54,42.844,27.532,42.713,27.448,0.9996,0.9985,0.9326,0.9327,-1.0,-1.0,-1.0,-1.0,-1.0,1.0,-999,-999,1494.0,913.5,39.8842,22.792,0.99512,51.2293,0.340244,-999,-999,-999,-999,-999,1002316,31055932
24357,8.5831,Cu,-1.531,29.045,3.632,7.865,PI+SIDIS,0.25,3.3,0.52,2.0,39.679,26.432,39.807,26.518,39.692,26.441,39.661,26.42,39.535,26.337,0.9996,0.9987,0.9319,0.9305,-1.0,-1.0,-1.0,-1.0,-1.0,1.0,-999,-999,1321.0,785.833,37.5526,21.2259,1.01432,51.2647,0.347504,-999,-999,-999,-999,-999,926608,28239653
24359,8.5831,Cu,-1.531,29.045,3.632,7.865,PI+SIDIS,0.25,3.3,0.52,2.0,39.372,25.744,39.501,25.828,39.318,25.708,39.282,25.685,39.14,25.592,0.9999,0.9987,0.9341,0.9309,-1.0,-1.0,-1.0,-1.0,-1.0,1.0,-999,-999,1353.0,830.333,37.9488,22.5851,1.03221,51.26,0.339218,-999,-999,-999,-999,-999,921084,17329681
24360,8.5831,Cu,-1.531,29.045,3.632,7.865,PI+SIDIS,0.25,3.3,0.52,2.0,43.702,27.97,43.837,28.056,43.598,27.903,43.583,27.894,43.446,27.806,0.9997,0.9985,0.933,0.9299,-1.0,-1.0,-1.0,-1.0,-1.0,1.0,-999,-999,1557.0,975.167,40.6691,23.9321,0.99808,51.2564,0.348925,-999,-999,-999,-999,-999,1021984,19423254
24361,8.5831,Cu,-1.531,29.045,3.632,7.865,HMSDIS,0.25,3.3,-999,-999,10889.207,14.014,10946.875,14.089,10864.477,13.983,10859.291,13.976,10819.507,13.925,0.9997,0.9989,-999,-999,-1.0,-1.0,-1.0,1.0,-1.0,-1.0,-999,-999,-999,-999,-999,15.379,0.0374874,-999,-999,-999,-999,-999,-999,-999,255357,3302170
24362,8.5831,Cu,-1.531,29.045,3.632,7.865,SHMSDIS,0.06,0.6,-999,-999,10294.947,13.768,10348.876,13.84,10268.289,13.732,10262.809,13.725,10222.076,13.67,-999,-999,0.9589,0.9468,-1.0,33.0,-1.0,-1.0,-1.0,-1.0,-999,-999,-999,-999,-999,-19916.3,-81.382,-999,-999,-999,-999,-999,-999,-999,242367,3128015
24363,8.5831,Al,-1.531,29.045,3.632,7.865,PI+SIDIS,0.25,3.3,0.52,2.0,69.608,38.882,69.841,39.012,69.578,38.865,69.536,38.842,69.301,38.71,0.9999,0.999,0.9619,0.9632,-1.0,-1.0,-1.0,-1.0,-1.0,1.0,-999,-999,923.0,769.0,30.8004,11.4327,0.457909,51.2656,0.344347,-999,-999,-999,-999,-999,565622,4783921
24364,8.5831,Al,-1.531,29.045,3.632,7.865,PI+SIDIS,0.25,3.3,0.52,2.0,75.066,42.295,75.348,42.454,75.212,42.377,75.11,42.32,74.893,42.198,0.9998,0.999,0.9622,0.9626,-1.0,-1.0,-1.0,-1.0,-1.0,1.0,-999,-999,1082.0,886.0,33.3866,12.2183,0.460417,51.2708,0.334454,-999,-999,-999,-999,-999,609812,5522561
24365,8.5831,Al,-1.531,29.045,3.632,7.865,PI+SIDIS,0.25,3.3,0.52,2.0,82.201,47.303,82.49,47.469,82.284,47.35,82.23,47.319,81.974,47.172,0.9999,0.9989,0.9635,0.9601,-1.0,-1.0,-1.0,-1.0,-1.0,1.0,-999,-999,1147.0,930.0,34.3972,11.7442,0.434372,51.2735,0.333515,-999,-999,-999,-999,-999,668182,6088000
24366,8.5831,Al,-1.531,29.045,3.632,7.865,PI+SIDIS,0.25,3.3,0.52,2.0,79.057,45.074,79.345,45.238,79.177,45.142,79.104,45.1,78.895,44.981,1.0,0.9991,0.9645,0.9604,-1.0,-1.0,-1.0,-1.0,-1.0,1.0,-999,-999,1144.0,930.0,34.3463,12.2045,0.450731,51.2484,0.337662,-999,-999,-999,-999,-999,641228,5836252
24367,8.5831,Al,-1.531,29.045,3.632,7.865,PI+SIDIS,0.25,3.3,0.52,2.0,73.685,42.847,73.963,43.009,73.853,42.945,73.764,42.893,73.558,42.773,0.9996,0.9992,0.9653,0.9601,-1.0,-1.0,-1.0,-1.0,-1.0,1.0,-999,-999,1033.0,843.833,32.6271,11.8881,0.459659,51.2568,0.321782,-999,-999,-999,-999,-999,597468,5429237
24368,8.5831,Al,-1.531,29.045,3.632,7.865,PI+SIDIS,0.25,3.3,0.52,2.0,82.259,45.588,82.559,45.754,82.422,45.678,82.338,45.631,82.081,45.489,0.9998,0.9989,0.9697,0.9616,-1.0,-1.0,-1.0,-1.0,-1.0,1.0,-999,-999,1139.0,923.833,34.2762,11.6398,0.43186,51.2475,0.319038,-999,-999,-999,-999,-999,666408,6080507
24369,8.5831,Al,-1.531,29.045,3.632,7.865,PI+SIDIS,0.25,3.3,0.52,2.0,75.232,42.463,75.518,42.624,75.44,42.58,75.343,42.525,75.139,42.41,0.9998,0.9995,0.9636,0.9603,-1.0,-1.0,-1.0,-1.0,-1.0,1.0,-999,-999,1073.0,872.5,33.2628,12.034,0.458779,51.2704,0.338812,-999,-999,-999,-999,-999,609745,5527324
24370,8.5831,Al,-1.531,29.045,3.632,7.865,PI+SIDIS,0.25,3.3,0.52,2.0,76.792,47.16,77.074,47.333,76.98,47.275,76.917,47.237,76.724,47.118,0.9999,0.9991,0.9644,0.9603,-1.0,-1.0,-1.0,-1.0,-1.0,1.0,-999,-999,1089.0,885.333,33.5104,11.9631,0.452811,51.2592,0.333924,-999,-999,-999,-999,-999,624190,5702129
24371,8.5831,Al,-1.531,29.045,3.632,7.865,PI+SIDIS,0.25,3.3,0.52,2.0,83.577,48.065,83.885,48.243,83.809,48.199,83.743,48.161,83.522,48.034,0.9998,0.9989,0.9622,0.9611,-1.0,-1.0,-1.0,-1.0,-1.0,1.0,-999,-999,1134.0,905.0,34.2369,11.2276,0.42475,51.2384,0.313363,-999,-999,-999,-999,-999,676817,6208611
24372,8.5831,Al,-1.531,29.045,3.632,7.865,PI+SIDIS,0.25,3.3,0.52,2.0,67.79,46.7,68.048,46.878,68.024,46.861,67.964,46.819,67.812,46.715,0.9998,0.9989,0.9658,0.96,-1.0,-1.0,-1.0,-1.0,-1.0,1.0,-999,-999,914.0,735.333,30.721,11.2587,0.470371,51.2545,0.342991,-999,-999,-999,-999,-999,549582,5028972
24373,8.5831,Al,-1.531,29.045,3.632,7.865,HMSDIS,0.25,3.3,-999,-999,42410.305,24.356,42565.312,24.445,42396.089,24.348,42356.33,24.325,42239.385,24.258,0.9998,0.9992,-999,-999,-1.0,-1.0,-1.0,1.0,-1.0,-1.0,-999,-999,-999,-999,-999,5.38129,0.011246,-999,-999,-999,-999,-999,-999,-999,342782,2342571
24375,8.5831,Al,-1.531,29.045,3.632,7.865,HMSDIS,0.25,3.3,-999,-999,21489.812,25.322,21566.051,25.412,21476.925,25.307,21462.034,25.289,21413.625,25.232,0.9997,0.9993,-999,-999,-1.0,-1.0,5.0,-1.0,-1.0,-1.0,-999,-999,-999,-999,-999,5.38513,0.0353597,-999,-999,-999,-999,-999,-999,-999,173971,1189499
24376,8.5831,LD2,-1.531,29.045,3.632,7.865,PI+SIDIS,0.25,3.3,0.52,2.0,15.725,13.792,15.816,13.872,15.742,13.806,15.731,13.797,15.695,13.766,0.9999,0.9992,0.9344,0.935,-1.0,-1.0,-1.0,-1.0,-1.0,1.0,-999,-999,1422.0,1001.0,38.6286,67.7048,2.61273,51.2203,0.339271,-999,-999,-999,-999,-999,612994,10352782
24377,8.5831,LD2,-1.531,29.045,3.632,7.865,PI+SIDIS,0.25,3.3,0.52,2.0,24.232,13.85,24.372,13.93,24.28,13.878,24.262,13.867,24.203,13.834,0.9997,0.9991,0.9382,0.9334,-1.0,-1.0,-1.0,-1.0,-1.0,1.0,-999,-999,2080.0,1439.67,46.7624,63.3104,2.05641,51.2121,0.335084,-999,-999,-999,-999,-999,948036,16032309
24378,8.5831,LD2,-1.531,29.045,3.632,7.865,PI+SIDIS,0.25,3.3,0.52,2.0,19.977,13.834,20.092,13.914,20.022,13.866,20.009,13.857,19.965,13.826,0.9997,0.9992,0.9365,0.9352,-1.0,-1.0,-1.0,-1.0,-1.0,1.0,-999,-999,1773.0,1236.17,43.1564,65.8081,2.29746,51.2323,0.339309,-999,-999,-999,-999,-999,782324,13146473
24379,8.5831,LD2,-1.531,29.045,3.632,7.865,PI+SIDIS,0.25,3.3,0.52,2.0,24.027,13.962,24.165,14.042,24.098,14.003,24.077,13.991,24.021,13.958,0.9998,0.999,0.935,0.9354,-1.0,-1.0,-1.0,-1.0,-1.0,1.0,-999,-999,2169.0,1535.67,47.6923,67.9579,2.11053,51.2265,0.324915,-999,-999,-999,-999,-999,938630,15763271
24380,8.5831,LD2,-1.531,29.045,3.632,7.865,PI+SIDIS,0.25,3.3,0.52,2.0,24.303,13.874,24.444,13.954,24.388,13.922,24.364,13.909,24.314,13.88,0.9998,0.9989,0.9373,0.9352,-1.0,-1.0,-1.0,-1.0,-1.0,1.0,-999,-999,2162.0,1511.83,47.6483,66.1476,2.08477,51.2057,0.33709,-999,-999,-999,-999,-999,951253,15838328
24381,8.5831,LD2,-1.531,29.045,3.632,7.865,PI+SIDIS,0.25,3.3,0.52,2.0,24.548,13.97,24.692,14.052,24.639,14.022,24.617,14.01,24.577,13.987,0.9996,0.9991,0.9344,0.9352,-1.0,-1.0,-1.0,-1.0,-1.0,1.0,-999,-999,2240.0,1575.33,48.4848,68.2532,2.10066,51.229,0.339059,-999,-999,-999,-999,-999,960267,15977089
24382,8.5831,LD2,-1.531,29.045,3.632,7.865,PI+SIDIS,0.25,3.3,0.52,2.0,24.879,14.003,25.025,14.085,24.992,14.067,24.96,14.049,24.915,14.023,0.9998,0.999,0.9362,0.9347,-1.0,-1.0,-1.0,-1.0,-1.0,1.0,-999,-999,2286.0,1618.5,48.9617,69.2155,2.09386,51.2168,0.345775,-999,-999,-999,-999,-999,972850,16286316
24383,8.5831,LD2,-1.531,29.045,3.632,7.865,PI+SIDIS,0.25,3.3,0.52,2.0,25.132,14.139,25.277,14.221,25.243,14.201,25.219,14.188,25.167,14.159,0.9997,0.999,0.9346,0.9338,-1.0,-1.0,-1.0,-1.0,-1.0,1.0,-999,-999,2309.0,1625.0,49.224,68.8722,2.08625,51.2001,0.336005,-999,-999,-999,-999,-999,981504,16438913
24384,8.5831,LD2,-1.531,29.045,3.632,7.865,PI+SIDIS,0.25,3.3,0.52,2.0,12.589,6.919,12.736,7.0,12.702,6.981,12.682,6.971,12.662,6.959,0.9999,0.9991,0.9603,0.9609,-1.0,-1.0,-1.0,-1.0,-1.0,1.0,-999,-999,1050.0,874.167,32.8528,71.4382,2.68478,51.2361,0.332682,-999,-999,-999,-999,-999,494997,5724397
24385,8.5831,LH2,-1.531,29.045,3.632,7.865,PI+SIDIS,0.25,3.3,0.52,2.0,18.721,28.009,18.788,28.11,18.812,28.145,18.793,28.116,18.762,28.07,0.9997,0.9987,0.9387,0.9335,-1.0,-1.0,-1.0,-1.0,-1.0,1.0,-999,-999,965.0,706.5,31.7503,40.2982,1.81101,51.1975,0.35255,-999,-999,-999,-999,-999,380750,7234790
24386,8.5831,LH2,-1.531,29.045,3.632,7.865,PI+SIDIS,0.25,3.3,0.52,2.0,58.726,28.271,58.936,28.372,59.055,28.43,58.98,28.394,58.894,28.352,0.9998,0.9989,0.9339,0.9319,-1.0,-1.0,-1.0,-1.0,-1.0,1.0,-999,-999,2942.0,2140.0,55.4587,38.9752,1.01005,51.2045,0.346014,-999,-999,-999,-999,-999,1191677,22441595
24387,8.5831,LH2,-1.531,29.045,3.632,7.865,PI+SIDIS,0.25,3.3,0.52,2.0,52.743,27.926,52.935,28.028,53.073,28.101,52.992,28.058,52.904,28.012,0.9998,0.9988,0.9345,0.9331,-1.0,-1.0,-1.0,-1.0,-1.0,1.0,-999,-999,2570.0,1833.17,51.8922,37.1237,1.05088,51.205,0.340825,-999,-999,-999,-999,-999,1070503,20083545
24388,8.5831,LH2,-1.531,29.045,3.632,7.865,PI+SIDIS,0.25,3.3,0.52,2.0,58.88,27.778,59.099,27.881,59.31,27.981,59.205,27.931,59.103,27.883,0.9998,0.9991,0.9355,0.9326,-1.0,-1.0,-1.0,-1.0,-1.0,1.0,-999,-999,2857.0,2038.5,54.7121,36.9957,0.992943,51.1867,0.360566,-999,-999,-999,-999,-999,1196606,22529336
24389,8.5831,LH2,-1.531,29.045,3.632,7.865,PI+SIDIS,0.25,3.3,0.52,2.0,42.989,25.753,43.159,25.855,43.132,25.839,43.064,25.798,42.928,25.717,0.9998,0.9988,0.9334,0.9338,-1.0,-1.0,-1.0,-1.0,-1.0,1.0,-999,-999,2202.0,1602.83,47.9777,39.7819,1.19079,51.2218,0.348558,-999,-999,-999,-999,-999,875425,16096662
24390,8.5831,LH2,-1.531,29.045,3.632,7.865,PI+SIDIS,0.25,3.3,0.52,2.0,46.411,26.749,46.588,26.85,46.329,26.702,46.282,26.674,46.138,26.591,0.9997,0.9986,0.936,0.9325,-1.0,-1.0,-1.0,-1.0,-1.0,1.0,-999,-999,2287.0,1656.5,48.9089,38.1445,1.12623,51.2369,0.331804,-999,-999,-999,-999,-999,940476,17381831
24391,8.5831,NONE,-1.531,29.045,3.632,7.865,EDTMBCM,-999,-999,-999,-999,120.767,30.186,121.329,30.326,122.047,30.506,121.802,30.445,121.705,30.42,0.0,0.0,0.0,0.0,-1.0,-1.0,-1.0,-1.0,-1.0,1.0,-999,-999,0.0,0.0,0.0,nan,nan,0.0,0.0,-999,-999,-999,-999,-999,119998,119990
24396,8.5831,LH2,-1.531,29.045,3.632,7.865,PI+SIDIS,0.25,3.3,0.52,2.0,48.289,27.671,48.822,27.977,48.769,27.946,48.737,27.928,48.618,27.86,0.9999,0.9991,0.9854,0.9788,-1.0,-1.0,-1.0,-1.0,-1.0,1.0,-999,-999,2568.0,1820.83,51.8896,38.1069,1.08596,51.2256,0.336474,-999,-999,-999,-999,-999,986391,18019054
24397,8.5831,LH2,-1.531,29.045,3.632,7.865,PI+SIDIS,0.25,3.3,0.52,2.0,48.453,27.345,49.095,27.707,49.064,27.69,49.025,27.668,48.872,27.581,0.9997,0.9992,0.9818,0.9793,-1.0,-1.0,-1.0,-1.0,-1.0,1.0,-999,-999,2548.0,1848.33,51.6199,38.4585,1.07406,51.2211,0.329718,-999,-999,-999,-999,-999,992566,18464226
24398,8.5831,LH2,-1.531,29.045,3.632,7.865,PI+SIDIS,0.25,3.3,0.52,2.0,32.126,18.749,32.749,19.112,32.7,19.084,32.662,19.061,32.615,19.034,0.9997,0.9993,0.9897,0.9828,-1.0,-1.0,-1.0,-1.0,-1.0,1.0,-999,-999,1624.0,1288.0,40.9878,40.0317,1.27392,51.2245,0.342672,-999,-999,-999,-999,-999,665608,9651518
24399,8.5831,LH2,-1.531,29.045,3.632,7.865,PI+SIDIS,0.25,3.3,0.52,2.0,14.845,9.914,15.225,10.168,15.187,10.142,15.176,10.135,15.139,10.111,0.9996,0.9996,0.9869,0.9845,-1.0,-1.0,-1.0,-1.0,-1.0,1.0,-999,-999,676.0,589.833,26.2747,39.3679,1.75368,51.2234,0.328435,-999,-999,-999,-999,-999,309478,3269466
24400,8.5831,Dummy,-1.531,29.045,3.632,7.865,PI+SIDIS,0.25,3.3,0.52,2.0,48.616,36.831,49.626,37.596,49.764,37.7,49.703,37.654,49.614,37.587,0.9996,0.9989,0.9842,0.977,-1.0,-1.0,-1.0,-1.0,-1.0,1.0,-999,-999,1427.0,944.0,38.8265,19.4805,0.801228,51.2113,0.347318,-999,-999,-999,-999,-999,725223,14657973
24401,8.5831,Dummy,-1.531,29.045,3.632,7.865,PI+SIDIS,0.25,3.3,0.52,2.0,51.353,34.433,52.405,35.138,52.607,35.273,52.518,35.214,52.409,35.141,0.9998,0.9991,0.9844,0.9777,-1.0,-1.0,-1.0,-1.0,-1.0,1.0,-999,-999,1472.0,968.333,39.4455,18.9048,0.770096,51.2188,0.344789,-999,-999,-999,-999,-999,764302,15365011
24402,8.5831,Dummy,-1.531,29.045,3.632,7.865,PI+SIDIS,0.25,3.3,0.52,2.0,68.45,37.655,69.778,38.385,70.022,38.519,69.931,38.469,69.785,38.389,0.9998,0.9988,0.9851,0.9771,-1.0,-1.0,-1.0,-1.0,-1.0,1.0,-999,-999,1996.0,1312.0,45.9347,19.2489,0.673929,51.2135,0.338557,-999,-999,-999,-999,-999,1018667,20431873
24404,8.5831,C,-1.531,29.045,3.632,7.865,PI+SIDIS,0.25,3.3,0.52,2.0,42.724,23.505,43.535,23.952,43.628,24.002,43.548,23.958,43.475,23.918,0.9998,0.9992,0.9871,0.9785,-1.0,-1.0,-1.0,-1.0,-1.0,1.0,-999,-999,2401.0,1607.33,50.3317,37.743,1.18188,51.2116,0.35402,-999,-999,-999,-999,-999,1152335,18181931
24405,8.5831,C,-1.531,29.045,3.632,7.865,PI+SIDIS,0.25,3.3,0.52,2.0,20.819,11.971,21.322,12.26,21.324,12.261,21.291,12.242,21.249,12.218,0.9998,0.9991,0.9896,0.9853,-1.0,-1.0,-1.0,-1.0,-1.0,1.0,-999,-999,1038.0,843.833,32.7164,40.1758,1.55766,51.224,0.342757,-999,-999,-999,-999,-999,561808,6066163
24406,8.5831,Cu,-1.531,29.045,3.632,7.865,PI+SIDIS,0.25,3.3,0.52,2.0,48.252,27.637,49.266,28.217,49.386,28.286,49.323,28.25,49.211,28.186,0.9999,0.999,0.9841,0.9774,-1.0,-1.0,-1.0,-1.0,-1.0,1.0,-999,-999,1786.0,1047.0,43.694,21.7481,0.907603,51.2113,0.344144,-999,-999,-999,-999,-999,1146532,21822108
24407,8.5831,Cu,-1.531,29.045,3.632,7.865,PI+SIDIS,0.25,3.3,0.52,2.0,48.098,26.577,49.115,27.139,49.266,27.222,49.179,27.174,49.076,27.118,0.9997,0.9989,0.9843,0.9764,-1.0,-1.0,-1.0,-1.0,-1.0,1.0,-999,-999,1796.0,1067.83,43.7877,22.2755,0.913431,51.2195,0.355076,-999,-999,-999,-999,-999,1145077,21780973
24408,8.5831,Cu,-1.531,29.045,3.632,7.865,PI+SIDIS,0.25,3.3,0.52,2.0,50.791,28.068,51.857,28.657,51.992,28.731,51.922,28.693,51.835,28.645,0.9998,0.9989,0.984,0.9769,-1.0,-1.0,-1.0,-1.0,-1.0,1.0,-999,-999,1847.0,1096.5,44.4081,21.6512,0.876872,51.2,0.343899,-999,-999,-999,-999,-999,1208287,31026789
24409,8.5831,Cu,-1.531,29.045,3.632,7.865,PI+SIDIS,0.25,3.3,0.52,2.0,45.609,26.741,46.574,27.306,46.726,27.396,46.644,27.347,46.569,27.304,0.9998,0.9989,0.9832,0.9764,-1.0,-1.0,-1.0,-1.0,-1.0,1.0,-999,-999,1729.0,1025.0,42.969,22.5464,0.945166,51.2078,0.347494,-999,-999,-999,-999,-999,1084528,36369891
24410,8.5831,Cu,-1.531,29.045,3.632,7.865,PI+SIDIS,0.25,3.3,0.52,2.0,46.416,27.149,47.398,27.723,47.543,27.808,47.466,27.763,47.383,27.714,0.9998,0.9988,0.984,0.9771,-1.0,-1.0,-1.0,-1.0,-1.0,1.0,-999,-999,1720.0,1024.33,42.8479,22.1222,0.925375,51.2158,0.350762,-999,-999,-999,-999,-999,1103878,37352883
24411,8.5831,Al,-1.531,29.045,3.632,7.865,PI+SIDIS,0.25,3.3,0.52,2.0,60.06,48.06,61.331,49.078,61.749,49.413,61.633,49.319,61.551,49.254,0.9997,0.9991,0.987,0.9845,-1.0,-1.0,-1.0,-1.0,-1.0,1.0,-999,-999,907.0,745.0,30.5614,12.3425,0.506314,51.2248,0.319063,-999,-999,-999,-999,-999,495831,6694607
24412,8.5831,Al,-1.531,29.045,3.632,7.865,PI+SIDIS,0.25,3.3,0.52,2.0,75.845,43.618,77.477,44.556,77.437,44.533,77.312,44.462,76.964,44.261,0.9997,0.999,0.9885,0.9834,-1.0,-1.0,-1.0,-1.0,-1.0,1.0,-999,-999,1090.0,881.333,33.5377,11.5709,0.440312,51.2505,0.31183,-999,-999,-999,-999,-999,628163,5757227
24413,8.5831,Al,-1.531,29.045,3.632,7.865,PI+SIDIS,0.25,3.3,0.52,2.0,74.821,40.471,76.433,41.343,76.483,41.37,76.359,41.302,76.181,41.206,0.9999,0.999,0.9886,0.9834,-1.0,-1.0,-1.0,-1.0,-1.0,1.0,-999,-999,1034.0,820.5,32.7045,10.9173,0.435155,51.2406,0.345786,-999,-999,-999,-999,-999,617968,5502989
24414,8.5831,Al,-1.531,29.045,3.632,7.865,PI+SIDIS,0.25,3.3,0.52,2.0,82.768,45.703,84.529,46.676,84.755,46.801,84.678,46.758,84.502,46.661,0.9999,0.999,0.9902,0.9831,-1.0,-1.0,-1.0,-1.0,-1.0,1.0,-999,-999,1236.0,1005.83,35.6982,12.1054,0.429635,51.2467,0.3323,-999,-999,-999,-999,-999,684443,6213624
24415,8.5831,LD2,-1.531,29.045,3.632,7.865,PI+SIDIS,0.25,3.3,0.52,2.0,3.195,13.606,3.27,13.927,3.262,13.895,3.26,13.887,3.251,13.848,0.9998,0.9984,0.9858,0.9789,-1.0,-1.0,-1.0,-1.0,-1.0,1.0,-999,-999,291.0,205.833,17.4698,64.3226,5.45929,51.2223,0.358578,-999,-999,-999,-999,-999,126579,2150758
24416,8.5831,LD2,-1.531,29.045,3.632,7.865,PI+SIDIS,0.25,3.3,0.52,2.0,20.995,13.124,21.495,13.437,21.352,13.347,21.323,13.329,21.239,13.277,0.9997,0.9989,0.9838,0.9793,-1.0,-1.0,-1.0,-1.0,-1.0,1.0,-999,-999,1962.0,1355.17,45.4218,64.4052,2.1587,51.2615,0.33663,-999,-999,-999,-999,-999,836434,13492807
24417,8.5831,LD2,-1.531,29.045,3.632,7.865,PI+SIDIS,0.25,3.3,0.52,2.0,25.236,13.945,25.825,14.27,25.59,14.141,25.583,14.137,25.47,14.074,0.9997,0.9988,0.9864,0.9797,-1.0,-1.0,-1.0,-1.0,-1.0,1.0,-999,-999,2452.0,1689.5,50.7847,66.8036,2.00805,51.2657,0.330487,-999,-999,-999,-999,-999,1008588,16854439
24418,8.5831,LD2,-1.531,29.045,3.632,7.865,PI+SIDIS,0.25,3.3,0.52,2.0,25.768,13.509,26.371,13.825,26.135,13.701,26.112,13.689,26.002,13.632,0.9998,0.999,0.9858,0.9804,-1.0,-1.0,-1.0,-1.0,-1.0,1.0,-999,-999,2430.0,1671.5,50.561,64.6641,1.95602,51.2621,0.338912,-999,-999,-999,-999,-999,1028330,17150187
24419,8.5831,LD2,-1.531,29.045,3.632,7.865,PI+SIDIS,0.25,3.3,0.52,2.0,23.399,13.815,23.943,14.136,23.692,13.988,23.685,13.984,23.575,13.919,0.9997,0.9989,0.9872,0.9801,-1.0,-1.0,-1.0,-1.0,-1.0,1.0,-999,-999,2200.0,1513.83,48.1078,64.5375,2.05092,51.2733,0.338006,-999,-999,-999,-999,-999,935382,15471435
24421,8.5831,LD2,-1.531,29.045,3.632,7.865,PI+SIDIS,0.25,3.3,0.52,2.0,3.306,13.448,3.383,13.764,3.346,13.612,3.344,13.607,3.329,13.545,0.9998,0.9995,0.9855,0.9808,-1.0,-1.0,-1.0,-1.0,-1.0,1.0,-999,-999,349.0,255.333,19.0948,76.9748,5.75647,51.25,0.335027,-999,-999,-999,-999,-999,132061,2153743
24422,8.5831,LD2,-1.531,29.045,3.632,7.865,PI+SIDIS,0.25,3.3,0.52,2.0,15.052,13.465,15.405,13.782,15.243,13.637,15.231,13.626,15.166,13.568,0.9997,0.9992,0.9873,0.9826,-1.0,-1.0,-1.0,-1.0,-1.0,1.0,-999,-999,1465.0,1035.0,39.2003,68.4041,2.59079,51.268,0.330094,-999,-999,-999,-999,-999,601207,9608014
24423,8.5831,LD2,-1.531,29.045,3.632,7.865,PI+SIDIS,0.25,3.3,0.52,2.0,11.893,6.81,12.242,7.01,12.082,6.918,12.078,6.916,12.028,6.887,0.9998,0.9991,0.99,0.9858,-1.0,-1.0,-1.0,-1.0,-1.0,1.0,-999,-999,1029.0,847.5,32.5461,70.2409,2.69743,51.2825,0.329223,-999,-999,-999,-999,-999,475971,5400606
24424,8.5831,LH2,-1.531,29.045,3.632,7.865,PI+SIDIS,0.25,3.3,0.52,2.0,48.035,27.032,49.045,27.601,48.597,27.349,48.575,27.336,48.365,27.218,0.9998,0.9994,0.987,0.9809,-1.0,-1.0,-1.0,-1.0,-1.0,1.0,-999,-999,2494.0,1779.33,51.1186,36.9965,1.06288,51.2561,0.33578,-999,-999,-999,-999,-999,991882,18403169
24425,8.5831,LH2,-1.531,29.045,3.632,7.865,PI+SIDIS,0.25,3.3,0.52,2.0,48.865,27.349,49.897,27.927,49.45,27.677,49.432,27.667,49.226,27.552,0.9997,0.9994,0.9854,0.9811,-1.0,-1.0,-1.0,-1.0,-1.0,1.0,-999,-999,2598.0,1834.0,52.2047,37.4792,1.06684,51.2606,0.342446,-999,-999,-999,-999,-999,1010453,18584794
24426,8.5831,LH2,-1.531,29.045,3.632,7.865,PI+SIDIS,0.25,3.3,0.52,2.0,32.323,18.279,33.038,18.684,32.739,18.515,32.703,18.494,32.59,18.43,0.9997,0.9995,0.9857,0.9847,-1.0,-1.0,-1.0,-1.0,-1.0,1.0,-999,-999,1582.0,1209.83,40.5466,37.2007,1.24675,51.2806,0.334799,-999,-999,-999,-999,-999,669244,9671008
24427,8.5831,LH2,-1.531,29.045,3.632,7.865,PI+SIDIS,0.25,3.3,0.52,2.0,16.446,9.83,16.868,10.082,16.689,9.975,16.684,9.972,16.616,9.932,0.9998,0.9993,0.9881,0.9878,-1.0,-1.0,-1.0,-1.0,-1.0,1.0,-999,-999,733.0,643.333,27.3486,38.6191,1.64172,51.2437,0.328921,-999,-999,-999,-999,-999,344117,3604700
24428,8.5831,LD2,-1.531,29.045,2.615,7.865,PI+SIDIS,0.25,3.3,0.37,2.0,13.047,7.776,13.416,7.996,13.355,7.96,13.354,7.959,13.313,7.935,0.9998,0.9995,0.9827,0.9817,-1.0,-1.0,-1.0,-1.0,-1.0,1.0,-999,-999,1361.0,889.333,37.9422,67.5416,2.88157,51.2253,0.333277,-999,-999,-999,-999,-999,524741,9487743
24429,8.5831,LD2,-1.531,29.045,2.615,7.865,PI+SIDIS,0.25,3.3,0.37,2.0,14.131,7.917,14.527,8.139,14.475,8.11,14.477,8.111,14.428,8.084,0.9997,0.9996,0.9842,0.9819,-1.0,-1.0,-1.0,-1.0,-1.0,1.0,-999,-999,1417.0,890.5,38.7911,62.4512,2.72044,51.2069,0.348178,-999,-999,-999,-999,-999,567151,10495598
24430,8.5831,LD2,-1.531,29.045,2.615,7.865,PI+SIDIS,0.25,3.3,0.37,2.0,12.826,7.553,13.191,7.768,13.179,7.761,13.157,7.748,13.12,7.726,0.9997,0.9992,0.9876,0.9804,-1.0,-1.0,-1.0,-1.0,-1.0,1.0,-999,-999,1316.0,866.0,37.2961,66.9865,2.88491,51.1992,0.347242,-999,-999,-999,-999,-999,516125,9519045
24431,8.5831,LD2,-1.531,29.045,2.615,7.865,PI+SIDIS,0.25,3.3,0.37,2.0,13.226,7.757,13.6,7.976,13.586,7.967,13.574,7.96,13.544,7.943,0.9998,0.9994,0.9896,0.9815,-1.0,-1.0,-1.0,-1.0,-1.0,1.0,-999,-999,1376.0,895.333,38.159,67.0923,2.85947,51.2199,0.339378,-999,-999,-999,-999,-999,530091,9841839
24432,8.5831,LD2,-1.531,29.045,2.615,7.865,PI+SIDIS,0.25,3.3,0.37,2.0,13.057,7.746,13.427,7.966,13.418,7.96,13.407,7.954,13.384,7.94,0.9998,0.9994,0.9839,0.981,-1.0,-1.0,-1.0,-1.0,-1.0,1.0,-999,-999,1271.0,799.167,36.7374,60.6867,2.78975,51.1925,0.34789,-999,-999,-999,-999,-999,523818,9722151
24433,8.5831,LD2,-1.531,29.045,2.615,7.865,PI+SIDIS,0.25,3.3,0.37,2.0,14.748,7.887,15.163,8.11,15.157,8.107,15.146,8.1,15.113,8.083,0.9999,0.9994,0.9856,0.9826,-1.0,-1.0,-1.0,-1.0,-1.0,1.0,-999,-999,1588.0,1055.33,40.9485,70.8413,2.74875,51.2063,0.350147,-999,-999,-999,-999,-999,588763,11066408
24434,8.5831,LD2,-1.531,29.045,2.615,7.865,PI+SIDIS,0.25,3.3,0.37,2.0,14.019,7.897,14.414,8.119,14.328,8.07,14.324,8.068,14.262,8.033,0.9999,0.9991,0.9858,0.9819,-1.0,-1.0,-1.0,-1.0,-1.0,1.0,-999,-999,1491.0,989.0,39.6821,69.8896,2.80421,51.245,0.343288,-999,-999,-999,-999,-999,561712,10509389
24435,8.5831,LD2,-1.531,29.045,2.615,7.865,PI+SIDIS,0.25,3.3,0.37,2.0,14.136,7.908,14.531,8.129,14.419,8.066,14.424,8.069,14.376,8.042,0.9999,0.9992,0.9903,0.982,-1.0,-1.0,-1.0,-1.0,-1.0,1.0,-999,-999,1478.0,972.333,39.5257,68.1515,2.77038,51.2367,0.332268,-999,-999,-999,-999,-999,566108,10568918
24436,8.5831,LD2,-1.531,29.045,2.615,7.865,PI+SIDIS,0.25,3.3,0.37,2.0,14.414,7.951,14.707,8.113,14.645,8.079,14.648,8.08,14.615,8.062,0.9998,0.9992,0.985,0.9824,-1.0,-1.0,-1.0,-1.0,-1.0,1.0,-999,-999,1457.0,940.833,39.2814,65.1357,2.71952,51.2253,0.330503,-999,-999,-999,-999,-999,570699,10710208
24437,8.5831,LD2,-1.531,29.045,2.615,7.865,PI+SIDIS,0.25,3.3,0.37,2.0,14.184,7.946,14.51,8.129,14.481,8.112,14.479,8.112,14.451,8.095,0.9998,0.9993,0.9847,0.9817,-1.0,-1.0,-1.0,-1.0,-1.0,1.0,-999,-999,1497.0,991.167,39.7656,69.601,2.79239,51.2046,0.32561,-999,-999,-999,-999,-999,564012,10592508
24438,8.5831,LD2,-1.531,29.045,2.615,7.865,HMSDIS,0.25,3.3,-999,-999,7447.376,7.965,7638.364,8.17,7632.613,8.163,7630.462,8.161,7612.881,8.142,0.9997,0.9992,-999,-999,-1.0,-1.0,-1.0,1.0,-1.0,-1.0,-999,-999,-999,-999,-999,25.419,0.0577409,-999,-999,-999,-999,-999,-999,-999,295827,5594183
24440,8.5831,LD2,-1.531,29.045,2.615,7.865,HMSDIS,0.25,3.3,-999,-999,6843.56,7.986,7004.486,8.173,7007.139,8.177,7002.308,8.171,6986.147,8.152,0.9997,0.9993,-999,-999,-1.0,-1.0,9.0,-1.0,-1.0,-1.0,-999,-999,-999,-999,-999,25.6221,0.181571,-999,-999,-999,-999,-999,-999,-999,271310,5148375
24441,8.5831,LD2,-1.531,29.045,2.615,7.865,SHMSDIS,0.04,0.4,-999,-999,13749.511,7.897,14094.796,8.096,14037.216,8.063,14031.885,8.06,13969.95,8.024,-999,-999,0.9841,0.9775,-1.0,33.0,-1.0,-1.0,-1.0,-1.0,-999,-999,-999,-999,-999,-85662.3,-142.759,-999,-999,-999,-999,-999,-999,-999,548811,10267697
24442,8.5831,LH2,-1.531,29.045,2.615,7.865,PI+SIDIS,0.25,3.3,0.37,2.0,28.428,15.756,29.021,16.084,28.86,15.995,28.827,15.977,28.78,15.951,0.9997,0.999,0.9854,0.9806,-1.0,-1.0,-1.0,-1.0,-1.0,1.0,-999,-999,1635.0,1097.0,41.5291,38.5615,1.45982,51.2371,0.334824,-999,-999,-999,-999,-999,590009,11827351
24443,8.5831,LH2,-1.531,29.045,2.615,7.865,PI+SIDIS,0.25,3.3,0.37,2.0,26.521,15.684,27.062,16.004,27.003,15.969,26.976,15.953,26.952,15.939,1.0,0.9991,0.9842,0.9798,-1.0,-1.0,-1.0,-1.0,1.0,-1.0,-999,-999,1513.0,1088.33,39.7967,41.0754,1.50199,51.2209,0.360052,-999,-999,-999,-999,-999,548782,10968466
24444,8.5831,LH2,-1.531,29.045,2.615,7.865,PI+SIDIS,0.25,3.3,0.37,2.0,26.059,15.597,26.602,15.922,26.607,15.925,26.566,15.9,26.544,15.887,0.9999,0.9993,0.9833,0.9803,-1.0,-1.0,-1.0,-1.0,-1.0,1.0,-999,-999,1460.0,981.167,39.2404,37.6297,1.50494,51.2181,0.336338,-999,-999,-999,-999,-999,539213,10757178
24445,8.5831,LH2,-1.531,29.045,2.615,7.865,PI+SIDIS,0.25,3.3,0.37,2.0,4.538,15.969,4.634,16.305,4.636,16.312,4.628,16.287,4.627,16.281,0.9997,0.9996,0.9872,0.9793,-1.0,-1.0,-1.0,-1.0,-1.0,1.0,-999,-999,276.0,190.833,17.0351,42.0658,3.75508,51.2228,0.382834,-999,-999,-999,-999,-999,94661,1884074
24446,8.5831,LH2,-1.531,29.045,2.615,7.865,PI+SIDIS,0.25,3.3,0.37,2.0,14.821,15.707,15.135,16.039,15.154,16.059,15.128,16.032,15.118,16.021,0.9998,0.9989,0.9851,0.98,-1.0,-1.0,-1.0,-1.0,-1.0,1.0,-999,-999,777.0,505.5,28.6749,34.0902,1.9338,51.1854,0.345838,-999,-999,-999,-999,-999,307208,6197683
24447,8.5831,LH2,-1.531,29.045,2.615,7.865,PI+SIDIS,0.25,3.3,0.37,2.0,24.361,15.865,24.582,16.009,24.637,16.045,24.588,16.013,24.581,16.009,0.9997,0.9987,0.9885,0.9785,-1.0,-1.0,-1.0,-1.0,-1.0,1.0,-999,-999,1357.0,927.5,37.7966,38.5729,1.57188,51.2232,0.339691,-999,-999,-999,-999,-999,499562,9569396
24448,8.5831,LH2,-1.531,29.045,2.615,7.865,PI+SIDIS,0.25,3.3,0.37,2.0,9.792,16.02,9.955,16.288,9.945,16.271,9.927,16.241,9.906,16.207,0.9999,0.9986,0.9804,0.9776,-1.0,-1.0,-1.0,-1.0,-1.0,1.0,-999,-999,568.0,395.333,24.429,40.6268,2.51047,51.2219,0.35163,-999,-999,-999,-999,-999,202510,4001407
24449,8.5831,LH2,-1.531,29.045,2.615,7.865,PI+SIDIS,0.25,3.3,0.37,2.0,28.314,15.652,28.589,15.805,28.454,15.73,28.406,15.704,28.37,15.683,0.9998,0.9989,0.9836,0.9767,-1.0,-1.0,-1.0,-1.0,-1.0,1.0,-999,-999,1554.0,1041.33,40.4901,37.3032,1.45046,51.2382,0.341916,-999,-999,-999,-999,-999,579224,11506014
24450,8.5831,LH2,-1.531,29.045,2.615,7.865,PI+SIDIS,0.25,3.3,0.37,2.0,28.73,15.931,28.886,16.018,28.823,15.982,28.788,15.963,28.786,15.962,0.9998,0.9988,0.9803,0.9774,-1.0,-1.0,-1.0,-1.0,-1.0,1.0,-999,-999,1602.0,1095.33,41.0663,38.8042,1.45485,51.2252,0.345638,-999,-999,-999,-999,-999,588859,11751232
24451,8.5831,LH2,-1.531,29.045,2.615,7.865,PI+SIDIS,0.25,3.3,0.37,2.0,26.227,15.962,26.371,16.049,26.361,16.043,26.326,16.022,26.317,16.016,0.9999,0.9986,0.9845,0.9773,-1.0,-1.0,-1.0,-1.0,-1.0,1.0,-999,-999,1485.0,1006.67,39.5566,39.0654,1.53506,51.2199,0.347368,-999,-999,-999,-999,-999,536397,10695439
24452,8.5831,LH2,-1.531,29.045,2.615,7.865,PI+SIDIS,0.25,3.3,0.37,2.0,29.356,16.25,29.6,16.385,29.63,16.401,29.586,16.377,29.577,16.372,0.9997,0.9987,0.9784,0.9759,-1.0,-1.0,-1.0,-1.0,-1.0,1.0,-999,-999,1603.0,1076.33,41.1191,37.2738,1.42397,51.2276,0.330233,-999,-999,-999,-999,-999,600377,12005064
24453,8.5831,LH2,-1.531,29.045,2.615,7.865,PI+SIDIS,0.25,3.3,0.37,2.0,27.866,15.951,28.22,16.154,28.282,16.189,28.227,16.158,28.236,16.163,0.9998,0.9987,0.9823,0.9757,-1.0,-1.0,-1.0,-1.0,-1.0,1.0,-999,-999,1628.0,1105.67,41.4132,40.1656,1.50442,51.2021,0.356186,-999,-999,-999,-999,-999,572573,11412858
24454,8.5831,LH2,-1.531,29.045,2.615,7.865,PI+SIDIS,0.25,3.3,0.37,2.0,15.369,7.955,15.623,8.086,15.605,8.077,15.59,8.069,15.55,8.048,0.9997,0.9994,0.9882,0.9812,-1.0,-1.0,-1.0,-1.0,-1.0,1.0,-999,-999,807.0,666.5,28.817,43.4919,1.88043,51.2233,0.327736,-999,-999,-999,-999,-999,318267,4647234
24455,8.5831,LH2,-1.531,29.045,2.615,7.865,HMSDIS,0.25,3.3,-999,-999,6824.892,8.015,6940.442,8.151,6882.887,8.083,6881.03,8.081,6846.053,8.04,0.9997,0.9989,-999,-999,-1.0,-1.0,-1.0,1.0,-1.0,-1.0,-999,-999,-999,-999,-999,13.6346,0.0443389,-999,-999,-999,-999,-999,-999,-999,141354,2062734
24456,8.5831,LH2,-1.531,29.045,2.615,7.865,HMSDIS,0.25,3.3,-999,-999,11273.402,7.794,11513.377,7.96,11429.794,7.902,11424.739,7.899,11392.214,7.876,0.9997,0.9988,-999,-999,-1.0,-1.0,5.0,-1.0,-1.0,-1.0,-999,-999,-999,-999,-999,13.774,0.0773773,-999,-999,-999,-999,-999,-999,-999,234877,3408082
24458,8.5831,LH2,-1.531,29.045,2.615,7.865,SHMSDIS,0.04,0.4,-999,-999,7028.507,8.035,7212.16,8.245,7186.397,8.216,7188.336,8.218,7175.638,8.204,-999,-999,0.9851,0.9819,-1.0,17.0,-1.0,-1.0,-1.0,-1.0,-999,-999,-999,-999,-999,-34493.4,-90.8489,-999,-999,-999,-999,-999,-999,-999,146648,2156552
24460,8.5831,Dummy,-1.531,29.045,2.615,7.865,PI+SIDIS,0.25,3.3,0.37,2.0,34.095,19.897,34.827,20.324,34.894,20.363,34.836,20.329,34.829,20.325,0.9997,0.9986,0.9792,0.9768,-1.0,-1.0,-1.0,-1.0,-1.0,1.0,-999,-999,1112.0,638.667,34.5093,18.7807,1.01479,51.1937,0.334484,-999,-999,-999,-999,-999,508457,11367055
24461,8.5831,Dummy,-1.531,29.045,2.615,7.865,PI+SIDIS,0.25,3.3,0.37,2.0,9.673,17.978,9.889,18.378,9.919,18.435,9.888,18.377,9.882,18.366,1.0,0.9983,0.9845,0.9777,-1.0,-1.0,-1.0,-1.0,-1.0,1.0,-999,-999,357.0,217.167,19.5014,22.4622,2.01709,51.1645,0.312141,-999,-999,-999,-999,-999,144422,3200977
24463,8.5831,Dummy,-1.531,29.045,2.615,7.865,PI+SIDIS,0.25,3.3,0.37,2.0,24.307,19.807,24.836,20.238,24.708,20.133,24.675,20.106,24.604,20.048,0.9996,0.9988,0.9789,0.978,-1.0,-1.0,-1.0,-1.0,-1.0,1.0,-999,-999,890.0,550.5,30.7666,22.6742,1.26722,51.2651,0.332693,-999,-999,-999,-999,-999,362833,8059966
24464,8.5831,Dummy,-1.531,29.045,2.615,7.865,PI+SIDIS,0.25,3.3,0.37,2.0,34.555,20.012,35.295,20.44,35.142,20.352,35.105,20.33,35.063,20.306,0.9997,0.9984,0.982,0.9767,-1.0,-1.0,-1.0,-1.0,-1.0,1.0,-999,-999,1162.0,667.333,35.2767,19.365,1.02368,51.2597,0.350765,-999,-999,-999,-999,-999,516456,11427030
24465,8.5831,Dummy,-1.531,29.045,2.615,7.865,HMSDIS,0.25,3.3,-999,-999,8859.467,10.084,8969.213,10.209,8943.246,10.179,8938.961,10.174,8932.168,10.166,0.9998,0.9987,-999,-999,-1.0,-1.0,-1.0,1.0,-1.0,-1.0,-999,-999,-999,-999,-999,9.68161,0.0328623,-999,-999,-999,-999,-999,-999,-999,130968,2148070
24466,8.5831,Dummy,-1.531,29.045,2.615,7.865,HMSDIS,0.25,3.3,-999,-999,9179.779,9.981,9258.276,10.066,9249.509,10.057,9240.233,10.047,9230.785,10.037,0.9997,0.9988,-999,-999,-1.0,-1.0,5.0,-1.0,-1.0,-1.0,-999,-999,-999,-999,-999,9.59646,0.0720013,-999,-999,-999,-999,-999,-999,-999,134893,2219575
24468,8.5831,Dummy,-1.531,29.045,2.615,7.865,SHMSDIS,0.04,0.4,-999,-999,8926.631,9.973,9060.449,10.122,9065.487,10.128,9056.072,10.118,9045.455,10.106,-999,-999,0.9847,0.9803,-1.0,17.0,-1.0,-1.0,-1.0,-1.0,-999,-999,-999,-999,-999,-30051.8,-75.6716,-999,-999,-999,-999,-999,-999,-999,131659,2174645
24469,8.5831,C,-1.531,29.045,2.615,7.865,PI+SIDIS,0.25,3.3,0.37,2.0,20.786,11.958,21.031,12.099,20.909,12.028,20.891,12.018,20.828,11.982,0.9996,0.9987,0.9834,0.9751,-1.0,-1.0,-1.0,-1.0,-1.0,1.0,-999,-999,1370.0,867.0,38.1292,42.2971,1.86015,51.2699,0.346049,-999,-999,-999,-999,-999,553893,9653492
24470,8.5831,C,-1.531,29.045,2.615,7.865,PI+SIDIS,0.25,3.3,0.37,2.0,20.156,11.8,20.491,11.996,20.343,11.909,20.325,11.898,20.278,11.871,0.9998,0.9984,0.9794,0.974,-1.0,-1.0,-1.0,-1.0,-1.0,1.0,-999,-999,1282.0,808.0,36.8917,40.4926,1.84882,51.2667,0.35536,-999,-999,-999,-999,-999,540453,9422383
24471,8.5831,C,-1.531,29.045,2.615,7.865,PI+SIDIS,0.25,3.3,0.37,2.0,21.947,12.135,22.416,12.395,22.36,12.364,22.341,12.353,22.332,12.348,0.9997,0.9985,0.9836,0.9745,-1.0,-1.0,-1.0,-1.0,-1.0,1.0,-999,-999,1414.0,872.667,38.7843,39.9637,1.77612,51.2167,0.329897,-999,-999,-999,-999,-999,591716,10407074
24472,8.5831,C,-1.531,29.045,2.615,7.865,PI+SIDIS,0.25,3.3,0.37,2.0,12.783,11.83,13.093,12.116,13.1,12.123,13.08,12.105,13.075,12.1,0.9995,0.9984,0.9848,0.977,-1.0,-1.0,-1.0,-1.0,-1.0,1.0,-999,-999,787.0,485.167,28.9362,37.9484,2.26331,51.218,0.370953,-999,-999,-999,-999,-999,344571,6057650
24473,8.5831,C,-1.531,29.045,2.615,7.865,PI+SIDIS,0.25,3.3,0.37,2.0,5.99,11.636,6.138,11.923,6.092,11.834,6.086,11.822,6.069,11.789,1.0,0.9988,0.987,0.975,-1.0,-1.0,-1.0,-1.0,-1.0,1.0,-999,-999,388.0,245.167,20.293,40.9666,3.3909,51.3112,0.322577,-999,-999,-999,-999,-999,162357,2781433
24474,8.5831,C,-1.531,29.045,2.615,7.865,PI+SIDIS,0.25,3.3,0.37,2.0,23.78,12.02,24.358,12.312,24.17,12.217,24.152,12.207,24.106,12.184,0.9999,0.9986,0.9805,0.9737,-1.0,-1.0,-1.0,-1.0,-1.0,1.0,-999,-999,1519.0,930.333,40.2133,39.2318,1.69578,51.275,0.337837,-999,-999,-999,-999,-999,642755,11220804
24475,8.5831,C,-1.531,29.045,2.615,7.865,PI+SIDIS,0.25,3.3,0.37,2.0,21.244,11.827,21.761,12.115,21.727,12.096,21.701,12.081,21.688,12.074,0.9997,0.9983,0.9789,0.9747,-1.0,-1.0,-1.0,-1.0,-1.0,1.0,-999,-999,1426.0,919.333,38.8644,43.3589,1.83298,51.2526,0.348724,-999,-999,-999,-999,-999,573702,10064079
24476,8.5831,C,-1.531,29.045,2.615,7.865,PI+SIDIS,0.25,3.3,0.37,2.0,21.086,11.934,21.606,12.228,21.614,12.233,21.581,12.214,21.566,12.205,0.9998,0.998,0.9825,0.9735,-1.0,-1.0,-1.0,-1.0,-1.0,1.0,-999,-999,1327.0,805.333,37.6025,38.2959,1.7881,51.2335,0.338147,-999,-999,-999,-999,-999,570845,10027740
24477,8.5831,C,-1.531,29.045,2.615,7.865,PI+SIDIS,0.25,3.3,0.37,2.0,19.943,11.974,20.43,12.266,20.324,12.202,20.3,12.188,20.241,12.153,0.9997,0.9983,0.9857,0.9738,-1.0,-1.0,-1.0,-1.0,-1.0,1.0,-999,-999,1289.0,808.5,37.0011,40.6532,1.8605,51.2683,0.333772,-999,-999,-999,-999,-999,539614,9471790
24478,8.5831,C,-1.531,29.045,2.615,7.865,PI+SIDIS,0.25,3.3,0.37,2.0,23.072,12.124,23.639,12.422,23.457,12.326,23.439,12.317,23.391,12.292,0.9997,0.9986,0.9797,0.9744,-1.0,-1.0,-1.0,-1.0,-1.0,1.0,-999,-999,1504.0,923.5,40.0094,40.1073,1.7376,51.2782,0.338068,-999,-999,-999,-999,-999,621898,10989449
24479,8.5831,C,-1.531,29.045,2.615,7.865,PI+SIDIS,0.25,3.3,0.37,2.0,18.466,11.538,18.925,11.825,18.892,11.804,18.865,11.788,18.857,11.782,0.9998,0.9982,0.9812,0.9746,-1.0,-1.0,-1.0,-1.0,-1.0,1.0,-999,-999,1264.0,813.5,36.5935,44.1159,1.98446,51.2311,0.349602,-999,-999,-999,-999,-999,498887,8741345
24480,8.5831,C,-1.531,29.045,2.615,7.865,PI+SIDIS,0.25,3.3,0.37,2.0,10.783,5.895,11.128,6.084,11.114,6.076,11.087,6.062,11.091,6.064,1.0,0.9986,0.9863,0.9806,-1.0,-1.0,-1.0,-1.0,-1.0,1.0,-999,-999,568.0,432.167,24.3031,39.605,2.22721,51.2245,0.323988,-999,-999,-999,-999,-999,291769,3895814
24481,8.5831,C,-1.531,29.045,2.615,7.865,HMSDIS,0.25,3.3,-999,-999,5411.009,5.984,5583.057,6.174,5554.958,6.143,5546.948,6.134,5537.43,6.123,0.9998,0.9986,-999,-999,-1.0,-1.0,-1.0,1.0,-1.0,-1.0,-999,-999,-999,-999,-999,17.4402,0.055912,-999,-999,-999,-999,-999,-999,-999,146905,1959359
24482,8.5831,C,-1.531,29.045,2.615,7.865,HMSDIS,0.25,3.3,-999,-999,4242.308,5.939,4376.607,6.127,4340.707,6.076,4335.661,6.069,4328.856,6.06,0.9998,0.9987,-999,-999,-1.0,-1.0,1.0,-1.0,-1.0,-1.0,-999,-999,-999,-999,-999,17.4915,0.08514,-999,-999,-999,-999,-999,-999,-999,115147,1528383
24483,8.5831,C,-1.531,29.045,2.615,7.865,HMSDIS,0.25,3.3,-999,-999,5461.026,5.942,5633.977,6.13,5601.142,6.095,5595.408,6.088,5590.412,6.083,0.9995,0.9986,-999,-999,-1.0,-1.0,5.0,-1.0,-1.0,-1.0,-999,-999,-999,-999,-999,17.5112,0.124755,-999,-999,-999,-999,-999,-999,-999,147664,1965725
24484,8.5831,C,-1.531,29.045,2.615,7.865,SHMSDIS,0.04,0.4,-999,-999,4196.649,5.83,4330.788,6.017,4318.338,5.999,4309.822,5.988,4309.286,5.987,-999,-999,0.9852,0.9802,-1.0,1.0,-1.0,-1.0,-1.0,-1.0,-999,-999,-999,-999,-999,-7159.55,-12.9538,-999,-999,-999,-999,-999,-999,-999,113321,1508118
24485,8.5831,Cu,-1.531,29.045,2.615,7.865,PI+SIDIS,0.25,3.3,0.37,2.0,15.901,11.743,16.297,12.036,16.299,12.037,16.275,12.019,16.266,12.012,0.9999,0.9979,0.9834,0.9739,-1.0,-1.0,-1.0,-1.0,-1.0,1.0,-999,-999,654.0,324.667,26.625,20.4591,1.67779,51.2408,0.328601,-999,-999,-999,-999,-999,380377,8010787
24486,8.5831,Cu,-1.531,29.045,2.615,7.865,PI+SIDIS,0.25,3.3,0.37,2.0,20.586,11.902,21.097,12.197,20.97,12.124,20.95,12.112,20.902,12.084,0.9997,0.9982,0.978,0.9744,-1.0,-1.0,-1.0,-1.0,-1.0,1.0,-999,-999,897.0,486.333,31.0716,23.6658,1.512,51.305,0.336952,-999,-999,-999,-999,-999,491817,10408423
24487,8.5831,Cu,-1.531,29.045,2.615,7.865,PI+SIDIS,0.25,3.3,0.37,2.0,19.534,11.909,20.015,12.202,19.925,12.147,19.913,12.14,19.895,12.13,0.9999,0.9981,0.979,0.9712,-1.0,-1.0,-1.0,-1.0,-1.0,1.0,-999,-999,896.0,511.5,30.9852,26.318,1.59427,51.2589,0.33367,-999,-999,-999,-999,-999,466929,9902264
24488,8.5831,Cu,-1.531,29.045,2.615,7.865,PI+SIDIS,0.25,3.3,0.37,2.0,18.696,11.693,19.159,11.983,19.153,11.979,19.133,11.966,19.131,11.965,0.9997,0.9981,0.985,0.9747,-1.0,-1.0,-1.0,-1.0,-1.0,1.0,-999,-999,803.0,445.0,29.3712,23.8367,1.57329,51.2221,0.327654,-999,-999,-999,-999,-999,446914,9461439
24489,8.5831,Cu,-1.531,29.045,2.615,7.865,PI+SIDIS,0.25,3.3,0.37,2.0,16.229,11.961,16.63,12.256,16.632,12.258,16.61,12.242,16.602,12.236,0.9998,0.998,0.9818,0.9732,-1.0,-1.0,-1.0,-1.0,-1.0,1.0,-999,-999,692.0,374.333,27.2937,23.1344,1.68679,51.2393,0.335141,-999,-999,-999,-999,-999,389154,8254707
24490,8.5831,Cu,-1.531,29.045,2.615,7.865,PI+SIDIS,0.25,3.3,0.37,2.0,18.296,11.938,18.752,12.236,18.608,12.142,18.592,12.131,18.548,12.103,0.9998,0.998,0.9767,0.9745,-1.0,-1.0,-1.0,-1.0,-1.0,1.0,-999,-999,846.0,484.0,30.1054,26.4919,1.64783,51.2859,0.337664,-999,-999,-999,-999,-999,439560,9281288
24491,8.5831,Cu,-1.531,29.045,2.615,7.865,PI+SIDIS,0.25,3.3,0.37,2.0,18.83,11.812,19.298,12.105,19.187,12.036,19.175,12.028,19.155,12.016,0.9997,0.9981,0.9807,0.9722,-1.0,-1.0,-1.0,-1.0,-1.0,1.0,-999,-999,832.0,449.167,29.93,23.9489,1.59583,51.2471,0.342938,-999,-999,-999,-999,-999,451363,9511462
24492,8.5831,Cu,-1.531,29.045,2.615,7.865,PI+SIDIS,0.25,3.3,0.37,2.0,19.068,11.872,19.538,12.164,19.51,12.147,19.495,12.138,19.491,12.135,0.9999,0.9981,0.9843,0.9741,-1.0,-1.0,-1.0,-1.0,-1.0,1.0,-999,-999,803.0,433.167,29.4047,22.7637,1.54528,51.233,0.343571,-999,-999,-999,-999,-999,457054,9663481
24493,8.5831,Cu,-1.531,29.045,2.615,7.865,PI+SIDIS,0.25,3.3,0.37,2.0,21.131,11.943,21.656,12.24,21.677,12.252,21.653,12.238,21.656,12.24,0.9998,0.998,0.9798,0.9721,-1.0,-1.0,-1.0,-1.0,-1.0,1.0,-999,-999,931.0,520.5,31.6136,24.7308,1.50207,51.2381,0.3404,-999,-999,-999,-999,-999,504284,10733887
24494,8.5831,Cu,-1.531,29.045,2.615,7.865,PI+SIDIS,0.25,3.3,0.37,2.0,20.114,11.914,20.616,12.211,20.656,12.235,20.629,12.219,20.63,12.22,0.9998,0.9976,0.9813,0.9724,-1.0,-1.0,-1.0,-1.0,-1.0,1.0,-999,-999,870.0,475.5,30.59,23.7248,1.52627,51.2467,0.317969,-999,-999,-999,-999,-999,481392,10212190
24495,8.5831,Cu,-1.531,29.045,2.615,7.865,HMSDIS,0.25,3.3,-999,-999,5076.919,5.927,5239.939,6.117,5240.14,6.118,5228.788,6.104,5232.221,6.108,0.9998,0.9982,-999,-999,-1.0,-1.0,-1.0,1.0,-1.0,-1.0,-999,-999,-999,-999,-999,15.4278,0.0542804,-999,-999,-999,-999,-999,-999,-999,122097,2026047
24496,8.5831,Cu,-1.531,29.045,2.615,7.865,HMSDIS,0.25,3.3,-999,-999,4946.835,5.824,5106.689,6.012,5108.816,6.015,5096.924,6.001,5102.216,6.007,0.9997,0.9982,-999,-999,-1.0,-1.0,1.0,-1.0,-1.0,-1.0,-999,-999,-999,-999,-999,15.4507,0.0699426,-999,-999,-999,-999,-999,-999,-999,118488,1970933
24497,8.5831,Cu,-1.531,29.045,2.615,7.865,SHMSDIS,0.04,0.4,-999,-999,5324.262,5.938,5494.96,6.128,5496.028,6.129,5484.342,6.116,5489.065,6.122,-999,-999,0.9851,0.9789,-1.0,17.0,-1.0,-1.0,-1.0,-1.0,-999,-999,-999,-999,-999,-45123.3,-119.043,-999,-999,-999,-999,-999,-999,-999,127118,2131503
24498,8.5831,Cu,-1.531,29.045,2.615,7.865,HMSDIS,0.25,3.3,-999,-999,5213.189,5.897,5380.257,6.086,5382.223,6.088,5370.441,6.075,5373.348,6.078,0.9998,0.9981,-999,-999,-1.0,-1.0,5.0,-1.0,-1.0,-1.0,-999,-999,-999,-999,-999,15.6656,0.120723,-999,-999,-999,-999,-999,-999,-999,124894,2083063
24499,8.5831,Cu,-1.531,29.045,2.615,7.865,PI+SIDIS,0.25,3.3,0.37,2.0,23.021,13.987,23.572,14.322,23.646,14.367,23.61,14.345,23.611,14.346,0.9998,0.9977,0.9794,0.9708,-1.0,-1.0,-1.0,-1.0,-1.0,1.0,-999,-999,1056.0,537.5,33.7997,23.4945,1.47741,51.2314,0.353831,-999,-999,-999,-999,-999,549478,12545438
24500,8.5831,Cu,-1.531,29.045,2.615,7.865,PI+SIDIS,0.25,3.3,0.37,2.0,25.152,14.068,25.754,14.405,25.833,14.449,25.799,14.43,25.803,14.432,0.9997,0.9977,0.979,0.9698,-1.0,-1.0,-1.0,-1.0,-1.0,1.0,-999,-999,1173.0,595.667,35.6261,23.8577,1.4269,51.2361,0.351308,-999,-999,-999,-999,-999,598808,13677265
24501,8.5831,LD2,-1.531,29.045,2.615,7.865,PI+SIDIS,0.25,3.3,0.37,2.0,12.387,7.796,12.739,8.018,12.768,8.036,12.755,8.028,12.743,8.02,0.9998,0.9976,0.9796,0.9724,-1.0,-1.0,-1.0,-1.0,-1.0,1.0,-999,-999,1218.0,789.833,35.9077,63.7781,2.8995,51.2358,0.343929,-999,-999,-999,-999,-999,493675,9389680
24502,8.5831,LD2,-1.531,29.045,2.615,7.865,PI+SIDIS,0.25,3.3,0.37,2.0,13.622,7.849,14.009,8.072,14.038,8.089,14.026,8.082,14.018,8.077,0.9998,0.9975,0.9822,0.971,-1.0,-1.0,-1.0,-1.0,-1.0,1.0,-999,-999,1442.0,954.167,39.0295,70.1633,2.86998,51.2632,0.339837,-999,-999,-999,-999,-999,542634,10334143
24503,8.5831,LD2,-1.531,29.045,2.615,7.865,PI+SIDIS,0.25,3.3,0.37,2.0,14.258,7.99,14.661,8.216,14.685,8.229,14.676,8.224,14.666,8.218,0.9996,0.9978,0.9808,0.9713,-1.0,-1.0,-1.0,-1.0,-1.0,1.0,-999,-999,1415.0,899.667,38.7413,63.2066,2.72179,51.2495,0.354666,-999,-999,-999,-999,-999,567259,10861235
24504,8.5831,LD2,-1.531,29.045,2.615,7.865,PI+SIDIS,0.25,3.3,0.37,2.0,12.926,7.838,13.294,8.061,13.317,8.075,13.307,8.068,13.3,8.064,0.9997,0.9977,0.9803,0.9711,-1.0,-1.0,-1.0,-1.0,-1.0,1.0,-999,-999,1355.0,884.667,37.8601,68.5542,2.93384,51.2351,0.33111,-999,-999,-999,-999,-999,513939,9783667
24505,8.5831,LD2,-1.531,29.045,2.615,7.865,PI+SIDIS,0.25,3.3,0.37,2.0,13.581,7.879,13.967,8.103,13.994,8.119,13.984,8.113,13.974,8.107,0.9997,0.9976,0.9825,0.9719,-1.0,-1.0,-1.0,-1.0,-1.0,1.0,-999,-999,1388.0,892.5,38.3482,65.7679,2.82586,51.2382,0.336418,-999,-999,-999,-999,-999,540196,10300488
24506,8.5831,LD2,-1.531,29.045,2.615,7.865,PI+SIDIS,0.25,3.3,0.37,2.0,14.021,7.985,14.417,8.211,14.421,8.213,14.413,8.208,14.386,8.193,0.9996,0.9976,0.978,0.9715,-1.0,-1.0,-1.0,-1.0,-1.0,1.0,-999,-999,1457.0,952.0,39.2577,68.0025,2.80423,51.2578,0.332006,-999,-999,-999,-999,-999,557457,10671480
24507,8.5831,LD2,-1.531,29.045,2.615,7.865,PI+SIDIS,0.25,3.3,0.37,2.0,13.256,7.866,13.633,8.09,13.542,8.036,13.536,8.033,13.495,8.009,0.9997,0.9981,0.98,0.971,-1.0,-1.0,-1.0,-1.0,-1.0,1.0,-999,-999,1311.0,835.667,37.2857,63.1498,2.81761,51.2754,0.328852,-999,-999,-999,-999,-999,527962,10043799
24508,8.5831,LH2,-1.531,29.045,2.615,7.865,PI+SIDIS,0.25,3.3,0.37,2.0,18.791,15.555,19.228,15.917,19.169,15.868,19.147,15.85,19.165,15.864,0.9998,0.9983,0.9768,0.97,-1.0,-1.0,-1.0,-1.0,-1.0,1.0,-999,-999,1023.0,679.167,32.868,36.4215,1.7626,51.2572,0.338311,-999,-999,-999,-999,-999,387901,7908087
24509,8.5831,LH2,-1.531,29.045,2.615,7.865,PI+SIDIS,0.25,3.3,0.37,2.0,27.617,15.871,28.258,16.24,28.128,16.165,28.096,16.146,28.097,16.147,0.9996,0.9983,0.9821,0.9709,-1.0,-1.0,-1.0,-1.0,-1.0,1.0,-999,-999,1478.0,952.5,39.5675,34.734,1.44287,51.2395,0.339891,-999,-999,-999,-999,-999,572262,11241296
24510,8.5831,LH2,-1.531,29.045,2.615,7.865,PI+SIDIS,0.25,3.3,0.37,2.0,24.981,15.539,25.566,15.903,25.559,15.898,25.518,15.873,25.552,15.894,0.9999,0.9983,0.9776,0.9701,-1.0,-1.0,-1.0,-1.0,-1.0,1.0,-999,-999,1347.0,880.333,37.7462,35.4991,1.5221,51.2377,0.338834,-999,-999,-999,-999,-999,517076,10493650
24511,8.5831,LH2,-1.531,29.045,2.615,7.865,PI+SIDIS,0.25,3.3,0.37,2.0,28.36,15.988,29.021,16.361,29.073,16.391,29.024,16.363,29.065,16.386,0.9997,0.9982,0.9794,0.9696,-1.0,-1.0,-1.0,-1.0,-1.0,1.0,-999,-999,1587.0,1070.5,40.9033,38.0569,1.45414,51.2233,0.352459,-999,-999,-999,-999,-999,587735,11971061
24512,8.5831,LH2,-1.531,29.045,2.615,7.865,PI+SIDIS,0.25,3.3,0.37,2.0,15.099,8.014,15.527,8.241,15.512,8.233,15.505,8.229,15.49,8.221,0.9997,0.9986,0.9913,0.9757,-1.0,-1.0,-1.0,-1.0,-1.0,1.0,-999,-999,749.0,604.5,27.8044,39.9138,1.83586,51.2406,0.331581,-999,-999,-999,-999,-999,314155,4681282
24513,8.5831,Dummy,-1.531,29.045,2.615,7.865,PI+SIDIS,0.25,3.3,0.37,2.0,31.622,19.299,32.182,19.641,32.039,19.553,31.992,19.525,31.982,19.518,0.9996,0.9981,0.978,0.9718,-1.0,-1.0,-1.0,-1.0,-1.0,1.0,-999,-999,1044.0,590.833,33.4593,18.9007,1.07036,51.2702,0.367842,-999,-999,-999,-999,-999,469205,10561107
24514,8.5831,Dummy,-1.531,29.045,2.615,7.865,PI+SIDIS,0.25,3.3,0.37,2.0,33.956,19.728,34.293,19.924,34.258,19.903,34.213,19.878,34.255,19.902,0.9997,0.9974,0.9783,0.9708,-1.0,-1.0,-1.0,-1.0,-1.0,1.0,-999,-999,1178.0,699.833,35.464,21.0286,1.06562,51.2466,0.368994,-999,-999,-999,-999,-999,500608,11252269
24515,8.5831,Dummy,-1.531,29.045,2.615,7.865,PI+SIDIS,0.25,3.3,0.37,2.0,32.705,19.288,33.128,19.538,33.227,19.597,33.156,19.555,33.21,19.586,0.9997,0.9979,0.9798,0.9717,-1.0,-1.0,-1.0,-1.0,-1.0,1.0,-999,-999,1143.0,675.167,34.9424,20.9813,1.08586,51.2217,0.353762,-999,-999,-999,-999,-999,482483,10865205
24516,8.5831,C,-1.531,29.045,2.615,7.865,PI+SIDIS,0.25,3.3,0.37,2.0,19.957,11.914,20.167,12.04,20.121,12.012,20.09,11.994,20.071,11.982,0.9995,0.9981,0.9781,0.9722,-1.0,-1.0,-1.0,-1.0,-1.0,1.0,-999,-999,1305.0,829.333,37.2059,42.3218,1.89866,51.2547,0.346372,-999,-999,-999,-999,-999,532224,9409970
24517,8.5831,C,-1.531,29.045,2.615,7.865,PI+SIDIS,0.25,3.3,0.37,2.0,14.201,11.871,14.308,11.961,14.203,11.873,14.184,11.857,14.161,11.838,0.9994,0.998,0.979,0.973,-1.0,-1.0,-1.0,-1.0,-1.0,1.0,-999,-999,862.0,524.0,30.304,37.6639,2.17818,51.2904,0.32674,-999,-999,-999,-999,-999,377380,6652024
24521,8.5831,C,-1.531,29.045,2.615,7.865,PI+SIDIS,0.25,3.3,0.37,2.0,20.274,12.196,20.42,12.284,20.39,12.266,20.372,12.255,20.398,12.27,0.9999,0.9982,0.9789,0.9727,-1.0,-1.0,-1.0,-1.0,-1.0,1.0,-999,-999,1286.0,809.167,36.9523,40.7449,1.8607,51.2276,0.334457,-999,-999,-999,-999,-999,538224,9535423
24522,8.5831,C,-1.531,29.045,2.615,7.865,PI+SIDIS,0.25,3.3,0.37,2.0,21.519,12.1,21.677,12.189,21.69,12.196,21.655,12.177,21.672,12.186,0.9997,0.9979,0.9781,0.972,-1.0,-1.0,-1.0,-1.0,-1.0,1.0,-999,-999,1405.0,889.333,38.6127,42.2227,1.83321,51.2295,0.347509,-999,-999,-999,-999,-999,574919,10151183
24523,8.5831,C,-1.531,29.045,2.615,7.865,PI+SIDIS,0.25,3.3,0.37,2.0,18.407,11.891,18.545,11.98,18.437,11.911,18.411,11.894,18.389,11.88,0.9997,0.9983,0.9811,0.9718,-1.0,-1.0,-1.0,-1.0,-1.0,1.0,-999,-999,1117.0,672.333,34.5125,37.3185,1.91565,51.281,0.342197,-999,-999,-999,-999,-999,489723,8623453
24524,8.5831,C,-1.531,29.045,2.615,7.865,PI+SIDIS,0.25,3.3,0.37,2.0,20.82,12.11,20.97,12.198,20.849,12.127,20.832,12.118,20.841,12.123,0.9996,0.9984,0.9832,0.9724,-1.0,-1.0,-1.0,-1.0,-1.0,1.0,-999,-999,1280.0,769.333,36.9474,37.7456,1.81274,51.2422,0.34608,-999,-999,-999,-999,-999,553095,9763036
24525,8.5831,C,-1.531,29.045,2.615,7.865,PI+SIDIS,0.25,3.3,0.37,2.0,10.345,6.054,10.49,6.139,10.46,6.122,10.443,6.112,10.461,6.122,0.9998,0.9982,0.9858,0.9776,-1.0,-1.0,-1.0,-1.0,-1.0,1.0,-999,-999,568.0,444.167,24.2619,43.3208,2.36633,51.2161,0.32445,-999,-999,-999,-999,-999,274015,3698026
24526,8.5831,Cu,-1.531,29.045,2.615,7.865,PI+SIDIS,0.25,3.3,0.37,2.0,24.432,14.004,24.589,14.093,24.628,14.116,24.587,14.092,24.603,14.101,0.9997,0.998,0.9751,0.9716,-1.0,-1.0,-1.0,-1.0,-1.0,1.0,-999,-999,1110.0,578.833,34.6198,24.2357,1.44953,51.2082,0.342254,-999,-999,-999,-999,-999,575126,13095437
24527,8.5831,Cu,-1.531,29.045,2.615,7.865,PI+SIDIS,0.25,3.3,0.37,2.0,25.201,14.234,25.361,14.324,25.235,14.253,25.211,14.24,25.184,14.224,0.9998,0.9982,0.9803,0.972,-1.0,-1.0,-1.0,-1.0,-1.0,1.0,-999,-999,1152.0,593.667,35.2853,24.0885,1.43173,51.2538,0.35023,-999,-999,-999,-999,-999,594182,13453506
24528,8.5831,Cu,-1.531,29.045,2.615,7.865,PI+SIDIS,0.25,3.3,0.37,2.0,21.892,13.774,22.032,13.862,21.965,13.82,21.946,13.808,21.961,13.817,0.9997,0.9981,0.9798,0.9719,-1.0,-1.0,-1.0,-1.0,-1.0,1.0,-999,-999,933.0,444.5,31.8499,20.7661,1.48796,51.2342,0.358106,-999,-999,-999,-999,-999,514102,11619086
24529,8.5831,Cu,-1.531,29.045,2.615,7.865,PI+SIDIS,0.25,3.3,0.37,2.0,26.924,14.114,27.092,14.202,27.107,14.21,27.082,14.197,27.116,14.214,0.9998,0.998,0.9819,0.9715,-1.0,-1.0,-1.0,-1.0,-1.0,1.0,-999,-999,1228.0,635.333,36.425,24.1449,1.38428,51.2227,0.342191,-999,-999,-999,-999,-999,631739,14372911
24530,8.5831,Cu,-1.531,29.045,2.615,7.865,PI+SIDIS,0.25,3.3,0.37,2.0,24.736,14.075,24.896,14.165,24.919,14.178,24.881,14.157,24.9,14.168,0.9998,0.9983,0.9806,0.9708,-1.0,-1.0,-1.0,-1.0,-1.0,1.0,-999,-999,1133.0,596.333,34.9635,24.6799,1.447,51.25,0.338542,-999,-999,-999,-999,-999,581218,13222061
24531,8.5831,Cu,-1.531,29.045,2.615,7.865,PI+SIDIS,0.25,3.3,0.37,2.0,24.01,14.0,24.166,14.091,24.017,14.003,23.991,13.988,23.972,13.977,0.9997,0.9981,0.9809,0.9726,-1.0,-1.0,-1.0,-1.0,-1.0,1.0,-999,-999,1106.0,593.0,34.5181,25.2385,1.46912,51.2829,0.317846,-999,-999,-999,-999,-999,564669,12765470
24532,8.5831,Cu,-1.531,29.045,2.615,7.865,PI+SIDIS,0.25,3.3,0.37,2.0,24.695,14.183,24.849,14.271,24.743,14.21,24.728,14.201,24.748,14.213,0.9997,0.9978,0.9775,0.9717,-1.0,-1.0,-1.0,-1.0,-1.0,1.0,-999,-999,1100.0,561.333,34.4932,23.2563,1.42907,51.2426,0.344318,-999,-999,-999,-999,-999,579724,13101798
24533,8.5831,Cu,-1.531,29.045,2.615,7.865,PI+SIDIS,0.25,3.3,0.37,2.0,24.813,14.139,24.967,14.226,24.973,14.23,24.952,14.218,24.984,14.236,0.9998,0.9982,0.9779,0.9706,-1.0,-1.0,-1.0,-1.0,-1.0,1.0,-999,-999,1083.0,534.833,34.269,22.0766,1.41453,51.2247,0.335211,-999,-999,-999,-999,-999,583016,13198075
24534,8.5831,Cu,-1.531,29.045,2.615,7.865,PI+SIDIS,0.25,3.3,0.37,2.0,25.543,14.2,25.704,14.29,25.756,14.319,25.716,14.296,25.739,14.309,0.9999,0.9978,0.9797,0.9708,-1.0,-1.0,-1.0,-1.0,-1.0,1.0,-999,-999,1173.0,597.167,35.6226,23.9336,1.42771,51.2209,0.364715,-999,-999,-999,-999,-999,600732,13719338
24535,8.5831,Cu,-1.531,29.045,2.615,7.865,PI+SIDIS,0.25,3.3,0.37,2.0,25.038,14.142,25.195,14.231,25.068,14.16,25.046,14.147,25.015,14.129,0.9999,0.9979,0.9767,0.9717,-1.0,-1.0,-1.0,-1.0,-1.0,1.0,-999,-999,1169.0,615.5,35.5141,25.1451,1.45086,51.2431,0.340224,-999,-999,-999,-999,-999,588300,13348360
24536,8.5831,LD2,1.531,29.045,6.538,7.865,PI+SIDIS,0.25,3.3,0.93,2.0,32.422,35.618,32.712,35.938,32.806,36.041,32.79,36.023,32.807,36.041,0.9962,0.9947,0.9842,0.973,-1.0,-1.0,-1.0,-1.0,-1.0,1.0,-999,-999,15.0,4.0,4.10284,0.126165,0.129409,51.25,0.5,-999,-999,-999,-999,-999,227504,6785386
24537,8.5831,LD2,1.531,29.045,6.538,7.865,HMSDIS,0.25,3.3,-999,-999,3510.918,35.269,3584.45,36.008,3596.348,36.127,3594.335,36.107,3596.905,36.133,0.9968,0.9949,-999,-999,-1.0,-1.0,-1.0,5.0,-1.0,-1.0,-999,-999,-999,-999,-999,2.46477,0.0587517,-999,-999,-999,-999,-999,-999,-999,24689,746070
24541,8.5831,LD2,1.531,29.045,6.538,7.865,HMSDIS,0.25,3.3,-999,-999,41862.404,31.385,42756.965,32.056,42705.461,32.017,42655.687,31.98,42640.299,31.968,0.9974,0.9952,-999,-999,-1.0,-1.0,-1.0,3.0,-1.0,-1.0,-999,-999,-999,-999,-999,2.47811,0.0132127,-999,-999,-999,-999,-999,-999,-999,300171,8812463
24543,8.5831,LH2,1.531,29.045,6.538,7.865,PI+SIDIS,0.25,3.3,0.93,2.0,39.723,45.906,40.58,46.896,40.814,47.166,40.76,47.104,40.777,47.123,0.997,0.9961,0.9882,0.9737,-1.0,-1.0,-1.0,-1.0,-1.0,1.0,-999,-999,5.0,0.833333,2.3863,0.0211555,0.06058,51.25,0.5,-999,-999,-999,-999,-999,145742,6918774
24544,8.5831,LH2,1.531,29.045,6.538,7.865,HMSDIS,0.25,3.3,-999,-999,67413.482,47.241,68871.275,48.262,69361.725,48.606,69259.98,48.535,69295.017,48.559,0.9972,0.9961,-999,-999,-1.0,-1.0,-1.0,3.0,-1.0,-1.0,-999,-999,-999,-999,-999,1.17863,0.00717914,-999,-999,-999,-999,-999,-999,-999,248603,12158556
24545,8.5831,Dummy,1.531,29.045,6.538,7.865,PI+SIDIS,0.25,3.3,0.93,2.0,37.296,40.11,38.085,40.957,38.305,41.194,38.253,41.139,38.271,41.158,1.0,0.9964,0.991,0.9758,-1.0,-1.0,-1.0,-1.0,-1.0,1.0,-999,-999,2.0,0.833333,1.48137,0.0224254,0.0398643,51.25,0.5,-999,-999,-999,-999,-999,98152,2738399
24546,8.5831,Dummy,1.531,29.045,6.538,7.865,HMSDIS,0.25,3.3,-999,-999,35095.119,36.42,35847.605,37.201,36101.628,37.465,36033.183,37.393,36045.833,37.407,0.9978,0.9965,-999,-999,-1.0,-1.0,-1.0,1.0,-1.0,-1.0,-999,-999,-999,-999,-999,0.962736,0.00521986,-999,-999,-999,-999,-999,-999,-999,92051,2550044
24547,8.5831,C,1.531,29.045,6.538,7.865,PI+SIDIS,0.25,3.3,0.93,2.0,34.735,32.988,35.511,33.725,35.724,33.927,35.624,33.832,35.581,33.792,0.9988,0.9959,0.9925,0.9696,-1.0,-1.0,-1.0,-1.0,-1.0,1.0,-999,-999,6.0,-0.666667,2.66667,-0.0193867,0.0775467,51.25,0.5,-999,-999,-999,-999,-999,175602,5340885
24549,8.5831,C,1.531,29.045,6.538,7.865,HMSDIS,0.25,3.3,-999,-999,80815.672,44.641,82240.624,45.428,82276.454,45.448,82165.885,45.387,82079.563,45.339,0.9977,0.9961,-999,-999,-1.0,-1.0,-1.0,3.0,-1.0,-1.0,-999,-999,-999,-999,-999,1.90625,0.00835376,-999,-999,-999,-999,-999,-999,-999,411461,12538501
24550,8.5831,Cu,1.531,29.045,6.538,7.865,PI+SIDIS,0.25,3.3,0.93,2.0,44.391,48.257,44.603,48.487,44.785,48.686,44.737,48.634,44.737,48.634,0.998,0.9961,0.9821,0.9685,-1.0,-1.0,-1.0,-1.0,-1.0,1.0,-999,-999,16.0,6.66667,4.18994,0.154653,0.0971976,51.25,0.5,-999,-999,-999,-999,-999,273139,6098589
24551,8.5831,Cu,1.531,29.045,6.538,7.865,HMSDIS,0.25,3.3,-999,-999,65234.03,45.583,66543.114,46.498,66979.011,46.802,66887.547,46.738,66900.394,46.747,0.9982,0.9961,-999,-999,-1.0,-1.0,-1.0,3.0,-1.0,-1.0,-999,-999,-999,-999,-999,2.76133,0.011174,-999,-999,-999,-999,-999,-999,-999,407663,9367704
24553,8.5831,LD2,1.531,29.045,4.868,7.865,PI+SIDIS,0.25,3.3,0.69,2.0,39.875,29.648,40.734,30.287,40.947,30.446,40.86,30.381,40.858,30.379,0.9977,0.9961,0.9793,0.9682,-1.0,-1.0,-1.0,-1.0,-1.0,1.0,-999,-999,126.0,41.0,11.8392,1.04233,0.300984,51.25,0.5,-999,-999,-999,-999,-999,287383,41774523
24554,8.5831,LH2,1.531,29.045,4.868,7.865,PI+SIDIS,0.25,3.3,0.69,2.0,78.703,47.94,79.929,48.687,79.865,48.647,79.769,48.589,79.658,48.522,0.9968,0.9966,0.9811,0.9709,-1.0,-1.0,-1.0,-1.0,-1.0,1.0,-999,-999,93.0,34.8333,10.1338,0.450306,0.131005,51.25,0.5,-999,-999,-999,-999,-999,289285,42874961
24555,8.5831,Dummy,1.531,29.045,4.868,7.865,PI+SIDIS,0.25,3.3,0.69,2.0,56.739,37.315,57.049,37.519,57.037,37.511,56.985,37.476,57.03,37.506,0.9941,0.997,0.9821,0.9752,-1.0,-1.0,-1.0,-1.0,-1.0,1.0,-999,-999,18.0,2.66667,4.53382,0.0482191,0.0819813,51.25,0.5,-999,-999,-999,-999,-999,148787,12182645
24556,8.5831,C,1.531,29.045,4.868,7.865,PI+SIDIS,0.25,3.3,0.69,2.0,68.654,44.837,68.983,45.051,69.47,45.37,69.352,45.293,69.416,45.335,0.9976,0.9964,0.9796,0.9696,-1.0,-1.0,-1.0,-1.0,-1.0,1.0,-999,-999,127.0,46.3333,11.8509,0.694388,0.177607,51.25,0.5,-999,-999,-999,-999,-999,347904,36382384
24557,8.5831,Cu,1.531,29.045,4.868,7.865,PI+SIDIS,0.25,3.3,0.69,2.0,67.301,46.413,67.627,46.638,68.12,46.978,67.995,46.892,68.03,46.916,0.9981,0.9964,0.9792,0.9683,-1.0,-1.0,-1.0,-1.0,-1.0,1.0,-999,-999,117.0,30.6667,11.4625,0.469286,0.175408,51.25,0.5,-999,-999,-999,-999,-999,419171,32782840
24558,8.5831,LD2,1.531,29.045,3.632,7.865,PI+SIDIS,0.25,3.3,0.52,2.0,34.71,14.938,34.932,15.033,34.725,14.945,34.676,14.923,34.633,14.905,0.9967,0.9974,0.9814,0.971,-1.0,-1.0,-1.0,-1.0,-1.0,1.0,-999,-999,155.0,50.5,13.1308,1.49398,0.388457,51.25,0.5,-999,-999,-999,-999,-999,239467,39392755
24559,8.5831,LH2,1.531,29.045,3.632,7.865,PI+SIDIS,0.25,3.3,0.52,2.0,63.62,27.777,63.927,27.911,64.04,27.961,63.959,27.925,64.026,27.954,0.9963,0.9974,0.9782,0.9698,-1.0,-1.0,-1.0,-1.0,-1.0,1.0,-999,-999,112.0,23.0,11.262,0.372427,0.18236,51.25,0.5,-999,-999,-999,-999,-999,227558,44733544
24560,8.5831,Dummy,1.531,29.045,3.632,7.865,PI+SIDIS,0.25,3.3,0.52,2.0,90.772,37.154,91.151,37.309,91.41,37.415,91.271,37.358,91.226,37.34,0.9978,0.9972,0.9781,0.9681,-1.0,-1.0,-1.0,-1.0,-1.0,1.0,-999,-999,120.0,31.6667,11.607,0.359694,0.131841,51.25,0.5,-999,-999,-999,-999,-999,237726,47036727
24561,8.5831,C,1.531,29.045,3.632,7.865,PI+SIDIS,0.25,3.3,0.52,2.0,54.409,26.044,54.645,26.157,54.542,26.108,54.48,26.078,54.479,26.078,0.9979,0.9971,0.9793,0.9686,-1.0,-1.0,-1.0,-1.0,-1.0,1.0,-999,-999,157.0,33.0,13.3292,0.624787,0.25236,51.25,0.5,-999,-999,-999,-999,-999,267227,42446619
24562,8.5831,Cu,1.531,29.045,3.632,7.865,PI+SIDIS,0.25,3.3,0.52,2.0,56.844,26.659,57.085,26.772,57.343,26.893,57.234,26.842,57.305,26.875,0.9982,0.9972,0.9793,0.9688,-1.0,-1.0,-1.0,-1.0,-1.0,1.0,-999,-999,184.0,35.5,14.4482,0.643166,0.261763,51.25,0.5,-999,-999,-999,-999,-999,346355,44662113
24563,8.5831,Al,1.531,29.045,3.632,7.865,HMSDIS,0.25,3.3,-999,-999,73751.504,50.973,74089.351,51.206,74153.863,51.251,74068.917,51.192,74001.911,51.146,0.9977,0.9979,-999,-999,-1.0,-1.0,-1.0,1.0,-1.0,-1.0,-999,-999,-999,-999,-999,0.442751,0.00244917,-999,-999,-999,-999,-999,-999,-999,87152,8460269
24564,8.5831,LD2,1.531,29.045,2.615,7.865,PI+SIDIS,0.25,3.3,0.37,2.0,22.815,8.033,23.055,8.117,22.984,8.092,22.979,8.09,22.983,8.092,0.9956,0.9978,0.9795,0.9725,-1.0,-1.0,-1.0,-1.0,-1.0,1.0,-999,-999,103.0,26.8333,10.7561,1.20217,0.481889,51.25,0.5,-999,-999,-999,-999,-999,157225,16808965
24566,8.5831,LH2,1.531,29.045,2.615,7.865,PI+SIDIS,0.25,3.3,0.37,2.0,43.792,15.636,44.048,15.727,43.931,15.686,43.833,15.651,43.832,15.65,0.9967,0.9977,0.9771,0.9718,-1.0,-1.0,-1.0,-1.0,-1.0,1.0,-999,-999,107.0,34.5,10.9125,0.808721,0.255803,51.25,0.5,-999,-999,-999,-999,-999,155984,17988544
24567,8.5831,Dummy,1.531,29.045,2.615,7.865,PI+SIDIS,0.25,3.3,0.37,2.0,58.525,19.808,58.799,19.901,58.843,19.916,58.737,19.88,58.86,19.922,0.9988,0.9974,0.9812,0.9715,-1.0,-1.0,-1.0,-1.0,-1.0,1.0,-999,-999,104.0,28.3333,10.7987,0.496639,0.189284,51.25,0.5,-999,-999,-999,-999,-999,152139,19310397
24568,8.5831,C,1.531,29.045,2.615,7.865,PI+SIDIS,0.25,3.3,0.37,2.0,18.976,12.106,19.112,12.193,19.123,12.199,19.091,12.179,19.089,12.178,0.9972,0.9978,0.9828,0.9725,-1.0,-1.0,-1.0,-1.0,-1.0,1.0,-999,-999,69.0,17.6667,8.80656,0.953271,0.475191,51.25,0.5,-999,-999,-999,-999,-999,91730,8954286
24569,8.5831,C,1.531,29.045,2.615,7.865,PI+SIDIS,0.25,3.3,0.37,2.0,11.795,11.54,11.884,11.627,11.817,11.561,11.791,11.536,11.787,11.531,0.997,0.998,0.9791,0.9733,-1.0,-1.0,-1.0,-1.0,-1.0,1.0,-999,-999,49.0,16.0,7.38241,1.38754,0.64021,51.25,0.5,-999,-999,-999,-999,-999,56736,5519174
24570,8.5831,Cu,1.531,29.045,2.615,7.865,PI+SIDIS,0.25,3.3,0.37,2.0,47.477,13.88,47.773,13.967,47.799,13.974,47.736,13.956,47.814,13.979,0.9987,0.9978,0.9776,0.9706,-1.0,-1.0,-1.0,-1.0,-1.0,1.0,-999,-999,224.0,38.3333,15.967,0.82784,0.34482,51.25,0.5,-999,-999,-999,-999,-999,288275,25431969
24572,8.5831,LD2,1.531,29.045,-6.538,7.865,PI-SIDIS,0.25,3.3,0.93,2.0,23.54,25.216,23.633,25.316,23.568,25.246,23.548,25.224,23.548,25.225,0.9972,0.9961,0.9811,0.8593,-1.0,-1.0,-1.0,-1.0,-1.0,1.0,-999,-999,18.0,10.3333,4.39065,0.510439,0.216886,51.25,0.5,-999,-999,-999,-999,-999,169884,671118285
24573,8.5831,LD2,1.531,29.045,-6.538,7.865,HMSDIS,0.25,3.3,-999,-999,35269.493,23.38,35523.733,23.548,35554.525,23.569,35502.936,23.535,35503.694,23.535,0.9976,0.9963,-999,-999,-1.0,-1.0,-1.0,3.0,-1.0,-1.0,-999,-999,-999,-999,-999,2.48303,0.0145001,-999,-999,-999,-999,-999,-999,-999,253074,1011420218
24574,8.5831,LH2,1.531,29.045,-6.538,7.865,PI-SIDIS,0.25,3.3,0.93,2.0,38.062,31.742,38.206,31.863,38.373,32.002,38.317,31.955,38.325,31.962,0.9934,0.9968,0.9835,0.8421,-1.0,-1.0,-1.0,-1.0,-1.0,1.0,-999,-999,12.0,8.83333,3.53946,0.276412,0.110757,51.25,0.5,-999,-999,-999,-999,-999,138911,587405877
24575,8.5831,LH2,1.531,29.045,-6.538,7.865,HMSDIS,0.25,3.3,-999,-999,36180.088,32.735,36373.551,32.91,36549.608,33.069,36493.7,33.019,36505.877,33.03,0.9975,0.9968,-999,-999,-1.0,-1.0,-1.0,2.0,-1.0,-1.0,-999,-999,-999,-999,-999,1.20543,0.00815672,-999,-999,-999,-999,-999,-999,-999,131922,559034783
24576,8.5831,Dummy,1.531,29.045,-6.538,7.865,PI-SIDIS,0.25,3.3,0.93,2.0,37.908,37.933,38.186,38.211,38.445,38.47,38.376,38.401,38.408,38.432,0.997,0.9958,0.9847,0.8441,-1.0,-1.0,-1.0,-1.0,-1.0,1.0,-999,-999,8.0,5.16667,2.91071,0.160791,0.0905835,51.25,0.5,-999,-999,-999,-999,-999,100364,445310183
24577,8.5831,Dummy,1.531,29.045,-6.538,7.865,HMSDIS,0.25,3.3,-999,-999,29255.84,33.496,29641.805,33.938,29870.771,34.2,29800.206,34.119,29814.346,34.135,0.997,0.9965,-999,-999,-1.0,-1.0,-1.0,2.0,-1.0,-1.0,-999,-999,-999,-999,-999,0.983712,0.00816169,-999,-999,-999,-999,-999,-999,-999,77610,345938507
24578,8.5831,C,1.531,29.045,-6.538,7.865,PI-SIDIS,0.25,3.3,0.93,2.0,44.994,32.626,45.458,32.963,45.775,33.193,45.683,33.126,45.7,33.139,0.9981,0.9964,0.9822,0.8471,-1.0,-1.0,-1.0,-1.0,-1.0,1.0,-999,-999,13.0,4.83333,3.78961,0.125782,0.0986202,51.25,0.5,-999,-999,-999,-999,-999,225681,802943554
24579,8.5831,C,1.531,29.045,-6.538,7.865,HMSDIS,0.25,3.3,-999,-999,55105.875,33.489,55694.674,33.847,55960.5,34.008,55880.292,33.959,55838.569,33.934,0.9978,0.9964,-999,-999,-1.0,-1.0,-1.0,2.0,-1.0,-1.0,-999,-999,-999,-999,-999,1.91926,0.00831821,-999,-999,-999,-999,-999,-999,-999,276944,983768858
24580,8.5831,Cu,1.531,29.045,-6.538,7.865,PI-SIDIS,0.25,3.3,0.93,2.0,21.8,30.611,22.267,31.267,22.223,31.205,22.197,31.168,22.137,31.085,0.9984,0.9965,0.9833,0.8459,-1.0,-1.0,-1.0,-1.0,-1.0,1.0,-999,-999,10.0,6.5,3.2532,0.345696,0.173018,51.25,0.5,-999,-999,-999,-999,-999,136305,287575320
24581,8.5831,Cu,1.531,29.045,-6.538,7.865,HMSDIS,0.25,3.3,-999,-999,51673.671,34.593,52705.199,35.284,52544.469,35.176,52522.146,35.161,52479.394,35.133,0.9979,0.9963,-999,-999,-1.0,-1.0,-1.0,2.0,-1.0,-1.0,-999,-999,-999,-999,-999,2.79094,0.0103089,-999,-999,-999,-999,-999,-999,-999,324001,679813576
24582,8.5831,Cu,1.531,29.045,-4.868,7.865,PI-SIDIS,0.25,3.3,0.69,2.0,58.585,37.269,59.752,38.011,59.876,38.09,59.826,38.057,59.819,38.053,0.9971,0.9963,0.9812,0.9496,-1.0,-1.0,-1.0,-1.0,-1.0,1.0,-999,-999,78.0,29.8333,9.27512,0.527442,0.16398,51.25,0.5,-999,-999,-999,-999,-999,370393,687843057
24583,8.5831,LD2,1.531,29.045,-4.868,7.865,PI-SIDIS,0.25,3.3,0.69,2.0,19.924,18.933,20.315,19.304,20.364,19.35,20.329,19.318,20.336,19.324,0.9969,0.9966,0.9836,0.9597,-1.0,-1.0,-1.0,-1.0,-1.0,1.0,-999,-999,29.0,10.6667,5.66176,0.548814,0.291305,51.25,0.5,-999,-999,-999,-999,-999,144770,478586060
24584,8.5831,LH2,1.531,29.045,-4.868,7.865,PI-SIDIS,0.25,3.3,0.69,2.0,61.433,37.204,62.745,37.999,63.116,38.223,63.039,38.177,63.027,38.169,0.9979,0.9966,0.9819,0.9493,-1.0,-1.0,-1.0,-1.0,-1.0,1.0,-999,-999,41.0,16.6667,6.71234,0.280467,0.112955,51.25,0.5,-999,-999,-999,-999,-999,234245,750912977
24585,8.5831,Dummy,1.531,29.045,-4.868,7.865,PI-SIDIS,0.25,3.3,0.69,2.0,31.188,35.113,31.857,35.866,32.092,36.13,32.035,36.067,32.061,36.096,0.9972,0.9964,0.9851,0.9512,-1.0,-1.0,-1.0,-1.0,-1.0,1.0,-999,-999,16.0,10.1667,4.11974,0.336474,0.136346,51.25,0.5,-999,-999,-999,-999,-999,84991,308644822
24587,8.5831,Dummy,1.531,29.045,-4.868,7.865,PI-SIDIS,0.25,3.3,0.69,2.0,23.685,34.557,23.787,34.706,23.734,34.629,23.701,34.581,23.674,34.541,0.9964,0.997,0.9848,0.9507,-1.0,-1.0,-1.0,-1.0,-1.0,1.0,-999,-999,13.0,9.5,3.68556,0.42164,0.163577,51.25,0.5,-999,-999,-999,-999,-999,64757,228371570
24588,8.5831,C,1.531,29.045,-4.868,7.865,PI-SIDIS,0.25,3.3,0.69,2.0,55.207,35.732,55.422,35.872,55.449,35.889,55.423,35.872,55.38,35.844,0.9972,0.9965,0.982,0.9502,-1.0,-1.0,-1.0,-1.0,-1.0,1.0,-999,-999,63.0,27.5,8.30161,0.523665,0.158082,51.25,0.5,-999,-999,-999,-999,-999,280638,809512414
24589,8.5831,C,1.531,29.045,-3.632,7.865,PI-SIDIS,0.25,3.3,0.52,2.0,55.76,23.934,56.02,24.045,56.069,24.067,55.963,24.021,55.866,23.979,0.9971,0.9969,0.9829,0.9709,-1.0,-1.0,-1.0,-1.0,-1.0,1.0,-999,-999,131.0,35.0,12.1244,0.645467,0.223596,51.25,0.5,-999,-999,-999,-999,-999,277250,588446389
24590,8.5831,C,1.531,29.045,-3.632,7.865,PI-SIDIS,0.25,3.3,0.52,2.0,59.129,24.832,59.39,24.942,59.136,24.835,59.063,24.805,58.958,24.761,0.9965,0.9971,0.9822,0.9703,-1.0,-1.0,-1.0,-1.0,-1.0,1.0,-999,-999,150.0,53.1667,12.8895,0.925984,0.224491,51.25,0.5,-999,-999,-999,-999,-999,295675,623624171
24591,8.5831,LD2,1.531,29.045,-3.632,7.865,PI-SIDIS,0.25,3.3,0.52,2.0,35.798,15.299,36.008,15.389,36.072,15.416,36.034,15.4,36.03,15.398,0.9976,0.997,0.9822,0.9716,-1.0,-1.0,-1.0,-1.0,-1.0,1.0,-999,-999,152.0,61.5,12.9261,1.76235,0.37041,51.25,0.5,-999,-999,-999,-999,-999,253271,597553891
24592,8.5831,LD2,1.531,29.045,-3.632,7.865,PI-SIDIS,0.25,3.3,0.52,2.0,32.629,14.772,32.83,14.863,32.748,14.825,32.699,14.803,32.631,14.773,0.9972,0.9971,0.9829,0.9719,-1.0,-1.0,-1.0,-1.0,-1.0,1.0,-999,-999,122.0,36.3333,11.6738,1.14208,0.366948,51.25,0.5,-999,-999,-999,-999,-999,231084,544559665
24593,8.5831,LH2,1.531,29.045,-3.632,7.865,PI-SIDIS,0.25,3.3,0.52,2.0,58.226,28.331,58.458,28.444,58.524,28.476,58.47,28.449,58.419,28.425,0.9978,0.997,0.982,0.9706,-1.0,-1.0,-1.0,-1.0,-1.0,1.0,-999,-999,96.0,31.8333,10.3293,0.562374,0.18248,51.25,0.5,-999,-999,-999,-999,-999,214940,488496065
24594,8.5831,LH2,1.531,29.045,-3.632,7.865,PI-SIDIS,0.25,3.3,0.52,2.0,69.051,29.481,69.325,29.598,69.459,29.655,69.386,29.624,69.283,29.58,0.9978,0.9966,0.982,0.9699,-1.0,-1.0,-1.0,-1.0,-1.0,1.0,-999,-999,105.0,38.1667,10.7768,0.568902,0.160636,51.25,0.5,-999,-999,-999,-999,-999,253431,581875094
24595,8.5831,Dummy,1.531,29.045,-3.632,7.865,PI-SIDIS,0.25,3.3,0.52,2.0,69.228,31.243,69.504,31.368,69.288,31.27,69.213,31.236,69.119,31.194,0.9984,0.9966,0.9829,0.9714,-1.0,-1.0,-1.0,-1.0,-1.0,1.0,-999,-999,95.0,43.8333,10.1749,0.650331,0.150959,51.25,0.5,-999,-999,-999,-999,-999,184800,479492143
24596,8.5831,Cu,1.531,29.045,-3.632,7.865,PI-SIDIS,0.25,3.3,0.52,2.0,67.448,30.096,67.702,30.209,67.901,30.298,67.849,30.275,67.806,30.255,0.9987,0.9964,0.9814,0.9689,-1.0,-1.0,-1.0,-1.0,-1.0,1.0,-999,-999,207.0,44.0,15.3025,0.671741,0.233621,51.25,0.5,-999,-999,-999,-999,-999,419209,606098402
24597,8.5831,Cu,1.531,29.045,-3.632,7.865,PI-SIDIS,0.25,3.3,0.52,2.0,66.526,29.022,66.791,29.137,66.79,29.136,66.721,29.107,66.597,29.052,0.9977,0.9963,0.9808,0.9678,-1.0,-1.0,-1.0,-1.0,-1.0,1.0,-999,-999,221.0,67.8333,15.7012,1.052,0.243503,51.25,0.5,-999,-999,-999,-999,-999,414079,596766650
24598,8.5831,LH2,1.531,29.045,-2.615,7.865,PI-SIDIS,0.25,3.3,0.37,2.0,56.816,19.025,57.088,19.116,57.089,19.117,56.984,19.082,56.978,19.08,0.9965,0.9969,0.9834,0.9713,-1.0,-1.0,-1.0,-1.0,-1.0,1.0,-999,-999,127.0,43.6667,11.8697,0.790353,0.214837,51.25,0.5,-999,-999,-999,-999,-999,207295,370424646
24599,8.5831,LH2,1.531,29.045,-2.615,7.865,PI-SIDIS,0.25,3.3,0.37,2.0,57.507,20.14,57.771,20.233,57.865,20.266,57.772,20.233,57.712,20.212,0.9972,0.9968,0.9825,0.9711,-1.0,-1.0,-1.0,-1.0,-1.0,1.0,-999,-999,115.0,25.6667,11.3969,0.458823,0.203733,51.25,0.5,-999,-999,-999,-999,-999,208859,377295372
24600,8.5831,Dummy,1.531,29.045,-2.615,7.865,PI-SIDIS,0.25,3.3,0.37,2.0,72.569,24.406,72.868,24.507,72.725,24.459,72.649,24.433,72.553,24.401,0.9966,0.9965,0.9815,0.9701,-1.0,-1.0,-1.0,-1.0,-1.0,1.0,-999,-999,151.0,41.8333,13.0075,0.593869,0.184655,51.25,0.5,-999,-999,-999,-999,-999,192867,399454589
24601,8.5831,Dummy,1.531,29.045,3.632,7.865,PI+SIDIS,0.25,3.3,0.52,2.0,91.404,37.943,91.75,38.087,91.835,38.122,91.731,38.079,91.482,37.976,0.9962,0.9959,0.9767,0.9648,-1.0,-1.0,-1.0,-1.0,-1.0,1.0,-999,-999,127.0,38.5,11.9059,0.436638,0.135027,51.25,0.5,-999,-999,-999,-999,-999,242598,27891767
24602,8.5831,LD2,1.531,29.045,3.632,7.865,PI+SIDIS,0.25,3.3,0.52,2.0,34.558,15.106,34.755,15.192,34.742,15.186,34.718,15.176,34.683,15.161,0.9982,0.9963,0.979,0.9677,-1.0,-1.0,-1.0,-1.0,-1.0,1.0,-999,-999,165.0,59.6667,13.5113,1.77751,0.40251,51.25,0.5,-999,-999,-999,-999,-999,242556,23910194
24603,8.5831,LH2,1.531,29.045,3.632,7.865,PI+SIDIS,0.25,3.3,0.52,2.0,73.983,29.484,74.26,29.594,74.589,29.726,74.512,29.695,74.424,29.66,0.9974,0.9961,0.977,0.9654,-1.0,-1.0,-1.0,-1.0,-1.0,1.0,-999,-999,144.0,50.0,12.6359,0.69937,0.176744,51.25,0.5,-999,-999,-999,-999,-999,269122,30307560
24604,8.5831,C,1.531,29.045,3.632,7.865,PI+SIDIS,0.25,3.3,0.52,2.0,57.387,25.187,57.623,25.29,57.918,25.42,57.819,25.376,57.754,25.348,0.9972,0.996,0.9772,0.9651,-1.0,-1.0,-1.0,-1.0,-1.0,1.0,-999,-999,171.0,48.3333,13.8363,0.871716,0.249545,51.25,0.5,-999,-999,-999,-999,-999,281948,26065169
24605,8.5831,Cu,1.531,29.045,3.632,7.865,PI+SIDIS,0.25,3.3,0.52,2.0,70.052,29.726,70.315,29.838,70.085,29.74,70.026,29.715,69.789,29.615,0.9979,0.996,0.9766,0.9622,-1.0,-1.0,-1.0,-1.0,-1.0,1.0,-999,-999,249.0,66.0,16.7183,0.977728,0.247665,51.25,0.5,-999,-999,-999,-999,-999,435012,41991713
24606,8.5831,Cu,1.531,29.045,2.615,7.865,PI+SIDIS,0.25,3.3,0.37,2.0,41.599,13.904,41.848,13.987,41.823,13.978,41.784,13.965,41.736,13.949,0.9976,0.997,0.9772,0.9671,-1.0,-1.0,-1.0,-1.0,-1.0,1.0,-999,-999,216.0,56.3333,15.576,1.39539,0.385821,51.25,0.5,-999,-999,-999,-999,-999,255789,32813645
24607,8.5831,C,1.531,29.045,2.615,7.865,PI+SIDIS,0.25,3.3,0.37,2.0,36.213,12.054,36.463,12.137,36.553,12.167,36.495,12.148,36.464,12.138,0.999,0.997,0.9808,0.9683,-1.0,-1.0,-1.0,-1.0,-1.0,1.0,-999,-999,139.0,44.6667,12.4387,1.26644,0.352677,51.25,0.5,-999,-999,-999,-999,-999,177822,26014074
24608,8.5831,Dummy,1.531,29.045,2.615,7.865,PI+SIDIS,0.25,3.3,0.37,2.0,57.506,19.442,57.775,19.533,57.69,19.504,57.575,19.465,57.448,19.422,0.9982,0.9968,0.9776,0.9674,-1.0,-1.0,-1.0,-1.0,-1.0,1.0,-999,-999,95.0,22.3333,10.3494,0.400328,0.185515,51.25,0.5,-999,-999,-999,-999,-999,150381,29758871
24609,8.5831,LH2,1.531,29.045,2.615,7.865,PI+SIDIS,0.25,3.3,0.37,2.0,44.745,15.571,44.987,15.655,44.952,15.643,44.881,15.618,44.866,15.613,0.9968,0.997,0.9759,0.9669,-1.0,-1.0,-1.0,-1.0,-1.0,1.0,-999,-999,108.0,36.8333,10.9481,0.849567,0.25252,51.25,0.5,-999,-999,-999,-999,-999,162646,29286368
24610,8.5831,LD2,1.531,29.045,2.615,7.865,PI+SIDIS,0.25,3.3,0.37,2.0,23.244,7.982,23.484,8.064,23.504,8.071,23.496,8.068,23.463,8.057,0.9964,0.9971,0.9782,0.9684,-1.0,-1.0,-1.0,-1.0,-1.0,1.0,-999,-999,126.0,48.1667,11.7886,2.12574,0.520269,51.25,0.5,-999,-999,-999,-999,-999,162054,26613175
24611,8.5831,LD2,-1.531,29.045,3.632,11.075,PI+SIDIS,0.25,3.3,0.52,5.2,6.671,33.175,6.696,33.299,6.714,33.389,6.7,33.32,6.691,33.275,0.9992,0.9971,0.9784,0.9623,-1.0,-1.0,-1.0,-1.0,-1.0,1.0,-999,-999,477.0,322.0,22.4239,50.0325,3.48425,51.2246,0.335207,-999,-999,-999,-999,-999,262271,1785115
24612,8.5831,LD2,-1.531,29.045,3.632,11.075,PI+SIDIS,0.25,3.3,0.52,5.2,69.391,38.525,69.631,38.658,70.007,38.867,69.929,38.824,69.877,38.795,0.9997,0.9962,0.9767,0.9626,-1.0,-1.0,-1.0,-1.0,-1.0,1.0,-999,-999,4841.0,3231.67,71.4788,48.2451,1.0671,51.2159,0.353509,-999,-999,-999,-999,-999,2726607,18653501
24613,8.5831,LD2,-1.531,29.045,3.632,11.075,PI+SIDIS,0.25,3.3,0.52,5.2,68.188,37.643,68.435,37.779,68.777,37.968,68.681,37.915,68.59,37.865,0.9995,0.9965,0.9766,0.9623,-1.0,-1.0,-1.0,-1.0,-1.0,1.0,-999,-999,4775.0,3206.33,70.9679,48.7294,1.07856,51.2249,0.35079,-999,-999,-999,-999,-999,2683098,18020584
24614,8.5831,LD2,-1.531,29.045,3.632,11.075,PI+SIDIS,0.25,3.3,0.52,5.2,65.288,36.186,65.53,36.32,65.467,36.285,65.381,36.237,65.197,36.135,0.9996,0.9966,0.9765,0.9624,-1.0,-1.0,-1.0,-1.0,-1.0,1.0,-999,-999,4657.0,3154.67,70.0528,50.0597,1.11163,51.2536,0.347341,-999,-999,-999,-999,-999,2572094,17101746
24615,8.5831,LD2,-1.531,29.045,3.632,11.075,PI+SIDIS,0.25,3.3,0.52,5.2,67.008,38.406,67.239,38.539,67.299,38.573,67.248,38.544,67.154,38.49,0.9996,0.9963,0.9773,0.962,-1.0,-1.0,-1.0,-1.0,-1.0,1.0,-999,-999,4626.0,3075.5,69.8886,47.5656,1.0809,51.2254,0.357729,-999,-999,-999,-999,-999,2644528,17682839
24616,8.5831,LD2,-1.531,29.045,3.632,11.075,PI+SIDIS,0.25,3.3,0.52,5.2,66.555,39.366,66.783,39.502,67.084,39.68,67.026,39.645,66.95,39.601,0.9996,0.9964,0.9765,0.9622,-1.0,-1.0,-1.0,-1.0,-1.0,1.0,-999,-999,4588.0,3036.0,69.618,47.2834,1.08425,51.2214,0.345083,-999,-999,-999,-999,-999,2626448,17684222
24617,8.5831,LD2,-1.531,29.045,3.632,11.075,PI+SIDIS,0.25,3.3,0.52,5.2,68.022,39.381,68.262,39.52,68.619,39.726,68.541,39.682,68.426,39.615,0.9996,0.9961,0.9769,0.9622,-1.0,-1.0,-1.0,-1.0,-1.0,1.0,-999,-999,4812.0,3189.83,71.2907,48.6026,1.08624,51.2219,0.348838,-999,-999,-999,-999,-999,2684602,18112319
24618,8.5831,LD2,-1.531,29.045,3.632,11.075,PI+SIDIS,0.25,3.3,0.52,5.2,60.469,38.905,60.685,39.044,60.591,38.983,60.541,38.951,60.357,38.833,0.9996,0.9964,0.9779,0.9626,-1.0,-1.0,-1.0,-1.0,-1.0,1.0,-999,-999,4202.0,2804.33,66.5954,48.0417,1.14086,51.2527,0.343092,-999,-999,-999,-999,-999,2381564,15943778
24619,8.5831,LD2,-1.531,29.045,3.632,11.075,PI+SIDIS,0.25,3.3,0.52,5.2,-999,-999,-999,-999,-999,-999,-999,-999,-999,-999,-999,-999,-999,-999,-999,-999,-999,-999,-999,-999,-999,-999,-999,-999,-999,-999,-999,-999,-999,-999,-999,-999,-999,-999,-999,-999
24620,8.5831,LD2,-1.531,29.045,3.632,11.075,PI+SIDIS,0.25,3.3,0.52,5.2,2.867,27.613,2.877,27.712,2.882,27.763,2.88,27.745,2.878,27.724,0.999,0.9963,0.9847,0.9668,-1.0,-1.0,-1.0,-1.0,-1.0,1.0,-999,-999,178.0,130.333,13.6361,46.9175,4.90875,51.1704,0.312267,-999,-999,-999,-999,-999,112896,616785
24621,8.5831,LD2,-1.531,29.045,3.632,11.075,PI+SIDIS,0.25,3.3,0.52,5.2,45.735,27.096,45.9,27.193,45.925,27.208,45.899,27.192,45.843,27.159,0.9995,0.9955,0.9815,0.9667,-1.0,-1.0,-1.0,-1.0,-1.0,1.0,-999,-999,2872.0,2130.83,54.7314,48.054,1.23429,51.2218,0.339685,-999,-999,-999,-999,-999,1792226,9218490
24622,8.5831,LD2,-1.531,29.045,3.632,11.075,PI+SIDIS,0.25,3.3,0.52,5.2,21.941,12.774,22.084,12.858,22.155,12.899,22.125,12.882,22.103,12.869,0.9998,0.9966,0.9841,0.9729,-1.0,-1.0,-1.0,-1.0,-1.0,1.0,-999,-999,1278.0,1101.0,36.1594,51.2578,1.68342,51.2147,0.343985,-999,-999,-999,-999,-999,861311,3165559
24625,8.5831,LD2,-1.531,29.045,3.632,11.075,SHMSDIS,0.12,1.2,-999,-999,34084.943,37.711,34198.485,37.836,34371.178,38.027,34335.708,37.988,34295.943,37.944,-999,-999,0.9746,0.9599,-1.0,33.0,-1.0,-1.0,-1.0,-1.0,-999,-999,-999,-999,-999,-18272.1,-42.5338,-999,-999,-999,-999,-999,-999,-999,1333736,9070320
24626,8.5831,LD2,-1.531,29.045,3.632,11.075,HMSDIS,0.25,3.3,-999,-999,29998.55,38.201,30100.099,38.33,30273.727,38.551,30240.778,38.509,30184.863,38.438,0.9996,0.9958,-999,-999,-1.0,-1.0,-1.0,3.0,-1.0,-1.0,-999,-999,-999,-999,-999,25.4727,0.0504208,-999,-999,-999,-999,-999,-999,-999,1174273,7921802
24627,8.5831,LH2,-1.531,29.045,3.632,11.075,PI+SIDIS,0.25,3.3,0.52,5.2,64.983,43.168,65.235,43.335,65.22,43.325,65.142,43.273,65.001,43.179,0.9997,0.9968,0.9809,0.9682,-1.0,-1.0,-1.0,-1.0,-1.0,1.0,-999,-999,2234.0,1746.83,48.1165,27.6685,0.762128,51.264,0.345856,-999,-999,-999,-999,-999,1312347,7193527
24628,8.5831,LH2,-1.531,29.045,3.632,11.075,PI+SIDIS,0.25,3.3,0.52,5.2,80.787,46.264,81.085,46.435,81.459,46.649,81.387,46.608,81.297,46.556,0.9997,0.9968,0.9796,0.9674,-1.0,-1.0,-1.0,-1.0,1.0,-1.0,-999,-999,2822.0,2276.5,53.9714,29.0634,0.689037,51.229,0.353586,-999,-999,-999,-999,-999,1629274,8964212
24629,8.5831,LH2,-1.531,29.045,3.632,11.075,PI+SIDIS,0.25,3.3,0.52,5.2,70.985,42.029,71.262,42.193,71.826,42.527,71.708,42.456,71.576,42.379,0.9997,0.9964,0.9815,0.9675,-1.0,-1.0,-1.0,-1.0,-1.0,1.0,-999,-999,2455.0,1924.0,50.4331,27.9143,0.731707,51.2105,0.347454,-999,-999,-999,-999,-999,1433397,7794101
24630,8.5831,LH2,-1.531,29.045,3.632,11.075,PI+SIDIS,0.25,3.3,0.52,5.2,62.934,44.226,63.182,44.4,63.276,44.466,63.192,44.407,62.95,44.237,0.9998,0.9968,0.979,0.9675,-1.0,-1.0,-1.0,-1.0,-1.0,1.0,-999,-999,2222.0,1735.17,47.991,28.3941,0.78532,51.2527,0.339999,-999,-999,-999,-999,-999,1269445,6938603
24631,8.5831,LH2,-1.531,29.045,3.632,11.075,PI+SIDIS,0.25,3.3,0.52,5.2,82.774,46.996,83.093,47.178,83.029,47.141,82.953,47.098,82.708,46.959,0.9996,0.9966,0.9793,0.9673,-1.0,-1.0,-1.0,-1.0,-1.0,1.0,-999,-999,2867.0,2229.0,54.5283,27.7459,0.67875,51.2613,0.329077,-999,-999,-999,-999,-999,1665553,9113805
24632,8.5831,LH2,-1.531,29.045,3.632,11.075,PI+SIDIS,0.25,3.3,0.52,5.2,81.785,48.153,82.083,48.329,82.396,48.513,82.343,48.482,82.264,48.435,0.9996,0.9968,0.9801,0.967,-1.0,-1.0,-1.0,-1.0,-1.0,1.0,-999,-999,2872.0,2238.5,54.5672,28.2155,0.687801,51.2269,0.353957,-999,-999,-999,-999,-999,1643504,8986013
24633,8.5831,LH2,-1.531,29.045,3.632,11.075,PI+SIDIS,0.25,3.3,0.52,5.2,23.717,48.803,23.804,48.982,23.953,49.287,23.937,49.255,23.914,49.207,0.9995,0.9966,0.9748,0.9669,-1.0,-1.0,-1.0,-1.0,-1.0,1.0,-999,-999,844.0,665.333,29.5597,28.9251,1.2851,51.216,0.339454,-999,-999,-999,-999,-999,476310,2618625
24634,8.5831,LH2,-1.531,29.045,3.632,11.075,PI+SIDIS,0.25,3.3,0.52,5.2,77.548,46.705,77.851,46.887,77.956,46.951,77.87,46.899,77.668,46.778,0.9996,0.9966,0.979,0.9671,-1.0,-1.0,-1.0,-1.0,-1.0,1.0,-999,-999,2716.0,2120.33,53.0592,28.1736,0.705016,51.2603,0.338492,-999,-999,-999,-999,-999,1561866,8649660
24635,8.5831,LH2,-1.531,29.045,3.632,11.075,PI+SIDIS,0.25,3.3,0.52,5.2,51.819,30.566,52.001,30.673,51.957,30.648,51.924,30.628,51.848,30.584,0.9998,0.9965,0.9824,0.9694,-1.0,-1.0,-1.0,-1.0,-1.0,1.0,-999,-999,1691.0,1416.0,41.6753,28.0954,0.826897,51.2326,0.33733,-999,-999,-999,-999,-999,1053159,4657757
24636,8.5831,LH2,-1.531,29.045,3.632,11.075,PI+SIDIS,0.25,3.3,0.52,5.2,33.705,15.842,33.884,15.926,33.943,15.954,33.899,15.933,33.888,15.928,0.9998,0.9973,0.9845,0.9735,-1.0,-1.0,-1.0,-1.0,-1.0,1.0,-999,-999,1066.0,972.667,32.887,29.4937,0.997216,51.2188,0.33622,-999,-999,-999,-999,-999,691120,2254938
24637,8.5831,LH2,-1.531,29.045,3.632,11.075,HMSDIS,0.25,3.3,-999,-999,49991.266,48.829,50185.573,49.019,50431.503,49.259,50378.33,49.207,50227.46,49.06,0.9996,0.9963,-999,-999,-1.0,-1.0,-1.0,2.0,-1.0,-1.0,-999,-999,-999,-999,-999,13.3368,0.0230634,-999,-999,-999,-999,-999,-999,-999,1008744,5648498
24640,8.5831,LH2,-1.531,29.045,3.632,11.075,SHMSDIS,0.12,1.2,-999,-999,41659.035,43.974,41838.984,44.164,42162.885,44.506,42091.916,44.431,42077.093,44.415,-999,-999,0.9788,0.9678,-1.0,33.0,-1.0,-1.0,-1.0,-1.0,-999,-999,-999,-999,-999,-8222.6,-25.7409,-999,-999,-999,-999,-999,-999,-999,836261,4356406
24641,8.5831,Dummy,-1.531,29.045,3.632,11.075,PI+SIDIS,0.25,3.3,0.52,5.2,52.841,34.414,53.051,34.551,52.916,34.463,52.856,34.423,52.773,34.37,0.9999,0.9965,0.9847,0.9688,-1.0,-1.0,-1.0,-1.0,-1.0,1.0,-999,-999,949.0,805.333,31.1921,15.6715,0.606985,51.2734,0.328301,-999,-999,-999,-999,-999,776732,2910525
24642,8.5831,Dummy,-1.531,29.045,3.632,11.075,PI+SIDIS,0.25,3.3,0.52,5.2,72.465,39.897,72.726,40.041,72.68,40.015,72.635,39.991,72.657,40.003,0.9998,0.9973,0.983,0.9686,-1.0,-1.0,-1.0,-1.0,-1.0,1.0,-999,-999,1284.0,1076.33,36.3127,15.2834,0.515621,51.2459,0.330962,-999,-999,-999,-999,-999,1065801,4142455
24643,8.5831,Dummy,-1.531,29.045,3.632,11.075,PI+SIDIS,0.25,3.3,0.52,5.2,56.126,36.049,56.333,36.183,56.574,36.337,56.51,36.296,56.549,36.321,0.9999,0.9969,0.9834,0.9694,-1.0,-1.0,-1.0,-1.0,-1.0,1.0,-999,-999,978.0,825.833,31.6759,15.1246,0.580121,51.224,0.357161,-999,-999,-999,-999,-999,825648,3197409
24644,8.5831,Dummy,-1.531,29.045,3.632,11.075,HMSDIS,0.25,3.3,-999,-999,33242.97,38.504,33365.613,38.646,33565.923,38.878,33530.874,38.838,33539.288,38.847,0.9997,0.9969,-999,-999,-1.0,-1.0,-1.0,1.0,-1.0,-1.0,-999,-999,-999,-999,-999,9.58552,0.0169862,-999,-999,-999,-999,-999,-999,-999,486731,1912289
24645,8.5831,Dummy,-1.531,29.045,3.632,11.075,SHMSDIS,0.12,1.2,-999,-999,30703.607,33.965,30825.764,34.1,30943.596,34.23,30886.647,34.167,30850.267,34.127,-999,-999,0.9823,0.972,-1.0,17.0,-1.0,-1.0,-1.0,-1.0,-999,-999,-999,-999,-999,-4430.08,-15.7707,-999,-999,-999,-999,-999,-999,-999,451146,1752703
24646,8.5831,C,-1.531,29.045,3.632,11.075,PI+SIDIS,0.25,3.3,0.52,5.2,80.255,41.806,80.579,41.975,80.613,41.992,80.504,41.935,80.466,41.916,0.9997,0.9968,0.978,0.9655,-1.0,-1.0,-1.0,-1.0,-1.0,1.0,-999,-999,3158.0,2353.0,57.3774,30.2582,0.73784,51.2542,0.335672,-999,-999,-999,-999,-999,2151099,9833048
24647,8.5831,C,-1.531,29.045,3.632,11.075,PI+SIDIS,0.25,3.3,0.52,5.2,79.173,41.012,79.485,41.174,79.963,41.422,79.828,41.352,79.922,41.4,0.9996,0.9972,0.9821,0.9652,-1.0,-1.0,-1.0,-1.0,-1.0,1.0,-999,-999,3169.0,2367.33,57.4683,30.8738,0.749478,51.2275,0.324961,-999,-999,-999,-999,-999,2119036,9723606
24648,8.5831,C,-1.531,29.045,3.632,11.075,PI+SIDIS,0.25,3.3,0.52,5.2,68.415,42.65,68.69,42.821,69.159,43.114,69.057,43.05,69.089,43.07,0.9997,0.9968,0.9795,0.9647,-1.0,-1.0,-1.0,-1.0,-1.0,1.0,-999,-999,2706.0,2023.67,53.1011,30.5524,0.801696,51.2287,0.33709,-999,-999,-999,-999,-999,1835979,8377805
24649,8.5831,C,-1.531,29.045,3.632,11.075,PI+SIDIS,0.25,3.3,0.52,5.2,72.438,43.748,72.735,43.928,72.823,43.981,72.724,43.921,72.652,43.878,0.9996,0.9969,0.9785,0.9659,-1.0,-1.0,-1.0,-1.0,-1.0,1.0,-999,-999,2881.0,2130.0,54.8285,30.3356,0.780872,51.2673,0.341858,-999,-999,-999,-999,-999,1945038,8868973
24650,8.5831,C,-1.531,29.045,3.632,11.075,PI+SIDIS,0.25,3.3,0.52,5.2,72.8,44.508,73.087,44.684,73.174,44.737,73.109,44.697,73.152,44.723,0.9997,0.9967,0.9785,0.9658,-1.0,-1.0,-1.0,-1.0,-1.0,1.0,-999,-999,2945.0,2197.17,55.4043,31.1413,0.785267,51.2564,0.339433,-999,-999,-999,-999,-999,1952058,8881547
24651,8.5831,C,-1.531,29.045,3.632,11.075,PI+SIDIS,0.25,3.3,0.52,5.2,38.928,22.808,39.089,22.902,39.189,22.96,39.128,22.925,39.188,22.96,0.9997,0.997,0.9854,0.9717,-1.0,-1.0,-1.0,-1.0,-1.0,1.0,-999,-999,1357.0,1153.83,37.2943,30.3869,0.982167,51.2305,0.345671,-999,-999,-999,-999,-999,1035660,3324341
24652,8.5831,C,-1.531,29.045,3.632,11.075,HMSDIS,0.25,3.3,-999,-999,38519.681,45.811,38671.508,45.991,38999.265,46.381,38945.885,46.317,38995.935,46.377,0.9996,0.9967,-999,-999,-1.0,-1.0,-1.0,3.0,-1.0,-1.0,-999,-999,-999,-999,-999,17.4904,0.0368596,-999,-999,-999,-999,-999,-999,-999,1032207,4803230
24653,8.5831,C,-1.531,29.045,3.632,11.075,SHMSDIS,0.12,1.2,-999,-999,42033.073,48.915,42198.201,49.107,42443.609,49.393,42392.981,49.334,42368.839,49.306,-999,-999,0.9795,0.9659,-1.0,33.0,-1.0,-1.0,-1.0,-1.0,-999,-999,-999,-999,-999,-8651.44,-26.2816,-999,-999,-999,-999,-999,-999,-999,1130431,5244036
24654,8.5831,Cu,-1.531,29.045,3.632,11.075,PI+SIDIS,0.25,3.3,0.52,5.2,73.811,45.784,74.107,45.968,74.103,45.965,74.03,45.92,73.948,45.869,0.9997,0.997,0.9782,0.9648,-1.0,-1.0,-1.0,-1.0,-1.0,1.0,-999,-999,1760.0,1238.83,42.9751,17.3333,0.601293,51.2625,0.317304,-999,-999,-999,-999,-999,1729032,7949656
24655,8.5831,Cu,-1.531,29.045,3.632,11.075,PI+SIDIS,0.25,3.3,0.52,5.2,78.198,45.346,78.501,45.522,78.835,45.716,78.751,45.667,78.818,45.706,0.9995,0.9968,0.9795,0.9654,-1.0,-1.0,-1.0,-1.0,-1.0,1.0,-999,-999,1935.0,1410.33,44.9716,18.6209,0.593769,51.2374,0.352757,-999,-999,-999,-999,-999,1833575,8399401
24656,8.5831,Cu,-1.531,29.045,3.632,11.075,PI+SIDIS,0.25,3.3,0.52,5.2,83.719,46.991,84.239,47.283,84.858,47.631,84.754,47.572,84.862,47.633,0.9997,0.9967,0.9806,0.9661,-1.0,-1.0,-1.0,-1.0,-1.0,1.0,-999,-999,1908.0,1309.5,44.8079,16.0971,0.550804,51.2175,0.330391,-999,-999,-999,-999,-999,1961300,8999390
24657,8.5831,Cu,-1.531,29.045,3.632,11.075,PI+SIDIS,0.25,3.3,0.52,5.2,74.774,43.195,75.172,43.425,75.688,43.723,75.561,43.65,75.606,43.676,0.9995,0.9972,0.9791,0.9645,-1.0,-1.0,-1.0,-1.0,-1.0,1.0,-999,-999,1737.0,1197.33,42.7428,16.5224,0.589823,51.2262,0.350995,-999,-999,-999,-999,-999,1753361,7992695
24658,8.5831,Cu,-1.531,29.045,3.632,11.075,PI+SIDIS,0.25,3.3,0.52,5.2,78.657,45.334,78.978,45.519,78.928,45.491,78.829,45.434,78.697,45.358,0.9997,0.9964,0.9784,0.9657,-1.0,-1.0,-1.0,-1.0,-1.0,1.0,-999,-999,1818.0,1258.5,43.7178,16.5074,0.573437,51.2797,0.344044,-999,-999,-999,-999,-999,1838308,8390787
24659,8.5831,Cu,-1.531,29.045,3.632,11.075,PI+SIDIS,0.25,3.3,0.52,5.2,85.622,47.617,85.955,47.802,86.074,47.868,86.0,47.827,86.025,47.841,0.9996,0.9968,0.9794,0.9637,-1.0,-1.0,-1.0,-1.0,-1.0,1.0,-999,-999,2007.0,1386.17,45.9399,16.7434,0.554903,51.253,0.334201,-999,-999,-999,-999,-999,2000908,9171244
24660,8.5831,Cu,-1.531,29.045,3.632,11.075,PI+SIDIS,0.25,3.3,0.52,5.2,50.024,48.858,50.212,49.042,50.45,49.273,50.413,49.238,50.449,49.273,0.9997,0.9968,0.9782,0.9648,-1.0,-1.0,-1.0,-1.0,-1.0,1.0,-999,-999,1191.0,837.5,35.3542,17.295,0.730089,51.2355,0.33152,-999,-999,-999,-999,-999,1167299,5375716
24661,8.5831,Cu,-1.531,29.045,3.632,11.075,PI+SIDIS,0.25,3.3,0.52,5.2,78.906,45.92,79.27,46.131,79.86,46.475,79.739,46.404,79.767,46.42,0.9997,0.9966,0.978,0.9648,-1.0,-1.0,-1.0,-1.0,-1.0,1.0,-999,-999,1761.0,1192.5,43.0784,15.5987,0.563494,51.2214,0.335168,-999,-999,-999,-999,-999,1848939,8594734
24662,8.5831,Cu,-1.531,29.045,3.632,11.075,PI+SIDIS,0.25,3.3,0.52,5.2,79.129,44.09,79.501,44.297,79.553,44.326,79.443,44.265,79.357,44.217,0.9996,0.9966,0.9769,0.9656,-1.0,-1.0,-1.0,-1.0,-1.0,1.0,-999,-999,1964.0,1400.33,45.3646,18.2488,0.591181,51.2527,0.324036,-999,-999,-999,-999,-999,1851657,8466871
24663,8.5831,Cu,-1.531,29.045,3.632,11.075,HMSDIS,0.25,3.3,-999,-999,43796.393,46.789,43966.779,46.971,43981.041,46.986,43942.573,46.945,43950.521,46.953,0.9995,0.9967,-999,-999,-1.0,-1.0,-1.0,2.0,-1.0,-1.0,-999,-999,-999,-999,-999,15.1975,0.0263146,-999,-999,-999,-999,-999,-999,-999,1022825,4674794
24665,8.5831,Cu,-1.531,29.045,3.632,11.075,SHMSDIS,0.12,1.2,-999,-999,47044.293,45.794,47226.272,45.971,47394.387,46.135,47349.156,46.091,47376.055,46.117,-999,-999,0.9791,0.9652,-1.0,33.0,-1.0,-1.0,-1.0,-1.0,-999,-999,-999,-999,-999,-6766.11,-21.9746,-999,-999,-999,-999,-999,-999,-999,1100259,5041865
24666,8.5831,LD2,-1.531,29.045,3.632,11.075,PI+SIDIS,0.25,3.3,0.52,5.2,91.606,40.891,91.914,41.029,92.343,41.22,92.29,41.197,92.323,41.211,0.9996,0.996,0.9783,0.962,-1.0,-1.0,-1.0,-1.0,-1.0,1.0,-999,-999,6514.0,4357.83,82.9057,49.3222,0.938331,51.2356,0.339617,-999,-999,-999,-999,-999,3582780,24348869
24667,8.5831,LD2,-1.531,29.045,3.632,11.075,PI+SIDIS,0.25,3.3,0.52,5.2,60.929,37.961,61.147,38.097,61.528,38.334,61.464,38.294,61.509,38.322,0.9995,0.9962,0.977,0.9627,-1.0,-1.0,-1.0,-1.0,-1.0,1.0,-999,-999,4324.0,2900.17,67.5374,49.2917,1.14788,51.2124,0.342508,-999,-999,-999,-999,-999,2387390,15914513
24668,8.5831,LD2,-1.531,29.045,3.632,11.075,PI+SIDIS,0.25,3.3,0.52,5.2,71.015,39.481,71.279,39.627,71.233,39.602,71.197,39.582,71.161,39.562,0.9996,0.9958,0.9759,0.9621,-1.0,-1.0,-1.0,-1.0,-1.0,1.0,-999,-999,5015.0,3375.67,72.7202,49.2438,1.06083,51.2532,0.348091,-999,-999,-999,-999,-999,2784003,18872507
24669,8.5831,LD2,-1.531,29.045,3.632,11.075,PI+SIDIS,0.25,3.3,0.52,5.2,71.629,38.81,71.898,38.955,72.09,39.059,72.043,39.034,72.06,39.043,0.9995,0.9958,0.9758,0.9624,-1.0,-1.0,-1.0,-1.0,-1.0,1.0,-999,-999,5075.0,3407.67,73.1634,49.291,1.05829,51.2307,0.345259,-999,-999,-999,-999,-999,2810567,18911855
24670,8.5831,LD2,-1.531,29.045,3.632,11.075,PI+SIDIS,0.25,3.3,0.52,5.2,65.096,35.918,65.353,36.059,65.686,36.243,65.615,36.204,65.601,36.197,0.9995,0.9957,0.9756,0.9613,-1.0,-1.0,-1.0,-1.0,-1.0,1.0,-999,-999,4507.0,2999.83,68.9797,47.7906,1.09892,51.2347,0.343382,-999,-999,-999,-999,-999,2554843,16970494
24671,8.5831,LD2,-1.531,29.045,3.632,11.075,PI+SIDIS,0.25,3.3,0.52,5.2,68.364,39.94,68.624,40.092,69.02,40.323,68.958,40.287,68.994,40.308,0.9995,0.996,0.977,0.9619,-1.0,-1.0,-1.0,-1.0,-1.0,1.0,-999,-999,4729.0,3130.83,70.6779,47.4538,1.07126,51.2184,0.340761,-999,-999,-999,-999,-999,2679961,18052064
24672,8.5831,LD2,-1.531,29.045,3.632,11.075,PI+SIDIS,0.25,3.3,0.52,5.2,61.827,27.424,62.085,27.539,62.315,27.641,62.255,27.614,62.227,27.602,0.9997,0.9964,0.9801,0.9677,-1.0,-1.0,-1.0,-1.0,-1.0,1.0,-999,-999,3996.0,3000.83,64.5125,49.9704,1.07427,51.242,0.338823,-999,-999,-999,-999,-999,2427748,12882924
24673,8.5831,LD2,-1.531,29.045,3.632,11.075,PI+SIDIS,0.25,3.3,0.52,5.2,25.718,13.951,25.884,14.04,25.768,13.978,25.747,13.966,25.703,13.943,0.9995,0.9975,0.98,0.9729,-1.0,-1.0,-1.0,-1.0,-1.0,1.0,-999,-999,1534.0,1315.17,39.6292,52.2538,1.57453,51.2914,0.344108,-999,-999,-999,-999,-999,1012727,3866261
24674,8.5831,LH2,-1.531,29.045,3.632,11.075,PI+SIDIS,0.25,3.3,0.52,5.2,123.208,44.968,123.869,45.21,124.588,45.472,124.39,45.4,124.41,45.407,0.9997,0.9967,0.98,0.966,-1.0,-1.0,-1.0,-1.0,-1.0,1.0,-999,-999,4433.0,3390.83,67.8726,28.3494,0.567455,51.2382,0.349514,-999,-999,-999,-999,-999,2466906,14611320
24675,8.5831,LH2,-1.531,29.045,3.632,11.075,PI+SIDIS,0.25,3.3,0.52,5.2,97.125,50.282,97.613,50.535,98.408,50.946,98.276,50.878,98.254,50.867,0.9997,0.9968,0.9761,0.9672,-1.0,-1.0,-1.0,-1.0,-1.0,1.0,-999,-999,3467.0,2635.0,60.0472,27.9225,0.636307,51.2405,0.340982,-999,-999,-999,-999,-999,1948042,11379946
24676,8.5831,LH2,-1.531,29.045,3.632,11.075,PI+SIDIS,0.25,3.3,0.52,5.2,80.587,49.057,80.994,49.304,81.755,49.768,81.621,49.686,81.642,49.699,0.9996,0.9969,0.9774,0.9682,-1.0,-1.0,-1.0,-1.0,-1.0,1.0,-999,-999,2910.0,2221.33,54.998,28.3417,0.701711,51.2154,0.345026,-999,-999,-999,-999,-999,1619453,9407049
24677,8.5831,LH2,-1.531,29.045,3.632,11.075,PI+SIDIS,0.25,3.3,0.52,5.2,90.501,52.167,90.959,52.431,91.876,52.96,91.737,52.879,91.776,52.902,0.9997,0.9971,0.9788,0.9664,-1.0,-1.0,-1.0,-1.0,-1.0,1.0,-999,-999,3149.0,2399.17,57.2186,27.3048,0.651202,51.2222,0.346105,-999,-999,-999,-999,-999,1819445,10597437
24678,8.5831,LH2,-1.531,29.045,3.632,11.075,PI+SIDIS,0.25,3.3,0.52,5.2,84.862,49.871,85.3,50.128,86.067,50.579,85.923,50.494,85.912,50.488,0.9998,0.9972,0.9786,0.9654,-1.0,-1.0,-1.0,-1.0,-1.0,1.0,-999,-999,3010.0,2304.83,55.9243,27.9977,0.679334,51.2259,0.344112,-999,-999,-999,-999,-999,1704403,9877918
24679,8.5831,LH2,-1.531,29.045,3.632,11.075,PI+SIDIS,0.25,3.3,0.52,5.2,78.266,46.971,78.667,47.212,78.765,47.271,78.662,47.209,78.507,47.116,0.9997,0.997,0.9791,0.9667,-1.0,-1.0,-1.0,-1.0,-1.0,1.0,-999,-999,2860.0,2227.83,54.4551,29.3068,0.716348,51.2662,0.339908,-999,-999,-999,-999,-999,1573583,8973888
24680,8.5831,LH2,-1.531,29.045,3.632,11.075,PI+SIDIS,0.25,3.3,0.52,5.2,110.55,48.388,111.1,48.629,111.528,48.816,111.395,48.758,111.325,48.727,0.9995,0.9968,0.9803,0.9671,-1.0,-1.0,-1.0,-1.0,-1.0,1.0,-999,-999,3955.0,3019.17,64.1169,28.1169,0.597108,51.242,0.339714,-999,-999,-999,-999,-999,2222723,12803631
24681,8.5831,LH2,-1.531,29.045,3.632,11.075,PI+SIDIS,0.25,3.3,0.52,5.2,66.424,37.323,66.665,37.458,66.873,37.575,66.853,37.564,66.831,37.551,0.9996,0.9973,0.9807,0.9709,-1.0,-1.0,-1.0,-1.0,-1.0,1.0,-999,-999,2293.0,1883.17,48.5933,29.1083,0.75111,51.2258,0.329005,-999,-999,-999,-999,-999,1357442,6378169
24682,8.5831,LH2,-1.531,29.045,3.632,11.075,PI+SIDIS,0.25,3.3,0.52,5.2,31.301,17.7,31.466,17.794,31.583,17.86,31.529,17.829,31.555,17.844,0.9999,0.997,0.9864,0.9739,-1.0,-1.0,-1.0,-1.0,-1.0,1.0,-999,-999,951.0,854.167,31.0989,27.8765,1.01494,51.2023,0.332763,-999,-999,-999,-999,-999,645003,2180021
24683,8.5831,LH2,-1.531,29.045,3.632,11.075,PI+SIDIS,0.25,3.3,0.52,5.2,25.794,52.522,25.923,52.784,26.151,53.248,26.109,53.163,26.104,53.153,0.9995,0.9973,0.9841,0.9678,-1.0,-1.0,-1.0,-1.0,-1.0,1.0,-999,-999,912.0,685.167,30.8189,27.326,1.22913,51.2291,0.329959,-999,-999,-999,-999,-999,520112,3078649
24684,8.5831,Dummy,-1.531,29.045,3.632,11.075,PI+SIDIS,0.25,3.3,0.52,5.2,64.717,36.797,64.975,36.944,64.803,36.846,64.72,36.799,64.607,36.734,0.9997,0.9973,0.9798,0.9686,-1.0,-1.0,-1.0,-1.0,-1.0,1.0,-999,-999,1132.0,946.5,34.1016,15.0449,0.542054,51.2619,0.322062,-999,-999,-999,-999,-999,962214,3723226
24685,8.5831,Dummy,-1.531,29.045,3.632,11.075,PI+SIDIS,0.25,3.3,0.52,5.2,72.127,39.531,72.394,39.677,72.355,39.656,72.315,39.634,72.316,39.635,0.9997,0.9972,0.9824,0.9686,-1.0,-1.0,-1.0,-1.0,-1.0,1.0,-999,-999,1210.0,1013.17,35.2534,14.454,0.50293,51.217,0.333047,-999,-999,-999,-999,-999,1066463,4165292
24686,8.5831,Dummy,-1.531,29.045,3.632,11.075,PI+SIDIS,0.25,3.3,0.52,5.2,68.953,40.122,69.203,40.268,69.461,40.418,69.424,40.396,69.438,40.404,0.9997,0.9972,0.9837,0.9691,-1.0,-1.0,-1.0,-1.0,-1.0,1.0,-999,-999,1159.0,963.167,34.5201,14.3666,0.514904,51.2089,0.352005,-999,-999,-999,-999,-999,1015057,3996697
24687,8.5831,Cu,-1.531,29.045,3.632,11.075,PI+SIDIS,0.25,3.3,0.52,5.2,78.798,43.79,79.135,43.978,79.721,44.303,79.59,44.23,79.584,44.227,0.9996,0.9969,0.9807,0.9658,-1.0,-1.0,-1.0,-1.0,-1.0,1.0,-999,-999,1855.0,1308.0,44.1154,17.1225,0.577496,51.2145,0.344493,-999,-999,-999,-999,-999,1855766,8599844
24688,8.5831,Cu,-1.531,29.045,3.632,11.075,PI+SIDIS,0.25,3.3,0.52,5.2,86.081,44.693,86.448,44.884,86.504,44.913,86.383,44.85,86.191,44.75,0.9996,0.9969,0.9794,0.9646,-1.0,-1.0,-1.0,-1.0,-1.0,1.0,-999,-999,2090.0,1503.0,46.7743,18.034,0.56123,51.2691,0.337812,-999,-999,-999,-999,-999,2018167,9203210
24690,8.5831,LH2,-1.531,29.045,-3.632,11.075,PI-SIDIS,0.25,3.3,0.52,5.2,88.877,54.555,89.281,54.803,89.531,54.956,89.453,54.908,89.551,54.969,0.9995,0.9969,0.9864,0.9745,-1.0,-1.0,-1.0,-1.0,-1.0,1.0,-999,-999,1662.0,1208.17,41.685,13.8932,0.479354,51.2053,0.343312,-999,-999,-999,-999,-999,1777688,181175148
24691,8.5831,LH2,-1.531,29.045,-3.632,11.075,PI-SIDIS,0.25,3.3,0.52,5.2,93.718,53.037,94.149,53.281,94.917,53.716,94.792,53.645,94.998,53.762,0.9996,0.9968,0.9855,0.9759,-1.0,-1.0,-1.0,-1.0,1.0,-1.0,-999,-999,1764.0,1336.83,42.8392,14.5725,0.46698,51.1821,0.341178,-999,-999,-999,-999,-999,1871811,191008647
24692,8.5831,LH2,-1.531,29.045,-3.632,11.075,PI-SIDIS,0.25,3.3,0.52,5.2,81.429,50.199,81.811,50.434,82.137,50.636,82.006,50.555,81.97,50.532,0.9997,0.9965,0.9853,0.9758,-1.0,-1.0,-1.0,-1.0,-1.0,1.0,-999,-999,1544.0,1141.83,40.1376,14.3083,0.502963,51.2253,0.352073,-999,-999,-999,-999,-999,1628793,165929296
24693,8.5831,LH2,-1.531,29.045,-3.632,11.075,PI-SIDIS,0.25,3.3,0.52,5.2,79.518,48.326,79.901,48.559,79.895,48.556,79.782,48.487,79.745,48.464,0.9995,0.997,0.9865,0.9762,-1.0,-1.0,-1.0,-1.0,-1.0,1.0,-999,-999,1495.0,1090.0,39.5285,13.9829,0.507087,51.2599,0.34012,-999,-999,-999,-999,-999,1594049,162136664
24694,8.5831,LH2,-1.531,29.045,-3.632,11.075,PI-SIDIS,0.25,3.3,0.52,5.2,85.877,47.747,86.267,47.964,86.671,48.188,86.56,48.127,86.73,48.221,0.9996,0.9969,0.9849,0.9751,-1.0,-1.0,-1.0,-1.0,-1.0,1.0,-999,-999,1626.0,1193.0,41.2088,14.1889,0.490116,51.2221,0.344223,-999,-999,-999,-999,-999,1722222,175245979
24695,8.5831,LH2,-1.531,29.045,-3.632,11.075,PI-SIDIS,0.25,3.3,0.52,5.2,99.665,55.304,100.115,55.554,101.019,56.055,100.887,55.982,101.076,56.087,0.9997,0.9967,0.9847,0.9763,-1.0,-1.0,-1.0,-1.0,-1.0,1.0,-999,-999,1859.0,1332.67,44.1217,13.6398,0.451584,51.2056,0.358058,-999,-999,-999,-999,-999,1995261,204263073
24696,8.5831,LH2,-1.531,29.045,-3.632,11.075,PI-SIDIS,0.25,3.3,0.52,5.2,8.224,55.08,8.262,55.332,8.332,55.802,8.32,55.719,8.327,55.765,0.9997,0.9974,0.9916,0.9779,-1.0,-1.0,-1.0,-1.0,-1.0,1.0,-999,-999,160.0,119.0,12.9164,14.7339,1.59923,51.199,0.32194,-999,-999,-999,-999,-999,164874,17205628
24697,8.5831,LH2,-1.531,29.045,-3.632,11.075,PI-SIDIS,0.25,3.3,0.52,5.2,90.599,51.2,91.018,51.437,91.392,51.648,91.256,51.571,91.258,51.572,0.9997,0.9969,0.985,0.976,-1.0,-1.0,-1.0,-1.0,-1.0,1.0,-999,-999,1670.0,1202.83,41.8074,13.5451,0.470793,51.2496,0.349329,-999,-999,-999,-999,-999,1814344,189953793
24698,8.5831,LH2,-1.531,29.045,-3.632,11.075,PI-SIDIS,0.25,3.3,0.52,5.2,85.232,48.996,85.616,49.216,85.817,49.332,85.713,49.272,85.79,49.316,0.9996,0.9966,0.9852,0.9745,-1.0,-1.0,-1.0,-1.0,-1.0,1.0,-999,-999,1554.0,1136.0,40.2947,13.6222,0.483188,51.2504,0.344471,-999,-999,-999,-999,-999,1717269,178849040
24699,8.5831,LH2,-1.531,29.045,-3.632,11.075,PI-SIDIS,0.25,3.3,0.52,5.2,-999,-999,-999,-999,-999,-999,-999,-999,-999,-999,-999,-999,-999,-999,-999,-999,-999,-999,-999,-999,-999,-999,-999,-999,-999,-999,-999,-999,-999,-999,-999,-999,-999,-999,-999,-999
24701,8.5831,LH2,-1.531,29.045,-3.632,11.075,PI-SIDIS,0.25,3.3,0.52,5.2,98.832,46.477,99.314,46.704,100.333,47.182,100.132,47.088,100.187,47.114,0.9996,0.9966,0.9864,0.9745,-1.0,-1.0,-1.0,-1.0,-1.0,1.0,-999,-999,1799.0,1285.67,43.4115,13.2911,0.448784,51.2249,0.337564,-999,-999,-999,-999,-999,1989182,207961630
24702,8.5831,LH2,-1.531,29.045,-3.632,11.075,PI-SIDIS,0.25,3.3,0.52,5.2,69.659,36.261,69.895,36.384,69.787,36.327,69.768,36.318,69.658,36.26,0.9998,0.9971,0.9868,0.9779,-1.0,-1.0,-1.0,-1.0,-1.0,1.0,-999,-999,1216.0,978.167,35.435,14.3147,0.518563,51.2529,0.329096,-999,-999,-999,-999,-999,1420702,146102663
24703,8.5831,LH2,-1.531,29.045,-3.632,11.075,PI-SIDIS,0.25,3.3,0.52,5.2,48.019,18.603,48.241,18.689,48.267,18.699,48.208,18.676,48.263,18.697,0.9996,0.9972,0.9905,0.979,-1.0,-1.0,-1.0,-1.0,-1.0,1.0,-999,-999,787.0,695.833,28.323,14.7394,0.599949,51.2257,0.314548,-999,-999,-999,-999,-999,986753,100489211
24705,8.5831,LH2,-1.531,29.045,-3.632,11.075,HMSDIS,0.25,3.3,-999,-999,44665.13,50.832,44870.318,51.066,45245.727,51.493,45201.223,51.442,45209.984,51.452,0.9997,0.9964,-999,-999,-1.0,-1.0,-1.0,2.0,-1.0,-1.0,-999,-999,-999,-999,-999,13.2315,0.0242962,-999,-999,-999,-999,-999,-999,-999,897534,93539669
24706,8.5831,LH2,-1.531,29.045,-3.632,11.075,SHMSDIS,0.12,1.2,-999,-999,58139.344,50.487,58413.639,50.725,58969.687,51.208,58890.357,51.139,58922.327,51.167,-999,-999,0.9875,0.9613,-1.0,65.0,-1.0,-1.0,-1.0,-1.0,-999,-999,-999,-999,-999,-114231.0,-113.455,-999,-999,-999,-999,-999,-999,-999,1165669,122079731
24707,8.5831,Dummy,-1.531,29.045,-3.632,11.075,PI-SIDIS,0.25,3.3,0.52,5.2,69.978,35.267,70.243,35.401,70.683,35.623,70.564,35.562,70.498,35.529,0.9998,0.9968,0.9878,0.9753,-1.0,-1.0,-1.0,-1.0,-1.0,1.0,-999,-999,750.0,604.833,27.8243,8.83078,0.406245,51.2265,0.336136,-999,-999,-999,-999,-999,1034077,118364834
24708,8.5831,Dummy,-1.531,29.045,-3.632,11.075,PI-SIDIS,0.25,3.3,0.52,5.2,70.685,40.427,70.936,40.57,70.795,40.49,70.744,40.461,70.598,40.377,0.9992,0.9966,0.9864,0.9768,-1.0,-1.0,-1.0,-1.0,-1.0,1.0,-999,-999,797.0,653.167,28.6526,9.43426,0.413855,51.2578,0.318943,-999,-999,-999,-999,-999,1038796,119327621
24709,8.5831,Dummy,-1.531,29.045,-3.632,11.075,PI-SIDIS,0.25,3.3,0.52,5.2,72.806,39.085,73.056,39.219,73.069,39.226,73.024,39.202,72.98,39.179,0.9995,0.9959,0.9864,0.9774,-1.0,-1.0,-1.0,-1.0,-1.0,1.0,-999,-999,833.0,683.833,29.2893,9.582,0.410407,51.2264,0.328168,-999,-999,-999,-999,-999,1073233,122862978
24710,8.5831,Dummy,-1.531,29.045,-3.632,11.075,PI-SIDIS,0.25,3.3,0.52,5.2,37.526,20.922,37.685,21.011,37.708,21.024,37.669,21.002,37.687,21.012,0.9994,0.9975,0.9862,0.9794,-1.0,-1.0,-1.0,-1.0,-1.0,1.0,-999,-999,405.0,360.0,20.3101,9.75966,0.55061,51.2349,0.315392,-999,-999,-999,-999,-999,554037,63282164
24711,8.5831,Dummy,-1.531,29.045,-3.632,11.075,HMSDIS,0.25,3.3,-999,-999,38328.446,37.306,38463.739,37.438,38664.749,37.634,38633.029,37.603,38630.75,37.6,0.9996,0.9965,-999,-999,-1.0,-1.0,-1.0,2.0,-1.0,-1.0,-999,-999,-999,-999,-999,9.63141,0.0223831,-999,-999,-999,-999,-999,-999,-999,565732,64757010
24712,8.5831,Dummy,-1.531,29.045,-3.632,11.075,SHMSDIS,0.12,1.2,-999,-999,43685.208,41.117,43835.806,41.258,44114.109,41.52,44075.655,41.484,44095.397,41.503,-999,-999,0.9888,0.9658,-1.0,33.0,-1.0,-1.0,-1.0,-1.0,-999,-999,-999,-999,-999,-95982.8,-85.484,-999,-999,-999,-999,-999,-999,-999,643817,73846377
24713,8.5831,LH2,-1.531,29.045,-3.632,11.075,PI-SIDIS,0.25,3.3,0.52,5.2,104.167,48.43,104.672,48.665,105.187,48.905,104.988,48.812,104.779,48.715,0.9996,0.9968,0.9861,0.9764,-1.0,-1.0,-1.0,-1.0,-1.0,1.0,-999,-999,1988.0,1455.17,45.572,14.2447,0.446108,51.2503,0.335644,-999,-999,-999,-999,-999,2091416,213124311
24714,8.5831,LH2,-1.531,29.045,-3.632,11.075,PI-SIDIS,0.25,3.3,0.52,5.2,108.954,50.149,109.477,50.39,109.71,50.497,109.564,50.43,109.506,50.403,0.9995,0.9969,0.9846,0.9748,-1.0,-1.0,-1.0,-1.0,-1.0,1.0,-999,-999,2074.0,1502.0,46.5761,14.0825,0.43669,51.2514,0.323866,-999,-999,-999,-999,-999,2189692,222725532
24715,8.5831,LH2,-1.531,29.045,-3.632,11.075,PI-SIDIS,0.25,3.3,0.52,5.2,106.152,50.459,106.649,50.695,107.321,51.015,107.193,50.954,107.157,50.936,0.9995,0.9966,0.9855,0.9756,-1.0,-1.0,-1.0,-1.0,-1.0,1.0,-999,-999,2017.0,1448.17,45.9544,13.9266,0.441929,51.2208,0.327737,-999,-999,-999,-999,-999,2129116,219622998
24716,8.5831,LH2,-1.531,29.045,-3.632,11.075,PI-SIDIS,0.25,3.3,0.52,5.2,113.074,52.287,113.609,52.534,114.632,53.007,114.483,52.938,114.515,52.953,0.9998,0.9968,0.9853,0.9754,-1.0,-1.0,-1.0,-1.0,-1.0,1.0,-999,-999,2073.0,1478.5,46.6056,13.3448,0.420658,51.2147,0.339966,-999,-999,-999,-999,-999,2267332,237449906
24717,8.5831,LH2,-1.531,29.045,-3.632,11.075,PI-SIDIS,0.25,3.3,0.52,5.2,103.471,54.757,103.966,55.019,104.759,55.438,104.614,55.361,104.568,55.337,0.9998,0.9966,0.9855,0.9763,-1.0,-1.0,-1.0,-1.0,-1.0,1.0,-999,-999,1956.0,1421.83,45.222,14.0107,0.445617,51.2328,0.335713,-999,-999,-999,-999,-999,2077174,217608213
24718,8.5831,LH2,-1.531,29.045,-3.632,11.075,PI-SIDIS,0.25,3.3,0.52,5.2,110.003,50.819,110.529,51.062,110.773,51.174,110.641,51.113,110.535,51.065,0.9998,0.997,0.9859,0.9761,-1.0,-1.0,-1.0,-1.0,-1.0,1.0,-999,-999,2073.0,1501.5,46.5645,13.9213,0.431728,51.2469,0.33445,-999,-999,-999,-999,-999,2208788,231170011
24719,8.5831,LH2,-1.531,29.045,-3.632,11.075,PI-SIDIS,0.25,3.3,0.52,5.2,102.137,56.283,102.61,56.544,103.213,56.876,103.126,56.828,103.142,56.837,0.9997,0.9966,0.9857,0.9751,-1.0,-1.0,-1.0,-1.0,-1.0,1.0,-999,-999,1829.0,1279.33,43.8248,12.7913,0.438179,51.2372,0.333352,-999,-999,-999,-999,-999,2048776,214811660
24720,8.5831,LH2,-1.531,29.045,-3.632,11.075,PI-SIDIS,0.25,3.3,0.52,5.2,75.282,35.738,75.539,35.86,75.981,36.07,75.902,36.033,75.871,36.018,0.9998,0.9972,0.9877,0.9778,-1.0,-1.0,-1.0,-1.0,-1.0,1.0,-999,-999,1332.0,1041.17,37.1547,14.0997,0.503157,51.2207,0.34252,-999,-999,-999,-999,-999,1527005,158345269
24721,8.5831,LH2,-1.531,29.045,-3.632,11.075,PI-SIDIS,0.25,3.3,0.52,5.2,74.086,36.086,74.347,36.212,74.437,36.257,74.361,36.219,74.238,36.16,0.9996,0.9973,0.9865,0.977,-1.0,-1.0,-1.0,-1.0,-1.0,1.0,-999,-999,1330.0,1062.67,37.075,14.6366,0.510651,51.2731,0.330576,-999,-999,-999,-999,-999,1505712,155815987
24722,8.5831,LH2,-1.531,29.045,-3.632,11.075,PI-SIDIS,0.25,3.3,0.52,5.2,73.424,37.521,73.669,37.647,73.539,37.58,73.509,37.565,73.482,37.551,0.9998,0.9973,0.9872,0.979,-1.0,-1.0,-1.0,-1.0,-1.0,1.0,-999,-999,1285.0,1007.5,36.4863,13.9728,0.506019,51.2607,0.321236,-999,-999,-999,-999,-999,1494336,154347242
24723,8.5831,LH2,-1.531,29.045,-3.632,11.075,PI-SIDIS,0.25,3.3,0.52,5.2,69.599,34.561,69.838,34.68,70.101,34.81,70.041,34.78,70.062,34.791,0.9996,0.9974,0.9849,0.9769,-1.0,-1.0,-1.0,-1.0,-1.0,1.0,-999,-999,1175.0,907.667,34.9221,13.3097,0.512085,51.2419,0.344127,-999,-999,-999,-999,-999,1417163,146153131
24724,8.5831,LH2,-1.531,29.045,-3.632,11.075,PI-SIDIS,0.25,3.3,0.52,5.2,36.675,18.094,36.849,18.18,36.893,18.201,36.823,18.167,36.841,18.176,0.9998,0.9983,0.988,0.9802,-1.0,-1.0,-1.0,-1.0,-1.0,1.0,-999,-999,574.0,502.167,24.2069,13.9061,0.670342,51.2459,0.341014,-999,-999,-999,-999,-999,753588,76815942
24725,8.5831,LH2,-1.531,29.045,-3.632,11.075,PI-SIDIS,0.25,3.3,0.52,5.2,38.745,17.792,38.935,17.879,38.728,17.784,38.657,17.752,38.629,17.739,0.9998,0.9975,0.99,0.979,-1.0,-1.0,-1.0,-1.0,-1.0,1.0,-999,-999,637.0,558.5,25.4967,14.655,0.669034,51.2964,0.324482,-999,-999,-999,-999,-999,796585,81303840
24726,8.5831,LH2,-1.531,29.045,-3.632,11.075,PI-SIDIS,0.25,3.3,0.52,5.2,32.192,18.817,32.334,18.899,32.239,18.844,32.204,18.824,32.242,18.846,1.0,0.9974,0.9888,0.981,-1.0,-1.0,-1.0,-1.0,-1.0,1.0,-999,-999,487.0,428.5,22.2879,13.509,0.702652,51.2638,0.303104,-999,-999,-999,-999,-999,661812,67543897
24727,8.5831,LH2,-1.531,29.045,-3.632,11.075,PI-SIDIS,0.25,3.3,0.52,5.2,27.183,18.584,27.302,18.665,27.352,18.699,27.318,18.676,27.372,18.713,0.9998,0.997,0.9894,0.9812,-1.0,-1.0,-1.0,-1.0,-1.0,1.0,-999,-999,417.0,359.333,20.6546,13.4163,0.771171,51.2369,0.306816,-999,-999,-999,-999,-999,558185,56982164
24728,8.5831,LH2,-1.531,29.045,-3.632,11.075,PI-SIDIS,0.25,3.3,0.52,5.2,32.852,17.949,33.005,18.033,32.988,18.023,32.936,17.995,32.919,17.986,0.9998,0.9968,0.9878,0.9791,-1.0,-1.0,-1.0,-1.0,-1.0,1.0,-999,-999,536.0,478.5,23.3577,14.8102,0.722954,51.2677,0.308086,-999,-999,-999,-999,-999,674413,68188053
24729,8.5831,LH2,-1.531,29.045,-3.632,11.075,PI-SIDIS,0.25,3.3,0.52,5.2,32.357,17.378,32.515,17.462,32.339,17.368,32.28,17.337,32.27,17.331,0.9996,0.9977,0.9887,0.979,-1.0,-1.0,-1.0,-1.0,-1.0,1.0,-999,-999,546.0,488.833,23.5696,15.3627,0.74073,51.2676,0.310669,-999,-999,-999,-999,-999,664316,67104792
24730,8.5831,Dummy,-1.531,29.045,-3.632,11.075,PI-SIDIS,0.25,3.3,0.52,5.2,65.36,37.821,65.568,37.942,65.726,38.033,65.674,38.003,65.742,38.042,0.9997,0.9975,0.9872,0.9774,-1.0,-1.0,-1.0,-1.0,-1.0,1.0,-999,-999,690.0,559.833,26.6776,8.73845,0.416411,51.219,0.331926,-999,-999,-999,-999,-999,966789,110572647
24731,8.5831,Dummy,-1.531,29.045,-3.632,11.075,PI-SIDIS,0.25,3.3,0.52,5.2,71.558,38.357,71.791,38.482,72.116,38.657,72.036,38.614,72.062,38.627,0.9997,0.9969,0.9888,0.9767,-1.0,-1.0,-1.0,-1.0,-1.0,1.0,-999,-999,810.0,666.667,28.8771,9.51069,0.411962,51.2364,0.329547,-999,-999,-999,-999,-999,1056788,121014305
24732,8.5831,Dummy,-1.531,29.045,-3.632,11.075,PI-SIDIS,0.25,3.3,0.52,5.2,66.436,38.104,66.657,38.231,66.567,38.179,66.506,38.144,66.439,38.106,0.9995,0.9963,0.9863,0.9774,-1.0,-1.0,-1.0,-1.0,-1.0,1.0,-999,-999,705.0,570.5,26.9707,8.76141,0.4142,51.2628,0.310904,-999,-999,-999,-999,-999,976564,112252187
24733,8.5831,Dummy,-1.531,29.045,-3.632,11.075,PI-SIDIS,0.25,3.3,0.52,5.2,34.72,19.126,34.873,19.21,34.809,19.175,34.757,19.146,34.788,19.163,0.9993,0.9974,0.9871,0.9803,-1.0,-1.0,-1.0,-1.0,-1.0,1.0,-999,-999,350.0,316.0,18.8591,9.25002,0.552049,51.2305,0.309189,-999,-999,-999,-999,-999,511911,58591636
24734,8.5831,LH2,-1.531,29.045,-3.632,14.375,PI-SIDIS,0.25,3.3,0.52,8.5,74.228,50.447,74.558,50.672,75.23,51.128,75.125,51.057,75.161,51.081,0.9996,0.9968,0.9885,0.9803,-1.0,-1.0,-1.0,-1.0,-1.0,1.0,-999,-999,596.0,503.5,24.7268,6.8916,0.338446,51.1877,0.321934,-999,-999,-999,-999,-999,1482409,46423421
24736,8.5831,LH2,-1.531,29.045,-3.632,14.375,PI-SIDIS,0.25,3.3,0.52,8.5,92.639,51.514,93.064,51.751,93.184,51.817,93.08,51.76,93.002,51.716,0.9995,0.9969,0.9886,0.9796,-1.0,-1.0,-1.0,-1.0,1.0,-1.0,-999,-999,739.0,637.333,27.4944,6.99629,0.301819,51.2762,0.345211,-999,-999,-999,-999,-999,1848392,57822260
24737,8.5831,LH2,-1.531,29.045,-3.632,14.375,PI-SIDIS,0.25,3.3,0.52,8.5,48.53,51.578,48.746,51.808,48.758,51.821,48.712,51.772,48.719,51.779,0.9996,0.9974,0.9887,0.9796,-1.0,-1.0,-1.0,-1.0,-1.0,1.0,-999,-999,399.0,335.0,20.2402,7.01865,0.424057,51.2761,0.355192,-999,-999,-999,-999,-999,967278,30106079
24738,8.5831,LH2,-1.531,29.045,-3.632,14.375,PI-SIDIS,0.25,3.3,0.52,8.5,106.784,53.15,107.255,53.384,108.35,53.929,108.221,53.865,108.223,53.866,0.9997,0.9952,0.9909,0.9794,-1.0,-1.0,-1.0,-1.0,-1.0,1.0,-999,-999,877.0,730.167,30.0245,6.95344,0.285926,51.2368,0.332353,-999,-999,-999,-999,-999,2146979,66856322
24739,8.5831,LH2,-1.531,29.045,-3.632,14.375,PI-SIDIS,0.25,3.3,0.52,8.5,98.264,49.31,98.705,49.531,99.745,50.053,99.6,49.98,99.569,49.965,0.9994,0.996,0.9887,0.9784,-1.0,-1.0,-1.0,-1.0,-1.0,1.0,-999,-999,832.0,710.833,29.1924,7.36519,0.302472,51.2159,0.324954,-999,-999,-999,-999,-999,1977374,61596478
24740,8.5831,LH2,-1.531,29.045,-3.632,14.375,PI-SIDIS,0.25,3.3,0.52,8.5,98.864,52.34,99.303,52.572,100.369,53.136,100.227,53.061,100.208,53.051,0.9997,0.9962,0.9887,0.9776,-1.0,-1.0,-1.0,-1.0,-1.0,1.0,-999,-999,824.0,690.5,29.0904,7.11502,0.299752,51.2158,0.327928,-999,-999,-999,-999,-999,1981912,61925882
24741,8.5831,LH2,-1.531,29.045,-3.632,14.375,PI-SIDIS,0.25,3.3,0.52,8.5,96.063,52.436,96.495,52.672,97.555,53.25,97.422,53.178,97.389,53.16,0.9997,0.9963,0.9892,0.9776,-1.0,-1.0,-1.0,-1.0,-1.0,1.0,-999,-999,799.0,671.833,28.639,7.12412,0.303689,51.2316,0.321691,-999,-999,-999,-999,-999,1926382,60156478
24742,8.5831,LH2,-1.531,29.045,-3.632,14.375,PI-SIDIS,0.25,3.3,0.52,8.5,115.426,51.067,115.946,51.298,116.62,51.596,116.451,51.521,116.214,51.416,0.9998,0.9964,0.9884,0.9802,-1.0,-1.0,-1.0,-1.0,-1.0,1.0,-999,-999,969.0,819.5,31.5264,7.21239,0.277463,51.244,0.337258,-999,-999,-999,-999,-999,2321343,72396292
24743,8.5831,LH2,-1.531,29.045,-3.632,14.375,PI-SIDIS,0.25,3.3,0.52,8.5,95.64,49.743,96.064,49.964,96.394,50.136,96.273,50.073,96.149,50.008,0.9994,0.9956,0.9887,0.9803,-1.0,-1.0,-1.0,-1.0,-1.0,1.0,-999,-999,804.0,677.667,28.7238,7.20041,0.305199,51.25,0.325371,-999,-999,-999,-999,-999,1916135,59867462
24744,8.5831,LH2,-1.531,29.045,-3.632,14.375,PI-SIDIS,0.25,3.3,0.52,8.5,13.975,51.072,14.034,51.288,14.104,51.542,14.092,51.5,14.072,51.426,0.9987,0.9947,0.9913,0.9755,-1.0,-1.0,-1.0,-1.0,-1.0,1.0,-999,-999,123.0,108.333,11.2002,7.92352,0.819185,51.2456,0.286273,-999,-999,-999,-999,-999,279947,8754924
24745,8.5831,LH2,-1.531,29.045,-3.632,14.375,PI-SIDIS,0.25,3.3,0.52,8.5,65.506,48.309,65.79,48.518,66.093,48.742,66.006,48.677,65.964,48.646,0.9999,0.9968,0.9907,0.9809,-1.0,-1.0,-1.0,-1.0,-1.0,1.0,-999,-999,541.0,455.0,23.5655,7.05158,0.365218,51.2469,0.322842,-999,-999,-999,-999,-999,1313970,41000119
24746,8.5831,LH2,-1.531,29.045,-3.632,14.375,PI-SIDIS,0.25,3.3,0.52,8.5,92.516,51.702,92.913,51.923,93.757,52.395,93.645,52.333,93.533,52.27,0.9995,0.9972,0.9892,0.979,-1.0,-1.0,-1.0,-1.0,-1.0,1.0,-999,-999,783.0,660.167,28.3456,7.26155,0.311789,51.2276,0.331567,-999,-999,-999,-999,-999,1851284,57896959
24747,8.5831,LH2,-1.531,29.045,-3.632,14.375,PI-SIDIS,0.25,3.3,0.52,8.5,68.137,35.803,68.355,35.917,68.775,36.137,68.724,36.111,68.584,36.037,1.0,0.9982,0.9919,0.9813,-1.0,-1.0,-1.0,-1.0,-1.0,1.0,-999,-999,532.0,473.0,23.2773,7.05162,0.347025,51.2181,0.313284,-999,-999,-999,-999,-999,1381959,43133077
24748,8.5831,LH2,-1.531,29.045,-3.632,14.375,PI-SIDIS,0.25,3.3,0.52,8.5,34.399,17.21,34.564,17.293,34.504,17.262,34.434,17.227,34.346,17.184,0.9994,0.9996,0.9914,0.9836,-1.0,-1.0,-1.0,-1.0,-1.0,1.0,-999,-999,239.0,225.167,15.534,6.62708,0.457195,51.238,0.330172,-999,-999,-999,-999,-999,704513,21886911
24750,8.5831,LH2,-1.531,29.045,-3.632,14.375,HMSDIS,0.25,3.3,-999,-999,52842.069,55.465,53071.427,55.705,53169.237,55.808,53121.715,55.758,53028.892,55.661,0.9996,0.9971,-999,-999,-1.0,-1.0,-1.0,2.0,-1.0,-1.0,-999,-999,-999,-999,-999,13.1896,0.0223127,-999,-999,-999,-999,-999,-999,-999,1057817,33086521
24752,8.5831,LH2,-1.531,29.045,-3.632,14.375,SHMSDIS,0.21,2.0,-999,-999,51287.661,53.855,51504.199,54.082,51864.325,54.461,51818.537,54.413,51779.868,54.372,-999,-999,0.9903,0.9694,-1.0,17.0,-1.0,-1.0,-1.0,-1.0,-999,-999,-999,-999,-999,-36036.7,-34.6571,-999,-999,-999,-999,-999,-999,-999,1028146,32131838
24753,8.5831,Dummy,-1.531,29.045,-3.632,14.375,PI-SIDIS,0.25,3.3,0.52,8.5,5.456,19.6,5.482,19.693,5.525,19.846,5.508,19.784,5.505,19.777,1.0,0.9981,0.9925,0.9818,-1.0,-1.0,-1.0,-1.0,-1.0,1.0,-999,-999,29.0,26.5,5.42371,4.92361,1.00771,51.1372,0.20643,-999,-999,-999,-999,-999,80167,2705619
24755,8.5831,Dummy,-1.531,29.045,-3.632,14.375,PI-SIDIS,0.25,3.3,0.52,8.5,74.571,35.305,74.82,35.422,75.247,35.625,75.142,35.575,75.042,35.528,0.9997,0.9963,0.9896,0.978,-1.0,-1.0,-1.0,-1.0,-1.0,1.0,-999,-999,381.0,337.833,19.7027,4.61838,0.269347,51.2249,0.30741,-999,-999,-999,-999,-999,1093720,36881198
24756,8.5831,Dummy,-1.531,29.045,-3.632,14.375,PI-SIDIS,0.25,3.3,0.52,8.5,84.0,39.103,84.262,39.225,84.196,39.195,84.136,39.167,83.941,39.076,0.9993,0.9967,0.9895,0.9793,-1.0,-1.0,-1.0,-1.0,-1.0,1.0,-999,-999,467.0,410.833,21.8257,4.98221,0.264682,51.2827,0.316495,-999,-999,-999,-999,-999,1234388,41515455
24758,8.5831,Dummy,-1.531,29.045,-3.632,14.375,PI-SIDIS,0.25,3.3,0.52,8.5,91.915,36.909,92.2,37.024,92.694,37.222,92.592,37.181,92.553,37.165,0.9996,0.9975,0.9888,0.9838,-1.0,-1.0,-1.0,-1.0,-1.0,1.0,-999,-999,451.0,391.5,21.469,4.31796,0.236787,51.225,0.321081,-999,-999,-999,-999,-999,1350603,45439465
24759,8.5831,Dummy,-1.531,29.045,-3.632,14.375,PI-SIDIS,0.25,3.3,0.52,8.5,36.982,19.641,37.136,19.723,37.138,19.724,37.08,19.693,37.023,19.663,1.0,0.9977,0.9868,0.9829,-1.0,-1.0,-1.0,-1.0,-1.0,1.0,-999,-999,198.0,185.5,14.1451,5.08206,0.387526,51.2854,0.346312,-999,-999,-999,-999,-999,543394,18272166
24763,8.5831,Dummy,-1.531,29.045,-3.632,14.375,HMSDIS,0.25,3.3,-999,-999,39678.49,39.01,39799.564,39.129,39790.84,39.121,39771.798,39.102,39716.214,39.047,0.9997,0.9969,-999,-999,-1.0,-1.0,-1.0,2.0,-1.0,-1.0,-999,-999,-999,-999,-999,9.53326,0.0218985,-999,-999,-999,-999,-999,-999,-999,582245,19602270
24765,8.5831,Dummy,-1.531,29.045,-3.632,14.375,SHMSDIS,0.21,2.0,-999,-999,36439.254,38.045,36551.688,38.162,36668.794,38.285,36649.355,38.264,36610.151,38.224,-999,-999,0.9904,0.9712,-1.0,17.0,-1.0,-1.0,-1.0,-1.0,-999,-999,-999,-999,-999,-28785.4,-36.7664,-999,-999,-999,-999,-999,-999,-999,535857,18005552
24766,8.5831,LH2,-1.531,29.045,-3.632,14.375,PI-SIDIS,0.25,3.3,0.52,8.5,91.256,49.504,91.655,49.721,92.534,50.197,92.405,50.128,92.37,50.108,0.9998,0.9968,0.9897,0.9798,-1.0,-1.0,-1.0,-1.0,-1.0,1.0,-999,-999,766.0,647.833,28.0302,7.21534,0.312191,51.2059,0.327487,-999,-999,-999,-999,-999,1826234,57135270
24767,8.5831,LH2,-1.531,29.045,-3.632,14.375,PI-SIDIS,0.25,3.3,0.52,8.5,95.422,51.739,95.844,51.968,95.916,52.007,95.814,51.952,95.534,51.8,0.9996,0.9967,0.9897,0.9782,-1.0,-1.0,-1.0,-1.0,-1.0,1.0,-999,-999,833.0,709.5,29.2161,7.57085,0.311756,51.2562,0.320031,-999,-999,-999,-999,-999,1908582,59706005
24768,8.5831,LH2,-1.531,29.045,-3.632,14.375,PI-SIDIS,0.25,3.3,0.52,8.5,90.249,45.943,90.642,46.143,91.001,46.326,90.884,46.266,90.79,46.218,0.9999,0.9967,0.9882,0.9788,-1.0,-1.0,-1.0,-1.0,-1.0,1.0,-999,-999,731.0,627.833,27.3531,7.07745,0.308347,51.2451,0.34621,-999,-999,-999,-999,-999,1805591,56535752
24769,8.5831,LH2,-1.531,29.045,-3.632,14.375,PI-SIDIS,0.25,3.3,0.52,8.5,38.115,48.825,38.28,49.036,38.56,49.395,38.515,49.337,38.466,49.274,0.9998,0.9976,0.9882,0.9775,-1.0,-1.0,-1.0,-1.0,-1.0,1.0,-999,-999,324.0,274.0,18.23,7.32426,0.487304,51.2355,0.348666,-999,-999,-999,-999,-999,762090,23880563
24770,8.5831,LH2,-1.531,29.045,-3.632,14.375,PI-SIDIS,0.25,3.3,0.52,8.5,147.085,51.148,147.728,51.372,148.081,51.494,147.907,51.434,147.689,51.358,0.9996,0.9961,0.9876,0.9808,-1.0,-1.0,-1.0,-1.0,-1.0,1.0,-999,-999,1256.0,1071.17,35.8721,7.39591,0.24768,51.2546,0.327415,-999,-999,-999,-999,-999,2944635,92108074
24772,8.5831,LH2,-1.531,29.045,-3.632,14.375,PI-SIDIS,0.25,3.3,0.52,8.5,100.547,55.571,100.988,55.814,101.977,56.361,101.866,56.3,101.717,56.217,0.9996,0.9965,0.9899,0.9793,-1.0,-1.0,-1.0,-1.0,-1.0,1.0,-999,-999,815.0,679.333,28.9415,6.87206,0.292769,51.2408,0.322815,-999,-999,-999,-999,-999,2005157,62900476
24773,8.5831,LH2,-1.531,29.045,-3.632,14.375,PI-SIDIS,0.25,3.3,0.52,8.5,61.1,35.008,61.303,35.125,61.739,35.374,61.686,35.344,61.563,35.273,1.0,0.9971,0.9871,0.9817,-1.0,-1.0,-1.0,-1.0,-1.0,1.0,-999,-999,468.0,417.167,21.8282,6.93205,0.362719,51.2426,0.325327,-999,-999,-999,-999,-999,1237605,38675649
24774,8.5831,LH2,-1.531,29.045,-3.632,14.375,PI-SIDIS,0.25,3.3,0.52,8.5,32.141,17.915,32.29,17.998,32.334,18.022,32.279,17.992,32.204,17.95,1.0,0.9959,0.9894,0.9812,-1.0,-1.0,-1.0,-1.0,-1.0,1.0,-999,-999,247.0,231.5,15.7982,7.30677,0.498634,51.2523,0.326428,-999,-999,-999,-999,-999,656606,20469083
24775,8.5831,Dummy,-1.531,29.045,-3.632,14.375,PI-SIDIS,0.25,3.3,0.52,8.5,67.781,35.194,68.013,35.314,67.995,35.305,67.913,35.262,67.728,35.166,0.9997,0.9967,0.9906,0.9829,-1.0,-1.0,-1.0,-1.0,-1.0,1.0,-999,-999,382.0,338.667,19.7287,5.06759,0.295208,51.262,0.378078,-999,-999,-999,-999,-999,996542,33538129
24776,8.5831,Dummy,-1.531,29.045,-3.632,14.375,PI-SIDIS,0.25,3.3,0.52,8.5,70.328,38.159,70.549,38.279,70.68,38.35,70.64,38.328,70.509,38.257,1.0,0.9957,0.9896,0.9796,-1.0,-1.0,-1.0,-1.0,-1.0,1.0,-999,-999,385.0,344.5,19.7927,4.98482,0.286395,51.2356,0.293549,-999,-999,-999,-999,-999,1028371,34768586
24777,8.5831,Dummy,-1.531,29.045,-3.632,14.375,PI-SIDIS,0.25,3.3,0.52,8.5,67.873,35.903,68.097,36.022,68.407,36.186,68.342,36.151,68.216,36.084,0.9994,0.9963,0.99,0.9815,-1.0,-1.0,-1.0,-1.0,-1.0,1.0,-999,-999,390.0,347.333,19.9276,5.19983,0.298331,51.2253,0.376624,-999,-999,-999,-999,-999,994304,33557657
24778,8.5831,Dummy,-1.531,29.045,-3.632,14.375,PI-SIDIS,0.25,3.3,0.52,8.5,38.28,20.265,38.438,20.349,38.548,20.407,38.509,20.386,38.464,20.362,1.0,0.9985,0.9841,0.9796,-1.0,-1.0,-1.0,-1.0,-1.0,1.0,-999,-999,205.0,192.5,14.3904,5.11236,0.382176,51.2035,0.313141,-999,-999,-999,-999,-999,561352,18915029
24779,8.5831,LH2,-1.531,29.045,3.632,14.375,PI+SIDIS,0.25,3.3,0.52,8.5,97.516,53.764,97.95,54.004,98.91,54.533,98.792,54.468,98.575,54.348,0.9995,0.9959,0.981,0.971,-1.0,-1.0,-1.0,-1.0,-1.0,1.0,-999,-999,1681.0,1454.0,41.4588,15.2953,0.436124,51.2504,0.347928,-999,-999,-999,-999,-999,1950596,2502887
24780,8.5831,LH2,-1.531,29.045,3.632,14.375,PI+SIDIS,0.25,3.3,0.52,8.5,60.464,47.706,60.732,47.917,61.301,48.366,61.227,48.307,61.088,48.198,0.9996,0.9969,0.9823,0.9706,-1.0,-1.0,-1.0,-1.0,1.0,-1.0,-999,-999,1090.0,974.333,33.3058,16.5459,0.565592,51.2284,0.349747,-999,-999,-999,-999,-999,1214115,1528866
24781,8.5831,LH2,-1.531,29.045,3.632,14.375,PI+SIDIS,0.25,3.3,0.52,8.5,92.347,52.811,92.758,53.046,93.65,53.557,93.525,53.485,93.337,53.377,0.9998,0.9965,0.9829,0.9713,-1.0,-1.0,-1.0,-1.0,-1.0,1.0,-999,-999,1601.0,1382.83,40.4643,15.3522,0.449234,51.2408,0.338099,-999,-999,-999,-999,-999,1850737,2394740
24782,8.5831,LH2,-1.531,29.045,3.632,14.375,PI+SIDIS,0.25,3.3,0.52,8.5,98.649,46.202,99.105,46.416,100.11,46.886,99.928,46.801,99.663,46.677,0.9997,0.9971,0.9842,0.9708,-1.0,-1.0,-1.0,-1.0,-1.0,1.0,-999,-999,1715.0,1483.33,41.8761,15.4232,0.435413,51.2261,0.353057,-999,-999,-999,-999,-999,1981364,2545416
24783,8.5831,LH2,-1.531,29.045,3.632,14.375,PI+SIDIS,0.25,3.3,0.52,8.5,78.518,43.531,78.879,43.731,79.688,44.18,79.533,44.094,79.351,43.993,0.9997,0.9973,0.9887,0.9729,-1.0,-1.0,-1.0,-1.0,-1.0,1.0,-999,-999,1382.0,1196.0,37.5899,15.5899,0.489985,51.2205,0.340001,-999,-999,-999,-999,-999,1574991,2017249
24784,8.5831,LH2,-1.531,29.045,3.632,14.375,PI+SIDIS,0.25,3.3,0.52,8.5,92.221,53.838,92.624,54.074,93.493,54.581,93.38,54.515,93.181,54.399,0.9997,0.9968,0.9841,0.9727,-1.0,-1.0,-1.0,-1.0,-1.0,1.0,-999,-999,1614.0,1390.17,40.6363,15.4356,0.451201,51.2369,0.347586,-999,-999,-999,-999,-999,1851085,2404682
24785,8.5831,LH2,-1.531,29.045,3.632,14.375,PI+SIDIS,0.25,3.3,0.52,8.5,78.661,42.752,79.042,42.958,79.871,43.409,79.703,43.318,79.509,43.212,0.9999,0.9978,0.9857,0.9723,-1.0,-1.0,-1.0,-1.0,-1.0,1.0,-999,-999,1343.0,1166.5,37.0461,15.1803,0.482103,51.2272,0.328014,-999,-999,-999,-999,-999,1580687,2014107
24786,8.5831,LH2,-1.531,29.045,3.632,14.375,PI+SIDIS,0.25,3.3,0.52,8.5,70.465,43.535,70.802,43.743,71.507,44.178,71.378,44.099,71.225,44.004,0.9999,0.9977,0.9827,0.9728,-1.0,-1.0,-1.0,-1.0,-1.0,1.0,-999,-999,1194.0,1032.33,34.942,14.9906,0.507397,51.2387,0.337232,-999,-999,-999,-999,-999,1414620,1783675
24787,8.5831,LH2,-1.531,29.045,3.632,14.375,PI+SIDIS,0.25,3.3,0.52,8.5,90.493,52.746,90.928,53.0,91.282,53.206,91.164,53.137,90.823,52.939,0.9997,0.9972,0.9823,0.972,-1.0,-1.0,-1.0,-1.0,-1.0,1.0,-999,-999,1560.0,1358.67,39.9194,15.3779,0.451824,51.293,0.332804,-999,-999,-999,-999,-999,1812994,2350207
24788,8.5831,LH2,-1.531,29.045,3.632,14.375,PI+SIDIS,0.25,3.3,0.52,8.5,74.217,41.825,74.581,42.03,74.866,42.19,74.716,42.106,74.553,42.014,0.9997,0.9971,0.9837,0.9718,-1.0,-1.0,-1.0,-1.0,-1.0,1.0,-999,-999,1273.0,1104.83,36.0698,15.2486,0.497825,51.2582,0.323287,-999,-999,-999,-999,-999,1490664,1887092
24789,8.5831,LH2,-1.531,29.045,3.632,14.375,PI+SIDIS,0.25,3.3,0.52,8.5,79.116,46.398,79.485,46.614,79.977,46.903,79.866,46.838,79.709,46.745,0.9997,0.9973,0.9842,0.9722,-1.0,-1.0,-1.0,-1.0,-1.0,1.0,-999,-999,1391.0,1220.33,37.6755,15.7976,0.48772,51.2684,0.329925,-999,-999,-999,-999,-999,1585115,2025930
24790,8.5831,LH2,-1.531,29.045,3.632,14.375,PI+SIDIS,0.25,3.3,0.52,8.5,62.498,35.281,62.715,35.403,63.008,35.569,62.96,35.541,62.812,35.458,0.9998,0.9973,0.9838,0.9739,-1.0,-1.0,-1.0,-1.0,-1.0,1.0,-999,-999,1072.0,965.333,33.0118,15.8081,0.540593,51.2388,0.323405,-999,-999,-999,-999,-999,1269008,1391442
24791,8.5831,LH2,-1.531,29.045,3.632,14.375,PI+SIDIS,0.25,3.3,0.52,8.5,31.294,18.017,31.449,18.106,31.532,18.154,31.485,18.127,31.431,18.096,0.9997,0.9972,0.9903,0.978,-1.0,-1.0,-1.0,-1.0,-1.0,1.0,-999,-999,508.0,481.5,22.6366,15.6596,0.736201,51.2653,0.309305,-999,-999,-999,-999,-999,640701,555072
24792,8.5831,LH2,-1.531,29.045,3.632,14.375,HMSDIS,0.25,3.3,-999,-999,43282.843,52.003,43491.98,52.254,43642.95,52.436,43580.771,52.361,43451.461,52.206,0.9997,0.9976,-999,-999,-1.0,-1.0,-1.0,1.0,-1.0,-1.0,-999,-999,-999,-999,-999,inf,inf,-999,-999,-999,-999,-999,-999,-999,867096,1118062
24793,8.5831,LH2,-1.531,29.045,3.632,14.375,SHMSDIS,0.21,2.0,-999,-999,39477.957,47.446,39667.313,47.673,39630.499,47.629,39580.601,47.569,39424.514,47.382,-999,-999,0.9838,0.9759,-1.0,1.0,-1.0,-1.0,-1.0,-1.0,-999,-999,-999,-999,-999,-482.927,-1.11243,-999,-999,-999,-999,-999,-999,-999,794698,999590
24794,8.5831,Dummy,-1.531,29.045,3.632,14.375,PI+SIDIS,0.25,3.3,0.52,8.5,34.865,33.874,34.997,34.002,35.002,34.007,34.956,33.962,34.884,33.893,1.0,0.9967,0.9853,0.9725,-1.0,-1.0,-1.0,-1.0,-1.0,1.0,-999,-999,303.0,276.5,17.5333,8.12409,0.515161,51.2277,0.313407,-999,-999,-999,-999,-999,513596,506611
24795,8.5831,Dummy,-1.531,29.045,3.632,14.375,PI+SIDIS,0.25,3.3,0.52,8.5,53.93,37.661,54.115,37.789,54.31,37.926,54.274,37.901,54.178,37.834,0.9992,0.998,0.9881,0.972,-1.0,-1.0,-1.0,-1.0,-1.0,1.0,-999,-999,449.0,404.333,21.3646,7.69332,0.406507,51.2294,0.332632,-999,-999,-999,-999,-999,793154,789299
24796,8.5831,Dummy,-1.531,29.045,3.632,14.375,PI+SIDIS,0.25,3.3,0.52,8.5,4.623,40.521,4.639,40.656,4.664,40.88,4.661,40.853,4.655,40.797,1.0,0.999,1.0,0.9756,-1.0,-1.0,-1.0,-1.0,-1.0,1.0,-999,-999,46.0,42.8333,6.82113,9.46424,1.50716,51.2871,0.471117,-999,-999,-999,-999,-999,67933,68334
24797,8.5831,Dummy,-1.531,29.045,3.632,14.375,PI+SIDIS,0.25,3.3,0.52,8.5,64.995,37.769,65.224,37.903,64.993,37.769,64.94,37.738,64.707,37.602,0.9995,0.9973,0.9869,0.9728,-1.0,-1.0,-1.0,-1.0,-1.0,1.0,-999,-999,574.0,522.5,24.1368,8.2393,0.380612,51.2991,0.328446,-999,-999,-999,-999,-999,957456,932990
24798,8.5831,Dummy,-1.531,29.045,3.632,14.375,PI+SIDIS,0.25,3.3,0.52,8.5,55.435,35.474,55.629,35.598,55.728,35.662,55.677,35.629,55.556,35.551,0.9998,0.9981,0.9774,0.9718,-1.0,-1.0,-1.0,-1.0,-1.0,1.0,-999,-999,495.0,451.0,22.4128,8.34441,0.414682,51.2342,0.300521,-999,-999,-999,-999,-999,817519,800265
24800,8.5831,Dummy,-1.531,29.045,3.632,14.375,HMSDIS,0.25,3.3,-999,-999,37032.132,37.358,37163.139,37.491,37313.91,37.643,37278.878,37.607,37173.983,37.502,0.9997,0.9975,-999,-999,-1.0,-1.0,-1.0,1.0,-1.0,-1.0,-999,-999,-999,-999,-999,inf,inf,-999,-999,-999,-999,-999,-999,-999,546510,532929
24802,8.5831,Dummy,-1.531,29.045,3.632,14.375,SHMSDIS,0.21,2.0,-999,-999,33660.449,37.392,33780.877,37.525,33777.831,37.522,33746.463,37.487,33619.45,37.346,-999,-999,0.9847,0.9762,-1.0,5.0,-1.0,-1.0,-1.0,-1.0,-999,-999,-999,-999,-999,-1059.94,-3.99153,-999,-999,-999,-999,-999,-999,-999,493716,486933
24803,8.5831,LH2,-1.531,29.045,3.632,14.375,PI+SIDIS,0.25,3.3,0.52,8.5,75.064,43.029,75.424,43.235,75.692,43.388,75.559,43.312,75.426,43.236,0.9999,0.9974,0.9859,0.9741,-1.0,-1.0,-1.0,-1.0,-1.0,1.0,-999,-999,1282.0,1109.33,36.2047,15.1016,0.492863,51.262,0.334618,-999,-999,-999,-999,-999,1505387,1893130
24804,8.5831,LH2,-1.531,29.045,3.632,14.375,PI+SIDIS,0.25,3.3,0.52,8.5,85.52,47.775,85.923,48.001,86.56,48.356,86.442,48.29,86.336,48.231,0.9998,0.9976,0.9831,0.9728,-1.0,-1.0,-1.0,-1.0,-1.0,1.0,-999,-999,1450.0,1248.17,38.518,14.9364,0.460934,51.2283,0.337442,-999,-999,-999,-999,-999,1713685,2195710
24805,8.5831,LH2,-1.531,29.045,3.632,14.375,PI+SIDIS,0.25,3.3,0.52,8.5,103.513,54.655,104.002,54.913,104.871,55.372,104.741,55.303,104.557,55.206,0.9997,0.9975,0.9828,0.9741,-1.0,-1.0,-1.0,-1.0,-1.0,1.0,-999,-999,1711.0,1470.17,41.8466,14.5167,0.413201,51.2294,0.340882,-999,-999,-999,-999,-999,2068270,2706252
24806,8.5831,LH2,-1.531,29.045,3.632,14.375,PI+SIDIS,0.25,3.3,0.52,8.5,87.851,51.152,88.276,51.399,88.389,51.465,88.285,51.405,88.013,51.246,0.9998,0.997,0.9842,0.9735,-1.0,-1.0,-1.0,-1.0,-1.0,1.0,-999,-999,1483.0,1272.67,38.9622,14.813,0.453495,51.2885,0.317111,-999,-999,-999,-999,-999,1755842,2270733
24807,8.5831,LH2,-1.531,29.045,3.632,14.375,PI+SIDIS,0.25,3.3,0.52,8.5,93.303,53.559,93.742,53.811,93.799,53.844,93.732,53.805,93.552,53.702,0.9994,0.9977,0.9819,0.9728,-1.0,-1.0,-1.0,-1.0,-1.0,1.0,-999,-999,1620.0,1414.0,40.6735,15.5156,0.446303,51.2813,0.335683,-999,-999,-999,-999,-999,1865973,2419831
24808,8.5831,LH2,-1.531,29.045,3.632,14.375,PI+SIDIS,0.25,3.3,0.52,8.5,97.456,50.989,97.91,51.226,98.498,51.534,98.397,51.481,98.318,51.44,0.9997,0.997,0.9846,0.9732,-1.0,-1.0,-1.0,-1.0,-1.0,1.0,-999,-999,1658.0,1420.0,41.2028,14.9083,0.432579,51.2555,0.348458,-999,-999,-999,-999,-999,1948551,2531456
24809,8.5831,LH2,-1.531,29.045,3.632,14.375,PI+SIDIS,0.25,3.3,0.52,8.5,87.787,48.72,88.199,48.949,89.04,49.416,88.92,49.349,88.85,49.311,0.9997,0.997,0.9849,0.9725,-1.0,-1.0,-1.0,-1.0,-1.0,1.0,-999,-999,1497.0,1290.33,39.1337,15.0487,0.456402,51.24,0.318722,-999,-999,-999,-999,-999,1759373,2275265
24810,8.5831,LH2,-1.531,29.045,3.632,14.375,PI+SIDIS,0.25,3.3,0.52,8.5,84.779,47.532,85.19,47.762,85.765,48.085,85.612,47.999,85.367,47.861,0.9998,0.9969,0.9825,0.972,-1.0,-1.0,-1.0,-1.0,-1.0,1.0,-999,-999,1486.0,1276.83,38.9982,15.4236,0.471083,51.2635,0.33579,-999,-999,-999,-999,-999,1699381,2196509
24811,8.5831,LH2,-1.531,29.045,3.632,14.375,PI+SIDIS,0.25,3.3,0.52,8.5,71.543,50.259,71.874,50.492,71.864,50.485,71.782,50.427,71.542,50.258,0.9996,0.9965,0.9824,0.9735,-1.0,-1.0,-1.0,-1.0,-1.0,1.0,-999,-999,1167.0,999.0,34.5688,14.2838,0.494268,51.2731,0.320751,-999,-999,-999,-999,-999,1437051,1836968
24812,8.5831,LH2,-1.531,29.045,3.632,14.375,PI+SIDIS,0.25,3.3,0.52,8.5,71.254,36.842,71.483,36.96,71.475,36.956,71.464,36.951,71.324,36.879,0.9997,0.9972,0.9843,0.9749,-1.0,-1.0,-1.0,-1.0,-1.0,1.0,-999,-999,1150.0,1035.83,34.191,14.8685,0.490784,51.2662,0.330632,-999,-999,-999,-999,-999,1448166,1585836
24813,8.5831,LH2,-1.531,29.045,3.632,14.375,PI+SIDIS,0.25,3.3,0.52,8.5,19.142,17.837,19.232,17.921,19.268,17.955,19.243,17.931,19.227,17.916,1.0,0.9991,0.9904,0.9771,-1.0,-1.0,-1.0,-1.0,-1.0,1.0,-999,-999,335.0,319.833,18.3719,17.02,0.977668,51.2075,0.323622,-999,-999,-999,-999,-999,392633,340028
24814,8.5831,Dummy,-1.531,29.045,3.632,14.375,PI+SIDIS,0.25,3.3,0.52,8.5,67.357,37.925,67.594,38.058,67.679,38.106,67.614,38.069,67.375,37.935,0.9995,0.9963,0.9826,0.9689,-1.0,-1.0,-1.0,-1.0,-1.0,1.0,-999,-999,564.0,503.0,23.9618,7.68419,0.366057,51.2701,0.31307,-999,-999,-999,-999,-999,992684,984300
24815,8.5831,Dummy,-1.531,29.045,3.632,14.375,PI+SIDIS,0.25,3.3,0.52,8.5,68.085,39.787,68.309,39.918,68.153,39.827,68.132,39.815,67.955,39.711,0.9997,0.9963,0.9816,0.9727,-1.0,-1.0,-1.0,-1.0,-1.0,1.0,-999,-999,573.0,516.833,24.1322,7.78094,0.36331,51.3014,0.339489,-999,-999,-999,-999,-999,1002071,995152
24816,8.5831,Dummy,-1.531,29.045,3.632,14.375,PI+SIDIS,0.25,3.3,0.52,8.5,67.399,39.253,67.62,39.382,67.741,39.452,67.714,39.437,67.589,39.364,0.9995,0.997,0.9867,0.9713,-1.0,-1.0,-1.0,-1.0,-1.0,1.0,-999,-999,585.0,530.667,24.3733,8.08387,0.371288,51.2365,0.347238,-999,-999,-999,-999,-999,990990,985651
24817,8.5831,Dummy,-1.531,29.045,3.632,14.375,PI+SIDIS,0.25,3.3,0.52,8.5,67.95,34.635,68.194,34.759,68.611,34.972,68.531,34.931,68.434,34.882,0.9995,0.9973,0.9855,0.9717,-1.0,-1.0,-1.0,-1.0,-1.0,1.0,-999,-999,574.0,517.167,24.1552,7.80869,0.364718,51.211,0.355002,-999,-999,-999,-999,-999,1000022,989991
24818,8.5831,LD2,1.531,29.045,3.632,14.375,PI+SIDIS,0.25,3.3,0.52,8.5,93.512,51.795,93.941,52.033,93.994,52.062,93.899,52.009,93.604,51.846,0.9964,0.9937,0.9805,0.9683,-1.0,-1.0,-1.0,-1.0,-1.0,1.0,-999,-999,123.0,45.3333,11.6595,0.5003,0.128675,51.25,0.5,-999,-999,-999,-999,-999,723537,6164988
24819,8.5831,LD2,1.531,29.045,3.632,14.375,PI+SIDIS,0.25,3.3,0.52,8.5,96.375,51.563,96.812,51.797,97.236,52.024,97.164,51.985,96.99,51.892,0.9955,0.994,0.9819,0.9676,-1.0,-1.0,-1.0,-1.0,-1.0,1.0,-999,-999,137.0,57.8333,12.2554,0.620351,0.131458,51.25,0.5,-999,-999,-999,-999,-999,747984,6428985
24820,8.5831,LD2,1.531,29.045,3.632,14.375,PI+SIDIS,0.25,3.3,0.52,8.5,97.12,50.572,97.562,50.802,98.24,51.155,98.146,51.106,97.981,51.02,0.9977,0.9942,0.9824,0.9681,-1.0,-1.0,-1.0,-1.0,-1.0,1.0,-999,-999,117.0,42.6667,11.3749,0.452892,0.120741,51.25,0.5,-999,-999,-999,-999,-999,745485,6433780
24821,8.5831,LH2,1.531,29.045,3.632,14.375,PI+SIDIS,0.25,3.3,0.52,8.5,90.913,50.19,91.325,50.418,92.108,50.85,92.009,50.795,91.787,50.673,0.9977,0.9958,0.9839,0.9714,-1.0,-1.0,-1.0,-1.0,-1.0,1.0,-999,-999,35.0,17.1667,6.16216,0.193968,0.0696268,51.25,0.5,-999,-999,-999,-999,-999,338590,2342297
24822,8.5831,LH2,1.531,29.045,3.632,14.375,PI+SIDIS,0.25,3.3,0.52,8.5,90.353,50.619,90.772,50.854,91.602,51.318,91.488,51.255,91.218,51.104,0.9983,0.9958,0.983,0.9724,-1.0,-1.0,-1.0,-1.0,-1.0,1.0,-999,-999,29.0,13.0,5.62731,0.14754,0.0638658,51.25,0.5,-999,-999,-999,-999,-999,337826,2343159
24823,8.5831,LH2,1.531,29.045,3.632,14.375,PI+SIDIS,0.25,3.3,0.52,8.5,99.851,51.498,100.319,51.74,101.185,52.187,101.065,52.124,100.816,51.996,0.9945,0.9962,0.9844,0.9721,-1.0,-1.0,-1.0,-1.0,-1.0,1.0,-999,-999,45.0,22.5,6.98212,0.232019,0.0719992,51.25,0.5,-999,-999,-999,-999,-999,373013,2582731
24824,8.5831,Cu,1.531,29.045,3.632,14.375,PI+SIDIS,0.25,3.3,0.52,8.5,83.214,48.339,83.554,48.537,84.147,48.881,84.067,48.835,83.797,48.678,0.9985,0.9965,0.9882,0.9707,-1.0,-1.0,-1.0,-1.0,-1.0,1.0,-999,-999,49.0,18.1667,7.35791,0.224334,0.0908605,51.25,0.5,-999,-999,-999,-999,-999,530590,2270555
24825,8.5831,Cu,1.531,29.045,3.632,14.375,PI+SIDIS,0.25,3.3,0.52,8.5,91.811,49.017,92.184,49.216,92.788,49.538,92.705,49.494,92.39,49.326,0.9974,0.9964,0.9815,0.9707,-1.0,-1.0,-1.0,-1.0,-1.0,1.0,-999,-999,74.0,42.0,8.90693,0.470611,0.0998024,51.25,0.5,-999,-999,-999,-999,-999,583279,2495860
24826,8.5831,Cu,1.531,29.045,3.632,14.375,PI+SIDIS,0.25,3.3,0.52,8.5,93.448,48.925,93.831,49.126,94.417,49.433,94.332,49.388,94.013,49.221,0.997,0.9964,0.9812,0.9718,-1.0,-1.0,-1.0,-1.0,-1.0,1.0,-999,-999,79.0,39.3333,9.25263,0.432678,0.101782,51.25,0.5,-999,-999,-999,-999,-999,594609,2533539
24827,8.5831,Cu,1.531,29.045,3.632,14.375,PI+SIDIS,0.25,3.3,0.52,8.5,84.681,46.338,85.039,46.533,85.574,46.826,85.474,46.772,85.187,46.615,0.9984,0.9968,0.9857,0.9719,-1.0,-1.0,-1.0,-1.0,-1.0,1.0,-999,-999,57.0,25.0,7.89515,0.302996,0.095688,51.25,0.5,-999,-999,-999,-999,-999,540291,2288500
24828,8.5831,Cu,1.531,29.045,3.632,14.375,PI+SIDIS,0.25,3.3,0.52,8.5,86.961,41.72,87.331,41.898,87.836,42.14,87.722,42.085,87.384,41.923,0.9969,0.9969,0.983,0.9729,-1.0,-1.0,-1.0,-1.0,-1.0,1.0,-999,-999,66.0,33.6667,8.44919,0.397508,0.0997609,51.25,0.5,-999,-999,-999,-999,-999,559025,2316259
24829,8.5831,LH2,1.531,29.045,-3.632,14.375,PI-SIDIS,0.25,3.3,0.52,8.5,93.646,52.527,94.083,52.772,94.623,53.075,94.534,53.025,94.169,52.82,0.9991,0.9967,0.9896,0.9805,-1.0,-1.0,-1.0,-1.0,-1.0,1.0,-999,-999,20.0,7.0,4.70815,0.0759549,0.0510867,51.25,0.5,-999,-999,-999,-999,-999,358202,58749016
24830,8.5831,LH2,1.531,29.045,-3.632,14.375,PI-SIDIS,0.25,3.3,0.52,8.5,77.395,47.433,77.753,47.653,78.144,47.893,78.078,47.852,77.835,47.703,1.0,0.9974,0.9899,0.9827,-1.0,-1.0,-1.0,-1.0,-1.0,1.0,-999,-999,16.0,7.5,4.17333,0.0981618,0.0546215,51.25,0.5,-999,-999,-999,-999,-999,294551,48513866
24831,8.5831,LH2,1.531,29.045,-3.632,14.375,PI-SIDIS,0.25,3.3,0.52,8.5,91.588,52.668,92.019,52.916,92.529,53.209,92.466,53.173,92.238,53.042,0.9964,0.9973,0.9891,0.9819,-1.0,-1.0,-1.0,-1.0,-1.0,1.0,-999,-999,18.0,8.0,4.43471,0.088869,0.0492635,51.25,0.5,-999,-999,-999,-999,-999,350042,57318503
24832,8.5831,LH2,1.531,29.045,-3.632,14.375,PI-SIDIS,0.25,3.3,0.52,8.5,79.503,44.11,79.887,44.323,80.462,44.642,80.339,44.573,80.153,44.47,1.0,0.9979,0.9892,0.9821,-1.0,-1.0,-1.0,-1.0,-1.0,1.0,-999,-999,25.0,17.1667,5.12889,0.218813,0.0653749,51.25,0.5,-999,-999,-999,-999,-999,303374,49786618
24833,8.5831,LH2,1.531,29.045,-6.509,12.0,SHMSHEE,0.63,2.4,-999,-999,2904.51,25.279,2915.807,25.377,2920.679,25.42,2919.332,25.408,2911.806,25.343,-999,-999,0.9924,0.7645,-1.0,1.0,-1.0,-1.0,-1.0,-1.0,-999,-999,-999,-999,-999,-10669.0,-19.2017,-999,-999,-999,-999,-999,-999,-999,10853,3372971
24834,8.5831,LH2,1.531,29.045,-6.509,12.0,SHMSHEE,0.63,2.4,-999,-999,14659.045,22.124,14722.942,22.22,14782.299,22.31,14755.204,22.269,14722.231,22.219,-999,-999,0.9922,0.7605,-1.0,9.0,-1.0,-1.0,-1.0,-1.0,-999,-999,-999,-999,-999,-54758.6,-58.0832,-999,-999,-999,-999,-999,-999,-999,55012,17017941
24835,8.5831,Dummy,1.531,29.045,-6.509,12.0,SHMSHEE,0.63,2.4,-999,-999,8903.904,24.563,8940.192,24.663,8950.58,24.691,8944.84,24.675,8920.871,24.609,-999,-999,0.9924,0.7703,-1.0,9.0,-1.0,-1.0,-1.0,-1.0,-999,-999,-999,-999,-999,-35161.5,-59.7225,-999,-999,-999,-999,-999,-999,-999,23842,7086930
24836,8.5831,Dummy,1.531,29.045,-5.967,12.0,SHMSHEE,0.46,2.2,-999,-999,9549.435,24.711,9589.068,24.814,9561.011,24.741,9553.946,24.723,9517.219,24.628,-999,-999,0.9921,0.8201,-1.0,9.0,-1.0,-1.0,-1.0,-1.0,-999,-999,-999,-999,-999,-53620.7,-71.2232,-999,-999,-999,-999,-999,-999,-999,25497,9423496
24837,8.5831,LH2,1.531,29.045,-5.967,12.0,SHMSHEE,0.46,2.2,-999,-999,17898.692,25.204,17973.899,25.31,17844.941,25.128,17833.488,25.112,17758.581,25.006,-999,-999,0.9922,0.8105,-1.0,9.0,-1.0,-1.0,-1.0,-1.0,-999,-999,-999,-999,-999,-79493.0,-63.3381,-999,-999,-999,-999,-999,-999,-999,68454,24983561
24838,8.5831,LH2,1.531,29.045,-5.869,12.0,SHMSHEE,0.43,2.2,-999,-999,13826.401,24.211,13884.149,24.312,13805.282,24.174,13798.644,24.163,13762.305,24.099,-999,-999,0.9922,0.8249,-1.0,9.0,-1.0,-1.0,-1.0,-1.0,-999,-999,-999,-999,-999,-83849.2,-74.0136,-999,-999,-999,-999,-999,-999,-999,52818,19815119
24839,8.5831,LH2,1.531,29.045,-5.774,12.0,SHMSHEE,0.41,2.2,-999,-999,18829.496,25.279,18903.416,25.378,18842.0,25.296,18836.291,25.288,18792.339,25.229,-999,-999,0.9922,0.8365,-1.0,9.0,-1.0,-1.0,-1.0,-1.0,-999,-999,-999,-999,-999,-86816.0,-64.5433,-999,-999,-999,-999,-999,-999,-999,71462,27627691
24840,8.5831,LH2,1.531,29.045,-5.683,12.0,SHMSHEE,0.39,2.1,-999,-999,17035.465,24.517,17102.898,24.614,17079.011,24.579,17072.827,24.57,17036.771,24.518,-999,-999,0.9924,0.8427,-1.0,9.0,-1.0,-1.0,-1.0,-1.0,-999,-999,-999,-999,-999,-89783.4,-68.9987,-999,-999,-999,-999,-999,-999,-999,64718,25526603
24841,8.5831,LH2,1.531,29.045,-5.594,12.0,SHMSHEE,0.37,2.1,-999,-999,17903.637,23.661,17975.858,23.757,17993.868,23.781,17975.936,23.757,17937.87,23.707,-999,-999,0.9922,0.8551,-1.0,9.0,-1.0,-1.0,-1.0,-1.0,-999,-999,-999,-999,-999,-92025.5,-68.1445,-999,-999,-999,-999,-999,-999,-999,66672,27339965
24842,8.5831,LH2,1.531,29.045,-5.508,12.0,SHMSHEE,0.36,2.1,-999,-999,17128.852,23.953,17197.178,24.048,17229.161,24.093,17215.318,24.074,17172.551,24.014,-999,-999,0.9923,0.8656,-1.0,9.0,-1.0,-1.0,-1.0,-1.0,-999,-999,-999,-999,-999,-94070.8,-70.4366,-999,-999,-999,-999,-999,-999,-999,64005,26601937
24843,8.5831,Dummy,1.531,29.045,-5.508,12.0,SHMSHEE,0.36,2.1,-999,-999,8631.25,23.971,8665.945,24.067,8693.646,24.144,8683.684,24.117,8666.283,24.068,-999,-999,0.9924,0.8709,-1.0,9.0,-1.0,-1.0,-1.0,-1.0,-999,-999,-999,-999,-999,-66226.8,-83.2505,-999,-999,-999,-999,-999,-999,-999,23319,9727992
24844,8.5831,LH2,1.531,29.045,-5.424,12.0,SHMSHEE,0.34,2.0,-999,-999,16409.689,24.494,16476.039,24.593,16490.844,24.615,16474.622,24.591,16428.922,24.523,-999,-999,0.9923,0.8721,-1.0,9.0,-1.0,-1.0,-1.0,-1.0,-999,-999,-999,-999,-999,-95705.9,-72.5843,-999,-999,-999,-999,-999,-999,-999,61690,25867470
24845,8.5831,LH2,1.531,29.045,-5.343,12.0,SHMSHEE,0.33,2.0,-999,-999,17004.483,23.193,17078.408,23.294,17047.837,23.252,17018.455,23.212,16938.62,23.103,-999,-999,0.9924,0.8824,-1.0,9.0,-1.0,-1.0,-1.0,-1.0,-999,-999,-999,-999,-999,-96829.5,-71.7064,-999,-999,-999,-999,-999,-999,-999,64066,27140688
24846,8.5831,LH2,1.531,29.045,-5.265,12.0,SHMSHEE,0.32,2.0,-999,-999,10654.7,25.243,10698.552,25.347,10619.929,25.161,10612.56,25.143,10562.499,25.025,-999,-999,0.9922,0.8884,-1.0,9.0,-1.0,-1.0,-1.0,-1.0,-999,-999,-999,-999,-999,-97845.1,-91.0812,-999,-999,-999,-999,-999,-999,-999,40428,17207568
24847,8.5831,C,1.531,29.045,-5.265,12.0,HMSDIS,0.25,3.3,-999,-999,9679.636,15.597,9730.528,15.679,9693.606,15.619,9685.687,15.606,9667.971,15.578,0.9984,0.998,-999,-999,-1.0,-1.0,-1.0,1.0,-1.0,-1.0,-999,-999,-999,-999,-999,1.89625,0.013971,-999,-999,-999,-999,-999,-999,-999,47879,2
24848,8.5831,C,1.531,29.045,-5.265,12.0,HMSDIS,0.25,3.3,-999,-999,28398.203,31.375,28508.776,31.497,28593.147,31.591,28548.348,31.541,28509.607,31.498,0.9975,0.9973,-999,-999,-1.0,-1.0,-1.0,2.0,-1.0,-1.0,-999,-999,-999,-999,-999,1.9124,0.0115974,-999,-999,-999,-999,-999,-999,-999,147134,12
24861,8.5831,LH2,1.531,29.045,-3.632,11.075,PI-SIDIS,0.25,3.3,0.52,5.2,73.439,41.045,73.852,41.276,74.382,41.572,74.207,41.474,74.074,41.4,0.9969,0.998,0.9882,0.9807,-1.0,-1.0,-1.0,-1.0,-1.0,1.0,-999,-999,53.0,17.5,7.67572,0.24241,0.106324,51.25,0.5,-999,-999,-999,-999,-999,276164,149484869
24862,8.5831,LH2,1.531,29.045,-3.632,11.075,PI-SIDIS,0.25,3.3,0.52,5.2,72.037,44.94,72.396,45.164,72.97,45.522,72.859,45.453,72.675,45.338,0.9975,0.9978,0.9877,0.98,-1.0,-1.0,-1.0,-1.0,-1.0,1.0,-999,-999,52.0,27.5,7.48888,0.388627,0.105832,51.25,0.5,-999,-999,-999,-999,-999,274588,147108857
24863,8.5831,LH2,1.531,29.045,-3.632,11.075,PI-SIDIS,0.25,3.3,0.52,5.2,69.654,38.996,70.013,39.197,70.681,39.571,70.535,39.489,70.352,39.387,0.9973,0.9981,0.9885,0.9811,-1.0,-1.0,-1.0,-1.0,-1.0,1.0,-999,-999,61.0,29.1667,8.14282,0.425829,0.118884,51.25,0.5,-999,-999,-999,-999,-999,267056,142508971
24864,8.5831,LH2,1.531,29.045,-3.632,11.075,PI-SIDIS,0.25,3.3,0.52,5.2,96.518,48.008,97.007,48.251,97.499,48.496,97.352,48.423,96.983,48.239,0.9965,0.9979,0.9879,0.9801,-1.0,-1.0,-1.0,-1.0,-1.0,1.0,-999,-999,89.0,48.1667,9.78803,0.50846,0.103325,51.25,0.5,-999,-999,-999,-999,-999,369820,197035749
24865,8.5831,LH2,1.531,29.045,3.632,11.075,PI+SIDIS,0.25,3.3,0.52,5.2,94.517,53.443,95.028,53.732,95.462,53.977,95.339,53.907,95.119,53.783,0.9978,0.9978,0.9834,0.974,-1.0,-1.0,-1.0,-1.0,-1.0,1.0,-999,-999,103.0,22.8333,10.7871,0.247307,0.116835,51.25,0.5,-999,-999,-999,-999,-999,359770,11326603
24866,8.5831,LH2,1.531,29.045,3.632,11.075,PI+SIDIS,0.25,3.3,0.52,5.2,86.343,48.384,86.79,48.635,87.384,48.967,87.258,48.897,87.096,48.806,0.9982,0.9978,0.9835,0.975,-1.0,-1.0,-1.0,-1.0,-1.0,1.0,-999,-999,115.0,48.0,11.2324,0.568277,0.132981,51.25,0.5,-999,-999,-999,-999,-999,331195,10076510
24867,8.5831,LH2,1.531,29.045,3.632,11.075,PI+SIDIS,0.25,3.3,0.52,5.2,94.464,53.123,94.936,53.389,95.715,53.827,95.591,53.757,95.338,53.615,0.9981,0.9979,0.9834,0.9749,-1.0,-1.0,-1.0,-1.0,-1.0,1.0,-999,-999,138.0,58.1667,12.3006,0.629795,0.133184,51.25,0.5,-999,-999,-999,-999,-999,359872,11209001
24868,8.5831,Cu,1.531,29.045,3.632,11.075,PI+SIDIS,0.25,3.3,0.52,5.2,52.199,48.017,52.408,48.21,52.708,48.485,52.644,48.427,52.441,48.24,0.9977,0.9978,0.9825,0.974,-1.0,-1.0,-1.0,-1.0,-1.0,1.0,-999,-999,101.0,34.0,10.5909,0.667702,0.207987,51.25,0.5,-999,-999,-999,-999,-999,337964,5718980
24870,8.5831,Cu,1.531,29.045,3.632,11.075,PI+SIDIS,0.25,3.3,0.52,5.2,99.38,48.624,99.764,48.812,100.267,49.058,100.172,49.011,99.928,48.892,0.9981,0.9974,0.9843,0.9737,-1.0,-1.0,-1.0,-1.0,-1.0,1.0,-999,-999,169.0,39.0,13.8082,0.402319,0.142444,51.25,0.5,-999,-999,-999,-999,-999,642884,10716756
24871,8.5831,Cu,1.531,29.045,3.632,11.075,PI+SIDIS,0.25,3.3,0.52,5.2,90.76,49.107,91.109,49.296,91.75,49.642,91.659,49.593,91.349,49.425,0.9983,0.9975,0.9824,0.9728,-1.0,-1.0,-1.0,-1.0,-1.0,1.0,-999,-999,181.0,48.8333,14.2488,0.551913,0.161039,51.25,0.5,-999,-999,-999,-999,-999,579478,9942101
24872,8.5831,Cu,1.531,29.045,3.632,11.075,PI+SIDIS,0.25,3.3,0.52,5.2,88.739,48.153,89.088,48.342,89.811,48.735,89.71,48.679,89.462,48.545,0.9971,0.9974,0.9835,0.9725,-1.0,-1.0,-1.0,-1.0,-1.0,1.0,-999,-999,168.0,53.6667,13.6768,0.62134,0.158347,51.25,0.5,-999,-999,-999,-999,-999,565440,9594568
24873,8.5831,Cu,1.531,29.045,3.632,11.075,PI+SIDIS,0.25,3.3,0.52,5.2,92.644,48.166,93.012,48.357,93.556,48.64,93.421,48.57,93.076,48.39,0.9979,0.9976,0.9833,0.9717,-1.0,-1.0,-1.0,-1.0,-1.0,1.0,-999,-999,186.0,63.5,14.3672,0.704195,0.159328,51.25,0.5,-999,-999,-999,-999,-999,590778,9987032
24874,8.5831,Cu,1.531,29.045,3.632,11.075,PI+SIDIS,0.25,3.3,0.52,5.2,20.534,41.695,20.62,41.871,20.605,41.839,20.576,41.781,20.468,41.563,0.999,0.998,0.9845,0.972,-1.0,-1.0,-1.0,-1.0,-1.0,1.0,-999,-999,42.0,14.1667,6.82927,0.707615,0.341117,51.25,0.5,-999,-999,-999,-999,-999,131947,2148877
24877,10.6716,LD2,-3.642,16.75,6.538,7.51,PI+SIDIS,0.25,3.3,0.93,-0.8,10.589,39.845,10.612,39.931,10.62,39.961,10.611,39.931,10.561,39.74,0.9992,0.9967,0.9822,0.9723,-1.0,-1.0,-1.0,-1.0,-1.0,1.0,-999,-999,5191.0,4268.33,73.108,414.289,7.09594,51.2325,0.352725,-999,-999,-999,-999,-999,2809440,7627052
24878,10.6716,LD2,-3.642,16.75,6.538,7.51,PI+SIDIS,0.25,3.3,0.93,-0.8,57.722,50.137,57.884,50.277,58.052,50.423,57.999,50.378,57.695,50.113,0.9989,0.9964,0.9777,0.9674,-1.0,-1.0,-1.0,-1.0,-1.0,1.0,-999,-999,28681.0,22387.2,172.424,400.736,3.08643,51.2414,0.362155,-999,-999,-999,-999,-999,15334558,63138786
24879,10.6716,LD2,-3.642,16.75,6.538,7.51,PI+SIDIS,0.25,3.3,0.93,-0.8,11.322,42.608,11.348,42.704,11.352,42.719,11.344,42.69,11.288,42.479,0.9988,0.9966,0.9803,0.9712,-1.0,-1.0,-1.0,-1.0,-1.0,1.0,-999,-999,5516.0,4491.67,75.4104,408.399,6.85658,51.2433,0.364052,-999,-999,-999,-999,-999,3005034,13206700
24880,10.6716,LD2,-3.642,16.75,6.538,7.51,PI+SIDIS,0.25,3.3,0.93,-0.8,87.967,39.144,88.169,39.234,88.113,39.209,88.078,39.193,87.602,38.981,0.9989,0.9966,0.9796,0.9716,-1.0,-1.0,-1.0,-1.0,-1.0,1.0,-999,-999,42244.0,34554.2,208.628,404.089,2.43977,51.255,0.356798,-999,-999,-999,-999,-999,23370513,99073320
24881,10.6716,LD2,-3.642,16.75,6.538,7.51,PI+SIDIS,0.25,3.3,0.93,-0.8,76.793,38.684,76.956,38.766,76.874,38.725,76.841,38.708,76.445,38.509,0.9989,0.9966,0.9805,0.9722,-1.0,-1.0,-1.0,-1.0,-1.0,1.0,-999,-999,37403.0,30764.3,196.238,411.911,2.62748,51.2506,0.356027,-999,-999,-999,-999,-999,20393001,87074724
24882,10.6716,LD2,-3.642,16.75,6.538,7.51,PI+SIDIS,0.25,3.3,0.93,-0.8,46.434,26.702,46.536,26.76,46.383,26.672,46.358,26.658,46.102,26.51,0.999,0.9968,0.9858,0.9775,-1.0,-1.0,-1.0,-1.0,-1.0,1.0,-999,-999,21697.0,18919.2,148.862,416.428,3.27659,51.2608,0.3463,-999,-999,-999,-999,-999,12348231,41786793
24883,10.6716,LD2,-3.642,16.75,6.538,7.51,PI+SIDIS,0.25,3.3,0.93,-0.8,22.407,12.836,22.516,12.899,22.396,12.83,22.397,12.83,22.261,12.753,0.9991,0.9962,0.9876,0.9816,-1.0,-1.0,-1.0,-1.0,-1.0,1.0,-999,-999,9990.0,9358.67,100.475,423.862,4.5506,51.2663,0.339148,-999,-999,-999,-999,-999,5996586,13869905
24884,10.6716,LD2,-3.642,16.75,6.538,7.51,HMSDIS,0.25,3.3,-999,-999,29890.508,37.1,29945.821,37.169,29889.522,37.099,29877.231,37.084,29719.398,36.888,0.9989,0.9966,-999,-999,-1.0,-1.0,-1.0,5.0,-1.0,-1.0,-999,-999,-999,-999,-999,165.409,0.166469,-999,-999,-999,-999,-999,-999,-999,7943362,33703026
24885,10.6716,LD2,-3.642,16.75,6.538,7.51,SHMSDIS,0.15,1.2,-999,-999,36126.724,37.825,36200.592,37.903,36147.247,37.847,36135.215,37.834,35941.518,37.632,-999,-999,0.9789,0.9635,-1.0,65.0,-1.0,-1.0,-1.0,-1.0,-999,-999,-999,-999,-999,-12313.7,-47.5252,-999,-999,-999,-999,-999,-999,-999,9594681,40591605
24886,10.6716,LH2,-3.642,16.75,6.538,7.51,PI+SIDIS,0.25,3.3,0.93,-0.8,77.276,49.682,77.771,50.001,77.864,50.06,77.795,50.016,77.558,49.864,0.9991,0.9961,0.9821,0.9738,-1.0,-1.0,-1.0,-1.0,-1.0,1.0,-999,-999,21233.0,18815.8,147.091,248.742,1.94453,51.2437,0.350764,-999,-999,-999,-999,-999,10756966,32691558
24887,10.6716,LH2,-3.642,16.75,6.538,7.51,PI+SIDIS,0.25,3.3,0.93,-0.8,62.246,47.157,62.708,47.507,62.999,47.728,62.941,47.683,62.778,47.56,0.9991,0.9959,0.9816,0.9742,-1.0,-1.0,-1.0,-1.0,-1.0,1.0,-999,-999,17135.0,15218.2,132.115,249.4,2.16514,51.2224,0.357729,-999,-999,-999,-999,-999,8691262,32463501
24888,10.6716,LH2,-3.642,16.75,6.538,7.51,PI+SIDIS,0.25,3.3,0.93,-0.8,75.168,50.635,75.665,50.97,76.199,51.33,76.124,51.279,75.911,51.136,0.9991,0.9974,0.9819,0.9742,-1.0,-1.0,-1.0,-1.0,1.0,-1.0,-999,-999,20894.0,18878.8,145.705,256.448,1.97924,51.2181,0.358298,-999,-999,-999,-999,-999,10461861,41654016
24889,10.6716,LH2,-3.642,16.75,6.538,7.51,PI+SIDIS,0.25,3.3,0.93,-0.8,63.153,35.671,63.589,35.917,63.879,36.081,63.845,36.062,63.662,35.959,0.9991,0.9956,0.9858,0.9779,-1.0,-1.0,-1.0,-1.0,-1.0,1.0,-999,-999,17319.0,15911.0,132.49,256.13,2.13279,51.2155,0.351199,-999,-999,-999,-999,-999,8920555,28580611
24890,10.6716,LH2,-3.642,16.75,6.538,7.51,PI+SIDIS,0.25,3.3,0.93,-0.8,34.977,17.999,35.25,18.14,35.145,18.086,35.104,18.065,34.965,17.994,0.999,0.9963,0.9902,0.983,-1.0,-1.0,-1.0,-1.0,-1.0,1.0,-999,-999,9407.0,9006.83,97.3329,260.201,2.81188,51.2623,0.338693,-999,-999,-999,-999,-999,4986093,11164355
24891,10.6716,LH2,-3.642,16.75,6.538,7.51,HMSDIS,0.25,3.3,-999,-999,47928.788,51.792,48345.592,52.242,48420.989,52.324,48384.583,52.284,48246.237,52.135,0.999,0.9963,-999,-999,-1.0,-1.0,-1.0,5.0,-1.0,-1.0,-999,-999,-999,-999,-999,86.9688,0.0949273,-999,-999,-999,-999,-999,-999,-999,6692572,26746346
24892,10.6716,LH2,-3.642,16.75,6.538,7.51,SHMSDIS,0.15,1.2,-999,-999,43829.486,45.018,44218.577,45.418,44396.89,45.601,44356.794,45.56,44208.51,45.407,-999,-999,0.9806,0.968,-1.0,65.0,-1.0,-1.0,-1.0,-1.0,-999,-999,-999,-999,-999,-5680.51,-29.1811,-999,-999,-999,-999,-999,-999,-999,6148674,23475895
24893,10.6716,Dummy,-3.642,16.75,6.538,7.51,PI+SIDIS,0.25,3.3,0.93,-0.8,62.767,37.815,63.306,38.139,63.619,38.328,63.577,38.303,63.386,38.188,0.9989,0.997,0.9861,0.9788,-1.0,-1.0,-1.0,-1.0,-1.0,1.0,-999,-999,7200.0,6571.5,85.4678,106.176,1.38091,51.2193,0.351515,-999,-999,-999,-999,-999,6526093,14955665
24894,10.6716,Dummy,-3.642,16.75,6.538,7.51,PI+SIDIS,0.25,3.3,0.93,-0.8,71.827,40.146,72.378,40.455,72.442,40.49,72.397,40.465,72.041,40.266,0.9988,0.9968,0.9866,0.979,-1.0,-1.0,-1.0,-1.0,-1.0,1.0,-999,-999,8369.0,7628.83,92.154,107.799,1.30218,51.2497,0.348746,-999,-999,-999,-999,-999,7446293,17244269
24895,10.6716,Dummy,-3.642,16.75,6.538,7.51,HMSDIS,0.25,3.3,-999,-999,35316.459,36.164,35567.996,36.421,35387.17,36.236,35364.419,36.213,35177.146,36.021,0.9991,0.9967,-999,-999,-1.0,-1.0,-1.0,3.0,-1.0,-1.0,-999,-999,-999,-999,-999,64.5252,0.0739056,-999,-999,-999,-999,-999,-999,-999,3664859,8189186
24896,10.6716,Dummy,-3.642,16.75,6.538,7.51,SHMSDIS,0.15,1.2,-999,-999,49928.511,39.511,50304.469,39.808,50159.993,39.694,50137.75,39.677,49953.242,39.531,-999,-999,0.9853,0.9742,-1.0,17.0,-1.0,-1.0,-1.0,-1.0,-999,-999,-999,-999,-999,-3004.03,-10.1505,-999,-999,-999,-999,-999,-999,-999,5177708,11705862
24897,10.6716,C,-3.642,16.75,6.538,7.51,PI+SIDIS,0.25,3.3,0.93,-0.8,57.901,40.154,58.382,40.488,58.747,40.741,58.689,40.7,58.531,40.591,0.9991,0.9963,0.9829,0.9734,-1.0,-1.0,-1.0,-1.0,-1.0,1.0,-999,-999,14106.0,12032.8,120.215,211.928,2.11728,51.2178,0.361033,-999,-999,-999,-999,-999,10036882,29879632
24898,10.6716,C,-3.642,16.75,6.538,7.51,PI+SIDIS,0.25,3.3,0.93,-0.8,141.624,49.291,142.766,49.689,142.769,49.69,142.611,49.635,141.885,49.382,0.9989,0.9966,0.9825,0.9737,-1.0,-1.0,-1.0,-1.0,-1.0,1.0,-999,-999,34438.0,29177.0,187.922,210.193,1.35381,51.2685,0.348362,-999,-999,-999,-999,-999,24532733,76422661
24899,10.6716,C,-3.642,16.75,6.538,7.51,PI+SIDIS,0.25,3.3,0.93,-0.8,41.952,24.121,42.237,24.285,42.117,24.216,42.089,24.2,41.952,24.121,0.999,0.9964,0.9865,0.9794,-1.0,-1.0,-1.0,-1.0,-1.0,1.0,-999,-999,9733.0,8964.0,99.3034,216.934,2.40319,51.2586,0.337982,-999,-999,-999,-999,-999,7241880,15065654
24900,10.6716,C,-3.642,16.75,6.538,7.51,HMSDIS,0.25,3.3,-999,-999,51240.332,46.994,51592.545,47.317,51876.922,47.578,51829.24,47.534,51693.314,47.409,0.9989,0.9967,-999,-999,-1.0,-1.0,-1.0,9.0,-1.0,-1.0,-999,-999,-999,-999,-999,107.483,0.137102,-999,-999,-999,-999,-999,-999,-999,8862428,27139248
24901,10.6716,C,-3.642,16.75,6.538,7.51,SHMSDIS,0.15,1.2,-999,-999,41386.519,50.005,41680.636,50.361,41996.014,50.742,41951.551,50.688,41851.51,50.567,-999,-999,0.9807,0.9661,-1.0,33.0,-1.0,-1.0,-1.0,-1.0,-999,-999,-999,-999,-999,-5933.69,-21.8869,-999,-999,-999,-999,-999,-999,-999,7166545,22382110
24902,10.6716,Cu,-3.642,16.75,6.538,7.51,PI+SIDIS,0.25,3.3,0.93,-0.8,50.548,46.255,50.923,46.599,50.944,46.617,50.893,46.571,50.63,46.33,0.9989,0.997,0.9788,0.9698,-1.0,-1.0,-1.0,-1.0,-1.0,1.0,-999,-999,5985.0,4875.33,78.549,98.8526,1.59267,51.2694,0.350566,-999,-999,-999,-999,-999,6688308,22966644
24903,10.6716,Cu,-3.642,16.75,6.538,7.51,PI+SIDIS,0.25,3.3,0.93,-0.8,140.766,56.389,141.8,56.803,142.314,57.009,142.177,56.954,141.801,56.804,0.9989,0.9966,0.9782,0.9668,-1.0,-1.0,-1.0,-1.0,-1.0,1.0,-999,-999,17062.0,13577.2,132.826,99.1785,0.970269,51.2378,0.357686,-999,-999,-999,-999,-999,18533109,71050365
24905,10.6716,Cu,-3.642,16.75,6.538,7.51,HMSDIS,0.25,3.3,-999,-999,45644.038,50.166,45898.17,50.446,46049.212,50.612,46092.93,50.66,45904.514,50.453,0.999,0.9968,-999,-999,-1.0,-1.0,-1.0,5.0,-1.0,-1.0,-999,-999,-999,-999,-999,81.6976,0.0944747,-999,-999,-999,-999,-999,-999,-999,6018716,19931517
24906,10.6716,Cu,-3.642,16.75,6.538,7.51,HMSDIS,0.25,3.3,-999,-999,13276.964,45.861,13365.624,46.167,13405.556,46.305,13418.006,46.348,13364.582,46.164,0.9989,0.9967,-999,-999,-1.0,-1.0,-1.0,5.0,-1.0,-1.0,-999,-999,-999,-999,-999,81.8839,0.175117,-999,-999,-999,-999,-999,-999,-999,1752729,5831308
24907,10.6716,LD2,-3.642,16.75,4.868,7.51,PI+SIDIS,0.25,3.3,0.69,-0.8,31.17,18.352,31.374,18.472,31.27,18.411,31.301,18.429,31.191,18.365,0.9991,0.9965,0.9792,0.9709,-1.0,-1.0,-1.0,-1.0,-1.0,1.0,-999,-999,20034.0,14917.5,144.522,490.165,4.74878,51.264,0.344448,-999,-999,-999,-999,-999,8345073,29384554
24908,10.6716,LD2,-3.642,16.75,4.868,7.51,PI+SIDIS,0.25,3.3,0.69,-0.8,35.729,18.821,35.919,18.921,35.794,18.855,35.833,18.876,35.689,18.799,0.9991,0.9965,0.9794,0.9707,-1.0,-1.0,-1.0,-1.0,-1.0,1.0,-999,-999,22788.0,16906.5,154.17,485.502,4.42727,51.2567,0.351405,-999,-999,-999,-999,-999,9549668,45242439
24909,10.6716,LD2,-3.642,16.75,4.868,7.51,PI+SIDIS,0.25,3.3,0.69,-0.8,18.165,9.348,18.347,9.442,18.245,9.389,18.295,9.415,18.186,9.359,0.9992,0.9965,0.9846,0.9777,-1.0,-1.0,-1.0,-1.0,-1.0,1.0,-999,-999,10510.0,8960.67,103.77,499.996,5.79026,51.2708,0.337641,-999,-999,-999,-999,-999,4888545,16923981
24910,10.6716,LD2,-3.642,16.75,4.868,7.51,PI+SIDIS,0.25,3.3,0.69,-0.8,17.142,9.435,17.307,9.526,17.213,9.474,17.26,9.5,17.157,9.444,0.9991,0.9966,0.9853,0.9773,-1.0,-1.0,-1.0,-1.0,-1.0,1.0,-999,-999,9869.0,8393.33,100.573,496.736,5.95214,51.2672,0.336462,-999,-999,-999,-999,-999,4614818,16285699
24911,10.6716,LD2,-3.642,16.75,4.868,7.51,HMSDIS,0.25,3.3,-999,-999,8900.782,9.468,8984.977,9.558,8936.407,9.506,8961.351,9.533,8910.894,9.479,0.9992,0.997,-999,-999,-1.0,-1.0,-1.0,2.0,-1.0,-1.0,-999,-999,-999,-999,-999,166.509,0.192932,-999,-999,-999,-999,-999,-999,-999,2397487,8476524
24912,10.6716,LD2,-3.642,16.75,4.868,7.51,SHMSDIS,0.08,0.9,-999,-999,9263.526,9.478,9359.332,9.576,9309.749,9.526,9336.792,9.553,9285.044,9.5,-999,-999,0.9839,0.9755,-1.0,33.0,-1.0,-1.0,-1.0,-1.0,-999,-999,-999,-999,-999,-57283.7,-143.276,-999,-999,-999,-999,-999,-999,-999,2496990,8764847
24913,10.6716,LH2,-3.642,16.75,4.868,7.51,PI+SIDIS,0.25,3.3,0.69,-0.8,71.003,36.842,71.384,37.039,71.318,37.005,71.44,37.068,71.066,36.874,0.9991,0.9958,0.9777,0.9679,-1.0,-1.0,-1.0,-1.0,-1.0,1.0,-999,-999,24888.0,18746.3,160.971,271.655,2.33264,51.2507,0.35257,-999,-999,-999,-999,-999,10009209,72195379
24914,10.6716,LH2,-3.642,16.75,4.868,7.51,PI+SIDIS,0.25,3.3,0.69,-0.8,27.884,38.18,28.043,38.398,28.016,38.36,28.065,38.428,27.936,38.252,0.999,0.9959,0.9763,0.9674,-1.0,-1.0,-1.0,-1.0,-1.0,1.0,-999,-999,9849.0,7424.33,101.258,274.042,3.73756,51.2492,0.350683,-999,-999,-999,-999,-999,3929680,28778004
24915,10.6716,LH2,-3.642,16.75,4.868,7.51,PI+SIDIS,0.25,3.3,0.69,-0.8,44.397,36.408,44.661,36.624,44.616,36.587,44.698,36.654,44.471,36.469,0.999,0.9959,0.9783,0.9691,-1.0,-1.0,-1.0,-1.0,-1.0,1.0,-999,-999,15639.0,11783.5,127.599,272.625,2.95215,51.2575,0.355204,-999,-999,-999,-999,-999,6257959,44191316
24916,10.6716,LH2,-3.642,16.75,4.868,7.51,PI+SIDIS,0.25,3.3,0.69,-0.8,71.787,37.075,72.334,37.357,72.274,37.326,72.402,37.392,72.051,37.211,0.999,0.9974,0.978,0.9691,-1.0,-1.0,-1.0,-1.0,1.0,-1.0,-999,-999,25077.0,19622.7,161.202,280.501,2.30434,51.2501,0.354015,-999,-999,-999,-999,-999,10138395,70386156
24917,10.6716,LH2,-3.642,16.75,4.868,7.51,PI+SIDIS,0.25,3.3,0.69,-0.8,5.613,23.91,5.66,24.112,5.649,24.064,5.657,24.097,5.633,23.998,0.999,0.996,0.9809,0.9759,-1.0,-1.0,-1.0,-1.0,-1.0,1.0,-999,-999,1827.0,1494.0,43.3878,270.797,7.86431,51.2627,0.34313,-999,-999,-999,-999,-999,798061,4073964
24920,10.6716,LH2,-3.642,16.75,4.868,7.51,PI+SIDIS,0.25,3.3,0.69,-0.8,47.949,24.68,48.357,24.89,48.193,24.806,48.249,24.834,47.985,24.699,0.9991,0.9955,0.9833,0.9742,-1.0,-1.0,-1.0,-1.0,-1.0,1.0,-999,-999,16028.0,13141.5,128.488,279.242,2.73022,51.2605,0.340484,-999,-999,-999,-999,-999,6818262,20593569
24921,10.6716,LH2,-3.642,16.75,4.868,7.51,PI+SIDIS,0.25,3.3,0.69,-0.8,23.34,12.65,23.593,12.787,23.36,12.66,23.409,12.687,23.288,12.621,0.999,0.996,0.9845,0.9775,-1.0,-1.0,-1.0,-1.0,-1.0,1.0,-999,-999,7166.0,6421.83,85.3817,278.752,3.70615,51.2882,0.334056,-999,-999,-999,-999,-999,3347410,7083477
24922,10.6716,LH2,-3.642,16.75,4.868,7.51,HMSDIS,0.25,3.3,-999,-999,35863.643,36.731,36144.323,37.019,36040.866,36.913,36105.564,36.979,35989.235,36.86,0.999,0.9961,-999,-999,-1.0,-1.0,-1.0,3.0,-1.0,-1.0,-999,-999,-999,-999,-999,87.9448,0.0855679,-999,-999,-999,-999,-999,-999,-999,5063082,20037289
24923,10.6716,LH2,-3.642,16.75,4.868,7.51,SHMSDIS,0.08,0.9,-999,-999,35536.679,35.615,35828.711,35.908,35809.155,35.888,35870.146,35.95,35742.305,35.821,-999,-999,0.973,0.961,-1.0,65.0,-1.0,-1.0,-1.0,-1.0,-999,-999,-999,-999,-999,-34668.5,-80.3993,-999,-999,-999,-999,-999,-999,-999,5025040,34756469
24924,10.6716,Dummy,-3.642,16.75,4.868,7.51,PI+SIDIS,0.25,3.3,0.69,-0.8,73.634,37.364,74.313,37.709,74.468,37.788,74.572,37.84,74.284,37.694,0.9991,0.9965,0.9797,0.9708,-1.0,-1.0,-1.0,-1.0,-1.0,1.0,-999,-999,13407.0,10494.8,117.866,145.628,1.63553,51.2467,0.349776,-999,-999,-999,-999,-999,7656701,38215702
24925,10.6716,Dummy,-3.642,16.75,4.868,7.51,HMSDIS,0.25,3.3,-999,-999,30219.516,37.777,30493.943,38.12,30489.383,38.114,30521.957,38.155,30378.046,37.975,0.999,0.9966,-999,-999,-1.0,-1.0,-1.0,3.0,-1.0,-1.0,-999,-999,-999,-999,-999,64.3674,0.0797267,-999,-999,-999,-999,-999,-999,-999,3141378,15680561
24926,10.6716,Dummy,-3.642,16.75,4.868,7.51,SHMSDIS,0.08,0.9,-999,-999,34763.834,39.294,35099.261,39.673,34915.382,39.466,34955.814,39.511,34748.526,39.277,-999,-999,0.9771,0.9662,-1.0,65.0,-1.0,-1.0,-1.0,-1.0,-999,-999,-999,-999,-999,-18927.7,-59.8946,-999,-999,-999,-999,-999,-999,-999,3612083,18621219
24927,10.6716,C,-3.642,16.75,4.868,7.51,PI+SIDIS,0.25,3.3,0.69,-0.8,22.907,34.299,23.126,34.627,23.024,34.474,23.064,34.534,22.996,34.432,0.999,0.9966,0.9768,0.9685,-1.0,-1.0,-1.0,-1.0,-1.0,1.0,-999,-999,8406.0,6126.17,93.7335,273.908,4.19093,51.245,0.356286,-999,-999,-999,-999,-999,3964783,22071067
24928,10.6716,C,-3.642,16.75,4.868,7.51,PI+SIDIS,0.25,3.3,0.69,-0.8,65.657,33.974,66.232,34.272,66.211,34.261,66.304,34.309,65.989,34.146,0.999,0.9963,0.9774,0.9677,-1.0,-1.0,-1.0,-1.0,-1.0,1.0,-999,-999,24117.0,17558.5,158.777,274.348,2.48086,51.2457,0.350983,-999,-999,-999,-999,-999,11351247,37219137
24929,10.6716,C,-3.642,16.75,4.868,7.51,PI+SIDIS,0.25,3.3,0.69,-0.8,41.462,34.162,41.816,34.454,41.792,34.433,41.849,34.481,41.65,34.317,0.999,0.9963,0.9773,0.9673,-1.0,-1.0,-1.0,-1.0,-1.0,1.0,-999,-999,15090.0,10994.5,125.589,272.199,3.1093,51.2487,0.35744,-999,-999,-999,-999,-999,7165454,27270744
24930,10.6716,C,-3.642,16.75,4.868,7.51,PI+SIDIS,0.25,3.3,0.69,-0.8,31.013,17.581,31.325,17.758,31.238,17.709,31.273,17.729,31.157,17.663,0.9992,0.9962,0.9832,0.9757,-1.0,-1.0,-1.0,-1.0,-1.0,1.0,-999,-999,9976.0,8376.83,101.205,274.332,3.31437,51.2533,0.34172,-999,-999,-999,-999,-999,5370685,17754791
24931,10.6716,C,-3.642,16.75,4.868,7.51,HMSDIS,0.25,3.3,-999,-999,35314.035,32.414,35564.023,32.643,35529.118,32.611,35579.767,32.658,35398.389,32.491,0.999,0.9966,-999,-999,-1.0,-1.0,-1.0,5.0,-1.0,-1.0,-999,-999,-999,-999,-999,107.353,0.123047,-999,-999,-999,-999,-999,-999,-999,6095439,34459629
24932,10.6716,C,-3.642,16.75,4.868,7.51,SHMSDIS,0.08,0.9,-999,-999,31533.252,32.811,31816.051,33.106,31783.161,33.071,31830.504,33.121,31678.552,32.962,-999,-999,0.9741,0.9608,-1.0,65.0,-1.0,-1.0,-1.0,-1.0,-999,-999,-999,-999,-999,-34687.9,-85.2945,-999,-999,-999,-999,-999,-999,-999,5452040,29507926
24933,10.6716,Cu,-3.642,16.75,4.868,7.51,PI+SIDIS,0.25,3.3,0.69,-0.8,76.671,38.536,77.347,38.876,77.351,38.878,77.444,38.924,77.076,38.74,0.999,0.9967,0.9767,0.9642,-1.0,-1.0,-1.0,-1.0,-1.0,1.0,-999,-999,15867.0,10845.2,129.244,145.616,1.73533,51.2422,0.354852,-999,-999,-999,-999,-999,10125687,73768762
24934,10.6716,Cu,-3.642,16.75,4.868,7.51,PI+SIDIS,0.25,3.3,0.69,-0.8,69.568,37.72,70.098,38.007,70.139,38.03,70.215,38.071,69.912,37.907,0.9991,0.9969,0.9757,0.9644,-1.0,-1.0,-1.0,-1.0,-1.0,1.0,-999,-999,14489.0,9960.0,123.466,147.519,1.82867,51.2437,0.360122,-999,-999,-999,-999,-999,9180498,68507875
24935,10.6716,Cu,-3.642,16.75,4.868,7.51,PI+SIDIS,0.25,3.3,0.69,-0.8,68.634,38.011,69.112,38.276,69.184,38.316,69.264,38.36,68.976,38.201,0.9991,0.9971,0.9753,0.9643,-1.0,-1.0,-1.0,-1.0,-1.0,1.0,-999,-999,14096.0,9635.0,121.817,144.76,1.83023,51.2398,0.351765,-999,-999,-999,-999,-999,9049532,68580319
24936,10.6716,Cu,-3.642,16.75,4.868,7.51,HMSDIS,0.25,3.3,-999,-999,43284.366,39.456,43620.01,39.762,43682.938,39.82,43734.827,39.867,43548.316,39.697,0.999,0.997,-999,-999,-1.0,-1.0,-1.0,5.0,-1.0,-1.0,-999,-999,-999,-999,-999,81.6609,0.0968803,-999,-999,-999,-999,-999,-999,-999,5714881,44157171
24937,10.6716,Cu,-3.642,16.75,4.868,7.51,SHMSDIS,0.08,0.9,-999,-999,44965.64,39.514,45300.392,39.808,45380.854,39.878,45429.708,39.921,45230.006,39.746,-999,-999,0.9722,0.9567,-1.0,65.0,-1.0,-1.0,-1.0,-1.0,-999,-999,-999,-999,-999,-28569.7,-64.9352,-999,-999,-999,-999,-999,-999,-999,5933380,45498828
24938,10.6716,LD2,-3.642,16.75,4.868,7.51,PI+SIDIS,0.25,3.3,0.69,-0.8,35.474,18.917,35.878,19.133,35.854,19.12,35.884,19.136,35.747,19.063,0.9991,0.9967,0.9809,0.9715,-1.0,-1.0,-1.0,-1.0,-1.0,1.0,-999,-999,22727.0,16802.5,153.995,482.669,4.42366,51.2383,0.348752,-999,-999,-999,-999,-999,9535717,56913450
24939,10.6716,LD2,-3.642,16.75,4.868,7.51,PI+SIDIS,0.25,3.3,0.69,-0.8,15.675,18.422,15.849,18.626,15.844,18.621,15.858,18.637,15.807,18.578,0.9991,0.9968,0.9808,0.9714,-1.0,-1.0,-1.0,-1.0,-1.0,1.0,-999,-999,10014.0,7442.5,102.189,487.71,6.69648,51.231,0.352679,-999,-999,-999,-999,-999,4213622,25434165
24943,10.6716,LD2,-3.642,16.75,4.868,7.51,PI+SIDIS,0.25,3.3,0.69,-0.8,39.613,18.68,40.065,18.893,40.083,18.902,40.116,18.917,39.975,18.851,0.999,0.9966,0.9805,0.9718,-1.0,-1.0,-1.0,-1.0,-1.0,1.0,-999,-999,25174.0,18557.8,162.101,477.297,4.16914,51.2307,0.355807,-999,-999,-999,-999,-999,10640893,63480503
24944,10.6716,LD2,-3.642,16.75,4.868,7.51,PI+SIDIS,0.25,3.3,0.69,-0.8,36.872,18.63,37.28,18.836,37.301,18.847,37.327,18.86,37.202,18.797,0.9991,0.997,0.9796,0.9715,-1.0,-1.0,-1.0,-1.0,-1.0,1.0,-999,-999,23977.0,17843.3,158.112,493.301,4.37119,51.2343,0.349685,-999,-999,-999,-999,-999,9908029,56811405
24945,10.6716,LD2,-3.642,16.75,4.868,7.51,PI+SIDIS,0.25,3.3,0.69,-0.8,25.718,18.599,26.003,18.805,25.836,18.684,25.855,18.699,25.741,18.616,0.9991,0.9969,0.979,0.9719,-1.0,-1.0,-1.0,-1.0,-1.0,1.0,-999,-999,16428.0,12169.5,130.911,482.138,5.18651,51.275,0.348683,-999,-999,-999,-999,-999,6909734,41120313
24946,10.6716,LD2,-3.642,16.75,4.868,7.51,PI+SIDIS,0.25,3.3,0.69,-0.8,18.133,9.504,18.405,9.647,18.213,9.546,18.263,9.573,18.156,9.516,0.9991,0.997,0.9843,0.9786,-1.0,-1.0,-1.0,-1.0,-1.0,1.0,-999,-999,10390.0,8799.33,103.224,489.028,5.73671,51.2782,0.333989,-999,-999,-999,-999,-999,4900475,17110584
24947,10.6716,LD2,-3.642,16.75,4.868,7.51,PI+SIDIS,0.25,3.3,0.69,-0.8,17.601,9.409,17.871,9.553,17.753,9.49,17.803,9.517,17.722,9.474,0.9992,0.9966,0.9857,0.9789,-1.0,-1.0,-1.0,-1.0,-1.0,1.0,-999,-999,10139.0,8661.33,101.908,495.537,5.83043,51.2528,0.3412,-999,-999,-999,-999,-999,4759955,16393175
24948,10.6716,LH2,-3.642,16.75,4.868,7.51,PI+SIDIS,0.25,3.3,0.69,-0.8,79.454,35.659,80.316,36.046,80.441,36.102,80.553,36.152,80.217,36.001,0.9991,0.9961,0.9788,0.97,-1.0,-1.0,-1.0,-1.0,-1.0,1.0,-999,-999,27841.0,20999.8,170.239,269.845,2.18755,51.2232,0.362042,-999,-999,-999,-999,-999,11244106,78993615
24949,10.6716,LH2,-3.642,16.75,4.868,7.51,PI+SIDIS,0.25,3.3,0.69,-0.8,70.939,37.421,71.759,37.853,71.757,37.852,71.832,37.891,71.462,37.696,0.9991,0.9958,0.9781,0.9697,-1.0,-1.0,-1.0,-1.0,-1.0,1.0,-999,-999,25174.0,18990.7,161.878,273.251,2.32922,51.2466,0.350922,-999,-999,-999,-999,-999,10051137,74576716
24950,10.6716,LH2,-3.642,16.75,4.868,7.51,PI+SIDIS,0.25,3.3,0.69,-0.8,47.084,24.822,47.722,25.158,47.351,24.963,47.393,24.985,47.15,24.857,0.9991,0.9956,0.9822,0.9752,-1.0,-1.0,-1.0,-1.0,-1.0,1.0,-999,-999,15648.0,12801.8,126.974,275.369,2.73122,51.2799,0.345512,-999,-999,-999,-999,-999,6727039,36797061
24951,10.6716,LH2,-3.642,16.75,4.868,7.51,PI+SIDIS,0.25,3.3,0.69,-0.8,27.114,12.243,27.595,12.461,27.446,12.393,27.493,12.415,27.397,12.371,0.9993,0.9959,0.9862,0.9787,-1.0,-1.0,-1.0,-1.0,-1.0,1.0,-999,-999,8273.0,7406.17,91.7468,274.44,3.39973,51.2485,0.334624,-999,-999,-999,-999,-999,3912483,12286388
24952,10.6716,Dummy,-3.642,16.75,4.868,7.51,PI+SIDIS,0.25,3.3,0.69,-0.8,88.167,38.575,89.457,39.14,89.615,39.209,89.696,39.244,89.33,39.084,0.9991,0.9967,0.9801,0.9716,-1.0,-1.0,-1.0,-1.0,-1.0,1.0,-999,-999,15986.0,12395.0,128.781,142.766,1.4833,51.2338,0.349907,-999,-999,-999,-999,-999,9217242,47741780
24953,10.6716,C,-3.642,16.75,4.868,7.51,PI+SIDIS,0.25,3.3,0.69,-0.8,64.517,35.19,65.475,35.712,65.112,35.514,65.2,35.562,64.912,35.405,0.999,0.9967,0.9784,0.9692,-1.0,-1.0,-1.0,-1.0,-1.0,1.0,-999,-999,23858.0,17218.3,158.002,271.729,2.49348,51.2721,0.350884,-999,-999,-999,-999,-999,11225472,66414849
24954,10.6716,C,-3.642,16.75,4.868,7.51,PI+SIDIS,0.25,3.3,0.69,-0.8,61.88,33.714,62.816,34.224,62.72,34.172,62.81,34.221,62.604,34.109,0.999,0.9965,0.9778,0.9702,-1.0,-1.0,-1.0,-1.0,-1.0,1.0,-999,-999,22932.0,16751.7,154.797,275.247,2.54347,51.2381,0.355205,-999,-999,-999,-999,-999,10760898,63083715
24955,10.6716,C,-3.642,16.75,4.868,7.51,PI+SIDIS,0.25,3.3,0.69,-0.8,30.741,16.838,31.238,17.11,31.241,17.112,31.264,17.124,31.178,17.078,0.9992,0.9967,0.9837,0.9766,-1.0,-1.0,-1.0,-1.0,-1.0,1.0,-999,-999,9917.0,8380.33,100.862,274.944,3.3091,51.2244,0.342001,-999,-999,-999,-999,-999,5361246,17921361
24956,10.6716,Cu,-3.642,16.75,4.868,7.51,PI+SIDIS,0.25,3.3,0.69,-0.8,42.151,39.258,42.769,39.834,42.689,39.759,42.729,39.796,42.545,39.626,0.9991,0.9968,0.9777,0.9671,-1.0,-1.0,-1.0,-1.0,-1.0,1.0,-999,-999,8953.0,6070.17,97.1261,146.941,2.35113,51.2682,0.36308,-999,-999,-999,-999,-999,5613153,43624040
24957,10.6716,Cu,-3.642,16.75,4.868,7.51,PI+SIDIS,0.25,3.3,0.69,-0.8,37.006,39.738,37.598,40.374,37.581,40.356,37.627,40.405,37.52,40.291,0.9989,0.9968,0.9776,0.9661,-1.0,-1.0,-1.0,-1.0,-1.0,1.0,-999,-999,7777.0,5194.5,90.5948,143.216,2.49777,51.215,0.354742,-999,-999,-999,-999,-999,4938562,28954663
24958,10.6716,Cu,-3.642,16.75,4.868,7.51,PI+SIDIS,0.25,3.3,0.69,-0.8,70.302,39.893,71.327,40.475,71.505,40.576,71.589,40.624,71.362,40.495,0.9991,0.997,0.9779,0.9661,-1.0,-1.0,-1.0,-1.0,-1.0,1.0,-999,-999,14710.0,9862.83,124.571,143.257,1.80938,51.2174,0.359785,-999,-999,-999,-999,-999,9347036,72553737
24959,10.6716,Cu,-3.642,16.75,4.868,7.51,PI+SIDIS,0.25,3.3,0.69,-0.8,72.823,39.813,73.909,40.406,73.862,40.381,73.928,40.417,73.595,40.235,0.999,0.997,0.9764,0.9665,-1.0,-1.0,-1.0,-1.0,-1.0,1.0,-999,-999,15153.0,10166.7,126.428,142.522,1.77234,51.2425,0.354879,-999,-999,-999,-999,-999,9682033,75499354
24960,10.6716,LD2,-3.642,16.75,3.632,7.51,PI+SIDIS,0.25,3.3,0.52,-0.8,2.455,8.296,2.513,8.491,2.488,8.408,2.495,8.432,2.483,8.392,0.9991,0.9965,0.9798,0.9764,-1.0,-1.0,-1.0,-1.0,-1.0,1.0,-999,-999,1619.0,1154.83,41.1869,471.115,16.8022,51.2454,0.351338,-999,-999,-999,-999,-999,670575,2400722
24961,10.6716,LD2,-3.642,16.75,3.632,7.51,PI+SIDIS,0.25,3.3,0.52,-0.8,14.492,8.053,14.833,8.242,14.783,8.214,14.824,8.237,14.76,8.202,0.9992,0.9966,0.9814,0.9738,-1.0,-1.0,-1.0,-1.0,-1.0,1.0,-999,-999,9851.0,7232.5,101.427,501.181,7.02845,51.2247,0.348614,-999,-999,-999,-999,-999,3955179,13957635
24962,10.6716,LD2,-3.642,16.75,3.632,7.51,PI+SIDIS,0.25,3.3,0.52,-0.8,13.587,7.947,13.909,8.135,13.822,8.084,13.858,8.105,13.785,8.063,0.9991,0.9965,0.9798,0.9743,-1.0,-1.0,-1.0,-1.0,-1.0,1.0,-999,-999,8984.0,6590.67,96.8653,486.841,7.15527,51.2488,0.347129,-999,-999,-999,-999,-999,3704747,12966875
24964,10.6716,LD2,-3.642,16.75,3.632,7.51,PI+SIDIS,0.25,3.3,0.52,-0.8,14.617,7.778,14.975,7.969,14.808,7.88,14.849,7.902,14.78,7.865,0.9991,0.9968,0.9814,0.9742,-1.0,-1.0,-1.0,-1.0,-1.0,1.0,-999,-999,9924.0,7369.33,101.734,505.663,6.98069,51.2667,0.345229,-999,-999,-999,-999,-999,3992504,13917224
24965,10.6716,LD2,-3.642,16.75,3.632,7.51,PI+SIDIS,0.25,3.3,0.52,-0.8,9.013,3.839,9.326,3.972,9.237,3.934,9.219,3.926,9.188,3.913,0.9992,0.9967,0.9823,0.9764,-1.0,-1.0,-1.0,-1.0,-1.0,1.0,-999,-999,5483.0,4673.67,74.9526,513.687,8.2381,51.2491,0.3436,-999,-999,-999,-999,-999,2490309,6278440
24966,10.6716,LD2,-3.642,16.75,3.632,7.51,PI+SIDIS,0.25,3.3,0.52,-0.8,7.269,3.903,7.515,4.035,7.462,4.006,7.447,3.999,7.428,3.988,0.9993,0.9968,0.9852,0.978,-1.0,-1.0,-1.0,-1.0,-1.0,1.0,-999,-999,4300.0,3638.83,66.4093,495.461,9.04225,51.2323,0.335456,-999,-999,-999,-999,-999,2004919,5092297
24967,10.6716,LD2,-3.642,16.75,3.632,7.51,HMSDIS,0.25,3.3,-999,-999,8354.837,7.909,8555.42,8.099,8535.202,8.08,8560.985,8.105,8522.407,8.068,0.9992,0.9968,-999,-999,-1.0,-1.0,-1.0,2.0,-1.0,-1.0,-999,-999,-999,-999,-999,166.416,0.197694,-999,-999,-999,-999,-999,-999,-999,2280279,8031515
24968,10.6716,LD2,-3.642,16.75,3.632,7.51,SHMSDIS,0.05,0.7,-999,-999,7830.308,7.605,8016.054,7.785,8004.76,7.774,8022.543,7.791,7982.175,7.752,-999,-999,0.9808,0.9729,-1.0,65.0,-1.0,-1.0,-1.0,-1.0,-999,-999,-999,-999,-999,-118460.0,-312.948,-999,-999,-999,-999,-999,-999,-999,2137973,7472379
24969,10.6716,LH2,-3.642,16.75,3.632,7.51,PI+SIDIS,0.25,3.3,0.52,-0.8,30.251,17.765,30.808,18.092,30.801,18.089,30.826,18.103,30.724,18.043,0.9991,0.9957,0.9795,0.9712,-1.0,-1.0,-1.0,-1.0,-1.0,1.0,-999,-999,11650.0,8545.5,110.306,285.901,3.69044,51.2403,0.34857,-999,-999,-999,-999,-999,4351864,17113788
24970,10.6716,LH2,-3.642,16.75,3.632,7.51,PI+SIDIS,0.25,3.3,0.52,-0.8,33.707,17.785,34.274,18.084,34.206,18.048,34.237,18.064,34.119,18.002,0.9992,0.9961,0.9783,0.9713,-1.0,-1.0,-1.0,-1.0,-1.0,1.0,-999,-999,12673.0,9300.5,115.044,279.599,3.45854,51.2436,0.342327,-999,-999,-999,-999,-999,4846413,19071991
24971,10.6716,LH2,-3.642,16.75,3.632,7.51,PI+SIDIS,0.25,3.3,0.52,-0.8,33.017,17.72,33.565,18.014,33.478,17.967,33.505,17.982,33.377,17.913,0.9991,0.9956,0.9799,0.9714,-1.0,-1.0,-1.0,-1.0,-1.0,1.0,-999,-999,12658.0,9295.5,114.971,285.395,3.52991,51.2458,0.34255,-999,-999,-999,-999,-999,4746252,18430722
24972,10.6716,LH2,-3.642,16.75,3.632,7.51,PI+SIDIS,0.25,3.3,0.52,-0.8,33.338,17.996,33.874,18.285,33.766,18.227,33.793,18.242,33.665,18.172,0.9991,0.9974,0.979,0.9722,-1.0,-1.0,-1.0,-1.0,1.0,-1.0,-999,-999,12784.0,9784.83,115.256,297.533,3.50465,51.257,0.344983,-999,-999,-999,-999,-999,4785560,18568669
24974,10.6716,LH2,-3.642,16.75,3.632,7.51,PI+SIDIS,0.25,3.3,0.52,-0.8,16.855,8.897,17.203,9.081,17.096,9.025,17.137,9.046,17.053,9.002,0.9993,0.9958,0.9856,0.9755,-1.0,-1.0,-1.0,-1.0,-1.0,1.0,-999,-999,5624.0,4728.83,75.9815,281.993,4.53099,51.259,0.331787,-999,-999,-999,-999,-999,2444198,6577502
24975,10.6716,LH2,-3.642,16.75,3.632,7.51,PI+SIDIS,0.25,3.3,0.52,-0.8,16.566,8.924,16.908,9.108,16.796,9.048,16.837,9.07,16.739,9.017,0.999,0.9957,0.984,0.9775,-1.0,-1.0,-1.0,-1.0,-1.0,1.0,-999,-999,5748.0,4848.33,76.7981,293.655,4.65153,51.2549,0.342048,-999,-999,-999,-999,-999,2403699,6535037
24978,10.6716,LH2,-3.642,16.75,3.632,7.51,HMSDIS,0.25,3.3,-999,-999,16640.619,17.659,16882.076,17.915,16805.45,17.834,16823.381,17.853,16757.68,17.783,0.9991,0.9961,-999,-999,-1.0,-1.0,-1.0,2.0,-1.0,-1.0,-999,-999,-999,-999,-999,88.9129,0.102859,-999,-999,-999,-999,-999,-999,-999,2388087,9374547
24980,10.6716,LH2,-3.642,16.75,3.632,7.51,SHMSDIS,0.05,0.7,-999,-999,16100.756,17.241,16359.564,17.518,16290.568,17.445,16304.432,17.459,16229.814,17.379,-999,-999,0.9799,0.9706,-1.0,65.0,-1.0,-1.0,-1.0,-1.0,-999,-999,-999,-999,-999,-59860.5,-155.794,-999,-999,-999,-999,-999,-999,-999,2311428,8951807
24981,10.6716,Dummy,-3.642,16.75,3.632,7.51,PI+SIDIS,0.25,3.3,0.52,-0.8,36.159,19.492,36.72,19.795,36.56,19.709,36.596,19.728,36.438,19.643,0.999,0.9967,0.9816,0.9739,-1.0,-1.0,-1.0,-1.0,-1.0,1.0,-999,-999,7464.0,5426.0,88.3384,151.897,2.47297,51.255,0.349231,-999,-999,-999,-999,-999,3796279,14096376
24982,10.6716,Dummy,-3.642,16.75,3.632,7.51,PI+SIDIS,0.25,3.3,0.52,-0.8,36.816,19.768,37.358,20.06,37.18,19.964,37.221,19.986,37.043,19.89,0.9989,0.9968,0.9811,0.9747,-1.0,-1.0,-1.0,-1.0,-1.0,1.0,-999,-999,7904.0,5778.33,90.8751,158.883,2.49873,51.2592,0.340249,-999,-999,-999,-999,-999,3858835,14293361
24983,10.6716,Dummy,-3.642,16.75,3.632,7.51,HMSDIS,0.25,3.3,-999,-999,17538.681,19.904,17808.639,20.211,17721.773,20.112,17740.55,20.133,17660.349,20.042,0.9992,0.997,-999,-999,-1.0,-1.0,-1.0,1.0,-1.0,-1.0,-999,-999,-999,-999,-999,64.5664,0.0607641,-999,-999,-999,-999,-999,-999,-999,1839061,6806901
24984,10.6716,Dummy,-3.642,16.75,3.632,7.51,SHMSDIS,0.05,0.7,-999,-999,18184.191,19.005,18462.62,19.296,18374.486,19.204,18390.691,19.221,18304.167,19.131,-999,-999,0.9812,0.9737,-1.0,33.0,-1.0,-1.0,-1.0,-1.0,-999,-999,-999,-999,-999,-40006.4,-85.3682,-999,-999,-999,-999,-999,-999,-999,1909689,7020729
24985,10.6716,C,-3.642,16.75,3.632,7.51,PI+SIDIS,0.25,3.3,0.52,-0.8,29.692,14.697,30.176,14.936,30.0,14.849,30.04,14.869,29.882,14.791,0.9992,0.9971,0.9822,0.9744,-1.0,-1.0,-1.0,-1.0,-1.0,1.0,-999,-999,11748.0,8321.5,110.991,283.29,3.77849,51.2565,0.341091,-999,-999,-999,-999,-999,5168974,18757050
24986,10.6716,C,-3.642,16.75,3.632,7.51,PI+SIDIS,0.25,3.3,0.52,-0.8,29.059,14.655,29.501,14.878,29.33,14.792,29.37,14.812,29.224,14.738,0.9993,0.9971,0.9821,0.9762,-1.0,-1.0,-1.0,-1.0,-1.0,1.0,-999,-999,11724.0,8347.0,110.846,290.087,3.85229,51.2523,0.34722,-999,-999,-999,-999,-999,5054318,18285634
24987,10.6716,C,-3.642,16.75,3.632,7.51,PI+SIDIS,0.25,3.3,0.52,-0.8,26.638,14.955,27.051,15.187,26.892,15.098,26.93,15.119,26.8,15.046,0.9993,0.9969,0.9796,0.9753,-1.0,-1.0,-1.0,-1.0,-1.0,1.0,-999,-999,10503.0,7380.17,104.993,279.93,3.98237,51.2573,0.342044,-999,-999,-999,-999,-999,4633531,16820520
24988,10.6716,C,-3.642,16.75,3.632,7.51,PI+SIDIS,0.25,3.3,0.52,-0.8,12.498,7.396,12.758,7.55,12.65,7.486,12.684,7.506,12.625,7.471,0.999,0.9957,0.9837,0.9801,-1.0,-1.0,-1.0,-1.0,-1.0,1.0,-999,-999,4435.0,3681.0,67.5327,294.678,5.40624,51.2558,0.335659,-999,-999,-999,-999,-999,2190137,5647272
24989,10.6716,C,-3.642,16.75,3.632,7.51,HMSDIS,0.25,3.3,-999,-999,13058.654,14.823,13269.285,15.062,13199.263,14.983,13217.059,15.003,13154.336,14.932,0.9991,0.9971,-999,-999,-1.0,-1.0,-1.0,2.0,-1.0,-1.0,-999,-999,-999,-999,-999,107.084,0.12732,-999,-999,-999,-999,-999,-999,-999,2273428,8352590
24990,10.6716,C,-3.642,16.75,3.632,7.51,SHMSDIS,0.05,0.7,-999,-999,16179.326,14.691,16450.123,14.937,16369.088,14.864,16391.095,14.884,16318.991,14.818,-999,-999,0.9809,0.9723,-1.0,33.0,-1.0,-1.0,-1.0,-1.0,-999,-999,-999,-999,-999,-69332.6,-119.077,-999,-999,-999,-999,-999,-999,-999,2818632,10306589
24991,10.6716,Cu,-3.642,16.75,3.632,7.51,PI+SIDIS,0.25,3.3,0.52,-0.8,32.89,17.009,33.418,17.282,33.292,17.217,33.32,17.231,33.186,17.162,0.9992,0.9974,0.9819,0.9734,-1.0,-1.0,-1.0,-1.0,-1.0,1.0,-999,-999,8089.0,5326.5,92.4631,163.902,2.84519,51.2401,0.350078,-999,-999,-999,-999,-999,4408069,21995559
24992,10.6716,Cu,-3.642,16.75,3.632,7.51,PI+SIDIS,0.25,3.3,0.52,-0.8,31.612,16.73,32.092,16.984,31.994,16.932,32.021,16.946,31.904,16.884,0.9991,0.9973,0.9811,0.9738,-1.0,-1.0,-1.0,-1.0,-1.0,1.0,-999,-999,7555.0,4898.83,89.4298,156.898,2.86422,51.2387,0.351658,-999,-999,-999,-999,-999,4230622,21007547
24994,10.6716,Cu,-3.642,16.75,3.632,7.51,PI+SIDIS,0.25,3.3,0.52,-0.8,34.36,16.692,34.944,16.976,34.882,16.946,34.907,16.958,34.78,16.896,0.999,0.9972,0.9816,0.9744,-1.0,-1.0,-1.0,-1.0,-1.0,1.0,-999,-999,8101.0,5225.5,92.6296,153.622,2.72317,51.2341,0.342825,-999,-999,-999,-999,-999,4611659,22917740
24995,10.6716,Cu,-3.642,16.75,3.632,7.51,PI+SIDIS,0.25,3.3,0.52,-0.8,31.526,16.879,32.044,17.156,32.017,17.142,32.044,17.156,31.93,17.095,0.9991,0.9974,0.9824,0.9743,-1.0,-1.0,-1.0,-1.0,-1.0,1.0,-999,-999,7536.0,4907.83,89.2974,157.341,2.8628,51.2228,0.35096,-999,-999,-999,-999,-999,4228117,21053530
24996,10.6716,Cu,-3.642,16.75,3.632,7.51,HMSDIS,0.25,3.3,-999,-999,17738.709,16.53,18060.008,16.83,18058.615,16.829,18071.514,16.841,18005.285,16.779,0.9992,0.9975,-999,-999,-1.0,-1.0,-1.0,2.0,-1.0,-1.0,-999,-999,-999,-999,-999,82.105,0.0955347,-999,-999,-999,-999,-999,-999,-999,2380458,11836322
24997,10.6716,Cu,-3.642,16.75,3.632,7.51,SHMSDIS,0.05,0.7,-999,-999,15102.914,16.988,15380.051,17.299,15383.536,17.303,15395.422,17.317,15331.736,17.245,-999,-999,0.9818,0.973,-1.0,33.0,-1.0,-1.0,-1.0,-1.0,-999,-999,-999,-999,-999,-59494.8,-114.027,-999,-999,-999,-999,-999,-999,-999,2028027,10130795
24998,10.6716,LD2,-3.642,16.75,3.632,7.51,PI+SIDIS,0.25,3.3,0.52,-0.8,15.667,7.863,16.007,8.034,15.978,8.019,16.022,8.041,15.934,7.997,0.9993,0.9972,0.983,0.9772,-1.0,-1.0,-1.0,-1.0,-1.0,1.0,-999,-999,10559.0,7809.0,104.963,499.638,6.71581,51.2214,0.343623,-999,-999,-999,-999,-999,4264555,14847562
24999,10.6716,LD2,-3.642,16.75,3.632,7.51,PI+SIDIS,0.25,3.3,0.52,-0.8,15.493,7.893,15.794,8.047,15.697,7.997,15.737,8.018,15.626,7.961,0.9991,0.9972,0.9829,0.9771,-1.0,-1.0,-1.0,-1.0,-1.0,1.0,-999,-999,10222.0,7487.33,103.333,485.612,6.70198,51.2602,0.342446,-999,-999,-999,-999,-999,4209064,14728560
25000,10.6716,LD2,-3.642,16.75,3.632,7.51,PI+SIDIS,0.25,3.3,0.52,-0.8,7.695,3.901,7.935,4.023,7.828,3.968,7.816,3.962,7.781,3.944,0.9993,0.9968,0.9875,0.9807,-1.0,-1.0,-1.0,-1.0,-1.0,1.0,-999,-999,4583.0,3874.83,68.564,498.306,8.81738,51.2642,0.33554,-999,-999,-999,-999,-999,2119339,5360874
25001,10.6716,LD2,-3.642,16.75,3.632,7.51,PI+SIDIS,0.25,3.3,0.52,-0.8,7.046,3.923,7.269,4.047,7.191,4.004,7.18,3.997,7.152,3.982,0.9989,0.9967,0.985,0.9796,-1.0,-1.0,-1.0,-1.0,-1.0,1.0,-999,-999,4204.0,3567.67,65.651,501.602,9.23032,51.2445,0.338962,-999,-999,-999,-999,-999,1940919,4934783
25002,10.6716,LH2,-3.642,16.75,3.632,7.51,PI+SIDIS,0.25,3.3,0.52,-0.8,16.491,8.783,16.853,8.975,16.798,8.946,16.835,8.966,16.753,8.922,0.999,0.9961,0.984,0.9797,-1.0,-1.0,-1.0,-1.0,-1.0,1.0,-999,-999,5709.0,4800.0,76.5539,291.015,4.64132,51.2362,0.342547,-999,-999,-999,-999,-999,2395337,6525452
25003,10.6716,LH2,-3.642,16.75,3.632,7.51,PI+SIDIS,0.25,3.3,0.52,-0.8,15.267,8.895,15.594,9.085,15.568,9.07,15.604,9.091,15.529,9.047,0.9993,0.9969,0.9839,0.9803,-1.0,-1.0,-1.0,-1.0,-1.0,1.0,-999,-999,5265.0,4448.33,73.4923,291.214,4.81123,51.2271,0.337063,-999,-999,-999,-999,-999,2216825,6083825
25004,10.6716,Dummy,-3.642,16.75,3.632,7.51,PI+SIDIS,0.25,3.3,0.52,-0.8,37.733,19.652,38.419,20.009,38.241,19.916,38.27,19.931,38.064,19.824,0.9991,0.997,0.9829,0.9771,-1.0,-1.0,-1.0,-1.0,-1.0,1.0,-999,-999,7853.0,5650.5,90.6647,150.675,2.41765,51.2513,0.344976,-999,-999,-999,-999,-999,3970911,14996713
25005,10.6716,Dummy,-3.642,16.75,3.632,7.51,PI+SIDIS,0.25,3.3,0.52,-0.8,33.778,19.827,34.39,20.186,34.126,20.031,34.156,20.048,34.012,19.964,0.9992,0.9969,0.9846,0.9769,-1.0,-1.0,-1.0,-1.0,-1.0,1.0,-999,-999,7103.0,5175.83,86.1638,154.202,2.56705,51.262,0.34408,-999,-999,-999,-999,-999,3554000,13293887
25006,10.6716,Cu,-3.642,16.75,3.632,7.51,PI+SIDIS,0.25,3.3,0.52,-0.8,31.664,16.601,32.239,16.902,31.988,16.771,32.002,16.778,31.828,16.687,0.9992,0.9971,0.9806,0.973,-1.0,-1.0,-1.0,-1.0,-1.0,1.0,-999,-999,7506.0,4876.5,89.1305,155.605,2.84409,51.2719,0.343089,-999,-999,-999,-999,-999,4260659,21353584
25007,10.6716,LD2,-3.642,16.75,3.632,7.51,PI+SIDIS,0.25,3.3,0.52,-0.8,14.671,7.926,15.005,8.107,14.893,8.046,14.939,8.071,14.858,8.027,0.9992,0.997,0.9827,0.9754,-1.0,-1.0,-1.0,-1.0,-1.0,1.0,-999,-999,9987.0,7390.83,102.077,505.447,6.98087,51.2512,0.344321,-999,-999,-999,-999,-999,3995708,14073213
25008,10.6716,LD2,-3.642,16.75,3.632,7.51,PI+SIDIS,0.25,3.3,0.52,-0.8,1.932,7.771,1.974,7.942,1.964,7.9,1.97,7.923,1.961,7.887,0.9994,0.9972,0.9838,0.9735,-1.0,-1.0,-1.0,-1.0,-1.0,1.0,-999,-999,1251.0,916.0,36.1501,476.973,18.8239,51.2375,0.351198,-999,-999,-999,-999,-999,526950,1846151
25010,10.6716,LD2,-3.642,16.75,-6.538,7.51,PI-SIDIS,0.25,3.3,0.93,-0.8,46.18,25.566,46.516,25.752,46.396,25.685,46.416,25.696,46.089,25.515,0.999,0.9971,0.9819,0.9374,-1.0,-1.0,-1.0,-1.0,-1.0,1.0,-999,-999,12641.0,10652.5,113.897,244.674,2.61605,51.2202,0.353565,-999,-999,-999,-999,-999,12318207,951436185
25011,10.6716,LD2,-3.642,16.75,-6.538,7.51,PI-SIDIS,0.25,3.3,0.93,-0.8,47.414,25.997,47.735,26.173,47.372,25.974,47.413,25.997,47.077,25.812,0.999,0.9969,0.9823,0.9371,-1.0,-1.0,-1.0,-1.0,-1.0,1.0,-999,-999,13088.0,11015.7,115.902,246.633,2.59497,51.2367,0.354057,-999,-999,-999,-999,-999,12631121,984127214
25012,10.6716,LD2,-3.642,16.75,-6.538,7.51,PI-SIDIS,0.25,3.3,0.93,-0.8,23.036,12.947,23.239,13.061,23.119,12.993,23.165,13.019,23.036,12.947,0.9991,0.9975,0.9877,0.9485,-1.0,-1.0,-1.0,-1.0,-1.0,1.0,-999,-999,6114.0,5609.17,78.7283,254.73,3.5753,51.2225,0.342647,-999,-999,-999,-999,-999,6174033,487395033
25016,10.6716,LH2,-3.642,16.75,-6.538,7.51,PI-SIDIS,0.25,3.3,0.93,-0.8,50.564,43.032,50.871,43.292,51.044,43.44,51.063,43.456,50.751,43.191,0.999,0.9966,0.9816,0.9257,-1.0,-1.0,-1.0,-1.0,-1.0,1.0,-999,-999,4891.0,4035.5,70.9478,85.8126,1.50866,51.1981,0.361036,-999,-999,-999,-999,-999,7076086,538935905
25017,10.6716,LH2,-3.642,16.75,-6.538,7.51,PI-SIDIS,0.25,3.3,0.93,-0.8,105.285,44.93,105.683,45.1,105.482,45.014,105.561,45.047,104.935,44.78,0.9991,0.9964,0.9815,0.9265,-1.0,-1.0,-1.0,-1.0,-1.0,1.0,-999,-999,10070.0,8286.0,101.82,84.733,1.04122,51.2107,0.350435,-999,-999,-999,-999,-999,14688691,1117888685
25018,10.6716,LH2,-3.642,16.75,-6.538,7.51,PI-SIDIS,0.25,3.3,0.93,-0.8,86.433,45.554,86.75,45.721,87.011,45.858,87.087,45.898,86.663,45.675,0.9991,0.9976,0.9818,0.9187,-1.0,-1.0,-1.0,-1.0,1.0,-1.0,-999,-999,8287.0,7008.33,92.196,88.1741,1.15995,51.1848,0.364659,-999,-999,-999,-999,-999,12051049,917410748
25019,10.6716,LH2,-3.642,16.75,-6.538,7.51,PI-SIDIS,0.25,3.3,0.93,-0.8,56.681,31.421,56.875,31.528,56.991,31.592,57.051,31.626,56.727,31.446,0.9992,0.996,0.9856,0.9354,-1.0,-1.0,-1.0,-1.0,-1.0,1.0,-999,-999,5410.0,4727.67,74.3217,88.9491,1.39833,51.1953,0.350991,-999,-999,-999,-999,-999,7973024,612550898
25020,10.6716,LH2,-3.642,16.75,-6.538,7.51,PI-SIDIS,0.25,3.3,0.93,-0.8,30.07,15.944,30.24,16.035,30.056,15.937,30.075,15.947,29.898,15.853,0.9991,0.997,0.9888,0.9434,-1.0,-1.0,-1.0,-1.0,-1.0,1.0,-999,-999,2838.0,2653.0,53.5615,93.0848,1.87929,51.2583,0.336741,-999,-999,-999,-999,-999,4269306,330262548
25021,10.6716,LH2,-3.642,16.75,-6.538,7.51,HMSDIS,0.25,3.3,-999,-999,45618.37,47.281,45834.079,47.505,45740.582,47.408,45782.363,47.451,45540.194,47.2,0.9991,0.9958,-999,-999,-1.0,-1.0,-1.0,5.0,-1.0,-1.0,-999,-999,-999,-999,-999,87.1287,0.0976332,-999,-999,-999,-999,-999,-999,-999,6363990,484045280
25022,10.6716,LH2,-3.642,16.75,-6.538,7.51,SHMSDIS,0.15,1.2,-999,-999,43905.645,45.045,44092.447,45.236,44139.526,45.284,44176.326,45.322,43955.782,45.096,-999,-999,0.9839,0.8368,-1.0,257.0,-1.0,-1.0,-1.0,-1.0,-999,-999,-999,-999,-999,-558081.0,-574.986,-999,-999,-999,-999,-999,-999,-999,6121454,465884594
25023,10.6716,LD2,-3.642,16.75,-6.538,7.51,HMSDIS,0.25,3.3,-999,-999,12324.169,12.804,12401.013,12.884,12387.338,12.869,12407.936,12.891,12347.579,12.828,0.9992,0.9969,-999,-999,-1.0,-1.0,-1.0,3.0,-1.0,-1.0,-999,-999,-999,-999,-999,165.611,0.200507,-999,-999,-999,-999,-999,-999,-999,3291889,260047450
25024,10.6716,LD2,-3.642,16.75,-6.538,7.51,SHMSDIS,0.15,1.2,-999,-999,11887.792,12.873,11962.156,12.953,11964.029,12.955,11982.054,12.975,11926.2,12.914,-999,-999,0.9889,0.8656,-1.0,129.0,-1.0,-1.0,-1.0,-1.0,-999,-999,-999,-999,-999,-1136880.0,-1113.45,-999,-999,-999,-999,-999,-999,-999,3171715,250908826
25026,10.6716,Dummy,-3.642,16.75,-6.538,7.51,PI-SIDIS,0.25,3.3,0.93,-0.8,70.696,38.506,70.985,38.663,70.756,38.538,70.831,38.579,70.471,38.383,0.999,0.9967,0.9853,0.9314,-1.0,-1.0,-1.0,-1.0,-1.0,1.0,-999,-999,4891.0,4342.17,70.5866,65.7513,1.06886,51.2284,0.348657,-999,-999,-999,-999,-999,7291314,597265688
25027,10.6716,Dummy,-3.642,16.75,-6.538,7.51,PI-SIDIS,0.25,3.3,0.93,-0.8,67.039,37.564,67.292,37.706,67.401,37.767,67.469,37.805,67.169,37.637,0.9991,0.9963,0.9849,0.9288,-1.0,-1.0,-1.0,-1.0,-1.0,1.0,-999,-999,4627.0,4097.83,68.6673,65.6235,1.09965,51.1934,0.337686,-999,-999,-999,-999,-999,6909751,569308987
25028,10.6716,Dummy,-3.642,16.75,-6.538,7.51,HMSDIS,0.25,3.3,-999,-999,36653.82,40.351,36781.421,40.492,36922.947,40.647,36946.902,40.674,36762.605,40.471,0.9991,0.9966,-999,-999,-1.0,-1.0,-1.0,3.0,-1.0,-1.0,-999,-999,-999,-999,-999,64.0831,0.0723991,-999,-999,-999,-999,-999,-999,-999,3769347,311027208
25029,10.6716,Dummy,-3.642,16.75,-6.538,7.51,SHMSDIS,0.15,1.2,-999,-999,38215.778,38.373,38352.669,38.511,38341.545,38.5,38362.292,38.52,38117.94,38.275,-999,-999,0.987,0.8408,-1.0,129.0,-1.0,-1.0,-1.0,-1.0,-999,-999,-999,-999,-999,-460998.0,-396.358,-999,-999,-999,-999,-999,-999,-999,3932238,324374746
25030,10.6716,C,-3.642,16.75,-6.538,7.51,PI-SIDIS,0.25,3.3,0.93,-0.8,76.618,39.815,76.908,39.965,76.543,39.776,76.624,39.817,76.137,39.564,0.9991,0.9968,0.9813,0.9288,-1.0,-1.0,-1.0,-1.0,-1.0,1.0,-999,-999,10405.0,8615.33,103.457,120.776,1.45034,51.2324,0.361589,-999,-999,-999,-999,-999,13150938,983945115
25031,10.6716,C,-3.642,16.75,-6.538,7.51,PI-SIDIS,0.25,3.3,0.93,-0.8,44.097,38.333,44.263,38.477,44.232,38.45,44.281,38.493,44.101,38.336,0.999,0.9966,0.9814,0.928,-1.0,-1.0,-1.0,-1.0,-1.0,1.0,-999,-999,5989.0,4966.5,78.482,121.092,1.91352,51.202,0.36137,-999,-999,-999,-999,-999,7567664,565989522
25034,10.6716,C,-3.642,16.75,-6.538,7.51,PI-SIDIS,0.25,3.3,0.93,-0.8,37.295,41.18,37.665,41.588,37.837,41.778,37.864,41.807,37.65,41.571,0.9989,0.9969,0.9809,0.929,-1.0,-1.0,-1.0,-1.0,-1.0,1.0,-999,-999,5182.0,4306.17,72.993,123.269,2.0895,51.1896,0.357939,-999,-999,-999,-999,-999,6438885,476244728
25035,10.6716,C,-3.642,16.75,-6.538,7.51,PI-SIDIS,0.25,3.3,0.93,-0.8,31.78,20.9,32.007,21.049,32.026,21.061,32.034,21.067,31.862,20.954,0.9993,0.9976,0.9875,0.9405,-1.0,-1.0,-1.0,-1.0,-1.0,1.0,-999,-999,4239.0,3841.33,65.6146,127.711,2.18145,51.2243,0.353041,-999,-999,-999,-999,-999,5461505,414785517
25036,10.6716,C,-3.642,16.75,-6.538,7.51,HMSDIS,0.25,3.3,-999,-999,34088.539,35.818,34318.784,36.06,34122.475,35.854,34148.71,35.882,33875.011,35.594,0.9991,0.9968,-999,-999,-1.0,-1.0,-1.0,5.0,-1.0,-1.0,-999,-999,-999,-999,-999,106.581,0.124668,-999,-999,-999,-999,-999,-999,-999,5860796,438897430
25037,10.6716,C,-3.642,16.75,-6.538,7.51,SHMSDIS,0.15,1.2,-999,-999,21765.467,28.514,21926.005,28.725,21857.869,28.635,21861.349,28.64,21720.533,28.456,-999,-999,0.9846,0.8465,-1.0,257.0,-1.0,-1.0,-1.0,-1.0,-999,-999,-999,-999,-999,-690914.0,-906.92,-999,-999,-999,-999,-999,-999,-999,3745812,281168674
25038,10.6716,Cu,-3.642,16.75,-6.538,7.51,PI-SIDIS,0.25,3.3,0.93,-0.8,77.876,43.929,78.483,44.272,78.578,44.325,78.644,44.363,78.232,44.131,0.9991,0.9971,0.9811,0.9253,-1.0,-1.0,-1.0,-1.0,-1.0,1.0,-999,-999,5499.0,4318.67,75.47,59.544,1.04055,51.1977,0.362251,-999,-999,-999,-999,-999,10233794,763722506
25041,10.6716,Cu,-3.642,16.75,-6.538,7.51,PI-SIDIS,0.25,3.3,0.93,-0.8,80.835,42.412,81.542,42.783,81.185,42.595,81.237,42.623,80.718,42.35,0.999,0.9971,0.9814,0.9244,-1.0,-1.0,-1.0,-1.0,-1.0,1.0,-999,-999,5757.0,4566.5,77.1713,60.6628,1.02517,51.2444,0.353794,-999,-999,-999,-999,-999,10660435,792053875
25042,10.6716,Cu,-3.642,16.75,-6.538,7.51,HMSDIS,0.25,3.3,-999,-999,35535.8,43.968,35793.412,44.287,35723.142,44.2,35761.439,44.247,35590.248,44.036,0.9989,0.9972,-999,-999,-1.0,-1.0,-1.0,5.0,-1.0,-1.0,-999,-999,-999,-999,-999,81.2945,0.106736,-999,-999,-999,-999,-999,-999,-999,4669184,348435626
25043,10.6716,Cu,-3.642,16.75,-6.538,7.51,SHMSDIS,0.15,1.2,-999,-999,44718.892,43.385,45060.597,43.717,45087.684,43.743,45126.425,43.781,44908.56,43.569,-999,-999,0.9837,0.844,-1.0,257.0,-1.0,-1.0,-1.0,-1.0,-999,-999,-999,-999,-999,-522701.0,-550.508,-999,-999,-999,-999,-999,-999,-999,5874377,438491824
25044,10.6716,LD2,-3.642,16.75,-4.868,7.51,PI-SIDIS,0.25,3.3,0.69,-0.8,32.345,17.997,32.691,18.19,32.698,18.194,32.717,18.204,32.575,18.126,0.999,0.9971,0.9821,0.9683,-1.0,-1.0,-1.0,-1.0,-1.0,1.0,-999,-999,13112.0,9138.5,117.364,289.087,3.71268,51.215,0.348443,-999,-999,-999,-999,-999,8669625,509330027
25045,10.6716,LD2,-3.642,16.75,-4.868,7.51,PI-SIDIS,0.25,3.3,0.69,-0.8,34.401,17.605,34.868,17.844,34.861,17.84,34.871,17.845,34.695,17.755,0.999,0.9971,0.9826,0.9687,-1.0,-1.0,-1.0,-1.0,-1.0,1.0,-999,-999,14079.0,9901.17,121.554,293.525,3.60352,51.2348,0.349306,-999,-999,-999,-999,-999,9242268,542863517
25046,10.6716,LD2,-3.642,16.75,-4.868,7.51,PI-SIDIS,0.25,3.3,0.69,-0.8,16.886,8.918,17.192,9.08,17.041,9.0,17.077,9.019,16.963,8.959,0.9991,0.9969,0.9866,0.9741,-1.0,-1.0,-1.0,-1.0,-1.0,1.0,-999,-999,6225.0,5122.0,80.0552,306.14,4.78487,51.2775,0.330453,-999,-999,-999,-999,-999,4566150,260494885
25047,10.6716,LD2,-3.642,16.75,-4.868,7.51,HMSDIS,0.25,3.3,-999,-999,8398.206,8.926,8577.896,9.117,8517.239,9.053,8536.78,9.073,8489.011,9.023,0.9992,0.997,-999,-999,-1.0,-1.0,-1.0,2.0,-1.0,-1.0,-999,-999,-999,-999,-999,166.136,0.197085,-999,-999,-999,-999,-999,-999,-999,2280297,130001019
25048,10.6716,LD2,-3.642,16.75,-4.868,7.51,SHMSDIS,0.08,0.9,-999,-999,7459.717,8.8,7592.241,8.956,7557.619,8.915,7572.963,8.933,7532.473,8.885,-999,-999,0.9888,0.9504,-1.0,65.0,-1.0,-1.0,-1.0,-1.0,-999,-999,-999,-999,-999,-801407.0,-832.998,-999,-999,-999,-999,-999,-999,-999,2016863,114921297
25049,10.6716,LH2,-3.642,16.75,-4.868,7.51,PI-SIDIS,0.25,3.3,0.69,-0.8,64.855,35.118,65.823,35.642,66.031,35.754,66.097,35.79,65.769,35.612,0.9992,0.9964,0.98,0.9656,-1.0,-1.0,-1.0,-1.0,-1.0,1.0,-999,-999,12041.0,8322.67,112.52,131.086,1.77225,51.2103,0.349036,-999,-999,-999,-999,-999,9193214,514367761
25050,10.6716,LH2,-3.642,16.75,-4.868,7.51,PI-SIDIS,0.25,3.3,0.69,-0.8,70.915,36.514,72.066,37.106,71.87,37.005,71.94,37.041,71.443,36.785,0.999,0.9965,0.9808,0.9659,-1.0,-1.0,-1.0,-1.0,-1.0,1.0,-999,-999,13280.0,9189.17,118.16,132.186,1.69973,51.2524,0.352984,-999,-999,-999,-999,-999,10072068,564323596
25051,10.6716,LH2,-3.642,16.75,-4.868,7.51,PI-SIDIS,0.25,3.3,0.69,-0.8,67.597,35.817,68.765,36.436,68.381,36.232,68.473,36.281,68.071,36.068,0.9991,0.9975,0.9818,0.9652,-1.0,-1.0,-1.0,-1.0,1.0,-1.0,-999,-999,12638.0,9219.17,114.925,139.173,1.73492,51.2503,0.352633,-999,-999,-999,-999,-999,9609622,538757312
25052,10.6716,LH2,-3.642,16.75,-4.868,7.51,PI-SIDIS,0.25,3.3,0.69,-0.8,42.416,23.484,43.183,23.909,43.113,23.87,43.153,23.892,42.967,23.789,0.999,0.9966,0.9849,0.9704,-1.0,-1.0,-1.0,-1.0,-1.0,1.0,-999,-999,7375.0,5707.17,87.4813,136.343,2.08991,51.2284,0.343177,-999,-999,-999,-999,-999,6073669,333907734
25053,10.6716,LH2,-3.642,16.75,-4.868,7.51,PI-SIDIS,0.25,3.3,0.69,-0.8,21.304,11.799,21.758,12.051,21.741,12.041,21.766,12.055,21.668,12.001,0.9996,0.997,0.9885,0.9757,-1.0,-1.0,-1.0,-1.0,-1.0,1.0,-999,-999,3352.0,2910.0,58.5292,137.132,2.75815,51.23,0.339418,-999,-999,-999,-999,-999,3080845,165026938
25054,10.6716,LH2,-3.642,16.75,-4.868,7.51,HMSDIS,0.25,3.3,-999,-999,30575.68,33.824,31131.191,34.438,31053.523,34.352,31084.052,34.386,30883.329,34.164,0.9991,0.9961,-999,-999,-1.0,-1.0,-1.0,3.0,-1.0,-1.0,-999,-999,-999,-999,-999,87.8421,0.0921734,-999,-999,-999,-999,-999,-999,-999,4349798,243842479
25055,10.6716,LH2,-3.642,16.75,-4.868,7.51,SHMSDIS,0.08,0.9,-999,-999,30014.499,35.447,30556.326,36.087,30363.688,35.86,30392.143,35.893,30190.226,35.655,-999,-999,0.984,0.9335,-1.0,129.0,-1.0,-1.0,-1.0,-1.0,-999,-999,-999,-999,-999,-389029.0,-408.543,-999,-999,-999,-999,-999,-999,-999,4271624,239594890
25056,10.6716,Dummy,-3.642,16.75,-4.868,7.51,PI-SIDIS,0.25,3.3,0.69,-0.8,76.092,36.117,77.582,36.824,77.55,36.808,77.623,36.843,77.218,36.651,0.9991,0.9966,0.9837,0.9663,-1.0,-1.0,-1.0,-1.0,-1.0,1.0,-999,-999,8675.0,6291.33,95.2485,84.0142,1.27195,51.2264,0.345713,-999,-999,-999,-999,-999,7971600,494291741
25057,10.6716,Dummy,-3.642,16.75,-4.868,7.51,HMSDIS,0.25,3.3,-999,-999,32397.058,38.658,33028.352,39.411,33126.94,39.529,33160.063,39.568,33001.733,39.38,0.9991,0.9964,-999,-999,-1.0,-1.0,-1.0,3.0,-1.0,-1.0,-999,-999,-999,-999,-999,64.215,0.0764495,-999,-999,-999,-999,-999,-999,-999,3386682,210586547
25058,10.6716,Dummy,-3.642,16.75,-4.868,7.51,SHMSDIS,0.08,0.9,-999,-999,34764.285,38.635,35398.836,39.34,35551.846,39.51,35576.09,39.537,35410.47,39.353,-999,-999,0.9855,0.9323,-1.0,129.0,-1.0,-1.0,-1.0,-1.0,-999,-999,-999,-999,-999,-324673.0,-346.494,-999,-999,-999,-999,-999,-999,-999,3630427,225614392
25059,10.6716,C,-3.642,16.75,-4.868,7.51,PI-SIDIS,0.25,3.3,0.69,-0.8,54.182,29.854,55.224,30.429,55.005,30.307,55.051,30.333,54.688,30.133,0.999,0.9968,0.9826,0.9675,-1.0,-1.0,-1.0,-1.0,-1.0,1.0,-999,-999,12115.0,8389.17,112.854,157.226,2.11505,51.2607,0.350027,-999,-999,-999,-999,-999,9442434,539511917
25060,10.6716,C,-3.642,16.75,-4.868,7.51,PI-SIDIS,0.25,3.3,0.69,-0.8,53.924,29.471,54.858,29.981,54.512,29.792,54.577,29.828,54.253,29.651,0.9991,0.9968,0.9823,0.9667,-1.0,-1.0,-1.0,-1.0,-1.0,1.0,-999,-999,12068.0,8416.17,112.591,158.897,2.1257,51.2635,0.344128,-999,-999,-999,-999,-999,9378136,535782062
25061,10.6716,Cu,-3.642,16.75,-4.868,7.51,PI-SIDIS,0.25,3.3,0.69,-0.8,78.846,32.545,80.381,33.179,80.485,33.222,80.583,33.263,80.165,33.09,0.999,0.997,0.9816,0.9642,-1.0,-1.0,-1.0,-1.0,-1.0,1.0,-999,-999,10097.0,6550.0,103.384,84.6219,1.33565,51.2194,0.363438,-999,-999,-999,-999,-999,10526603,645032500
25062,10.6716,Cu,-3.642,16.75,-4.868,7.51,PI-SIDIS,0.25,3.3,0.69,-0.8,48.494,34.54,49.277,35.098,49.254,35.082,49.317,35.127,48.958,34.871,0.9991,0.9974,0.9822,0.9669,-1.0,-1.0,-1.0,-1.0,-1.0,1.0,-999,-999,6300.0,4101.17,81.6485,86.1775,1.71567,51.2186,0.350682,-999,-999,-999,-999,-999,6455334,383453248
25063,10.6716,Cu,-3.642,16.75,-4.868,7.51,PI-SIDIS,0.25,3.3,0.69,-0.8,25.185,34.908,25.566,35.436,25.559,35.426,25.592,35.472,25.417,35.23,0.9991,0.9971,0.9817,0.9659,-1.0,-1.0,-1.0,-1.0,-1.0,1.0,-999,-999,3223.0,2039.67,58.4827,82.6966,2.37113,51.2305,0.372513,-999,-999,-999,-999,-999,3346483,204639905
25064,10.6716,Cu,-3.642,16.75,-4.868,7.51,PI-SIDIS,0.25,3.3,0.69,-0.8,34.766,31.563,35.36,32.101,35.388,32.127,35.427,32.162,35.18,31.938,0.9991,0.9973,0.983,0.9672,-1.0,-1.0,-1.0,-1.0,-1.0,1.0,-999,-999,4504.0,2944.5,69.0211,86.2017,2.02063,51.2118,0.3498,-999,-999,-999,-999,-999,4639409,272653468
25065,10.6716,LD2,-3.642,16.75,-4.868,7.51,PI-SIDIS,0.25,3.3,0.69,-0.8,34.553,17.653,35.112,17.938,35.09,17.927,35.114,17.939,34.899,17.829,0.9991,0.9971,0.9827,0.9707,-1.0,-1.0,-1.0,-1.0,-1.0,1.0,-999,-999,14185.0,9941.83,122.034,292.049,3.58483,51.2281,0.355311,-999,-999,-999,-999,-999,9309246,539965471
25066,10.6716,LD2,-3.642,16.75,-4.868,7.51,PI-SIDIS,0.25,3.3,0.69,-0.8,31.403,17.335,31.846,17.579,31.851,17.582,31.869,17.592,31.679,17.487,0.999,0.9971,0.9835,0.9695,-1.0,-1.0,-1.0,-1.0,-1.0,1.0,-999,-999,12882.0,9053.17,116.276,293.624,3.77121,51.2281,0.348914,-999,-999,-999,-999,-999,8439191,495050561
25067,10.6716,LD2,-3.642,16.75,-4.868,7.51,PI-SIDIS,0.25,3.3,0.69,-0.8,31.542,17.77,32.031,18.045,32.049,18.055,32.068,18.066,31.878,17.959,0.9991,0.9972,0.9837,0.9703,-1.0,-1.0,-1.0,-1.0,-1.0,1.0,-999,-999,13029.0,9159.0,116.936,295.046,3.76695,51.2264,0.348735,-999,-999,-999,-999,-999,8486395,498080966
25068,10.6716,LD2,-3.642,16.75,-4.868,7.51,PI-SIDIS,0.25,3.3,0.69,-0.8,17.725,8.92,18.102,9.11,18.081,9.099,18.12,9.119,17.989,9.053,0.9991,0.9978,0.9871,0.9761,-1.0,-1.0,-1.0,-1.0,-1.0,1.0,-999,-999,6482.0,5327.0,81.6976,301.78,4.62826,51.2302,0.340257,-999,-999,-999,-999,-999,4814811,274022143
25069,10.6716,LH2,-3.642,16.75,-4.868,7.51,PI-SIDIS,0.25,3.3,0.69,-0.8,65.954,35.441,66.961,35.982,67.109,36.061,67.171,36.095,66.659,35.819,0.9991,0.9968,0.9817,0.9677,-1.0,-1.0,-1.0,-1.0,-1.0,1.0,-999,-999,12259.0,8463.5,113.541,130.768,1.7543,51.2234,0.351686,-999,-999,-999,-999,-999,9354610,523584803
25070,10.6716,LH2,-3.642,16.75,-4.868,7.51,PI-SIDIS,0.25,3.3,0.69,-0.8,61.981,34.617,62.903,35.133,62.624,34.976,62.687,35.012,62.172,34.724,0.9991,0.9965,0.9822,0.9677,-1.0,-1.0,-1.0,-1.0,-1.0,1.0,-999,-999,11584.0,8074.5,110.313,132.81,1.81444,51.2688,0.348084,-999,-999,-999,-999,-999,8799054,491010671
25071,10.6716,LH2,-3.642,16.75,-4.868,7.51,PI-SIDIS,0.25,3.3,0.69,-0.8,71.81,36.249,72.843,36.771,72.635,36.666,72.745,36.721,72.265,36.479,0.9991,0.9964,0.9821,0.9682,-1.0,-1.0,-1.0,-1.0,-1.0,1.0,-999,-999,13291.0,9199.83,118.207,130.562,1.67757,51.2388,0.349183,-999,-999,-999,-999,-999,10181797,569696874
25072,10.6716,LH2,-3.642,16.75,-4.868,7.51,PI-SIDIS,0.25,3.3,0.69,-0.8,40.422,23.986,41.058,24.363,41.006,24.332,41.044,24.355,40.765,24.189,0.9991,0.9965,0.9859,0.9715,-1.0,-1.0,-1.0,-1.0,-1.0,1.0,-999,-999,7096.0,5492.17,85.8097,137.831,2.15348,51.2284,0.343899,-999,-999,-999,-999,-999,5773661,317099471
25073,10.6716,LH2,-3.642,16.75,-4.868,7.51,PI-SIDIS,0.25,3.3,0.69,-0.8,22.567,11.898,22.956,12.103,22.926,12.087,22.958,12.104,22.784,12.012,0.9993,0.9972,0.9884,0.9764,-1.0,-1.0,-1.0,-1.0,-1.0,1.0,-999,-999,3746.0,3285.67,61.8282,146.696,2.76046,51.2334,0.33599,-999,-999,-999,-999,-999,3250312,173889143
25074,10.6716,Dummy,-3.642,16.75,-4.868,7.51,PI-SIDIS,0.25,3.3,0.69,-0.8,45.339,34.699,45.977,35.188,46.094,35.277,46.131,35.305,45.759,35.021,0.9991,0.997,0.9845,0.9699,-1.0,-1.0,-1.0,-1.0,-1.0,1.0,-999,-999,5288.0,3886.33,74.3075,87.2502,1.66824,51.2273,0.363725,-999,-999,-999,-999,-999,4724794,292483537
25076,10.6716,LD2,-3.642,16.75,-3.632,7.51,PI-SIDIS,0.25,3.3,0.52,-0.8,13.992,7.916,14.301,8.091,14.166,8.015,14.207,8.038,14.086,7.97,0.9993,0.9978,0.9857,0.9812,-1.0,-1.0,-1.0,-1.0,-1.0,1.0,-999,-999,6974.0,4839.67,85.6138,345.176,6.10618,51.262,0.336771,-999,-999,-999,-999,-999,3804193,170878740
25077,10.6716,LD2,-3.642,16.75,-3.632,7.51,PI-SIDIS,0.25,3.3,0.52,-0.8,13.479,7.947,13.742,8.102,13.659,8.053,13.698,8.076,13.584,8.009,0.9993,0.9967,0.9869,0.9816,-1.0,-1.0,-1.0,-1.0,-1.0,1.0,-999,-999,6479.0,4392.33,82.6243,325.89,6.13032,51.2438,0.338492,-999,-999,-999,-999,-999,3655994,164018421
25078,10.6716,LD2,-3.642,16.75,-3.632,7.51,PI-SIDIS,0.25,3.3,0.52,-0.8,14.778,7.891,15.077,8.051,15.026,8.024,15.068,8.046,14.946,7.981,0.9992,0.9972,0.9851,0.9808,-1.0,-1.0,-1.0,-1.0,-1.0,1.0,-999,-999,7054.0,4804.5,86.1912,325.207,5.83411,51.2319,0.347092,-999,-999,-999,-999,-999,4012189,179804867
25079,10.6716,LD2,-3.642,16.75,-3.632,7.51,PI-SIDIS,0.25,3.3,0.52,-0.8,9.012,4.942,9.253,5.074,9.193,5.042,9.194,5.042,9.127,5.005,0.9994,0.9974,0.9863,0.9819,-1.0,-1.0,-1.0,-1.0,-1.0,1.0,-999,-999,3999.0,3116.83,64.3897,343.267,7.09145,51.2413,0.341186,-999,-999,-999,-999,-999,2466774,105783241
25080,10.6716,LD2,-3.642,16.75,-3.632,7.51,PI-SIDIS,0.25,3.3,0.52,-0.8,9.015,4.901,9.271,5.04,9.143,4.971,9.146,4.972,9.065,4.929,0.999,0.9969,0.988,0.9827,-1.0,-1.0,-1.0,-1.0,-1.0,1.0,-999,-999,3895.0,3017.33,63.571,331.538,6.98504,51.2829,0.331594,-999,-999,-999,-999,-999,2473066,106126063
25081,10.6716,LD2,-3.642,16.75,-3.632,7.51,HMSDIS,0.25,3.3,-999,-999,7636.307,7.925,7792.379,8.087,7715.465,8.007,7737.86,8.03,7667.697,7.957,0.9992,0.9972,-999,-999,-1.0,-1.0,-1.0,2.0,-1.0,-1.0,-999,-999,-999,-999,-999,165.877,0.206418,-999,-999,-999,-999,-999,-999,-999,2076754,92919546
25082,10.6716,LD2,-3.642,16.75,-3.632,7.51,SHMSDIS,0.05,0.7,-999,-999,7440.591,7.943,7587.419,8.1,7532.548,8.042,7554.148,8.065,7491.706,7.998,-999,-999,0.9885,0.9707,-1.0,65.0,-1.0,-1.0,-1.0,-1.0,-999,-999,-999,-999,-999,-668139.0,-760.948,-999,-999,-999,-999,-999,-999,-999,2021270,90755688
25083,10.6716,LH2,-3.642,16.75,-3.632,7.51,PI-SIDIS,0.25,3.3,0.52,-0.8,21.133,17.444,21.463,17.715,21.439,17.696,21.453,17.707,21.303,17.584,0.9993,0.9971,0.9865,0.9798,-1.0,-1.0,-1.0,-1.0,-1.0,1.0,-999,-999,4976.0,3334.33,72.4542,158.679,3.44805,51.2209,0.34586,-999,-999,-999,-999,-999,3027396,133231430
25084,10.6716,LH2,-3.642,16.75,-3.632,7.51,PI-SIDIS,0.25,3.3,0.52,-0.8,43.334,17.724,44.121,18.046,43.994,17.994,44.012,18.001,43.62,17.841,0.9991,0.9964,0.9851,0.98,-1.0,-1.0,-1.0,-1.0,-1.0,1.0,-999,-999,10115.0,6698.0,103.366,155.063,2.39299,51.2496,0.343324,-999,-999,-999,-999,-999,6224007,273428273
25085,10.6716,LH2,-3.642,16.75,-3.632,7.51,PI-SIDIS,0.25,3.3,0.52,-0.8,26.088,17.733,26.572,18.062,26.347,17.909,26.364,17.921,26.119,17.754,0.9992,0.9966,0.9841,0.9797,-1.0,-1.0,-1.0,-1.0,-1.0,1.0,-999,-999,5971.0,3900.0,79.4743,149.959,3.05588,51.2678,0.329557,-999,-999,-999,-999,-999,3749660,165534849
25086,10.6716,LH2,-3.642,16.75,-3.632,7.51,PI-SIDIS,0.25,3.3,0.52,-0.8,34.862,17.704,35.693,18.126,35.727,18.143,35.743,18.151,35.629,18.093,0.9993,0.9976,0.9859,0.9785,-1.0,-1.0,-1.0,-1.0,1.0,-1.0,-999,-999,8270.0,5842.0,93.1379,167.387,2.66862,51.2093,0.347044,-999,-999,-999,-999,-999,5029476,206217760
25087,10.6716,LH2,-3.642,16.75,-3.632,7.51,PI-SIDIS,0.25,3.3,0.52,-0.8,14.71,8.741,15.132,8.992,15.0,8.914,15.026,8.929,14.936,8.876,0.9991,0.9963,0.9858,0.9826,-1.0,-1.0,-1.0,-1.0,-1.0,1.0,-999,-999,2892.0,2287.5,54.706,153.992,3.68275,51.2758,0.342479,-999,-999,-999,-999,-999,2145319,85516870
25088,10.6716,LH2,-3.642,16.75,-3.632,7.51,PI-SIDIS,0.25,3.3,0.52,-0.8,15.856,8.848,16.353,9.126,16.212,9.047,16.248,9.067,16.189,9.034,0.9994,0.9972,0.9873,0.9802,-1.0,-1.0,-1.0,-1.0,-1.0,1.0,-999,-999,3147.0,2477.67,57.0838,154.67,3.56349,51.2564,0.325476,-999,-999,-999,-999,-999,2316432,92581420
25089,10.6716,LH2,-3.642,16.75,-3.632,7.51,HMSDIS,0.25,3.3,-999,-999,13713.877,17.328,14060.816,17.767,14021.133,17.716,14029.949,17.728,14004.904,17.696,0.9992,0.9961,-999,-999,-1.0,-1.0,-1.0,2.0,-1.0,-1.0,-999,-999,-999,-999,-999,88.2887,0.112108,-999,-999,-999,-999,-999,-999,-999,1984426,81207536
25090,10.6716,LH2,-3.642,16.75,-3.632,7.51,SHMSDIS,0.05,0.7,-999,-999,14618.175,17.505,15035.019,18.004,15016.611,17.982,15024.941,17.992,14992.067,17.953,-999,-999,0.9875,0.9682,-1.0,65.0,-1.0,-1.0,-1.0,-1.0,-999,-999,-999,-999,-999,-331095.0,-380.726,-999,-999,-999,-999,-999,-999,-999,2117555,87278971
25091,10.6716,LH2,-3.642,16.75,-3.632,7.51,PI-SIDIS,0.25,3.3,0.52,-0.8,4.004,17.755,4.119,18.263,4.117,18.256,4.12,18.266,4.114,18.24,0.999,0.9964,0.9843,0.9804,-1.0,-1.0,-1.0,-1.0,-1.0,1.0,-999,-999,900.0,571.0,30.9004,141.544,7.65985,51.2045,0.340975,-999,-999,-999,-999,-999,580123,25322729
25092,10.6716,Dummy,-3.642,16.75,-3.632,7.51,PI-SIDIS,0.25,3.3,0.52,-0.8,34.393,18.451,35.389,18.985,35.427,19.006,35.438,19.011,35.351,18.965,0.9992,0.9969,0.9849,0.9787,-1.0,-1.0,-1.0,-1.0,-1.0,1.0,-999,-999,5154.0,3425.33,73.7707,98.9851,2.13182,51.2114,0.339727,-999,-999,-999,-999,-999,3649852,179769903
25093,10.6716,Dummy,-3.642,16.75,-3.632,7.51,PI-SIDIS,0.25,3.3,0.52,-0.8,36.369,19.076,37.42,19.627,37.194,19.509,37.201,19.513,37.065,19.441,0.9991,0.997,0.985,0.9788,-1.0,-1.0,-1.0,-1.0,-1.0,1.0,-999,-999,5541.0,3749.17,76.4175,102.463,2.08846,51.2676,0.332964,-999,-999,-999,-999,-999,3858366,189779006
25094,10.6716,Dummy,-3.642,16.75,-3.632,7.51,HMSDIS,0.25,3.3,-999,-999,20078.637,19.547,20660.123,20.113,20503.453,19.96,20517.267,19.974,20478.615,19.936,0.9992,0.9968,-999,-999,-1.0,-1.0,-1.0,1.0,-1.0,-1.0,-999,-999,-999,-999,-999,63.5102,0.0554663,-999,-999,-999,-999,-999,-999,-999,2128035,105933663
25095,10.6716,Dummy,-3.642,16.75,-3.632,7.51,SHMSDIS,0.05,0.7,-999,-999,21235.337,19.446,21867.173,20.024,21771.92,19.937,21787.352,19.951,21768.052,19.934,-999,-999,0.9873,0.9672,-1.0,65.0,-1.0,-1.0,-1.0,-1.0,-999,-999,-999,-999,-999,-277885.0,-289.247,-999,-999,-999,-999,-999,-999,-999,2254424,112012086
25096,10.6716,C,-3.642,16.75,-3.632,7.51,PI-SIDIS,0.25,3.3,0.52,-0.8,32.721,17.65,33.71,18.184,33.686,18.171,33.706,18.181,33.686,18.171,0.9993,0.9969,0.9827,0.9764,-1.0,-1.0,-1.0,-1.0,-1.0,1.0,-999,-999,10076.0,6037.33,103.678,183.595,3.15283,51.2253,0.349447,-999,-999,-999,-999,-999,5764253,267034459
25097,10.6716,C,-3.642,16.75,-3.632,7.51,PI-SIDIS,0.25,3.3,0.52,-0.8,32.037,17.784,32.993,18.314,32.968,18.3,32.981,18.308,32.916,18.271,0.9992,0.9971,0.9823,0.975,-1.0,-1.0,-1.0,-1.0,-1.0,1.0,-999,-999,9801.0,5876.0,102.251,182.811,3.18117,51.2348,0.349024,-999,-999,-999,-999,-999,5640475,261369987
25098,10.6716,C,-3.642,16.75,-3.632,7.51,PI-SIDIS,0.25,3.3,0.52,-0.8,34.256,17.387,35.28,17.906,35.044,17.787,35.063,17.796,34.981,17.754,0.9992,0.9971,0.9821,0.9754,-1.0,-1.0,-1.0,-1.0,-1.0,1.0,-999,-999,10525.0,6377.67,105.907,185.515,3.08064,51.2734,0.341014,-999,-999,-999,-999,-999,6029518,279111325
25099,10.6716,C,-3.642,16.75,-3.632,7.51,PI-SIDIS,0.25,3.3,0.52,-0.8,16.765,8.808,17.339,9.109,17.234,9.054,17.272,9.074,17.243,9.059,0.9994,0.9975,0.9868,0.9804,-1.0,-1.0,-1.0,-1.0,-1.0,1.0,-999,-999,4252.0,3157.0,66.592,185.836,3.91991,51.2356,0.329605,-999,-999,-999,-999,-999,2971302,127853259
25101,10.6716,C,-3.642,16.75,-3.632,7.51,HMSDIS,0.25,3.3,-999,-999,16420.526,17.601,16924.403,18.141,16931.877,18.149,16943.834,18.162,16938.993,18.157,0.9991,0.9969,-999,-999,-1.0,-1.0,-1.0,2.0,-1.0,-1.0,-999,-999,-999,-999,-999,106.792,0.112389,-999,-999,-999,-999,-999,-999,-999,2891563,133586279
25102,10.6716,Cu,-3.642,16.75,-3.632,7.51,PI-SIDIS,0.25,3.3,0.52,-0.8,53.222,20.332,54.889,20.969,54.662,20.882,54.681,20.889,54.586,20.853,0.9991,0.9972,0.9809,0.9744,-1.0,-1.0,-1.0,-1.0,-1.0,1.0,-999,-999,10286.0,5584.5,105.212,104.528,1.96931,51.2507,0.351798,-999,-999,-999,-999,-999,7206733,389200385
25103,10.6716,Cu,-3.642,16.75,-3.632,7.51,PI-SIDIS,0.25,3.3,0.52,-0.8,39.528,20.07,40.763,20.697,40.556,20.592,40.585,20.606,40.555,20.591,0.9991,0.9971,0.9812,0.9741,-1.0,-1.0,-1.0,-1.0,-1.0,1.0,-999,-999,7457.0,3975.67,89.6506,100.235,2.26027,51.2457,0.34327,-999,-999,-999,-999,-999,5354296,288438603
25104,10.6716,Cu,-3.642,16.75,-3.632,7.51,PI-SIDIS,0.25,3.3,0.52,-0.8,35.858,20.442,36.949,21.064,36.932,21.055,36.955,21.068,36.951,21.065,0.999,0.997,0.9812,0.9739,-1.0,-1.0,-1.0,-1.0,-1.0,1.0,-999,-999,6855.0,3686.17,85.9252,102.557,2.39063,51.2213,0.354888,-999,-999,-999,-999,-999,4856187,262603327
25105,10.6716,Cu,-3.642,16.75,-3.632,7.51,PI-SIDIS,0.25,3.3,0.52,-0.8,38.502,20.202,39.678,20.82,39.664,20.812,39.679,20.82,39.641,20.8,0.9991,0.9972,0.9802,0.974,-1.0,-1.0,-1.0,-1.0,-1.0,1.0,-999,-999,7370.0,4005.17,89.0551,103.751,2.3069,51.2284,0.348168,-999,-999,-999,-999,-999,5210988,280942145
25106,10.6716,Cu,-3.642,16.75,-3.632,7.51,HMSDIS,0.25,3.3,-999,-999,19600.433,19.535,20212.403,20.144,20060.92,19.993,20066.981,19.999,20022.555,19.955,0.9992,0.997,-999,-999,-1.0,-1.0,-1.0,2.0,-1.0,-1.0,-999,-999,-999,-999,-999,81.7644,0.0899833,-999,-999,-999,-999,-999,-999,-999,2657082,142878366
25108,10.6716,LD2,-3.642,16.75,-3.632,7.51,PI-SIDIS,0.25,3.3,0.52,-0.8,17.449,9.736,18.054,10.073,18.003,10.045,18.033,10.061,18.024,10.057,0.9991,0.9969,0.9822,0.9762,-1.0,-1.0,-1.0,-1.0,-1.0,1.0,-999,-999,9213.0,5906.67,98.8132,335.494,5.61251,51.2217,0.347243,-999,-999,-999,-999,-999,4796375,207199266
25109,10.6716,LD2,-3.642,16.75,-3.632,7.51,PI-SIDIS,0.25,3.3,0.52,-0.8,18.279,9.71,18.928,10.054,18.906,10.043,18.936,10.059,18.909,10.044,0.9991,0.9969,0.9825,0.9757,-1.0,-1.0,-1.0,-1.0,-1.0,1.0,-999,-999,9585.0,6114.17,100.814,331.412,5.46452,51.2265,0.351333,-999,-999,-999,-999,-999,5029623,230414068
25110,10.6716,LD2,-3.642,16.75,-3.632,7.51,PI-SIDIS,0.25,3.3,0.52,-0.8,18.543,9.792,19.187,10.132,19.028,10.048,19.058,10.064,19.011,10.039,0.9991,0.997,0.983,0.9756,-1.0,-1.0,-1.0,-1.0,-1.0,1.0,-999,-999,9674.0,6105.83,101.335,326.533,5.41926,51.2669,0.344234,-999,-999,-999,-999,-999,5096689,234865940
25111,10.6716,LD2,-3.642,16.75,-3.632,7.51,PI-SIDIS,0.25,3.3,0.52,-0.8,10.858,5.906,11.289,6.141,11.165,6.073,11.19,6.087,11.179,6.081,0.9992,0.997,0.9845,0.9789,-1.0,-1.0,-1.0,-1.0,-1.0,1.0,-999,-999,5059.0,3753.67,72.6399,339.968,6.57897,51.252,0.332137,-999,-999,-999,-999,-999,3003128,131246375
25112,10.6716,LD2,-3.642,16.75,-3.632,7.51,PI-SIDIS,0.25,3.3,0.52,-0.8,10.742,5.877,11.171,6.112,11.102,6.074,11.123,6.086,11.122,6.085,0.9993,0.9967,0.9849,0.9792,-1.0,-1.0,-1.0,-1.0,-1.0,1.0,-999,-999,4958.0,3670.0,71.9213,335.76,6.57991,51.2382,0.329757,-999,-999,-999,-999,-999,2969095,129595449
25114,10.6716,LH2,-3.642,16.75,-3.632,7.51,PI-SIDIS,0.25,3.3,0.52,-0.8,46.176,23.247,47.653,23.991,47.681,24.005,47.704,24.016,47.649,23.989,0.9991,0.996,0.9806,0.9723,-1.0,-1.0,-1.0,-1.0,-1.0,1.0,-999,-999,11838.0,7088.5,112.381,153.159,2.42819,51.2264,0.353292,-999,-999,-999,-999,-999,6694439,304680557
25115,10.6716,LH2,-3.642,16.75,-3.632,7.51,PI-SIDIS,0.25,3.3,0.52,-0.8,46.08,23.653,47.549,24.407,47.247,24.252,47.269,24.263,47.137,24.196,0.9991,0.9959,0.9801,0.9732,-1.0,-1.0,-1.0,-1.0,-1.0,1.0,-999,-999,11657.0,6882.0,111.592,148.878,2.41408,51.2629,0.346866,-999,-999,-999,-999,-999,6683587,305784189
25116,10.6716,LH2,-3.642,16.75,-3.632,7.51,PI-SIDIS,0.25,3.3,0.52,-0.8,44.816,22.747,46.334,23.518,46.115,23.406,46.145,23.422,46.115,23.406,0.9991,0.9956,0.9806,0.9726,-1.0,-1.0,-1.0,-1.0,-1.0,1.0,-999,-999,11252.0,6662.17,109.622,147.999,2.43524,51.2455,0.349586,-999,-999,-999,-999,-999,6512005,297264228
25117,10.6716,LH2,-3.642,16.75,-3.632,7.51,PI-SIDIS,0.25,3.3,0.52,-0.8,20.0,11.484,20.761,11.921,20.734,11.906,20.756,11.918,20.746,11.913,0.9993,0.9961,0.9841,0.9775,-1.0,-1.0,-1.0,-1.0,-1.0,1.0,-999,-999,4259.0,3176.17,66.6294,156.625,3.28566,51.2356,0.344883,-999,-999,-999,-999,-999,2934554,124086346
25119,10.6716,LH2,-3.642,16.75,-3.632,7.51,PI-SIDIS,0.25,3.3,0.52,-0.8,22.071,11.629,22.931,12.082,22.77,11.997,22.794,12.01,22.746,11.985,0.9991,0.9957,0.9835,0.9785,-1.0,-1.0,-1.0,-1.0,-1.0,1.0,-999,-999,4702.0,3461.17,70.0629,154.401,3.12547,51.2668,0.337569,-999,-999,-999,-999,-999,3245425,131480066
25120,10.6716,Dummy,-3.642,16.75,-3.632,7.51,PI-SIDIS,0.25,3.3,0.52,-0.8,35.269,19.35,36.551,20.053,36.409,19.976,36.434,19.989,36.444,19.995,0.9991,0.9967,0.9823,0.9756,-1.0,-1.0,-1.0,-1.0,-1.0,1.0,-999,-999,5367.0,3596.0,75.2474,100.945,2.11229,51.2376,0.342322,-999,-999,-999,-999,-999,3767584,181526005
25121,10.6716,Dummy,-3.642,16.75,-3.632,7.51,PI-SIDIS,0.25,3.3,0.52,-0.8,37.216,19.37,38.577,20.078,38.593,20.087,38.616,20.099,38.632,20.107,0.9991,0.9963,0.9832,0.9758,-1.0,-1.0,-1.0,-1.0,-1.0,1.0,-999,-999,5672.0,3769.5,77.3892,100.239,2.05793,51.2159,0.349654,-999,-999,-999,-999,-999,3979648,198238892
25122,10.6716,LD2,-3.642,16.75,-6.538,10.305,PI-SIDIS,0.25,3.3,0.93,2.0,43.218,32.698,44.714,33.83,44.98,34.031,45.015,34.058,44.989,34.038,0.9989,0.9967,0.9875,0.9414,-1.0,-1.0,-1.0,-1.0,-1.0,1.0,-999,-999,7186.0,6744.17,85.2035,160.433,2.02685,51.1984,0.342505,-999,-999,-999,-999,-999,11795389,175290731
25123,10.6716,LD2,-3.642,16.75,-6.538,10.305,PI-SIDIS,0.25,3.3,0.93,2.0,-999,-999,-999,-999,-999,-999,-999,-999,-999,-999,-999,-999,-999,-999,-999,-999,-999,-999,-999,-999,-999,-999,-999,-999,-999,-999,-999,-999,-999,-999,-999,-999,-999,-999,-999,-999
25124,10.6716,LD2,-3.642,16.75,-6.538,10.305,PI-SIDIS,0.25,3.3,0.93,2.0,34.229,19.494,35.243,20.072,35.376,20.147,35.385,20.152,35.369,20.143,0.9991,0.9972,0.9892,0.9504,-1.0,-1.0,-1.0,-1.0,-1.0,1.0,-999,-999,5588.0,5411.67,74.9492,161.712,2.23964,51.2152,0.344932,-999,-999,-999,-999,-999,9329139,139564716
25125,10.6716,LD2,-3.642,16.75,-6.538,10.305,HMSDIS,0.25,3.3,-999,-999,17619.07,19.795,18141.476,20.382,18201.004,20.449,18207.616,20.457,18205.238,20.454,0.999,0.9965,-999,-999,-1.0,-1.0,-1.0,3.0,-1.0,-1.0,-999,-999,-999,-999,-999,164.779,0.165155,-999,-999,-999,-999,-999,-999,-999,4801830,71829729
25126,10.6716,LH2,-3.642,16.75,-6.538,10.305,PI-SIDIS,0.25,3.3,0.93,2.0,4.836,26.788,4.989,27.636,5.021,27.814,5.022,27.821,5.018,27.797,0.9983,0.9968,0.9888,0.9333,-1.0,-1.0,-1.0,-1.0,-1.0,1.0,-999,-999,263.0,251.833,16.2746,54.1806,3.50138,51.2319,0.338867,-999,-999,-999,-999,-999,695088,10540558
25127,10.6716,LH2,-3.642,16.75,-6.538,10.305,PI-SIDIS,0.25,3.3,0.93,2.0,65.302,40.564,67.229,41.762,67.674,42.038,67.703,42.056,67.672,42.037,0.9991,0.9963,0.9883,0.9379,-1.0,-1.0,-1.0,-1.0,-1.0,1.0,-999,-999,3821.0,3641.33,62.056,57.8035,0.985093,51.214,0.33402,-999,-999,-999,-999,-999,9351064,141494360
25128,10.6716,LH2,-3.642,16.75,-6.538,10.305,PI-SIDIS,0.25,3.3,0.93,2.0,62.805,40.389,64.601,41.544,65.024,41.815,65.044,41.828,64.998,41.798,0.999,0.9956,0.9888,0.9394,-1.0,-1.0,-1.0,-1.0,-1.0,1.0,-999,-999,3670.0,3505.0,60.8071,57.8199,1.0031,51.2134,0.337787,-999,-999,-999,-999,-999,8968728,135800818
25129,10.6716,LH2,-3.642,16.75,-6.538,10.305,PI-SIDIS,0.25,3.3,0.93,2.0,68.131,41.132,70.068,42.302,70.5,42.563,70.521,42.576,70.474,42.547,0.9989,0.9975,0.9887,0.9159,-1.0,-1.0,-1.0,-1.0,1.0,-1.0,-999,-999,4013.0,3860.0,63.5492,60.2277,0.991561,51.206,0.333998,-999,-999,-999,-999,-999,9725542,147219391
25130,10.6716,LH2,-3.642,16.75,-6.538,10.305,PI-SIDIS,0.25,3.3,0.93,2.0,2.622,21.027,2.697,21.631,2.705,21.693,2.706,21.702,2.704,21.691,0.9969,0.9987,0.9903,0.9221,-1.0,-1.0,-1.0,-1.0,1.0,-1.0,-999,-999,167.0,164.0,12.9422,66.1542,5.2206,51.25,0.312838,-999,-999,-999,-999,-999,378971,5733235
25131,10.6716,LH2,-3.642,16.75,-6.538,10.305,PI-SIDIS,0.25,3.3,0.93,2.0,42.666,23.611,43.851,24.267,43.968,24.332,43.993,24.345,43.978,24.337,0.9991,0.9972,0.9891,0.9448,-1.0,-1.0,-1.0,-1.0,-1.0,1.0,-999,-999,2538.0,2478.33,50.4772,59.8777,1.21955,51.2144,0.331071,-999,-999,-999,-999,-999,6158935,93283446
25132,10.6716,LH2,-3.642,16.75,-6.538,10.305,HMSDIS,0.25,3.3,-999,-999,32670.661,22.849,33550.704,23.464,33635.218,23.524,33651.915,23.535,33643.08,23.529,0.9991,0.9958,-999,-999,-1.0,-1.0,-1.0,2.0,-1.0,-1.0,-999,-999,-999,-999,-999,88.0546,0.0724829,-999,-999,-999,-999,-999,-999,-999,4715147,71389758
25133,10.6716,LH2,-3.642,16.75,-6.538,10.305,HMSDIS,0.25,3.3,-999,-999,19119.171,23.75,19633.024,24.388,19680.797,24.447,19689.479,24.458,19684.998,24.453,0.999,0.9972,-999,-999,-1.0,-1.0,5.0,-1.0,-1.0,-1.0,-999,-999,-999,-999,-999,87.9719,0.149917,-999,-999,-999,-999,-999,-999,-999,2755320,41778830
25134,10.6716,Dummy,-3.642,16.75,-6.538,10.305,PI-SIDIS,0.25,3.3,0.93,2.0,59.585,37.674,61.196,38.693,61.486,38.877,61.526,38.901,61.488,38.878,0.999,0.9972,0.988,0.9478,-1.0,-1.0,-1.0,-1.0,-1.0,1.0,-999,-999,2461.0,2374.0,49.7544,40.9735,0.858724,51.2097,0.332051,-999,-999,-999,-999,-999,6282129,96613574
25135,10.6716,Dummy,-3.642,16.75,-6.538,10.305,PI-SIDIS,0.25,3.3,0.93,2.0,62.877,38.435,64.596,39.486,64.912,39.679,64.954,39.705,64.93,39.69,0.9992,0.9973,0.991,0.9457,-1.0,-1.0,-1.0,-1.0,-1.0,1.0,-999,-999,2623.0,2525.67,51.3734,41.3788,0.841666,51.2066,0.34452,-999,-999,-999,-999,-999,6622423,101870178
25136,10.6716,Dummy,-3.642,16.75,-6.538,10.305,HMSDIS,0.25,3.3,-999,-999,17687.58,19.832,18180.001,20.384,18228.167,20.439,18233.526,20.445,18231.965,20.443,0.9991,0.9964,-999,-999,-1.0,-1.0,-1.0,2.0,-1.0,-1.0,-999,-999,-999,-999,-999,64.2393,0.0841035,-999,-999,-999,-999,-999,-999,-999,1874044,28721574
25137,10.6716,Dummy,-3.642,16.75,-6.538,10.305,HMSDIS,0.25,3.3,-999,-999,7119.269,16.321,7328.225,16.8,7351.475,16.853,7351.035,16.852,7346.12,16.841,0.9992,0.9978,-999,-999,-1.0,-1.0,5.0,-1.0,-1.0,-1.0,-999,-999,-999,-999,-999,64.5364,0.210253,-999,-999,-999,-999,-999,-999,-999,755440,11593036
25138,10.6716,LD2,-3.642,16.75,-4.868,10.305,PI-SIDIS,0.25,3.3,0.69,2.0,57.682,34.745,59.282,35.709,59.65,35.931,59.658,35.936,59.64,35.925,0.9988,0.9959,0.9862,0.9728,-1.0,-1.0,-1.0,-1.0,-1.0,1.0,-999,-999,19409.0,15683.0,141.527,272.414,2.45833,51.2107,0.344653,-999,-999,-999,-999,-999,15658002,227945227
25139,10.6716,LD2,-3.642,16.75,-4.868,10.305,PI-SIDIS,0.25,3.3,0.69,2.0,63.455,41.507,65.221,42.662,65.748,43.007,65.747,43.006,65.736,42.999,0.9988,0.9963,0.985,0.9717,-1.0,-1.0,-1.0,-1.0,-1.0,1.0,-999,-999,21938.0,17128.2,150.797,270.796,2.38409,51.2108,0.349618,-999,-999,-999,-999,-999,17225193,257074567
25140,10.6716,LD2,-3.642,16.75,-4.868,10.305,PI-SIDIS,0.25,3.3,0.69,2.0,67.186,42.687,69.073,43.886,69.519,44.169,69.518,44.168,69.466,44.136,0.9988,0.9962,0.9851,0.9711,-1.0,-1.0,-1.0,-1.0,-1.0,1.0,-999,-999,23316.0,18189.7,155.468,271.71,2.32232,51.2333,0.348573,-999,-999,-999,-999,-999,18239459,276521012
25141,10.6716,LD2,-3.642,16.75,-4.868,10.305,PI-SIDIS,0.25,3.3,0.69,2.0,40.007,23.504,41.244,24.23,41.013,24.094,41.03,24.104,40.945,24.054,0.9989,0.9965,0.9898,0.9778,-1.0,-1.0,-1.0,-1.0,-1.0,1.0,-999,-999,13191.0,11514.8,116.062,285.886,2.88154,51.2807,0.332114,-999,-999,-999,-999,-999,10924341,161137947
25142,10.6716,LD2,-3.642,16.75,-4.868,10.305,HMSDIS,0.25,3.3,-999,-999,22306.03,23.227,22998.235,23.948,22903.359,23.849,22918.394,23.865,22908.318,23.854,0.999,0.9965,-999,-999,-1.0,-1.0,-1.0,5.0,-1.0,-1.0,-999,-999,-999,-999,-999,164.999,0.189494,-999,-999,-999,-999,-999,-999,-999,6096202,89819371
25143,10.6716,LD2,-3.642,16.75,-4.868,10.305,SHMSDIS,0.15,1.7,-999,-999,15949.914,23.477,16438.446,24.196,16400.035,24.14,16410.031,24.154,16412.062,24.157,-999,-999,0.9912,0.9558,-1.0,65.0,-1.0,-1.0,-1.0,-1.0,-999,-999,-999,-999,-999,-207945.0,-288.018,-999,-999,-999,-999,-999,-999,-999,4351262,64308077
25144,10.6716,LD2,-3.642,16.75,-4.868,10.305,SHMSDIS,0.15,1.7,-999,-999,7945.671,24.658,8200.464,25.449,8189.001,25.413,8195.991,25.435,8192.063,25.423,-999,-999,0.9907,0.9561,-1.0,65.0,-1.0,-1.0,-1.0,-1.0,-999,-999,-999,-999,-999,-207643.0,-407.591,-999,-999,-999,-999,-999,-999,-999,2169187,32041931
25145,10.6716,LD2,-3.642,16.75,-4.868,10.305,HMSDIS,0.25,3.3,-999,-999,7476.887,19.661,7723.358,20.309,7718.533,20.296,7722.297,20.306,7718.7,20.296,0.9992,0.9965,-999,-999,-1.0,-1.0,-1.0,5.0,-1.0,-1.0,-999,-999,-999,-999,-999,165.455,0.327413,-999,-999,-999,-999,-999,-999,-999,2047520,30110729
25146,10.6716,LH2,-3.642,16.75,-4.868,10.305,PI-SIDIS,0.25,3.3,0.69,2.0,71.375,39.548,73.631,40.798,74.006,41.005,74.042,41.026,74.028,41.018,0.9991,0.9958,0.9886,0.9767,-1.0,-1.0,-1.0,-1.0,-1.0,1.0,-999,-999,10135.0,8938.33,101.658,124.424,1.41511,51.2249,0.337878,-999,-999,-999,-999,-999,10220460,146032039
25147,10.6716,LH2,-3.642,16.75,-4.868,10.305,PI-SIDIS,0.25,3.3,0.69,2.0,19.477,36.326,20.081,37.453,20.207,37.688,20.215,37.702,20.213,37.699,0.9994,0.9959,0.9887,0.9757,-1.0,-1.0,-1.0,-1.0,-1.0,1.0,-999,-999,2714.0,2393.5,52.6062,122.25,2.6869,51.2191,0.332862,-999,-999,-999,-999,-999,2787264,39717820
25148,10.6716,LH2,-3.642,16.75,-4.868,10.305,PI-SIDIS,0.25,3.3,0.69,2.0,60.896,38.863,62.88,40.128,63.184,40.322,63.195,40.33,63.115,40.278,0.9989,0.9962,0.9901,0.975,-1.0,-1.0,-1.0,-1.0,-1.0,1.0,-999,-999,8749.0,7747.33,94.4243,126.507,1.54186,51.241,0.337132,-999,-999,-999,-999,-999,8703906,124335850
25149,10.6716,LH2,-3.642,16.75,-4.868,10.305,PI-SIDIS,0.25,3.3,0.69,2.0,56.992,41.747,58.921,43.16,58.845,43.104,58.867,43.121,58.771,43.05,0.9991,0.9961,0.9885,0.9743,-1.0,-1.0,-1.0,-1.0,-1.0,1.0,-999,-999,8100.0,7151.83,90.8737,124.712,1.58463,51.2685,0.33172,-999,-999,-999,-999,-999,8137370,116400463
25150,10.6716,LH2,-3.642,16.75,-4.868,10.305,PI-SIDIS,0.25,3.3,0.69,2.0,78.09,43.199,80.823,44.711,80.987,44.801,81.04,44.831,81.051,44.837,0.999,0.9972,0.9891,0.9737,-1.0,-1.0,-1.0,-1.0,1.0,-1.0,-999,-999,11132.0,9925.83,106.457,126.314,1.35475,51.2364,0.33853,-999,-999,-999,-999,-999,11216442,160256211
25151,10.6716,LH2,-3.642,16.75,-4.868,10.305,PI-SIDIS,0.25,3.3,0.69,2.0,43.802,24.163,45.336,25.009,45.406,25.047,45.439,25.065,45.418,25.054,0.9989,0.9967,0.9897,0.9787,-1.0,-1.0,-1.0,-1.0,-1.0,1.0,-999,-999,6022.0,5626.17,78.0255,126.948,1.76055,51.2263,0.330611,-999,-999,-999,-999,-999,6369101,89842389
25152,10.6716,LH2,-3.642,16.75,-4.868,10.305,HMSDIS,0.25,3.3,-999,-999,19620.8,23.601,20325.51,24.449,20391.423,24.528,20401.053,24.54,20407.583,24.547,0.9991,0.9958,-999,-999,-1.0,-1.0,-1.0,5.0,-1.0,-1.0,-999,-999,-999,-999,-999,88.212,0.147375,-999,-999,-999,-999,-999,-999,-999,2857832,40330870
25153,10.6716,LH2,-3.642,16.75,-4.868,10.305,SHMSDIS,0.15,1.7,-999,-999,21388.415,24.416,22157.02,25.294,22169.584,25.308,22175.783,25.315,22148.489,25.284,-999,-999,0.992,0.9514,-1.0,65.0,-1.0,-1.0,-1.0,-1.0,-999,-999,-999,-999,-999,-107180.0,-178.034,-999,-999,-999,-999,-999,-999,-999,3114612,43943903
25154,10.6716,Dummy,-3.642,16.75,-4.868,10.305,PI-SIDIS,0.25,3.3,0.69,2.0,61.767,35.268,63.994,36.54,63.774,36.414,63.819,36.44,63.709,36.377,0.9991,0.9965,0.9896,0.9761,-1.0,-1.0,-1.0,-1.0,-1.0,1.0,-999,-999,5678.0,5167.33,75.9152,82.8029,1.21649,51.2642,0.33127,-999,-999,-999,-999,-999,6576276,102095554
25155,10.6716,Dummy,-3.642,16.75,-4.868,10.305,HMSDIS,0.25,3.3,-999,-999,34335.192,37.257,35564.994,38.591,35522.441,38.545,35557.938,38.584,35539.451,38.564,0.9991,0.9962,-999,-999,-1.0,-1.0,-1.0,5.0,-1.0,-1.0,-999,-999,-999,-999,-999,64.0221,0.0949148,-999,-999,-999,-999,-999,-999,-999,3650119,56633069
25156,10.6716,Dummy,-3.642,16.75,-4.868,10.305,SHMSDIS,0.15,1.7,-999,-999,34248.465,37.288,35478.975,38.627,35531.751,38.685,35564.095,38.72,35555.087,38.71,-999,-999,0.9912,0.9528,-1.0,65.0,-1.0,-1.0,-1.0,-1.0,-999,-999,-999,-999,-999,-86620.2,-126.532,-999,-999,-999,-999,-999,-999,-999,3643626,56482120
25157,10.6716,C,-3.642,16.75,-4.868,10.305,PI-SIDIS,0.25,3.3,0.69,2.0,27.454,41.169,28.456,42.671,28.624,42.923,28.641,42.949,28.624,42.923,0.9991,0.9967,0.9891,0.9758,-1.0,-1.0,-1.0,-1.0,-1.0,1.0,-999,-999,5141.0,4412.17,72.5429,159.067,2.61532,51.2099,0.33881,-999,-999,-999,-999,-999,4873832,69992041
25158,10.6716,C,-3.642,16.75,-4.868,10.305,PI-SIDIS,0.25,3.3,0.69,2.0,-999,-999,-999,-999,-999,-999,-999,-999,-999,-999,-999,-999,-999,-999,-999,-999,-999,-999,-999,-999,-999,-999,-999,-999,-999,-999,-999,-999,-999,-999,-999,-999,-999,-999,-999,-999
25162,10.6716,C,-3.642,16.75,-4.868,10.305,PI-SIDIS,0.25,3.3,0.69,2.0,82.138,44.092,85.204,45.738,85.282,45.779,85.341,45.811,85.356,45.819,0.9989,0.9964,0.9888,0.9757,-1.0,-1.0,-1.0,-1.0,-1.0,1.0,-999,-999,15126.0,12913.7,124.478,155.538,1.49927,51.226,0.337266,-999,-999,-999,-999,-999,14577895,205523884
25163,10.6716,Cu,-3.642,16.75,-4.868,10.305,PI-SIDIS,0.25,3.3,0.69,2.0,82.4,42.266,85.514,43.864,85.878,44.05,85.907,44.065,85.866,44.044,0.9989,0.9962,0.9888,0.9752,-1.0,-1.0,-1.0,-1.0,-1.0,1.0,-999,-999,8342.0,6994.33,92.556,83.9747,1.11124,51.2239,0.333772,-999,-999,-999,-999,-999,11148633,160223707
25164,10.6716,Cu,-3.642,16.75,-4.868,10.305,PI-SIDIS,0.25,3.3,0.69,2.0,83.539,40.849,86.734,42.411,86.55,42.321,86.589,42.34,86.451,42.273,0.999,0.9966,0.9885,0.9747,-1.0,-1.0,-1.0,-1.0,-1.0,1.0,-999,-999,8226.0,6880.83,91.9249,81.4844,1.0886,51.2644,0.324874,-999,-999,-999,-999,-999,11315228,162581645
25165,10.6716,Cu,-3.642,16.75,-4.868,10.305,PI-SIDIS,0.25,3.3,0.69,2.0,90.131,40.743,93.621,42.321,93.786,42.395,93.849,42.424,93.848,42.424,0.999,0.9963,0.9882,0.9747,-1.0,-1.0,-1.0,-1.0,-1.0,1.0,-999,-999,9147.0,7648.0,96.9373,83.9071,1.06351,51.2202,0.337817,-999,-999,-999,-999,-999,12234983,175738169
25166,10.6716,Cu,-3.642,16.75,-4.868,10.305,PI-SIDIS,0.25,3.3,0.69,2.0,80.39,41.55,83.502,43.158,83.882,43.355,83.928,43.378,83.913,43.371,0.999,0.9968,0.9886,0.9752,-1.0,-1.0,-1.0,-1.0,-1.0,1.0,-999,-999,8092.0,6797.33,91.147,83.568,1.12058,51.2172,0.33412,-999,-999,-999,-999,-999,10894725,156539137
25167,10.6716,LH2,-3.642,16.75,-4.868,10.305,PI-SIDIS,0.25,3.3,0.69,2.0,72.061,42.097,74.883,43.745,74.663,43.616,74.719,43.649,74.673,43.622,0.999,0.9959,0.9894,0.9762,-1.0,-1.0,-1.0,-1.0,-1.0,1.0,-999,-999,10418.0,9256.0,103.013,126.76,1.41075,51.2604,0.328431,-999,-999,-999,-999,-999,10420055,146023259
25168,10.6716,LH2,-3.642,16.75,-4.868,10.305,PI-SIDIS,0.25,3.3,0.69,2.0,82.563,42.38,85.73,44.006,85.881,44.083,85.956,44.122,85.972,44.13,0.9991,0.9957,0.9888,0.9752,-1.0,-1.0,-1.0,-1.0,-1.0,1.0,-999,-999,11837.0,10494.0,109.822,125.646,1.31492,51.2392,0.329616,-999,-999,-999,-999,-999,11948601,167508469
25169,10.6716,LH2,-3.642,16.75,-4.868,10.305,PI-SIDIS,0.25,3.3,0.69,2.0,70.244,40.956,72.841,42.47,73.156,42.654,73.218,42.69,73.248,42.707,0.9988,0.9954,0.9893,0.9751,-1.0,-1.0,-1.0,-1.0,-1.0,1.0,-999,-999,9999.0,8849.17,100.949,124.753,1.42315,51.2272,0.334605,-999,-999,-999,-999,-999,10148891,142232232
25170,10.6716,LH2,-3.642,16.75,-4.868,10.305,PI-SIDIS,0.25,3.3,0.69,2.0,43.75,24.284,45.167,25.07,45.292,25.139,45.326,25.159,45.355,25.174,0.9993,0.9964,0.9901,0.9784,-1.0,-1.0,-1.0,-1.0,-1.0,1.0,-999,-999,6064.0,5659.83,78.303,128.172,1.77325,51.2268,0.3284,-999,-999,-999,-999,-999,6351462,88678718
25171,10.6716,Dummy,-3.642,16.75,-4.868,10.305,PI-SIDIS,0.25,3.3,0.69,2.0,56.694,35.735,58.548,36.904,58.863,37.102,58.908,37.131,58.912,37.133,0.9992,0.9962,0.9898,0.9756,-1.0,-1.0,-1.0,-1.0,-1.0,1.0,-999,-999,5336.0,4862.67,73.5859,85.2071,1.28942,51.2217,0.328411,-999,-999,-999,-999,-999,6019785,92294305
25178,10.6716,LD2,-3.642,16.75,-3.632,10.305,HMSDIS,0.25,3.3,-999,-999,16242.349,19.13,16773.377,19.756,16828.431,19.821,16834.708,19.828,16849.084,19.845,0.9991,0.9964,-999,-999,-1.0,-1.0,-1.0,5.0,-1.0,-1.0,-999,-999,-999,-999,-999,165.048,0.221909,-999,-999,-999,-999,-999,-999,-999,4447413,55154969
25181,10.6716,LH2,-3.642,16.75,-3.632,10.305,PI-SIDIS,0.25,3.3,0.52,2.0,81.108,45.751,83.703,47.214,83.611,47.163,83.631,47.174,83.465,47.08,0.999,0.9956,0.9839,0.9771,-1.0,-1.0,-1.0,-1.0,-1.0,1.0,-999,-999,17234.0,11832.0,134.664,144.858,1.64867,51.2732,0.336649,-999,-999,-999,-999,-999,11620526,151001607
25182,10.6716,LH2,-3.642,16.75,-3.632,10.305,PI-SIDIS,0.25,3.3,0.52,2.0,68.278,43.41,70.47,44.804,70.464,44.8,70.507,44.828,70.47,44.804,0.999,0.9957,0.9848,0.977,-1.0,-1.0,-1.0,-1.0,-1.0,1.0,-999,-999,14325.0,9834.0,122.774,143.019,1.78554,51.2531,0.338854,-999,-999,-999,-999,-999,9786948,126420016
25183,10.6716,LH2,-3.642,16.75,-3.632,10.305,PI-SIDIS,0.25,3.3,0.52,2.0,78.447,45.806,80.902,47.24,81.149,47.384,81.199,47.413,81.157,47.389,0.999,0.9971,0.9851,0.9771,-1.0,-1.0,-1.0,-1.0,1.0,-1.0,-999,-999,16627.0,12047.8,131.872,152.744,1.67189,51.2395,0.342991,-999,-999,-999,-999,-999,11235597,145738174
25184,10.6716,LH2,-3.642,16.75,-3.632,10.305,PI-SIDIS,0.25,3.3,0.52,2.0,42.875,24.305,44.25,25.084,44.271,25.096,44.299,25.112,44.297,25.111,0.999,0.9974,0.989,0.9817,-1.0,-1.0,-1.0,-1.0,1.0,-1.0,-999,-999,8059.0,6695.67,91.0287,154.289,2.09759,51.2456,0.33372,-999,-999,-999,-999,-999,6229866,75663160
25185,10.6716,LH2,-3.642,16.75,-3.632,10.305,PI-SIDIS,0.25,3.3,0.52,2.0,41.248,23.946,42.556,24.706,42.642,24.756,42.669,24.771,42.655,24.763,0.9991,0.9954,0.9882,0.982,-1.0,-1.0,-1.0,-1.0,-1.0,1.0,-999,-999,7838.0,6352.17,89.9202,152.148,2.15378,51.232,0.335755,-999,-999,-999,-999,-999,5992569,72617647
25186,10.6716,LH2,-3.642,16.75,-3.632,10.305,HMSDIS,0.25,3.3,-999,-999,20024.78,24.367,20667.797,25.149,20728.422,25.223,20739.39,25.236,20740.927,25.238,0.9991,0.996,-999,-999,-1.0,-1.0,-1.0,2.0,-1.0,-1.0,-999,-999,-999,-999,-999,88.1045,0.0923767,-999,-999,-999,-999,-999,-999,-999,2906384,35287983
25187,10.6716,LH2,-3.642,16.75,-3.632,10.305,PI-SIDIS,0.25,3.3,0.52,2.0,41.68,24.308,43.048,25.106,43.098,25.135,43.112,25.143,43.055,25.109,0.9991,0.9961,0.9883,0.9812,-1.0,-1.0,-1.0,-1.0,-1.0,1.0,-999,-999,7705.0,6219.83,89.1769,147.398,2.11332,51.2448,0.33611,-999,-999,-999,-999,-999,6053412,73503378
25188,10.6716,LH2,-3.642,16.75,-3.632,10.305,SHMSDIS,0.09,1.3,-999,-999,21230.444,24.238,21922.768,25.029,21811.221,24.901,21818.587,24.91,21757.583,24.84,-999,-999,0.9912,0.976,-1.0,33.0,-1.0,-1.0,-1.0,-1.0,-999,-999,-999,-999,-999,-95200.9,-120.24,-999,-999,-999,-999,-999,-999,-999,3085867,37441881
25189,10.6716,Dummy,-3.642,16.75,-3.632,10.305,PI-SIDIS,0.25,3.3,0.52,2.0,67.504,38.386,69.679,39.623,69.443,39.489,69.507,39.525,69.455,39.495,0.999,0.9964,0.9878,0.9812,-1.0,-1.0,-1.0,-1.0,-1.0,1.0,-999,-999,8724.0,6722.0,95.1718,98.4276,1.39356,51.2625,0.336515,-999,-999,-999,-999,-999,7163601,99839316
25190,10.6716,Dummy,-3.642,16.75,-3.632,10.305,PI-SIDIS,0.25,3.3,0.52,2.0,65.734,38.606,67.842,39.844,67.876,39.864,67.944,39.904,67.927,39.894,0.9991,0.9969,0.987,0.9806,-1.0,-1.0,-1.0,-1.0,-1.0,1.0,-999,-999,8503.0,6513.17,93.9928,98.001,1.41427,51.2474,0.330199,-999,-999,-999,-999,-999,6970109,97257008
25191,10.6716,Dummy,-3.642,16.75,-3.632,10.305,SHMSDIS,0.09,1.3,-999,-999,29072.641,36.721,30022.529,37.921,30108.279,38.029,30136.29,38.064,30143.763,38.074,-999,-999,0.9902,0.9728,-1.0,33.0,-1.0,-1.0,-1.0,-1.0,-999,-999,-999,-999,-999,-78714.3,-93.4757,-999,-999,-999,-999,-999,-999,-999,3086660,42906127
25192,10.6716,C,-3.642,16.75,-3.632,10.305,PI-SIDIS,0.25,3.3,0.52,2.0,74.068,46.811,76.625,48.427,77.219,48.802,77.24,48.816,77.216,48.801,0.9989,0.9963,0.9828,0.975,-1.0,-1.0,-1.0,-1.0,-1.0,1.0,-999,-999,21368.0,13544.8,150.572,181.57,2.01843,51.2218,0.349637,-999,-999,-999,-999,-999,13148762,178304014
25193,10.6716,C,-3.642,16.75,-3.632,10.305,PI-SIDIS,0.25,3.3,0.52,2.0,64.568,43.165,66.785,44.646,66.917,44.735,66.92,44.737,66.798,44.656,0.9989,0.9964,0.983,0.9756,-1.0,-1.0,-1.0,-1.0,-1.0,1.0,-999,-999,18318.0,11731.2,139.341,180.366,2.14236,51.2635,0.346443,-999,-999,-999,-999,-999,11458747,154814005
25194,10.6716,C,-3.642,16.75,-3.632,10.305,PI-SIDIS,0.25,3.3,0.52,2.0,72.842,45.615,75.415,47.226,75.443,47.244,75.48,47.267,75.424,47.231,0.999,0.9962,0.9832,0.9751,-1.0,-1.0,-1.0,-1.0,-1.0,1.0,-999,-999,20631.0,12983.8,148.005,176.853,2.01598,51.2554,0.348915,-999,-999,-999,-999,-999,12945229,175665373
25195,10.6716,Cu,-3.642,16.75,-3.632,10.305,PI-SIDIS,0.25,3.3,0.52,2.0,78.687,47.294,81.493,48.981,81.881,49.214,81.916,49.235,81.939,49.248,0.999,0.9968,0.9845,0.9761,-1.0,-1.0,-1.0,-1.0,-1.0,1.0,-999,-999,12847.0,7786.5,117.006,98.0253,1.473,51.2255,0.354103,-999,-999,-999,-999,-999,10652800,156189587
25196,10.6716,Cu,-3.642,16.75,-3.632,10.305,PI-SIDIS,0.25,3.3,0.52,2.0,66.228,43.291,68.602,44.843,69.093,45.164,69.116,45.179,69.103,45.171,0.9989,0.9968,0.984,0.9758,-1.0,-1.0,-1.0,-1.0,-1.0,1.0,-999,-999,10748.0,6639.5,106.924,99.328,1.5996,51.2244,0.352747,-999,-999,-999,-999,-999,8973634,131451641
25197,10.6716,Cu,-3.642,16.75,-3.632,10.305,PI-SIDIS,0.25,3.3,0.52,2.0,71.192,44.508,73.894,46.197,74.361,46.489,74.376,46.498,74.31,46.457,0.9989,0.9965,0.9843,0.9759,-1.0,-1.0,-1.0,-1.0,-1.0,1.0,-999,-999,11849.0,7361.83,112.236,102.237,1.55866,51.2305,0.347345,-999,-999,-999,-999,-999,9661746,141786015
25198,10.6716,Cu,-3.642,16.75,-3.632,10.305,PI-SIDIS,0.25,3.3,0.52,2.0,76.277,47.722,79.087,49.48,79.023,49.44,79.048,49.455,78.907,49.367,0.9989,0.9965,0.9837,0.9762,-1.0,-1.0,-1.0,-1.0,-1.0,1.0,-999,-999,12459.0,7465.5,115.288,96.8383,1.49545,51.2764,0.344509,-999,-999,-999,-999,-999,10353638,151961082
25200,10.6716,LD2,-3.642,16.75,-3.632,10.305,PI-SIDIS,0.25,3.3,0.52,2.0,47.568,27.757,49.28,28.756,49.331,28.786,49.376,28.813,49.356,28.801,0.9989,0.9962,0.9824,0.9763,-1.0,-1.0,-1.0,-1.0,-1.0,1.0,-999,-999,23247.0,14839.2,156.998,308.953,3.26871,51.2224,0.348272,-999,-999,-999,-999,-999,13041673,181149839
25201,10.6716,LD2,-3.642,16.75,-3.632,10.305,PI-SIDIS,0.25,3.3,0.52,2.0,53.834,29.198,55.817,30.273,56.01,30.378,56.06,30.405,56.044,30.396,0.999,0.9962,0.9831,0.9765,-1.0,-1.0,-1.0,-1.0,-1.0,1.0,-999,-999,26750.0,17058.0,168.42,313.454,3.09485,51.2168,0.346338,-999,-999,-999,-999,-999,14766551,206140792
25202,10.6716,LD2,-3.642,16.75,-3.632,10.305,PI-SIDIS,0.25,3.3,0.52,2.0,25.79,14.521,26.804,15.092,26.72,15.045,26.737,15.054,26.685,15.026,0.9991,0.9964,0.9875,0.9818,-1.0,-1.0,-1.0,-1.0,-1.0,1.0,-999,-999,10909.0,8462.33,106.38,321.89,4.0465,51.2595,0.340449,-999,-999,-999,-999,-999,7125090,91602542
25203,10.6716,LH2,-3.642,16.75,-3.632,10.305,PI-SIDIS,0.25,3.3,0.52,2.0,104.734,41.985,108.662,43.559,108.523,43.503,108.605,43.536,108.545,43.512,0.999,0.9955,0.9862,0.9791,-1.0,-1.0,-1.0,-1.0,-1.0,1.0,-999,-999,21574.0,15250.7,150.426,143.522,1.41563,51.2534,0.340549,-999,-999,-999,-999,-999,15049262,192908718
25204,10.6716,LH2,-3.642,16.75,-3.632,10.305,PI-SIDIS,0.25,3.3,0.52,2.0,42.962,21.509,44.602,22.331,44.64,22.35,44.664,22.362,44.672,22.366,0.9991,0.9957,0.9891,0.9823,-1.0,-1.0,-1.0,-1.0,-1.0,1.0,-999,-999,8008.0,6599.83,90.7893,150.785,2.07425,51.2309,0.334018,-999,-999,-999,-999,-999,6277068,75763709
25205,10.6716,LH2,-3.642,16.75,-2.615,10.305,PI-SIDIS,0.25,3.3,0.37,2.0,55.735,30.078,57.848,31.218,57.894,31.243,57.933,31.264,57.814,31.2,0.999,0.9956,0.9828,0.9758,-1.0,-1.0,-1.0,-1.0,-1.0,1.0,-999,-999,16065.0,9147.83,131.217,162.256,2.32741,51.24,0.34699,-999,-999,-999,-999,-999,8085655,97974686
25206,10.6716,LH2,-3.642,16.75,-2.615,10.305,PI-SIDIS,0.25,3.3,0.37,2.0,54.731,29.77,56.814,30.904,56.499,30.732,56.547,30.758,56.433,30.696,0.9991,0.9958,0.9827,0.9761,-1.0,-1.0,-1.0,-1.0,-1.0,1.0,-999,-999,15722.0,8916.5,129.832,160.968,2.34382,51.2694,0.342907,-999,-999,-999,-999,-999,7955115,96087334
25207,10.6716,LH2,-3.642,16.75,-2.615,10.305,PI-SIDIS,0.25,3.3,0.37,2.0,58.907,30.812,61.149,31.985,61.062,31.94,61.133,31.976,61.1,31.959,0.9992,0.9959,0.9829,0.9759,-1.0,-1.0,-1.0,-1.0,-1.0,1.0,-999,-999,17008.0,9628.33,135.048,161.511,2.26537,51.2349,0.347664,-999,-999,-999,-999,-999,8566935,103934656
25208,10.6716,LH2,-3.642,16.75,-2.615,10.305,PI-SIDIS,0.25,3.3,0.37,2.0,55.706,31.032,57.825,32.212,57.951,32.283,58.013,32.317,58.002,32.311,0.9991,0.9972,0.9832,0.9758,-1.0,-1.0,-1.0,-1.0,1.0,-1.0,-999,-999,16203.0,9974.5,131.305,176.933,2.32917,51.215,0.344345,-999,-999,-999,-999,-999,8102910,98165033
25210,10.6716,LH2,-3.642,16.75,-2.615,10.305,PI-SIDIS,0.25,3.3,0.37,2.0,27.901,15.163,29.02,15.771,29.061,15.794,29.072,15.8,29.082,15.805,0.9992,0.9956,0.9865,0.9803,-1.0,-1.0,-1.0,-1.0,-1.0,1.0,-999,-999,6569.0,4675.83,82.9731,164.509,2.91923,51.2285,0.33729,-999,-999,-999,-999,-999,4104111,45814648
25211,10.6716,LH2,-3.642,16.75,-2.615,10.305,PI-SIDIS,0.25,3.3,0.37,2.0,27.785,15.341,28.877,15.944,28.745,15.871,28.752,15.875,28.736,15.866,0.9992,0.9949,0.9846,0.9807,-1.0,-1.0,-1.0,-1.0,-1.0,1.0,-999,-999,6661.0,4794.33,83.4992,169.436,2.95094,51.2731,0.337503,-999,-999,-999,-999,-999,4083071,45796906
25212,10.6716,LH2,-3.642,16.75,-2.615,10.305,HMSDIS,0.25,3.3,-999,-999,13170.084,15.668,13696.298,16.294,13614.674,16.197,13623.563,16.207,13626.419,16.211,0.9991,0.9958,-999,-999,-1.0,-1.0,-1.0,2.0,-1.0,-1.0,-999,-999,-999,-999,-999,88.5344,0.113754,-999,-999,-999,-999,-999,-999,-999,1934497,21687282
25213,10.6716,LH2,-3.642,16.75,-2.615,10.305,SHMSDIS,0.06,0.9,-999,-999,12001.983,15.184,12481.938,15.792,12436.531,15.734,12443.505,15.743,12456.039,15.759,-999,-999,0.9905,0.9767,-1.0,33.0,-1.0,-1.0,-1.0,-1.0,-999,-999,-999,-999,-999,-98346.9,-162.02,-999,-999,-999,-999,-999,-999,-999,1765011,19917137
25214,10.6716,Dummy,-3.642,16.75,-2.615,10.305,PI-SIDIS,0.25,3.3,0.37,2.0,63.044,37.652,65.424,39.074,65.597,39.177,65.652,39.21,65.646,39.206,0.999,0.9966,0.9827,0.9752,-1.0,-1.0,-1.0,-1.0,-1.0,1.0,-999,-999,12084.0,6691.17,113.942,105.006,1.78812,51.2214,0.346472,-999,-999,-999,-999,-999,6728163,93518488
25215,10.6716,Dummy,-3.642,16.75,-2.615,10.305,HMSDIS,0.25,3.3,-999,-999,34040.074,38.189,35329.848,39.636,35478.716,39.803,35506.709,39.834,35498.801,39.825,0.999,0.9964,-999,-999,-1.0,-1.0,-1.0,3.0,-1.0,-1.0,-999,-999,-999,-999,-999,64.1729,0.0738555,-999,-999,-999,-999,-999,-999,-999,3630334,50565668
25216,10.6716,Dummy,-3.642,16.75,-2.615,10.305,SHMSDIS,0.06,0.9,-999,-999,33657.947,37.046,34909.952,38.424,35088.459,38.621,35113.674,38.648,35124.943,38.661,-999,-999,0.9873,0.9654,-1.0,65.0,-1.0,-1.0,-1.0,-1.0,-999,-999,-999,-999,-999,-82898.4,-125.035,-999,-999,-999,-999,-999,-999,-999,3585507,49996853
25217,10.6716,LH2,-3.642,16.75,-2.615,10.305,PI-SIDIS,0.25,3.3,0.37,2.0,54.665,30.746,56.753,31.92,56.915,32.011,56.956,32.035,56.903,32.005,0.9991,0.9957,0.9822,0.9755,-1.0,-1.0,-1.0,-1.0,-1.0,1.0,-999,-999,15706.0,8787.83,129.842,158.914,2.348,51.2273,0.336781,-999,-999,-999,-999,-999,7973190,96897193
25218,10.6716,LH2,-3.642,16.75,-2.615,10.305,PI-SIDIS,0.25,3.3,0.37,2.0,60.835,29.785,63.016,30.853,62.775,30.735,62.829,30.761,62.706,30.701,0.999,0.9955,0.9811,0.9758,-1.0,-1.0,-1.0,-1.0,-1.0,1.0,-999,-999,17246.0,9625.17,136.074,156.727,2.2157,51.2755,0.339078,-999,-999,-999,-999,-999,8856338,107580588
25219,10.6716,LH2,-3.642,16.75,-2.615,10.305,PI-SIDIS,0.25,3.3,0.37,2.0,62.495,30.862,64.645,31.924,64.514,31.859,64.594,31.899,64.569,31.886,0.9991,0.9958,0.9813,0.9761,-1.0,-1.0,-1.0,-1.0,-1.0,1.0,-999,-999,18203.0,10405.5,139.652,165.093,2.2157,51.2404,0.340862,-999,-999,-999,-999,-999,9079078,110798211
25220,10.6716,LH2,-3.642,16.75,-2.615,10.305,PI-SIDIS,0.25,3.3,0.37,2.0,30.084,15.502,31.117,16.035,31.074,16.012,31.094,16.023,31.11,16.031,0.9991,0.9954,0.9865,0.9806,-1.0,-1.0,-1.0,-1.0,-1.0,1.0,-999,-999,7261.0,5257.83,87.1485,172.483,2.8589,51.2379,0.333199,-999,-999,-999,-999,-999,4397854,48998277
25221,10.6716,LH2,-3.642,16.75,-2.615,10.305,PI-SIDIS,0.25,3.3,0.37,2.0,27.505,15.564,28.445,16.096,28.433,16.089,28.451,16.1,28.481,16.116,0.9992,0.9965,0.9853,0.9811,-1.0,-1.0,-1.0,-1.0,-1.0,1.0,-999,-999,6550.0,4676.5,82.8387,167.715,2.97088,51.2372,0.340051,-999,-999,-999,-999,-999,4024166,45183860
25222,10.6716,Dummy,-3.642,16.75,-2.615,10.305,PI-SIDIS,0.25,3.3,0.37,2.0,70.952,37.938,73.186,39.133,73.42,39.258,73.481,39.291,73.447,39.273,0.999,0.996,0.983,0.9758,-1.0,-1.0,-1.0,-1.0,-1.0,1.0,-999,-999,13550.0,7530.17,120.637,105.575,1.69137,51.2264,0.340792,-999,-999,-999,-999,-999,7531702,104542554
25227,10.6716,LD2,-3.642,16.75,6.538,10.305,PI+SIDIS,0.25,3.3,0.93,2.0,90.71,48.394,93.424,49.842,94.138,50.223,94.163,50.236,94.055,50.179,0.999,0.996,0.9877,0.9761,-1.0,-1.0,-1.0,-1.0,-1.0,1.0,-999,-999,27962.0,26496.3,167.947,290.91,1.84393,51.2127,0.343251,-999,-999,-999,-999,-999,24783016,9738431
25228,10.6716,LD2,-3.642,16.75,6.538,10.305,PI+SIDIS,0.25,3.3,0.93,2.0,75.719,46.584,78.054,48.02,78.665,48.396,78.685,48.409,78.589,48.349,0.9988,0.9961,0.9896,0.9755,-1.0,-1.0,-1.0,-1.0,-1.0,1.0,-999,-999,23048.0,21851.7,152.471,287.387,2.00525,51.2171,0.340077,-999,-999,-999,-999,-999,20694425,10579725
25229,10.6716,LD2,-3.642,16.75,6.538,10.305,PI+SIDIS,0.25,3.3,0.93,2.0,38.66,24.273,39.839,25.013,39.949,25.082,39.962,25.09,39.897,25.049,0.9992,0.9965,0.9913,0.9812,-1.0,-1.0,-1.0,-1.0,-1.0,1.0,-999,-999,11726.0,11402.2,108.536,291.946,2.77899,51.2248,0.342721,-999,-999,-999,-999,-999,10580475,3846985
25230,10.6716,LD2,-3.642,16.75,6.538,10.305,PI+SIDIS,0.25,3.3,0.93,2.0,32.78,24.377,33.771,25.115,33.642,25.019,33.652,25.026,33.552,24.952,0.9991,0.9949,0.9916,0.982,-1.0,-1.0,-1.0,-1.0,-1.0,1.0,-999,-999,9675.0,9407.0,98.5884,283.931,2.97569,51.2674,0.334046,-999,-999,-999,-999,-999,8969278,3229042
25232,10.6716,LD2,-3.642,16.75,6.538,10.305,HMSDIS,0.25,3.3,-999,-999,18287.493,23.53,18867.338,24.276,18759.198,24.137,18772.523,24.154,18738.797,24.11,0.9991,0.9968,-999,-999,-1.0,-1.0,-1.0,5.0,-1.0,-1.0,-999,-999,-999,-999,-999,165.475,0.209503,-999,-999,-999,-999,-999,-999,-999,5011926,1839942
25233,10.6716,LH2,-3.642,16.75,6.538,10.305,PI+SIDIS,0.25,3.3,0.93,2.0,74.947,46.551,77.288,48.006,77.436,48.098,77.479,48.124,77.401,48.076,0.999,0.9951,0.99,0.9799,-1.0,-1.0,-1.0,-1.0,-1.0,1.0,-999,-999,13205.0,12900.0,115.134,170.514,1.52186,51.2348,0.341661,-999,-999,-999,-999,-999,10762287,4297445
25234,10.6716,LH2,-3.642,16.75,6.538,10.305,PI+SIDIS,0.25,3.3,0.93,2.0,79.789,45.902,82.4,47.404,82.794,47.63,82.833,47.653,82.708,47.58,0.9991,0.9956,0.9873,0.9813,-1.0,-1.0,-1.0,-1.0,-1.0,1.0,-999,-999,14047.0,13696.0,118.767,169.547,1.47025,51.2158,0.34156,-999,-999,-999,-999,-999,11471282,4587093
25235,10.6716,LH2,-3.642,16.75,6.538,10.305,PI+SIDIS,0.25,3.3,0.93,2.0,80.652,47.473,83.301,49.032,83.875,49.37,83.9,49.384,83.819,49.337,0.9991,0.9965,0.9879,0.9799,-1.0,-1.0,-1.0,-1.0,1.0,-1.0,-999,-999,13962.0,13652.0,118.379,167.429,1.45181,51.2094,0.341532,-999,-999,-999,-999,-999,11587566,4763340
25236,10.6716,LH2,-3.642,16.75,6.538,10.305,PI+SIDIS,0.25,3.3,0.93,2.0,41.381,24.016,42.789,24.833,42.826,24.855,42.844,24.865,42.756,24.814,0.9992,0.9947,0.9929,0.9838,-1.0,-1.0,-1.0,-1.0,-1.0,1.0,-999,-999,7212.0,7116.17,85.0175,169.186,2.02128,51.2327,0.33492,-999,-999,-999,-999,-999,6035841,1873935
25237,10.6716,LH2,-3.642,16.75,6.538,10.305,PI+SIDIS,0.25,3.3,0.93,2.0,42.185,24.42,43.578,25.226,43.311,25.072,43.332,25.084,43.196,25.005,0.9992,0.994,0.9904,0.9834,-1.0,-1.0,-1.0,-1.0,-1.0,1.0,-999,-999,7540.0,7450.67,86.9189,174.0,2.02987,51.2679,0.331267,-999,-999,-999,-999,-999,6149653,1954021
25238,10.6716,LH2,-3.642,16.75,6.538,10.305,HMSDIS,0.25,3.3,-999,-999,21017.18,24.194,21715.787,24.999,21591.22,24.855,21609.853,24.877,21574.153,24.836,0.9991,0.9961,-999,-999,-1.0,-1.0,-1.0,2.0,-1.0,-1.0,-999,-999,-999,-999,-999,88.3317,0.0902362,-999,-999,-999,-999,-999,-999,-999,3066914,972228
25239,10.6716,LH2,-3.642,16.75,6.538,10.305,SHMSDIS,0.29,2.3,-999,-999,22115.229,24.609,22862.425,25.441,22788.44,25.359,22811.249,25.384,22787.466,25.358,-999,-999,0.9903,0.9751,-1.0,3.0,-1.0,-1.0,-1.0,-1.0,-999,-999,-999,-999,-999,-604.262,-2.82963,-999,-999,-999,-999,-999,-999,-999,3230339,1022387
25240,10.6716,Dummy,-3.642,16.75,6.538,10.305,PI+SIDIS,0.25,3.3,0.93,2.0,65.08,37.75,67.37,39.078,67.539,39.176,67.599,39.211,67.543,39.178,0.9989,0.996,0.9905,0.9833,-1.0,-1.0,-1.0,-1.0,-1.0,1.0,-999,-999,5053.0,4935.17,71.2225,74.5831,1.07636,51.2172,0.337305,-999,-999,-999,-999,-999,6950111,2239969
25241,10.6716,Dummy,-3.642,16.75,6.538,10.305,PI+SIDIS,0.25,3.3,0.93,2.0,63.69,36.992,65.942,38.3,66.191,38.445,66.231,38.468,66.133,38.411,0.9992,0.9954,0.9932,0.9816,-1.0,-1.0,-1.0,-1.0,-1.0,1.0,-999,-999,4824.0,4703.0,69.6,72.7192,1.07618,51.2298,0.327623,-999,-999,-999,-999,-999,6797530,2131165
25243,10.6716,Dummy,-3.642,16.75,6.538,10.305,HMSDIS,0.25,3.3,-999,-999,37985.349,39.28,39283.248,40.622,39230.236,40.567,39247.992,40.586,39140.909,40.475,0.9991,0.9965,-999,-999,-1.0,-1.0,-1.0,3.0,-1.0,-1.0,-999,-999,-999,-999,-999,64.2231,0.0700645,-999,-999,-999,-999,-999,-999,-999,4048824,1265693
25244,10.6716,Dummy,-3.642,16.75,6.538,10.305,SHMSDIS,0.29,2.3,-999,-999,36565.972,37.462,37780.416,38.706,37615.703,38.537,37646.793,38.569,37542.066,38.462,-999,-999,0.9899,0.9742,-1.0,3.0,-1.0,-1.0,-1.0,-1.0,-999,-999,-999,-999,-999,-426.92,-1.85057,-999,-999,-999,-999,-999,-999,-999,3895344,1212388
25247,10.6716,C,-3.642,16.75,6.538,10.305,PI+SIDIS,0.25,3.3,0.93,2.0,92.028,46.155,95.389,47.841,96.073,48.184,96.111,48.203,96.02,48.157,0.9991,0.9958,0.989,0.9804,-1.0,-1.0,-1.0,-1.0,-1.0,1.0,-999,-999,14266.0,13712.7,119.826,146.779,1.28261,51.1991,0.338421,-999,-999,-999,-999,-999,16397831,6242809
25248,10.6716,C,-3.642,16.75,6.538,10.305,PI+SIDIS,0.25,3.3,0.93,2.0,91.914,44.371,95.124,45.921,95.183,45.949,95.222,45.968,94.962,45.843,0.999,0.9961,0.9915,0.9798,-1.0,-1.0,-1.0,-1.0,-1.0,1.0,-999,-999,14344.0,13787.3,120.153,148.086,1.29053,51.2525,0.333944,-999,-999,-999,-999,-999,16364180,6112695
25249,10.6716,C,-3.642,16.75,6.538,10.305,PI+SIDIS,0.25,3.3,0.93,2.0,43.141,24.375,44.641,25.223,44.381,25.076,44.418,25.097,44.36,25.064,0.9993,0.9961,0.992,0.9831,-1.0,-1.0,-1.0,-1.0,-1.0,1.0,-999,-999,6600.0,6463.0,81.3808,147.372,1.85568,51.2512,0.331639,-999,-999,-999,-999,-999,7663157,2157549
25250,10.6716,C,-3.642,16.75,6.538,10.305,HMSDIS,0.25,3.3,-999,-999,40426.894,24.083,41915.72,24.97,41857.623,24.935,41895.3,24.957,41865.845,24.94,0.9991,0.9967,-999,-999,-1.0,-1.0,-1.0,3.0,-1.0,-1.0,-999,-999,-999,-999,-999,107.287,0.0876679,-999,-999,-999,-999,-999,-999,-999,7199073,2092534
25251,10.6716,Cu,-3.642,16.75,6.538,10.305,PI+SIDIS,0.25,3.3,0.93,2.0,85.09,46.038,88.25,47.748,88.819,48.056,88.855,48.075,88.751,48.019,0.999,0.9959,0.9909,0.9788,-1.0,-1.0,-1.0,-1.0,-1.0,1.0,-999,-999,6514.0,6184.67,81.0487,71.6742,0.939275,51.212,0.337175,-999,-999,-999,-999,-999,11572343,5056487
25252,10.6716,Cu,-3.642,16.75,6.538,10.305,PI+SIDIS,0.25,3.3,0.93,2.0,83.872,47.425,86.795,49.078,86.588,48.961,86.615,48.976,86.34,48.821,0.999,0.9961,0.9865,0.9769,-1.0,-1.0,-1.0,-1.0,-1.0,1.0,-999,-999,6249.0,5932.33,79.3837,70.0382,0.937218,51.267,0.330389,-999,-999,-999,-999,-999,11392933,5018946
25253,10.6716,Cu,-3.642,16.75,6.538,10.305,HMSDIS,0.25,3.3,-999,-999,44932.74,48.893,46600.065,50.707,46572.706,50.678,46603.726,50.711,46553.225,50.656,0.999,0.9967,-999,-999,-1.0,-1.0,-1.0,5.0,-1.0,-1.0,-999,-999,-999,-999,-999,87.2999,0.100338,-999,-999,-999,-999,-999,-999,-999,6099397,2769270
25255,10.6716,LD2,-3.642,16.75,4.868,10.305,PI+SIDIS,0.25,3.3,0.69,2.0,75.13,44.173,77.931,45.819,78.329,46.053,78.365,46.075,78.293,46.032,0.9987,0.996,0.982,0.9715,-1.0,-1.0,-1.0,-1.0,-1.0,1.0,-999,-999,44289.0,36057.0,213.684,476.872,2.82608,51.2328,0.351452,-999,-999,-999,-999,-999,20669350,39539787
25256,10.6716,LD2,-3.642,16.75,4.868,10.305,PI+SIDIS,0.25,3.3,0.69,2.0,45.975,46.079,47.714,47.821,48.059,48.167,48.079,48.187,48.032,48.141,0.9987,0.9962,0.9819,0.9713,-1.0,-1.0,-1.0,-1.0,-1.0,1.0,-999,-999,26849.0,21751.8,166.429,470.451,3.59954,51.228,0.352586,-999,-999,-999,-999,-999,12649236,24781974
25257,10.6716,LD2,-3.642,16.75,4.868,10.305,PI+SIDIS,0.25,3.3,0.69,2.0,38.21,45.674,39.672,47.422,39.662,47.41,39.67,47.42,39.556,47.284,0.9988,0.9959,0.9815,0.9707,-1.0,-1.0,-1.0,-1.0,-1.0,1.0,-999,-999,22411.0,18156.2,152.053,472.538,3.95738,51.2834,0.345899,-999,-999,-999,-999,-999,10525622,18484158
25258,10.6716,LD2,-3.642,16.75,4.868,10.305,PI+SIDIS,0.25,3.3,0.69,2.0,49.492,24.174,51.002,24.912,50.996,24.908,51.037,24.928,51.005,24.913,0.999,0.9961,0.9862,0.9777,-1.0,-1.0,-1.0,-1.0,-1.0,1.0,-999,-999,27118.0,24274.2,166.108,487.381,3.33515,51.2578,0.33338,-999,-999,-999,-999,-999,13559779,10136403
25259,10.6716,LD2,-3.642,16.75,4.868,10.305,PI+SIDIS,0.25,3.3,0.69,2.0,46.594,24.572,47.891,25.256,47.852,25.235,47.893,25.257,47.858,25.239,0.999,0.996,0.9864,0.9779,-1.0,-1.0,-1.0,-1.0,-1.0,1.0,-999,-999,25169.0,22493.8,160.046,480.888,3.42158,51.2625,0.335985,-999,-999,-999,-999,-999,12734834,9552969
25260,10.6716,LD2,-3.642,16.75,4.868,10.305,HMSDIS,0.25,3.3,-999,-999,24573.037,23.765,25225.03,24.395,25192.901,24.364,25212.17,24.383,25196.344,24.368,0.999,0.9965,-999,-999,-1.0,-1.0,-1.0,5.0,-1.0,-1.0,-999,-999,-999,-999,-999,485.85,0.531501,-999,-999,-999,-999,-999,-999,-999,6708846,4967012
25261,10.6716,LD2,-3.642,16.75,4.868,10.305,SHMSDIS,0.15,1.7,-999,-999,23461.548,24.741,24084.068,25.397,24044.704,25.356,24061.877,25.374,24051.385,25.363,-999,-999,0.9856,0.9761,-1.0,33.0,-1.0,-1.0,-1.0,-1.0,-999,-999,-999,-999,-999,-9832.05,-36.9712,-999,-999,-999,-999,-999,-999,-999,6402101,4766217
25262,10.6716,LH2,-3.642,16.75,4.868,10.305,PI+SIDIS,0.25,3.3,0.69,2.0,102.139,50.239,104.765,51.531,105.078,51.685,105.133,51.711,105.045,51.668,0.9991,0.9958,0.9863,0.976,-1.0,-1.0,-1.0,-1.0,-1.0,1.0,-999,-999,30864.0,27533.0,177.255,269.576,1.7355,51.25,0.34017,-999,-999,-999,-999,-999,14550001,12043366
25263,10.6716,LH2,-3.642,16.75,4.868,10.305,PI+SIDIS,0.25,3.3,0.69,2.0,105.98,52.629,108.821,54.04,109.157,54.206,109.213,54.234,109.145,54.201,0.9989,0.9955,0.9859,0.9763,-1.0,-1.0,-1.0,-1.0,-1.0,1.0,-999,-999,32295.0,28755.5,181.342,271.014,1.70911,51.2533,0.339203,-999,-999,-999,-999,-999,15116906,12681710
25264,10.6716,LH2,-3.642,16.75,4.868,10.305,PI+SIDIS,0.25,3.3,0.69,2.0,115.605,52.065,118.775,53.493,119.12,53.648,119.183,53.677,119.132,53.654,0.999,0.997,0.9847,0.9759,-1.0,-1.0,-1.0,-1.0,1.0,-1.0,-999,-999,35557.0,32169.8,190.057,277.824,1.64136,51.2523,0.339153,-999,-999,-999,-999,-999,16519196,14335213
25265,10.6716,LH2,-3.642,16.75,4.868,10.305,PI+SIDIS,0.25,3.3,0.69,2.0,53.126,27.578,54.332,28.204,54.188,28.129,54.246,28.16,54.223,28.148,0.9992,0.9951,0.9866,0.981,-1.0,-1.0,-1.0,-1.0,-1.0,1.0,-999,-999,15887.0,14960.3,126.655,280.929,2.37836,51.2638,0.330633,-999,-999,-999,-999,-999,7672680,4754644
25266,10.6716,LH2,-3.642,16.75,4.868,10.305,PI+SIDIS,0.25,3.3,0.69,2.0,52.754,27.203,53.868,27.778,53.704,27.693,53.762,27.723,53.731,27.707,0.9991,0.9957,0.9878,0.9805,-1.0,-1.0,-1.0,-1.0,-1.0,1.0,-999,-999,15557.0,14614.2,125.356,276.959,2.37567,51.2558,0.330689,-999,-999,-999,-999,-999,7596572,4557046
25267,10.6716,LH2,-3.642,16.75,4.868,10.305,HMSDIS,0.25,3.3,-999,-999,26064.502,27.324,26702.081,27.993,26610.731,27.897,26644.203,27.932,26632.299,27.919,0.9991,0.996,-999,-999,-1.0,-1.0,-1.0,3.0,-1.0,-1.0,-999,-999,-999,-999,-999,303.458,0.342731,-999,-999,-999,-999,-999,-999,-999,3763883,2277126
25268,10.6716,LH2,-3.642,16.75,4.868,10.305,SHMSDIS,0.15,1.7,-999,-999,24719.582,27.367,25262.89,27.969,25173.257,27.869,25202.811,27.902,25185.618,27.883,-999,-999,0.9877,0.9803,-1.0,17.0,-1.0,-1.0,-1.0,-1.0,-999,-999,-999,-999,-999,-4673.06,-17.8431,-999,-999,-999,-999,-999,-999,-999,3560448,2156906
25269,10.6716,Dummy,-3.642,16.75,4.868,10.305,PI+SIDIS,0.25,3.3,0.69,2.0,66.842,38.332,68.362,39.204,68.222,39.124,68.295,39.166,68.25,39.14,0.9989,0.9959,0.988,0.9782,-1.0,-1.0,-1.0,-1.0,-1.0,1.0,-999,-999,10373.0,9602.83,102.476,143.768,1.53422,51.2535,0.338309,-999,-999,-999,-999,-999,7056878,4033318
25270,10.6716,Dummy,-3.642,16.75,4.868,10.305,HMSDIS,0.25,3.3,-999,-999,37873.015,38.918,38659.802,39.726,38581.294,39.645,38621.651,39.687,38608.18,39.673,0.999,0.9967,-999,-999,-1.0,-1.0,-1.0,3.0,-1.0,-1.0,-999,-999,-999,-999,-999,241.778,0.265707,-999,-999,-999,-999,-999,-999,-999,3988508,2269406
25271,10.6716,Dummy,-3.642,16.75,4.868,10.305,SHMSDIS,0.15,1.7,-999,-999,32315.076,37.711,33022.046,38.536,32952.863,38.455,32988.234,38.496,32976.436,38.482,-999,-999,0.988,0.9787,-1.0,17.0,-1.0,-1.0,-1.0,-1.0,-999,-999,-999,-999,-999,-3012.41,-12.5285,-999,-999,-999,-999,-999,-999,-999,3405091,1929526
25272,10.6716,C,-3.642,16.75,4.868,10.305,PI+SIDIS,0.25,3.3,0.69,2.0,89.5,52.498,91.614,53.737,91.771,53.83,91.825,53.861,91.814,53.855,0.999,0.9964,0.986,0.9755,-1.0,-1.0,-1.0,-1.0,-1.0,1.0,-999,-999,28036.0,24090.0,169.392,269.922,1.898,51.2529,0.342004,-999,-999,-999,-999,-999,15792763,12022496
25273,10.6716,C,-3.642,16.75,4.868,10.305,PI+SIDIS,0.25,3.3,0.69,2.0,94.696,53.354,97.127,54.724,97.337,54.842,97.397,54.876,97.381,54.867,0.9989,0.9964,0.9858,0.9753,-1.0,-1.0,-1.0,-1.0,-1.0,1.0,-999,-999,29944.0,25792.5,175.031,272.668,1.85036,51.2545,0.340557,-999,-999,-999,-999,-999,16719256,12812137
25274,10.6716,C,-3.642,16.75,4.868,10.305,HMSDIS,0.25,3.3,-999,-999,45044.056,50.415,46406.441,51.94,46522.905,52.07,46547.762,52.098,46518.72,52.066,0.9989,0.9966,-999,-999,-1.0,-1.0,-1.0,9.0,-1.0,-1.0,-999,-999,-999,-999,-999,404.741,0.544199,-999,-999,-999,-999,-999,-999,-999,7988387,6149034
25275,10.6716,Cu,-3.642,16.75,4.868,10.305,PI+SIDIS,0.25,3.3,0.69,2.0,95.51,53.169,98.456,54.809,98.791,54.996,98.835,55.02,98.807,55.004,0.9989,0.9968,0.9834,0.974,-1.0,-1.0,-1.0,-1.0,-1.0,1.0,-999,-999,15947.0,13390.5,127.957,139.822,1.33612,51.2382,0.34255,-999,-999,-999,-999,-999,12888937,12450089
25276,10.6716,Cu,-3.642,16.75,4.868,10.305,PI+SIDIS,0.25,3.3,0.69,2.0,93.999,53.031,97.086,54.773,97.497,55.004,97.534,55.025,97.473,54.991,0.999,0.9967,0.9862,0.9742,-1.0,-1.0,-1.0,-1.0,-1.0,1.0,-999,-999,16008.0,13462.8,128.188,142.522,1.35704,51.2414,0.343156,-999,-999,-999,-999,-999,12707222,18532809
25277,10.6716,Cu,-3.642,16.75,4.868,10.305,PI+SIDIS,0.25,3.3,0.69,2.0,91.441,52.014,94.531,53.771,94.965,54.018,95.012,54.045,94.941,54.004,0.9989,0.9967,0.9826,0.9734,-1.0,-1.0,-1.0,-1.0,-1.0,1.0,-999,-999,15426.0,12984.0,125.829,141.291,1.36926,51.2391,0.341911,-999,-999,-999,-999,-999,12374915,18603315
25278,10.6716,Cu,-3.642,16.75,4.868,10.305,HMSDIS,0.25,3.3,-999,-999,49442.582,52.156,51277.106,54.091,51530.875,54.359,51555.548,54.385,51498.849,54.325,0.9989,0.997,-999,-999,-1.0,-1.0,-1.0,5.0,-1.0,-1.0,-999,-999,-999,-999,-999,312.15,0.342003,-999,-999,-999,-999,-999,-999,-999,6706107,10148436
25279,10.6716,Dummy,-3.642,16.75,4.868,10.305,PI+SIDIS,0.25,3.3,0.69,2.0,67.814,38.87,70.07,40.164,70.223,40.252,70.276,40.282,70.196,40.236,0.999,0.9956,0.9854,0.9793,-1.0,-1.0,-1.0,-1.0,-1.0,1.0,-999,-999,10549.0,9767.33,103.341,142.494,1.50761,51.2368,0.339521,-999,-999,-999,-999,-999,7218808,6030963
25280,10.6716,LD2,-3.642,16.75,3.632,10.305,PI+SIDIS,0.25,3.3,0.52,2.0,34.284,19.494,35.622,20.255,35.718,20.309,35.721,20.311,35.713,20.306,0.9991,0.9967,0.9822,0.9727,-1.0,-1.0,-1.0,-1.0,-1.0,1.0,-999,-999,22198.0,16785.0,151.987,485.049,4.3921,51.227,0.347035,-999,-999,-999,-999,-999,9488651,14550960
25281,10.6716,LD2,-3.642,16.75,3.632,10.305,PI+SIDIS,0.25,3.3,0.52,2.0,34.514,19.591,35.862,20.357,35.72,20.276,35.728,20.28,35.668,20.246,0.999,0.9966,0.9819,0.973,-1.0,-1.0,-1.0,-1.0,-1.0,1.0,-999,-999,22924.0,17506.2,154.36,502.377,4.42968,51.2733,0.343667,-999,-999,-999,-999,-999,9546024,14712370
25282,10.6716,LD2,-3.642,16.75,3.632,10.305,PI+SIDIS,0.25,3.3,0.52,2.0,16.217,9.704,16.909,10.118,16.798,10.052,16.828,10.07,16.807,10.057,0.9992,0.9966,0.9843,0.9784,-1.0,-1.0,-1.0,-1.0,-1.0,1.0,-999,-999,9670.0,8377.33,99.4256,506.821,6.01515,51.2598,0.337766,-999,-999,-999,-999,-999,4510566,4849562
25283,10.6716,LD2,-3.642,16.75,3.632,10.305,PI+SIDIS,0.25,3.3,0.52,2.0,17.503,9.766,18.25,10.183,18.184,10.146,18.216,10.164,18.202,10.156,0.9993,0.9966,0.9872,0.9776,-1.0,-1.0,-1.0,-1.0,-1.0,1.0,-999,-999,10419.0,8985.83,103.237,504.054,5.791,51.2422,0.335243,-999,-999,-999,-999,-999,4866854,5265610
25284,10.6716,LD2,-3.642,16.75,3.632,10.305,HMSDIS,0.25,3.3,-999,-999,7807.832,9.591,8142.424,10.002,8128.241,9.984,8140.14,9.999,8132.969,9.99,0.9992,0.997,-999,-999,-1.0,-1.0,-1.0,2.0,-1.0,-1.0,-999,-999,-999,-999,-999,471.295,0.574075,-999,-999,-999,-999,-999,-999,-999,2170421,2347318
25285,10.6716,LD2,-3.642,16.75,3.632,10.305,SHMSDIS,0.09,1.3,-999,-999,8657.694,9.759,9024.822,10.173,9015.308,10.162,9028.852,10.177,9024.936,10.173,-999,-999,0.9868,0.9794,-1.0,33.0,-1.0,-1.0,-1.0,-1.0,-999,-999,-999,-999,-999,-31912.8,-108.744,-999,-999,-999,-999,-999,-999,-999,2406340,2606711
25286,10.6716,LH2,-3.642,16.75,3.632,10.305,PI+SIDIS,0.25,3.3,0.52,2.0,71.278,40.584,73.976,42.121,74.383,42.353,74.431,42.38,74.386,42.354,0.999,0.9955,0.9811,0.9705,-1.0,-1.0,-1.0,-1.0,-1.0,1.0,-999,-999,26226.0,20090.8,165.071,280.126,2.30158,51.2147,0.350257,-999,-999,-999,-999,-999,10255127,17028496
25287,10.6716,LH2,-3.642,16.75,3.632,10.305,PI+SIDIS,0.25,3.3,0.52,2.0,63.87,38.304,66.284,39.751,66.41,39.827,66.439,39.845,66.309,39.767,0.999,0.9955,0.9809,0.9712,-1.0,-1.0,-1.0,-1.0,-1.0,1.0,-999,-999,23326.0,17956.0,155.631,279.311,2.42089,51.2427,0.346546,-999,-999,-999,-999,-999,9174249,14784421
25288,10.6716,LH2,-3.642,16.75,3.632,10.305,PI+SIDIS,0.25,3.3,0.52,2.0,65.983,39.775,68.485,41.283,68.295,41.169,68.346,41.199,68.22,41.124,0.9989,0.9971,0.9819,0.9706,-1.0,-1.0,-1.0,-1.0,1.0,-1.0,-999,-999,23954.0,19030.5,157.399,286.939,2.37325,51.2624,0.339651,-999,-999,-999,-999,-999,9460723,15318577
25289,10.6716,LH2,-3.642,16.75,3.632,10.305,PI+SIDIS,0.25,3.3,0.52,2.0,36.133,20.802,37.543,21.614,37.458,21.565,37.478,21.576,37.482,21.579,0.9992,0.9953,0.9854,0.9764,-1.0,-1.0,-1.0,-1.0,-1.0,1.0,-999,-999,12204.0,10482.8,111.763,286.223,3.05156,51.2458,0.334725,-999,-999,-999,-999,-999,5300401,5987272
25290,10.6716,LH2,-3.642,16.75,3.632,10.305,PI+SIDIS,0.25,3.3,0.52,2.0,34.172,20.629,35.513,21.438,35.532,21.45,35.546,21.458,35.568,21.471,0.9992,0.996,0.9852,0.9753,-1.0,-1.0,-1.0,-1.0,-1.0,1.0,-999,-999,11401.0,9777.33,108.035,282.516,3.12167,51.2311,0.336569,-999,-999,-999,-999,-999,5009040,5741464
25291,10.6716,LH2,-3.642,16.75,3.632,10.305,HMSDIS,0.25,3.3,-999,-999,18786.953,20.993,19532.473,21.826,19573.874,21.873,19577.546,21.877,19592.561,21.893,0.9991,0.9958,-999,-999,-1.0,-1.0,-1.0,2.0,-1.0,-1.0,-999,-999,-999,-999,-999,384.249,0.414396,-999,-999,-999,-999,-999,-999,-999,2753358,3169424
25292,10.6716,LH2,-3.642,16.75,3.632,10.305,SHMSDIS,0.09,1.3,-999,-999,17895.273,20.956,18610.177,21.793,18667.98,21.861,18670.978,21.865,18683.195,21.879,-999,-999,0.9844,0.9771,-1.0,33.0,-1.0,-1.0,-1.0,-1.0,-999,-999,-999,-999,-999,-16424.1,-54.3922,-999,-999,-999,-999,-999,-999,-999,2624113,3024623
25293,10.6716,Dummy,-3.642,16.75,3.632,10.305,PI+SIDIS,0.25,3.3,0.52,2.0,64.86,37.685,67.417,39.17,67.255,39.077,67.292,39.098,67.163,39.023,0.9991,0.9959,0.9829,0.972,-1.0,-1.0,-1.0,-1.0,-1.0,1.0,-999,-999,12583.0,10158.3,113.961,155.19,1.741,51.2641,0.339055,-999,-999,-999,-999,-999,6955860,8862938
25294,10.6716,Dummy,-3.642,16.75,3.632,10.305,HMSDIS,0.25,3.3,-999,-999,29341.765,36.932,30510.999,38.403,30363.689,38.218,30390.883,38.252,30358.394,38.211,0.999,0.9963,-999,-999,-1.0,-1.0,-1.0,3.0,-1.0,-1.0,-999,-999,-999,-999,-999,86.2666,0.106805,-999,-999,-999,-999,-999,-999,-999,3144166,3966217
25295,10.6716,C,-3.642,16.75,3.632,10.305,PI+SIDIS,0.25,3.3,0.52,2.0,66.737,35.45,69.396,36.862,69.329,36.826,69.405,36.867,69.417,36.873,0.9989,0.996,0.9805,0.9679,-1.0,-1.0,-1.0,-1.0,-1.0,1.0,-999,-999,25758.0,19215.2,163.855,286.522,2.44328,51.237,0.34905,-999,-999,-999,-999,-999,11904101,17208813
25296,10.6716,C,-3.642,16.75,3.632,10.305,PI+SIDIS,0.25,3.3,0.52,2.0,60.601,35.394,63.021,36.807,63.16,36.888,63.22,36.923,63.234,36.931,0.9989,0.996,0.9813,0.9669,-1.0,-1.0,-1.0,-1.0,-1.0,1.0,-999,-999,23226.0,17274.7,155.621,283.932,2.55783,51.2207,0.346749,-999,-999,-999,-999,-999,10806434,15518724
25297,10.6716,C,-3.642,16.75,3.632,10.305,HMSDIS,0.25,3.3,-999,-999,18233.696,33.409,18962.894,34.745,19036.362,34.88,19052.401,34.909,19056.826,34.917,0.999,0.9963,-999,-999,-1.0,-1.0,-1.0,5.0,-1.0,-1.0,-999,-999,-999,-999,-999,284.174,0.446263,-999,-999,-999,-999,-999,-999,-999,3254162,4647782
25298,10.6716,Cu,-3.642,16.75,3.632,10.305,PI+SIDIS,0.25,3.3,0.52,2.0,73.099,43.832,76.047,45.6,76.365,45.791,76.392,45.807,76.338,45.774,0.9989,0.9964,0.9775,0.9629,-1.0,-1.0,-1.0,-1.0,-1.0,1.0,-999,-999,16521.0,11148.5,131.971,152.49,1.80512,51.2379,0.348785,-999,-999,-999,-999,-999,9960495,18573842
25299,10.6716,Cu,-3.642,16.75,3.632,10.305,PI+SIDIS,0.25,3.3,0.52,2.0,20.117,45.735,20.933,47.589,20.916,47.55,20.921,47.563,20.89,47.491,0.9988,0.9964,0.9792,0.9631,-1.0,-1.0,-1.0,-1.0,-1.0,1.0,-999,-999,4698.0,3193.33,70.3475,158.652,3.49502,51.2766,0.345295,-999,-999,-999,-999,-999,2740092,5137295
25300,10.6716,Cu,-3.642,16.75,3.632,10.305,PI+SIDIS,0.25,3.3,0.52,2.0,81.239,44.817,84.579,46.66,85.227,47.017,85.252,47.031,85.411,47.119,0.9989,0.9963,0.9765,0.9608,-1.0,-1.0,-1.0,-1.0,-1.0,1.0,-999,-999,18801.0,12753.0,140.744,157.107,1.73386,51.2216,0.352696,-999,-999,-999,-999,-999,11098425,20915345
25301,10.6716,Cu,-3.642,16.75,3.632,10.305,PI+SIDIS,0.25,3.3,0.52,2.0,56.617,42.412,58.955,44.164,59.42,44.512,59.436,44.524,59.523,44.59,0.9989,0.9962,0.9783,0.9614,-1.0,-1.0,-1.0,-1.0,-1.0,1.0,-999,-999,13153.0,9029.33,117.645,159.481,2.0779,51.2329,0.345949,-999,-999,-999,-999,-999,7721456,14345778
25302,10.6716,Cu,-3.642,16.75,3.632,10.305,HMSDIS,0.25,3.3,-999,-999,36597.431,43.211,38107.75,44.994,38405.975,45.346,38416.555,45.359,38484.518,45.439,0.999,0.9964,-999,-999,-1.0,-1.0,-1.0,5.0,-1.0,-1.0,-999,-999,-999,-999,-999,337.456,0.428448,-999,-999,-999,-999,-999,-999,-999,4987680,9247613
25303,10.6716,Al,-3.642,16.75,3.632,10.305,PI+SIDIS,0.25,3.3,0.52,2.0,70.563,46.748,73.482,48.681,74.136,49.114,74.145,49.12,74.242,49.185,0.9992,0.9957,0.986,0.9745,-1.0,-1.0,-1.0,-1.0,-1.0,1.0,-999,-999,6803.0,6055.67,83.2319,84.6411,1.16335,51.2404,0.3363,-999,-999,-999,-999,-999,4075565,2585293
25305,10.6716,Al,-3.642,16.75,3.632,10.305,PI+SIDIS,0.25,3.3,0.52,2.0,111.793,46.509,116.409,48.43,117.417,48.849,117.435,48.856,117.643,48.943,0.9992,0.995,0.9844,0.9746,-1.0,-1.0,-1.0,-1.0,-1.0,1.0,-999,-999,11101.0,9963.33,106.257,87.8985,0.937423,51.235,0.336128,-999,-999,-999,-999,-999,6455591,4040704
25306,10.6716,Al,-3.642,16.75,3.632,10.305,PI+SIDIS,0.25,3.3,0.52,2.0,55.664,44.674,57.984,46.536,58.26,46.757,58.278,46.772,58.33,46.814,0.9991,0.9948,0.9846,0.9757,-1.0,-1.0,-1.0,-1.0,-1.0,1.0,-999,-999,5485.0,4906.67,74.7087,86.8137,1.32182,51.2386,0.331247,-999,-999,-999,-999,-999,3221834,1965029
25308,10.6716,Al,-3.642,16.75,3.632,10.305,HMSDIS,0.25,3.3,-999,-999,21396.478,24.445,22295.863,25.472,22327.489,25.508,22339.42,25.522,22355.296,25.54,0.9991,0.996,-999,-999,-1.0,-1.0,-1.0,1.0,-1.0,-1.0,-999,-999,-999,-999,-999,145.324,0.165263,-999,-999,-999,-999,-999,-999,-999,1238285,618661
25309,10.6716,LD2,-3.642,16.75,3.632,10.305,PI+SIDIS,0.25,3.3,0.52,2.0,33.473,18.978,34.909,19.792,35.009,19.849,35.012,19.85,35.071,19.884,0.9989,0.9963,0.9814,0.9695,-1.0,-1.0,-1.0,-1.0,-1.0,1.0,-999,-999,21941.0,16699.5,151.045,494.128,4.46933,51.2299,0.345644,-999,-999,-999,-999,-999,9279636,13954369
25310,10.6716,LD2,-3.642,16.75,3.632,10.305,PI+SIDIS,0.25,3.3,0.52,2.0,9.024,19.431,9.413,20.268,9.44,20.327,9.439,20.324,9.453,20.354,0.999,0.9965,0.9805,0.9692,-1.0,-1.0,-1.0,-1.0,-1.0,1.0,-999,-999,6042.0,4628.67,79.231,508.072,8.6969,51.2365,0.347159,-999,-999,-999,-999,-999,2500094,3849266
25311,10.6716,LD2,-3.642,16.75,3.632,10.305,PI+SIDIS,0.25,3.3,0.52,2.0,22.443,18.682,23.428,19.502,23.438,19.51,23.435,19.508,23.449,19.519,0.9991,0.9964,0.9807,0.9696,-1.0,-1.0,-1.0,-1.0,-1.0,1.0,-999,-999,14840.0,11313.8,124.208,498.698,5.47493,51.2433,0.349507,-999,-999,-999,-999,-999,6230197,9250015
25312,10.6716,LD2,-3.642,16.75,3.632,10.305,PI+SIDIS,0.25,3.3,0.52,2.0,17.052,9.619,17.866,10.078,17.711,9.99,17.732,10.002,17.709,9.99,0.9991,0.996,0.983,0.9754,-1.0,-1.0,-1.0,-1.0,-1.0,1.0,-999,-999,10154.0,8765.0,101.909,503.464,5.8537,51.2877,0.328768,-999,-999,-999,-999,-999,4759197,5078959
25313,10.6716,LD2,-3.642,16.75,3.632,10.305,PI+SIDIS,0.25,3.3,0.52,2.0,17.366,9.725,18.19,10.187,18.069,10.119,18.096,10.134,18.106,10.139,0.9991,0.996,0.9849,0.9744,-1.0,-1.0,-1.0,-1.0,-1.0,1.0,-999,-999,10546.0,9139.17,103.829,516.133,5.86373,51.2595,0.342659,-999,-999,-999,-999,-999,4846979,5203701
25314,10.6716,LD2,-3.642,16.75,3.632,10.305,PI+SIDIS,0.25,3.3,0.52,2.0,14.521,18.291,15.16,19.096,15.147,19.079,15.15,19.083,15.178,19.119,0.999,0.9963,0.9817,0.9687,-1.0,-1.0,-1.0,-1.0,-1.0,1.0,-999,-999,9533.0,7290.5,99.5327,497.103,6.78664,51.2427,0.345556,-999,-999,-999,-999,-999,4034833,6137994
25315,10.6716,LH2,-3.642,16.75,3.632,10.305,PI+SIDIS,0.25,3.3,0.52,2.0,62.569,38.141,65.261,39.782,65.606,39.993,65.634,40.01,65.688,40.043,0.999,0.9952,0.9799,0.9674,-1.0,-1.0,-1.0,-1.0,-1.0,1.0,-999,-999,22811.0,17468.5,153.953,277.073,2.44189,51.2158,0.346034,-999,-999,-999,-999,-999,9054290,14935947
25316,10.6716,LH2,-3.642,16.75,3.632,10.305,PI+SIDIS,0.25,3.3,0.52,2.0,31.684,19.496,33.091,20.362,33.059,20.342,33.048,20.335,33.036,20.328,0.9991,0.9954,0.984,0.9744,-1.0,-1.0,-1.0,-1.0,-1.0,1.0,-999,-999,11034.0,9561.5,106.205,296.831,3.29705,51.2601,0.340327,-999,-999,-999,-999,-999,4662765,5276793
25317,10.6716,Dummy,-3.642,16.75,3.632,10.305,PI+SIDIS,0.25,3.3,0.52,2.0,64.316,37.037,67.108,38.646,66.829,38.485,66.871,38.509,66.815,38.476,0.9992,0.9958,0.983,0.9707,-1.0,-1.0,-1.0,-1.0,-1.0,1.0,-999,-999,12386.0,9929.5,113.117,152.573,1.73812,51.2675,0.337969,-999,-999,-999,-999,-999,6912749,8795490
25318,10.6716,LD2,-3.642,16.75,2.615,10.305,PI+SIDIS,0.25,3.3,0.37,2.0,15.686,8.741,16.453,9.169,16.42,9.15,16.451,9.167,16.452,9.168,0.9991,0.9961,0.9779,0.9702,-1.0,-1.0,-1.0,-1.0,-1.0,1.0,-999,-999,11006.0,7915.83,107.336,496.41,6.73115,51.2258,0.346312,-999,-999,-999,-999,-999,4385461,8199441
25319,10.6716,LD2,-3.642,16.75,2.615,10.305,PI+SIDIS,0.25,3.3,0.37,2.0,15.415,8.714,16.173,9.143,16.139,9.123,16.162,9.137,16.154,9.132,0.9991,0.9963,0.9775,0.9707,-1.0,-1.0,-1.0,-1.0,-1.0,1.0,-999,-999,10984.0,7948.0,107.191,506.726,6.83401,51.2395,0.345873,-999,-999,-999,-999,-999,4306159,8050422
25320,10.6716,LD2,-3.642,16.75,2.615,10.305,PI+SIDIS,0.25,3.3,0.37,2.0,4.946,8.739,5.189,9.169,5.155,9.11,5.163,9.122,5.156,9.111,0.999,0.9962,0.9782,0.9703,-1.0,-1.0,-1.0,-1.0,-1.0,1.0,-999,-999,3574.0,2593.33,61.1346,515.66,12.1561,51.2728,0.348638,-999,-999,-999,-999,-999,1381095,2574722
25321,10.6716,LD2,-3.642,16.75,2.615,10.305,PI+SIDIS,0.25,3.3,0.37,2.0,7.503,8.743,7.871,9.173,7.807,9.098,7.823,9.116,7.815,9.107,0.999,0.9962,0.9779,0.9683,-1.0,-1.0,-1.0,-1.0,-1.0,1.0,-999,-999,5414.0,3964.67,75.2034,520.802,9.87879,51.2616,0.337212,-999,-999,-999,-999,-999,2098059,3893503
25322,10.6716,LD2,-3.642,16.75,2.615,10.305,PI+SIDIS,0.25,3.3,0.37,2.0,8.612,4.814,9.098,5.086,9.027,5.046,9.024,5.045,9.036,5.052,0.9992,0.9965,0.9797,0.9743,-1.0,-1.0,-1.0,-1.0,-1.0,1.0,-999,-999,5627.0,4665.0,76.0745,526.729,8.58964,51.2433,0.336363,-999,-999,-999,-999,-999,2428691,3623671
25323,10.6716,LD2,-3.642,16.75,2.615,10.305,PI+SIDIS,0.25,3.3,0.37,2.0,8.529,4.809,9.012,5.081,8.974,5.06,8.969,5.057,8.984,5.066,0.9989,0.9961,0.9854,0.9741,-1.0,-1.0,-1.0,-1.0,-1.0,1.0,-999,-999,5560.0,4608.17,75.6217,525.535,8.62422,51.2243,0.34264,-999,-999,-999,-999,-999,2404687,3595762
25328,10.6716,LH2,-3.642,16.75,2.615,10.305,PI+SIDIS,0.25,3.3,0.37,2.0,30.397,18.506,31.824,19.375,31.67,19.281,31.662,19.276,31.616,19.248,0.9992,0.9955,0.9761,0.964,-1.0,-1.0,-1.0,-1.0,-1.0,1.0,-999,-999,12465.0,9056.33,114.163,295.492,3.72493,51.2637,0.343956,-999,-999,-999,-999,-999,4505083,8348759
25329,10.6716,LH2,-3.642,16.75,2.615,10.305,PI+SIDIS,0.25,3.3,0.37,2.0,34.326,18.979,35.921,19.86,35.802,19.795,35.814,19.801,35.838,19.814,0.9991,0.9954,0.9749,0.9635,-1.0,-1.0,-1.0,-1.0,-1.0,1.0,-999,-999,13870.0,9976.67,120.494,288.568,3.48521,51.2394,0.344189,-999,-999,-999,-999,-999,5088914,9656988
25330,10.6716,LH2,-3.642,16.75,2.615,10.305,PI+SIDIS,0.25,3.3,0.37,2.0,28.304,18.412,29.615,19.265,29.644,19.284,29.649,19.287,29.678,19.306,0.9991,0.9954,0.9762,0.9647,-1.0,-1.0,-1.0,-1.0,-1.0,1.0,-999,-999,11251.0,8084.67,108.53,283.281,3.80281,51.2157,0.349387,-999,-999,-999,-999,-999,4195239,8047373
25331,10.6716,LH2,-3.642,16.75,2.615,10.305,PI+SIDIS,0.25,3.3,0.37,2.0,35.544,19.14,37.18,20.021,37.275,20.072,37.272,20.07,37.287,20.078,0.9991,0.9969,0.9751,0.9646,-1.0,-1.0,-1.0,-1.0,1.0,-1.0,-999,-999,14376.0,10765.7,122.384,300.623,3.41747,51.2173,0.345708,-999,-999,-999,-999,-999,5259732,10226203
25333,10.6716,LH2,-3.642,16.75,2.615,10.305,PI+SIDIS,0.25,3.3,0.37,2.0,17.359,9.687,18.23,10.173,18.118,10.11,18.137,10.121,18.106,10.103,0.999,0.9956,0.977,0.9714,-1.0,-1.0,-1.0,-1.0,-1.0,1.0,-999,-999,6346.0,5287.17,80.7618,298.882,4.56545,51.2684,0.337594,-999,-999,-999,-999,-999,2595477,3745395
25334,10.6716,LH2,-3.642,16.75,2.615,10.305,PI+SIDIS,0.25,3.3,0.37,2.0,16.54,9.59,17.369,10.071,17.266,10.011,17.289,10.025,17.286,10.023,0.9992,0.995,0.9809,0.9695,-1.0,-1.0,-1.0,-1.0,-1.0,1.0,-999,-999,6056.0,5077.83,78.8608,301.814,4.68729,51.2455,0.340947,-999,-999,-999,-999,-999,2474910,3559279
25335,10.6716,LH2,-3.642,16.75,2.615,10.305,HMSDIS,0.25,3.3,-999,-999,8504.58,9.586,8933.854,10.069,8923.425,10.058,8934.546,10.07,8937.898,10.074,0.9992,0.9957,-999,-999,-1.0,-1.0,-1.0,1.0,-1.0,-1.0,-999,-999,-999,-999,-999,89.3241,0.100354,-999,-999,-999,-999,-999,-999,-999,1272232,1837642
25336,10.6716,Dummy,-3.642,16.75,2.615,10.305,PI+SIDIS,0.25,3.3,0.37,2.0,36.37,19.249,38.049,20.138,38.023,20.124,38.021,20.123,38.019,20.122,0.999,0.9958,0.9776,0.9655,-1.0,-1.0,-1.0,-1.0,-1.0,1.0,-999,-999,7872.0,5823.67,90.6277,158.699,2.46968,51.2397,0.340032,-999,-999,-999,-999,-999,3930057,6819514
25337,10.6716,C,-3.642,16.75,2.615,10.305,PI+SIDIS,0.25,3.3,0.37,2.0,17.122,9.624,17.983,10.107,17.838,10.026,17.865,10.041,17.861,10.039,0.999,0.9962,0.9789,0.9698,-1.0,-1.0,-1.0,-1.0,-1.0,1.0,-999,-999,6500.0,5158.67,81.9973,296.116,4.70679,51.2589,0.341804,-999,-999,-999,-999,-999,3087397,4527353
25338,10.6716,C,-3.642,16.75,2.615,10.305,PI+SIDIS,0.25,3.3,0.37,2.0,16.155,9.648,16.972,10.136,16.933,10.113,16.956,10.127,16.967,10.133,0.9992,0.9966,0.979,0.9681,-1.0,-1.0,-1.0,-1.0,-1.0,1.0,-999,-999,6294.0,5045.5,80.6355,307.325,4.91157,51.2237,0.336449,-999,-999,-999,-999,-999,2911606,4292438
25340,10.6716,Cu,-3.642,16.75,2.615,10.305,PI+SIDIS,0.25,3.3,0.37,2.0,28.053,14.44,29.395,15.13,29.326,15.095,29.339,15.102,29.319,15.091,0.9991,0.9964,0.9763,0.9659,-1.0,-1.0,-1.0,-1.0,-1.0,1.0,-999,-999,6737.0,4718.33,84.1038,166.349,2.96515,51.243,0.342096,-999,-999,-999,-999,-999,3871264,8330043
25341,10.6716,Cu,-3.642,16.75,2.615,10.305,PI+SIDIS,0.25,3.3,0.37,2.0,16.732,14.365,17.531,15.051,17.391,14.93,17.398,14.936,17.377,14.919,0.9992,0.9964,0.9751,0.966,-1.0,-1.0,-1.0,-1.0,-1.0,1.0,-999,-999,3901.0,2773.17,63.9451,163.902,3.77934,51.2736,0.335035,-999,-999,-999,-999,-999,2308695,4684389
25342,10.6716,Cu,-3.642,16.75,2.615,10.305,PI+SIDIS,0.25,3.3,0.37,2.0,21.999,14.51,23.053,15.205,22.879,15.09,22.887,15.095,22.856,15.075,0.999,0.9965,0.9781,0.9661,-1.0,-1.0,-1.0,-1.0,-1.0,1.0,-999,-999,5394.0,3822.83,75.2055,171.835,3.38045,51.2695,0.338486,-999,-999,-999,-999,-999,3042972,6411828
25343,10.6716,Dummy,-3.642,16.75,2.615,10.305,PI+SIDIS,0.25,3.3,0.37,2.0,28.655,19.454,29.985,20.357,29.885,20.289,29.896,20.297,29.936,20.323,0.999,0.9959,0.9779,0.9668,-1.0,-1.0,-1.0,-1.0,-1.0,1.0,-999,-999,6183.0,4579.33,80.3136,158.138,2.77347,51.2359,0.345378,-999,-999,-999,-999,-999,3098637,5319773
25344,10.6716,LD2,-3.642,16.75,2.615,10.305,PI+SIDIS,0.25,3.3,0.37,2.0,16.0,8.719,16.829,9.17,16.809,9.16,16.835,9.174,16.82,9.166,0.9992,0.9965,0.9762,0.9665,-1.0,-1.0,-1.0,-1.0,-1.0,1.0,-999,-999,11134.0,8023.33,107.946,493.755,6.64302,51.2208,0.347909,-999,-999,-999,-999,-999,4478687,8269506
25345,10.6716,LD2,-3.642,16.75,2.615,10.305,PI+SIDIS,0.25,3.3,0.37,2.0,9.099,8.715,9.572,9.168,9.52,9.118,9.534,9.131,9.52,9.117,0.9991,0.9958,0.9802,0.9668,-1.0,-1.0,-1.0,-1.0,-1.0,1.0,-999,-999,6336.0,4551.67,81.4456,492.372,8.81029,51.253,0.344578,-999,-999,-999,-999,-999,2546869,4701645
25356,10.6716,LH2,-3.642,16.75,3.632,13.51,PI+SIDIS,0.25,3.3,0.52,5.2,86.016,52.451,89.685,54.688,90.443,55.15,90.406,55.128,90.421,55.137,0.999,0.995,0.9825,0.9692,-1.0,-1.0,-1.0,-1.0,-1.0,1.0,-999,-999,22356.0,19264.7,151.232,222.654,1.74789,51.2094,0.345527,-999,-999,-999,-999,-999,12583856,5564869
25357,10.6716,LH2,-3.642,16.75,3.632,13.51,PI+SIDIS,0.25,3.3,0.52,5.2,83.389,53.392,86.915,55.649,87.635,56.111,87.625,56.104,87.608,56.093,0.9989,0.9942,0.9827,0.9688,-1.0,-1.0,-1.0,-1.0,-1.0,1.0,-999,-999,21700.0,18701.3,148.996,222.406,1.77194,51.2141,0.342887,-999,-999,-999,-999,-999,12183206,5415590
25358,10.6716,LH2,-3.642,16.75,3.632,13.51,PI+SIDIS,0.25,3.3,0.52,5.2,85.839,52.693,89.622,55.015,90.356,55.466,90.345,55.459,90.303,55.433,0.9989,0.9963,0.9825,0.9697,-1.0,-1.0,-1.0,-1.0,1.0,-1.0,-999,-999,22563.0,19868.3,151.697,228.869,1.74745,51.2103,0.34015,-999,-999,-999,-999,-999,12583917,5550011
25359,10.6716,LH2,-3.642,16.75,3.632,13.51,PI+SIDIS,0.25,3.3,0.52,5.2,49.025,28.695,51.047,29.878,51.216,29.977,51.242,29.992,51.198,29.966,0.9993,0.9952,0.9858,0.9741,-1.0,-1.0,-1.0,-1.0,-1.0,1.0,-999,-999,12321.0,11362.8,111.717,228.691,2.24845,51.2069,0.33893,-999,-999,-999,-999,-999,7210212,2294954
25360,10.6716,LH2,-3.642,16.75,3.632,13.51,PI+SIDIS,0.25,3.3,0.52,5.2,49.542,28.987,51.638,30.213,51.827,30.324,51.853,30.339,51.815,30.317,0.9992,0.9954,0.988,0.9752,-1.0,-1.0,-1.0,-1.0,-1.0,1.0,-999,-999,12544.0,11596.8,112.703,230.491,2.24,51.2074,0.340069,-999,-999,-999,-999,-999,7291666,2330621
25361,10.6716,LH2,-3.642,16.75,3.632,13.51,HMSDIS,0.25,3.3,-999,-999,18222.362,29.244,19009.784,30.507,19081.98,30.623,19090.27,30.636,19075.457,30.613,0.9991,0.9955,-999,-999,-1.0,-1.0,-1.0,2.0,-1.0,-1.0,-999,-999,-999,-999,-999,88.6046,0.0967563,-999,-999,-999,-999,-999,-999,-999,2683981,860042
25363,10.6716,LD2,-3.642,16.75,3.632,13.51,PI+SIDIS,0.25,3.3,0.52,5.2,57.359,36.15,59.846,37.717,60.238,37.964,60.25,37.972,60.202,37.941,0.9987,0.9957,0.982,0.9673,-1.0,-1.0,-1.0,-1.0,-1.0,1.0,-999,-999,27450.0,22120.5,168.34,382.876,2.91373,51.2017,0.349357,-999,-999,-999,-999,-999,15833629,8076133
25364,10.6716,LD2,-3.642,16.75,3.632,13.51,PI+SIDIS,0.25,3.3,0.52,5.2,78.087,43.26,81.377,45.082,81.984,45.418,81.996,45.425,81.943,45.396,0.9988,0.9954,0.9815,0.9662,-1.0,-1.0,-1.0,-1.0,-1.0,1.0,-999,-999,37958.0,30144.2,198.142,384.141,2.52502,51.2008,0.348209,-999,-999,-999,-999,-999,21518606,11458132
25365,10.6716,LD2,-3.642,16.75,3.632,13.51,PI+SIDIS,0.25,3.3,0.52,5.2,39.163,21.268,40.919,22.222,41.064,22.3,41.061,22.299,41.039,22.287,0.999,0.9957,0.9871,0.9734,-1.0,-1.0,-1.0,-1.0,-1.0,1.0,-999,-999,17737.0,15728.7,134.431,395.362,3.37911,51.2086,0.336224,-999,-999,-999,-999,-999,10856217,3915932
25366,10.6716,LD2,-3.642,16.75,3.632,13.51,PI+SIDIS,0.25,3.3,0.52,5.2,19.083,19.962,19.953,20.871,19.903,20.82,19.896,20.812,19.848,20.762,0.9991,0.9956,0.9852,0.9727,-1.0,-1.0,-1.0,-1.0,-1.0,1.0,-999,-999,8454.0,7467.0,92.8359,385.135,4.78831,51.2549,0.337371,-999,-999,-999,-999,-999,5294365,1902391
25367,10.6716,LD2,-3.642,16.75,3.632,13.51,HMSDIS,0.25,3.3,-999,-999,17243.63,19.994,18042.161,20.92,17979.838,20.848,17980.4,20.848,17972.643,20.839,0.999,0.9961,-999,-999,-1.0,-1.0,-1.0,3.0,-1.0,-1.0,-999,-999,-999,-999,-999,165.451,0.166151,-999,-999,-999,-999,-999,-999,-999,4788168,1717121
25368,10.6716,Dummy,-3.642,16.75,3.632,13.51,PI+SIDIS,0.25,3.3,0.52,5.2,62.278,36.102,65.089,37.731,65.232,37.815,65.266,37.834,65.207,37.8,0.9991,0.9958,0.9848,0.9716,-1.0,-1.0,-1.0,-1.0,-1.0,1.0,-999,-999,8497.0,7755.33,92.8472,122.752,1.46959,51.2097,0.343489,-999,-999,-999,-999,-999,6703726,2073211
25369,10.6716,Dummy,-3.642,16.75,3.632,13.51,HMSDIS,0.25,3.3,-999,-999,25123.856,36.082,26260.351,37.714,26369.958,37.872,26379.31,37.885,26354.474,37.849,0.999,0.996,-999,-999,-1.0,-1.0,-1.0,1.0,-1.0,-1.0,-999,-999,-999,-999,-999,64.4193,0.056744,-999,-999,-999,-999,-999,-999,-999,2701406,839541
25370,10.6716,C,-3.642,16.75,3.632,13.51,PI+SIDIS,0.25,3.3,0.52,5.2,3.588,30.931,3.753,32.351,3.774,32.529,3.775,32.539,3.774,32.535,0.9992,0.995,0.985,0.971,-1.0,-1.0,-1.0,-1.0,-1.0,1.0,-999,-999,825.0,713.5,29.0445,195.976,7.97761,51.1522,0.331327,-999,-999,-999,-999,-999,644739,219175
25371,10.6716,C,-3.642,16.75,3.632,13.51,PI+SIDIS,0.25,3.3,0.52,5.2,85.462,47.718,89.369,49.899,89.599,50.028,89.579,50.017,89.383,49.908,0.9989,0.996,0.9828,0.9691,-1.0,-1.0,-1.0,-1.0,-1.0,1.0,-999,-999,23136.0,19621.7,154.019,226.872,1.78081,51.2284,0.340571,-999,-999,-999,-999,-999,15288830,5965884
25372,10.6716,C,-3.642,16.75,3.632,13.51,PI+SIDIS,0.25,3.3,0.52,5.2,94.108,52.203,98.56,54.672,98.778,54.793,98.778,54.793,98.671,54.734,0.9989,0.9955,0.9814,0.9677,-1.0,-1.0,-1.0,-1.0,-1.0,1.0,-999,-999,25988.0,21500.3,163.511,225.782,1.71709,51.222,0.34908,-999,-999,-999,-999,-999,16928891,7219677
25373,10.6716,C,-3.642,16.75,3.632,13.51,HMSDIS,0.25,3.3,-999,-999,14705.219,26.393,15382.322,27.608,15383.362,27.61,15393.113,27.627,15380.71,27.605,0.9989,0.9963,-999,-999,-1.0,-1.0,-1.0,3.0,-1.0,-1.0,-999,-999,-999,-999,-999,107.424,0.145018,-999,-999,-999,-999,-999,-999,-999,2635587,789051
25374,10.6716,Cu,-3.642,16.75,3.632,13.51,PI+SIDIS,0.25,3.3,0.52,5.2,126.958,53.199,132.958,55.713,134.037,56.166,134.018,56.158,133.946,56.128,0.9988,0.9963,0.9828,0.9666,-1.0,-1.0,-1.0,-1.0,-1.0,1.0,-999,-999,19768.0,16070.7,142.773,125.236,1.11261,51.1942,0.349376,-999,-999,-999,-999,-999,17332032,8679711
25375,10.6716,Cu,-3.642,16.75,3.632,13.51,PI+SIDIS,0.25,3.3,0.52,5.2,84.685,51.521,88.698,53.963,89.306,54.333,89.281,54.317,89.151,54.238,0.9989,0.9962,0.9819,0.967,-1.0,-1.0,-1.0,-1.0,-1.0,1.0,-999,-999,13207.0,10719.5,116.712,125.146,1.36257,51.2073,0.339929,-999,-999,-999,-999,-999,11569718,5727133
25376,10.6716,Cu,-3.642,16.75,3.632,13.51,PI+SIDIS,0.25,3.3,0.52,5.2,81.504,51.407,85.378,53.851,85.329,53.819,85.318,53.813,85.091,53.67,0.9989,0.9964,0.9842,0.9673,-1.0,-1.0,-1.0,-1.0,-1.0,1.0,-999,-999,12673.0,10257.5,114.349,124.38,1.38656,51.2563,0.342156,-999,-999,-999,-999,-999,11140466,5496937
25378,10.6716,Cu,-3.642,16.75,3.632,13.51,HMSDIS,0.25,3.3,-999,-999,51150.604,52.977,53578.76,55.492,53686.195,55.603,53686.306,55.604,53674.839,55.592,0.9989,0.9964,-999,-999,-1.0,-1.0,-1.0,9.0,-1.0,-1.0,-999,-999,-999,-999,-999,81.2423,0.116964,-999,-999,-999,-999,-999,-999,-999,6983273,3473423
25379,10.6716,LD2,-3.642,16.75,3.632,13.51,PI+SIDIS,0.25,3.3,0.52,5.2,96.705,53.056,101.286,55.569,102.087,56.008,102.081,56.005,101.979,55.949,0.9986,0.9956,0.979,0.9639,-1.0,-1.0,-1.0,-1.0,-1.0,1.0,-999,-999,49111.0,36932.2,226.143,378.998,2.32068,51.2028,0.352644,-999,-999,-999,-999,-999,26750979,16525078
25380,10.6716,LD2,-3.642,16.75,3.632,13.51,PI+SIDIS,0.25,3.3,0.52,5.2,49.635,27.53,51.929,28.802,52.011,28.848,52.023,28.855,51.882,28.776,0.9989,0.996,0.9856,0.9724,-1.0,-1.0,-1.0,-1.0,-1.0,1.0,-999,-999,22909.0,19560.8,153.19,387.916,3.03794,51.2267,0.338341,-999,-999,-999,-999,-999,13747640,5695562
25381,10.6716,LH2,-3.642,16.75,3.632,13.51,PI+SIDIS,0.25,3.3,0.52,5.2,108.445,54.331,113.613,56.92,113.522,56.875,113.51,56.869,113.297,56.762,0.9991,0.9955,0.983,0.9714,-1.0,-1.0,-1.0,-1.0,-1.0,1.0,-999,-999,28283.0,24337.2,170.119,220.778,1.54326,51.2599,0.337884,-999,-999,-999,-999,-999,15957351,7039737
25382,10.6716,LH2,-3.642,16.75,3.632,13.51,PI+SIDIS,0.25,3.3,0.52,5.2,51.698,28.878,54.078,30.208,54.033,30.182,54.073,30.205,54.006,30.167,0.9991,0.9954,0.9865,0.976,-1.0,-1.0,-1.0,-1.0,-1.0,1.0,-999,-999,12952.0,11972.8,114.522,227.068,2.17193,51.2225,0.335946,-999,-999,-999,-999,-999,7648671,2432058
25383,10.6716,Dummy,-3.642,16.75,3.632,13.51,PI+SIDIS,0.25,3.3,0.52,5.2,75.339,38.152,78.77,39.889,79.049,40.031,79.071,40.042,78.937,39.974,0.9991,0.9956,0.9848,0.9718,-1.0,-1.0,-1.0,-1.0,-1.0,1.0,-999,-999,10389.0,9457.33,102.685,123.667,1.34275,51.2245,0.336917,-999,-999,-999,-999,-999,8106108,2543292
25384,10.6716,LH2,-3.642,16.75,3.632,16.81,PI+SIDIS,0.25,3.3,0.52,8.5,41.303,56.962,43.27,59.675,43.255,59.654,43.253,59.652,43.133,59.486,0.9989,0.9944,0.9906,0.9745,-1.0,-1.0,-1.0,-1.0,-1.0,1.0,-999,-999,5523.0,5151.0,74.7329,122.303,1.77442,51.2625,0.326916,-999,-999,-999,-999,-999,6076652,597529
25385,10.6716,LH2,-3.642,16.75,3.632,16.81,PI+SIDIS,0.25,3.3,0.52,8.5,118.588,54.222,124.21,56.793,124.805,57.065,124.813,57.069,124.68,57.008,0.999,0.9949,0.9848,0.9741,-1.0,-1.0,-1.0,-1.0,-1.0,1.0,-999,-999,16002.0,14952.2,127.189,123.703,1.05227,51.2218,0.33855,-999,-999,-999,-999,-999,17455514,1713785
25386,10.6716,LH2,-3.642,16.75,3.632,16.81,PI+SIDIS,0.25,3.3,0.52,8.5,117.142,52.152,122.681,54.618,123.648,55.048,123.62,55.036,123.447,54.958,0.9989,0.9955,0.9862,0.9732,-1.0,-1.0,-1.0,-1.0,-1.0,1.0,-999,-999,15790.0,14781.0,126.326,123.948,1.05932,51.2087,0.335734,-999,-999,-999,-999,-999,17245518,1690142
25387,10.6716,LH2,-3.642,16.75,3.632,16.81,PI+SIDIS,0.25,3.3,0.52,8.5,99.858,54.11,104.622,56.691,104.815,56.796,104.806,56.791,104.595,56.677,0.9988,0.9965,0.9852,0.9737,-1.0,-1.0,-1.0,-1.0,1.0,-1.0,-999,-999,13607.0,12832.0,117.201,126.147,1.15216,51.254,0.334012,-999,-999,-999,-999,-999,14709643,1443109
25388,10.6716,LH2,-3.642,16.75,3.632,16.81,PI+SIDIS,0.25,3.3,0.52,8.5,50.471,28.317,52.807,29.627,52.763,29.603,52.804,29.626,52.695,29.565,0.9994,0.9957,0.9844,0.9764,-1.0,-1.0,-1.0,-1.0,-1.0,1.0,-999,-999,6601.0,6366.83,81.4864,123.559,1.58138,51.2359,0.336045,-999,-999,-999,-999,-999,7465463,585808
25389,10.6716,LH2,-3.642,16.75,3.632,16.81,PI+SIDIS,0.25,3.3,0.52,8.5,49.747,28.283,52.054,29.594,52.112,29.627,52.153,29.651,52.039,29.586,0.9992,0.9948,0.9855,0.9767,-1.0,-1.0,-1.0,-1.0,-1.0,1.0,-999,-999,6459.0,6229.5,80.6055,122.63,1.58674,51.2227,0.329631,-999,-999,-999,-999,-999,7360378,576916
25391,10.6716,LH2,-3.642,16.75,3.632,16.81,HMSDIS,0.25,3.3,-999,-999,25248.697,28.633,26417.557,29.959,26471.323,30.02,26492.103,30.043,26441.575,29.986,0.9991,0.9955,-999,-999,-1.0,-1.0,-1.0,3.0,-1.0,-1.0,-999,-999,-999,-999,-999,88.6291,0.100506,-999,-999,-999,-999,-999,-999,-999,3731773,293405
25394,10.6716,Dummy,-3.642,16.75,3.632,16.81,PI+SIDIS,0.25,3.3,0.52,8.5,67.855,37.933,70.886,39.628,71.175,39.789,71.209,39.808,71.099,39.747,0.9987,0.9951,0.9875,0.9732,-1.0,-1.0,-1.0,-1.0,-1.0,1.0,-999,-999,4905.0,4683.83,70.2984,67.9861,1.02039,51.2353,0.332709,-999,-999,-999,-999,-999,7296033,618556
25395,10.6716,Dummy,-3.642,16.75,3.632,16.81,PI+SIDIS,0.25,3.3,0.52,8.5,59.357,36.757,61.983,38.383,62.199,38.517,62.229,38.535,62.103,38.458,0.9992,0.9954,0.9824,0.9731,-1.0,-1.0,-1.0,-1.0,-1.0,1.0,-999,-999,4176.0,3987.83,64.8642,66.1702,1.07629,51.2296,0.331281,-999,-999,-999,-999,-999,6378003,541445
25396,10.6716,LH2,-3.642,16.75,3.632,16.81,HMSDIS,0.25,3.3,-999,-999,9861.555,9.657,10355.452,10.14,10333.949,10.119,10348.374,10.134,10331.742,10.117,0.9992,0.9958,-999,-999,-1.0,-1.0,-1.0,1.0,-1.0,-1.0,-999,-999,-999,-999,-999,89.0604,0.0930923,-999,-999,-999,-999,-999,-999,-999,1472415,1786512
25397,10.6716,LH2,-3.642,16.75,3.632,16.81,HMSDIS,0.25,3.3,-999,-999,6182.78,19.488,6443.251,20.309,6442.795,20.308,6443.606,20.311,6442.17,20.306,0.9991,0.9957,-999,-999,-1.0,-1.0,-1.0,2.0,-1.0,-1.0,-999,-999,-999,-999,-999,89.1387,0.166414,-999,-999,-999,-999,-999,-999,-999,913542,1103043
25399,10.6716,LH2,-3.642,16.75,3.632,16.81,HMSDIS,0.25,3.3,-999,-999,7726.791,34.107,8061.263,35.583,8072.152,35.631,8077.442,35.654,8067.42,35.61,0.999,0.9953,-999,-999,-1.0,-1.0,-1.0,3.0,-1.0,-1.0,-999,-999,-999,-999,-999,88.5781,0.181877,-999,-999,-999,-999,-999,-999,-999,1138226,1379608
25400,10.6716,LH2,-3.642,16.75,3.632,16.81,HMSDIS,0.25,3.3,-999,-999,11842.397,43.856,12360.967,45.776,12402.744,45.931,12405.969,45.943,12389.651,45.883,0.999,0.9954,-999,-999,-1.0,-1.0,-1.0,5.0,-1.0,-1.0,-999,-999,-999,-999,-999,88.2457,0.189081,-999,-999,-999,-999,-999,-999,-999,1741367,2117003
25401,10.6716,LH2,-3.642,16.75,3.632,16.81,HMSDIS,0.25,3.3,-999,-999,11907.189,57.587,12459.238,60.257,12531.933,60.608,12531.608,60.607,12517.705,60.539,0.9988,0.9955,-999,-999,-1.0,-1.0,-1.0,5.0,-1.0,-1.0,-999,-999,-999,-999,-999,88.1347,0.188371,-999,-999,-999,-999,-999,-999,-999,1749721,2134555
25402,10.6716,LH2,-3.642,16.75,3.632,16.81,HMSDIS,0.25,3.3,-999,-999,13752.781,57.59,14380.271,60.217,14462.65,60.562,14464.181,60.569,14447.766,60.5,0.9991,0.9955,-999,-999,-1.0,-1.0,-1.0,5.0,-1.0,-1.0,-999,-999,-999,-999,-999,87.4025,0.174504,-999,-999,-999,-999,-999,-999,-999,2002743,2440691
25403,10.6716,LH2,-3.642,16.75,3.632,16.81,HMSDIS,0.25,3.3,-999,-999,10022.791,43.263,10454.339,45.126,10487.335,45.268,10492.371,45.29,10473.85,45.21,0.999,0.9952,-999,-999,-1.0,-1.0,-1.0,5.0,-1.0,-1.0,-999,-999,-999,-999,-999,88.219,0.205709,-999,-999,-999,-999,-999,-999,-999,1466936,1785055
25404,10.6716,LH2,-3.642,16.75,3.632,16.81,HMSDIS,0.25,3.3,-999,-999,10560.238,33.518,11018.095,34.971,11028.685,35.005,11038.586,35.036,11022.76,34.986,0.9991,0.9954,-999,-999,-1.0,-1.0,-1.0,5.0,-1.0,-1.0,-999,-999,-999,-999,-999,88.3425,0.200314,-999,-999,-999,-999,-999,-999,-999,1548934,1879548
25405,10.6716,LH2,-3.642,16.75,3.632,16.81,HMSDIS,0.25,3.3,-999,-999,5012.372,18.946,5241.699,19.813,5238.786,19.802,5239.412,19.804,5235.904,19.791,0.9992,0.9958,-999,-999,-1.0,-1.0,-1.0,3.0,-1.0,-1.0,-999,-999,-999,-999,-999,88.8343,0.225574,-999,-999,-999,-999,-999,-999,-999,740760,893994
25406,10.6716,LH2,-3.642,16.75,3.632,16.81,HMSDIS,0.25,3.3,-999,-999,3008.446,9.291,3160.712,9.761,3151.278,9.732,3157.217,9.75,3149.86,9.728,0.9991,0.9958,-999,-999,-1.0,-1.0,-1.0,1.0,-1.0,-1.0,-999,-999,-999,-999,-999,89.0527,0.168382,-999,-999,-999,-999,-999,-999,-999,448801,539082
25407,10.6716,LH2,-3.642,16.75,3.632,16.81,HMSDIS,0.25,3.3,-999,-999,3335.996,9.307,3506.342,9.782,3495.952,9.753,3502.427,9.771,3492.366,9.743,0.9992,0.9959,-999,-999,-1.0,-1.0,-1.0,1.0,-1.0,-1.0,-999,-999,-999,-999,-999,89.1861,0.160076,-999,-999,-999,-999,-999,-999,-999,498148,599400
25408,10.6716,LH2,-3.642,16.75,3.632,16.81,HMSDIS,0.25,3.3,-999,-999,3122.133,16.381,3268.501,17.149,3267.657,17.144,3267.504,17.144,3263.221,17.121,0.9992,0.9959,-999,-999,-1.0,-1.0,-1.0,2.0,-1.0,-1.0,-999,-999,-999,-999,-999,88.6335,0.233462,-999,-999,-999,-999,-999,-999,-999,461402,556324
25409,10.6716,LH2,-3.642,16.75,3.632,16.81,HMSDIS,0.25,3.3,-999,-999,7218.1,33.527,7535.964,35.003,7545.119,35.046,7550.307,35.07,7533.26,34.991,0.999,0.9956,-999,-999,-1.0,-1.0,-1.0,3.0,-1.0,-1.0,-999,-999,-999,-999,-999,88.1379,0.187666,-999,-999,-999,-999,-999,-999,-999,1056875,1283308
25410,10.6716,LH2,-3.642,16.75,3.632,16.81,HMSDIS,0.25,3.3,-999,-999,10947.737,43.182,11415.049,45.026,11450.937,45.167,11454.311,45.18,11429.841,45.084,0.9989,0.9956,-999,-999,-1.0,-1.0,-1.0,5.0,-1.0,-1.0,-999,-999,-999,-999,-999,87.5513,0.196098,-999,-999,-999,-999,-999,-999,-999,1594566,1937737
25411,10.6716,LH2,-3.642,16.75,3.632,16.81,HMSDIS,0.25,3.3,-999,-999,15290.819,57.596,15977.534,60.182,16067.603,60.521,16069.362,60.528,16044.546,60.435,0.999,0.9957,-999,-999,-1.0,-1.0,-1.0,5.0,-1.0,-1.0,-999,-999,-999,-999,-999,86.3582,0.164634,-999,-999,-999,-999,-999,-999,-999,2204773,2686359
25412,10.6716,LH2,-3.642,16.75,3.632,16.81,HMSDIS,0.25,3.3,-999,-999,15645.195,57.593,16339.38,60.149,16432.175,60.49,16432.141,60.49,16416.202,60.431,0.999,0.9955,-999,-999,-1.0,-1.0,-1.0,5.0,-1.0,-1.0,-999,-999,-999,-999,-999,84.8649,0.161388,-999,-999,-999,-999,-999,-999,-999,2211891,2697171
25413,10.6716,LH2,-3.642,16.75,3.632,16.81,HMSDIS,0.25,3.3,-999,-999,12613.702,43.171,13151.079,45.01,13192.24,45.151,13198.67,45.173,13166.46,45.063,0.9989,0.9955,-999,-999,-1.0,-1.0,-1.0,5.0,-1.0,-1.0,-999,-999,-999,-999,-999,87.0906,0.182066,-999,-999,-999,-999,-999,-999,-999,1819920,2208909
25414,10.6716,LH2,-3.642,16.75,3.632,16.81,HMSDIS,0.25,3.3,-999,-999,9517.126,33.611,9934.715,35.086,9946.09,35.126,9954.264,35.155,9934.662,35.086,0.9991,0.9957,-999,-999,-1.0,-1.0,-1.0,3.0,-1.0,-1.0,-999,-999,-999,-999,-999,88.1274,0.163378,-999,-999,-999,-999,-999,-999,-999,1396102,1694407
25415,10.6716,LH2,-3.642,16.75,3.632,16.81,HMSDIS,0.25,3.3,-999,-999,5660.038,18.983,5909.267,19.819,5907.08,19.812,5908.075,19.815,5905.254,19.806,0.9992,0.9956,-999,-999,-1.0,-1.0,-1.0,2.0,-1.0,-1.0,-999,-999,-999,-999,-999,88.8001,0.173723,-999,-999,-999,-999,-999,-999,-999,835432,1004147
25416,10.6716,LH2,-3.642,16.75,3.632,16.81,HMSDIS,0.25,3.3,-999,-999,2326.853,9.332,2438.058,9.778,2431.562,9.752,2436.203,9.77,2430.612,9.748,0.9991,0.9961,-999,-999,-1.0,-1.0,-1.0,1.0,-1.0,-1.0,-999,-999,-999,-999,-999,89.1341,0.191936,-999,-999,-999,-999,-999,-999,-999,346760,416843
25417,10.6716,LH2,-3.642,16.75,3.632,16.81,HMSDIS,0.25,3.3,-999,-999,2680.914,9.368,2806.442,9.807,2799.084,9.781,2804.332,9.799,2797.847,9.777,0.9992,0.9958,-999,-999,-1.0,-1.0,-1.0,1.0,-1.0,-1.0,-999,-999,-999,-999,-999,89.1848,0.178944,-999,-999,-999,-999,-999,-999,-999,399454,477182
25418,10.6716,LH2,-3.642,16.75,3.632,16.81,HMSDIS,0.25,3.3,-999,-999,4935.903,19.047,5124.56,19.775,5124.255,19.774,5125.128,19.778,5124.549,19.775,0.9991,0.996,-999,-999,-1.0,-1.0,-1.0,2.0,-1.0,-1.0,-999,-999,-999,-999,-999,88.5881,0.186345,-999,-999,-999,-999,-999,-999,-999,722378,871986
25420,10.6716,LH2,-3.642,16.75,3.632,16.81,HMSDIS,0.25,3.3,-999,-999,7438.139,30.735,7715.991,31.883,7727.854,31.932,7734.309,31.959,7725.092,31.921,0.9991,0.9957,-999,-999,-1.0,-1.0,-1.0,3.0,-1.0,-1.0,-999,-999,-999,-999,-999,87.4878,0.184544,-999,-999,-999,-999,-999,-999,-999,1075354,1300997
25421,10.6716,LH2,-3.642,16.75,3.632,16.81,HMSDIS,0.25,3.3,-999,-999,12228.639,43.167,12747.231,44.998,12792.933,45.159,12798.909,45.18,12773.955,45.092,0.9989,0.9954,-999,-999,-1.0,-1.0,-1.0,5.0,-1.0,-1.0,-999,-999,-999,-999,-999,86.416,0.184382,-999,-999,-999,-999,-999,-999,-999,1755948,2133265
25422,10.6716,LH2,-3.642,16.75,3.632,16.81,HMSDIS,0.25,3.3,-999,-999,15224.206,57.636,15896.849,60.182,15994.913,60.554,15995.852,60.557,15982.631,60.507,0.999,0.9951,-999,-999,-1.0,-1.0,-1.0,5.0,-1.0,-1.0,-999,-999,-999,-999,-999,83.1481,0.161876,-999,-999,-999,-999,-999,-999,-999,2107785,2570494
25423,10.6716,LH2,-3.642,16.75,-3.632,16.81,PI-SIDIS,0.25,3.3,0.52,8.5,103.796,56.588,108.441,59.121,109.157,59.511,109.135,59.499,109.039,59.447,0.9991,0.9955,0.9896,0.984,-1.0,-1.0,-1.0,-1.0,-1.0,1.0,-999,-999,6873.0,6290.67,83.4869,59.0089,0.783139,51.2298,0.328302,-999,-999,-999,-999,-999,15204843,18548851
25424,10.6716,LH2,-3.642,16.75,-3.632,16.81,PI-SIDIS,0.25,3.3,0.52,8.5,97.336,52.523,101.647,54.85,102.304,55.204,102.299,55.202,102.215,55.156,0.9989,0.9953,0.991,0.9846,-1.0,-1.0,-1.0,-1.0,-1.0,1.0,-999,-999,6372.0,5832.5,80.386,58.3454,0.804142,51.2287,0.334513,-999,-999,-999,-999,-999,14264531,17382967
25425,10.6716,LH2,-3.642,16.75,-3.632,16.81,PI-SIDIS,0.25,3.3,0.52,8.5,100.684,56.598,105.116,59.089,105.848,59.501,105.84,59.497,105.736,59.438,0.9991,0.9949,0.9912,0.9841,-1.0,-1.0,-1.0,-1.0,-1.0,1.0,-999,-999,6392.0,5826.0,80.5378,56.3714,0.77927,51.2163,0.324959,-999,-999,-999,-999,-999,14720829,17952728
25426,10.6716,LH2,-3.642,16.75,-3.632,16.81,PI-SIDIS,0.25,3.3,0.52,8.5,95.371,53.427,99.649,55.823,100.363,56.223,100.349,56.215,100.281,56.178,0.9993,0.9948,0.9896,0.9839,-1.0,-1.0,-1.0,-1.0,-1.0,1.0,-999,-999,6129.0,5607.5,78.8411,57.2349,0.804719,51.2147,0.332787,-999,-999,-999,-999,-999,13945252,16999757
25427,10.6716,LH2,-3.642,16.75,-3.632,16.81,PI-SIDIS,0.25,3.3,0.52,8.5,98.315,55.186,102.824,57.716,103.62,58.163,103.595,58.149,103.498,58.094,0.9989,0.9951,0.9904,0.983,-1.0,-1.0,-1.0,-1.0,-1.0,1.0,-999,-999,6240.0,5701.83,79.5594,56.4749,0.788011,51.2175,0.326774,-999,-999,-999,-999,-999,14398589,17552518
25428,10.6716,LH2,-3.642,16.75,-3.632,16.81,PI-SIDIS,0.25,3.3,0.52,8.5,115.085,57.569,120.354,60.204,121.371,60.713,121.338,60.697,121.212,60.634,0.9989,0.9969,0.9911,0.9832,-1.0,-1.0,-1.0,-1.0,1.0,-1.0,-999,-999,7355.0,6778.83,86.3193,57.3583,0.730381,51.2145,0.337484,-999,-999,-999,-999,-999,16866798,20574214
25429,10.6716,LH2,-3.642,16.75,-3.632,16.81,PI-SIDIS,0.25,3.3,0.52,8.5,51.29,28.406,53.599,29.685,53.821,29.808,53.846,29.822,53.753,29.77,0.9992,0.9956,0.9904,0.985,-1.0,-1.0,-1.0,-1.0,-1.0,1.0,-999,-999,3243.0,3102.33,57.1528,58.8089,1.08341,51.2162,0.33023,-999,-999,-999,-999,-999,7570107,9162402
25430,10.6716,LH2,-3.642,16.75,-3.632,16.81,PI-SIDIS,0.25,3.3,0.52,8.5,48.307,27.57,50.493,28.817,50.488,28.814,50.503,28.823,50.355,28.738,0.9989,0.9941,0.9913,0.9882,-1.0,-1.0,-1.0,-1.0,-1.0,1.0,-999,-999,2965.0,2828.83,54.6598,56.7566,1.09667,51.2446,0.323313,-999,-999,-999,-999,-999,7128359,8629275
25431,10.6716,LH2,-3.642,16.75,-3.632,16.81,HMSDIS,0.25,3.3,-999,-999,24247.894,28.064,25358.964,29.35,25197.075,29.163,25208.73,29.176,25115.724,29.068,0.9991,0.9959,-999,-999,-1.0,-1.0,-1.0,3.0,-1.0,-1.0,-999,-999,-999,-999,-999,88.5957,0.102556,-999,-999,-999,-999,-999,-999,-999,3580388,4332076
25432,10.6716,Dummy,-3.642,16.75,-3.632,16.81,PI-SIDIS,0.25,3.3,0.52,8.5,69.994,38.296,73.168,40.032,73.088,39.988,73.134,40.014,73.01,39.945,0.9994,0.9961,0.9869,0.985,-1.0,-1.0,-1.0,-1.0,-1.0,1.0,-999,-999,3136.0,2946.83,56.2808,40.9128,0.781382,51.2248,0.317726,-999,-999,-999,-999,-999,7530202,9515978
25433,10.6716,Dummy,-3.642,16.75,-3.632,16.81,PI-SIDIS,0.25,3.3,0.52,8.5,51.366,37.06,53.703,38.747,53.915,38.9,53.941,38.919,53.853,38.855,0.9997,0.9937,0.9916,0.9864,-1.0,-1.0,-1.0,-1.0,-1.0,1.0,-999,-999,2236.0,2102.67,47.5208,39.706,0.897365,51.2046,0.336707,-999,-999,-999,-999,-999,5523952,6988991
25434,10.6716,LH2,-3.642,16.75,-3.632,13.51,PI-SIDIS,0.25,3.3,0.52,5.2,93.859,54.096,98.323,56.669,98.782,56.934,98.74,56.91,98.499,56.77,0.9988,0.9952,0.9888,0.9826,-1.0,-1.0,-1.0,-1.0,-1.0,1.0,-999,-999,12642.0,10545.8,113.98,109.299,1.18131,51.2348,0.338174,-999,-999,-999,-999,-999,13761253,50121456
25435,10.6716,LH2,-3.642,16.75,-3.632,13.51,PI-SIDIS,0.25,3.3,0.52,5.2,95.318,51.051,99.87,53.488,99.777,53.439,99.762,53.431,99.542,53.313,0.999,0.9955,0.9889,0.9828,-1.0,-1.0,-1.0,-1.0,-1.0,1.0,-999,-999,12840.0,10726.7,114.857,109.408,1.1715,51.2624,0.333725,-999,-999,-999,-999,-999,13972272,50898415
25436,10.6716,LH2,-3.642,16.75,-3.632,13.51,PI-SIDIS,0.25,3.3,0.52,5.2,101.164,56.432,105.975,59.115,106.361,59.331,106.366,59.333,106.275,59.282,0.999,0.9952,0.9887,0.983,-1.0,-1.0,-1.0,-1.0,-1.0,1.0,-999,-999,13985.0,11669.2,119.879,112.143,1.15206,51.2209,0.333131,-999,-999,-999,-999,-999,14854298,54171430
25437,10.6716,LH2,-3.642,16.75,-3.632,13.51,PI-SIDIS,0.25,3.3,0.52,5.2,94.078,55.155,98.552,57.778,99.276,58.202,99.269,58.199,99.2,58.158,0.9988,0.9971,0.9899,0.9831,-1.0,-1.0,-1.0,-1.0,1.0,-1.0,-999,-999,12808.0,10960.5,114.525,113.263,1.18347,51.2037,0.341332,-999,-999,-999,-999,-999,13807369,50279541
25438,10.6716,LH2,-3.642,16.75,-3.632,13.51,PI-SIDIS,0.25,3.3,0.52,5.2,49.971,28.048,52.28,29.344,52.346,29.381,52.365,29.391,52.216,29.308,0.9991,0.9956,0.9902,0.9854,-1.0,-1.0,-1.0,-1.0,-1.0,1.0,-999,-999,6222.0,5646.67,79.4851,109.711,1.54435,51.2173,0.326433,-999,-999,-999,-999,-999,7382309,26433249
25439,10.6716,LH2,-3.642,16.75,-3.632,13.51,PI-SIDIS,0.25,3.3,0.52,5.2,43.455,26.814,45.468,28.057,45.217,27.902,45.236,27.913,45.05,27.799,0.9991,0.9962,0.9907,0.984,-1.0,-1.0,-1.0,-1.0,-1.0,1.0,-999,-999,5504.0,5011.83,74.7397,112.122,1.67203,51.2624,0.3289,-999,-999,-999,-999,-999,6421928,22993070
25440,10.6716,Dummy,-3.642,16.75,-3.632,13.51,PI-SIDIS,0.25,3.3,0.52,5.2,45.586,32.027,47.683,33.5,47.668,33.489,47.696,33.509,47.624,33.458,0.9991,0.996,0.9895,0.9855,-1.0,-1.0,-1.0,-1.0,-1.0,1.0,-999,-999,4037.0,3642.83,64.0523,77.5953,1.36437,51.2275,0.33823,-999,-999,-999,-999,-999,4911532,19422718
25441,10.6716,Dummy,-3.642,16.75,-3.632,13.51,PI-SIDIS,0.25,3.3,0.52,5.2,63.499,36.838,66.389,38.514,66.63,38.654,66.665,38.675,66.562,38.615,0.9993,0.9955,0.9895,0.9838,-1.0,-1.0,-1.0,-1.0,-1.0,1.0,-999,-999,5644.0,5057.17,75.7747,77.4882,1.16105,51.2114,0.321646,-999,-999,-999,-999,-999,6825827,27006820
25442,10.6716,LH2,-3.642,16.75,-3.632,13.51,PI-SIDIS,0.25,3.3,0.52,5.2,105.301,52.825,110.31,55.338,110.582,55.474,110.553,55.46,110.269,55.317,0.9989,0.9954,0.9892,0.9827,-1.0,-1.0,-1.0,-1.0,-1.0,1.0,-999,-999,14321.0,12011.2,121.268,110.935,1.12003,51.2414,0.33328,-999,-999,-999,-999,-999,15467725,56334286
25443,10.6716,LD2,-3.642,16.75,-3.632,10.31,PI-SIDIS,0.25,3.3,0.52,2.0,50.604,28.64,52.93,29.956,52.922,29.951,52.961,29.973,52.877,29.926,0.999,0.9963,0.9834,0.9765,-1.0,-1.0,-1.0,-1.0,-1.0,1.0,-999,-999,24925.0,15871.0,162.585,307.372,3.14878,51.2112,0.348658,-999,-999,-999,-999,-999,14006392,179026498
25444,10.6716,LD2,-3.642,16.75,-3.632,10.31,PI-SIDIS,0.25,3.3,0.52,2.0,43.654,27.112,45.672,28.366,45.81,28.451,45.839,28.469,45.767,28.425,0.9989,0.9962,0.9829,0.9766,-1.0,-1.0,-1.0,-1.0,-1.0,1.0,-999,-999,21628.0,13935.2,151.361,312.941,3.3991,51.1933,0.349296,-999,-999,-999,-999,-999,12082516,154642995
25445,10.6716,LD2,-3.642,16.75,-3.632,10.31,PI-SIDIS,0.25,3.3,0.52,2.0,51.358,28.618,53.729,29.939,53.624,29.881,53.651,29.895,53.48,29.8,0.9989,0.9962,0.9839,0.9767,-1.0,-1.0,-1.0,-1.0,-1.0,1.0,-999,-999,25585.0,16438.0,164.65,313.775,3.1429,51.2346,0.343606,-999,-999,-999,-999,-999,14218077,194483460
25446,10.6716,LD2,-3.642,16.75,-3.632,10.31,PI-SIDIS,0.25,3.3,0.52,2.0,25.547,14.126,26.789,14.813,26.581,14.698,26.595,14.706,26.537,14.674,0.9993,0.9967,0.9879,0.9818,-1.0,-1.0,-1.0,-1.0,-1.0,1.0,-999,-999,10966.0,8556.0,106.619,325.565,4.05698,51.2609,0.328665,-999,-999,-999,-999,-999,7116959,90901789
25447,10.6716,LD2,-3.642,16.75,-3.632,10.31,PI-SIDIS,0.25,3.3,0.52,2.0,15.219,14.094,15.958,14.778,15.932,14.754,15.942,14.763,15.936,14.758,0.999,0.9963,0.9881,0.9816,-1.0,-1.0,-1.0,-1.0,-1.0,1.0,-999,-999,6602.0,5163.5,82.7149,330.01,5.28647,51.2088,0.346078,-999,-999,-999,-999,-999,4244992,54857247
25448,10.6716,LH2,-3.642,16.75,-3.632,10.31,PI-SIDIS,0.25,3.3,0.52,2.0,73.844,44.334,77.227,46.365,77.729,46.667,77.742,46.675,77.648,46.618,0.9989,0.9954,0.9843,0.9775,-1.0,-1.0,-1.0,-1.0,-1.0,1.0,-999,-999,16129.0,11050.3,130.29,146.582,1.72829,51.1928,0.351981,-999,-999,-999,-999,-999,10855955,140396981
25449,10.6716,LH2,-3.642,16.75,-3.632,10.31,PI-SIDIS,0.25,3.3,0.52,2.0,84.326,47.735,88.209,49.933,88.243,49.952,88.247,49.954,88.009,49.82,0.999,0.9953,0.9836,0.9761,-1.0,-1.0,-1.0,-1.0,-1.0,1.0,-999,-999,18586.0,12680.0,139.894,147.417,1.6264,51.2406,0.344071,-999,-999,-999,-999,-999,12411456,161673392
25450,10.6716,LH2,-3.642,16.75,-3.632,10.31,PI-SIDIS,0.25,3.3,0.52,2.0,68.596,42.626,71.75,44.587,71.727,44.572,71.747,44.585,71.681,44.544,0.999,0.9955,0.9842,0.9769,-1.0,-1.0,-1.0,-1.0,-1.0,1.0,-999,-999,14878.0,10263.0,125.089,146.611,1.78694,51.2314,0.341255,-999,-999,-999,-999,-999,10074344,130214318
25451,10.6716,LH2,-3.642,16.75,-3.632,10.31,PI-SIDIS,0.25,3.3,0.52,2.0,42.515,23.655,44.495,24.757,44.493,24.756,44.517,24.769,44.514,24.767,0.999,0.9962,0.9869,0.9811,-1.0,-1.0,-1.0,-1.0,-1.0,1.0,-999,-999,8169.0,6612.17,91.8067,151.63,2.10531,51.2236,0.333232,-999,-999,-999,-999,-999,6291930,76000786
25452,10.6716,LH2,-3.642,16.75,-3.632,10.31,PI-SIDIS,0.25,3.3,0.52,2.0,42.719,24.305,44.7,25.433,44.809,25.494,44.829,25.506,44.803,25.491,0.9991,0.995,0.988,0.9804,-1.0,-1.0,-1.0,-1.0,-1.0,1.0,-999,-999,8091.0,6497.0,91.4148,148.397,2.08799,51.2154,0.345465,-999,-999,-999,-999,-999,6319048,76356863
25453,10.6716,Dummy,-3.642,16.75,-3.632,10.31,PI-SIDIS,0.25,3.3,0.52,2.0,68.075,37.916,71.196,39.655,71.642,39.903,71.683,39.926,71.637,39.9,0.9989,0.9962,0.9855,0.9789,-1.0,-1.0,-1.0,-1.0,-1.0,1.0,-999,-999,8963.0,6893.33,96.4777,99.0288,1.38599,51.2003,0.33493,-999,-999,-999,-999,-999,7324154,101670784
25455,10.6716,LH2,3.642,16.75,-3.632,10.31,PI-SIDIS,0.25,3.3,0.52,2.0,55.261,42.848,57.797,44.814,57.715,44.751,57.724,44.758,57.552,44.625,0.9858,0.9956,0.9845,0.9764,-1.0,-1.0,-1.0,-1.0,-1.0,1.0,-999,-999,36.0,19.8333,6.22049,0.356593,0.111841,51.25,0.5,-999,-999,-999,-999,-999,377057,97571747
25456,10.6716,LH2,3.642,16.75,-3.632,10.31,HMSDIS,0.25,3.3,-999,-999,37729.695,43.72,39458.551,45.723,39410.395,45.667,39423.594,45.682,39388.952,45.642,0.987,0.9953,-999,-999,-1.0,-1.0,-1.0,3.0,-1.0,-1.0,-999,-999,-999,-999,-999,0.417212,0.00567491,-999,-999,-999,-999,-999,-999,-999,257821,69998367
25457,10.6716,LH2,3.642,16.75,-3.632,10.31,PI-SIDIS,0.25,3.3,0.52,2.0,101.508,42.49,106.145,44.43,106.313,44.501,106.356,44.519,106.325,44.506,0.9866,0.9956,0.9848,0.9766,-1.0,-1.0,-1.0,-1.0,-1.0,1.0,-999,-999,73.0,45.8333,8.80499,0.448245,0.0861118,51.25,0.5,-999,-999,-999,-999,-999,691740,191697374
25459,10.6716,Cu,3.642,16.75,-3.632,10.31,PI-SIDIS,0.25,3.3,0.52,2.0,79.516,33.771,83.139,35.31,83.358,35.403,83.418,35.428,83.365,35.406,0.9866,0.9949,0.9858,0.9777,-1.0,-1.0,-1.0,-1.0,-1.0,1.0,-999,-999,80.0,47.5,9.24211,0.5923,0.115244,51.25,0.5,-999,-999,-999,-999,-999,699877,153078935
25461,10.6716,Cu,3.642,16.75,-3.632,10.31,HMSDIS,0.25,3.3,-999,-999,41164.943,46.95,43048.446,49.099,43365.875,49.461,43375.15,49.471,43363.091,49.457,0.9893,0.9943,-999,-999,-1.0,-1.0,-1.0,5.0,-1.0,-1.0,-999,-999,-999,-999,-999,0.847661,0.00998008,-999,-999,-999,-999,-999,-999,-999,366304,82015292
25462,10.6716,LH2,3.642,16.75,-3.632,13.515,PI-SIDIS,0.25,3.3,0.52,5.2,114.652,51.041,120.097,53.466,121.196,53.955,121.194,53.954,121.142,53.931,0.9813,0.9953,0.9889,0.9808,-1.0,-1.0,-1.0,-1.0,-1.0,1.0,-999,-999,34.0,21.0,6.01387,0.181701,0.0520346,51.25,0.5,-999,-999,-999,-999,-999,780206,63227200
25463,10.6716,LH2,3.642,16.75,-3.632,16.81,PI-SIDIS,0.25,3.3,0.52,8.5,115.898,51.535,121.399,53.981,122.126,54.304,122.101,54.293,121.903,54.205,0.9932,0.9948,0.9903,0.9821,-1.0,-1.0,-1.0,-1.0,-1.0,1.0,-999,-999,13.0,9.66667,3.68179,0.081638,0.0310938,51.25,0.5,-999,-999,-999,-999,-999,795705,21086517
25464,10.6716,LH2,3.642,16.75,3.632,16.81,PI+SIDIS,0.25,3.3,0.52,8.5,125.117,51.467,131.063,53.913,131.785,54.21,131.799,54.216,131.721,54.183,0.9812,0.995,0.9853,0.9723,-1.0,-1.0,-1.0,-1.0,-1.0,1.0,-999,-999,13.0,8.16667,3.71558,0.065319,0.0297181,51.25,0.5,-999,-999,-999,-999,-999,844669,1803973
25465,10.6716,LH2,3.642,16.75,3.632,13.61,PI+SIDIS,0.25,3.3,0.52,5.3,116.815,50.528,122.353,52.923,123.42,53.385,123.422,53.386,123.293,53.33,0.983,0.9953,0.9837,0.9685,-1.0,-1.0,-1.0,-1.0,-1.0,1.0,-999,-999,43.0,26.0,6.77003,0.223253,0.058132,51.25,0.5,-999,-999,-999,-999,-999,785726,7239661
25466,10.6716,Cu,3.642,16.75,3.632,13.61,PI+SIDIS,0.25,3.3,0.52,5.3,85.095,50.143,89.142,52.527,89.534,52.759,89.511,52.745,89.286,52.613,0.9924,0.9946,0.9816,0.9655,-1.0,-1.0,-1.0,-1.0,-1.0,1.0,-999,-999,39.0,11.5,6.60177,0.134673,0.0773112,51.25,0.5,-999,-999,-999,-999,-999,760326,5640395
25467,10.6716,LH2,3.642,16.75,3.632,10.315,PI+SIDIS,0.25,3.3,0.52,2.0,100.294,42.433,104.879,44.373,104.932,44.395,104.974,44.413,104.839,44.356,0.98,0.9957,0.978,0.9642,-1.0,-1.0,-1.0,-1.0,-1.0,1.0,-999,-999,70.0,19.8333,8.85218,0.200201,0.0893554,51.25,0.5,-999,-999,-999,-999,-999,673279,25558904
25468,10.6716,Cu,3.642,16.75,3.632,10.315,PI+SIDIS,0.25,3.3,0.52,2.0,77.141,42.499,80.651,44.432,81.076,44.666,81.105,44.683,81.064,44.66,0.9922,0.9947,0.9773,0.9613,-1.0,-1.0,-1.0,-1.0,-1.0,1.0,-999,-999,73.0,18.5,9.05999,0.240598,0.117828,51.25,0.5,-999,-999,-999,-999,-999,675939,19310630
25469,10.6716,Cu,3.642,16.75,2.615,10.315,PI+SIDIS,0.25,3.3,0.37,2.0,28.389,17.255,29.73,18.069,29.722,18.065,29.721,18.064,29.677,18.038,0.9923,0.9961,0.9801,0.9669,-1.0,-1.0,-1.0,-1.0,-1.0,1.0,-999,-999,30.0,8.33333,5.79751,0.292182,0.203271,51.25,0.5,-999,-999,-999,-999,-999,247914,8996458
25470,10.6716,Cu,3.642,16.75,2.615,10.315,HMSDIS,0.25,3.3,-999,-999,11397.819,16.697,11938.497,17.489,11860.827,17.375,11860.602,17.375,11827.357,17.326,0.9896,0.9958,-999,-999,-1.0,-1.0,-1.0,2.0,-1.0,-1.0,-999,-999,-999,-999,-999,0.871166,0.0121666,-999,-999,-999,-999,-999,-999,-999,100435,3647448
25471,10.6716,C,3.642,16.75,2.615,10.315,HMSDIS,0.25,3.3,-999,-999,13126.632,16.933,13750.608,17.738,13661.156,17.623,13664.13,17.627,13646.088,17.604,0.9875,0.9962,-999,-999,-1.0,-1.0,-1.0,2.0,-1.0,-1.0,-999,-999,-999,-999,-999,0.615962,0.00954091,-999,-999,-999,-999,-999,-999,-999,115557,4478494
25472,10.6716,Al,3.642,16.75,2.615,10.315,HMSDIS,0.25,3.3,-999,-999,33140.855,33.466,34648.638,34.988,34618.074,34.958,34637.442,34.977,34606.408,34.946,0.9879,0.9964,-999,-999,-1.0,-1.0,-1.0,2.0,-1.0,-1.0,-999,-999,-999,-999,-999,0.149215,0.00295954,-999,-999,-999,-999,-999,-999,-999,78291,2078785
25473,10.6716,LD2,3.642,16.75,2.615,10.315,HMSDIS,0.25,3.3,-999,-999,6959.233,9.693,7313.013,10.186,7297.711,10.165,7308.552,10.18,7301.136,10.169,0.9877,0.9962,-999,-999,-1.0,-1.0,-1.0,2.0,-1.0,-1.0,-999,-999,-999,-999,-999,0.863806,0.0154919,-999,-999,-999,-999,-999,-999,-999,92937,3828281
25474,10.6716,LH2,3.642,16.75,2.615,10.315,PI+SIDIS,0.25,3.3,0.37,2.0,44.349,17.093,46.44,17.899,46.506,17.924,46.5,17.922,46.459,17.906,0.9852,0.9963,0.9744,0.9683,-1.0,-1.0,-1.0,-1.0,-1.0,1.0,-999,-999,33.0,11.6667,6.04612,0.263382,0.136495,51.25,0.5,-999,-999,-999,-999,-999,303220,12294151
25475,10.6716,Dummy,4.72,26.395,-6.72,18.56,SHMSHEEP,-999,-999,-999,-999,65.207,36.382,68.148,38.023,68.348,38.134,68.37,38.146,68.224,38.065,0.0,0.9943,0.9897,0.84,-1.0,-1.0,-1.0,-1.0,1.0,-1.0,-999,-999,-999,-999,-999,-999,-999,-999,-999,-999,-999,-999,-999,-999,19148,620961
25476,10.6716,LH2,4.72,26.395,-6.72,18.56,SHMSHEEP,-999,-999,-999,-999,69.345,44.97,72.509,47.022,72.298,46.885,72.316,46.897,72.036,46.716,0.0,0.9945,0.9923,0.8421,-1.0,-1.0,-1.0,-1.0,1.0,-1.0,-999,-999,-999,-999,-999,-999,-999,-999,-999,-999,-999,-999,-999,-999,15995,1077085
25477,10.6716,LH2,4.72,26.395,-6.384,18.56,SHMSHEEP,-999,-999,-999,-999,83.405,46.163,87.194,48.261,87.501,48.431,87.52,48.441,87.433,48.393,0.0,0.9957,0.9891,0.9053,-1.0,-1.0,-1.0,-1.0,1.0,-1.0,-999,-999,-999,-999,-999,-999,-999,-999,-999,-999,-999,-999,-999,-999,18788,1826782
25478,10.6716,LH2,4.72,26.395,-6.605,18.56,SHMSHEEP,-999,-999,-999,-999,79.557,44.348,83.197,46.377,83.598,46.601,83.592,46.597,83.369,46.473,0.9999,0.9952,0.9919,0.8602,-1.0,-1.0,-1.0,-1.0,1.0,-1.0,-999,-999,-999,-999,-999,-999,-999,-999,-999,-999,-999,-999,-999,-999,18634,1397942
25479,10.6716,LH2,4.72,26.395,-5.712,18.56,SHMSHEEP,-999,-999,-999,-999,94.395,47.814,98.71,49.999,98.529,49.908,98.527,49.907,98.146,49.714,0.0,0.9956,0.992,0.9556,-1.0,-1.0,-1.0,-1.0,1.0,-1.0,-999,-999,-999,-999,-999,-999,-999,-999,-999,-999,-999,-999,-999,-999,20552,3634109
25480,10.6716,LH2,4.72,26.395,-5.376,18.56,SHMSHEEP,-999,-999,-999,-999,86.85,47.719,90.804,49.892,90.927,49.96,90.939,49.966,90.81,49.895,0.9999,0.9946,0.9912,0.9677,-1.0,-1.0,-1.0,-1.0,1.0,-1.0,-999,-999,-999,-999,-999,-999,-999,-999,-999,-999,-999,-999,-999,-999,19006,4209484
25481,10.6716,LH2,4.72,26.395,-5.04,18.56,SHMSHEEP,-999,-999,-999,-999,64.839,48.557,67.759,50.744,68.204,51.077,68.205,51.078,68.105,51.003,0.0,0.993,0.9915,0.7168,-1.0,-1.0,-1.0,-1.0,1.0,-1.0,-999,-999,-999,-999,-999,-999,-999,-999,-999,-999,-999,-999,-999,-999,13893,3838502
25482,10.6716,LH2,4.72,26.395,-5.04,18.56,SHMSHEEP,-999,-999,-999,-999,24.976,45.815,26.112,47.899,26.18,48.024,26.179,48.023,26.109,47.894,0.0,0.9966,0.9972,0.7609,-1.0,-1.0,-1.0,-1.0,1.0,-1.0,-999,-999,-999,-999,-999,-999,-999,-999,-999,-999,-999,-999,-999,-999,5663,1480064
25483,10.6716,LH2,4.72,26.395,-4.704,18.56,SHMSHEEP,-999,-999,-999,-999,86.74,46.99,90.671,49.12,90.595,49.079,90.6,49.082,90.345,48.943,0.9999,0.995,0.9957,0.8394,-1.0,-1.0,-1.0,-1.0,1.0,-1.0,-999,-999,-999,-999,-999,-999,-999,-999,-999,-999,-999,-999,-999,-999,19213,6101407
25484,10.6716,LD2,-3.642,16.755,-3.632,10.31,PI-SIDIS,0.25,3.3,0.52,2.0,39.619,25.968,41.441,27.161,41.485,27.191,41.51,27.207,41.5,27.2,0.9993,0.9957,0.9819,0.9733,-1.0,-1.0,-1.0,-1.0,-1.0,1.0,-999,-999,19377.0,12511.0,143.253,310.574,3.55611,51.2245,0.349643,-999,-999,-999,-999,-999,10940226,139873458
25485,10.6716,LD2,-3.642,16.755,-3.632,10.31,PI-SIDIS,0.25,3.3,0.52,2.0,49.194,28.886,51.45,30.211,51.596,30.297,51.634,30.319,51.607,30.303,0.9993,0.9958,0.9816,0.9732,-1.0,-1.0,-1.0,-1.0,-1.0,1.0,-999,-999,23897.0,14974.2,159.324,299.441,3.18603,51.2269,0.346894,-999,-999,-999,-999,-999,13578731,174178644
25486,10.6716,LD2,-3.642,16.755,-3.632,10.31,PI-SIDIS,0.25,3.3,0.52,2.0,49.454,28.102,51.737,29.399,51.936,29.512,51.968,29.53,51.955,29.523,0.9993,0.9956,0.9808,0.9725,-1.0,-1.0,-1.0,-1.0,-1.0,1.0,-999,-999,24574.0,15714.3,161.402,312.728,3.21203,51.2271,0.350284,-999,-999,-999,-999,-999,13654341,178780329
25487,10.6716,LD2,-3.642,16.755,-3.632,10.31,PI-SIDIS,0.25,3.3,0.52,2.0,48.811,28.28,51.073,29.59,51.31,29.728,51.341,29.746,51.345,29.748,0.9993,0.9955,0.982,0.9726,-1.0,-1.0,-1.0,-1.0,-1.0,1.0,-999,-999,24429.0,15706.5,160.881,316.597,3.2429,51.2214,0.350703,-999,-999,-999,-999,-999,13486157,187735381
25488,10.6716,LD2,-3.642,16.755,-3.632,10.31,PI-SIDIS,0.25,3.3,0.52,2.0,52.143,28.919,54.56,30.26,54.597,30.281,54.621,30.294,54.52,30.238,0.9992,0.9956,0.9817,0.9728,-1.0,-1.0,-1.0,-1.0,-1.0,1.0,-999,-999,25885.0,16500.0,165.678,311.314,3.12593,51.2569,0.348617,-999,-999,-999,-999,-999,14392512,201381863
25489,10.6716,LD2,-3.642,16.755,-3.632,10.31,PI-SIDIS,0.25,3.3,0.52,2.0,28.591,14.379,29.984,15.079,29.803,14.988,29.817,14.995,29.787,14.98,0.9994,0.996,0.9852,0.9787,-1.0,-1.0,-1.0,-1.0,-1.0,1.0,-999,-999,12271.0,9520.0,112.825,324.65,3.84754,51.2793,0.337172,-999,-999,-999,-999,-999,7941143,102240157
25490,10.6716,LD2,-3.642,16.755,-3.632,10.31,PI-SIDIS,0.25,3.3,0.52,2.0,21.384,14.424,22.423,15.125,22.35,15.076,22.368,15.088,22.369,15.089,0.9994,0.9956,0.9848,0.9786,-1.0,-1.0,-1.0,-1.0,-1.0,1.0,-999,-999,9110.0,7079.17,97.2033,322.856,4.4331,51.2584,0.330891,-999,-999,-999,-999,-999,5940409,76391712
25491,10.6716,LH2,-3.642,16.755,-3.632,10.31,PI-SIDIS,0.25,3.3,0.52,2.0,87.016,48.526,91.027,50.763,91.512,51.033,91.547,51.053,91.581,51.072,0.9992,0.995,0.9829,0.9741,-1.0,-1.0,-1.0,-1.0,-1.0,1.0,-999,-999,19254.0,13157.3,142.373,148.551,1.60745,51.2398,0.344793,-999,-999,-999,-999,-999,12768109,166597564
25492,10.6716,LH2,-3.642,16.755,-3.632,10.31,PI-SIDIS,0.25,3.3,0.52,2.0,84.27,47.699,88.157,49.899,88.742,50.23,88.766,50.244,88.768,50.245,0.9993,0.9948,0.9822,0.9739,-1.0,-1.0,-1.0,-1.0,-1.0,1.0,-999,-999,18316.0,12423.3,138.918,144.847,1.61968,51.2371,0.347227,-999,-999,-999,-999,-999,12371752,161584774
25493,10.6716,LH2,-3.642,16.755,-3.632,10.31,PI-SIDIS,0.25,3.3,0.52,2.0,79.382,48.459,83.043,50.694,83.691,51.089,83.701,51.095,83.748,51.124,0.9993,0.9951,0.9821,0.9739,-1.0,-1.0,-1.0,-1.0,-1.0,1.0,-999,-999,17595.0,11998.2,136.117,148.501,1.68471,51.2358,0.345201,-999,-999,-999,-999,-999,11651937,152789717
25494,10.6716,LH2,-3.642,16.755,-3.632,10.31,PI-SIDIS,0.25,3.3,0.52,2.0,67.669,44.955,70.786,47.026,71.383,47.422,71.395,47.43,71.385,47.424,0.9992,0.9954,0.9834,0.9745,-1.0,-1.0,-1.0,-1.0,-1.0,1.0,-999,-999,14681.0,10084.0,124.287,146.347,1.80374,51.2297,0.350844,-999,-999,-999,-999,-999,9930777,129262045
25495,10.6716,LH2,-3.642,16.755,-3.632,10.31,PI-SIDIS,0.25,3.3,0.52,2.0,91.753,47.504,95.981,49.693,96.764,50.098,96.772,50.102,96.754,50.093,0.9994,0.9951,0.9831,0.9747,-1.0,-1.0,-1.0,-1.0,-1.0,1.0,-999,-999,20059.0,13683.2,145.333,146.396,1.55492,51.2345,0.347378,-999,-999,-999,-999,-999,13476346,176310497
25496,10.6716,LH2,-3.642,16.755,-3.632,10.31,PI-SIDIS,0.25,3.3,0.52,2.0,41.767,23.727,43.725,24.84,43.574,24.754,43.584,24.76,43.53,24.729,0.9994,0.9957,0.9862,0.9791,-1.0,-1.0,-1.0,-1.0,-1.0,1.0,-999,-999,7960.0,6421.17,90.6448,150.088,2.11872,51.2727,0.334498,-999,-999,-999,-999,-999,6167654,74863616
25497,10.6716,LH2,-3.642,16.755,-3.632,10.31,PI-SIDIS,0.25,3.3,0.52,2.0,43.837,23.736,45.883,24.844,45.79,24.794,45.818,24.809,45.828,24.814,0.9993,0.9954,0.9863,0.9785,-1.0,-1.0,-1.0,-1.0,-1.0,1.0,-999,-999,8389.0,6771.33,93.0517,150.937,2.07418,51.2538,0.328443,-999,-999,-999,-999,-999,6468923,78606886
25498,10.6716,Dummy,-3.642,16.755,-3.632,10.31,PI-SIDIS,0.25,3.3,0.52,2.0,69.227,37.793,72.4,39.525,72.638,39.655,72.686,39.681,72.721,39.7,0.9994,0.9957,0.9856,0.9783,-1.0,-1.0,-1.0,-1.0,-1.0,1.0,-999,-999,8961.0,6900.83,96.4591,97.4987,1.36283,51.257,0.331123,-999,-999,-999,-999,-999,7432294,103705466
25499,10.6716,LD2,-3.642,16.755,-3.632,8.11,PI-SIDIS,0.25,3.3,0.52,-0.2,23.902,13.401,25.075,14.059,25.128,14.089,25.151,14.102,25.15,14.101,0.9994,0.9962,0.9814,0.9731,-1.0,-1.0,-1.0,-1.0,-1.0,1.0,-999,-999,13106.0,7996.17,118.142,327.902,4.84471,51.245,0.351352,-999,-999,-999,-999,-999,6647353,235805179
25500,10.6716,LD2,-3.642,16.755,-3.632,8.11,PI-SIDIS,0.25,3.3,0.52,-0.2,22.355,13.331,23.447,13.982,23.477,14.0,23.499,14.013,23.483,14.004,0.9994,0.9961,0.9804,0.9731,-1.0,-1.0,-1.0,-1.0,-1.0,1.0,-999,-999,12210.0,7483.17,114.008,328.256,5.00106,51.2563,0.343903,-999,-999,-999,-999,-999,6214016,220997134
25501,10.6716,LD2,-3.642,16.755,-3.632,8.11,PI-SIDIS,0.25,3.3,0.52,-0.2,24.473,13.389,25.665,14.041,25.507,13.954,25.528,13.966,25.483,13.941,0.9994,0.996,0.9813,0.9729,-1.0,-1.0,-1.0,-1.0,-1.0,1.0,-999,-999,13485.0,8221.0,119.843,329.523,4.80367,51.2997,0.342042,-999,-999,-999,-999,-999,6807020,241559190
25502,10.6716,LD2,-3.642,16.755,-3.632,8.11,PI-SIDIS,0.25,3.3,0.52,-0.2,24.534,13.435,25.724,14.088,25.615,14.027,25.642,14.042,25.633,14.037,0.9994,0.9963,0.9813,0.9733,-1.0,-1.0,-1.0,-1.0,-1.0,1.0,-999,-999,13544.0,8306.0,120.071,332.03,4.7998,51.2704,0.342561,-999,-999,-999,-999,-999,6817707,241348065
25503,10.6716,LD2,-3.642,16.755,-3.632,8.11,PI-SIDIS,0.25,3.3,0.52,-0.2,23.899,13.367,25.067,14.021,25.057,14.015,25.083,14.029,25.09,14.033,0.9994,0.9958,0.9814,0.972,-1.0,-1.0,-1.0,-1.0,-1.0,1.0,-999,-999,13082.0,8003.33,118.019,328.76,4.84797,51.2529,0.346434,-999,-999,-999,-999,-999,6643706,235355220
25504,10.6716,LD2,-3.642,16.755,-3.632,8.11,PI-SIDIS,0.25,3.3,0.52,-0.2,11.978,6.697,12.637,7.066,12.62,7.056,12.645,7.07,12.649,7.072,0.9995,0.9962,0.9876,0.9779,-1.0,-1.0,-1.0,-1.0,-1.0,1.0,-999,-999,5514.0,4175.33,75.7437,338.057,6.1326,51.2594,0.337325,-999,-999,-999,-999,-999,3356006,110263837
25505,10.6716,LD2,-3.642,16.755,-3.632,8.11,PI-SIDIS,0.25,3.3,0.52,-0.2,12.035,6.702,12.698,7.072,12.61,7.023,12.635,7.036,12.608,7.022,0.9996,0.9963,0.9854,0.9773,-1.0,-1.0,-1.0,-1.0,-1.0,1.0,-999,-999,5528.0,4185.0,75.8408,337.395,6.1143,51.2924,0.329652,-999,-999,-999,-999,-999,3373557,110819093
25506,10.6716,LH2,-3.642,16.755,-3.632,8.11,PI-SIDIS,0.25,3.3,0.52,-0.2,51.643,28.311,54.005,29.606,53.759,29.471,53.797,29.492,53.734,29.457,0.9994,0.9949,0.9812,0.97,-1.0,-1.0,-1.0,-1.0,-1.0,1.0,-999,-999,13609.0,8185.83,120.469,156.398,2.30168,51.2832,0.342157,-999,-999,-999,-999,-999,7606212,261300555
25507,10.6716,LH2,-3.642,16.755,-3.632,8.11,PI-SIDIS,0.25,3.3,0.52,-0.2,58.408,28.916,61.062,30.23,61.089,30.243,61.144,30.27,61.115,30.256,0.9993,0.9948,0.9804,0.971,-1.0,-1.0,-1.0,-1.0,-1.0,1.0,-999,-999,15339.0,9203.0,127.913,155.365,2.15942,51.2523,0.351009,-999,-999,-999,-999,-999,8598506,297165262
25508,10.6716,LH2,-3.642,16.755,-3.632,8.11,PI-SIDIS,0.25,3.3,0.52,-0.2,51.675,28.901,54.028,30.217,54.209,30.318,54.245,30.338,54.232,30.331,0.9994,0.995,0.9804,0.9707,-1.0,-1.0,-1.0,-1.0,-1.0,1.0,-999,-999,13471.0,8015.67,119.918,152.964,2.28841,51.2462,0.34734,-999,-999,-999,-999,-999,7613908,263640461
25509,10.6716,LH2,-3.642,16.755,-3.632,8.11,PI-SIDIS,0.25,3.3,0.52,-0.2,51.25,28.906,53.58,30.22,53.483,30.165,53.51,30.18,53.364,30.098,0.9994,0.9954,0.9807,0.9701,-1.0,-1.0,-1.0,-1.0,-1.0,1.0,-999,-999,13228.0,7789.0,118.889,149.981,2.28925,51.279,0.347783,-999,-999,-999,-999,-999,7550720,260484310
25510,10.6716,LH2,-3.642,16.755,-3.632,8.11,PI-SIDIS,0.25,3.3,0.52,-0.2,18.043,27.612,18.868,28.874,18.751,28.694,18.759,28.708,18.714,28.638,0.9995,0.9953,0.98,0.9708,-1.0,-1.0,-1.0,-1.0,-1.0,1.0,-999,-999,4745.0,2885.67,71.0977,157.659,3.88445,51.3038,0.346566,-999,-999,-999,-999,-999,2656877,91647126
25511,10.6716,LH2,-3.642,16.755,-3.632,8.11,PI-SIDIS,0.25,3.3,0.52,-0.2,32.551,28.796,34.011,30.088,33.92,30.008,33.952,30.036,33.939,30.024,0.9994,0.9954,0.9804,0.9712,-1.0,-1.0,-1.0,-1.0,-1.0,1.0,-999,-999,8485.0,5007.67,95.208,151.728,2.88473,51.2576,0.354538,-999,-999,-999,-999,-999,4792189,165286697
25512,10.6716,LH2,-3.642,16.755,-3.632,8.11,PI-SIDIS,0.25,3.3,0.52,-0.2,25.866,14.348,27.096,15.03,27.09,15.027,27.112,15.039,27.113,15.039,0.9997,0.9955,0.9856,0.9761,-1.0,-1.0,-1.0,-1.0,-1.0,1.0,-999,-999,5681.0,4220.17,76.9706,159.619,2.91126,51.2582,0.340106,-999,-999,-999,-999,-999,3832541,122489750
25513,10.6716,LH2,-3.642,16.755,-3.632,8.11,PI-SIDIS,0.25,3.3,0.52,-0.2,25.573,14.505,26.787,15.193,26.815,15.209,26.832,15.219,26.813,15.208,0.9994,0.9962,0.9864,0.9791,-1.0,-1.0,-1.0,-1.0,-1.0,1.0,-999,-999,5633.0,4191.83,76.6368,159.933,2.92397,51.2535,0.339356,-999,-999,-999,-999,-999,3785523,121093036
25514,10.6716,Dummy,-3.642,16.755,-3.632,8.11,PI-SIDIS,0.25,3.3,0.52,-0.2,33.123,19.202,34.653,20.089,34.475,19.986,34.481,19.989,34.432,19.961,0.9994,0.9959,0.9862,0.9771,-1.0,-1.0,-1.0,-1.0,-1.0,1.0,-999,-999,4790.0,3513.67,70.7299,103.845,2.0904,51.2984,0.327351,-999,-999,-999,-999,-999,3568146,130180303
25515,10.6716,LD2,-3.642,16.755,-3.632,8.11,PI-SIDIS,0.25,3.3,0.52,-0.2,2.87,10.507,3.012,11.026,2.996,10.965,3.001,10.983,2.998,10.973,0.9991,0.9963,0.9828,0.9746,-1.0,-1.0,-1.0,-1.0,-1.0,1.0,-999,-999,1550.0,1031.17,40.4533,351.675,13.7964,51.2812,0.328876,-999,-999,-999,-999,-999,798488,27437702
25516,10.6716,LD2,-3.642,16.755,-3.632,8.11,PI-SIDIS,0.25,3.3,0.52,-0.2,-999,-999,-999,-999,-999,-999,-999,-999,-999,-999,-999,-999,-999,-999,-999,-999,-999,-999,-999,-999,-999,-999,-999,-999,-999,-999,-999,-999,-999,-999,-999,-999,-999,-999,-999,-999
25517,10.6716,LD2,-3.642,16.755,-3.632,8.11,PI-SIDIS,0.25,3.3,0.52,-0.2,20.718,12.451,21.705,13.045,21.522,12.935,21.549,12.951,21.525,12.936,0.9994,0.9963,0.9829,0.9739,-1.0,-1.0,-1.0,-1.0,-1.0,1.0,-999,-999,11153.0,7055.17,108.793,334.033,5.15091,51.2824,0.340445,-999,-999,-999,-999,-999,5748969,187643532
25518,10.6716,LD2,-3.642,16.755,-3.632,8.11,PI-SIDIS,0.25,3.3,0.52,-0.2,23.142,12.642,24.228,13.235,24.162,13.199,24.192,13.215,24.205,13.222,0.9995,0.9961,0.9826,0.9732,-1.0,-1.0,-1.0,-1.0,-1.0,1.0,-999,-999,12475.0,7839.0,115.099,332.702,4.885,51.2583,0.337049,-999,-999,-999,-999,-999,6420132,209790857
25519,10.6716,LD2,-3.642,16.755,-3.632,8.11,PI-SIDIS,0.25,3.3,0.52,-0.2,21.774,12.455,22.804,13.045,22.837,13.063,22.861,13.077,22.879,13.087,0.9994,0.9958,0.9815,0.9738,-1.0,-1.0,-1.0,-1.0,-1.0,1.0,-999,-999,11482.0,7179.33,110.45,323.506,4.97694,51.2449,0.340813,-999,-999,-999,-999,-999,6042753,210341383
25520,10.6716,LD2,-3.642,16.755,-3.632,8.11,PI-SIDIS,0.25,3.3,0.52,-0.2,23.708,12.476,24.836,13.069,24.747,13.022,24.774,13.036,24.736,13.017,0.9995,0.9961,0.9823,0.9737,-1.0,-1.0,-1.0,-1.0,-1.0,1.0,-999,-999,12775.0,8086.5,116.432,334.623,4.818,51.2968,0.341689,-999,-999,-999,-999,-999,6584606,229403248
25521,10.6716,Optics1,-6.358,16.755,-6.358,13.505,OPTICS,-999,-999,-999,-999,69940.676,44.332,73049.978,46.303,73132.582,46.355,73164.48,46.376,73024.03,46.287,0.9993,0.831,-999,-999,-1.0,1.0,-1.0,1.0,-1.0,-1.0,-999,-999,-999,-999,-999,0.773053,0.00325422,-999,-999,-999,-999,-999,-999,-999,122234,241724
25522,10.6716,Optics1,-6.358,16.755,-6.358,13.505,OPTICS,-999,-999,-999,-999,77712.7,44.004,81171.091,45.962,81553.192,46.178,81581.378,46.194,81492.943,46.144,0.9992,0.7992,-999,-999,-1.0,1.0,-1.0,1.0,-1.0,-1.0,-999,-999,-999,-999,-999,0.770509,0.00308221,-999,-999,-999,-999,-999,-999,-999,136171,267297
25523,10.6716,C,-6.358,16.755,-6.358,13.505,OPTICS,-999,-999,-999,-999,74618.298,45.623,78002.292,47.692,78661.286,48.095,78669.431,48.1,78577.911,48.044,0.9992,0.8698,-999,-999,-1.0,2.0,-1.0,2.0,-1.0,-1.0,-999,-999,-999,-999,-999,6.08641,0.0124973,-999,-999,-999,-999,-999,-999,-999,993600,2030762
25524,10.6716,C,-6.358,16.755,-6.358,13.505,OPTICS,-999,-999,-999,-999,85926.95,51.494,89819.323,53.826,90702.112,54.356,90706.369,54.358,90569.808,54.276,0.9993,0.872,-999,-999,-1.0,2.0,-1.0,2.0,-1.0,-1.0,-999,-999,-999,-999,-999,6.11203,0.0116701,-999,-999,-999,-999,-999,-999,-999,1143475,2335276
25525,10.6716,C,-5.983,16.755,-5.983,13.505,OPTICS,-999,-999,-999,-999,95667.734,55.149,99823.833,57.545,99997.009,57.645,99993.209,57.643,99689.505,57.468,0.9992,0.9269,-999,-999,-1.0,2.0,-1.0,2.0,-1.0,-1.0,-999,-999,-999,-999,-999,9.75863,0.015863,-999,-999,-999,-999,-999,-999,-999,1758928,2964827
25526,10.6716,C,-5.983,16.755,-5.983,13.505,OPTICS,-999,-999,-999,-999,86488.768,51.789,90202.799,54.013,90286.75,54.063,90306.069,54.074,90147.304,53.979,0.9992,0.928,-999,-999,-1.0,2.0,-1.0,2.0,-1.0,-1.0,-999,-999,-999,-999,-999,7.56395,0.0129555,-999,-999,-999,-999,-999,-999,-999,1591152,2678427
25527,10.6716,Optics1,-5.983,16.755,-5.983,13.505,OPTICS,-999,-999,-999,-999,88795.604,47.163,92472.12,49.116,92867.604,49.326,92903.499,49.345,92731.61,49.254,0.9994,0.8985,-999,-999,-1.0,1.0,-1.0,1.0,-1.0,-1.0,-999,-999,-999,-999,-999,0.952058,0.00320964,-999,-999,-999,-999,-999,-999,-999,198641,341944
25528,10.6716,Optics1,-5.983,16.755,-5.983,13.505,OPTICS,-999,-999,-999,-999,78468.323,46.23,81813.028,48.201,82314.107,48.496,82351.931,48.518,82189.855,48.423,0.9992,0.9129,-999,-999,-1.0,1.0,-1.0,1.0,-1.0,-1.0,-999,-999,-999,-999,-999,0.943355,0.00339704,-999,-999,-999,-999,-999,-999,-999,175797,303092
25529,10.6716,Optics1,-5.27,16.755,-5.27,13.505,OPTICS,-999,-999,-999,-999,81798.012,47.058,85367.101,49.111,86085.202,49.524,86107.538,49.537,85934.405,49.438,0.9992,0.9883,-999,-999,-1.0,1.0,-1.0,1.0,-1.0,-1.0,-999,-999,-999,-999,-999,1.15473,0.00367933,-999,-999,-999,-999,-999,-999,-999,249089,373647
25530,10.6716,Optics1,-5.27,16.755,-5.27,13.505,OPTICS,-999,-999,-999,-999,85158.085,47.762,88907.876,49.866,89733.529,50.329,89749.668,50.338,89577.383,50.241,0.9994,0.986,-999,-999,-1.0,1.0,-1.0,1.0,-1.0,-1.0,-999,-999,-999,-999,-999,1.15897,0.00361158,-999,-999,-999,-999,-999,-999,-999,258876,388853
25532,10.6716,LH2,-3.642,16.755,-3.632,8.11,PI-SIDIS,0.25,3.3,0.52,-0.2,50.351,28.611,52.586,29.881,52.512,29.839,52.561,29.867,52.499,29.832,0.9994,0.9948,0.9809,0.9707,-1.0,-1.0,-1.0,-1.0,-1.0,1.0,-999,-999,13154.0,7858.17,118.476,154.075,2.32296,51.2496,0.345897,-999,-999,-999,-999,-999,7368380,232999635
25533,10.6716,LH2,-3.642,16.755,-3.632,8.11,PI-SIDIS,0.25,3.3,0.52,-0.2,29.318,28.661,30.626,29.939,30.651,29.964,30.679,29.992,30.657,29.97,0.9993,0.9953,0.9806,0.9706,-1.0,-1.0,-1.0,-1.0,-1.0,1.0,-999,-999,7664.0,4589.0,90.424,154.52,3.04475,51.2565,0.346564,-999,-999,-999,-999,-999,4295386,147031637
25534,10.6716,LH2,-3.642,16.755,-3.632,8.11,PI-SIDIS,0.25,3.3,0.52,-0.2,38.584,28.076,40.311,29.333,40.479,29.456,40.502,29.473,40.457,29.44,0.9994,0.9952,0.9797,0.9712,-1.0,-1.0,-1.0,-1.0,-1.0,1.0,-999,-999,10086.0,6078.83,103.701,155.402,2.65105,51.2318,0.348232,-999,-999,-999,-999,-999,5653626,193899201
25536,10.6716,LH2,-3.642,16.755,-3.632,8.11,PI-SIDIS,0.25,3.3,0.52,-0.2,12.863,27.008,13.44,28.221,13.458,28.259,13.463,28.269,13.429,28.197,0.9995,0.9953,0.9799,0.9713,-1.0,-1.0,-1.0,-1.0,-1.0,1.0,-999,-999,3343.0,1999.83,59.7232,153.319,4.57872,51.2622,0.344879,-999,-999,-999,-999,-999,1883936,64612072
25538,10.6716,LH2,-3.642,16.755,-3.632,8.11,PI-SIDIS,0.25,3.3,0.52,-0.2,47.564,26.743,49.683,27.935,49.826,28.015,49.851,28.029,49.756,27.975,0.9995,0.9953,0.9806,0.9715,-1.0,-1.0,-1.0,-1.0,-1.0,1.0,-999,-999,12218.0,7342.0,114.152,152.226,2.36678,51.2332,0.348213,-999,-999,-999,-999,-999,6961994,219478971
25539,10.6716,LH2,-3.642,16.755,3.632,8.11,PI+SIDIS,0.25,3.3,0.52,-0.2,33.127,21.243,34.601,22.189,34.563,22.164,34.575,22.172,34.57,22.169,0.9994,0.995,0.9759,0.966,-1.0,-1.0,-1.0,-1.0,-1.0,1.0,-999,-999,13172.0,9722.17,117.247,291.097,3.51058,51.2579,0.349908,-999,-999,-999,-999,-999,4864081,16070892
25540,10.6716,LH2,-3.642,16.755,3.632,8.11,PI+SIDIS,0.25,3.3,0.52,-0.2,36.084,20.736,37.698,21.664,37.775,21.708,37.787,21.715,37.765,21.702,0.9994,0.9952,0.9775,0.9662,-1.0,-1.0,-1.0,-1.0,-1.0,1.0,-999,-999,14466.0,10712.8,122.848,294.355,3.37546,51.2409,0.342993,-999,-999,-999,-999,-999,5299942,17439905
25541,10.6716,LH2,-3.642,16.755,3.632,8.11,PI+SIDIS,0.25,3.3,0.52,-0.2,33.103,20.511,34.575,21.423,34.607,21.443,34.608,21.444,34.555,21.411,0.9994,0.9954,0.9784,0.9664,-1.0,-1.0,-1.0,-1.0,-1.0,1.0,-999,-999,13242.0,9789.5,117.548,293.205,3.52067,51.2539,0.343474,-999,-999,-999,-999,-999,4856378,15985821
25542,10.6716,LH2,-3.642,16.755,3.632,8.11,PI+SIDIS,0.25,3.3,0.52,-0.2,37.91,21.278,39.594,22.222,39.341,22.081,39.348,22.085,39.262,22.037,0.9995,0.9954,0.9788,0.9667,-1.0,-1.0,-1.0,-1.0,-1.0,1.0,-999,-999,15070.0,11080.7,125.439,289.693,3.27947,51.2998,0.347236,-999,-999,-999,-999,-999,5564807,18398333
25543,10.6716,LH2,-3.642,16.755,3.632,8.11,PI+SIDIS,0.25,3.3,0.52,-0.2,36.77,20.933,38.394,21.858,38.245,21.773,38.261,21.782,38.26,21.781,0.9995,0.995,0.9781,0.9667,-1.0,-1.0,-1.0,-1.0,-1.0,1.0,-999,-999,14632.0,10751.8,123.607,289.888,3.33266,51.2729,0.344106,-999,-999,-999,-999,-999,5392361,17860065
25544,10.6716,LH2,-3.642,16.755,3.632,8.11,PI+SIDIS,0.25,3.3,0.52,-0.2,35.427,21.136,36.986,22.066,37.034,22.094,37.049,22.103,37.041,22.098,0.9994,0.995,0.9797,0.9671,-1.0,-1.0,-1.0,-1.0,-1.0,1.0,-999,-999,14069.0,10354.2,121.195,289.646,3.39028,51.2411,0.351015,-999,-999,-999,-999,-999,5194807,17267660
25545,10.6716,LH2,-3.642,16.755,3.632,8.11,PI+SIDIS,0.25,3.3,0.52,-0.2,29.051,19.832,30.333,20.708,30.368,20.732,30.372,20.734,30.32,20.699,0.9996,0.9951,0.9792,0.9667,-1.0,-1.0,-1.0,-1.0,-1.0,1.0,-999,-999,11545.0,8552.5,109.744,291.853,3.745,51.2571,0.345603,-999,-999,-999,-999,-999,4260272,14026751
25546,10.6716,Dummy,-3.642,16.755,3.632,8.11,PI+SIDIS,0.25,3.3,0.52,-0.2,57.37,27.717,59.841,28.911,59.508,28.75,59.548,28.769,59.427,28.711,0.9994,0.9958,0.9761,0.9666,-1.0,-1.0,-1.0,-1.0,-1.0,1.0,-999,-999,12794.0,9031.83,115.849,156.273,2.00447,51.2894,0.349047,-999,-999,-999,-999,-999,6123027,20580362
25547,10.6716,LH2,-3.642,16.755,3.632,8.11,PI+SIDIS,0.25,3.3,0.52,-0.2,38.703,21.298,40.384,22.223,40.427,22.247,40.443,22.255,40.437,22.252,0.9995,0.9951,0.979,0.9667,-1.0,-1.0,-1.0,-1.0,-1.0,1.0,-999,-999,15481.0,11424.8,127.11,292.849,3.25817,51.2403,0.353031,-999,-999,-999,-999,-999,5675305,18839575
25548,10.6716,LH2,-3.642,16.755,3.632,8.11,PI+SIDIS,0.25,3.3,0.52,-0.2,19.894,21.049,20.763,21.968,20.823,22.031,20.827,22.036,20.817,22.025,0.9993,0.9951,0.9789,0.9668,-1.0,-1.0,-1.0,-1.0,-1.0,1.0,-999,-999,7953.0,5878.33,91.0976,293.098,4.54219,51.2432,0.348307,-999,-999,-999,-999,-999,2916231,9693060
25550,2.231,LH2,-2.257,19.0,-2.36,18.5,HMSHEE,-999,-999,-999,-999,5769.499,9.676,5970.595,10.013,5922.032,9.931,5927.786,9.941,5903.865,9.901,0.9661,0.5082,-999,-999,-1.0,-1.0,-1.0,5.0,-1.0,-1.0,-999,-999,-999,-999,-999,372.227,2.12079,-999,-999,-999,-999,-999,-999,-999,6289589,19295936
25551,2.231,LH2,-2.237,19.0,-2.36,18.5,HMSHEE,-999,-999,-999,-999,4558.622,9.751,4714.644,10.085,4692.102,10.037,4696.288,10.046,4687.443,10.027,0.9646,0.4673,-999,-999,-1.0,-1.0,-1.0,5.0,-1.0,-1.0,-999,-999,-999,-999,-999,7458.0,38.615,-999,-999,-999,-999,-999,-999,-999,8639324,15224483
25552,2.231,LH2,-2.218,19.0,-2.36,18.5,HMSHEE,22.1,0.5,-999,-999,4668.218,9.69,4826.984,10.02,4815.799,9.997,4821.412,10.008,4810.458,9.986,0.9747,0.4603,-999,-999,-1.0,-1.0,-1.0,9.0,-1.0,-1.0,-999,-999,-999,-999,-999,6299.38,37.0699,-999,-999,-999,-999,-999,-999,-999,11902984,15582015
25554,2.231,LH2,-2.198,19.0,-2.36,18.5,HMSHEE,8.63,0.5,-999,-999,4582.36,9.835,4740.663,10.174,4742.539,10.178,4747.425,10.189,4736.67,10.166,0.9913,0.4701,-999,-999,-1.0,-1.0,-1.0,9.0,-1.0,-1.0,-999,-999,-999,-999,-999,2603.0,13.345,-999,-999,-999,-999,-999,-999,-999,14158637,15296092
25555,2.231,LH2,-2.178,19.0,-2.36,18.5,HMSHEE,5.32,0.5,-999,-999,4186.4,9.789,4331.544,10.128,4335.134,10.137,4339.505,10.147,4328.972,10.122,0.9969,0.4599,-999,-999,-1.0,-1.0,-1.0,17.0,-1.0,-1.0,-999,-999,-999,-999,-999,1710.73,5.76502,-999,-999,-999,-999,-999,-999,-999,14958066,13984330
25556,2.231,LH2,-2.158,19.0,-2.36,18.5,HMSHEE,3.83,0.5,-999,-999,5038.633,9.841,5213.641,10.183,5203.046,10.162,5207.986,10.172,5189.539,10.136,0.9984,0.4988,-999,-999,-1.0,-1.0,-1.0,17.0,-1.0,-1.0,-999,-999,-999,-999,-999,9622.32,14.8763,-999,-999,-999,-999,-999,-999,-999,19937764,16829458
25557,2.231,LH2,-2.138,19.0,-2.36,18.5,HMSHEE,2.98,0.5,-999,-999,4561.233,9.839,4716.762,10.175,4694.666,10.127,4698.174,10.135,4676.389,10.088,0.999,0.6201,-999,-999,-1.0,-1.0,-1.0,17.0,-1.0,-1.0,-999,-999,-999,-999,-999,16945.4,20.7024,-999,-999,-999,-999,-999,-999,-999,19083594,15225743
25558,2.231,LH2,-1.98,19.0,-2.36,18.5,HMSHEE,1.02,0.5,-999,-999,4301.157,9.701,4446.429,10.029,4412.109,9.951,4415.465,9.959,4396.909,9.917,0.9995,0.6889,-999,-999,-1.0,-1.0,-1.0,17.0,-1.0,-1.0,-999,-999,-999,-999,-999,39177.7,36.1529,-999,-999,-999,-999,-999,-999,-999,21713662,14341869
25560,2.231,Dummy,-1.98,19.0,-2.36,18.5,HMSHEE,1.02,0.5,-999,-999,5392.353,9.845,5576.896,10.182,5522.676,10.083,5529.554,10.096,5513.653,10.067,0.9996,0.7478,-999,-999,-1.0,-1.0,-1.0,9.0,-1.0,-1.0,-999,-999,-999,-999,-999,20702.7,17.5632,-999,-999,-999,-999,-999,-999,-999,15642705,7820329
25562,2.231,LH2,-1.822,19.0,-2.36,18.5,HMSHEE,0.58,0.4,-999,-999,3050.555,9.391,3153.156,9.706,3142.834,9.675,3145.62,9.683,3139.283,9.664,0.9996,0.7641,-999,-999,-1.0,-1.0,-1.0,33.0,-1.0,-1.0,-999,-999,-999,-999,-999,22911.4,39.979,-999,-999,-999,-999,-999,-999,-999,20858748,10175940
25563,2.231,LH2,-1.802,19.0,-2.36,18.5,HMSHEE,0.54,0.4,-999,-999,4821.723,9.871,4981.969,10.199,4972.924,10.18,4978.682,10.192,4965.155,10.164,0.9994,0.822,-999,-999,-1.0,-1.0,-1.0,33.0,-1.0,-1.0,-999,-999,-999,-999,-999,8577.37,13.1245,-999,-999,-999,-999,-999,-999,-999,33434243,16089597
25564,2.231,LH2,-1.782,19.0,-2.36,18.5,HMSHEE,0.51,0.4,-999,-999,4717.505,9.883,4871.466,10.205,4871.866,10.206,4876.485,10.216,4866.855,10.196,0.9993,0.8292,-999,-999,-1.0,-1.0,-1.0,33.0,-1.0,-1.0,-999,-999,-999,-999,-999,3279.93,5.16632,-999,-999,-999,-999,-999,-999,-999,31990443,15731625
25565,2.231,LH2,-1.762,19.0,-2.36,18.5,HMSHEE,0.49,0.4,-999,-999,3862.829,9.624,3990.942,9.944,3994.827,9.953,3997.417,9.96,3987.511,9.935,0.9992,0.8709,-999,-999,-1.0,-1.0,-1.0,33.0,-1.0,-1.0,-999,-999,-999,-999,-999,4895.35,8.39263,-999,-999,-999,-999,-999,-999,-999,23635882,12882812
25566,2.231,LH2,-1.742,19.0,-2.36,18.5,HMSHEE,0.46,0.4,-999,-999,4111.201,9.893,4246.154,10.218,4239.496,10.202,4242.416,10.209,4224.909,10.167,0.9993,0.8553,-999,-999,-1.0,-1.0,-1.0,33.0,-1.0,-1.0,-999,-999,-999,-999,-999,3054.71,4.99613,-999,-999,-999,-999,-999,-999,-999,21914777,13704057
25567,2.231,LH2,-1.723,19.0,-2.36,18.5,HMSHEE,0.44,0.4,-999,-999,4325.643,9.74,4467.43,10.06,4449.335,10.019,4452.585,10.026,4431.645,9.979,0.9994,0.8987,-999,-999,-1.0,-1.0,-1.0,33.0,-1.0,-1.0,-999,-999,-999,-999,-999,4535.6,7.12128,-999,-999,-999,-999,-999,-999,-999,20262878,14419163
25573,2.231,LH2,-1.723,19.0,-2.36,18.5,SHMSHEE,-999,-999,-999,-999,3321.03,9.846,3430.974,10.172,3416.298,10.128,3420.526,10.141,3412.389,10.117,-999,-999,0.9944,0.9411,-1.0,17.0,-1.0,-1.0,-1.0,-1.0,-999,-999,-999,-999,-999,-701.573,-18.697,-999,-999,-999,-999,-999,-999,-999,15567993,11072704
25574,2.231,LH2,-1.723,19.0,-2.32,18.5,SHMSHEE,-999,-999,-999,-999,3715.939,9.877,3836.828,10.198,3826.079,10.17,3830.876,10.182,3822.84,10.161,-999,-999,0.9949,0.9506,-1.0,17.0,-1.0,-1.0,-1.0,-1.0,-999,-999,-999,-999,-999,-1864.22,-28.8136,-999,-999,-999,-999,-999,-999,-999,17404872,13653276
25575,2.231,LH2,-1.723,19.0,-2.28,18.5,SHMSHEE,-999,-999,-999,-999,3917.045,9.884,4044.775,10.206,4040.685,10.196,4045.258,10.207,4039.2,10.192,-999,-999,0.9951,0.9558,-1.0,17.0,-1.0,-1.0,-1.0,-1.0,-999,-999,-999,-999,-999,-4480.45,-43.5015,-999,-999,-999,-999,-999,-999,-999,18343932,15120220
25576,2.231,LH2,-1.723,19.0,-2.24,18.5,SHMSHEE,-999,-999,-999,-999,4237.81,9.866,4375.024,10.185,4375.73,10.187,4380.09,10.197,4375.394,10.186,-999,-999,0.9953,0.9541,-1.0,17.0,-1.0,-1.0,-1.0,-1.0,-999,-999,-999,-999,-999,-62551.3,-156.27,-999,-999,-999,-999,-999,-999,-999,19849596,17090903
25577,2.231,LH2,-1.723,19.0,-2.2,18.5,SHMSHEE,8.72,0.5,-999,-999,3998.73,9.868,4127.664,10.186,4125.149,10.18,4128.666,10.189,4119.981,10.167,-999,-999,0.9954,0.9613,-1.0,17.0,-1.0,-1.0,-1.0,-1.0,-999,-999,-999,-999,-999,-251599.0,-322.647,-999,-999,-999,-999,-999,-999,-999,18732020,16971926
25578,2.231,LH2,-1.723,19.0,-2.0,18.5,SHMSHEE,1.06,0.5,-999,-999,3608.406,9.794,3726.044,10.113,3718.574,10.093,3721.743,10.102,3712.862,10.078,-999,-999,0.996,0.962,-1.0,17.0,-1.0,-1.0,-1.0,-1.0,-999,-999,-999,-999,-999,-370518.0,-411.979,-999,-999,-999,-999,-999,-999,-999,16908285,20034441
25579,2.231,Dummy,-1.723,19.0,-2.0,18.5,SHMSHEE,1.06,0.5,-999,-999,4491.18,9.866,4634.486,10.181,4602.635,10.111,4607.158,10.121,4589.645,10.083,-999,-999,0.9939,0.9607,-1.0,17.0,-1.0,-1.0,-1.0,-1.0,-999,-999,-999,-999,-999,-217195.0,-283.125,-999,-999,-999,-999,-999,-999,-999,16519155,15544300
25580,2.231,LH2,-1.723,19.0,-1.64,18.5,SHMSHEE,0.34,0.4,-999,-999,3283.445,9.898,3387.789,10.213,3359.151,10.126,3362.53,10.136,3350.632,10.1,-999,-999,0.9924,0.9768,-1.0,17.0,-1.0,-1.0,-1.0,-1.0,-999,-999,-999,-999,-999,-372365.0,-433.918,-999,-999,-999,-999,-999,-999,-999,15393645,19686341
25581,2.231,LH2,-1.723,19.0,-1.6,18.5,SHMSHEE,0.31,0.4,-999,-999,3928.59,9.69,4055.253,10.002,4019.109,9.913,4023.153,9.923,4006.612,9.882,-999,-999,0.9925,0.9777,-1.0,33.0,-1.0,-1.0,-1.0,-1.0,-999,-999,-999,-999,-999,-330244.0,-520.355,-999,-999,-999,-999,-999,-999,-999,18408021,23318707
25582,2.231,LH2,-1.723,19.0,-1.56,18.5,SHMSHEE,0.29,0.4,-999,-999,4923.54,9.733,5080.25,10.043,5043.006,9.97,5047.61,9.979,5032.124,9.948,-999,-999,0.9929,0.9574,-1.0,33.0,-1.0,-1.0,-1.0,-1.0,-999,-999,-999,-999,-999,-328789.0,-463.789,-999,-999,-999,-999,-999,-999,-999,23044588,28772252
25583,2.231,LH2,-1.723,19.0,-1.52,18.5,SHMSHEE,0.26,0.4,-999,-999,4744.17,9.882,4893.082,10.193,4868.715,10.142,4873.713,10.152,4861.628,10.127,-999,-999,0.9933,0.898,-1.0,33.0,-1.0,-1.0,-1.0,-1.0,-999,-999,-999,-999,-999,-330137.0,-473.448,-999,-999,-999,-999,-999,-999,-999,22203306,26327412
25584,2.231,LH2,-1.723,19.0,-1.48,18.5,SHMSHEE,0.24,0.3,-999,-999,4329.624,9.906,4464.008,10.214,4451.108,10.184,4455.349,10.194,4446.304,10.173,-999,-999,0.9933,0.8699,-1.0,33.0,-1.0,-1.0,-1.0,-1.0,-999,-999,-999,-999,-999,-331090.0,-496.395,-999,-999,-999,-999,-999,-999,-999,20246342,22267542
25585,2.231,LH2,-1.723,19.0,-1.44,18.5,SHMSHEE,0.22,0.3,-999,-999,3090.274,9.889,3187.214,10.199,3183.141,10.186,3186.064,10.196,3180.062,10.176,-999,-999,0.9934,0.8923,-1.0,17.0,-1.0,-1.0,-1.0,-1.0,-999,-999,-999,-999,-999,-320545.0,-414.86,-999,-999,-999,-999,-999,-999,-999,14457944,14632302
25586,2.231,LH2,-1.723,19.0,-1.4,18.5,SHMSHEE,0.21,0.3,-999,-999,3342.269,9.884,3445.469,10.189,3444.423,10.186,3448.329,10.197,3440.695,10.175,-999,-999,0.9937,0.9221,-1.0,17.0,-1.0,-1.0,-1.0,-1.0,-999,-999,-999,-999,-999,-294924.0,-382.673,-999,-999,-999,-999,-999,-999,-999,15619565,14969171
25587,2.231,LH2,-1.723,19.0,-1.36,18.5,SHMSHEE,0.19,0.3,-999,-999,2898.499,9.878,2989.129,10.187,2991.493,10.195,2994.691,10.206,2988.352,10.185,-999,-999,0.9935,0.938,-1.0,17.0,-1.0,-1.0,-1.0,-1.0,-999,-999,-999,-999,-999,-272816.0,-395.187,-999,-999,-999,-999,-999,-999,-999,13557246,12425146
25588,2.231,LH2,-1.723,19.0,-1.32,18.5,SHMSHEE,0.18,0.3,-999,-999,3379.018,9.881,3485.58,10.193,3487.424,10.198,3491.341,10.209,3484.293,10.189,-999,-999,0.9929,0.9429,-1.0,17.0,-1.0,-1.0,-1.0,-1.0,-999,-999,-999,-999,-999,-260129.0,-357.461,-999,-999,-999,-999,-999,-999,-999,15809223,13753566
25589,2.231,LH2,-1.723,19.0,-1.28,18.5,SHMSHEE,0.17,0.3,-999,-999,3542.824,9.888,3653.178,10.196,3648.789,10.184,3652.716,10.195,3643.118,10.168,-999,-999,0.993,0.9343,-1.0,17.0,-1.0,-1.0,-1.0,-1.0,-999,-999,-999,-999,-999,-250871.0,-342.878,-999,-999,-999,-999,-999,-999,-999,16572684,13484334
25590,2.231,LH2,-1.723,19.0,-2.34,18.5,SHMSHEE,-999,-999,-999,-999,2526.651,9.605,2606.126,9.908,2587.979,9.839,2589.963,9.846,2578.183,9.801,-999,-999,0.9943,0.9497,-1.0,1.0,-1.0,-1.0,-1.0,-1.0,-999,-999,-999,-999,-999,-66.5696,-1.60281,-999,-999,-999,-999,-999,-999,-999,11820781,510768
25591,2.231,LH2,-1.723,19.0,-2.3,18.5,SHMSHEE,-999,-999,-999,-999,3371.035,9.851,3475.29,10.156,3446.468,10.072,3449.764,10.081,3433.623,10.034,-999,-999,0.9943,0.9563,-1.0,1.0,-1.0,-1.0,-1.0,-1.0,-999,-999,-999,-999,-999,-160.325,-2.154,-999,-999,-999,-999,-999,-999,-999,15768076,726775
25592,2.231,LH2,-1.723,19.0,-2.26,18.5,SHMSHEE,-999,-999,-999,-999,3621.55,9.918,3733.297,10.224,3698.516,10.129,3702.344,10.139,3686.728,10.097,-999,-999,0.9953,0.9618,-1.0,1.0,-1.0,-1.0,-1.0,-1.0,-999,-999,-999,-999,-999,-675.449,-4.26357,-999,-999,-999,-999,-999,-999,-999,16928074,815470
25593,2.231,LH2,-1.723,19.0,-2.22,18.5,SHMSHEE,24.8,0.5,-999,-999,2945.779,9.655,3037.84,9.956,3006.49,9.854,3009.656,9.864,2997.995,9.826,-999,-999,0.9953,0.9607,-1.0,1.0,-1.0,-1.0,-1.0,-1.0,-999,-999,-999,-999,-999,-9459.8,-17.6881,-999,-999,-999,-999,-999,-999,-999,13784702,693702
25594,2.231,LH2,-1.723,19.0,-2.18,18.5,SHMSHEE,5.25,0.5,-999,-999,3477.369,9.866,3585.325,10.173,3547.991,10.067,3551.995,10.078,3537.218,10.036,-999,-999,0.9961,0.963,-1.0,1.0,-1.0,-1.0,-1.0,-1.0,-999,-999,-999,-999,-999,-17132.0,-21.9022,-999,-999,-999,-999,-999,-999,-999,16260345,866214
25595,2.231,LH2,-1.723,19.0,-2.14,18.5,SHMSHEE,2.89,0.5,-999,-999,3488.826,9.739,3599.369,10.047,3568.531,9.961,3572.912,9.974,3561.099,9.941,-999,-999,0.9957,0.9632,-1.0,1.0,-1.0,-1.0,-1.0,-1.0,-999,-999,-999,-999,-999,-18967.1,-23.005,-999,-999,-999,-999,-999,-999,-999,16331772,922298
25596,2.231,LH2,-1.723,19.0,-2.1,18.5,SHMSHEE,1.97,0.5,-999,-999,3268.059,9.876,3370.205,10.185,3347.382,10.116,3351.454,10.128,3343.933,10.106,-999,-999,0.996,0.9584,-1.0,1.0,-1.0,-1.0,-1.0,-1.0,-999,-999,-999,-999,-999,-19803.9,-24.2894,-999,-999,-999,-999,-999,-999,-999,15289384,919990
25597,2.231,LH2,-1.723,19.0,-2.06,18.5,SHMSHEE,1.48,0.5,-999,-999,3230.748,9.628,3330.938,9.926,3314.69,9.878,3318.11,9.888,3311.083,9.867,-999,-999,0.9964,0.9593,-1.0,1.0,-1.0,-1.0,-1.0,-1.0,-999,-999,-999,-999,-999,-20195.9,-24.6679,-999,-999,-999,-999,-999,-999,-999,15116918,957330
25598,2.231,LH2,-1.723,19.0,-2.02,18.5,SHMSHEE,1.18,0.5,-999,-999,2683.682,9.839,2766.897,10.144,2757.488,10.11,2760.065,10.119,2755.011,10.101,-999,-999,0.9965,0.9596,-1.0,1.0,-1.0,-1.0,-1.0,-1.0,-999,-999,-999,-999,-999,-20502.8,-27.2691,-999,-999,-999,-999,-999,-999,-999,12560299,830174
25599,2.231,LH2,-1.723,19.0,-1.98,18.5,SHMSHEE,0.97,0.5,-999,-999,2874.126,9.869,2964.149,10.178,2960.612,10.166,2963.841,10.177,2957.348,10.155,-999,-999,0.9954,0.9634,-1.0,1.0,-1.0,-1.0,-1.0,-1.0,-999,-999,-999,-999,-999,-21076.1,-26.7268,-999,-999,-999,-999,-999,-999,-999,13456836,912379
25600,2.231,LH2,-1.723,19.0,-1.94,18.5,SHMSHEE,0.82,0.4,-999,-999,2933.214,9.887,3025.115,10.197,3025.068,10.197,3028.187,10.207,3020.788,10.183,-999,-999,0.987,0.9729,-1.0,1.0,-1.0,-1.0,-1.0,-1.0,-999,-999,-999,-999,-999,-21824.7,-27.0361,-999,-999,-999,-999,-999,-999,-999,13721542,933083
25601,2.231,LH2,-1.723,19.0,-1.9,18.5,SHMSHEE,0.71,0.4,-999,-999,2771.502,9.892,2858.169,10.201,2860.442,10.21,2863.027,10.219,2855.65,10.192,-999,-999,0.9908,0.9703,-1.0,1.0,-1.0,-1.0,-1.0,-1.0,-999,-999,-999,-999,-999,-23665.8,-28.9084,-999,-999,-999,-999,-999,-999,-999,12972338,879111
25602,2.231,LH2,-1.723,19.0,-1.86,18.5,SHMSHEE,0.62,0.4,-999,-999,2327.12,9.433,2401.158,9.733,2400.898,9.732,2402.449,9.738,2395.447,9.71,-999,-999,0.993,0.9713,-1.0,1.0,-1.0,-1.0,-1.0,-1.0,-999,-999,-999,-999,-999,-25539.5,-32.7281,-999,-999,-999,-999,-999,-999,-999,10897282,729829
25603,2.231,LH2,-1.723,19.0,-1.82,18.5,SHMSHEE,0.54,0.4,-999,-999,4300.495,9.739,4435.161,10.044,4427.123,10.025,4430.738,10.033,4413.769,9.995,-999,-999,0.9944,0.9782,-1.0,1.0,-1.0,-1.0,-1.0,-1.0,-999,-999,-999,-999,-999,-27052.5,-24.7667,-999,-999,-999,-999,-999,-999,-999,20133428,1330295
27106,6.4724,LH2,1.67,47.91,-5.52,13.005,SHMSHEEP,-999,-999,-999,-999,38.022,18.078,38.044,18.089,38.446,18.28,216.751,103.06,38.652,18.378,0.0,0.9997,0.9985,0.7914,-1.0,-1.0,-1.0,-1.0,1.0,-1.0,-999,-999,-999,-999,-999,-999,-999,-999,-999,-999,-999,-999,-999,-999,572,42963717
27107,6.4724,Dummy,1.67,47.91,-5.52,13.005,SHMSHEEP,-999,-999,-999,-999,66.173,36.547,66.162,36.54,66.593,36.779,258.743,142.901,66.89,36.943,0.9999,0.9996,0.9972,0.7476,-1.0,-1.0,-1.0,-1.0,1.0,-1.0,-999,-999,-999,-999,-999,-999,-999,-999,-999,-999,-999,-999,-999,-999,920,26415388
27108,6.4724,Dummy,1.67,47.91,-5.52,13.005,SHMSHEE,1.03,1.8,-999,-999,31130.369,40.488,31132.899,40.492,31208.617,40.59,115227.036,149.865,31361.294,40.789,-999,-999,0.996,0.6696,9.0,-1.0,-1.0,-1.0,-1.0,-1.0,-999,-999,-999,-999,-999,-14510.2,-20.5219,-999,-999,-999,-999,-999,-999,-999,401,12413835
27109,6.4724,LH2,1.67,47.91,-5.52,13.005,SHMSHEE,1.03,1.8,-999,-999,56318.663,39.78,56348.684,39.801,56371.401,39.817,208583.348,147.331,56664.524,40.024,-999,-999,0.9952,0.6586,33.0,-1.0,-1.0,-1.0,-1.0,-1.0,-999,-999,-999,-999,-999,-42246.8,-49.8605,-999,-999,-999,-999,-999,-999,-999,823,62627678
27113,6.4724,LH2,-1.165,31.28,-2.766,8.275,HMSDIS,0.22,2.2,-999,-999,27241.602,27.852,27227.115,27.837,27341.925,27.954,149002.979,152.34,27456.636,28.072,0.9998,0.9985,-999,-999,-1.0,-1.0,17.0,-1.0,-1.0,-1.0,-999,-999,-999,-999,-999,19.3697,0.110036,-999,-999,-999,-999,-999,-999,-999,781651,270706998
27114,6.4724,LH2,-1.165,31.28,-2.766,8.275,HMSDIS,0.22,2.2,-999,-999,21501.812,27.553,21496.515,27.547,21541.637,27.604,117685.305,150.807,21633.75,27.723,0.9766,0.9761,-999,-999,-1.0,-1.0,-1.0,1.0,-1.0,-1.0,-999,-999,-999,-999,-999,19.1941,0.0302938,-999,-999,-999,-999,-999,-999,-999,616391,213618100
27115,6.4724,LH2,-1.165,31.28,-2.766,8.275,HMSDIS,0.22,2.2,-999,-999,16281.01,27.196,16280.136,27.194,16355.393,27.32,89033.557,148.72,16441.276,27.463,0.9998,0.9985,-999,-999,-1.0,-1.0,-1.0,1.0,-1.0,-1.0,-999,-999,-999,-999,-999,19.1774,0.0343894,-999,-999,-999,-999,-999,-999,-999,467475,162016192
27116,6.4724,LH2,-1.165,31.28,-2.766,8.275,SHMSDIS,0.05,0.4,-999,-999,13498.587,26.996,13502.332,27.004,13599.012,27.197,73877.368,147.749,13680.939,27.361,-999,-999,0.9855,0.9793,513.0,-1.0,-1.0,-1.0,-1.0,-1.0,-999,-999,-999,-999,-999,-646594.0,-1578.85,-999,-999,-999,-999,-999,-999,-999,388111,134379858
27118,6.4724,LH2,-1.165,31.28,-2.766,8.275,HMSDIS,0.22,2.2,-999,-999,24411.151,27.094,24438.23,27.124,24720.652,27.438,133302.957,147.955,24861.399,27.594,0.9996,0.9988,-999,-999,-1.0,-1.0,17.0,-1.0,-1.0,-1.0,-999,-999,-999,-999,-999,20.3715,0.119079,-999,-999,-999,-999,-999,-999,-999,705089,244447168
27119,6.4724,LH2,-1.165,31.28,-2.766,8.275,HMSDIS,0.22,2.2,-999,-999,27761.301,27.324,27774.529,27.337,28120.459,27.678,152121.935,149.728,28284.527,27.839,0.9998,0.9988,-999,-999,-1.0,-1.0,-1.0,1.0,-1.0,-1.0,-999,-999,-999,-999,-999,20.135,0.0269781,-999,-999,-999,-999,-999,-999,-999,800422,277909280
27120,6.4724,LH2,-1.165,31.28,-2.766,8.275,SHMSDIS,0.05,0.4,-999,-999,30044.998,27.07,30037.834,27.063,30454.14,27.438,164370.271,148.093,30623.835,27.591,-999,-999,0.9853,0.9782,257.0,-1.0,-1.0,-1.0,-1.0,-1.0,-999,-999,-999,-999,-999,-645130.0,-748.465,-999,-999,-999,-999,-999,-999,-999,868687,300692200
27121,6.4724,LH2,-1.165,31.28,-2.766,8.275,SHMSDIS,0.05,0.4,-999,-999,25692.577,27.907,25687.587,27.902,26033.515,28.277,140248.817,152.338,26184.376,28.441,-999,-999,0.9883,0.9551,-1.0,129.0,-1.0,-1.0,-1.0,-1.0,-999,-999,-999,-999,-999,-566849.0,-536.689,-999,-999,-999,-999,-999,-999,-999,741722,256983202
27122,6.4724,LH2,-1.165,31.28,-2.766,8.275,PI-SIDIS,0.22,2.2,0.52,2.0,51.233,27.608,51.235,27.609,51.599,27.805,279.757,150.751,51.818,27.923,0.9997,0.9989,0.9843,0.977,-1.0,-1.0,-1.0,-1.0,-1.0,1.0,-999,-999,1326.0,874.231,36.8884,17.4716,0.73722,51.3922,0.424779,-999,-999,-999,-999,-999,1479435,512459259
27123,6.4724,LH2,-1.165,31.28,-2.766,8.275,PI-SIDIS,0.22,2.2,0.52,2.0,47.43,27.265,47.457,27.281,47.688,27.413,259.791,149.341,47.929,27.552,0.9998,0.9986,0.9848,0.9765,-1.0,-1.0,-1.0,-1.0,-1.0,1.0,-999,-999,1146.0,732.769,34.3189,15.8167,0.74077,51.4007,0.438162,-999,-999,-999,-999,-999,1371090,475145843
27124,6.4724,LH2,-1.165,31.28,-2.766,8.275,PI-SIDIS,0.22,2.2,0.52,2.0,51.145,27.199,51.199,27.227,51.638,27.461,280.037,148.921,51.943,27.623,0.9999,0.999,0.984,0.977,-1.0,-1.0,-1.0,-1.0,-1.0,1.0,-999,-999,1314.0,868.0,36.7193,17.3557,0.734203,51.3883,0.439571,-999,-999,-999,-999,-999,1477661,513117603
27125,6.4724,LH2,-1.165,31.28,-2.766,8.275,PI-SIDIS,0.22,2.2,0.52,2.0,43.566,27.481,43.564,27.479,44.063,27.794,238.036,150.149,44.332,27.964,0.9998,0.9988,0.9852,0.9764,-1.0,-1.0,-1.0,-1.0,-1.0,1.0,-999,-999,1120.0,728.0,33.9139,17.1197,0.797521,51.4029,0.437411,-999,-999,-999,-999,-999,1259229,436716971
27126,6.4724,LH2,-1.165,31.28,-2.766,8.275,PI-SIDIS,0.22,2.2,0.52,2.0,20.336,27.774,20.326,27.761,20.589,28.12,110.809,151.344,20.709,28.285,0.9999,0.9986,0.9831,0.9745,-1.0,-1.0,-1.0,-1.0,-1.0,1.0,-999,-999,523.0,344.231,23.1679,17.3822,1.16988,51.3771,0.418467,-999,-999,-999,-999,-999,587758,203692243
27127,6.4724,LH2,-1.165,31.28,-2.766,8.275,PI-SIDIS,0.22,2.2,0.52,2.0,73.448,27.555,73.451,27.556,74.158,27.822,401.918,150.786,74.496,27.948,0.9999,0.9988,0.9835,0.9754,-1.0,-1.0,-1.0,-1.0,-1.0,1.0,-999,-999,1995.0,1338.69,45.227,18.6891,0.631403,51.3821,0.428476,-999,-999,-999,-999,-999,2123407,736105798
27128,6.4724,LH2,-1.165,31.28,-2.766,8.275,PI-SIDIS,0.22,2.2,0.52,2.0,16.513,27.336,16.523,27.353,16.559,27.411,90.398,149.646,16.62,27.513,0.9999,0.9992,0.984,0.9748,-1.0,-1.0,-1.0,-1.0,-1.0,1.0,-999,-999,438.0,288.923,21.2006,17.941,1.31648,51.4086,0.465848,-999,-999,-999,-999,-999,477221,165638125
27129,6.4724,LH2,-1.165,31.28,-2.766,8.275,PI-SIDIS,0.22,2.2,0.52,2.0,83.988,27.71,84.057,27.732,84.568,27.901,459.46,151.586,85.089,28.073,0.9998,0.9991,0.9833,0.9749,-1.0,-1.0,-1.0,-1.0,-1.0,1.0,-999,-999,2222.0,1469.38,47.7482,17.9361,0.58284,51.3956,0.429131,-999,-999,-999,-999,-999,2427371,843075106
27130,6.4724,LH2,-1.165,31.28,-2.766,8.275,PI-SIDIS,0.22,2.2,0.52,2.0,50.062,27.722,50.048,27.714,50.606,28.023,273.344,151.366,50.924,28.199,0.9998,0.9989,0.9841,0.9744,-1.0,-1.0,-1.0,-1.0,-1.0,1.0,-999,-999,1289.0,852.923,36.3668,17.4948,0.745942,51.261,0.409333,-999,-999,-999,-999,-999,1446346,502199020
27131,6.4724,LH2,-1.165,31.28,-2.766,8.275,PI-SIDIS,0.22,2.2,0.52,2.0,52.434,27.85,52.423,27.844,53.005,28.153,286.113,151.964,53.302,28.31,0.9998,0.9991,0.9826,0.9746,-1.0,-1.0,-1.0,-1.0,-1.0,1.0,-999,-999,1323.0,852.846,36.8669,16.6978,0.721815,51.2585,0.430748,-999,-999,-999,-999,-999,1515696,525994843
27132,6.4724,LH2,-1.165,31.28,-2.766,8.275,PI-SIDIS,0.22,2.2,0.52,2.0,7.779,27.894,7.779,27.895,7.829,28.072,42.485,152.34,7.862,28.193,1.0,0.9991,0.9719,0.9615,-1.0,-1.0,-1.0,-1.0,1.0,-1.0,-999,-999,181.0,110.077,13.6549,14.7861,1.8342,51.2463,0.360245,-999,-999,-999,-999,-999,224429,78018352
27133,6.4724,LH2,-1.165,31.28,-2.766,8.275,PI-SIDIS,0.22,2.2,0.52,2.0,34.63,27.374,34.638,27.38,34.766,27.481,188.857,149.284,34.914,27.598,0.9998,0.999,0.9709,0.9619,-1.0,-1.0,-1.0,-1.0,1.0,-1.0,-999,-999,930.0,615.231,30.8903,18.5543,0.931598,51.3294,0.45804,-999,-999,-999,-999,-999,1001708,347428667
27134,6.4724,LH2,-1.165,31.28,-2.766,8.275,HMSDIS,0.22,2.2,-999,-999,25096.736,27.454,25113.473,27.472,25249.034,27.621,137197.024,150.083,25390.667,27.775,0.9998,0.9989,-999,-999,-1.0,-1.0,-1.0,1.0,-1.0,-1.0,-999,-999,-999,-999,-999,20.2261,0.0284377,-999,-999,-999,-999,-999,-999,-999,728013,252155022
27135,6.4724,Dummy,-1.165,31.28,-2.766,8.275,PI-SIDIS,0.22,2.2,0.52,2.0,81.141,41.153,81.253,41.21,82.001,41.59,298.952,151.623,82.547,41.866,0.9997,0.9991,0.9863,0.9775,-1.0,-1.0,-1.0,-1.0,-1.0,1.0,-999,-999,619.0,471.385,25.1069,5.93676,0.316204,51.2547,0.403031,-999,-999,-999,-999,-999,823721,328931040
27136,6.4724,Dummy,-1.165,31.28,-2.766,8.275,PI-SIDIS,0.22,2.2,0.52,2.0,80.523,41.176,80.547,41.188,81.258,41.552,296.337,151.533,81.676,41.766,0.9998,0.9993,0.9867,0.9767,-1.0,-1.0,-1.0,-1.0,-1.0,1.0,-999,-999,586.0,438.385,24.4408,5.57373,0.310747,51.2686,0.450044,-999,-999,-999,-999,-999,817357,325983609
27137,6.4724,Dummy,-1.165,31.28,-2.766,8.275,PI-SIDIS,0.22,2.2,0.52,2.0,78.927,41.204,78.942,41.213,79.133,41.312,290.339,151.575,79.471,41.488,0.9999,0.9994,0.9862,0.9775,-1.0,-1.0,-1.0,-1.0,-1.0,1.0,-999,-999,631.0,488.615,25.3368,6.33281,0.328383,51.3285,0.367286,-999,-999,-999,-999,-999,801637,319220650
27138,6.4724,Dummy,-1.165,31.28,-2.766,8.275,HMSDIS,0.22,2.2,-999,-999,36918.6,40.565,36933.006,40.581,37009.194,40.665,136568.574,150.059,37206.105,40.881,0.9998,0.9989,-999,-999,-1.0,-1.0,-1.0,1.0,-1.0,-1.0,-999,-999,-999,-999,-999,7.03781,0.013813,-999,-999,-999,-999,-999,-999,-999,375370,149392966
27139,6.4724,LH2,-1.165,31.28,-2.766,8.275,PI-SIDIS,0.22,2.2,0.52,2.0,46.114,27.319,46.136,27.332,46.575,27.592,251.744,149.14,46.869,27.766,0.9998,0.999,0.9826,0.9749,-1.0,-1.0,-1.0,-1.0,-1.0,1.0,-999,-999,1128.0,726.615,34.0423,16.1594,0.757077,51.235,0.417465,-999,-999,-999,-999,-999,1336377,463869701
27140,6.4724,LH2,-1.165,31.28,-2.766,8.275,PI-SIDIS,0.22,2.2,0.52,2.0,49.755,27.59,49.81,27.621,50.226,27.851,271.797,150.717,50.475,27.99,0.9998,0.9988,0.9835,0.9752,-1.0,-1.0,-1.0,-1.0,-1.0,1.0,-999,-999,1304.0,868.692,36.5716,17.8894,0.753136,51.241,0.407071,-999,-999,-999,-999,-999,1443539,500641444
27141,6.4724,LH2,-1.165,31.28,-2.766,8.275,PI-SIDIS,0.22,2.2,0.52,2.0,50.453,27.555,50.467,27.562,50.604,27.637,275.191,150.295,50.833,27.763,0.9998,0.9989,0.9831,0.9751,-1.0,-1.0,-1.0,-1.0,-1.0,1.0,-999,-999,1325.0,878.615,36.8692,17.8597,0.749442,51.2782,0.40421,-999,-999,-999,-999,-999,1461139,506726286
27142,6.4724,LH2,-1.165,31.28,-2.766,8.275,PI-SIDIS,0.22,2.2,0.52,2.0,51.429,27.879,51.406,27.867,51.581,27.962,280.45,152.029,51.87,28.118,0.9998,0.9987,0.9838,0.9741,-1.0,-1.0,-1.0,-1.0,-1.0,1.0,-999,-999,1257.0,787.154,35.9603,15.7244,0.718354,51.2776,0.389002,-999,-999,-999,-999,-999,1488422,515958927
27143,6.4724,LH2,-1.165,31.28,-2.766,8.275,PI-SIDIS,0.22,2.2,0.52,2.0,50.278,27.652,50.272,27.649,50.785,27.931,274.498,150.968,51.111,28.11,0.9999,0.9989,0.9841,0.974,-1.0,-1.0,-1.0,-1.0,-1.0,1.0,-999,-999,1325.0,887.077,36.8604,18.1199,0.752929,51.2123,0.40745,-999,-999,-999,-999,-999,1454646,504924931
27144,6.4724,LH2,-1.165,31.28,-2.766,8.275,PI-SIDIS,0.22,2.2,0.52,2.0,49.223,27.681,49.245,27.694,49.669,27.932,268.165,150.807,49.915,28.07,0.9997,0.9985,0.9833,0.974,-1.0,-1.0,-1.0,-1.0,-1.0,1.0,-999,-999,1265.0,831.308,36.0328,17.3385,0.75153,51.2245,0.383047,-999,-999,-999,-999,-999,1426144,494859523
27145,6.4724,LH2,-1.165,31.28,-2.766,8.275,PI-SIDIS,0.22,2.2,0.52,2.0,44.732,27.601,44.777,27.628,44.948,27.734,243.745,150.397,45.145,27.856,0.9999,0.9986,0.984,0.9729,-1.0,-1.0,-1.0,-1.0,-1.0,1.0,-999,-999,1223.0,826.385,35.4049,18.973,0.812864,51.3163,0.444567,-999,-999,-999,-999,-999,1297163,449844349
27146,6.4724,LH2,-1.165,31.28,-2.766,8.275,PI-SIDIS,0.22,2.2,0.52,2.0,56.652,27.569,56.681,27.583,56.943,27.71,309.126,150.431,57.268,27.869,0.9997,0.9986,0.9822,0.9751,-1.0,-1.0,-1.0,-1.0,-1.0,1.0,-999,-999,1487.0,977.846,39.0662,17.6988,0.707089,51.2515,0.398734,-999,-999,-999,-999,-999,1640264,569598985
27147,6.4724,LH2,-1.165,31.28,-2.766,8.275,PI-SIDIS,0.22,2.2,0.52,2.0,50.714,27.93,50.693,27.918,51.266,28.234,276.012,152.009,51.591,28.413,0.9998,0.9988,0.983,0.9755,-1.0,-1.0,-1.0,-1.0,-1.0,1.0,-999,-999,1320.0,863.615,36.8118,17.4688,0.744612,51.2235,0.409047,-999,-999,-999,-999,-999,1471142,509665560
27148,6.4724,LH2,-1.165,31.28,-2.766,8.275,PI-SIDIS,0.22,2.2,0.52,2.0,11.252,27.235,11.251,27.23,11.366,27.51,61.431,148.686,11.423,27.647,1.0,0.9993,0.9824,0.9718,-1.0,-1.0,-1.0,-1.0,-1.0,1.0,-999,-999,320.0,217.923,18.1067,19.9338,1.65625,51.2475,0.430936,-999,-999,-999,-999,-999,326016,113134857
27149,6.4724,LH2,-1.165,31.28,-2.766,8.275,PI-SIDIS,0.22,2.2,0.52,2.0,31.396,27.827,31.398,27.829,31.561,27.973,171.041,151.597,31.696,28.093,0.9999,0.9983,0.9823,0.9721,-1.0,-1.0,-1.0,-1.0,-1.0,1.0,-999,-999,826.0,543.538,29.1158,17.8121,0.95414,51.2398,0.419801,-999,-999,-999,-999,-999,909332,315708398
27150,6.4724,Dummy,-1.165,31.28,-2.766,8.275,PI-SIDIS,0.22,2.2,0.52,2.0,72.63,40.63,72.71,40.675,72.766,40.706,268.016,149.931,73.123,40.906,0.9999,0.9986,0.9844,0.9781,-1.0,-1.0,-1.0,-1.0,-1.0,1.0,-999,-999,563.0,437.308,23.9305,6.14997,0.33654,51.3022,0.378724,-999,-999,-999,-999,-999,737410,294759042
27151,6.4724,Dummy,-1.165,31.28,-2.766,8.275,PI-SIDIS,0.22,2.2,0.52,2.0,70.932,41.331,71.036,41.392,70.973,41.354,260.826,151.978,71.351,41.575,0.9999,0.998,0.9876,0.9749,-1.0,-1.0,-1.0,-1.0,-1.0,1.0,-999,-999,493.0,361.923,22.4295,5.22672,0.323916,51.3079,0.402808,-999,-999,-999,-999,-999,720317,287682162
27152,6.4724,Dummy,-1.165,31.28,-2.766,8.275,PI-SIDIS,0.22,2.2,0.52,2.0,60.623,41.197,60.651,41.216,60.951,41.42,222.774,151.389,61.374,41.707,0.9998,0.9983,0.9855,0.9785,-1.0,-1.0,-1.0,-1.0,-1.0,1.0,-999,-999,410.0,297.692,20.4607,5.01724,0.34484,51.2408,0.345573,-999,-999,-999,-999,-999,616009,245773212
27153,6.4724,LH2,-1.165,31.28,-2.766,8.275,PI-SIDIS,0.22,2.2,0.52,2.0,16.079,27.859,16.07,27.845,16.239,28.137,87.675,151.914,16.348,28.327,0.9999,0.9986,0.9835,0.9737,-1.0,-1.0,-1.0,-1.0,-1.0,1.0,-999,-999,420.0,277.154,20.7603,17.7165,1.32706,51.2092,0.406756,-999,-999,-999,-999,-999,465798,161772795
27154,6.4724,LH2,-1.165,31.28,-2.766,8.275,PI-SIDIS,0.22,2.2,0.52,2.0,54.994,27.709,55.002,27.713,55.365,27.896,299.254,150.781,55.623,28.026,0.9998,0.9983,0.9813,0.9744,-1.0,-1.0,-1.0,-1.0,-1.0,1.0,-999,-999,1422.0,933.769,38.2041,17.4279,0.713045,51.4721,0.44802,-999,-999,-999,-999,-999,1594744,553189361
27155,6.4724,LH2,-1.165,31.28,-2.766,8.275,PI-SIDIS,0.22,2.2,0.52,2.0,45.123,27.797,45.142,27.809,45.263,27.884,245.684,151.352,45.482,28.019,0.9999,0.9986,0.9821,0.9727,-1.0,-1.0,-1.0,-1.0,-1.0,1.0,-999,-999,1202.0,801.385,35.1115,18.2541,0.799776,51.5035,0.412223,-999,-999,-999,-999,-999,1307850,453624765
27156,6.4724,LH2,-1.165,31.28,4.978,8.275,PI+SIDIS,0.22,2.2,0.94,2.0,77.015,49.947,77.11,50.009,77.388,50.189,229.852,149.067,77.773,50.438,0.9997,0.9991,0.9865,0.9829,-1.0,-1.0,-1.0,-1.0,-1.0,1.0,-999,-999,1983.0,1870.46,44.628,24.6877,0.589032,51.1516,0.42479,-999,-999,-999,-999,-999,2206041,29647301
27157,6.4724,LH2,-1.165,31.28,4.978,8.275,PI+SIDIS,0.22,2.2,0.94,2.0,22.657,51.536,22.683,51.593,22.828,51.925,66.739,151.804,22.98,52.269,0.9994,0.9985,0.988,0.9835,-1.0,-1.0,-1.0,-1.0,-1.0,1.0,-999,-999,593.0,558.308,24.4063,25.0414,1.09468,51.1015,0.423694,-999,-999,-999,-999,-999,647555,8700180
27158,6.4724,LH2,-1.165,31.28,4.978,8.275,PI+SIDIS,0.22,2.2,0.94,2.0,70.864,50.208,70.951,50.269,71.504,50.661,210.883,149.411,71.871,50.921,0.9998,0.9988,0.9861,0.9836,-1.0,-1.0,-1.0,-1.0,-1.0,1.0,-999,-999,1796.0,1689.85,42.4755,24.2206,0.608801,51.1095,0.43885,-999,-999,-999,-999,-999,2029611,27291485
27159,6.4724,LH2,-1.165,31.28,4.978,8.275,HMSDIS,0.22,2.2,-999,-999,46461.401,50.639,46526.279,50.71,46872.221,51.087,137833.841,150.228,47122.663,51.36,0.9998,0.9986,-999,-999,-1.0,-1.0,-1.0,2.0,-1.0,-1.0,-999,-999,-999,-999,-999,20.1375,0.029442,-999,-999,-999,-999,-999,-999,-999,1325310,17945325
27160,6.4724,Dummy,-1.165,31.28,4.978,8.275,PI+SIDIS,0.22,2.2,0.94,2.0,83.325,41.14,83.333,41.145,83.638,41.295,306.531,151.345,84.096,41.521,1.0,0.9984,0.9898,0.9818,-1.0,-1.0,-1.0,-1.0,-1.0,1.0,-999,-999,421.0,414.385,20.5307,5.06481,0.250936,51.1187,0.461579,-999,-999,-999,-999,-999,839668,6575919
27161,6.4724,Dummy,-1.165,31.28,4.978,8.275,HMSDIS,0.22,2.2,-999,-999,41576.834,41.52,41578.222,41.521,41691.466,41.634,152554.304,152.344,41919.719,41.862,0.9997,0.9987,-999,-999,-1.0,-1.0,-1.0,2.0,-1.0,-1.0,-999,-999,-999,-999,-999,7.03101,0.0183948,-999,-999,-999,-999,-999,-999,-999,419708,3282257
27162,6.4724,LH2,-1.165,31.28,2.766,8.275,PI+SIDIS,0.22,2.2,0.52,2.0,13.524,19.583,13.522,19.58,13.591,19.679,76.495,110.766,13.659,19.779,0.9999,0.9979,0.976,0.9815,-1.0,-1.0,-1.0,-1.0,-1.0,1.0,-999,-999,538.0,426.692,23.3787,32.156,1.76184,51.0813,0.432228,-999,-999,-999,-999,-999,392363,15882335
27163,6.4724,LH2,-1.165,31.28,2.766,8.275,PI+SIDIS,0.22,2.2,0.52,2.0,49.964,30.741,49.964,30.741,50.11,30.831,245.245,150.891,50.386,31.001,0.9999,0.9987,0.977,0.9795,-1.0,-1.0,-1.0,-1.0,-1.0,1.0,-999,-999,2226.0,1563.85,47.7172,31.9613,0.975227,51.1628,0.420363,-999,-999,-999,-999,-999,1434940,60584461
27164,6.4724,LH2,-1.165,31.28,2.766,8.275,PI+SIDIS,0.22,2.2,0.52,2.0,49.053,30.725,49.059,30.729,49.5,31.006,240.915,150.902,49.841,31.219,0.9998,0.9986,0.9815,0.9792,-1.0,-1.0,-1.0,-1.0,-1.0,1.0,-999,-999,2267.0,1638.15,48.1183,34.1103,1.00194,51.122,0.439988,-999,-999,-999,-999,-999,1409582,59584300
27165,6.4724,LH2,-1.165,31.28,2.766,8.275,PI+SIDIS,0.22,2.2,0.52,2.0,49.1,30.546,49.08,30.534,49.674,30.903,240.979,149.919,49.975,31.09,0.9998,0.9985,0.9812,0.9796,-1.0,-1.0,-1.0,-1.0,-1.0,1.0,-999,-999,2225.0,1588.54,47.686,33.0504,0.992133,51.1102,0.420929,-999,-999,-999,-999,-999,1410191,59661261
27166,6.4724,LH2,-1.165,31.28,2.766,8.275,PI+SIDIS,0.22,2.2,0.52,2.0,53.724,30.871,53.695,30.854,54.039,31.052,263.268,151.279,54.265,31.182,0.9998,0.9986,0.9777,0.9789,-1.0,-1.0,-1.0,-1.0,-1.0,1.0,-999,-999,2338.0,1642.15,48.9032,31.252,0.930682,51.1704,0.412307,-999,-999,-999,-999,-999,1542683,65033360
27167,6.4724,LH2,-1.165,31.28,2.766,8.275,PI+SIDIS,0.22,2.2,0.52,2.0,53.32,30.719,53.298,30.706,53.51,30.828,261.649,150.742,53.786,30.987,0.9999,0.9983,0.9791,0.9785,-1.0,-1.0,-1.0,-1.0,-1.0,1.0,-999,-999,2438.0,1747.92,49.9107,33.5234,0.957238,51.1531,0.429417,-999,-999,-999,-999,-999,1530154,64402789
27168,6.4724,LH2,-1.165,31.28,2.766,8.275,PI+SIDIS,0.22,2.2,0.52,2.0,54.109,30.803,54.09,30.793,54.529,31.042,265.512,151.153,54.873,31.239,0.9999,0.9987,0.9789,0.9794,-1.0,-1.0,-1.0,-1.0,-1.0,1.0,-999,-999,2473.0,1768.38,50.2713,33.3878,0.949143,51.0396,0.42691,-999,-999,-999,-999,-999,1554893,65509446
27169,6.4724,LH2,-1.165,31.28,2.766,8.275,PI+SIDIS,0.22,2.2,0.52,2.0,48.662,30.688,48.662,30.688,49.149,30.995,239.061,150.76,49.447,31.183,0.9999,0.9986,0.9789,0.9788,-1.0,-1.0,-1.0,-1.0,-1.0,1.0,-999,-999,2174.0,1546.38,47.141,32.4733,0.989939,51.0404,0.41578,-999,-999,-999,-999,-999,1396464,59042230
27170,6.4724,LH2,-1.165,31.28,2.766,8.275,PI+SIDIS,0.22,2.2,0.52,2.0,45.906,30.44,45.913,30.444,46.405,30.77,225.922,149.804,46.67,30.946,0.9998,0.9987,0.9809,0.9793,-1.0,-1.0,-1.0,-1.0,-1.0,1.0,-999,-999,2164.0,1569.0,47.0082,34.9055,1.04579,51.0163,0.426966,-999,-999,-999,-999,-999,1321785,55787265
27171,6.4724,LH2,-1.165,31.28,2.766,8.275,PI+SIDIS,0.22,2.2,0.52,2.0,55.666,30.997,55.625,30.974,56.219,31.306,272.989,152.013,56.527,31.477,0.9998,0.9987,0.9686,0.968,-1.0,-1.0,-1.0,-1.0,1.0,-1.0,-999,-999,2565.0,1820.46,51.2081,34.1053,0.959355,51.0047,0.411818,-999,-999,-999,-999,-999,1599925,67621810
27172,6.4724,LH2,-1.165,31.28,2.766,8.275,PI+SIDIS,0.22,2.2,0.52,2.0,32.177,30.991,32.154,30.968,32.488,31.29,158.17,152.339,32.664,31.46,0.9998,0.9986,0.9792,0.9812,-1.0,-1.0,-1.0,-1.0,-1.0,1.0,-999,-999,1408.0,987.462,37.9519,31.3076,1.20327,50.9966,0.435199,-999,-999,-999,-999,-999,924778,39053524
27173,6.4724,LH2,-1.165,31.28,2.766,8.275,PI+SIDIS,0.22,2.2,0.52,2.0,30.348,30.856,30.328,30.837,30.642,31.156,148.93,151.427,30.801,31.318,0.9999,0.9985,0.9758,0.9804,-1.0,-1.0,-1.0,-1.0,-1.0,1.0,-999,-999,1367.0,966.692,37.3871,32.5182,1.25765,51.0126,0.419617,-999,-999,-999,-999,-999,873419,36835513
27174,6.4724,LH2,-1.165,31.28,2.766,8.275,HMSDIS,0.22,2.2,-999,-999,27433.71,30.805,27420.148,30.79,27699.387,31.103,134810.92,151.377,27841.857,31.263,0.9998,0.9987,-999,-999,-1.0,-1.0,-1.0,1.0,-1.0,-1.0,-999,-999,-999,-999,-999,20.23,0.0272396,-999,-999,-999,-999,-999,-999,-999,789180,33301848
27175,6.4724,LH2,-1.165,31.28,2.766,8.275,HMSDIS,0.22,2.2,-999,-999,27451.703,30.76,27442.967,30.75,27716.356,31.057,135041.819,151.316,27863.706,31.222,0.9998,0.9987,-999,-999,-1.0,-1.0,17.0,-1.0,-1.0,-1.0,-999,-999,-999,-999,-999,20.3341,0.112307,-999,-999,-999,-999,-999,-999,-999,789836,33342469
27176,6.4724,Dummy,-1.165,31.28,2.766,8.275,PI+SIDIS,0.22,2.2,0.52,2.0,72.349,40.949,72.376,40.964,73.071,41.358,266.775,150.993,73.486,41.592,0.9999,0.999,0.9867,0.9851,-1.0,-1.0,-1.0,-1.0,-1.0,1.0,-999,-999,807.0,658.538,28.608,9.2375,0.401293,51.02,0.424614,-999,-999,-999,-999,-999,730862,23996914
27177,6.4724,Dummy,-1.165,31.28,2.766,8.275,PI+SIDIS,0.22,2.2,0.52,2.0,69.181,40.462,69.17,40.455,69.845,40.85,256.081,149.774,70.24,41.081,0.9997,0.9991,0.9837,0.9838,-1.0,-1.0,-1.0,-1.0,-1.0,1.0,-999,-999,744.0,599.615,27.4792,8.8143,0.403942,51.0516,0.419184,-999,-999,-999,-999,-999,699129,22958343
27178,6.4724,Dummy,-1.165,31.28,2.766,8.275,PI+SIDIS,0.22,2.2,0.52,2.0,71.916,40.768,71.874,40.745,72.569,41.139,265.717,150.632,72.979,41.371,0.9999,0.9987,0.9857,0.9853,-1.0,-1.0,-1.0,-1.0,-1.0,1.0,-999,-999,767.0,621.077,27.8967,8.77137,0.39398,51.0425,0.411699,-999,-999,-999,-999,-999,724932,23867831
27179,6.4724,Dummy,-1.165,31.28,2.766,8.275,HMSDIS,0.22,2.2,-999,-999,40986.043,40.522,40970.652,40.507,41368.358,40.9,151334.463,149.62,41589.012,41.118,0.9999,0.999,-999,-999,-1.0,-1.0,-1.0,1.0,-1.0,-1.0,-999,-999,-999,-999,-999,7.04701,0.0131225,-999,-999,-999,-999,-999,-999,-999,414952,13613461
27180,6.4724,LH2,-1.165,31.28,2.766,8.275,PI+SIDIS,0.22,2.2,0.52,2.0,51.649,30.632,51.626,30.618,52.107,30.904,253.891,150.578,52.379,31.065,0.9998,0.9991,0.9803,0.9816,-1.0,-1.0,-1.0,-1.0,-1.0,1.0,-999,-999,2244.0,1565.46,47.9186,30.9014,0.945888,51.0066,0.438843,-999,-999,-999,-999,-999,1488610,62983814
27181,6.4724,LH2,-1.165,31.28,2.766,8.275,PI+SIDIS,0.22,2.2,0.52,2.0,45.628,30.649,45.621,30.644,46.045,30.929,224.657,150.904,46.282,31.088,0.9998,0.999,0.9802,0.9821,-1.0,-1.0,-1.0,-1.0,-1.0,1.0,-999,-999,2119.0,1516.85,46.533,33.8657,1.03891,51.0018,0.427291,-999,-999,-999,-999,-999,1314235,55622568
27182,6.4724,LH2,-1.165,31.28,2.766,8.275,PI+SIDIS,0.22,2.2,0.52,2.0,54.75,30.859,54.714,30.839,55.227,31.128,269.465,151.881,55.504,31.284,0.9998,0.9989,0.981,0.982,-1.0,-1.0,-1.0,-1.0,-1.0,1.0,-999,-999,2499.0,1793.38,50.53,33.3874,0.940714,51.0237,0.425703,-999,-999,-999,-999,-999,1575093,66654753
27183,6.4724,LH2,-1.165,31.28,2.766,8.275,PI+SIDIS,0.22,2.2,0.52,2.0,56.527,30.691,56.467,30.659,57.012,30.954,278.004,150.94,57.291,31.106,0.9999,0.9992,0.9798,0.982,-1.0,-1.0,-1.0,-1.0,-1.0,1.0,-999,-999,2622.0,1883.08,51.7575,33.9629,0.933492,51.0177,0.428528,-999,-999,-999,-999,-999,1626226,68735455
27184,6.4724,LH2,-1.165,31.28,2.766,8.275,PI+SIDIS,0.22,2.2,0.52,2.0,56.461,30.687,56.415,30.662,56.977,30.968,278.073,151.136,57.258,31.12,0.9998,0.999,0.9824,0.9825,-1.0,-1.0,-1.0,-1.0,-1.0,1.0,-999,-999,2532.0,1802.77,50.8733,32.5338,0.918088,51.0344,0.434947,-999,-999,-999,-999,-999,1623409,68663296
27185,6.4724,LH2,-1.165,31.28,2.766,8.275,PI+SIDIS,0.22,2.2,0.52,2.0,59.266,30.947,59.236,30.932,59.814,31.233,291.741,152.339,60.109,31.388,0.9998,0.9991,0.9827,0.9831,-1.0,-1.0,-1.0,-1.0,-1.0,1.0,-999,-999,2788.0,2007.38,53.3671,34.481,0.91669,51.0012,0.439547,-999,-999,-999,-999,-999,1705165,72121035
27186,6.4724,Dummy,-1.165,31.28,2.766,8.275,PI+SIDIS,0.22,2.2,0.52,2.0,75.873,40.696,75.884,40.702,76.637,41.105,280.832,150.628,77.044,41.323,0.9998,0.9993,0.9858,0.9843,-1.0,-1.0,-1.0,-1.0,-1.0,1.0,-999,-999,799.0,644.538,28.476,8.63111,0.381326,51.0505,0.399564,-999,-999,-999,-999,-999,767753,25252988
27187,6.4724,Dummy,-1.165,31.28,2.766,8.275,PI+SIDIS,0.22,2.2,0.52,2.0,52.201,40.395,52.173,40.373,52.739,40.811,193.457,149.704,53.013,41.023,0.9999,0.9992,0.9854,0.9848,-1.0,-1.0,-1.0,-1.0,-1.0,1.0,-999,-999,583.0,470.462,24.324,9.15794,0.473487,51.0262,0.431954,-999,-999,-999,-999,-999,526993,17381953
27188,6.4724,Dummy,-1.165,31.28,2.766,8.275,PI+SIDIS,0.22,2.2,0.52,2.0,94.544,40.773,94.518,40.762,95.62,41.237,349.548,150.746,96.1,41.444,0.9998,0.9989,0.9854,0.9861,-1.0,-1.0,-1.0,-1.0,-1.0,1.0,-999,-999,1069.0,871.692,32.9269,9.35468,0.353359,51.0421,0.423371,-999,-999,-999,-999,-999,957028,31578533
27189,6.4724,LH2,-1.165,44.83,5.154,10.24,PI+SIDIS,0.44,4.4,0.97,2.0,39.255,46.419,39.315,46.49,39.477,46.681,121.163,143.275,39.658,46.895,0.9987,1.0,1.0,0.9824,-1.0,-1.0,-1.0,-1.0,-1.0,1.0,-999,-999,134.0,132.0,11.5825,3.4221,0.300275,51.0743,0.667251,-999,-999,-999,-999,-999,139216,5095360
27190,6.4724,LH2,-1.165,44.83,5.154,10.24,PI+SIDIS,0.44,4.4,0.97,2.0,83.345,50.613,83.448,50.676,84.138,51.094,247.919,150.553,84.635,51.396,1.0,0.9993,1.0,0.981,-1.0,-1.0,-1.0,-1.0,-1.0,1.0,-999,-999,283.0,277.692,16.8347,3.39218,0.205647,51.1033,0.383335,-999,-999,-999,-999,-999,293426,10826295
27191,6.4724,LH2,-1.165,44.83,5.154,10.24,PI+SIDIS,0.44,4.4,0.97,2.0,104.723,54.18,104.845,54.244,106.141,54.914,290.957,150.533,106.732,55.22,0.9995,0.9995,0.9948,0.983,-1.0,-1.0,-1.0,-1.0,-1.0,1.0,-999,-999,353.0,347.846,18.7988,3.37689,0.182499,51.0401,0.411163,-999,-999,-999,-999,-999,368399,13648989
27192,6.4724,LH2,-1.165,44.83,5.154,10.24,HMSDIS,0.44,4.4,-999,-999,49697.658,55.6,49782.264,55.694,50468.282,56.462,134606.027,150.592,50732.638,56.758,0.9999,0.9992,-999,-999,-1.0,-1.0,-1.0,1.0,-1.0,-1.0,-999,-999,-999,-999,-999,2.36391,0.00689262,-999,-999,-999,-999,-999,-999,-999,174835,6480116
27194,6.4724,LH2,-1.165,44.83,5.154,10.24,HMSDIS,0.44,4.4,-999,-999,37031.094,56.016,37103.054,56.125,37398.29,56.571,100069.095,151.371,37546.756,56.796,0.9999,0.9992,-999,-999,-1.0,-1.0,5.0,-1.0,-1.0,-1.0,-999,-999,-999,-999,-999,2.39181,0.0179638,-999,-999,-999,-999,-999,-999,-999,130418,4820427
27195,6.4724,Dummy,-1.165,44.83,5.154,10.24,PI+SIDIS,0.44,4.4,0.97,2.0,62.231,41.128,62.259,41.146,62.376,41.223,229.736,151.828,62.695,41.434,1.0,1.0,1.0,0.9759,-1.0,-1.0,-1.0,-1.0,-1.0,1.0,-999,-999,34.0,34.0,5.83095,0.559592,0.0959692,51.1842,0.553744,-999,-999,-999,-999,-999,79859,1725365
27196,6.4724,Dummy,-1.165,44.83,5.154,10.24,PI+SIDIS,0.44,4.4,0.97,2.0,70.039,41.052,70.009,41.034,70.612,41.388,258.334,151.417,71.002,41.616,0.9932,0.9923,0.9,0.9897,-1.0,-1.0,-1.0,-1.0,-1.0,1.0,-999,-999,37.0,36.7692,6.08422,0.534306,0.0884119,51.1184,0.525515,-999,-999,-999,-999,-999,89206,1950303
27197,6.4724,Dummy,-1.165,44.83,5.154,10.24,HMSDIS,0.44,4.4,-999,-999,36375.976,41.426,36359.525,41.408,36728.751,41.828,133766.344,152.338,36928.271,42.055,0.9998,0.9992,-999,-999,-1.0,-1.0,-1.0,1.0,-1.0,-1.0,-999,-999,-999,-999,-999,0.728432,0.00447658,-999,-999,-999,-999,-999,-999,-999,46595,1008402
27198,6.4724,LH2,-1.165,44.83,5.154,10.24,PI+SIDIS,0.44,4.4,0.97,2.0,90.057,54.953,90.206,55.044,91.402,55.774,245.476,149.791,91.844,56.044,1.0,0.9989,0.9943,0.9851,-1.0,-1.0,-1.0,-1.0,-1.0,1.0,-999,-999,292.0,287.769,17.0975,3.23839,0.192406,51.0237,0.409562,-999,-999,-999,-999,-999,316879,11771402
27199,6.4724,LH2,-1.165,44.83,5.154,10.24,PI+SIDIS,0.44,4.4,0.97,2.0,99.297,56.422,99.505,56.541,100.143,56.903,267.56,152.033,100.484,57.097,0.9995,0.9978,0.9907,0.9856,-1.0,-1.0,-1.0,-1.0,-1.0,1.0,-999,-999,334.0,328.308,18.2876,3.34929,0.186565,51.0834,0.38499,-999,-999,-999,-999,-999,348108,12933504
27200,6.4724,Dummy,-1.165,44.83,5.154,10.24,PI+SIDIS,0.44,4.4,0.97,2.0,73.819,40.989,73.856,41.009,73.918,41.044,272.602,151.364,74.277,41.243,1.0,0.9921,1.0,0.9892,-1.0,-1.0,-1.0,-1.0,-1.0,1.0,-999,-999,38.0,37.6154,6.16681,0.514868,0.0844094,51.1347,0.362948,-999,-999,-999,-999,-999,94016,2042650
27201,6.4724,LH2,-1.165,44.83,3.837,10.24,PI+SIDIS,0.44,4.4,0.72,2.0,108.455,60.538,108.619,60.63,109.837,61.31,269.851,150.628,110.477,61.667,0.9999,0.9984,0.9808,0.9842,-1.0,-1.0,-1.0,-1.0,-1.0,1.0,-999,-999,565.0,513.385,23.8531,4.80299,0.223159,51.0829,0.422895,-999,-999,-999,-999,-999,379588,62997300
27202,6.4724,LH2,-1.165,44.83,3.837,10.24,PI+SIDIS,0.44,4.4,0.72,2.0,106.624,65.15,106.872,65.302,107.753,65.84,245.589,150.062,107.849,65.899,0.9999,0.9987,0.9841,0.9804,-1.0,-1.0,-1.0,-1.0,-1.0,1.0,-999,-999,513.0,459.308,22.7405,4.38416,0.217062,51.0907,0.439708,-999,-999,-999,-999,-999,370920,61850234
27203,6.4724,LH2,-1.165,44.83,3.837,10.24,PI+SIDIS,0.44,4.4,0.72,2.0,115.996,66.951,116.514,67.249,111.994,64.641,257.764,148.776,110.8,63.952,0.9998,0.9988,0.9835,0.9805,-1.0,-1.0,-1.0,-1.0,-1.0,1.0,-999,-999,542.0,478.769,23.3851,4.19167,0.204739,51.2097,0.456199,-999,-999,-999,-999,-999,402667,65580924
27204,6.4724,LH2,-1.165,44.83,3.837,10.24,PI+SIDIS,0.44,4.4,0.72,2.0,127.406,70.2,128.271,70.677,119.697,65.953,275.542,151.823,119.487,65.837,0.9999,0.9988,0.9849,0.9816,-1.0,-1.0,-1.0,-1.0,-1.0,1.0,-999,-999,596.0,528.769,24.5188,4.2002,0.194761,50.9996,0.826014,-999,-999,-999,-999,-999,438689,70823873
27206,6.4724,LH2,-1.165,44.83,3.837,10.24,PI+SIDIS,0.44,4.4,0.72,2.0,118.376,69.534,119.164,69.997,108.8,63.909,257.67,151.355,109.352,64.233,0.9999,0.9997,0.983,0.9804,-1.0,-1.0,-1.0,-1.0,-1.0,1.0,-999,-999,494.0,426.846,22.342,3.65403,0.19126,50.1562,1.08205,-999,-999,-999,-999,-999,409437,64210674
27208,6.4724,LH2,-1.165,44.83,3.837,10.24,PI+SIDIS,0.44,4.4,0.72,2.0,104.209,65.054,104.817,65.434,96.921,60.504,235.379,146.939,97.225,60.694,0.9998,0.9991,0.9874,0.9793,-1.0,-1.0,-1.0,-1.0,-1.0,1.0,-999,-999,504.0,449.231,22.5436,4.3774,0.219669,49.6241,0.493073,-999,-999,-999,-999,-999,360263,57587055
27209,6.4724,LH2,-1.165,44.83,3.837,10.24,PI+SIDIS,0.44,4.4,0.72,2.0,120.17,69.401,120.98,69.869,110.317,63.71,261.761,151.172,110.901,64.048,0.9999,0.9989,0.9827,0.9817,-1.0,-1.0,-1.0,-1.0,-1.0,1.0,-999,-999,517.0,452.538,22.8464,3.81077,0.192387,49.1973,0.56386,-999,-999,-999,-999,-999,416877,66321511
27210,6.4724,LH2,-1.165,44.83,3.837,10.24,PI+SIDIS,0.44,4.4,0.72,2.0,113.856,68.376,114.648,68.852,102.973,61.84,250.007,150.141,102.764,61.714,0.9999,0.9985,0.9816,0.9809,-1.0,-1.0,-1.0,-1.0,-1.0,1.0,-999,-999,525.0,461.462,23.0193,4.10394,0.204719,49.7095,0.557493,-999,-999,-999,-999,-999,392599,62419735
27211,6.4724,LH2,-1.165,44.83,3.837,10.24,PI+SIDIS,0.44,4.4,0.72,2.0,108.399,67.698,109.028,68.09,100.798,62.95,239.138,149.347,104.176,65.06,0.9997,0.9983,0.9849,0.9788,-1.0,-1.0,-1.0,-1.0,-1.0,1.0,-999,-999,500.0,444.231,22.4564,4.16403,0.210497,49.9327,0.468809,-999,-999,-999,-999,-999,375958,60233388
27212,6.4724,LH2,-1.165,44.83,3.837,10.24,PI+SIDIS,0.44,4.4,0.72,2.0,107.567,68.611,108.022,68.901,105.047,67.004,235.786,150.396,105.841,67.51,1.0,0.999,0.9816,0.9774,-1.0,-1.0,-1.0,-1.0,-1.0,1.0,-999,-999,448.0,390.077,21.271,3.69459,0.201467,49.8626,0.459827,-999,-999,-999,-999,-999,372927,61627641
27213,6.4724,LH2,-1.165,44.83,3.837,10.24,PI+SIDIS,0.44,4.4,0.72,2.0,119.657,68.643,120.16,68.932,117.668,67.503,262.111,150.365,117.823,67.592,0.9997,0.9991,0.9778,0.9747,-1.0,-1.0,-1.0,-1.0,1.0,-1.0,-999,-999,604.0,538.077,24.6794,4.5968,0.210836,50.0294,0.419481,-999,-999,-999,-999,-999,414068,68463294
27214,6.4724,LH2,-1.165,44.83,3.837,10.24,HMSDIS,0.44,4.4,-999,-999,61440.864,68.801,61717.434,69.111,60335.477,67.564,134535.943,150.653,60492.836,67.74,0.9999,0.9989,-999,-999,-1.0,-1.0,-1.0,1.0,-1.0,-1.0,-999,-999,-999,-999,-999,2.3453,0.00616647,-999,-999,-999,-999,-999,-999,-999,212799,35112786
27215,6.4724,LH2,-1.165,44.83,3.837,10.24,HMSDIS,0.44,4.4,-999,-999,67894.379,70.577,68223.533,70.919,67417.773,70.082,146565.084,152.356,66752.978,69.391,0.9999,0.9991,-999,-999,-1.0,-1.0,5.0,-1.0,-1.0,-1.0,-999,-999,-999,-999,-999,2.37129,0.0131913,-999,-999,-999,-999,-999,-999,-999,234964,38788667
27216,6.4724,Dummy,-1.165,44.83,3.837,10.24,PI+SIDIS,0.44,4.4,0.72,2.0,71.42,40.128,71.587,40.222,71.317,40.07,269.483,151.413,71.722,40.298,1.0,1.0,0.975,0.9756,-1.0,-1.0,-1.0,-1.0,-1.0,1.0,-999,-999,75.0,73.3077,8.66777,1.04965,0.124108,49.9145,0.476757,-999,-999,-999,-999,-999,91421,8765529
27217,6.4724,Dummy,-1.165,44.83,3.837,10.24,PI+SIDIS,0.44,4.4,0.72,2.0,74.207,40.472,74.331,40.54,74.151,40.442,279.34,152.352,74.516,40.641,1.0,1.0,1.0,0.9741,-1.0,-1.0,-1.0,-1.0,-1.0,1.0,-999,-999,84.0,83.0769,9.16902,1.14738,0.126634,49.8695,0.447841,-999,-999,-999,-999,-999,94135,9123723
27218,6.4724,Dummy,-1.165,44.83,3.837,10.24,PI+SIDIS,0.44,4.4,0.72,2.0,65.956,39.934,66.021,39.973,65.932,39.919,248.848,150.668,66.211,40.088,1.0,0.9959,0.9649,0.9702,-1.0,-1.0,-1.0,-1.0,-1.0,1.0,-999,-999,72.0,71.3846,8.48807,1.11445,0.132515,49.9663,0.428503,-999,-999,-999,-999,-999,84673,8112886
27219,6.4724,Dummy,-1.165,44.83,3.837,10.24,PI+SIDIS,0.44,4.4,0.72,2.0,65.803,39.71,65.884,39.759,65.819,39.719,248.862,150.178,66.095,39.886,1.0,0.998,0.9828,0.9708,-1.0,-1.0,-1.0,-1.0,-1.0,1.0,-999,-999,72.0,70.9231,8.49016,1.10886,0.132741,49.8222,0.309472,-999,-999,-999,-999,-999,84412,8118858
27220,6.4724,Dummy,-1.165,44.83,3.837,10.24,HMSDIS,0.44,4.4,-999,-999,37536.655,40.441,37590.169,40.499,37557.788,40.464,141409.236,152.35,37706.103,40.624,0.9999,0.9992,-999,-999,-1.0,-1.0,-1.0,1.0,-1.0,-1.0,-999,-999,-999,-999,-999,0.717094,0.00436814,-999,-999,-999,-999,-999,-999,-999,47742,4637570
27221,6.4724,LH2,-1.165,44.83,3.837,10.24,PI+SIDIS,0.44,4.4,0.72,2.0,73.94,62.668,74.212,62.899,74.385,63.045,170.103,144.171,72.433,61.391,1.0,0.9986,0.9882,0.9813,-1.0,-1.0,-1.0,-1.0,-1.0,1.0,-999,-999,361.0,322.154,19.0785,4.42372,0.26198,49.7918,0.448679,-999,-999,-999,-999,-999,256561,42343860
27222,6.4724,LH2,-1.165,44.83,3.837,10.24,PI+SIDIS,0.44,4.4,0.72,2.0,112.431,67.775,112.843,68.023,113.131,68.197,247.69,149.31,110.486,66.602,1.0,0.9992,0.9777,0.9813,-1.0,-1.0,-1.0,-1.0,-1.0,1.0,-999,-999,524.0,462.615,22.994,4.17776,0.207653,49.7582,0.40947,-999,-999,-999,-999,-999,389286,64414433
27223,6.4724,LH2,-1.165,44.83,3.837,10.24,PI+SIDIS,0.44,4.4,0.72,2.0,111.336,67.266,111.659,67.461,112.037,67.689,246.552,148.959,109.205,65.978,1.0,0.9995,0.991,0.9821,-1.0,-1.0,-1.0,-1.0,-1.0,1.0,-999,-999,582.0,524.615,24.216,4.78408,0.220831,49.6459,0.419331,-999,-999,-999,-999,-999,385408,63619517
27224,6.4724,LH2,-1.165,44.83,3.837,10.24,PI+SIDIS,0.44,4.4,0.72,2.0,120.358,69.008,120.716,69.214,121.224,69.505,262.974,150.779,118.24,67.794,0.9999,0.9994,0.9831,0.9801,-1.0,-1.0,-1.0,-1.0,-1.0,1.0,-999,-999,626.0,559.0,25.1228,4.72526,0.212364,49.56,0.401083,-999,-999,-999,-999,-999,415457,68733610
27225,6.4724,LH2,-1.165,44.83,3.837,10.24,PI+SIDIS,0.44,4.4,0.72,2.0,118.618,68.883,119.027,69.121,119.66,69.488,259.519,150.706,116.773,67.812,0.9998,0.9994,0.9869,0.9798,-1.0,-1.0,-1.0,-1.0,-1.0,1.0,-999,-999,574.0,513.846,24.0547,4.40694,0.206302,49.3966,0.422077,-999,-999,-999,-999,-999,408619,67815991
27226,6.4724,LH2,-1.165,44.83,3.837,10.24,PI+SIDIS,0.44,4.4,0.72,2.0,120.353,69.304,120.798,69.56,121.582,70.012,262.499,151.157,118.41,68.185,0.9998,0.9994,0.9799,0.9815,-1.0,-1.0,-1.0,-1.0,-1.0,1.0,-999,-999,594.0,533.077,24.4681,4.49704,0.206413,49.0868,0.435231,-999,-999,-999,-999,-999,415094,68886307
27227,6.4724,LH2,-1.165,44.83,3.837,10.24,PI+SIDIS,0.44,4.4,0.72,2.0,132.893,67.937,133.363,68.177,134.353,68.683,292.62,149.591,130.582,66.755,0.9999,0.9996,0.9853,0.9803,-1.0,-1.0,-1.0,-1.0,-1.0,1.0,-999,-999,635.0,561.0,25.3119,4.29153,0.193631,48.2572,0.94022,-999,-999,-999,-999,-999,459736,76168142
27228,6.4724,LH2,-1.165,44.83,3.837,10.24,PI+SIDIS,0.44,4.4,0.72,2.0,118.921,68.451,119.238,68.634,120.234,69.207,260.8,150.117,116.874,67.273,1.0,0.9995,0.9846,0.9804,-1.0,-1.0,-1.0,-1.0,-1.0,1.0,-999,-999,543.0,482.538,23.4019,4.12781,0.200189,47.331,0.482469,-999,-999,-999,-999,-999,410788,68036515
27229,6.4724,LH2,-1.165,44.83,3.837,10.24,PI+SIDIS,0.44,4.4,0.72,2.0,113.991,67.91,114.314,68.102,115.351,68.72,251.055,149.565,112.052,66.755,1.0,0.999,0.9842,0.982,-1.0,-1.0,-1.0,-1.0,-1.0,1.0,-999,-999,567.0,505.615,23.9107,4.50418,0.213004,46.6865,0.600976,-999,-999,-999,-999,-999,394431,65278176
27230,6.4724,LH2,-1.165,44.83,3.837,10.24,PI+SIDIS,0.44,4.4,0.72,2.0,121.414,68.984,121.788,69.197,122.966,69.866,265.446,150.82,119.38,67.829,0.9999,0.9993,0.9881,0.9826,-1.0,-1.0,-1.0,-1.0,-1.0,1.0,-999,-999,621.0,553.231,25.0242,4.62367,0.209142,46.3237,0.571331,-999,-999,-999,-999,-999,419305,69482412
27231,6.4724,LH2,-1.165,44.83,3.837,10.24,PI+SIDIS,0.44,4.4,0.72,2.0,118.759,68.879,119.166,69.115,120.425,69.845,259.823,150.694,116.825,67.757,1.0,0.9993,0.9911,0.9826,-1.0,-1.0,-1.0,-1.0,-1.0,1.0,-999,-999,580.0,515.923,24.1853,4.40612,0.206549,46.0001,0.661387,-999,-999,-999,-999,-999,409444,68049714
27232,6.4724,Dummy,-1.165,44.83,3.837,10.24,PI+SIDIS,0.44,4.4,0.72,2.0,73.362,40.41,73.476,40.473,74.118,40.827,276.568,152.343,74.557,41.069,1.0,0.998,0.9796,0.9728,-1.0,-1.0,-1.0,-1.0,-1.0,1.0,-999,-999,68.0,65.8462,8.25625,0.921216,0.115508,47.5917,0.414199,-999,-999,-999,-999,-999,93370,9048245
27233,6.4724,Dummy,-1.165,44.83,3.837,10.24,PI+SIDIS,0.44,4.4,0.72,2.0,64.202,39.448,64.245,39.474,64.882,39.866,243.27,149.474,65.277,40.108,1.0,1.0,0.9574,0.9754,-1.0,-1.0,-1.0,-1.0,-1.0,1.0,-999,-999,49.0,47.6923,7.00718,0.761073,0.11182,48.4465,0.422829,-999,-999,-999,-999,-999,82058,7932683
27234,6.4724,Dummy,-1.165,44.83,3.837,10.24,PI+SIDIS,0.44,4.4,0.72,2.0,63.18,39.477,63.226,39.506,63.913,39.935,239.549,149.678,64.305,40.18,1.0,1.0,1.0,0.9747,-1.0,-1.0,-1.0,-1.0,-1.0,1.0,-999,-999,56.0,54.7692,7.48964,0.88873,0.121533,49.3967,0.383335,-999,-999,-999,-999,-999,80991,7824397
27235,6.4724,Dummy,-1.165,44.83,3.837,10.24,PI+SIDIS,0.44,4.4,0.72,2.0,68.961,39.869,69.023,39.905,69.805,40.357,260.716,150.73,70.229,40.602,1.0,1.0,0.9516,0.9768,-1.0,-1.0,-1.0,-1.0,-1.0,1.0,-999,-999,62.0,60.6923,7.88039,0.90019,0.116882,49.75,0.386589,-999,-999,-999,-999,-999,88469,8547743
27236,6.4724,LD2,-1.165,44.83,2.978,10.24,PI+SIDIS,0.44,4.4,0.56,2.0,24.215,23.607,24.229,23.621,24.573,23.956,135.249,131.851,24.706,24.085,0.9998,0.9988,0.9789,0.9811,-1.0,-1.0,-1.0,-1.0,-1.0,1.0,-999,-999,214.0,168.462,14.748,7.08847,0.620561,49.8713,0.468614,-999,-999,-999,-999,-999,158195,38883064
27237,6.4724,LD2,-1.165,44.83,2.978,10.24,PI+SIDIS,0.44,4.4,0.56,2.0,49.792,29.022,49.793,29.023,50.472,29.419,259.214,151.09,50.776,29.596,0.9998,0.9993,0.9813,0.9799,-1.0,-1.0,-1.0,-1.0,-1.0,1.0,-999,-999,454.0,346.538,21.5004,7.10386,0.440747,49.9046,0.425379,-999,-999,-999,-999,-999,319583,80508565
27238,6.4724,LD2,-1.165,44.83,2.978,10.24,PI+SIDIS,0.44,4.4,0.56,2.0,48.786,28.871,48.805,28.882,49.502,29.295,254.136,150.396,49.807,29.475,0.9998,0.9993,0.9833,0.981,-1.0,-1.0,-1.0,-1.0,-1.0,1.0,-999,-999,473.0,356.769,21.9532,7.45359,0.458643,49.9623,0.41177,-999,-999,-999,-999,-999,315334,78776922
27239,6.4724,LD2,-1.165,44.83,2.978,10.24,PI+SIDIS,0.44,4.4,0.56,2.0,47.162,28.876,47.189,28.892,47.886,29.319,245.703,150.438,48.189,29.505,1.0,0.999,0.9809,0.9821,-1.0,-1.0,-1.0,-1.0,-1.0,1.0,-999,-999,444.0,340.231,21.2599,7.3417,0.458758,50.0206,0.43804,-999,-999,-999,-999,-999,303986,76159128
27240,6.4724,LD2,-1.165,44.83,2.978,10.24,PI+SIDIS,0.44,4.4,0.56,2.0,53.028,29.063,53.074,29.088,53.808,29.491,276.206,151.381,54.096,29.648,0.9998,0.9993,0.9823,0.9817,-1.0,-1.0,-1.0,-1.0,-1.0,1.0,-999,-999,529.0,407.462,23.2024,7.82227,0.445429,50.0613,0.395398,-999,-999,-999,-999,-999,343081,85564232
27241,6.4724,LD2,-1.165,44.83,2.978,10.24,PI+SIDIS,0.44,4.4,0.56,2.0,52.476,28.897,52.537,28.93,52.847,29.101,273.638,150.683,52.934,29.149,0.9999,0.9993,0.9808,0.9802,-1.0,-1.0,-1.0,-1.0,-1.0,1.0,-999,-999,471.0,357.077,21.9035,6.93494,0.425397,50.0791,0.465637,-999,-999,-999,-999,-999,339357,84341388
27242,6.4724,LD2,-1.165,44.83,2.978,10.24,PI+SIDIS,0.44,4.4,0.56,2.0,50.866,29.155,50.894,29.171,51.233,29.365,265.057,151.924,51.427,29.477,0.9995,0.9989,0.9828,0.9811,-1.0,-1.0,-1.0,-1.0,-1.0,1.0,-999,-999,471.0,354.769,21.9076,7.10908,0.438997,50.1038,0.408279,-999,-999,-999,-999,-999,328362,81677435
27243,6.4724,LD2,-1.165,44.83,2.978,10.24,PI+SIDIS,0.44,4.4,0.56,2.0,50.928,29.039,50.929,29.04,51.485,29.357,264.931,151.062,51.783,29.526,1.0,0.999,0.9823,0.9813,-1.0,-1.0,-1.0,-1.0,-1.0,1.0,-999,-999,459.0,345.615,21.6269,6.91587,0.432761,50.0924,0.41039,-999,-999,-999,-999,-999,328623,81967908
27244,6.4724,LD2,-1.165,44.83,2.978,10.24,PI+SIDIS,0.44,4.4,0.56,2.0,52.666,28.982,52.686,28.993,53.397,29.385,274.185,150.886,53.706,29.555,0.9997,0.9991,0.9843,0.9813,-1.0,-1.0,-1.0,-1.0,-1.0,1.0,-999,-999,507.0,392.923,22.7107,7.60268,0.43943,50.0605,0.423708,-999,-999,-999,-999,-999,340854,84950981
27245,6.4724,LD2,-1.165,44.83,2.978,10.24,PI+SIDIS,0.44,4.4,0.56,2.0,48.722,28.588,48.751,28.606,49.358,28.962,253.837,148.944,49.573,29.088,0.9999,0.9988,0.9839,0.9814,-1.0,-1.0,-1.0,-1.0,-1.0,1.0,-999,-999,453.0,343.923,21.48,7.18937,0.449018,50.0988,0.413091,-999,-999,-999,-999,-999,315268,78571754
27246,6.4724,LD2,-1.165,44.83,2.978,10.24,PI+SIDIS,0.44,4.4,0.56,2.0,49.155,29.009,49.198,29.035,49.454,29.186,255.638,150.867,49.527,29.229,0.9999,0.9987,0.9805,0.9819,-1.0,-1.0,-1.0,-1.0,-1.0,1.0,-999,-999,411.0,301.308,20.4802,6.23822,0.424018,50.1242,0.414579,-999,-999,-999,-999,-999,317638,79034968
27247,6.4724,LD2,-1.165,44.83,2.978,10.24,HMSDIS,0.44,4.4,-999,-999,23649.589,28.937,23672.802,28.966,23815.631,29.141,123229.824,150.783,23898.328,29.242,0.9999,0.9989,-999,-999,-1.0,-1.0,-1.0,1.0,-1.0,-1.0,-999,-999,-999,-999,-999,4.20167,0.0133286,-999,-999,-999,-999,-999,-999,-999,152522,38020294
27248,6.4724,LD2,-1.165,44.83,2.978,10.24,HMSDIS,0.44,4.4,-999,-999,24770.783,28.893,24790.821,28.917,25011.211,29.174,129027.634,150.502,25146.965,29.332,0.9999,0.999,-999,-999,-1.0,-1.0,9.0,-1.0,-1.0,-1.0,-999,-999,-999,-999,-999,4.23876,0.0392528,-999,-999,-999,-999,-999,-999,-999,160148,39903763
27249,6.4724,LH2,-1.165,44.83,2.978,10.24,PI+SIDIS,0.44,4.4,0.56,2.0,106.263,60.067,106.483,60.191,108.286,61.21,268.002,151.492,108.912,61.564,0.9999,0.9989,0.9827,0.9763,-1.0,-1.0,-1.0,-1.0,-1.0,1.0,-999,-999,627.0,487.308,25.2536,4.68795,0.242943,50.0015,0.417093,-999,-999,-999,-999,-999,371634,86995016
27250,6.4724,LH2,-1.165,44.83,2.978,10.24,PI+SIDIS,0.44,4.4,0.56,2.0,104.472,59.622,104.719,59.764,106.024,60.508,264.931,151.197,106.374,60.708,0.9999,0.9989,0.9823,0.9773,-1.0,-1.0,-1.0,-1.0,-1.0,1.0,-999,-999,567.0,435.0,24.024,4.25101,0.234773,49.977,0.439772,-999,-999,-999,-999,-999,367056,85212373
27251,6.4724,LH2,-1.165,44.83,2.978,10.24,PI+SIDIS,0.44,4.4,0.56,2.0,104.903,59.575,105.164,59.724,106.048,60.226,266.047,151.091,106.314,60.377,0.9999,0.9989,0.9761,0.9786,-1.0,-1.0,-1.0,-1.0,-1.0,1.0,-999,-999,669.0,533.923,26.0651,5.18869,0.253302,50.0056,0.398942,-999,-999,-999,-999,-999,366947,85329907
27252,6.4724,LH2,-1.165,44.83,2.978,10.24,PI+SIDIS,0.44,4.4,0.56,2.0,114.227,60.223,114.547,60.391,115.955,61.133,288.222,151.955,116.619,61.484,0.9997,0.9989,0.9807,0.9775,-1.0,-1.0,-1.0,-1.0,-1.0,1.0,-999,-999,713.0,562.692,26.9177,5.02695,0.240476,50.0039,0.432165,-999,-999,-999,-999,-999,398181,93194537
27253,6.4724,LH2,-1.165,44.83,2.978,10.24,PI+SIDIS,0.44,4.4,0.56,2.0,116.168,60.197,116.522,60.38,118.366,61.335,293.168,151.915,119.042,61.686,0.9998,0.9987,0.9754,0.9757,-1.0,-1.0,-1.0,-1.0,-1.0,1.0,-999,-999,681.0,528.231,26.3202,4.64735,0.231563,49.9766,0.417908,-999,-999,-999,-999,-999,406001,95103223
27254,6.4724,LH2,-1.165,44.83,2.978,10.24,PI+SIDIS,0.44,4.4,0.56,2.0,111.945,59.845,112.201,59.982,114.02,60.955,283.132,151.362,114.519,61.222,1.0,0.999,0.9823,0.9759,-1.0,-1.0,-1.0,-1.0,-1.0,1.0,-999,-999,643.0,498.692,25.5754,4.55444,0.233574,49.9348,0.418533,-999,-999,-999,-999,-999,390092,91591281
27255,6.4724,LH2,-1.165,44.83,2.978,10.24,PI+SIDIS,0.44,4.4,0.56,2.0,114.047,59.981,114.289,60.108,115.411,60.699,288.313,151.633,115.66,60.829,1.0,0.999,0.9804,0.9752,-1.0,-1.0,-1.0,-1.0,-1.0,1.0,-999,-999,703.0,557.385,26.7245,5.00118,0.239788,49.9856,0.419901,-999,-999,-999,-999,-999,398211,92819335
27257,6.4724,LH2,-1.165,44.83,2.978,10.24,PI+SIDIS,0.44,4.4,0.56,2.0,110.184,59.618,110.439,59.756,111.686,60.431,279.492,151.228,112.252,60.737,0.9998,0.9988,0.9765,0.9762,-1.0,-1.0,-1.0,-1.0,-1.0,1.0,-999,-999,698.0,553.615,26.6291,5.13633,0.247059,49.97,0.421228,-999,-999,-999,-999,-999,384696,89877813
27258,6.4724,LH2,-1.165,44.83,2.978,10.24,PI+SIDIS,0.44,4.4,0.56,2.0,105.768,59.533,106.053,59.693,107.617,60.574,268.301,151.017,108.218,60.912,0.9999,0.9985,0.9799,0.976,-1.0,-1.0,-1.0,-1.0,-1.0,1.0,-999,-999,631.0,500.462,25.3188,4.83573,0.244644,49.8921,0.452106,-999,-999,-999,-999,-999,369306,86512971
27259,6.4724,LH2,-1.165,44.83,2.978,10.24,PI+SIDIS,0.44,4.4,0.56,2.0,111.724,59.858,112.049,60.032,113.924,61.037,282.748,151.487,114.537,61.365,0.9999,0.9986,0.9783,0.9762,-1.0,-1.0,-1.0,-1.0,-1.0,1.0,-999,-999,659.0,520.0,25.8784,4.75458,0.236617,49.9056,0.40237,-999,-999,-999,-999,-999,389581,91570776
27261,6.4724,LH2,-1.165,44.83,2.978,10.24,PI+SIDIS,0.44,4.4,0.56,2.0,110.894,59.868,111.147,60.005,112.866,60.933,280.557,151.464,113.351,61.195,0.9998,0.999,0.9709,0.9673,-1.0,-1.0,-1.0,-1.0,1.0,-1.0,-999,-999,658.0,509.077,25.8738,4.73833,0.240826,49.8983,0.437953,-999,-999,-999,-999,-999,386521,90807275
27262,6.4724,LH2,-1.165,44.83,2.978,10.24,HMSDIS,0.44,4.4,-999,-999,65961.149,60.047,66088.329,60.163,66654.56,60.679,166621.629,151.683,66728.976,60.746,0.9998,0.9989,-999,-999,-1.0,-1.0,-1.0,1.0,-1.0,-1.0,-999,-999,-999,-999,-999,2.3635,0.0059821,-999,-999,-999,-999,-999,-999,-999,230555,53760671
27264,6.4724,LH2,-1.165,44.83,2.978,10.24,HMSDIS,0.44,4.4,-999,-999,48325.517,59.17,48427.243,59.295,48832.321,59.791,123011.931,150.617,48981.967,59.974,0.9999,0.999,-999,-999,-1.0,-1.0,5.0,-1.0,-1.0,-1.0,-999,-999,-999,-999,-999,2.33403,0.0155336,-999,-999,-999,-999,-999,-999,-999,166933,38864215
27265,6.4724,Dummy,-1.165,44.83,2.978,10.24,PI+SIDIS,0.44,4.4,0.56,2.0,62.795,39.711,62.824,39.729,63.398,40.092,237.813,150.389,63.752,40.316,1.0,1.0,1.0,0.9673,-1.0,-1.0,-1.0,-1.0,-1.0,1.0,-999,-999,82.0,77.4615,9.07464,1.27467,0.149328,49.9331,0.414501,-999,-999,-999,-999,-999,80259,11370677
27266,6.4724,Dummy,-1.165,44.83,2.978,10.24,PI+SIDIS,0.44,4.4,0.56,2.0,71.54,40.299,71.604,40.335,72.493,40.836,269.845,152.008,72.862,41.044,1.0,1.0,0.9593,0.9702,-1.0,-1.0,-1.0,-1.0,-1.0,1.0,-999,-999,66.0,60.4615,8.15022,0.870323,0.11732,49.9456,0.465049,-999,-999,-999,-999,-999,91129,13086716
27267,6.4724,Dummy,-1.165,44.83,2.978,10.24,PI+SIDIS,0.44,4.4,0.56,2.0,61.989,39.215,62.034,39.244,62.901,39.792,235.564,149.022,63.2,39.982,1.0,0.9992,0.984,0.9735,-1.0,-1.0,-1.0,-1.0,-1.0,1.0,-999,-999,75.0,70.0,8.68243,1.15918,0.143779,49.9516,0.265969,-999,-999,-999,-999,-999,79619,11347872
27269,6.4724,Dummy,-1.165,44.83,2.978,10.24,PI+SIDIS,0.44,4.4,0.56,2.0,70.172,40.277,70.308,40.355,71.012,40.759,264.628,151.89,71.212,40.874,1.0,0.9985,0.9854,0.9723,-1.0,-1.0,-1.0,-1.0,-1.0,1.0,-999,-999,67.0,62.3846,8.20701,0.912583,0.120055,49.8795,0.343365,-999,-999,-999,-999,-999,89966,12949311
27270,6.4724,Dummy,-1.165,44.83,2.978,10.24,HMSDIS,0.44,4.4,-999,-999,33504.294,39.795,33574.983,39.879,33719.638,40.05,126754.702,150.553,33765.809,40.105,0.9999,0.9991,-999,-999,-1.0,-1.0,-1.0,1.0,-1.0,-1.0,-999,-999,-999,-999,-999,0.724042,0.00464435,-999,-999,-999,-999,-999,-999,-999,43025,6133288
27271,6.4724,C,-1.165,44.83,2.978,10.24,PI+SIDIS,0.44,4.4,0.56,2.0,8.72,49.832,8.747,49.987,8.838,50.511,26.657,152.345,8.89,50.808,1.0,0.9982,0.9839,0.9775,-1.0,-1.0,-1.0,-1.0,-1.0,1.0,-999,-999,38.0,26.0,6.23884,3.04106,0.729719,49.7738,0.563266,-999,-999,-999,-999,-999,39514,7549581
27272,6.4724,C,-1.165,44.83,2.978,10.24,PI+SIDIS,0.44,4.4,0.56,2.0,73.737,46.942,73.8,46.982,74.733,47.577,234.254,149.13,75.178,47.86,0.9999,0.9989,0.9813,0.9786,-1.0,-1.0,-1.0,-1.0,-1.0,1.0,-999,-999,387.0,279.077,19.8822,3.86473,0.275334,49.8365,0.454316,-999,-999,-999,-999,-999,334935,63198267
27273,6.4724,C,-1.165,44.83,2.978,10.24,PI+SIDIS,0.44,4.4,0.56,2.0,82.5,48.152,82.587,48.202,83.838,48.933,259.708,151.58,84.308,49.207,1.0,0.9987,0.9818,0.9784,-1.0,-1.0,-1.0,-1.0,-1.0,1.0,-999,-999,447.0,329.462,21.3551,4.07745,0.264293,49.7902,0.367784,-999,-999,-999,-999,-999,374396,70625676
27274,6.4724,C,-1.165,44.83,2.978,10.24,PI+SIDIS,0.44,4.4,0.56,2.0,74.444,46.867,74.565,46.942,75.572,47.576,236.807,149.083,75.885,47.774,1.0,0.9989,0.9832,0.9782,-1.0,-1.0,-1.0,-1.0,-1.0,1.0,-999,-999,423.0,321.462,20.756,4.40734,0.284571,49.7772,0.373828,-999,-999,-999,-999,-999,337688,63638094
27275,6.4724,C,-1.165,44.83,2.978,10.24,PI+SIDIS,0.44,4.4,0.56,2.0,65.656,45.101,65.798,45.198,66.339,45.569,212.011,145.634,66.507,45.685,0.9998,0.9992,0.9781,0.9794,-1.0,-1.0,-1.0,-1.0,-1.0,1.0,-999,-999,348.0,257.077,18.8413,3.99023,0.292446,49.8716,0.476257,-999,-999,-999,-999,-999,298765,55903166
27276,6.4724,C,-1.165,44.83,2.978,10.24,PI+SIDIS,0.44,4.4,0.56,2.0,77.354,46.407,77.51,46.501,78.359,47.011,246.958,148.159,78.815,47.284,0.9996,0.999,0.979,0.9784,-1.0,-1.0,-1.0,-1.0,-1.0,1.0,-999,-999,403.0,298.615,20.2739,3.93941,0.267458,49.8328,0.446242,-999,-999,-999,-999,-999,351299,65998041
27277,6.4724,C,-1.165,44.83,2.978,10.24,PI+SIDIS,0.44,4.4,0.56,2.0,80.822,47.829,80.989,47.928,82.142,48.61,255.267,151.062,82.632,48.9,0.9999,0.999,0.9769,0.9784,-1.0,-1.0,-1.0,-1.0,-1.0,1.0,-999,-999,436.0,325.231,21.0837,4.10495,0.266111,49.7647,0.387928,-999,-999,-999,-999,-999,365818,69163304
27278,6.4724,C,-1.165,44.83,2.978,10.24,PI+SIDIS,0.44,4.4,0.56,2.0,77.391,46.843,77.432,46.868,78.469,47.495,245.741,148.741,78.796,47.693,0.9998,0.9988,0.9838,0.9779,-1.0,-1.0,-1.0,-1.0,-1.0,1.0,-999,-999,406.0,299.231,20.3522,3.95268,0.268842,49.7569,0.388608,-999,-999,-999,-999,-999,351022,66032621
27279,6.4724,C,-1.165,44.83,2.978,10.24,PI+SIDIS,0.44,4.4,0.56,2.0,82.409,47.892,82.522,47.957,83.096,48.291,259.753,150.955,83.26,48.386,0.9998,0.9989,0.9784,0.9778,-1.0,-1.0,-1.0,-1.0,-1.0,1.0,-999,-999,447.0,332.231,21.3501,4.11837,0.264659,49.8703,0.411626,-999,-999,-999,-999,-999,373048,70090262
27280,6.4724,C,-1.165,44.83,2.978,10.24,PI+SIDIS,0.44,4.4,0.56,2.0,34.744,47.48,34.797,47.553,34.953,47.767,109.883,150.165,35.03,47.872,0.9998,0.9985,0.9771,0.9789,-1.0,-1.0,-1.0,-1.0,-1.0,1.0,-999,-999,187.0,139.846,13.8068,4.10656,0.405433,49.8688,0.473307,-999,-999,-999,-999,-999,157461,29464602
27281,6.4724,C,-1.165,44.83,2.978,10.24,PI+SIDIS,0.44,4.4,0.56,2.0,118.016,47.946,118.253,48.042,119.919,48.719,371.997,151.131,120.519,48.963,1.0,0.9991,0.9811,0.9772,-1.0,-1.0,-1.0,-1.0,-1.0,1.0,-999,-999,685.0,519.154,26.4151,4.49285,0.228601,49.7339,0.424352,-999,-999,-999,-999,-999,534416,101218166
27282,6.4724,C,-1.165,44.83,2.978,10.24,HMSDIS,0.44,4.4,-999,-999,10983.703,47.079,11006.515,47.176,11124.249,47.681,34927.345,149.706,11159.497,47.832,0.9998,0.9986,-999,-999,-1.0,-1.0,-1.0,1.0,-1.0,-1.0,-999,-999,-999,-999,-999,2.99007,0.0164913,-999,-999,-999,-999,-999,-999,-999,49750,9384970
27283,6.4724,C,-1.165,44.83,2.978,10.24,HMSDIS,0.44,4.4,-999,-999,38517.529,47.294,38576.373,47.366,38891.455,47.753,122008.235,149.809,38983.458,47.866,0.9998,0.9987,-999,-999,-1.0,-1.0,-1.0,1.0,-1.0,-1.0,-999,-999,-999,-999,-999,3.00165,0.00882561,-999,-999,-999,-999,-999,-999,-999,174963,32814297
27284,6.4724,C,-1.165,44.83,2.978,10.24,HMSDIS,0.44,4.4,-999,-999,42198.426,47.182,42215.337,47.201,42440.853,47.453,133549.65,149.322,42532.421,47.555,0.9996,0.9987,-999,-999,-1.0,-1.0,9.0,-1.0,-1.0,-1.0,-999,-999,-999,-999,-999,3.00678,0.0253361,-999,-999,-999,-999,-999,-999,-999,190287,35802372
27285,6.4724,Cu,-1.165,44.83,2.978,10.24,PI+SIDIS,0.44,4.4,0.56,2.0,80.534,47.733,80.647,47.799,81.749,48.453,254.045,150.573,82.221,48.733,0.9999,0.9984,0.9808,0.9735,-1.0,-1.0,-1.0,-1.0,-1.0,1.0,-999,-999,272.0,181.692,16.7017,2.31459,0.212764,49.6817,0.393147,-999,-999,-999,-999,-999,352059,63121866
27286,6.4724,Cu,-1.165,44.83,2.978,10.24,PI+SIDIS,0.44,4.4,0.56,2.0,78.591,47.275,78.736,47.362,79.956,48.096,248.805,149.663,80.332,48.322,0.9995,0.9991,0.976,0.9747,-1.0,-1.0,-1.0,-1.0,-1.0,1.0,-999,-999,256.0,162.077,16.2242,2.11302,0.211517,49.6597,0.495406,-999,-999,-999,-999,-999,344016,61538327
27287,6.4724,Cu,-1.165,44.83,2.978,10.24,PI+SIDIS,0.44,4.4,0.56,2.0,76.284,47.206,76.461,47.315,77.245,47.8,241.737,149.59,77.454,47.929,0.9999,0.9982,0.9795,0.9758,-1.0,-1.0,-1.0,-1.0,-1.0,1.0,-999,-999,248.0,157.615,15.9672,2.11289,0.214046,49.7558,0.391043,-999,-999,-999,-999,-999,333950,59549218
27288,6.4724,Cu,-1.165,44.83,2.978,10.24,PI+SIDIS,0.44,4.4,0.56,2.0,34.745,48.069,34.821,48.174,35.042,48.48,109.242,151.134,35.118,48.586,0.9998,0.9982,0.9789,0.9747,-1.0,-1.0,-1.0,-1.0,-1.0,1.0,-999,-999,110.0,64.8462,10.6524,1.91105,0.313931,49.7133,0.498273,-999,-999,-999,-999,-999,152040,27063450
27289,6.4724,Cu,-1.165,44.83,2.978,10.24,PI+SIDIS,0.44,4.4,0.56,2.0,135.281,47.795,135.419,47.844,137.086,48.432,425.831,150.446,137.904,48.722,0.9999,0.9983,0.9778,0.9738,-1.0,-1.0,-1.0,-1.0,-1.0,1.0,-999,-999,498.0,333.846,22.5971,2.53199,0.171383,49.687,0.424099,-999,-999,-999,-999,-999,592590,105696918
27290,6.4724,Cu,-1.165,44.83,2.978,10.24,PI+SIDIS,0.44,4.4,0.56,2.0,81.636,47.237,81.742,47.298,83.073,48.068,258.279,149.447,83.51,48.321,0.9998,0.9982,0.9765,0.9738,-1.0,-1.0,-1.0,-1.0,-1.0,1.0,-999,-999,289.0,188.231,17.2265,2.36525,0.216463,49.6787,0.478132,-999,-999,-999,-999,-999,356900,63834240
27291,6.4724,Cu,-1.165,44.83,2.978,10.24,PI+SIDIS,0.44,4.4,0.56,2.0,84.504,48.158,84.642,48.237,86.125,49.082,265.906,151.539,86.564,49.332,0.9999,0.9981,0.9811,0.9734,-1.0,-1.0,-1.0,-1.0,-1.0,1.0,-999,-999,299.0,198.769,17.5131,2.41288,0.212594,49.5865,0.42252,-999,-999,-999,-999,-999,369627,66133310
27292,6.4724,Cu,-1.165,44.83,2.978,10.24,PI+SIDIS,0.44,4.4,0.56,2.0,67.67,46.046,67.803,46.136,69.056,46.989,216.655,147.422,69.422,47.238,0.9996,0.9984,0.9789,0.9741,-1.0,-1.0,-1.0,-1.0,-1.0,1.0,-999,-999,225.0,146.308,15.2004,2.21615,0.230244,49.6089,0.442853,-999,-999,-999,-999,-999,296435,52893733
27293,6.4724,Cu,-1.165,44.83,2.978,10.24,PI+SIDIS,0.44,4.4,0.56,2.0,78.5,47.301,78.692,47.417,80.146,48.293,248.757,149.893,80.596,48.565,1.0,0.9982,0.98,0.9746,-1.0,-1.0,-1.0,-1.0,-1.0,1.0,-999,-999,290.0,194.846,17.243,2.54072,0.224841,49.5645,0.429931,-999,-999,-999,-999,-999,343535,61499794
27294,6.4724,Cu,-1.165,44.83,2.978,10.24,PI+SIDIS,0.44,4.4,0.56,2.0,80.983,47.893,81.173,48.005,82.432,48.75,255.2,150.923,82.805,48.97,0.9998,0.9982,0.9792,0.973,-1.0,-1.0,-1.0,-1.0,-1.0,1.0,-999,-999,281.0,188.538,16.9739,2.38775,0.214966,49.5508,0.423808,-999,-999,-999,-999,-999,354804,63428237
27295,6.4724,Cu,-1.165,44.83,2.978,10.24,HMSDIS,0.44,4.4,-999,-999,43764.978,47.65,43808.496,47.697,44187.457,48.11,137890.233,150.129,44234.579,48.161,0.9998,0.9983,-999,-999,-1.0,-1.0,-1.0,1.0,-1.0,-1.0,-999,-999,-999,-999,-999,2.85015,0.00807032,-999,-999,-999,-999,-999,-999,-999,191612,34064339
27297,6.4724,Cu,-1.165,44.83,2.978,10.24,HMSDIS,0.44,4.4,-999,-999,43376.282,48.193,43398.695,48.218,43778.743,48.64,136192.582,151.316,43927.45,48.805,0.9993,0.9984,-999,-999,-1.0,-1.0,9.0,-1.0,-1.0,-1.0,-999,-999,-999,-999,-999,2.843,0.0243036,-999,-999,-999,-999,-999,-999,-999,189485,33740001
27298,6.4724,Al,-1.165,44.83,2.978,10.24,HMSDIS,0.44,4.4,-999,-999,70687.99,40.29,70756.243,40.329,71527.293,40.769,265863.084,151.535,71949.49,41.009,0.9998,0.9986,-999,-999,-1.0,-1.0,-1.0,1.0,-1.0,-1.0,-999,-999,-999,-999,-999,0.93337,0.00363262,-999,-999,-999,-999,-999,-999,-999,111522,12528366
27299,6.4724,Al,-1.165,44.83,2.978,10.24,HMSDIS,0.44,4.4,-999,-999,67142.898,39.544,67233.07,39.597,68041.994,40.073,254016.027,149.603,68423.981,40.298,0.9997,0.9988,-999,-999,-1.0,-1.0,2.0,-1.0,-1.0,-1.0,-999,-999,-999,-999,-999,0.932043,0.00526915,-999,-999,-999,-999,-999,-999,-999,106252,11938071
27300,6.4724,LD2,-1.165,44.83,2.978,10.24,PI+SIDIS,0.44,4.4,0.56,2.0,52.101,29.264,52.089,29.257,52.797,29.655,270.399,151.878,53.079,29.813,0.9998,0.9981,0.9787,0.9765,-1.0,-1.0,-1.0,-1.0,-1.0,1.0,-999,-999,479.0,361.385,22.0918,7.10646,0.434425,49.4329,0.448836,-999,-999,-999,-999,-999,335809,84697399
27301,6.4724,LD2,-1.165,44.83,2.978,10.24,PI+SIDIS,0.44,4.4,0.56,2.0,50.146,29.065,50.133,29.057,50.839,29.466,260.049,150.726,51.099,29.617,0.9998,0.9979,0.9795,0.9768,-1.0,-1.0,-1.0,-1.0,-1.0,1.0,-999,-999,474.0,364.308,21.9645,7.44106,0.448629,49.4222,0.423992,-999,-999,-999,-999,-999,323596,81258441
27302,6.4724,LD2,-1.165,44.83,2.978,10.24,PI+SIDIS,0.44,4.4,0.56,2.0,52.9,29.055,52.908,29.059,53.662,29.473,274.659,150.855,53.934,29.623,0.9999,0.9985,0.9811,0.978,-1.0,-1.0,-1.0,-1.0,-1.0,1.0,-999,-999,489.0,369.231,22.3207,7.13657,0.431419,49.3662,0.435075,-999,-999,-999,-999,-999,341261,85740162
27303,6.4724,LD2,-1.165,44.83,2.978,10.24,PI+SIDIS,0.44,4.4,0.56,2.0,47.792,28.865,47.829,28.887,48.503,29.294,248.559,150.12,48.757,29.447,0.9998,0.9986,0.9775,0.978,-1.0,-1.0,-1.0,-1.0,-1.0,1.0,-999,-999,467.0,360.538,21.7988,7.70952,0.466132,49.1393,0.427005,-999,-999,-999,-999,-999,308990,77499245
27304,6.4724,LD2,-1.165,44.83,2.978,10.24,PI+SIDIS,0.44,4.4,0.56,2.0,47.382,28.678,47.427,28.705,48.118,29.123,246.331,149.09,48.352,29.265,0.9999,0.9987,0.9835,0.9786,-1.0,-1.0,-1.0,-1.0,-1.0,1.0,-999,-999,452.0,348.692,21.4464,7.51388,0.462142,48.9365,0.428758,-999,-999,-999,-999,-999,306185,76906557
27305,6.4724,LD2,-1.165,44.83,2.978,10.24,PI+SIDIS,0.44,4.4,0.56,2.0,47.56,28.855,47.581,28.868,48.264,29.283,247.357,150.076,48.511,29.432,0.9998,0.9984,0.9776,0.9779,-1.0,-1.0,-1.0,-1.0,-1.0,1.0,-999,-999,447.0,342.0,21.3325,7.3523,0.458606,48.8569,0.441465,-999,-999,-999,-999,-999,307016,77109727
27306,6.4724,LD2,-1.165,44.83,2.978,10.24,PI+SIDIS,0.44,4.4,0.56,2.0,71.613,28.86,71.578,28.846,72.638,29.273,371.747,149.811,73.002,29.419,0.9997,0.9989,0.98,0.9783,-1.0,-1.0,-1.0,-1.0,-1.0,1.0,-999,-999,649.0,489.538,25.7151,6.99316,0.367346,48.9256,0.490855,-999,-999,-999,-999,-999,462223,116084173
27307,6.4724,LD2,-1.165,44.83,2.978,10.24,PI+SIDIS,0.44,4.4,0.56,2.0,44.953,29.041,44.959,29.045,45.623,29.474,233.557,150.886,45.847,29.619,0.9997,0.999,0.9845,0.9787,-1.0,-1.0,-1.0,-1.0,-1.0,1.0,-999,-999,417.0,314.385,20.6129,7.14745,0.46863,47.3523,1.25476,-999,-999,-999,-999,-999,295841,72963888
27308,6.4724,LD2,-1.165,44.83,2.978,10.24,PI+SIDIS,0.44,4.4,0.56,2.0,47.064,28.667,47.101,28.69,47.794,29.112,244.835,149.132,48.036,29.259,0.9997,0.999,0.9789,0.9799,-1.0,-1.0,-1.0,-1.0,-1.0,1.0,-999,-999,393.0,285.769,20.0312,6.19365,0.434148,49.6111,0.447614,-999,-999,-999,-999,-999,308089,76422366
27309,6.4724,LD2,-1.165,44.83,2.978,10.24,PI+SIDIS,0.44,4.4,0.56,2.0,30.067,28.698,30.093,28.722,30.541,29.15,156.464,149.337,30.692,29.294,0.9999,0.999,0.9804,0.979,-1.0,-1.0,-1.0,-1.0,-1.0,1.0,-999,-999,274.0,204.769,16.713,6.95151,0.567374,49.5715,0.47216,-999,-999,-999,-999,-999,197010,48843932
27310,6.4724,LH2,-1.165,44.83,2.978,10.24,PI+SIDIS,0.44,4.4,0.56,2.0,99.71,54.804,99.908,54.913,101.711,55.904,272.577,149.818,102.243,56.196,0.9999,0.999,0.98,0.9752,-1.0,-1.0,-1.0,-1.0,-1.0,1.0,-999,-999,578.0,460.462,24.2289,4.72668,0.248712,49.6217,0.420522,-999,-999,-999,-999,-999,351892,81714920
27311,6.4724,LH2,-1.165,44.83,2.978,10.24,PI+SIDIS,0.44,4.4,0.56,2.0,96.594,55.497,96.829,55.632,97.975,56.291,262.464,150.796,98.208,56.425,0.9999,0.999,0.9783,0.977,-1.0,-1.0,-1.0,-1.0,-1.0,1.0,-999,-999,559.0,443.077,23.831,4.68421,0.251941,49.6978,0.437756,-999,-999,-999,-999,-999,341559,78853538
27312,6.4724,LH2,-1.165,44.83,2.978,10.24,PI+SIDIS,0.44,4.4,0.56,2.0,97.825,54.354,98.095,54.504,98.885,54.943,268.109,148.969,99.13,55.079,0.9999,0.9993,0.9794,0.9763,-1.0,-1.0,-1.0,-1.0,-1.0,1.0,-999,-999,595.0,477.692,24.5769,4.98861,0.25666,49.7126,0.395568,-999,-999,-999,-999,-999,345038,79589086
27313,6.4724,LH2,-1.165,44.83,2.978,10.24,PI+SIDIS,0.44,4.4,0.56,2.0,85.66,54.739,85.855,54.864,86.874,55.515,234.197,149.659,87.358,55.824,0.9997,0.9993,0.9754,0.9765,-1.0,-1.0,-1.0,-1.0,-1.0,1.0,-999,-999,485.0,380.615,22.2043,4.54134,0.264932,49.6901,0.458497,-999,-999,-999,-999,-999,301040,69790185
27314,6.4724,LH2,-1.165,44.83,2.978,10.24,PI+SIDIS,0.44,4.4,0.56,2.0,91.919,54.919,92.038,54.99,93.474,55.848,250.357,149.582,94.053,56.194,1.0,0.9987,0.9826,0.9769,-1.0,-1.0,-1.0,-1.0,-1.0,1.0,-999,-999,523.0,408.0,23.0618,4.53787,0.256499,49.6655,0.430655,-999,-999,-999,-999,-999,323915,75032611
27315,6.4724,LH2,-1.165,44.83,2.978,10.24,PI+SIDIS,0.44,4.4,0.56,2.0,91.371,55.262,91.561,55.377,93.128,56.325,248.578,150.343,93.674,56.655,0.9997,0.9988,0.9792,0.9753,-1.0,-1.0,-1.0,-1.0,-1.0,1.0,-999,-999,553.0,441.692,23.6973,4.94795,0.265463,49.6396,0.433336,-999,-999,-999,-999,-999,322013,74728595
27316,6.4724,LH2,-1.165,44.83,2.978,10.24,PI+SIDIS,0.44,4.4,0.56,2.0,92.705,54.72,92.914,54.843,94.025,55.499,253.103,149.395,94.317,55.671,1.0,0.9989,0.9792,0.9763,-1.0,-1.0,-1.0,-1.0,-1.0,1.0,-999,-999,562.0,449.231,23.8888,4.95249,0.263359,49.684,0.439518,-999,-999,-999,-999,-999,327959,75572251
27317,6.4724,LH2,-1.165,44.83,2.978,10.24,PI+SIDIS,0.44,4.4,0.56,2.0,115.725,54.842,115.992,54.968,117.156,55.52,315.856,149.683,117.55,55.707,0.9999,0.9988,0.9817,0.9761,-1.0,-1.0,-1.0,-1.0,-1.0,1.0,-999,-999,682.0,545.615,26.3152,4.81973,0.232457,49.6832,0.473341,-999,-999,-999,-999,-999,408550,94168231
27318,6.4724,LH2,-1.165,44.83,2.978,10.24,PI+SIDIS,0.44,4.4,0.56,2.0,85.89,52.711,86.091,52.835,87.448,53.667,238.747,146.52,87.991,54.001,0.9997,0.999,0.9795,0.9751,-1.0,-1.0,-1.0,-1.0,-1.0,1.0,-999,-999,469.0,368.615,21.834,4.39235,0.260169,49.6552,0.406279,-999,-999,-999,-999,-999,303791,70123858
27319,6.4724,LH2,-1.165,44.83,2.978,10.24,PI+SIDIS,0.44,4.4,0.56,2.0,95.96,55.181,96.19,55.313,97.791,56.234,261.158,150.175,98.368,56.565,0.9997,0.9992,0.9837,0.9775,-1.0,-1.0,-1.0,-1.0,-1.0,1.0,-999,-999,585.0,465.0,24.3768,4.94715,0.259346,49.7198,0.409701,-999,-999,-999,-999,-999,338901,78496782
27320,6.4724,Dummy,-1.165,44.83,2.978,10.24,PI+SIDIS,0.44,4.4,0.56,2.0,63.222,39.124,63.273,39.155,63.638,39.381,239.97,148.502,63.752,39.452,0.9986,0.9992,0.9623,0.9728,-1.0,-1.0,-1.0,-1.0,-1.0,1.0,-999,-999,63.0,59.0769,7.95624,0.961135,0.129442,49.9763,0.538535,-999,-999,-999,-999,-999,82222,11482852
27321,6.4724,Dummy,-1.165,44.83,2.978,10.24,PI+SIDIS,0.44,4.4,0.56,2.0,61.189,39.721,61.234,39.75,61.697,40.05,231.055,149.988,61.967,40.225,1.0,0.9992,0.9911,0.9733,-1.0,-1.0,-1.0,-1.0,-1.0,1.0,-999,-999,52.0,48.0,7.23241,0.805382,0.121351,49.837,0.372182,-999,-999,-999,-999,-999,78182,11153442
27322,6.4724,Dummy,-1.165,44.83,2.978,10.24,PI+SIDIS,0.44,4.4,0.56,2.0,70.388,39.092,70.441,39.121,71.312,39.605,267.336,148.472,71.783,39.866,1.0,0.997,0.9716,0.9666,-1.0,-1.0,-1.0,-1.0,-1.0,1.0,-999,-999,63.0,58.3846,7.95959,0.857484,0.116901,49.7145,0.582055,-999,-999,-999,-999,-999,90042,12885417
27323,6.4724,Dummy,-1.165,44.83,2.978,10.24,PI+SIDIS,0.44,4.4,0.56,2.0,65.748,39.622,65.801,39.654,66.68,40.184,248.479,149.743,67.037,40.399,1.0,0.9992,0.9804,0.9682,-1.0,-1.0,-1.0,-1.0,-1.0,1.0,-999,-999,70.0,66.2308,8.38391,1.03959,0.131598,49.7699,0.399089,-999,-999,-999,-999,-999,84116,12069071
27324,6.4724,C,-1.165,44.83,2.978,10.24,PI+SIDIS,0.44,4.4,0.56,2.0,78.975,47.48,79.09,47.55,79.649,47.885,249.737,150.144,79.793,47.972,0.9999,0.9989,0.9778,0.9783,-1.0,-1.0,-1.0,-1.0,-1.0,1.0,-999,-999,415.0,310.385,20.5681,4.01213,0.26587,49.784,0.456312,-999,-999,-999,-999,-999,357183,67638652
27326,6.4724,C,-1.165,44.83,2.978,10.24,PI+SIDIS,0.44,4.4,0.56,2.0,80.265,47.562,80.381,47.631,81.031,48.016,253.613,150.283,81.409,48.24,0.9998,0.9985,0.9848,0.9787,-1.0,-1.0,-1.0,-1.0,-1.0,1.0,-999,-999,443.0,327.077,21.2583,4.15868,0.270293,49.8,0.470305,-999,-999,-999,-999,-999,361801,68524181
27327,6.4724,C,-1.165,44.83,2.978,10.24,PI+SIDIS,0.44,4.4,0.56,2.0,79.177,47.59,79.291,47.658,80.376,48.31,249.893,150.199,80.922,48.639,0.9999,0.9986,0.9789,0.9797,-1.0,-1.0,-1.0,-1.0,-1.0,1.0,-999,-999,478.0,368.231,22.0555,4.74112,0.283973,49.7614,0.424502,-999,-999,-999,-999,-999,356833,67808319
27328,6.4724,C,-1.165,44.83,2.978,10.24,PI+SIDIS,0.44,4.4,0.56,2.0,81.724,47.884,81.843,47.954,83.092,48.685,257.281,150.746,83.576,48.969,0.9997,0.9985,0.9796,0.9778,-1.0,-1.0,-1.0,-1.0,-1.0,1.0,-999,-999,423.0,306.462,20.7838,3.83089,0.259805,49.7418,0.454374,-999,-999,-999,-999,-999,368894,70052739
27329,6.4724,C,-1.165,44.83,2.978,10.24,PI+SIDIS,0.44,4.4,0.56,2.0,70.073,47.463,70.175,47.532,70.875,48.006,221.626,150.115,71.1,48.158,0.9999,0.999,0.9824,0.9789,-1.0,-1.0,-1.0,-1.0,-1.0,1.0,-999,-999,354.0,257.769,19.0106,3.75297,0.276783,49.769,0.406443,-999,-999,-999,-999,-999,317404,59855767
27330,6.4724,C,-1.165,44.83,2.978,10.24,PI+SIDIS,0.44,4.4,0.56,2.0,64.82,46.544,64.909,46.608,65.432,46.983,206.475,148.258,65.652,47.141,0.9997,0.9986,0.9782,0.9786,-1.0,-1.0,-1.0,-1.0,-1.0,1.0,-999,-999,329.0,238.769,18.3287,3.76029,0.288652,49.7866,0.477176,-999,-999,-999,-999,-999,291928,55240934
27331,6.4724,C,-1.165,44.83,2.978,10.24,PI+SIDIS,0.44,4.4,0.56,2.0,71.463,48.253,71.564,48.322,72.414,48.895,224.245,151.414,72.901,49.224,0.9996,0.9988,0.981,0.9784,-1.0,-1.0,-1.0,-1.0,-1.0,1.0,-999,-999,395.0,297.462,20.0625,4.25025,0.286661,49.7447,0.383833,-999,-999,-999,-999,-999,321827,61139784
27332,6.4724,C,-1.165,44.83,2.978,10.24,PI+SIDIS,0.44,4.4,0.56,2.0,114.368,48.391,114.534,48.461,116.368,49.237,358.934,151.871,117.136,49.562,0.9999,0.9989,0.9799,0.9768,-1.0,-1.0,-1.0,-1.0,-1.0,1.0,-999,-999,637.0,480.923,25.4756,4.2992,0.227738,49.7247,0.403536,-999,-999,-999,-999,-999,515597,98187741
27333,6.4724,C,-1.165,44.83,2.978,10.24,PI+SIDIS,0.44,4.4,0.56,2.0,80.985,47.524,81.112,47.598,82.542,48.438,255.81,150.115,83.053,48.737,0.9999,0.9986,0.9812,0.9785,-1.0,-1.0,-1.0,-1.0,-1.0,1.0,-999,-999,428.0,319.0,20.8898,4.01985,0.263241,49.7174,0.386649,-999,-999,-999,-999,-999,365747,69410566
27334,6.4724,C,-1.165,44.83,2.978,10.24,PI+SIDIS,0.44,4.4,0.56,2.0,83.771,47.895,83.905,47.972,85.413,48.834,264.009,150.945,85.917,49.122,0.9996,0.9981,0.9779,0.9782,-1.0,-1.0,-1.0,-1.0,-1.0,1.0,-999,-999,483.0,372.615,22.1696,4.54186,0.270228,49.7378,0.401488,-999,-999,-999,-999,-999,377914,71787961
27335,6.4724,Cu,-1.165,44.83,2.978,10.24,PI+SIDIS,0.44,4.4,0.56,2.0,77.641,46.814,77.758,46.885,79.153,47.726,246.446,148.598,79.566,47.976,0.9995,0.9984,0.9794,0.9743,-1.0,-1.0,-1.0,-1.0,-1.0,1.0,-999,-999,268.0,174.154,16.5897,2.3,0.219096,49.7525,0.377202,-999,-999,-999,-999,-999,337957,61029743
27336,6.4724,Cu,-1.165,44.83,2.978,10.24,PI+SIDIS,0.44,4.4,0.56,2.0,73.036,46.788,73.144,46.857,74.4,47.662,232.08,148.673,74.779,47.904,0.9995,0.9987,0.9792,0.975,-1.0,-1.0,-1.0,-1.0,-1.0,1.0,-999,-999,267.0,182.0,16.539,2.55349,0.232045,49.7406,0.443391,-999,-999,-999,-999,-999,318748,57230550
27337,6.4724,Cu,-1.165,44.83,2.978,10.24,PI+SIDIS,0.44,4.4,0.56,2.0,70.94,47.014,71.038,47.079,72.203,47.852,225.129,149.2,72.574,48.097,0.9998,0.9984,0.979,0.9736,-1.0,-1.0,-1.0,-1.0,-1.0,1.0,-999,-999,247.0,160.077,15.9275,2.31504,0.230344,49.7843,0.415249,-999,-999,-999,-999,-999,309062,55589997
27338,6.4724,Cu,-1.165,44.83,2.978,10.24,PI+SIDIS,0.44,4.4,0.56,2.0,84.17,47.811,84.277,47.871,85.613,48.63,265.465,150.791,86.041,48.873,0.9996,0.9985,0.9793,0.9753,-1.0,-1.0,-1.0,-1.0,-1.0,1.0,-999,-999,289.0,189.231,17.2242,2.30325,0.209647,49.7043,0.404875,-999,-999,-999,-999,-999,367340,65921332
27339,6.4724,Cu,-1.165,44.83,2.978,10.24,PI+SIDIS,0.44,4.4,0.56,2.0,81.691,47.58,81.793,47.64,83.034,48.362,258.053,150.301,83.466,48.614,0.9996,0.998,0.9794,0.9742,-1.0,-1.0,-1.0,-1.0,-1.0,1.0,-999,-999,261.0,160.846,16.3922,2.01952,0.205813,49.7033,0.417057,-999,-999,-999,-999,-999,355982,63979640
27340,6.4724,Cu,-1.165,44.83,2.978,10.24,PI+SIDIS,0.44,4.4,0.56,2.0,75.797,46.63,75.89,46.687,77.013,47.378,241.772,148.737,77.401,47.617,0.9998,0.9983,0.9756,0.9742,-1.0,-1.0,-1.0,-1.0,-1.0,1.0,-999,-999,256.0,163.923,16.2198,2.21775,0.219442,49.6534,0.354536,-999,-999,-999,-999,-999,330901,59283412
27341,6.4724,Cu,-1.165,44.83,2.978,10.24,PI+SIDIS,0.44,4.4,0.56,2.0,77.871,46.576,78.001,46.654,79.116,47.32,248.376,148.558,79.521,47.563,0.9998,0.9988,0.9753,0.9738,-1.0,-1.0,-1.0,-1.0,-1.0,1.0,-999,-999,239.0,147.846,15.6848,1.94687,0.20654,49.6422,0.366988,-999,-999,-999,-999,-999,341926,60959784
27342,6.4724,Cu,-1.165,44.83,2.978,10.24,PI+SIDIS,0.44,4.4,0.56,2.0,31.563,46.99,31.627,47.084,32.07,47.744,100.173,149.132,32.234,47.988,1.0,0.999,0.9779,0.9717,-1.0,-1.0,-1.0,-1.0,-1.0,1.0,-999,-999,127.0,91.3077,11.3906,2.97129,0.370667,49.5565,0.423828,-999,-999,-999,-999,-999,138343,24754487
27343,6.4724,Cu,-1.165,44.83,2.978,10.24,PI+SIDIS,0.44,4.4,0.56,2.0,76.985,47.156,76.996,47.163,78.061,47.816,244.19,149.575,78.454,48.056,0.9997,0.9991,0.9814,0.9738,-1.0,-1.0,-1.0,-1.0,-1.0,1.0,-999,-999,252.0,159.308,16.0975,2.12549,0.214774,49.4027,0.458231,-999,-999,-999,-999,-999,338889,60467129
27344,6.4724,Cu,-1.165,44.83,2.978,10.24,PI+SIDIS,0.44,4.4,0.56,2.0,86.005,47.479,86.069,47.514,87.247,48.165,272.033,150.175,87.676,48.401,0.9998,0.9987,0.9784,0.9744,-1.0,-1.0,-1.0,-1.0,-1.0,1.0,-999,-999,300.0,200.692,17.5396,2.39356,0.209187,49.0247,1.64499,-999,-999,-999,-999,-999,378772,67342975
27345,6.4724,Cu,-1.165,44.83,2.978,10.24,PI+SIDIS,0.44,4.4,0.56,2.0,75.557,46.642,75.655,46.703,76.669,47.329,240.786,148.641,77.05,47.564,0.9997,0.9987,0.9785,0.9758,-1.0,-1.0,-1.0,-1.0,-1.0,1.0,-999,-999,230.0,137.846,15.3977,1.86787,0.208644,48.9126,0.652938,-999,-999,-999,-999,-999,333297,59106466
27347,6.4724,Cu,-1.165,44.83,2.978,10.24,PI+SIDIS,0.44,4.4,0.56,2.0,80.162,47.399,80.3,47.481,81.338,48.095,254.156,150.28,81.762,48.345,0.9998,0.9986,0.9783,0.9748,-1.0,-1.0,-1.0,-1.0,-1.0,1.0,-999,-999,276.0,176.692,16.8416,2.25782,0.215206,49.9879,1.34045,-999,-999,-999,-999,-999,350280,62750513
27348,6.4724,Cu,-1.165,44.83,2.978,10.24,PI+SIDIS,0.44,4.4,0.56,2.0,83.329,46.026,83.446,46.091,84.515,46.681,266.913,147.428,84.964,46.929,0.9997,0.9988,0.9767,0.9755,-1.0,-1.0,-1.0,-1.0,-1.0,1.0,-999,-999,274.0,172.0,16.7883,2.11364,0.206305,51.2114,0.415776,-999,-999,-999,-999,-999,365636,65137862
27349,6.4724,Cu,-1.165,44.83,2.978,10.24,PI+SIDIS,0.44,4.4,0.56,2.0,102.446,47.264,102.463,47.272,103.819,47.897,324.62,149.765,104.344,48.14,0.9999,0.9989,0.9785,0.9734,-1.0,-1.0,-1.0,-1.0,-1.0,1.0,-999,-999,376.0,254.769,19.6297,2.55473,0.196839,51.2771,0.402574,-999,-999,-999,-999,-999,448507,80059953
27350,6.4724,Cu,-1.165,44.83,2.978,10.24,PI+SIDIS,0.44,4.4,0.56,2.0,108.019,47.905,108.124,47.952,109.58,48.598,340.745,151.118,110.144,48.848,0.9998,0.9988,0.9787,0.9755,-1.0,-1.0,-1.0,-1.0,-1.0,1.0,-999,-999,378.0,246.923,19.6998,2.3416,0.186816,51.2396,0.352247,-999,-999,-999,-999,-999,473726,84499260
27352,6.4724,LH2,-5.39,13.995,3.61,27.72,HMSHEE,1.02,2.1,-999,-999,133642.529,66.536,133956.666,66.693,135319.931,67.372,297185.053,147.959,131320.932,65.381,0.9981,0.199,-999,-999,-1.0,-1.0,-1.0,17.0,-1.0,-1.0,-999,-999,-999,-999,-999,263.347,0.183064,-999,-999,-999,-999,-999,-999,-999,60259395,54852
27355,6.4724,Dummy,-5.39,13.995,3.61,27.72,HMSHEE,1.02,2.1,-999,-999,33307.12,36.141,33295.466,36.128,33699.754,36.567,139439.049,151.303,33895.411,36.779,0.9988,0.211,-999,-999,-1.0,-1.0,-1.0,2.0,-1.0,-1.0,-999,-999,-999,-999,-999,81.7242,0.070152,-999,-999,-999,-999,-999,-999,-999,4849921,15519
27356,6.4724,LD2,-5.39,13.995,3.61,27.72,HMSHEE,1.02,2.1,-999,-999,95055.112,55.14,95268.694,55.264,96921.611,56.223,256474.54,148.777,97455.524,56.533,0.9975,0.2307,-999,-999,-1.0,-1.0,-1.0,17.0,-1.0,-1.0,-999,-999,-999,-999,-999,447.953,0.28325,-999,-999,-999,-999,-999,-999,-999,73630755,68867
27357,6.4724,LH2,-3.7,27.01,3.61,27.72,HMSHEEP,-999,-999,-999,-999,6.484,70.204,6.5,70.376,6.561,71.041,13.961,151.161,6.359,68.848,1.0,0.9999,0.0,0.9882,-1.0,-1.0,-1.0,-1.0,-1.0,1.0,-999,-999,1.0,1.0,1.0,0.155683,0.155683,53.0751,0.245959,-999,-999,-999,-999,-999,16202,2683
27358,6.4724,LH2,-1.165,44.83,-3.837,10.24,PI-SIDIS,0.44,4.4,0.72,2.0,120.18,68.541,120.406,68.67,121.442,69.261,263.846,150.476,118.177,67.398,0.9999,0.9988,0.9823,0.9565,-1.0,-1.0,-1.0,-1.0,-1.0,1.0,-999,-999,213.0,176.846,14.6895,1.53575,0.127565,51.307,0.411551,-999,-999,-999,-999,-999,417086,815117663
27361,6.4724,LH2,-1.165,44.83,-3.837,10.24,PI-SIDIS,0.44,4.4,0.72,2.0,126.156,68.946,126.414,69.087,127.375,69.612,275.533,150.583,123.996,67.766,0.9998,0.9988,0.9832,0.9508,-1.0,-1.0,-1.0,-1.0,-1.0,1.0,-999,-999,251.0,216.308,15.927,1.80004,0.132539,51.2423,0.366618,-999,-999,-999,-999,-999,436378,854288784
27362,6.4724,LH2,-1.165,44.83,-3.837,10.24,PI-SIDIS,0.44,4.4,0.72,2.0,108.477,69.348,108.577,69.412,109.403,69.94,236.567,151.235,106.5,68.084,0.9999,0.9984,0.9846,0.957,-1.0,-1.0,-1.0,-1.0,-1.0,1.0,-999,-999,205.0,176.462,14.3943,1.69841,0.138543,51.3055,0.397303,-999,-999,-999,-999,-999,374776,733194950
27363,6.4724,LH2,-1.165,44.83,-3.837,10.24,PI-SIDIS,0.44,4.4,0.72,2.0,82.781,65.987,82.911,66.09,83.527,66.581,185.323,147.725,81.388,64.877,0.9999,0.9989,0.9834,0.9564,-1.0,-1.0,-1.0,-1.0,-1.0,1.0,-999,-999,144.0,121.231,12.0728,1.52901,0.152266,51.2704,0.328527,-999,-999,-999,-999,-999,287188,560483473
27364,6.4724,LH2,-1.165,44.83,-3.837,10.24,PI-SIDIS,0.44,4.4,0.72,2.0,105.382,66.395,105.607,66.536,106.336,66.996,235.213,148.193,103.605,65.275,0.9997,0.9993,0.9822,0.9565,-1.0,-1.0,-1.0,-1.0,-1.0,1.0,-999,-999,220.0,190.923,14.9076,1.89078,0.147635,51.2768,0.359179,-999,-999,-999,-999,-999,366452,713700280
27365,6.4724,LH2,-1.165,44.83,-3.837,10.24,PI-SIDIS,0.44,4.4,0.72,2.0,122.745,68.416,123.013,68.566,123.824,69.018,269.544,150.24,120.763,67.312,0.9998,0.9989,0.9846,0.9545,-1.0,-1.0,-1.0,-1.0,-1.0,1.0,-999,-999,229.0,194.385,15.2205,1.6559,0.129659,51.247,0.38765,-999,-999,-999,-999,-999,425124,830963556
27366,6.4724,LH2,-1.165,44.83,-3.837,10.24,PI-SIDIS,0.44,4.4,0.72,2.0,115.86,67.761,116.093,67.898,116.845,68.337,255.546,149.458,113.868,66.597,0.9999,0.999,0.984,0.9625,-1.0,-1.0,-1.0,-1.0,-1.0,1.0,-999,-999,204.0,170.692,14.3723,1.52778,0.128639,51.2433,0.388455,-999,-999,-999,-999,-999,401553,784223145
27367,6.4724,LH2,-1.165,44.83,-3.837,10.24,PI-SIDIS,0.44,4.4,0.72,2.0,119.361,68.554,119.456,68.608,120.268,69.075,261.496,150.187,117.093,67.251,0.9998,0.9992,0.9829,0.9608,-1.0,-1.0,-1.0,-1.0,-1.0,1.0,-999,-999,222.0,186.692,14.9905,1.62699,0.13064,51.2994,0.410452,-999,-999,-999,-999,-999,412985,806819774
27368,6.4724,LH2,-1.165,44.83,-3.837,10.24,PI-SIDIS,0.44,4.4,0.72,2.0,115.141,68.926,115.313,69.03,116.096,69.498,251.715,150.684,113.142,67.73,0.9998,0.9996,0.9846,0.9524,-1.0,-1.0,-1.0,-1.0,-1.0,1.0,-999,-999,232.0,201.692,15.3079,1.83693,0.139418,51.299,0.351576,-999,-999,-999,-999,-999,399829,778609684
27369,6.4724,LH2,-1.165,44.83,-3.837,10.24,PI-SIDIS,0.44,4.4,0.72,2.0,119.376,68.988,119.625,69.132,120.415,69.589,260.946,150.802,117.337,67.81,0.9998,0.9991,0.9836,0.9575,-1.0,-1.0,-1.0,-1.0,-1.0,1.0,-999,-999,206.0,171.923,14.4437,1.50131,0.126129,51.2843,0.367265,-999,-999,-999,-999,-999,412383,808010422
27370,6.4724,LH2,-1.165,44.83,-3.837,10.24,PI-SIDIS,0.44,4.4,0.72,2.0,129.472,70.189,129.74,70.334,130.612,70.807,280.13,151.864,127.101,68.904,0.9999,0.9993,0.9757,0.9477,-1.0,-1.0,-1.0,-1.0,1.0,-1.0,-999,-999,213.0,176.154,14.6913,1.43348,0.119553,51.2275,0.394478,-999,-999,-999,-999,-999,447330,876069992
27372,6.4724,LH2,-1.165,44.83,-3.837,10.24,HMSDIS,0.44,4.4,-999,-999,62297.598,68.04,62423.809,68.178,62877.207,68.673,137232.21,149.882,61260.623,66.907,0.9999,0.9993,-999,-999,-1.0,-1.0,-1.0,1.0,-1.0,-1.0,-999,-999,-999,-999,-999,2.35765,0.00614751,-999,-999,-999,-999,-999,-999,-999,216426,421837800
27373,6.4724,LH2,-1.165,44.83,-3.837,10.24,HMSDIS,0.44,4.4,-999,-999,58378.54,68.272,58463.155,68.371,58891.566,68.872,128278.978,150.018,57420.461,67.151,0.9998,0.9993,-999,-999,-1.0,-1.0,5.0,-1.0,-1.0,-1.0,-999,-999,-999,-999,-999,2.34937,0.0141848,-999,-999,-999,-999,-999,-999,-999,202026,395030104
27375,6.4724,Dummy,-1.165,44.83,-3.837,10.24,PI-SIDIS,0.44,4.4,0.72,2.0,70.262,39.668,70.228,39.649,70.597,39.857,266.199,150.287,70.801,39.972,1.0,0.9985,0.9776,0.961,-1.0,-1.0,-1.0,-1.0,-1.0,1.0,-999,-999,45.0,44.0,6.71393,0.651957,0.0994818,51.2785,0.454305,-999,-999,-999,-999,-999,90780,198949801
27376,6.4724,Dummy,-1.165,44.83,-3.837,10.24,PI-SIDIS,0.44,4.4,0.72,2.0,51.121,38.809,51.116,38.805,51.415,39.032,194.84,147.916,51.555,39.139,1.0,0.999,0.9693,0.9664,-1.0,-1.0,-1.0,-1.0,-1.0,1.0,-999,-999,28.0,27.5385,5.29486,0.557476,0.107187,51.2986,0.47683,-999,-999,-999,-999,-999,66177,144848647
27377,6.4724,Dummy,-1.165,44.83,-3.837,10.24,PI-SIDIS,0.44,4.4,0.72,2.0,72.06,39.142,72.084,39.155,72.552,39.409,274.372,149.035,72.771,39.528,1.0,1.0,0.9811,0.9503,-1.0,-1.0,-1.0,-1.0,-1.0,1.0,-999,-999,26.0,25.5385,5.1025,0.372831,0.0744905,51.5864,0.456786,-999,-999,-999,-999,-999,93363,204472097
27378,6.4724,Dummy,-1.165,44.83,-3.837,10.24,PI-SIDIS,0.44,4.4,0.72,2.0,67.455,38.844,67.487,38.863,68.057,39.191,257.296,148.164,68.451,39.417,1.0,0.9992,0.9791,0.9362,-1.0,-1.0,-1.0,-1.0,-1.0,1.0,-999,-999,31.0,29.3077,5.57944,0.463866,0.0883084,51.2796,0.533285,-999,-999,-999,-999,-999,87349,191404203
27379,6.4724,Dummy,-1.165,44.83,-3.837,10.24,HMSDIS,0.44,4.4,-999,-999,36416.132,39.252,36424.1,39.261,36801.802,39.668,138422.467,149.202,37031.725,39.916,0.9998,0.9991,-999,-999,-1.0,-1.0,-1.0,1.0,-1.0,-1.0,-999,-999,-999,-999,-999,0.719678,0.00444585,-999,-999,-999,-999,-999,-999,-999,47052,103286608
27381,6.4724,LH2,-1.165,44.83,-3.837,10.24,PI-SIDIS,0.44,4.4,0.72,2.0,121.854,67.477,122.032,67.576,123.981,68.655,269.621,149.304,119.833,66.358,0.9998,0.9993,0.9852,0.9593,-1.0,-1.0,-1.0,-1.0,-1.0,1.0,-999,-999,245.0,208.0,15.7431,1.77714,0.134509,51.258,0.37843,-999,-999,-999,-999,-999,421577,825247035
27382,6.4724,LH2,-1.165,44.83,-3.837,10.24,PI-SIDIS,0.44,4.4,0.72,2.0,116.696,68.283,116.913,68.41,118.824,69.528,256.184,149.903,114.706,67.119,1.0,0.9994,0.9834,0.9625,-1.0,-1.0,-1.0,-1.0,-1.0,1.0,-999,-999,243.0,211.692,15.6655,1.88125,0.139215,51.1964,0.349154,-999,-999,-999,-999,-999,403578,790242284
27383,6.4724,LH2,-1.165,44.83,-3.837,10.24,PI-SIDIS,0.44,4.4,0.72,2.0,125.927,68.445,126.18,68.582,127.336,69.211,276.474,150.271,123.761,67.267,0.9999,0.9986,0.984,0.9592,-1.0,-1.0,-1.0,-1.0,-1.0,1.0,-999,-999,240.0,203.769,15.5816,1.6838,0.128755,51.2983,0.498568,-999,-999,-999,-999,-999,436342,852405987
27384,6.4724,LH2,-1.165,44.83,-3.837,10.24,PI-SIDIS,0.44,4.4,0.72,2.0,121.119,69.528,121.387,69.682,122.394,70.259,263.391,151.198,118.977,68.298,1.0,0.9989,0.983,0.961,-1.0,-1.0,-1.0,-1.0,-1.0,1.0,-999,-999,241.0,206.308,15.6099,1.76862,0.133819,51.241,0.404361,-999,-999,-999,-999,-999,418565,819991021
27385,6.4724,LH2,-1.165,44.83,-3.837,10.24,PI-SIDIS,0.44,4.4,0.72,2.0,47.843,68.965,47.951,69.121,48.492,69.901,104.321,150.378,47.019,67.777,0.9998,0.9999,0.9863,0.9654,-1.0,-1.0,-1.0,-1.0,-1.0,1.0,-999,-999,90.0,77.4615,9.53753,1.67366,0.206071,51.1903,0.405676,-999,-999,-999,-999,-999,164881,324118892
27386,6.4724,LH2,-1.165,44.83,-3.837,10.24,PI-SIDIS,0.44,4.4,0.72,2.0,117.343,69.545,117.597,69.695,119.245,70.672,255.277,151.292,115.293,68.33,0.9998,0.9991,0.9853,0.9548,-1.0,-1.0,-1.0,-1.0,-1.0,1.0,-999,-999,239.0,205.538,15.5426,1.83099,0.138458,51.2268,0.345346,-999,-999,-999,-999,-999,405230,794838093
27387,6.4724,LH2,-1.165,44.83,-3.837,10.24,PI-SIDIS,0.44,4.4,0.72,2.0,103.559,69.38,103.675,69.458,104.467,69.989,225.375,150.992,101.652,68.102,0.9997,0.9987,0.9831,0.9516,-1.0,-1.0,-1.0,-1.0,-1.0,1.0,-999,-999,208.0,179.308,14.4985,1.81803,0.147003,51.3586,0.348941,-999,-999,-999,-999,-999,356999,699859874
27388,6.4724,LH2,-1.165,44.83,-3.837,10.24,PI-SIDIS,0.44,4.4,0.72,2.0,106.865,67.012,107.029,67.115,108.106,67.79,237.242,148.767,105.054,65.876,1.0,0.9984,0.9834,0.9525,-1.0,-1.0,-1.0,-1.0,-1.0,1.0,-999,-999,187.0,158.538,13.7546,1.55517,0.134925,51.3046,0.348637,-999,-999,-999,-999,-999,370574,723188735
27389,6.4724,LH2,-1.165,44.83,-3.837,10.24,PI-SIDIS,0.44,4.4,0.72,2.0,116.875,69.093,117.098,69.225,118.687,70.165,255.044,150.775,114.845,67.893,0.9998,0.9985,0.9845,0.9584,-1.0,-1.0,-1.0,-1.0,-1.0,1.0,-999,-999,226.0,190.692,15.1234,1.69956,0.134788,51.2297,0.427052,-999,-999,-999,-999,-999,403243,790825180
27390,6.4724,LH2,-1.165,44.83,-3.837,10.24,PI-SIDIS,0.44,4.4,0.72,2.0,119.114,69.401,119.37,69.55,121.221,70.629,259.155,150.995,117.057,68.202,0.9998,0.9985,0.9843,0.9558,-1.0,-1.0,-1.0,-1.0,-1.0,1.0,-999,-999,252.0,216.154,15.9611,1.89496,0.139927,51.2765,0.411295,-999,-999,-999,-999,-999,412147,806148127
27391,6.4724,LH2,-1.165,44.83,-3.837,10.24,PI-SIDIS,0.44,4.4,0.72,2.0,113.312,67.663,113.564,67.813,115.353,68.881,250.191,149.398,111.476,66.566,0.9997,0.9987,0.9841,0.9584,-1.0,-1.0,-1.0,-1.0,-1.0,1.0,-999,-999,223.0,191.231,15.0148,1.75758,0.137999,51.2104,0.374969,-999,-999,-999,-999,-999,393606,767597792
27392,6.4724,Dummy,-1.165,44.83,-3.837,10.24,PI-SIDIS,0.44,4.4,0.72,2.0,77.018,39.932,77.022,39.934,78.026,40.455,291.02,150.888,78.475,40.687,0.9981,1.0,0.982,0.9513,-1.0,-1.0,-1.0,-1.0,-1.0,1.0,-999,-999,28.0,26.4615,5.30267,0.361833,0.0725084,51.3552,0.500873,-999,-999,-999,-999,-999,99795,218232298
27393,6.4724,Dummy,-1.165,44.83,-3.837,10.24,PI-SIDIS,0.44,4.4,0.72,2.0,71.634,40.339,71.58,40.308,72.515,40.835,269.807,151.935,72.908,41.057,1.0,0.996,0.9806,0.9557,-1.0,-1.0,-1.0,-1.0,-1.0,1.0,-999,-999,33.0,31.7692,5.7528,0.464401,0.0840941,51.201,0.296177,-999,-999,-999,-999,-999,92298,202790142
27394,6.4724,Dummy,-1.165,44.83,-3.837,10.24,PI-SIDIS,0.44,4.4,0.72,2.0,52.173,40.207,52.163,40.2,52.813,40.7,196.615,151.523,53.09,40.915,1.0,0.9989,0.976,0.9524,-1.0,-1.0,-1.0,-1.0,-1.0,1.0,-999,-999,24.0,23.5385,4.9026,0.473801,0.0986835,51.25,0.273264,-999,-999,-999,-999,-999,67248,147769112
27395,6.4724,Dummy,-1.165,44.83,-3.837,10.24,PI-SIDIS,0.44,4.4,0.72,2.0,86.828,39.679,86.851,39.69,87.842,40.143,328.936,150.319,88.298,40.351,1.0,0.9981,0.9777,0.9447,-1.0,-1.0,-1.0,-1.0,-1.0,1.0,-999,-999,56.0,53.9231,7.49398,0.657213,0.0913364,51.2606,0.334672,-999,-999,-999,-999,-999,112422,246380808
27396,6.4724,Dummy,-1.165,44.83,-3.837,10.24,PI-SIDIS,0.44,4.4,0.72,2.0,71.831,39.82,71.855,39.834,72.618,40.256,271.902,150.732,72.991,40.463,1.0,0.9985,0.9767,0.9456,-1.0,-1.0,-1.0,-1.0,-1.0,1.0,-999,-999,43.0,41.8462,6.5642,0.615873,0.096609,51.25,0.337271,-999,-999,-999,-999,-999,92516,203748561
27397,6.4724,Dummy,-1.165,44.83,-3.837,10.24,PI-SIDIS,0.44,4.4,0.72,2.0,76.126,40.044,76.094,40.028,76.857,40.429,287.8,151.391,77.246,40.634,1.0,0.9985,0.9798,0.9494,-1.0,-1.0,-1.0,-1.0,-1.0,1.0,-999,-999,29.0,28.1538,5.3912,0.389707,0.0746253,51.3125,0.300035,-999,-999,-999,-999,-999,98597,215690459
27399,6.4724,LD2,-1.165,44.83,-2.987,10.24,PI-SIDIS,0.44,4.4,0.56,2.0,49.404,27.792,49.402,27.79,49.797,28.013,266.526,149.931,50.024,28.141,0.9999,0.9988,0.9852,0.9788,-1.0,-1.0,-1.0,-1.0,-1.0,1.0,-999,-999,257.0,177.0,16.222,3.66092,0.335523,51.2528,0.383753,-999,-999,-999,-999,-999,324496,512093677
27400,6.4724,LD2,-1.165,44.83,-2.987,10.24,PI-SIDIS,0.44,4.4,0.56,2.0,48.233,28.149,48.236,28.151,48.552,28.335,260.123,151.809,48.64,28.386,1.0,0.9988,0.9843,0.9783,-1.0,-1.0,-1.0,-1.0,-1.0,1.0,-999,-999,293.0,211.077,17.3003,4.47312,0.366627,51.3249,0.468032,-999,-999,-999,-999,-999,316218,499564391
27401,6.4724,LD2,-1.165,44.83,-2.987,10.24,PI-SIDIS,0.44,4.4,0.56,2.0,45.493,27.19,45.493,27.19,45.785,27.364,245.062,146.467,45.876,27.419,1.0,0.999,0.9834,0.9777,-1.0,-1.0,-1.0,-1.0,-1.0,1.0,-999,-999,265.0,191.077,16.4525,4.29614,0.369917,51.2736,0.359587,-999,-999,-999,-999,-999,298350,471283630
27402,6.4724,LD2,-1.165,44.83,-2.987,10.24,PI-SIDIS,0.44,4.4,0.56,2.0,60.023,27.808,59.961,27.779,60.448,28.004,323.37,149.812,60.71,28.126,1.0,0.9994,0.9848,0.9755,-1.0,-1.0,-1.0,-1.0,-1.0,1.0,-999,-999,316.0,213.308,17.9972,3.64685,0.307692,51.3019,0.461862,-999,-999,-999,-999,-999,392314,620924351
27403,6.4724,LD2,-1.165,44.83,-2.978,10.24,PI-SIDIS,0.44,4.4,0.56,2.0,2.983,28.026,2.982,28.013,3.011,28.282,16.123,151.468,3.026,28.423,0.9984,0.9989,0.98,0.9808,-1.0,-1.0,-1.0,-1.0,-1.0,1.0,-999,-999,18.0,12.0,4.29669,4.1095,1.47144,51.19,0.294066,-999,-999,-999,-999,-999,19574,30805468
27406,6.4724,LD2,-1.165,44.83,-2.978,10.245,PI-SIDIS,0.44,4.4,0.56,2.0,50.609,28.438,50.614,28.441,50.828,28.561,271.119,152.346,50.894,28.598,0.9997,0.9984,0.984,0.9741,-1.0,-1.0,-1.0,-1.0,-1.0,1.0,-999,-999,307.0,220.769,17.7097,4.47935,0.359325,51.2848,0.312195,-999,-999,-999,-999,-999,323945,520338138
27407,6.4724,LD2,-1.165,44.83,-2.978,10.245,PI-SIDIS,0.44,4.4,0.56,2.0,47.685,28.17,47.647,28.147,48.026,28.371,254.635,150.425,48.214,28.482,0.9997,0.9978,0.9839,0.9743,-1.0,-1.0,-1.0,-1.0,-1.0,1.0,-999,-999,295.0,213.385,17.3574,4.59814,0.374027,51.2711,0.346312,-999,-999,-999,-999,-999,305024,489725819
27408,6.4724,LD2,-1.165,44.83,-2.978,10.245,PI-SIDIS,0.44,4.4,0.56,2.0,47.938,27.926,47.922,27.917,48.563,28.29,257.242,149.854,48.816,28.437,1.0,0.9979,0.9841,0.9759,-1.0,-1.0,-1.0,-1.0,-1.0,1.0,-999,-999,279.0,193.0,16.9002,4.12697,0.36138,51.2141,0.427799,-999,-999,-999,-999,-999,307337,492998283
27409,6.4724,LD2,-1.165,44.83,-2.978,10.245,PI-SIDIS,0.44,4.4,0.56,2.0,47.224,28.257,47.219,28.253,47.72,28.554,251.578,150.532,47.865,28.64,0.9997,0.9978,0.9834,0.9743,-1.0,-1.0,-1.0,-1.0,-1.0,1.0,-999,-999,267.0,189.538,16.5215,4.12138,0.359247,51.3125,0.382399,-999,-999,-999,-999,-999,302699,485440237
27410,6.4724,LD2,-1.165,44.83,-2.978,10.245,PI-SIDIS,0.44,4.4,0.56,2.0,28.486,28.253,28.498,28.265,28.673,28.439,152.458,151.212,28.697,28.463,1.0,0.9983,0.9835,0.9721,-1.0,-1.0,-1.0,-1.0,-1.0,1.0,-999,-999,166.0,117.769,13.0273,4.25148,0.470286,51.3139,0.321369,-999,-999,-999,-999,-999,182285,292879251
27411,6.4724,LD2,-1.165,44.83,-2.978,10.245,PI-SIDIS,0.44,4.4,0.56,2.0,47.884,28.235,47.914,28.253,48.33,28.498,256.375,151.176,48.527,28.615,0.9997,0.9975,0.9827,0.9742,-1.0,-1.0,-1.0,-1.0,-1.0,1.0,-999,-999,254.0,171.538,16.1352,3.6762,0.345788,51.2302,0.402788,-999,-999,-999,-999,-999,306633,492693532
27412,6.4724,LD2,-1.165,44.83,-2.978,10.245,PI-SIDIS,0.44,4.4,0.56,2.0,46.959,28.006,46.958,28.005,47.577,28.375,251.589,150.045,47.845,28.534,0.9998,0.9979,0.9844,0.9753,-1.0,-1.0,-1.0,-1.0,-1.0,1.0,-999,-999,262.0,184.0,16.3707,4.0186,0.35754,51.2472,0.405982,-999,-999,-999,-999,-999,300596,482848775
27413,6.4724,LD2,-1.165,44.83,-2.978,10.245,PI-SIDIS,0.44,4.4,0.56,2.0,49.93,28.091,49.894,28.071,50.613,28.475,267.742,150.635,50.834,28.6,0.9998,0.9977,0.985,0.9719,-1.0,-1.0,-1.0,-1.0,-1.0,1.0,-999,-999,274.0,191.154,16.7443,3.94297,0.345389,51.2103,0.425155,-999,-999,-999,-999,-999,320001,513132494
27414,6.4724,LD2,-1.165,44.83,-2.978,10.245,PI-SIDIS,0.44,4.4,0.56,2.0,43.384,27.123,43.377,27.119,43.759,27.358,232.783,145.533,43.828,27.401,0.9997,0.9976,0.9814,0.9731,-1.0,-1.0,-1.0,-1.0,-1.0,1.0,-999,-999,216.0,142.231,14.8887,3.37077,0.352853,51.2824,0.357078,-999,-999,-999,-999,-999,278319,445990432
27415,6.4724,LD2,-1.165,44.83,-2.978,10.245,HMSDIS,0.44,4.4,-999,-999,24793.038,28.384,24788.407,28.378,24992.4,28.612,133073.467,152.346,25045.992,28.673,0.9998,0.9976,-999,-999,-1.0,-1.0,-1.0,1.0,-1.0,-1.0,-999,-999,-999,-999,-999,4.23225,0.0130727,-999,-999,-999,-999,-999,-999,-999,159612,254699455
27417,6.4724,LD2,-1.165,44.83,-2.978,10.245,HMSDIS,0.44,4.4,-999,-999,23099.577,27.829,23109.814,27.841,23407.039,28.199,124410.013,149.879,23525.957,28.342,0.9997,0.9978,-999,-999,-1.0,-1.0,9.0,-1.0,-1.0,-1.0,-999,-999,-999,-999,-999,4.24076,0.0406676,-999,-999,-999,-999,-999,-999,-999,148479,238077291
27418,6.4724,LH2,-1.165,44.83,-2.978,10.245,PI-SIDIS,0.44,4.4,0.56,2.0,98.034,55.674,98.199,55.767,99.765,56.656,265.781,150.937,100.272,56.944,0.9998,0.9978,0.9807,0.9706,-1.0,-1.0,-1.0,-1.0,-1.0,1.0,-999,-999,248.0,174.385,15.9268,1.83001,0.167137,51.2053,0.393943,-999,-999,-999,-999,-999,341108,499062377
27419,6.4724,LH2,-1.165,44.83,-2.978,10.245,PI-SIDIS,0.44,4.4,0.56,2.0,66.798,55.245,66.847,55.286,67.932,56.183,181.17,149.837,68.276,56.468,0.9997,0.9976,0.9783,0.9685,-1.0,-1.0,-1.0,-1.0,-1.0,1.0,-999,-999,171.0,119.308,13.2279,1.84342,0.204383,51.2006,0.404185,-999,-999,-999,-999,-999,232385,339662472
27420,6.4724,LH2,-1.165,44.83,-2.978,10.245,PI-SIDIS,0.44,4.4,0.56,2.0,75.981,55.787,76.092,55.869,77.347,56.79,202.998,149.045,77.729,57.07,1.0,0.998,0.9801,0.9686,-1.0,-1.0,-1.0,-1.0,-1.0,1.0,-999,-999,185.0,123.077,13.7755,1.66993,0.186908,51.1928,0.375692,-999,-999,-999,-999,-999,263736,386784718
27421,6.4724,LH2,-1.165,44.83,-2.978,10.245,PI-SIDIS,0.44,4.4,0.56,2.0,97.835,59.124,98.031,59.243,99.669,60.232,246.422,148.919,100.148,60.522,1.0,0.9977,0.9779,0.9665,-1.0,-1.0,-1.0,-1.0,-1.0,1.0,-999,-999,242.0,163.077,15.7503,1.7212,0.166237,51.214,0.372954,-999,-999,-999,-999,-999,340074,497672864
27423,6.4724,LH2,-1.165,44.83,-2.978,10.245,PI-SIDIS,0.44,4.4,0.56,2.0,98.868,59.676,99.087,59.808,100.739,60.805,248.202,149.812,101.236,61.105,0.9998,0.9978,0.9792,0.9668,-1.0,-1.0,-1.0,-1.0,-1.0,1.0,-999,-999,274.0,186.615,16.7548,1.9485,0.174941,51.1505,0.439696,-999,-999,-999,-999,-999,342817,502990920
27424,6.4724,LH2,-1.165,44.83,-2.978,10.245,PI-SIDIS,0.44,4.4,0.56,2.0,105.292,59.139,105.458,59.233,107.193,60.207,265.399,149.066,107.747,60.518,0.9998,0.9976,0.9809,0.9659,-1.0,-1.0,-1.0,-1.0,-1.0,1.0,-999,-999,280.0,189.846,16.9392,1.86417,0.166332,51.1924,0.407175,-999,-999,-999,-999,-999,365178,535399058
27425,6.4724,LH2,-1.165,44.83,-2.978,10.245,PI-SIDIS,0.44,4.4,0.56,2.0,82.424,57.962,82.499,58.015,83.872,58.981,208.989,146.965,84.288,59.273,0.9999,0.9973,0.9775,0.9681,-1.0,-1.0,-1.0,-1.0,-1.0,1.0,-999,-999,235.0,167.308,15.4986,2.09506,0.194077,51.1991,0.354255,-999,-999,-999,-999,-999,286504,418848332
27426,6.4724,LH2,-1.165,44.83,-2.978,10.245,PI-SIDIS,0.44,4.4,0.56,2.0,99.604,58.825,99.737,58.903,101.378,59.873,251.407,148.478,101.874,60.166,0.9999,0.9981,0.9815,0.9685,-1.0,-1.0,-1.0,-1.0,-1.0,1.0,-999,-999,281.0,191.923,16.9662,1.98712,0.175664,51.1922,0.383982,-999,-999,-999,-999,-999,346067,506428279
27427,6.4724,LH2,-1.165,44.83,-2.978,10.245,PI-SIDIS,0.44,4.4,0.56,2.0,91.058,59.44,91.238,59.558,92.724,60.528,229.163,149.592,93.172,60.82,0.9998,0.9981,0.9784,0.9693,-1.0,-1.0,-1.0,-1.0,-1.0,1.0,-999,-999,227.0,154.615,15.2502,1.74868,0.172478,51.1736,0.451406,-999,-999,-999,-999,-999,315841,463265736
27428,6.4724,LH2,-1.165,44.83,-2.978,10.245,PI-SIDIS,0.44,4.4,0.56,2.0,105.717,60.771,105.944,60.902,107.618,61.864,262.824,151.083,108.171,62.182,0.9996,0.9983,0.9781,0.9674,-1.0,-1.0,-1.0,-1.0,-1.0,1.0,-999,-999,292.0,205.692,17.2812,2.00781,0.168686,51.2175,0.375551,-999,-999,-999,-999,-999,365353,537813781
27429,6.4724,LH2,-1.165,44.83,-2.978,10.245,PI-SIDIS,0.44,4.4,0.56,2.0,107.833,60.753,108.021,60.858,109.701,61.805,268.523,151.284,110.285,62.134,0.9996,0.9983,0.9711,0.9599,-1.0,-1.0,-1.0,-1.0,1.0,-1.0,-999,-999,310.0,216.154,17.8106,2.08649,0.171923,51.2265,0.385002,-999,-999,-999,-999,-999,373457,548207338
27430,6.4724,LH2,-1.165,44.83,-2.978,10.245,HMSDIS,0.44,4.4,-999,-999,54520.915,57.584,54556.674,57.622,55440.811,58.555,139385.589,147.216,55719.672,58.85,0.9999,0.9984,-999,-999,-1.0,-1.0,-1.0,1.0,-1.0,-1.0,-999,-999,-999,-999,-999,2.34286,0.00655488,-999,-999,-999,-999,-999,-999,-999,188480,276944293
27431,6.4724,LH2,-1.165,44.83,-2.978,10.245,HMSDIS,0.44,4.4,-999,-999,53708.0,60.569,53771.436,60.641,54648.137,61.629,133644.595,150.718,54916.956,61.933,0.9998,0.9983,-999,-999,-1.0,-1.0,5.0,-1.0,-1.0,-1.0,-999,-999,-999,-999,-999,2.37308,0.0148634,-999,-999,-999,-999,-999,-999,-999,185784,272912094
27432,6.4724,Dummy,-1.165,44.83,-2.978,10.245,PI-SIDIS,0.44,4.4,0.56,2.0,72.378,40.099,72.394,40.108,73.356,40.641,273.129,151.319,73.727,40.846,1.0,0.9987,0.9708,0.9633,-1.0,-1.0,-1.0,-1.0,-1.0,1.0,-999,-999,39.0,36.0769,6.26297,0.517348,0.089812,51.327,0.44986,-999,-999,-999,-999,-999,92323,151082730
27433,6.4724,Dummy,-1.165,44.83,-2.978,10.245,PI-SIDIS,0.44,4.4,0.56,2.0,68.339,39.723,68.374,39.744,69.302,40.283,258.332,150.16,69.652,40.487,1.0,0.998,0.976,0.96,-1.0,-1.0,-1.0,-1.0,-1.0,1.0,-999,-999,26.0,22.8462,5.12275,0.348057,0.0780443,51.3981,0.23968,-999,-999,-999,-999,-999,86962,142799327
27435,6.4724,Dummy,-1.165,44.83,-2.978,10.245,PI-SIDIS,0.44,4.4,0.56,2.0,45.809,39.685,45.789,39.668,46.475,40.262,173.166,150.016,46.706,40.462,1.0,0.9957,0.965,0.9562,-1.0,-1.0,-1.0,-1.0,-1.0,1.0,-999,-999,31.0,28.7692,5.58315,0.65708,0.127517,51.3533,0.356949,-999,-999,-999,-999,-999,58459,95840942
27436,6.4724,Dummy,-1.165,44.83,-2.978,10.245,PI-SIDIS,0.44,4.4,0.56,2.0,58.466,40.036,58.498,40.058,59.133,40.493,220.467,150.972,59.436,40.701,1.0,1.0,0.9812,0.9672,-1.0,-1.0,-1.0,-1.0,-1.0,1.0,-999,-999,33.0,29.4615,5.76821,0.520713,0.101949,51.1856,0.570608,-999,-999,-999,-999,-999,74147,122398707
27437,6.4724,Dummy,-1.165,44.83,-2.978,10.245,PI-SIDIS,0.44,4.4,0.56,2.0,94.778,40.243,94.735,40.225,96.032,40.776,355.984,151.154,96.507,40.978,1.0,0.9995,0.9729,0.9531,-1.0,-1.0,-1.0,-1.0,-1.0,1.0,-999,-999,64.0,58.3846,8.02695,0.646621,0.0889,51.1734,0.361007,-999,-999,-999,-999,-999,120681,198057826
27438,6.4724,Dummy,-1.165,44.83,-2.978,10.245,HMSDIS,0.44,4.4,-999,-999,35915.914,39.741,35914.061,39.739,36296.309,40.162,135653.592,150.1,36410.593,40.288,0.9999,0.9988,-999,-999,-1.0,-1.0,-1.0,1.0,-1.0,-1.0,-999,-999,-999,-999,-999,0.719603,0.00447684,-999,-999,-999,-999,-999,-999,-999,45815,75035759
27439,6.4724,LD2,-1.165,44.83,-2.978,10.245,PI-SIDIS,0.44,4.4,0.56,2.0,48.562,28.024,48.567,28.027,48.828,28.178,260.787,150.495,48.875,28.205,0.9997,0.9986,0.9833,0.9747,-1.0,-1.0,-1.0,-1.0,-1.0,1.0,-999,-999,262.0,175.385,16.3909,3.70618,0.346369,51.2848,0.344572,-999,-999,-999,-999,-999,311448,499825793
27440,6.4724,LD2,-1.165,44.83,-2.978,10.245,PI-SIDIS,0.44,4.4,0.56,2.0,40.566,27.937,40.586,27.951,40.971,28.216,218.183,150.261,41.15,28.34,1.0,0.9982,0.9823,0.9742,-1.0,-1.0,-1.0,-1.0,-1.0,1.0,-999,-999,260.0,192.231,16.2854,4.862,0.411897,51.1968,0.372708,-999,-999,-999,-999,-999,260270,417909241
27442,6.4724,LH2,-1.165,26.6,-2.738,7.5,PI-SIDIS,0.16,1.6,0.52,2.0,33.7,20.993,33.664,20.97,34.023,21.194,191.92,119.554,33.041,20.582,0.9997,0.9987,0.9844,0.9756,-1.0,-1.0,-1.0,-1.0,-1.0,1.0,-999,-999,1939.0,1311.08,44.5792,39.9371,1.35794,51.2135,0.36154,-999,-999,-999,-999,-999,2075722,465822446
27443,6.4724,LH2,-1.165,26.6,-2.738,7.5,PI-SIDIS,0.16,1.6,0.52,2.0,36.655,21.017,36.63,21.003,37.029,21.232,208.84,119.745,36.002,20.643,0.9998,0.9987,0.9847,0.9747,-1.0,-1.0,-1.0,-1.0,-1.0,1.0,-999,-999,2103.0,1417.62,46.4298,39.7179,1.30084,51.2224,0.370539,-999,-999,-999,-999,-999,2257717,506271800
27444,6.4724,LH2,-1.165,26.6,-2.738,7.5,PI-SIDIS,0.16,1.6,0.52,2.0,36.191,20.917,36.183,20.913,36.585,21.145,206.342,119.26,35.581,20.565,0.9999,0.9987,0.9845,0.9754,-1.0,-1.0,-1.0,-1.0,-1.0,1.0,-999,-999,2151.0,1489.38,46.9243,42.2113,1.3299,51.2121,0.36194,-999,-999,-999,-999,-999,2229417,500113587
27445,6.4724,LH2,-1.165,26.6,-2.738,7.5,PI-SIDIS,0.16,1.6,0.52,2.0,37.522,21.141,37.511,21.135,37.928,21.37,213.949,120.545,37.105,20.906,0.9999,0.9986,0.9843,0.9756,-1.0,-1.0,-1.0,-1.0,-1.0,1.0,-999,-999,2140.0,1449.77,46.8305,39.6249,1.27997,51.2227,0.361723,-999,-999,-999,-999,-999,2313134,518281976
27446,6.4724,LH2,-1.165,26.6,-2.738,7.5,PI-SIDIS,0.16,1.6,0.52,2.0,37.668,21.15,37.642,21.135,38.102,21.393,214.895,120.659,37.32,20.954,0.9997,0.9987,0.9845,0.975,-1.0,-1.0,-1.0,-1.0,-1.0,1.0,-999,-999,2122.0,1421.15,46.6467,38.7386,1.27152,51.2301,0.368234,-999,-999,-999,-999,-999,2320330,519975558
27447,6.4724,LH2,-1.165,26.6,-2.738,7.5,PI-SIDIS,0.16,1.6,0.52,2.0,36.105,21.057,36.065,21.033,36.535,21.307,206.076,120.184,36.314,21.178,0.9998,0.9986,0.9848,0.9747,-1.0,-1.0,-1.0,-1.0,-1.0,1.0,-999,-999,2097.0,1440.38,46.3412,40.9897,1.31875,51.224,0.365587,-999,-999,-999,-999,-999,2227551,498249631
27448,6.4724,LH2,-1.165,26.6,-2.738,7.5,PI-SIDIS,0.16,1.6,0.52,2.0,35.581,20.948,35.56,20.935,36.058,21.228,203.367,119.728,36.225,21.326,0.9998,0.9988,0.9846,0.9755,-1.0,-1.0,-1.0,-1.0,-1.0,1.0,-999,-999,2006.0,1351.15,45.3472,38.9629,1.30767,51.2151,0.361472,-999,-999,-999,-999,-999,2198537,491309559
27449,6.4724,LH2,-1.165,26.6,-2.738,7.5,PI-SIDIS,0.16,1.6,0.52,2.0,34.321,21.004,34.314,20.999,34.821,21.309,196.378,120.177,35.012,21.426,0.9998,0.9985,0.9845,0.9751,-1.0,-1.0,-1.0,-1.0,-1.0,1.0,-999,-999,1925.0,1295.62,44.4231,38.7335,1.32807,51.2202,0.368176,-999,-999,-999,-999,-999,2132305,474248966
27451,6.4724,LH2,-1.165,26.6,-2.738,7.5,PI-SIDIS,0.16,1.6,0.52,2.0,37.08,21.062,37.077,21.061,37.649,21.386,212.307,120.595,37.887,21.521,0.9998,0.9988,0.9729,0.9623,-1.0,-1.0,-1.0,-1.0,1.0,-1.0,-999,-999,2121.0,1453.62,46.6083,42.2672,1.35525,51.213,0.361097,-999,-999,-999,-999,-999,2312418,512441975
27452,6.4724,LH2,-1.165,26.6,-2.738,7.5,HMSDIS,0.16,1.6,-999,-999,17028.431,21.009,17028.45,21.009,17298.849,21.342,97554.559,120.357,17414.796,21.485,0.9998,0.9987,-999,-999,-1.0,-1.0,-1.0,2.0,-1.0,-1.0,-999,-999,-999,-999,-999,43.5163,0.0715268,-999,-999,-999,-999,-999,-999,-999,1061209,235340514
27453,6.4724,LH2,-1.165,26.6,-2.738,7.5,HMSDIS,0.16,1.6,-999,-999,18654.248,20.931,18646.403,20.922,18957.495,21.271,106902.414,119.948,19083.701,21.413,0.9996,0.9987,-999,-999,-1.0,-1.0,33.0,-1.0,-1.0,-1.0,-999,-999,-999,-999,-999,43.7853,0.278526,-999,-999,-999,-999,-999,-999,-999,1165540,257721441
27454,6.4724,Dummy,-1.165,26.6,-2.738,7.5,PI-SIDIS,0.16,1.6,0.52,2.0,72.66,46.044,72.692,46.064,73.325,46.465,228.419,144.747,73.634,46.661,0.9998,0.9985,0.9853,0.9763,-1.0,-1.0,-1.0,-1.0,-1.0,1.0,-999,-999,1404.0,950.846,37.9323,13.4023,0.534659,51.2692,0.342925,-999,-999,-999,-999,-999,1595204,401816598
27455,6.4724,Dummy,-1.165,26.6,-2.738,7.5,PI-SIDIS,0.16,1.6,0.52,2.0,84.611,49.079,84.671,49.114,85.152,49.393,258.769,150.1,85.538,49.617,0.9998,0.9987,0.9847,0.9775,-1.0,-1.0,-1.0,-1.0,-1.0,1.0,-999,-999,1585.0,1041.0,40.3342,12.5812,0.487466,51.2858,0.348779,-999,-999,-999,-999,-999,1851733,467305133
27456,6.4724,Dummy,-1.165,26.6,-2.738,7.5,PI-SIDIS,0.16,1.6,0.52,2.0,85.67,49.448,85.757,49.498,86.623,49.998,261.794,151.105,87.314,50.397,0.9998,0.9987,0.9842,0.9751,-1.0,-1.0,-1.0,-1.0,-1.0,1.0,-999,-999,1628.0,1077.85,40.8695,12.8936,0.488898,51.2287,0.357661,-999,-999,-999,-999,-999,1874632,473620585
27457,6.4724,Dummy,-1.165,26.6,-2.738,7.5,HMSDIS,0.16,1.6,-999,-999,37553.777,46.793,37588.878,46.837,38071.121,47.438,117326.752,146.193,38386.32,47.83,0.9997,0.9985,-999,-999,-1.0,-1.0,-1.0,2.0,-1.0,-1.0,-999,-999,-999,-999,-999,15.3223,0.0285672,-999,-999,-999,-999,-999,-999,-999,823997,207749868
27458,6.4724,LH2,-1.165,26.6,-2.738,7.5,PI-SIDIS,0.16,1.6,0.52,2.0,37.706,21.165,37.685,21.153,38.273,21.483,215.882,121.177,38.562,21.645,0.9998,0.9984,0.9852,0.9758,-1.0,-1.0,-1.0,-1.0,-1.0,1.0,-999,-999,2143.0,1443.85,46.8698,39.2765,1.27499,51.2342,0.361349,-999,-999,-999,-999,-999,2354902,520838417
27459,6.4724,LH2,-1.165,26.6,-2.738,7.5,PI-SIDIS,0.16,1.6,0.52,2.0,7.026,20.8,7.017,20.773,7.11,21.048,40.104,118.724,7.153,21.175,0.9999,0.9986,0.9839,0.9738,-1.0,-1.0,-1.0,-1.0,-1.0,1.0,-999,-999,380.0,247.385,19.7535,36.2118,2.89149,51.2639,0.374747,-999,-999,-999,-999,-999,439316,96977274
27460,6.4724,LH2,-1.165,26.6,-2.738,7.5,PI-SIDIS,0.16,1.6,0.52,2.0,36.246,21.048,36.226,21.037,36.466,21.176,205.717,119.461,36.591,21.248,0.9998,0.9987,0.9842,0.9751,-1.0,-1.0,-1.0,-1.0,-1.0,1.0,-999,-999,2041.0,1366.77,45.7478,38.7056,1.29553,51.275,0.338493,-999,-999,-999,-999,-999,2262007,500286591
27461,6.4724,LH2,-1.165,26.6,-2.738,7.5,PI-SIDIS,0.16,1.6,0.52,2.0,36.365,21.008,36.355,21.002,36.708,21.206,207.057,119.615,36.954,21.348,0.9996,0.9985,0.9847,0.9754,-1.0,-1.0,-1.0,-1.0,-1.0,1.0,-999,-999,2012.0,1338.38,45.4292,37.7631,1.28181,51.2506,0.35858,-999,-999,-999,-999,-999,2272000,502017271
27462,6.4724,LH2,-1.165,26.6,-2.738,7.5,PI-SIDIS,0.16,1.6,0.52,2.0,39.01,21.124,39.006,21.122,39.515,21.398,222.874,120.688,39.853,21.581,0.9997,0.9981,0.9851,0.9749,-1.0,-1.0,-1.0,-1.0,-1.0,1.0,-999,-999,2160.0,1436.77,47.0705,37.7988,1.23834,51.2005,0.379804,-999,-999,-999,-999,-999,2436346,538986294
27463,6.4724,LH2,-1.165,26.6,-2.738,7.5,PI-SIDIS,0.16,1.6,0.52,2.0,27.921,21.126,27.917,21.123,28.347,21.448,159.871,120.962,28.582,21.626,0.9999,0.9984,0.9848,0.9755,-1.0,-1.0,-1.0,-1.0,-1.0,1.0,-999,-999,1514.0,999.0,39.4159,36.6925,1.44772,51.2002,0.348093,-999,-999,-999,-999,-999,1746970,385946493
27464,6.4724,LH2,-1.165,26.6,-2.738,7.5,PI-SIDIS,0.16,1.6,0.52,2.0,36.208,20.935,36.181,20.919,36.669,21.201,206.864,119.604,36.924,21.349,0.9998,0.9982,0.9846,0.9745,-1.0,-1.0,-1.0,-1.0,-1.0,1.0,-999,-999,2083.0,1415.69,46.1988,40.1651,1.31072,51.236,0.348144,-999,-999,-999,-999,-999,2258157,500138695
27465,6.4724,LH2,-1.165,26.6,-2.738,7.5,PI-SIDIS,0.16,1.6,0.52,2.0,36.59,20.908,36.56,20.891,36.849,21.057,207.883,118.791,37.007,21.147,0.9999,0.9984,0.9842,0.9754,-1.0,-1.0,-1.0,-1.0,-1.0,1.0,-999,-999,2043.0,1365.92,45.7721,38.3129,1.28387,51.2713,0.357183,-999,-999,-999,-999,-999,2286899,504858446
27466,6.4724,LH2,-1.165,26.6,-2.738,7.5,PI-SIDIS,0.16,1.6,0.52,2.0,39.417,21.256,39.398,21.245,39.799,21.462,224.504,121.065,40.118,21.634,0.9998,0.9984,0.984,0.9749,-1.0,-1.0,-1.0,-1.0,-1.0,1.0,-999,-999,2186.0,1452.85,47.3539,37.8383,1.2333,51.2721,0.354786,-999,-999,-999,-999,-999,2461833,544064356
27467,6.4724,LH2,-1.165,26.6,4.929,7.5,PI+SIDIS,0.16,1.6,0.93,2.0,72.555,58.929,72.675,59.027,73.77,59.916,173.181,140.658,71.583,58.139,0.9997,0.9977,0.9832,0.9803,-1.0,-1.0,-1.0,-1.0,-1.0,1.0,-999,-999,3953.0,3501.69,63.1484,49.1773,0.886847,51.2624,0.37425,-999,-999,-999,-999,-999,4467821,40602657
27468,6.4724,LH2,-1.165,26.6,4.929,7.5,PI+SIDIS,0.16,1.6,0.93,2.0,92.565,62.236,92.691,62.321,94.052,63.236,218.479,146.895,93.717,63.011,0.9996,0.9978,0.9848,0.9799,-1.0,-1.0,-1.0,-1.0,-1.0,1.0,-999,-999,5172.0,4600.31,72.2217,50.6803,0.795647,51.277,0.37223,-999,-999,-999,-999,-999,5706819,51769282
27469,6.4724,LH2,-1.165,26.6,4.929,7.5,HMSDIS,0.16,1.6,-999,-999,47190.365,64.441,47215.109,64.474,47906.839,65.419,108014.192,147.498,47659.944,65.082,0.9997,0.9977,-999,-999,-1.0,-1.0,-1.0,5.0,-1.0,-1.0,-999,-999,-999,-999,-999,43.2052,0.067691,-999,-999,-999,-999,-999,-999,-999,2903858,26372764
27470,6.4724,LH2,-1.165,26.6,4.929,7.5,HMSDIS,0.16,1.6,-999,-999,86100.648,63.384,86199.687,63.456,87435.616,64.366,197651.165,145.502,86955.582,64.013,0.9998,0.9977,-999,-999,-1.0,-1.0,65.0,-1.0,-1.0,-1.0,-999,-999,-999,-999,-999,44.273,0.182815,-999,-999,-999,-999,-999,-999,-999,5310282,48216385
27471,6.4724,Dummy,-1.165,26.6,4.929,7.5,PI+SIDIS,0.16,1.6,0.93,2.0,91.935,49.4,92.008,49.44,93.129,50.042,279.895,150.399,93.94,50.478,0.9998,0.9978,0.9872,0.9862,-1.0,-1.0,-1.0,-1.0,-1.0,1.0,-999,-999,1090.0,1057.54,33.0529,11.6572,0.36434,51.3035,0.339483,-999,-999,-999,-999,-999,2026774,10839392
27472,6.4724,Dummy,-1.165,26.6,4.929,7.5,HMSDIS,0.16,1.6,-999,-999,43452.155,49.722,43486.645,49.762,43988.203,50.336,131869.97,150.898,44384.565,50.789,0.9998,0.9981,-999,-999,-1.0,-1.0,-1.0,5.0,-1.0,-1.0,-999,-999,-999,-999,-999,15.3919,0.0420762,-999,-999,-999,-999,-999,-999,-999,954101,5137628
27473,6.4724,LH2,-1.165,26.6,2.738,7.5,PI+SIDIS,0.16,1.6,0.52,2.0,41.941,24.343,41.919,24.331,42.375,24.596,238.967,138.703,42.726,24.799,0.9998,0.9982,0.9805,0.981,-1.0,-1.0,-1.0,-1.0,-1.0,1.0,-999,-999,3813.0,2686.62,62.4471,65.356,1.51912,51.2455,0.363489,-999,-999,-999,-999,-999,2614539,60071903
27474,6.4724,LH2,-1.165,26.6,2.738,7.5,PI+SIDIS,0.16,1.6,0.52,2.0,46.864,25.033,46.795,24.996,47.262,25.245,266.488,142.348,47.644,25.45,0.9998,0.9983,0.9811,0.9804,-1.0,-1.0,-1.0,-1.0,-1.0,1.0,-999,-999,4282.0,2985.69,66.1945,65.1028,1.44337,51.269,0.367833,-999,-999,-999,-999,-999,2920761,66919667
27475,6.4724,LH2,-1.165,26.6,2.738,7.5,PI+SIDIS,0.16,1.6,0.52,2.0,42.082,25.169,42.04,25.144,42.405,25.362,239.104,143.004,42.748,25.567,0.9997,0.9984,0.9804,0.981,-1.0,-1.0,-1.0,-1.0,-1.0,1.0,-999,-999,3822.0,2675.77,62.5314,64.9138,1.517,51.2739,0.35829,-999,-999,-999,-999,-999,2622733,60050951
27476,6.4724,LH2,-1.165,26.6,2.738,7.5,PI+SIDIS,0.16,1.6,0.52,2.0,43.669,25.018,43.645,25.004,43.981,25.197,247.985,142.071,44.32,25.391,0.9998,0.9985,0.9802,0.9807,-1.0,-1.0,-1.0,-1.0,-1.0,1.0,-999,-999,3959.0,2754.77,63.6524,64.382,1.48763,51.2738,0.357123,-999,-999,-999,-999,-999,2723194,62274641
27477,6.4724,LH2,-1.165,26.6,2.738,7.5,PI+SIDIS,0.16,1.6,0.52,2.0,41.723,24.913,41.706,24.903,41.99,25.072,236.775,141.377,42.213,25.205,0.9998,0.9985,0.9821,0.9819,-1.0,-1.0,-1.0,-1.0,-1.0,1.0,-999,-999,3676.0,2526.0,61.3552,61.7048,1.49878,51.2791,0.359531,-999,-999,-999,-999,-999,2602760,59508949
27478,6.4724,LH2,-1.165,26.6,2.738,7.5,PI+SIDIS,0.16,1.6,0.52,2.0,42.508,24.78,42.49,24.77,42.766,24.931,241.191,140.603,43.012,25.074,0.9998,0.9985,0.9802,0.9815,-1.0,-1.0,-1.0,-1.0,-1.0,1.0,-999,-999,3824.0,2655.15,62.5613,63.692,1.50072,51.2713,0.356429,-999,-999,-999,-999,-999,2649007,60615781
27479,6.4724,LH2,-1.165,26.6,2.738,7.5,PI+SIDIS,0.16,1.6,0.52,2.0,38.975,24.716,38.921,24.681,39.227,24.876,221.194,140.27,39.497,25.047,0.9998,0.9987,0.9814,0.9811,-1.0,-1.0,-1.0,-1.0,-1.0,1.0,-999,-999,3522.0,2464.23,60.0281,64.5582,1.57262,51.2669,0.353544,-999,-999,-999,-999,-999,2430355,55642736
27480,6.4724,LH2,-1.165,26.6,2.738,7.5,PI+SIDIS,0.16,1.6,0.52,2.0,43.907,25.098,43.869,25.076,44.307,25.326,249.809,142.794,44.697,25.549,0.9997,0.9987,0.9807,0.9819,-1.0,-1.0,-1.0,-1.0,-1.0,1.0,-999,-999,3901.0,2704.46,63.1905,62.8154,1.4677,51.2664,0.364773,-999,-999,-999,-999,-999,2737934,62716937
27481,6.4724,LH2,-1.165,26.6,2.738,7.5,PI+SIDIS,0.16,1.6,0.52,2.0,43.486,24.934,43.459,24.918,43.973,25.213,247.932,142.159,44.355,25.432,0.9998,0.9988,0.9693,0.9688,-1.0,-1.0,-1.0,-1.0,1.0,-1.0,-999,-999,3682.0,2547.54,61.3944,64.854,1.56295,51.2493,0.363706,-999,-999,-999,-999,-999,2708113,62205083
27482,6.4724,LH2,-1.165,26.6,2.738,7.5,PI+SIDIS,0.16,1.6,0.52,2.0,38.849,24.752,38.829,24.739,39.313,25.047,221.672,141.235,39.655,25.265,0.9998,0.9987,0.9824,0.9816,-1.0,-1.0,-1.0,-1.0,-1.0,1.0,-999,-999,3583.0,2525.92,60.5336,66.2963,1.58879,51.2507,0.36483,-999,-999,-999,-999,-999,2421472,55642728
27483,6.4724,LH2,-1.165,26.6,2.738,7.5,PI+SIDIS,0.16,1.6,0.52,2.0,48.835,24.922,48.822,24.916,49.463,25.242,278.854,142.308,49.88,25.456,0.9998,0.9987,0.9813,0.9814,-1.0,-1.0,-1.0,-1.0,-1.0,1.0,-999,-999,4458.0,3116.0,67.5369,65.0569,1.41006,51.2445,0.364033,-999,-999,-999,-999,-999,3047903,69980568
27484,6.4724,LH2,-1.165,26.6,2.738,7.5,HMSDIS,0.16,1.6,-999,-999,20643.467,24.737,20641.128,24.734,20925.862,25.076,117980.72,141.377,21105.255,25.29,0.9998,0.999,-999,-999,-1.0,-1.0,-1.0,5.0,-1.0,-1.0,-999,-999,-999,-999,-999,43.5861,0.102777,-999,-999,-999,-999,-999,-999,-999,1287537,29592079
27485,6.4724,LH2,-1.165,26.6,2.738,7.5,HMSDIS,0.16,1.6,-999,-999,21506.231,24.826,21502.612,24.822,21811.289,25.179,122970.608,141.955,21994.916,25.39,0.9997,0.9988,-999,-999,-1.0,-1.0,129.0,-1.0,-1.0,-1.0,-999,-999,-999,-999,-999,43.8978,0.513258,-999,-999,-999,-999,-999,-999,-999,1341468,30874872
27486,6.4724,Dummy,-1.165,26.6,2.738,7.5,PI+SIDIS,0.16,1.6,0.52,2.0,82.714,48.996,82.713,48.995,84.001,49.758,252.084,149.323,84.758,50.207,0.9998,0.9988,0.9834,0.9844,-1.0,-1.0,-1.0,-1.0,-1.0,1.0,-999,-999,2142.0,1544.46,46.7757,18.9739,0.574646,51.2366,0.368462,-999,-999,-999,-999,-999,1820668,37043938
27487,6.4724,Dummy,-1.165,26.6,2.738,7.5,PI+SIDIS,0.16,1.6,0.52,2.0,81.933,49.206,81.967,49.227,83.07,49.889,249.441,149.806,83.757,50.302,0.9998,0.9987,0.9829,0.9848,-1.0,-1.0,-1.0,-1.0,-1.0,1.0,-999,-999,2006.0,1415.92,45.2923,17.546,0.561257,51.2551,0.383697,-999,-999,-999,-999,-999,1802745,36608047
27488,6.4724,Dummy,-1.165,26.6,2.738,7.5,HMSDIS,0.16,1.6,-999,-999,44212.976,49.999,44239.236,50.029,44551.276,50.381,133906.301,151.43,44780.927,50.641,0.9997,0.9988,-999,-999,-1.0,-1.0,-1.0,5.0,-1.0,-1.0,-999,-999,-999,-999,-999,15.374,0.0416945,-999,-999,-999,-999,-999,-999,-999,972826,19698311
27490,6.4724,LH2,1.165,26.6,4.929,7.5,PI+SIDIS,0.16,1.6,0.93,2.0,47.322,62.796,47.388,62.884,48.043,63.752,108.806,144.384,46.529,61.744,0.9985,0.9963,0.9832,0.981,-1.0,-1.0,-1.0,-1.0,-1.0,1.0,-999,-999,47.0,5.53846,7.08444,0.11936,0.152678,51.25,0.5,-999,-999,-999,-999,-999,614256,26553316
27491,6.4724,LH2,1.165,26.6,4.929,7.5,HMSDIS,0.16,1.6,-999,-999,60639.816,64.357,60740.581,64.464,61634.9,65.413,137210.176,145.622,59616.578,63.271,0.9986,0.9963,-999,-999,-1.0,-1.0,-1.0,5.0,-1.0,-1.0,-999,-999,-999,-999,-999,5.91246,0.0220987,-999,-999,-999,-999,-999,-999,-999,786709,33991308
27492,6.4724,LH2,1.165,26.6,4.929,7.5,PI+SIDIS,0.16,1.6,0.93,2.0,70.273,67.544,70.39,67.657,71.491,68.715,155.043,149.022,69.108,66.425,0.9983,0.9961,0.9845,0.9802,-1.0,-1.0,-1.0,-1.0,-1.0,1.0,-999,-999,81.0,22.0769,9.24838,0.320647,0.134324,51.25,0.5,-999,-999,-999,-999,-999,913484,39445219
27493,6.4724,Dummy,1.165,26.6,4.929,7.5,PI+SIDIS,0.16,1.6,0.93,2.0,45.848,50.554,45.892,50.602,46.579,51.361,138.156,152.338,47.036,51.864,1.0,0.9967,0.9819,0.9838,-1.0,-1.0,-1.0,-1.0,-1.0,1.0,-999,-999,2.0,0.769231,1.4473,0.0170378,0.0320564,51.25,0.5,-999,-999,-999,-999,-999,147287,5422750
27494,6.4724,Dummy,1.165,26.6,4.929,7.5,HMSDIS,0.16,1.6,-999,-999,45581.93,49.427,45608.278,49.455,46300.182,50.206,138402.912,150.077,46733.463,50.675,0.9988,0.9983,-999,-999,-1.0,-1.0,-1.0,5.0,-1.0,-1.0,-999,-999,-999,-999,-999,1.54984,0.0130437,-999,-999,-999,-999,-999,-999,-999,146538,5392212
27495,6.4724,Dummy,1.165,26.6,2.738,7.5,PI+SIDIS,0.16,1.6,0.52,2.0,75.674,44.012,75.657,44.002,76.087,44.252,255.788,148.765,76.463,44.47,0.9981,0.9982,0.982,0.9846,-1.0,-1.0,-1.0,-1.0,-1.0,1.0,-999,-999,107.0,57.6154,10.5261,0.77496,0.141582,51.25,0.5,-999,-999,-999,-999,-999,246113,33436622
27496,6.4724,LH2,1.165,26.6,2.738,7.5,PI+SIDIS,0.16,1.6,0.52,2.0,47.396,24.932,47.364,24.915,47.801,25.145,269.544,141.79,48.196,25.353,0.999,0.9979,0.9799,0.982,-1.0,-1.0,-1.0,-1.0,-1.0,1.0,-999,-999,284.0,109.154,17.2467,2.34969,0.371261,51.25,0.5,-999,-999,-999,-999,-999,602020,67763298
27497,6.4724,LH2,1.165,26.6,2.738,7.5,PI+SIDIS,0.16,1.6,0.52,2.0,47.158,25.057,47.144,25.05,47.729,25.36,269.131,143.001,48.166,25.593,0.9983,0.9975,0.9822,0.9819,-1.0,-1.0,-1.0,-1.0,-1.0,1.0,-999,-999,272.0,101.846,16.8846,2.20441,0.365458,51.25,0.5,-999,-999,-999,-999,-999,595915,67518593
27498,6.4724,LH2,1.165,26.6,2.738,7.5,HMSDIS,0.16,1.6,-999,-999,24479.692,25.006,24477.076,25.003,24818.564,25.352,139955.598,142.962,25048.831,25.587,0.9988,0.9977,-999,-999,-1.0,-1.0,-1.0,5.0,-1.0,-1.0,-999,-999,-999,-999,-999,6.02863,0.0351226,-999,-999,-999,-999,-999,-999,-999,310251,35105940
27499,6.4724,LH2,1.165,26.6,2.738,7.5,HMSDIS,0.16,1.6,-999,-999,22887.477,25.253,22884.318,25.25,23220.311,25.621,130931.313,144.465,23437.14,25.86,0.9983,0.9978,-999,-999,-1.0,-1.0,-1.0,5.0,-1.0,-1.0,-999,-999,-999,-999,-999,6.00475,0.0362614,-999,-999,-999,-999,-999,-999,-999,289569,32808017
27500,6.4724,LH2,1.165,26.6,-2.738,7.5,PI-SIDIS,0.16,1.6,0.52,2.0,41.103,21.099,41.074,21.084,41.365,21.233,233.418,119.819,41.569,21.338,0.9987,0.9979,0.9853,0.9758,-1.0,-1.0,-1.0,-1.0,-1.0,1.0,-999,-999,199.0,95.3077,14.3867,2.38154,0.359493,51.25,0.5,-999,-999,-999,-999,-999,525067,566974371
27501,6.4724,LH2,1.165,26.6,-2.738,7.5,PI-SIDIS,0.16,1.6,0.52,2.0,38.607,21.103,38.585,21.091,39.01,21.323,220.124,120.322,39.359,21.514,0.9988,0.9979,0.9849,0.9758,-1.0,-1.0,-1.0,-1.0,-1.0,1.0,-999,-999,169.0,76.5385,13.2707,2.03568,0.352959,51.25,0.5,-999,-999,-999,-999,-999,492176,532500379
27502,6.4724,Dummy,1.165,26.6,-2.738,7.5,PI-SIDIS,0.16,1.6,0.52,2.0,62.709,48.813,62.751,48.846,63.613,49.517,191.47,149.041,64.235,50.001,0.9981,0.9978,0.9845,0.9758,-1.0,-1.0,-1.0,-1.0,-1.0,1.0,-999,-999,48.0,7.76923,7.14805,0.127138,0.116973,51.25,0.5,-999,-999,-999,-999,-999,203429,346922834
27504,6.4724,Dummy,1.165,31.29,-2.766,8.275,PI-SIDIS,0.22,2.2,0.52,2.0,88.287,44.668,88.34,44.694,88.867,44.961,297.1,150.314,89.378,45.219,0.9979,0.9982,0.9861,0.9782,-1.0,-1.0,-1.0,-1.0,-1.0,1.0,-999,-999,28.0,10.6923,5.41584,0.123998,0.0628072,51.25,0.5,-999,-999,-999,-999,-999,146890,355013641
27505,6.4724,LH2,1.165,31.29,-2.766,8.275,PI-SIDIS,0.22,2.2,0.52,2.0,51.305,27.265,51.243,27.232,51.709,27.48,285.464,151.705,52.186,27.733,0.9988,0.998,0.9856,0.9755,-1.0,-1.0,-1.0,-1.0,-1.0,1.0,-999,-999,79.0,22.4615,9.12957,0.449946,0.182882,51.25,0.5,-999,-999,-999,-999,-999,303906,510530075
27506,6.4724,LH2,1.165,31.29,-2.766,8.275,PI-SIDIS,0.22,2.2,0.52,2.0,50.962,26.764,50.923,26.743,51.569,27.083,283.829,149.059,52.069,27.345,0.999,0.9978,0.9854,0.9767,-1.0,-1.0,-1.0,-1.0,-1.0,1.0,-999,-999,70.0,13.3077,8.62328,0.267863,0.173573,51.25,0.5,-999,-999,-999,-999,-999,302642,507472832
27507,6.4724,LH2,1.165,31.29,4.978,8.275,PI+SIDIS,0.22,2.2,0.94,2.0,58.692,58.191,58.793,58.291,59.526,59.018,150.434,149.15,59.991,59.479,0.9985,0.9968,0.9887,0.9818,-1.0,-1.0,-1.0,-1.0,-1.0,1.0,-999,-999,15.0,2.61538,3.99408,0.045381,0.0693034,51.25,0.5,-999,-999,-999,-999,-999,350788,22400599
27508,6.4724,LH2,1.165,31.29,4.978,8.275,HMSDIS,0.22,2.2,-999,-999,55205.583,57.923,55300.002,58.022,55723.592,58.466,141575.501,148.543,55979.682,58.735,0.9984,0.9971,-999,-999,-1.0,-1.0,-1.0,5.0,-1.0,-1.0,-999,-999,-999,-999,-999,2.51112,0.0150862,-999,-999,-999,-999,-999,-999,-999,330475,21013092
27509,6.4724,LH2,1.165,31.29,4.978,8.275,HMSDIS,0.22,2.2,-999,-999,54404.967,59.864,54504.873,59.974,54822.187,60.323,137616.911,151.426,55142.066,60.675,0.998,0.9971,-999,-999,-1.0,-1.0,-1.0,5.0,-1.0,-1.0,-999,-999,-999,-999,-999,2.47575,0.0150915,-999,-999,-999,-999,-999,-999,-999,325890,20703814
27510,6.4724,Dummy,1.165,31.29,4.978,8.275,PI+SIDIS,0.22,2.2,0.94,2.0,44.538,48.22,44.578,48.263,44.942,48.656,136.647,147.942,45.337,49.084,1.0,0.9954,0.9889,0.9809,-1.0,-1.0,-1.0,-1.0,-1.0,1.0,-999,-999,0.0,-0.461538,0.188422,-0.0105551,0.0043091,51.25,0.5,-999,-999,-999,-999,-999,74819,3492919
27511,6.4724,Dummy,1.165,31.29,4.978,8.275,HMSDIS,0.22,2.2,-999,-999,40790.386,48.635,40794.415,48.64,41230.327,49.159,124744.244,148.734,41633.337,49.64,0.9989,0.9978,-999,-999,-1.0,-1.0,-1.0,1.0,-1.0,-1.0,-999,-999,-999,-999,-999,0.705733,0.00416458,-999,-999,-999,-999,-999,-999,-999,68224,3202033
27512,6.4724,Dummy,1.165,31.29,4.978,8.275,HMSDIS,0.22,2.2,-999,-999,42646.749,49.272,42651.75,49.278,43180.305,49.889,129641.885,149.782,43609.219,50.384,0.9992,0.9979,-999,-999,-1.0,-1.0,-1.0,1.0,-1.0,-1.0,-999,-999,-999,-999,-999,0.701898,0.00406122,-999,-999,-999,-999,-999,-999,-999,70627,3356441
27513,6.4724,Dummy,1.165,31.29,2.766,8.275,PI+SIDIS,0.22,2.2,0.52,2.0,83.414,49.9,83.471,49.935,84.728,50.686,252.566,151.091,85.522,51.161,0.9974,0.9981,0.9862,0.9825,-1.0,-1.0,-1.0,-1.0,-1.0,1.0,-999,-999,38.0,16.2308,6.29877,0.198434,0.0770075,51.25,0.5,-999,-999,-999,-999,-999,139102,27618401
27514,6.4724,LH2,1.165,31.29,2.766,8.275,PI+SIDIS,0.22,2.2,0.52,2.0,51.385,29.978,51.382,29.976,52.116,30.405,258.419,150.762,52.568,30.668,0.9982,0.9975,0.9805,0.9802,-1.0,-1.0,-1.0,-1.0,-1.0,1.0,-999,-999,117.0,39.5385,11.0887,0.786584,0.2206,51.25,0.5,-999,-999,-999,-999,-999,306309,61094415
27515,6.4724,LH2,1.165,31.29,2.766,8.275,PI+SIDIS,0.22,2.2,0.52,2.0,49.307,29.861,49.305,29.86,49.985,30.271,247.907,150.135,50.411,30.529,0.9987,0.9978,0.9803,0.98,-1.0,-1.0,-1.0,-1.0,-1.0,1.0,-999,-999,120.0,46.0769,11.211,0.954993,0.23236,51.25,0.5,-999,-999,-999,-999,-999,294976,58537774
27516,6.4724,LH2,1.165,37.33,5.051,9.225,PI+SIDIS,0.31,3.1,0.95,2.0,61.972,69.586,62.016,69.635,62.954,70.689,134.602,151.139,60.815,68.287,0.9985,0.9969,0.9898,0.9807,-1.0,-1.0,-1.0,-1.0,-1.0,1.0,-999,-999,2.0,-0.769231,1.48762,-0.0126676,0.024498,51.25,0.5,-999,-999,-999,-999,-999,131184,14410294
27517,6.4724,LH2,1.165,37.33,5.051,9.225,HMSDIS,0.31,3.1,-999,-999,58325.754,69.527,58380.636,69.592,59257.005,70.637,126704.065,151.037,57214.7,68.202,0.9987,0.9974,-999,-999,-1.0,-1.0,-1.0,1.0,-1.0,-1.0,-999,-999,-999,-999,-999,0.761593,0.00368461,-999,-999,-999,-999,-999,-999,-999,123839,13549753
27518,6.4724,LH2,1.165,37.33,5.051,9.225,HMSDIS,0.31,3.1,-999,-999,55952.468,63.726,56016.671,63.799,56828.751,64.724,127684.391,145.424,55134.819,62.795,0.9991,0.9974,-999,-999,-1.0,-1.0,-1.0,2.0,-1.0,-1.0,-999,-999,-999,-999,-999,0.757687,0.00520664,-999,-999,-999,-999,-999,-999,-999,118860,12980707
27519,6.4724,Dummy,1.165,37.33,5.051,9.225,PI+SIDIS,0.31,3.1,0.95,2.0,47.995,49.474,48.041,49.521,48.637,50.136,145.832,150.326,49.056,50.567,1.0,0.9959,1.0,0.9866,-1.0,-1.0,-1.0,-1.0,-1.0,1.0,-999,-999,0.0,0.0,0.0,0.0,0.0,51.25,0.5,-999,-999,-999,-999,-999,36758,2310465
27521,6.4724,Dummy,1.165,37.33,5.051,9.225,HMSDIS,0.31,3.1,-999,-999,44113.943,50.53,44159.018,50.581,44676.026,51.174,132996.378,152.339,45067.672,51.622,0.9991,0.998,-999,-999,-1.0,-1.0,-1.0,1.0,-1.0,-1.0,-999,-999,-999,-999,-999,0.242315,0.00234419,-999,-999,-999,-999,-999,-999,-999,33517,2128153
27522,6.4724,Dummy,1.165,37.33,5.051,9.225,HMSDIS,0.31,3.1,-999,-999,143.23,35.468,143.423,35.516,146.196,36.203,434.657,107.635,146.782,36.348,1.0,0.9941,-999,-999,-1.0,-1.0,-1.0,1.0,-1.0,-1.0,-999,-999,-999,-999,-999,0.264951,0.0429807,-999,-999,-999,-999,-999,-999,-999,110,6879
27523,6.4724,Dummy,1.165,37.33,5.051,9.225,HMSDIS,0.31,3.1,-999,-999,48698.065,49.228,48747.033,49.277,49296.125,49.833,148287.038,149.901,49727.096,50.268,0.9991,0.9981,-999,-999,-1.0,-1.0,-1.0,1.0,-1.0,-1.0,-999,-999,-999,-999,-999,0.250063,0.00226657,-999,-999,-999,-999,-999,-999,-999,37394,2357888
27530,6.4724,LD2,1.165,37.33,5.051,9.225,PI+SIDIS,0.31,3.1,0.95,2.0,69.967,65.809,70.028,65.867,70.915,66.7,156.552,147.248,68.775,64.688,0.9975,0.9971,0.9843,0.9798,-1.0,-1.0,-1.0,-1.0,-1.0,1.0,-999,-999,9.0,-1.23077,3.12842,-0.0179849,0.0457148,51.25,0.5,-999,-999,-999,-999,-999,286183,31508217
27532,6.4724,LD2,1.165,37.33,5.051,9.225,HMSDIS,0.31,3.1,-999,-999,47826.258,66.198,47881.117,66.274,48482.024,67.106,106578.497,147.519,47020.923,65.083,0.9987,0.9972,-999,-999,-1.0,-1.0,-1.0,3.0,-1.0,-1.0,-999,-999,-999,-999,-999,1.60753,0.0100485,-999,-999,-999,-999,-999,-999,-999,195873,21501164
27533,6.4724,LD2,1.165,37.33,5.051,9.225,HMSDIS,0.31,3.1,-999,-999,39071.648,59.756,39120.673,59.831,39623.374,60.6,92573.866,141.582,38613.635,59.056,0.9986,0.997,-999,-999,-1.0,-1.0,-1.0,3.0,-1.0,-1.0,-999,-999,-999,-999,-999,1.61779,0.0111524,-999,-999,-999,-999,-999,-999,-999,160662,17533638
27536,6.4724,LD2,1.165,37.33,2.806,9.225,PI+SIDIS,0.31,3.1,0.53,2.0,28.151,18.014,28.153,18.015,28.533,18.258,161.122,103.101,28.767,18.408,0.9993,0.9984,0.9819,0.9808,-1.0,-1.0,-1.0,-1.0,-1.0,1.0,-999,-999,29.0,1.15385,5.5805,0.0418199,0.202259,51.25,0.5,-999,-999,-999,-999,-999,121762,53544782
27537,6.4724,LD2,1.165,37.33,2.806,9.225,PI+SIDIS,0.31,3.1,0.53,2.0,36.454,18.021,36.458,18.023,36.958,18.27,208.699,103.17,37.253,18.416,0.9992,0.9984,0.9796,0.9805,-1.0,-1.0,-1.0,-1.0,-1.0,1.0,-999,-999,48.0,13.9231,7.11486,0.389831,0.199209,51.25,0.5,-999,-999,-999,-999,-999,157953,69472854
27538,6.4724,LH2,1.165,37.33,2.806,9.225,PI+SIDIS,0.31,3.1,0.53,2.0,62.994,36.086,62.99,36.084,63.624,36.447,264.248,151.375,64.183,36.767,0.9968,0.9985,0.9826,0.9799,-1.0,-1.0,-1.0,-1.0,-1.0,1.0,-999,-999,49.0,20.3846,7.1555,0.331343,0.11631,51.25,0.5,-999,-999,-999,-999,-999,140299,59000874
27539,6.4724,LH2,1.165,37.33,2.806,9.225,PI+SIDIS,0.31,3.1,0.53,2.0,63.043,35.904,63.027,35.894,63.714,36.286,264.406,150.582,64.276,36.606,0.9987,0.9986,0.9801,0.9813,-1.0,-1.0,-1.0,-1.0,-1.0,1.0,-999,-999,37.0,7.53846,6.26628,0.122059,0.10146,51.25,0.5,-999,-999,-999,-999,-999,140436,58975207
27540,6.4724,Dummy,1.165,37.33,2.806,9.225,PI+SIDIS,0.31,3.1,0.53,2.0,86.856,49.246,86.866,49.252,88.049,49.923,264.209,149.803,88.836,50.369,1.0,0.9977,0.9794,0.9818,-1.0,-1.0,-1.0,-1.0,-1.0,1.0,-999,-999,8.0,2.46154,2.90276,0.0288625,0.034036,51.25,0.5,-999,-999,-999,-999,-999,66032,20043533
27541,6.4724,Dummy,1.165,37.33,-2.806,9.225,PI-SIDIS,0.31,3.1,0.53,2.0,92.925,50.533,93.012,50.581,94.364,51.316,280.132,152.338,95.223,51.783,1.0,0.9982,0.9867,0.9774,-1.0,-1.0,-1.0,-1.0,-1.0,1.0,-999,-999,11.0,5.92308,3.37499,0.0651562,0.0371262,51.25,0.5,-999,-999,-999,-999,-999,70378,261695032
27542,6.4724,LH2,1.165,37.33,-2.806,9.225,PI-SIDIS,0.31,3.1,0.53,2.0,61.832,36.156,61.832,36.156,62.617,36.615,258.711,151.28,63.144,36.923,0.9993,0.9984,0.9854,0.9765,-1.0,-1.0,-1.0,-1.0,-1.0,1.0,-999,-999,38.0,17.6154,6.29031,0.29198,0.104264,51.25,0.5,-999,-999,-999,-999,-999,136857,428455099
27543,6.4724,LH2,1.165,37.33,-2.806,9.225,PI-SIDIS,0.31,3.1,0.53,2.0,68.008,36.101,67.987,36.09,68.393,36.305,284.687,151.123,68.758,36.5,0.9981,0.9982,0.985,0.9767,-1.0,-1.0,-1.0,-1.0,-1.0,1.0,-999,-999,49.0,27.6923,7.11611,0.417866,0.107379,51.25,0.5,-999,-999,-999,-999,-999,151144,470361641
27544,6.4724,LH2,1.165,44.82,-3.837,10.245,PI-SIDIS,0.44,4.4,0.72,2.0,110.32,67.382,110.462,67.469,111.678,68.212,244.191,149.149,108.202,66.088,1.0,0.999,0.9859,0.9562,-1.0,-1.0,-1.0,-1.0,-1.0,1.0,-999,-999,4.0,1.92308,2.03955,0.0182079,0.0193107,51.25,0.5,-999,-999,-999,-999,-999,73687,745293758
27545,6.4724,LH2,1.165,44.82,-3.837,10.245,PI-SIDIS,0.44,4.4,0.72,2.0,124.187,68.558,124.362,68.655,126.071,69.598,271.719,150.005,121.964,67.331,0.9985,0.9981,0.9852,0.952,-1.0,-1.0,-1.0,-1.0,-1.0,1.0,-999,-999,4.0,1.69231,2.0439,0.014316,0.0172903,51.25,0.5,-999,-999,-999,-999,-999,82412,838627108
27546,6.4724,LH2,1.165,44.82,-3.837,10.245,PI-SIDIS,0.44,4.4,0.72,2.0,129.438,70.197,129.663,70.319,131.667,71.405,279.91,151.801,126.999,68.874,0.9981,0.9983,0.9846,0.9568,-1.0,-1.0,-1.0,-1.0,-1.0,1.0,-999,-999,6.0,3.76923,2.48427,0.030441,0.0200634,51.25,0.5,-999,-999,-999,-999,-999,90494,874021301
27547,6.4724,Dummy,1.165,44.82,-3.837,10.245,PI-SIDIS,0.44,4.4,0.72,2.0,89.52,48.697,89.638,48.761,90.962,49.482,273.486,148.772,91.752,49.911,1.0,0.9984,0.9762,0.9335,-1.0,-1.0,-1.0,-1.0,-1.0,1.0,-999,-999,1.0,0.923077,1.00295,0.0110318,0.0119864,51.25,0.5,-999,-999,-999,-999,-999,35246,252862286
27548,6.4724,Dummy,1.165,44.82,-3.837,10.245,PI-SIDIS,0.44,4.4,0.72,2.0,92.175,48.918,92.275,48.971,93.023,49.369,281.277,149.278,93.552,49.65,0.9908,0.9993,0.9841,0.9449,-1.0,-1.0,-1.0,-1.0,-1.0,1.0,-999,-999,0.0,-0.0769231,0.0769231,-0.000890432,0.000890432,51.25,0.5,-999,-999,-999,-999,-999,36265,260179095
27550,6.4724,Dummy,1.165,44.82,-2.978,10.245,PI-SIDIS,0.44,4.4,0.56,2.0,94.236,50.019,94.28,50.042,95.224,50.544,284.876,151.208,96.11,51.014,1.0,0.9987,0.9747,0.9611,-1.0,-1.0,-1.0,-1.0,-1.0,1.0,-999,-999,0.0,-0.538462,0.203519,-0.00594246,0.00224604,51.25,0.5,-999,-999,-999,-999,-999,36768,196462057
27551,6.4724,Dummy,1.165,44.82,-2.978,10.245,PI-SIDIS,0.44,4.4,0.56,2.0,91.378,50.0,91.437,50.032,92.62,50.68,276.428,151.256,93.523,51.174,0.9926,0.9974,0.9774,0.9676,-1.0,-1.0,-1.0,-1.0,-1.0,1.0,-999,-999,2.0,1.46154,1.42878,0.016643,0.01627,51.25,0.5,-999,-999,-999,-999,-999,35594,190624363
27552,6.4724,LD2,1.165,44.82,-2.978,10.245,PI-SIDIS,0.44,4.4,0.56,2.0,52.973,28.117,52.978,28.12,53.588,28.444,284.953,151.249,54.02,28.673,0.9985,0.9983,0.9845,0.9759,-1.0,-1.0,-1.0,-1.0,-1.0,1.0,-999,-999,16.0,7.07692,4.0849,0.137096,0.0791336,51.25,0.5,-999,-999,-999,-999,-999,74004,545749155
27553,6.4724,LD2,1.165,44.82,-2.978,10.245,PI-SIDIS,0.44,4.4,0.56,2.0,51.301,28.14,51.299,28.139,51.535,28.268,275.854,151.314,51.765,28.395,0.9977,0.9979,0.983,0.9739,-1.0,-1.0,-1.0,-1.0,-1.0,1.0,-999,-999,8.0,0.615385,2.92712,0.0123461,0.0587252,51.25,0.5,-999,-999,-999,-999,-999,72096,527470552
27554,6.4724,LD2,1.165,44.82,-2.978,10.245,PI-SIDIS,0.44,4.4,0.56,2.0,51.539,27.906,51.489,27.879,51.8,28.047,277.14,150.059,52.158,28.241,0.9984,0.9982,0.9833,0.9737,-1.0,-1.0,-1.0,-1.0,-1.0,1.0,-999,-999,18.0,11.3846,4.30219,0.22746,0.0859559,51.25,0.5,-999,-999,-999,-999,-999,69458,529449702
27555,6.4724,LH2,1.165,44.82,-2.978,10.245,PI-SIDIS,0.44,4.4,0.56,2.0,109.757,58.984,109.854,59.036,111.31,59.819,279.272,150.082,112.394,60.401,0.9984,0.9981,0.9833,0.9728,-1.0,-1.0,-1.0,-1.0,-1.0,1.0,-999,-999,8.0,1.69231,2.91294,0.0158616,0.0273023,51.25,0.5,-999,-999,-999,-999,-999,67912,557293506
27556,6.4724,LH2,1.165,44.82,-2.978,10.245,PI-SIDIS,0.44,4.4,0.56,2.0,109.641,59.327,109.779,59.401,111.471,60.317,278.498,150.695,112.554,60.903,0.9991,0.9983,0.9825,0.9741,-1.0,-1.0,-1.0,-1.0,-1.0,1.0,-999,-999,13.0,6.38462,3.67544,0.0597621,0.0344034,51.25,0.5,-999,-999,-999,-999,-999,67516,557017832
27557,6.4724,LH2,1.165,44.82,-2.978,10.245,PI-SIDIS,0.44,4.4,0.56,2.0,121.583,59.064,121.782,59.161,123.337,59.917,309.27,150.241,124.325,60.396,0.9987,0.998,0.9812,0.972,-1.0,-1.0,-1.0,-1.0,-1.0,1.0,-999,-999,13.0,5.92308,3.68027,0.0501049,0.0311324,51.25,0.5,-999,-999,-999,-999,-999,84607,617726738
27558,6.4724,LH2,1.165,44.82,5.154,10.245,PI+SIDIS,0.44,4.4,0.97,2.0,70.478,65.991,70.574,66.081,71.227,66.692,157.616,147.581,69.248,64.839,1.0,0.9978,0.9948,0.9828,-1.0,-1.0,-1.0,-1.0,-1.0,1.0,-999,-999,1.0,0.615385,1.01469,0.00887231,0.0146292,51.25,0.5,-999,-999,-999,-999,-999,47174,8991938
27559,6.4724,LH2,1.165,44.82,5.154,10.245,PI+SIDIS,0.44,4.4,0.97,2.0,67.758,68.795,67.794,68.831,68.584,69.634,147.965,150.229,66.408,67.424,1.0,0.998,0.9943,0.9777,-1.0,-1.0,-1.0,-1.0,-1.0,1.0,-999,-999,1.0,0.692308,1.01177,0.0104449,0.0152645,51.25,0.5,-999,-999,-999,-999,-999,41094,8645444
27560,6.4724,LH2,1.165,44.82,5.154,10.245,HMSDIS,0.44,4.4,-999,-999,67887.583,68.77,67920.349,68.803,68823.864,69.718,148337.023,150.264,66568.208,67.433,0.999,0.9979,-999,-999,-1.0,-1.0,-1.0,1.0,-1.0,-1.0,-999,-999,-999,-999,-999,0.168009,0.00157438,-999,-999,-999,-999,-999,-999,-999,41086,8667352
27561,6.4724,LH2,1.165,44.82,5.154,10.245,HMSDIS,0.44,4.4,-999,-999,64315.572,70.833,64377.549,70.901,65312.708,71.931,138318.788,152.335,63011.389,69.397,0.9982,0.9978,-999,-999,-1.0,-1.0,-1.0,1.0,-1.0,-1.0,-999,-999,-999,-999,-999,0.169319,0.00162409,-999,-999,-999,-999,-999,-999,-999,39256,8227189
27562,6.4724,Dummy,1.165,44.82,5.154,10.245,PI+SIDIS,0.44,4.4,0.97,2.0,49.169,48.97,49.193,48.993,49.916,49.713,150.054,149.445,50.395,50.19,1.0,1.0,0.0,0.9785,-1.0,-1.0,-1.0,-1.0,-1.0,1.0,-999,-999,0.0,-0.0769231,0.0769231,-0.00159806,0.00159806,51.25,0.5,-999,-999,-999,-999,-999,17770,1342568
27563,6.4724,Dummy,1.165,44.82,5.154,10.245,PI+SIDIS,0.44,4.4,0.97,2.0,46.5,49.765,46.544,49.813,47.217,50.532,141.153,151.064,47.651,50.997,1.0,0.9917,1.0,0.9756,-1.0,-1.0,-1.0,-1.0,-1.0,1.0,-999,-999,0.0,0.0,0.0,0.0,0.0,51.25,0.5,-999,-999,-999,-999,-999,16622,1271178
27564,6.4724,Dummy,1.165,44.82,5.154,10.245,HMSDIS,0.44,4.4,-999,-999,47647.247,49.616,47695.876,49.667,48187.266,50.178,144685.414,150.664,48562.22,50.569,0.9984,0.9977,-999,-999,-1.0,-1.0,-1.0,1.0,-1.0,-1.0,-999,-999,-999,-999,-999,0.0677133,0.00119255,-999,-999,-999,-999,-999,-999,-999,17209,1302999
27565,6.4724,Dummy,1.165,44.82,5.154,10.245,HMSDIS,0.44,4.4,-999,-999,41178.503,49.976,41217.494,50.024,41485.001,50.348,124655.431,151.288,41694.797,50.603,0.9981,0.9973,-999,-999,-1.0,-1.0,-1.0,1.0,-1.0,-1.0,-999,-999,-999,-999,-999,0.0689755,0.00129499,-999,-999,-999,-999,-999,-999,-999,14875,1125605
27566,6.4724,C,1.165,44.82,5.154,10.245,HMSDIS,0.44,4.4,-999,-999,48384.405,49.383,48440.679,49.44,49010.535,50.022,147069.631,150.105,49407.33,50.427,0.9989,0.9973,-999,-999,-1.0,-1.0,-1.0,1.0,-1.0,-1.0,-999,-999,-999,-999,-999,0.386128,0.00282622,-999,-999,-999,-999,-999,-999,-999,50158,5996859
27567,6.4724,C,1.165,44.82,5.154,10.245,HMSDIS,0.44,4.4,-999,-999,45163.194,49.208,45203.024,49.252,45541.938,49.621,137514.838,149.831,45794.834,49.896,0.9985,0.9975,-999,-999,-1.0,-1.0,-1.0,1.0,-1.0,-1.0,-999,-999,-999,-999,-999,0.38185,0.00290997,-999,-999,-999,-999,-999,-999,-999,47139,5561824
27571,6.4724,NONE,1.165,44.82,5.154,10.245,BCM,-999,-999,-999,-999,90739.027,39.113,90740.031,39.113,92078.078,39.69,285489.354,123.059,89436.505,38.551,0.0,0.0,-999,-999,-1.0,-1.0,-1.0,1.0,-1.0,-1.0,-999,-999,-999,-999,-999,nan,nan,-999,-999,-999,-999,-999,-999,-999,23129,23142
27572,6.4724,Cu,1.165,44.82,5.154,10.245,HMSDIS,0.44,4.4,-999,-999,57491.352,69.516,57547.297,69.584,58419.382,70.638,125103.431,151.269,56485.813,68.3,0.9986,0.997,-999,-999,-1.0,-1.0,-1.0,1.0,-1.0,-1.0,-999,-999,-999,-999,-999,0.767661,0.00365864,-999,-999,-999,-999,-999,-999,-999,92870,6539303
27573,6.4724,Cu,1.165,44.82,5.154,10.245,HMSDIS,0.44,4.4,-999,-999,56016.981,68.029,56094.812,68.123,56957.99,69.171,123223.747,149.646,55119.382,66.939,0.9989,0.997,-999,-999,-1.0,-1.0,-1.0,1.0,-1.0,-1.0,-999,-999,-999,-999,-999,0.771581,0.00371442,-999,-999,-999,-999,-999,-999,-999,90820,6321069
27574,6.4724,Al,1.165,44.82,5.154,10.245,HMSDIS,0.44,4.4,-999,-999,45133.365,48.991,45169.322,49.03,45807.03,49.723,137612.55,149.376,46232.788,50.185,0.9983,0.9984,-999,-999,-1.0,-1.0,-1.0,1.0,-1.0,-1.0,-999,-999,-999,-999,-999,0.0929437,0.00143586,-999,-999,-999,-999,-999,-999,-999,18694,1206841
27575,6.4724,Al,1.165,44.82,5.154,10.245,HMSDIS,0.44,4.4,-999,-999,45592.043,50.444,45631.354,50.487,46271.966,51.196,137685.163,152.336,46700.532,51.67,0.9986,0.9982,-999,-999,-1.0,-1.0,-1.0,1.0,-1.0,-1.0,-999,-999,-999,-999,-999,0.0955267,0.00144804,-999,-999,-999,-999,-999,-999,-999,18891,1221467
27576,6.4724,LD2,1.165,44.82,5.154,10.245,HMSDIS,0.44,4.4,-999,-999,66233.381,70.614,66288.812,70.673,67341.794,71.796,142885.247,152.335,65092.54,69.398,0.9985,0.9974,-999,-999,-1.0,-1.0,-1.0,1.0,-1.0,-1.0,-999,-999,-999,-999,-999,0.343755,0.00228103,-999,-999,-999,-999,-999,-999,-999,69732,16241099
27579,6.4724,LD2,1.165,44.82,5.154,10.245,HMSDIS,0.44,4.4,-999,-999,68933.844,68.479,68987.536,68.532,69924.06,69.463,151185.246,150.188,67855.457,67.408,0.9984,0.9976,-999,-999,-1.0,-1.0,-1.0,1.0,-1.0,-1.0,-999,-999,-999,-999,-999,0.348465,0.00225205,-999,-999,-999,-999,-999,-999,-999,69667,16812834
27580,6.4724,LD2,1.165,44.82,5.154,10.245,HMSDIS,0.44,4.4,-999,-999,65327.745,70.571,65386.987,70.635,65970.546,71.265,141019.687,152.337,64235.999,69.391,0.9984,0.9977,-999,-999,-1.0,-1.0,-1.0,1.0,-1.0,-1.0,-999,-999,-999,-999,-999,0.344918,0.0023015,-999,-999,-999,-999,-999,-999,-999,65373,15904646
27581,6.4724,LH2,1.165,44.82,3.837,10.245,HMSDIS,0.44,4.4,-999,-999,118301.988,68.366,118453.222,68.454,119407.969,69.005,259787.378,150.13,116295.925,67.207,0.9988,0.998,-999,-999,-1.0,-1.0,-1.0,1.0,-1.0,-1.0,-999,-999,-999,-999,-999,0.168193,0.00119292,-999,-999,-999,-999,-999,-999,-999,70360,67407340
27582,6.4724,LH2,1.165,44.82,3.837,10.245,HMSDIS,0.44,4.4,-999,-999,2995.361,42.617,2998.468,42.661,3029.959,43.109,8819.731,125.483,2998.435,42.66,0.9923,0.9981,-999,-999,-1.0,-1.0,-1.0,1.0,-1.0,-1.0,-999,-999,-999,-999,-999,0.162795,0.00739978,-999,-999,-999,-999,-999,-999,-999,1974,1682374
27583,6.4724,LH2,1.165,44.82,3.837,10.245,PI+SIDIS,0.44,4.4,0.72,2.0,109.872,67.642,110.022,67.735,111.377,68.568,242.476,149.279,107.946,66.456,1.0,0.998,0.9829,0.9773,-1.0,-1.0,-1.0,-1.0,-1.0,1.0,-999,-999,12.0,7.92308,3.50908,0.0736888,0.0326362,51.25,0.5,-999,-999,-999,-999,-999,65282,62627431
27584,6.4724,LH2,1.165,44.82,3.837,10.245,PI+SIDIS,0.44,4.4,0.72,2.0,118.958,69.082,119.015,69.115,120.773,70.136,259.299,150.582,116.604,67.715,1.0,0.9988,0.9848,0.9782,-1.0,-1.0,-1.0,-1.0,-1.0,1.0,-999,-999,13.0,8.76923,3.6504,0.0753278,0.031357,51.25,0.5,-999,-999,-999,-999,-999,70092,67700332
27585,6.4724,LH2,1.165,44.82,3.837,10.245,PI+SIDIS,0.44,4.4,0.72,2.0,56.249,68.108,56.284,68.15,57.169,69.222,123.387,149.401,55.194,66.83,1.0,0.9977,0.9842,0.9763,-1.0,-1.0,-1.0,-1.0,-1.0,1.0,-999,-999,4.0,2.38462,2.03083,0.043398,0.0369594,51.25,0.5,-999,-999,-999,-999,-999,33289,32039791
27586,6.4724,Dummy,1.165,44.82,3.837,10.245,PI+SIDIS,0.44,4.4,0.72,2.0,53.24,50.116,53.255,50.13,53.715,50.564,160.667,151.24,54.047,50.876,1.0,1.0,1.0,0.9696,-1.0,-1.0,-1.0,-1.0,-1.0,1.0,-999,-999,0.0,-0.0769231,0.0769231,-0.00148972,0.00148972,51.25,0.5,-999,-999,-999,-999,-999,18714,6559644
27590,6.4724,Dummy,1.165,44.82,2.978,10.245,PI+SIDIS,0.44,4.4,0.56,2.0,74.428,47.765,74.472,47.794,75.382,48.378,229.682,147.402,75.477,48.439,0.987,0.9971,0.9929,0.971,-1.0,-1.0,-1.0,-1.0,-1.0,1.0,-999,-999,1.0,0.538462,1.0176,0.00754441,0.0142576,51.25,0.5,-999,-999,-999,-999,-999,27020,13130118
27591,6.4724,Dummy,1.165,44.82,2.978,10.245,PI+SIDIS,0.44,4.4,0.56,2.0,79.575,48.328,79.649,48.374,80.076,48.633,244.751,148.646,80.062,48.624,1.0,0.9985,0.9852,0.9718,-1.0,-1.0,-1.0,-1.0,-1.0,1.0,-999,-999,1.0,0.153846,1.03203,0.0019876,0.0133332,51.25,0.5,-999,-999,-999,-999,-999,28513,13923387
27592,6.4724,Dummy,1.165,44.82,2.978,10.245,PI+SIDIS,0.44,4.4,0.56,2.0,83.159,48.726,83.167,48.731,83.536,48.947,254.865,149.336,83.67,49.026,1.0,0.999,0.976,0.9739,-1.0,-1.0,-1.0,-1.0,-1.0,1.0,-999,-999,2.0,1.0,1.44115,0.0123462,0.0177928,51.25,0.5,-999,-999,-999,-999,-999,29735,14513058
27593,6.4724,C,1.165,44.82,2.978,10.245,PI+SIDIS,0.44,4.4,0.56,2.0,78.828,46.886,78.754,46.842,79.426,47.242,250.782,149.162,79.629,47.362,0.9994,0.9981,0.9773,0.9765,-1.0,-1.0,-1.0,-1.0,-1.0,1.0,-999,-999,18.0,5.53846,4.35415,0.0720647,0.0566547,51.25,0.5,-999,-999,-999,-999,-999,80496,64084030
27594,6.4724,C,1.165,44.82,2.978,10.245,PI+SIDIS,0.44,4.4,0.56,2.0,87.55,48.149,87.507,48.126,88.404,48.619,275.987,151.783,88.627,48.742,0.9963,0.9976,0.9784,0.9757,-1.0,-1.0,-1.0,-1.0,-1.0,1.0,-999,-999,26.0,11.0769,5.21037,0.130223,0.0612545,51.25,0.5,-999,-999,-999,-999,-999,88610,70988861
27595,6.4724,C,1.165,44.82,2.978,10.245,PI+SIDIS,0.44,4.4,0.56,2.0,89.804,48.429,89.821,48.438,90.868,49.003,282.487,152.338,91.083,49.119,0.9995,0.9978,0.9776,0.9783,-1.0,-1.0,-1.0,-1.0,-1.0,1.0,-999,-999,19.0,4.38462,4.48601,0.0499263,0.0510808,51.25,0.5,-999,-999,-999,-999,-999,91003,72771250
27596,6.4724,C,1.165,44.82,2.978,10.245,PI+SIDIS,0.44,4.4,0.56,2.0,86.899,47.399,86.947,47.425,87.973,47.986,275.447,150.244,88.134,48.073,0.999,0.9983,0.9823,0.9773,-1.0,-1.0,-1.0,-1.0,-1.0,1.0,-999,-999,29.0,13.2308,5.49664,0.15587,0.0647551,51.25,0.5,-999,-999,-999,-999,-999,88323,70563406
27597,6.4724,Cu,1.165,44.82,2.978,10.245,PI+SIDIS,0.44,4.4,0.56,2.0,59.459,50.602,59.484,50.623,59.798,50.89,178.892,152.243,59.809,50.899,0.998,0.998,0.9714,0.973,-1.0,-1.0,-1.0,-1.0,-1.0,1.0,-999,-999,28.0,8.69231,5.43003,0.150498,0.0940149,51.25,0.5,-999,-999,-999,-999,-999,96175,44284795
27598,6.4724,Cu,1.165,44.82,2.978,10.245,PI+SIDIS,0.44,4.4,0.56,2.0,99.634,50.506,99.573,50.475,100.326,50.857,300.529,152.343,100.617,51.004,0.9995,0.9977,0.9807,0.9746,-1.0,-1.0,-1.0,-1.0,-1.0,1.0,-999,-999,49.0,17.4615,7.17119,0.180034,0.0739371,51.25,0.5,-999,-999,-999,-999,-999,161059,74151854
27599,6.4724,Cu,1.165,44.82,2.978,10.245,PI+SIDIS,0.44,4.4,0.56,2.0,91.586,49.502,91.573,49.495,92.575,50.037,278.182,150.357,92.866,50.194,0.9984,0.9976,0.9722,0.9734,-1.0,-1.0,-1.0,-1.0,-1.0,1.0,-999,-999,45.0,13.9231,6.88408,0.156457,0.077358,51.25,0.5,-999,-999,-999,-999,-999,149512,68252318
27600,6.4724,Cu,1.165,44.82,2.978,10.245,PI+SIDIS,0.44,4.4,0.56,2.0,87.381,50.179,87.43,50.207,88.326,50.721,264.312,151.782,88.474,50.806,1.0,0.9975,0.9749,0.9731,-1.0,-1.0,-1.0,-1.0,-1.0,1.0,-999,-999,49.0,18.0,7.16831,0.211586,0.0842619,51.25,0.5,-999,-999,-999,-999,-999,141272,65046182
27601,6.4724,Cu,1.165,44.82,2.978,10.245,PI+SIDIS,0.44,4.4,0.56,2.0,133.525,49.507,133.645,49.552,134.144,49.737,406.316,150.65,134.26,49.78,0.9984,0.9981,0.9785,0.9739,-1.0,-1.0,-1.0,-1.0,-1.0,1.0,-999,-999,59.0,17.2308,7.88752,0.132603,0.0607002,51.25,0.5,-999,-999,-999,-999,-999,217256,99041277
27602,6.4724,Cu,1.165,44.82,2.978,10.245,PI+SIDIS,0.44,4.4,0.56,2.0,89.046,50.251,89.032,50.244,89.696,50.618,268.949,151.776,89.98,50.778,0.9981,0.9978,0.9818,0.9737,-1.0,-1.0,-1.0,-1.0,-1.0,1.0,-999,-999,35.0,7.15385,6.09442,0.0826808,0.0704365,51.25,0.5,-999,-999,-999,-999,-999,144571,66159474
27603,6.4724,Cu,1.165,44.82,2.978,10.245,PI+SIDIS,0.44,4.4,0.56,2.0,88.495,50.256,88.449,50.23,89.431,50.788,267.489,151.908,89.715,50.949,0.9987,0.9973,0.9811,0.9757,-1.0,-1.0,-1.0,-1.0,-1.0,1.0,-999,-999,45.0,18.2308,6.85997,0.211536,0.0795979,51.25,0.5,-999,-999,-999,-999,-999,144169,65906417
27604,6.4724,LD2,1.165,44.82,2.978,10.245,PI+SIDIS,0.44,4.4,0.56,2.0,47.106,27.204,47.068,27.181,47.428,27.389,261.438,150.979,47.44,27.396,0.998,0.9981,0.9815,0.9785,-1.0,-1.0,-1.0,-1.0,-1.0,1.0,-999,-999,14.0,6.07692,3.82223,0.132216,0.0831604,51.25,0.5,-999,-999,-999,-999,-999,58652,72133053
27605,6.4724,LD2,1.165,44.82,2.978,10.245,PI+SIDIS,0.44,4.4,0.56,2.0,46.839,27.257,46.823,27.247,46.912,27.299,261.063,151.919,46.925,27.307,1.0,0.998,0.9783,0.9782,-1.0,-1.0,-1.0,-1.0,-1.0,1.0,-999,-999,9.0,0.615385,3.10564,0.0134361,0.0678073,51.25,0.5,-999,-999,-999,-999,-999,58822,71361536
27606,6.4724,LD2,1.165,44.82,2.978,10.245,PI+SIDIS,0.44,4.4,0.56,2.0,48.459,27.244,48.444,27.235,48.655,27.354,270.342,151.987,48.802,27.437,0.9972,0.9986,0.9759,0.977,-1.0,-1.0,-1.0,-1.0,-1.0,1.0,-999,-999,11.0,2.07692,3.41854,0.0440076,0.0724349,51.25,0.5,-999,-999,-999,-999,-999,60057,74004995
27607,6.4724,LD2,1.165,44.82,2.978,10.245,PI+SIDIS,0.44,4.4,0.56,2.0,48.571,27.196,48.506,27.159,48.954,27.41,270.785,151.618,49.106,27.495,0.999,0.9981,0.9752,0.9779,-1.0,-1.0,-1.0,-1.0,-1.0,1.0,-999,-999,11.0,3.15385,3.4064,0.0665569,0.0718866,51.25,0.5,-999,-999,-999,-999,-999,60501,74343432
27608,6.4724,LH2,1.165,44.82,2.978,10.245,PI+SIDIS,0.44,4.4,0.56,2.0,107.233,44.544,107.162,44.515,107.639,44.713,363.421,150.965,107.763,44.765,0.9979,0.9978,0.9803,0.9783,-1.0,-1.0,-1.0,-1.0,-1.0,1.0,-999,-999,14.0,6.38462,3.81914,0.0610308,0.0365073,51.25,0.5,-999,-999,-999,-999,-999,74004,81365419
27609,6.4724,LH2,1.165,44.82,2.978,10.245,PI+SIDIS,0.44,4.4,0.56,2.0,48.228,50.597,48.281,50.653,48.764,51.16,138.119,144.904,48.929,51.333,1.0,0.9987,0.9776,0.9766,-1.0,-1.0,-1.0,-1.0,-1.0,1.0,-999,-999,10.0,6.61538,3.20318,0.140308,0.0679373,51.25,0.5,-999,-999,-999,-999,-999,32308,37359460
27610,6.4724,LH2,1.165,44.82,2.978,10.245,PI+SIDIS,0.44,4.4,0.56,2.0,91.589,54.002,91.709,54.074,92.825,54.731,255.499,150.647,93.116,54.903,0.9979,0.9978,0.9788,0.9763,-1.0,-1.0,-1.0,-1.0,-1.0,1.0,-999,-999,10.0,3.07692,3.24539,0.0344386,0.0363241,51.25,0.5,-999,-999,-999,-999,-999,59623,71153788
27612,6.4724,LH2,1.165,44.82,2.978,10.245,PI+SIDIS,0.44,4.4,0.56,2.0,111.096,55.016,111.082,55.009,111.649,55.29,307.632,152.343,111.806,55.367,0.9984,0.9977,0.9769,0.9764,-1.0,-1.0,-1.0,-1.0,-1.0,1.0,-999,-999,17.0,7.23077,4.21325,0.0667797,0.0389114,51.25,0.5,-999,-999,-999,-999,-999,72452,85725514
27614,6.4724,Dummy,-1.165,44.82,-2.978,10.245,PI-SIDIS,0.44,4.4,0.56,2.0,78.501,45.02,78.468,45.001,78.741,45.158,262.557,150.576,78.716,45.143,1.0,0.9995,0.9841,0.9605,-1.0,-1.0,-1.0,-1.0,-1.0,1.0,-999,-999,44.0,39.6154,6.65862,0.525622,0.0883476,51.3595,0.3385,-999,-999,-999,-999,-999,97961,162283581
27615,6.4724,Dummy,-1.165,44.82,-2.978,10.245,PI-SIDIS,0.44,4.4,0.56,2.0,80.139,50.165,80.192,50.199,80.288,50.259,241.221,151.0,80.402,50.33,1.0,0.9995,0.9819,0.9546,-1.0,-1.0,-1.0,-1.0,-1.0,1.0,-999,-999,60.0,55.0769,7.77037,0.719477,0.101505,51.291,0.349081,-999,-999,-999,-999,-999,97560,165547152
27616,6.4724,Dummy,-1.165,44.82,-2.978,10.245,PI-SIDIS,0.44,4.4,0.56,2.0,82.804,50.236,82.869,50.276,83.302,50.538,248.971,151.048,83.579,50.706,1.0,1.0,0.9807,0.961,-1.0,-1.0,-1.0,-1.0,-1.0,1.0,-999,-999,42.0,35.9231,6.51671,0.451085,0.08183,51.383,0.359519,-999,-999,-999,-999,-999,101045,171130664
27617,6.4724,Dummy,-1.165,44.82,-2.978,10.245,PI-SIDIS,0.44,4.4,0.56,2.0,86.842,50.293,86.901,50.327,87.624,50.746,261.041,151.177,87.92,50.917,0.999,0.9987,0.9851,0.9706,-1.0,-1.0,-1.0,-1.0,-1.0,1.0,-999,-999,59.0,52.9231,7.71151,0.628079,0.0915185,51.3224,0.407766,-999,-999,-999,-999,-999,106048,179575223
27618,6.4724,Dummy,-1.165,44.82,-2.978,10.245,PI-SIDIS,0.44,4.4,0.56,2.0,81.34,50.101,81.312,50.084,82.056,50.542,244.796,150.781,82.243,50.657,1.0,0.999,0.9819,0.965,-1.0,-1.0,-1.0,-1.0,-1.0,1.0,-999,-999,39.0,33.3846,6.27949,0.425466,0.080028,51.1499,0.608719,-999,-999,-999,-999,-999,99376,168051233
27619,6.4724,Dummy,-1.165,44.82,-2.978,10.245,PI-SIDIS,0.44,4.4,0.56,2.0,72.434,48.488,72.412,48.473,72.693,48.661,220.525,147.62,72.744,48.695,1.0,0.9994,0.9849,0.9563,-1.0,-1.0,-1.0,-1.0,-1.0,1.0,-999,-999,43.0,38.6923,6.58266,0.558753,0.0950597,51.3289,0.403201,-999,-999,-999,-999,-999,89431,149589772
27620,6.4724,Dummy,-1.165,44.82,-2.978,10.245,PI-SIDIS,0.44,4.4,0.56,2.0,87.597,50.954,87.617,50.965,87.702,51.014,261.904,152.344,87.835,51.092,1.0,0.9987,0.9752,0.9647,-1.0,-1.0,-1.0,-1.0,-1.0,1.0,-999,-999,47.0,41.6923,6.88537,0.493259,0.0814604,51.3039,0.345515,-999,-999,-999,-999,-999,106761,180738257
27621,6.4724,Dummy,-1.165,44.82,-2.978,10.245,PI-SIDIS,0.44,4.4,0.56,2.0,81.081,50.328,81.13,50.358,81.535,50.61,243.689,151.261,81.822,50.788,1.0,0.999,0.9753,0.96,-1.0,-1.0,-1.0,-1.0,-1.0,1.0,-999,-999,52.0,46.3846,7.24099,0.595554,0.0929705,51.2718,0.313133,-999,-999,-999,-999,-999,98722,167536964
27622,6.4724,Dummy,-1.165,44.82,-2.978,10.245,PI-SIDIS,0.44,4.4,0.56,2.0,69.462,50.538,69.521,50.581,70.113,51.012,208.19,151.472,70.348,51.183,0.9988,0.9989,0.9815,0.9639,-1.0,-1.0,-1.0,-1.0,-1.0,1.0,-999,-999,40.0,35.3846,6.35256,0.528674,0.0949123,51.1377,0.425931,-999,-999,-999,-999,-999,84686,143607133
27623,6.4724,Dummy,-1.165,44.82,-2.978,10.245,PI-SIDIS,0.44,4.4,0.56,2.0,128.407,50.197,128.427,50.205,129.238,50.522,386.416,151.059,129.516,50.631,0.9993,0.9981,0.9778,0.9688,-1.0,-1.0,-1.0,-1.0,-1.0,1.0,-999,-999,78.0,70.1538,8.86586,0.56427,0.071311,51.3695,0.349032,-999,-999,-999,-999,-999,157567,265609754
27624,6.4724,LD2,-1.165,44.82,-2.978,10.245,PI-SIDIS,0.44,4.4,0.56,2.0,29.967,27.982,29.911,27.93,30.044,28.054,160.112,149.506,30.095,28.101,0.9999,0.9989,0.9827,0.9761,-1.0,-1.0,-1.0,-1.0,-1.0,1.0,-999,-999,166.0,113.923,13.0386,3.90253,0.446649,51.2943,0.403439,-999,-999,-999,-999,-999,191983,304688073
27625,6.4724,LD2,-1.165,44.82,-2.978,10.245,PI-SIDIS,0.44,4.4,0.56,2.0,53.777,27.995,53.749,27.98,54.243,28.237,287.688,149.762,54.345,28.29,0.9998,0.9995,0.9832,0.9746,-1.0,-1.0,-1.0,-1.0,-1.0,1.0,-999,-999,315.0,224.769,17.9427,4.29174,0.342597,51.2333,0.371432,-999,-999,-999,-999,-999,352866,548057322
27626,6.4724,LD2,-1.165,44.82,-2.978,10.245,PI-SIDIS,0.44,4.4,0.56,2.0,53.548,28.095,53.546,28.094,54.052,28.359,286.327,150.225,54.167,28.419,0.9998,0.9991,0.9844,0.9772,-1.0,-1.0,-1.0,-1.0,-1.0,1.0,-999,-999,312.0,219.923,17.8629,4.204,0.341463,51.2058,0.400644,-999,-999,-999,-999,-999,351075,545279948
27627,6.4724,LD2,-1.165,44.82,-2.978,10.245,PI-SIDIS,0.44,4.4,0.56,2.0,43.945,27.803,43.931,27.794,44.282,28.016,235.01,148.684,44.325,28.043,0.9999,0.999,0.9819,0.9762,-1.0,-1.0,-1.0,-1.0,-1.0,1.0,-999,-999,243.0,169.538,15.7687,3.95398,0.367757,51.2528,0.370559,-999,-999,-999,-999,-999,287193,447305492
27628,6.4724,LD2,-1.165,44.82,-2.978,10.245,PI-SIDIS,0.44,4.4,0.56,2.0,41.973,27.782,41.912,27.742,41.965,27.777,224.512,148.606,41.961,27.774,0.9999,0.999,0.9832,0.976,-1.0,-1.0,-1.0,-1.0,-1.0,1.0,-999,-999,268.0,194.308,16.5429,4.75056,0.404453,51.2826,0.396002,-999,-999,-999,-999,-999,276215,426353613
27629,6.4724,LD2,-1.165,44.82,-2.978,10.245,PI-SIDIS,0.44,4.4,0.56,2.0,46.73,27.789,46.662,27.748,46.781,27.819,250.006,148.669,46.896,27.887,0.9998,0.9991,0.9831,0.9784,-1.0,-1.0,-1.0,-1.0,-1.0,1.0,-999,-999,245.0,166.154,15.845,3.64031,0.347153,51.2229,0.400942,-999,-999,-999,-999,-999,306992,474759478
27630,6.4724,LD2,-1.165,44.82,-2.978,10.245,PI-SIDIS,0.44,4.4,0.56,2.0,49.289,28.246,49.244,28.22,49.526,28.382,263.611,151.067,49.675,28.467,0.9998,0.999,0.9843,0.978,-1.0,-1.0,-1.0,-1.0,-1.0,1.0,-999,-999,296.0,210.538,17.3947,4.3728,0.36128,51.2041,0.364801,-999,-999,-999,-999,-999,322592,501292662
27631,6.4724,LD2,-1.165,44.82,-2.978,10.245,PI-SIDIS,0.44,4.4,0.56,2.0,50.368,28.522,50.348,28.51,50.752,28.739,269.025,152.341,50.886,28.815,0.9996,0.999,0.9825,0.9765,-1.0,-1.0,-1.0,-1.0,-1.0,1.0,-999,-999,299.0,213.077,17.4817,4.33579,0.355726,51.2368,0.357527,-999,-999,-999,-999,-999,329948,512714825
27632,6.4724,LH2,-1.165,44.82,-2.978,10.245,PI-SIDIS,0.44,4.4,0.56,2.0,87.145,54.532,87.264,54.607,87.648,54.847,231.735,145.011,87.719,54.891,0.9997,0.9996,0.9821,0.9731,-1.0,-1.0,-1.0,-1.0,-1.0,1.0,-999,-999,234.0,157.0,15.4895,1.84952,0.182472,51.2864,0.392475,-999,-999,-999,-999,-999,306968,438579509
27633,6.4724,LH2,-1.165,44.82,-2.978,10.245,PI-SIDIS,0.44,4.4,0.56,2.0,104.946,59.634,104.991,59.659,105.348,59.862,266.099,151.206,105.601,60.006,0.9998,0.9992,0.9824,0.9742,-1.0,-1.0,-1.0,-1.0,-1.0,1.0,-999,-999,296.0,213.0,17.3892,2.08304,0.170059,51.2315,0.378565,-999,-999,-999,-999,-999,367329,526890161
27634,6.4724,LH2,-1.165,44.82,-2.978,10.245,PI-SIDIS,0.44,4.4,0.56,2.0,102.456,60.49,102.485,60.506,103.253,60.96,258.033,152.341,103.602,61.166,0.9999,0.9992,0.9801,0.9734,-1.0,-1.0,-1.0,-1.0,-1.0,1.0,-999,-999,272.0,186.308,16.6911,1.86785,0.167338,51.1789,0.401892,-999,-999,-999,-999,-999,358304,514553490
27635,6.4724,LH2,-1.165,44.82,-2.978,10.245,PI-SIDIS,0.44,4.4,0.56,2.0,79.205,59.886,79.259,59.927,80.065,60.536,200.318,151.458,80.305,60.718,0.9999,0.9989,0.9796,0.9721,-1.0,-1.0,-1.0,-1.0,-1.0,1.0,-999,-999,217.0,146.385,14.9142,1.90019,0.193598,51.2304,0.399554,-999,-999,-999,-999,-999,277433,398340261
27636,6.4724,LH2,-1.165,44.82,-2.978,10.245,PI-SIDIS,0.44,4.4,0.56,2.0,103.487,60.475,103.626,60.556,104.507,61.071,260.686,152.338,104.682,61.173,0.9997,0.9989,0.9813,0.9731,-1.0,-1.0,-1.0,-1.0,-1.0,1.0,-999,-999,268.0,179.846,16.5765,1.78406,0.164438,51.1701,0.440505,-999,-999,-999,-999,-999,362070,520759159
27637,6.4724,LH2,-1.165,44.82,-2.978,10.245,PI-SIDIS,0.44,4.4,0.56,2.0,97.876,58.657,98.037,58.753,98.291,58.906,250.197,149.943,98.341,58.936,0.9999,0.9986,0.9806,0.9728,-1.0,-1.0,-1.0,-1.0,-1.0,1.0,-999,-999,237.0,154.846,15.5987,1.62383,0.163579,51.2302,0.362554,-999,-999,-999,-999,-999,343138,492554419
27638,6.4724,LH2,-1.165,44.82,-2.978,10.245,PI-SIDIS,0.44,4.4,0.56,2.0,109.024,59.169,109.182,59.255,109.332,59.337,277.474,150.59,109.592,59.478,0.9998,0.9988,0.9799,0.9699,-1.0,-1.0,-1.0,-1.0,-1.0,1.0,-999,-999,284.0,187.615,17.0709,1.77209,0.16124,51.2802,0.333998,-999,-999,-999,-999,-999,382573,548454614
27639,6.4724,LH2,-1.165,44.82,-2.978,10.245,PI-SIDIS,0.44,4.4,0.56,2.0,99.383,58.589,99.404,58.601,100.089,59.005,253.886,149.672,100.44,59.212,0.9997,0.9986,0.9813,0.9699,-1.0,-1.0,-1.0,-1.0,-1.0,1.0,-999,-999,257.0,171.846,16.2342,1.78299,0.168438,51.1875,0.430852,-999,-999,-999,-999,-999,348190,499923885
27640,6.4724,LH2,-1.165,44.82,-2.978,10.245,PI-SIDIS,0.44,4.4,0.56,2.0,93.22,58.488,93.25,58.506,94.171,59.084,238.506,149.643,94.472,59.274,0.9995,0.9985,0.9804,0.9689,-1.0,-1.0,-1.0,-1.0,-1.0,1.0,-999,-999,263.0,185.538,16.4,2.05461,0.181609,51.1602,0.374474,-999,-999,-999,-999,-999,326548,469325639
27641,6.4724,LH2,-1.165,44.82,-2.978,10.245,PI-SIDIS,0.44,4.4,0.56,2.0,109.665,60.403,109.773,60.462,110.544,60.887,276.388,152.232,110.692,60.968,0.9998,0.9989,0.9797,0.9717,-1.0,-1.0,-1.0,-1.0,-1.0,1.0,-999,-999,317.0,221.538,18.0095,2.07736,0.168875,51.2653,0.386418,-999,-999,-999,-999,-999,382521,552221496
27642,6.4724,LH2,-1.165,37.33,5.051,9.235,PI+SIDIS,0.31,3.1,0.95,2.0,173.711,67.38,173.838,67.429,174.977,67.871,384.897,149.295,171.163,66.391,0.9998,0.9985,0.9911,0.9827,-1.0,-1.0,-1.0,-1.0,-1.0,1.0,-999,-999,1737.0,1661.54,41.7469,9.72848,0.244433,51.2575,0.368051,-999,-999,-999,-999,-999,1929382,39067164
27643,6.4724,Dummy,-1.165,37.33,5.051,9.235,PI+SIDIS,0.31,3.1,0.95,2.0,31.583,45.081,31.61,45.12,31.762,45.337,99.163,141.546,31.816,45.414,1.0,1.0,1.0,0.9893,-1.0,-1.0,-1.0,-1.0,-1.0,1.0,-999,-999,47.0,46.5385,6.85824,1.48819,0.219311,51.2637,0.379335,-999,-999,-999,-999,-999,124277,1480041
27644,6.4724,Dummy,-1.165,37.33,5.051,9.235,PI+SIDIS,0.31,3.1,0.95,2.0,16.078,50.246,16.096,50.301,16.166,50.519,48.748,152.343,16.194,50.608,1.0,1.0,1.0,0.9891,-1.0,-1.0,-1.0,-1.0,-1.0,1.0,-999,-999,26.0,25.6154,5.10192,1.60895,0.320461,51.3795,0.48527,-999,-999,-999,-999,-999,62631,752787
27650,6.4724,LD2,-1.165,37.33,2.806,9.235,PI+SIDIS,0.31,3.1,0.53,2.0,32.508,18.106,32.457,18.077,32.681,18.202,184.424,102.718,32.718,18.223,0.9999,0.9988,0.9803,0.9817,-1.0,-1.0,-1.0,-1.0,-1.0,1.0,-999,-999,1100.0,825.692,33.4828,25.9182,1.05102,51.2684,0.387906,-999,-999,-999,-999,-999,709338,59315249
27651,6.4724,LD2,-1.165,37.33,2.806,9.235,PI+SIDIS,0.31,3.1,0.53,2.0,31.631,18.006,31.589,17.983,31.806,18.106,179.523,102.196,31.848,18.13,0.9998,0.999,0.9844,0.9821,-1.0,-1.0,-1.0,-1.0,-1.0,1.0,-999,-999,1042.0,780.769,32.5898,25.1743,1.05079,51.2397,0.394681,-999,-999,-999,-999,-999,692036,57802787
27652,6.4724,LD2,-1.165,37.33,2.806,9.235,PI+SIDIS,0.31,3.1,0.53,2.0,31.482,18.071,31.469,18.064,31.685,18.188,178.822,102.647,31.73,18.213,0.9998,0.9989,0.9827,0.9825,-1.0,-1.0,-1.0,-1.0,-1.0,1.0,-999,-999,999.0,731.769,31.9305,23.6738,1.033,51.2466,0.376891,-999,-999,-999,-999,-999,690063,57734158
27653,6.4724,LD2,-1.165,37.33,2.806,9.235,PI+SIDIS,0.31,3.1,0.53,2.0,30.502,18.088,30.504,18.089,30.713,18.213,173.351,102.799,30.758,18.24,0.9998,0.9988,0.9848,0.9817,-1.0,-1.0,-1.0,-1.0,-1.0,1.0,-999,-999,960.0,700.231,31.3047,23.3895,1.04566,51.2365,0.356729,-999,-999,-999,-999,-999,668981,56021793
27654,6.4724,LD2,-1.165,37.33,2.806,9.235,PI+SIDIS,0.31,3.1,0.53,2.0,31.12,18.044,31.129,18.049,31.346,18.175,176.931,102.586,31.386,18.198,0.9999,0.9989,0.98,0.983,-1.0,-1.0,-1.0,-1.0,-1.0,1.0,-999,-999,1032.0,764.846,32.443,24.9992,1.06041,51.2373,0.380429,-999,-999,-999,-999,-999,680570,57211406
27655,6.4724,LD2,-1.165,37.33,2.806,9.235,PI+SIDIS,0.31,3.1,0.53,2.0,31.725,18.086,31.707,18.076,31.927,18.201,180.221,102.743,31.973,18.228,0.9998,0.9989,0.9789,0.9825,-1.0,-1.0,-1.0,-1.0,-1.0,1.0,-999,-999,1002.0,726.923,31.9869,23.3413,1.02709,51.256,0.373355,-999,-999,-999,-999,-999,694456,58234121
27656,6.4724,LD2,-1.165,37.33,2.806,9.235,PI+SIDIS,0.31,3.1,0.53,2.0,30.912,18.031,30.862,18.002,31.093,18.137,175.506,102.377,31.14,18.165,0.9998,0.9989,0.9813,0.9825,-1.0,-1.0,-1.0,-1.0,-1.0,1.0,-999,-999,1017.0,748.846,32.2122,24.7039,1.06266,51.2394,0.35275,-999,-999,-999,-999,-999,676043,56737511
27657,6.4724,LD2,-1.165,37.33,2.806,9.235,PI+SIDIS,0.31,3.1,0.53,2.0,31.493,17.886,31.453,17.863,31.703,18.005,178.938,101.625,31.746,18.03,0.9999,0.999,0.9819,0.9825,-1.0,-1.0,-1.0,-1.0,-1.0,1.0,-999,-999,1028.0,758.769,32.3838,24.5576,1.0481,51.252,0.386342,-999,-999,-999,-999,-999,689200,57832322
27658,6.4724,LD2,-1.165,37.33,2.806,9.235,PI+SIDIS,0.31,3.1,0.53,2.0,29.729,17.758,29.717,17.751,29.966,17.9,169.121,101.024,30.003,17.922,0.9998,0.999,0.9817,0.9822,-1.0,-1.0,-1.0,-1.0,-1.0,1.0,-999,-999,943.0,691.923,31.0212,23.713,1.06313,51.2267,0.391437,-999,-999,-999,-999,-999,651594,54738829
27659,6.4724,LD2,-1.165,37.33,2.806,9.235,PI+SIDIS,0.31,3.1,0.53,2.0,31.996,17.926,32.001,17.929,32.275,18.082,182.154,102.053,32.321,18.108,0.9998,0.9992,0.9832,0.982,-1.0,-1.0,-1.0,-1.0,-1.0,1.0,-999,-999,1052.0,774.615,32.7618,24.6563,1.04282,51.2217,0.355848,-999,-999,-999,-999,-999,700701,59074023
27660,6.4724,LD2,-1.165,37.33,2.806,9.235,HMSDIS,0.31,3.1,-999,-999,11505.838,17.84,11512.309,17.85,11617.56,18.014,65565.968,101.664,11633.35,18.038,0.9998,0.9989,-999,-999,-1.0,-1.0,-1.0,1.0,-1.0,-1.0,-999,-999,-999,-999,-999,14.6527,0.0357132,-999,-999,-999,-999,-999,-999,-999,252473,21234130
27661,6.4724,LD2,-1.165,37.33,2.806,9.235,HMSDIS,0.31,3.1,-999,-999,4574.495,18.14,4570.039,18.123,4615.564,18.303,26042.196,103.272,4620.849,18.324,0.9998,0.999,-999,-999,-1.0,-1.0,-1.0,1.0,-1.0,-1.0,-999,-999,-999,-999,-999,14.5921,0.0565669,-999,-999,-999,-999,-999,-999,-999,100146,8497441
27662,6.4724,LD2,-1.165,37.33,2.806,9.235,HMSDIS,0.31,3.1,-999,-999,15421.17,18.05,15398.732,18.023,15554.645,18.206,87794.99,102.758,15577.204,18.232,1.0,0.999,-999,-999,-1.0,-1.0,17.0,-1.0,-1.0,-1.0,-999,-999,-999,-999,-999,14.5708,0.126894,-999,-999,-999,-999,-999,-999,-999,337912,28507763
27663,6.4724,LD2,-1.165,37.33,2.806,9.235,HMSDIS,0.31,3.1,-999,-999,2568.781,18.174,2564.625,18.144,2590.768,18.329,14623.029,103.456,2594.628,18.357,0.9999,0.9986,-999,-999,-1.0,-1.0,-1.0,1.0,-1.0,-1.0,-999,-999,-999,-999,-999,14.7293,0.0758595,-999,-999,-999,-999,-999,-999,-999,56566,4748949
27664,6.4724,LH2,-1.165,37.33,2.806,9.235,PI+SIDIS,0.31,3.1,0.53,2.0,59.998,37.464,59.917,37.413,60.34,37.678,239.382,149.475,60.454,37.749,0.9998,0.9991,0.9794,0.9803,-1.0,-1.0,-1.0,-1.0,-1.0,1.0,-999,-999,1114.0,830.615,33.7016,14.1448,0.573914,51.2232,0.345715,-999,-999,-999,-999,-999,677991,54937656
27665,6.4724,LH2,-1.165,37.33,2.806,9.235,PI+SIDIS,0.31,3.1,0.53,2.0,59.505,36.862,59.473,36.843,59.919,37.119,238.371,147.668,60.027,37.186,0.9997,0.9986,0.9835,0.9807,-1.0,-1.0,-1.0,-1.0,-1.0,1.0,-999,-999,1085.0,814.692,33.2535,13.973,0.570338,51.2288,0.384268,-999,-999,-999,-999,-999,673906,54465107
27666,6.4724,LH2,-1.165,37.33,2.806,9.235,PI+SIDIS,0.31,3.1,0.53,2.0,64.573,37.728,64.564,37.722,65.061,38.012,257.411,150.394,65.181,38.082,0.9998,0.9993,0.9828,0.9801,-1.0,-1.0,-1.0,-1.0,-1.0,1.0,-999,-999,1207.0,900.692,35.0794,14.2373,0.554504,51.2298,0.378514,-999,-999,-999,-999,-999,729716,59168507
27667,6.4724,LH2,-1.165,37.33,2.806,9.235,PI+SIDIS,0.31,3.1,0.53,2.0,68.222,38.401,68.23,38.406,68.773,38.711,270.638,152.338,68.913,38.79,0.9998,0.9989,0.9824,0.9803,-1.0,-1.0,-1.0,-1.0,-1.0,1.0,-999,-999,1243.0,920.846,35.6059,13.7715,0.532498,51.2188,0.380093,-999,-999,-999,-999,-999,771330,62528988
27668,6.4724,LH2,-1.165,37.33,2.806,9.235,PI+SIDIS,0.31,3.1,0.53,2.0,64.468,38.196,64.43,38.174,64.97,38.494,255.991,151.672,65.096,38.568,0.9999,0.9989,0.9817,0.9808,-1.0,-1.0,-1.0,-1.0,-1.0,1.0,-999,-999,1197.0,884.846,34.943,14.0046,0.553049,51.2192,0.374665,-999,-999,-999,-999,-999,727753,59055258
27669,6.4724,LH2,-1.165,37.33,2.806,9.235,PI+SIDIS,0.31,3.1,0.53,2.0,23.883,38.178,23.846,38.119,23.974,38.323,95.011,151.881,23.987,38.344,1.0,0.9992,0.9766,0.9792,-1.0,-1.0,-1.0,-1.0,-1.0,1.0,-999,-999,426.0,318.385,20.8393,13.6358,0.892511,51.293,0.376166,-999,-999,-999,-999,-999,269589,21818941
27670,6.4724,LH2,-1.165,37.33,2.806,9.235,PI+SIDIS,0.31,3.1,0.53,2.0,109.517,38.043,109.523,38.045,110.374,38.34,435.709,151.351,110.626,38.428,0.9999,0.9987,0.98,0.98,-1.0,-1.0,-1.0,-1.0,-1.0,1.0,-999,-999,2034.0,1526.62,45.5305,14.2255,0.424269,51.2294,0.358903,-999,-999,-999,-999,-999,1225972,100806470
27671,6.4724,LH2,-1.165,37.33,2.806,9.235,PI+SIDIS,0.31,3.1,0.53,2.0,65.12,38.211,65.032,38.16,65.18,38.247,258.675,151.787,65.222,38.272,0.9998,0.9989,0.9827,0.9804,-1.0,-1.0,-1.0,-1.0,-1.0,1.0,-999,-999,1179.0,871.692,34.6791,13.6751,0.544047,51.2522,0.35973,-999,-999,-999,-999,-999,728666,59458771
27672,6.4724,LH2,-1.165,37.33,2.806,9.235,PI+SIDIS,0.31,3.1,0.53,2.0,68.725,38.376,68.635,38.326,68.67,38.345,272.824,152.344,68.804,38.42,0.9997,0.9988,0.9777,0.9803,-1.0,-1.0,-1.0,-1.0,-1.0,1.0,-999,-999,1235.0,916.0,35.49,13.6188,0.527655,51.2579,0.355501,-999,-999,-999,-999,-999,770589,62613859
27673,6.4724,LH2,-1.165,37.33,2.806,9.235,PI+SIDIS,0.31,3.1,0.53,2.0,56.204,38.23,56.147,38.191,56.388,38.355,223.209,151.825,56.583,38.487,0.9997,0.9986,0.9799,0.9787,-1.0,-1.0,-1.0,-1.0,-1.0,1.0,-999,-999,1058.0,796.077,32.8352,14.4919,0.597737,51.2128,0.376068,-999,-999,-999,-999,-999,629405,51393498
27674,6.4724,LH2,-1.165,37.33,2.806,9.235,PI+SIDIS,0.31,3.1,0.53,2.0,51.226,38.418,51.219,38.413,51.605,38.702,203.127,152.34,51.766,38.823,0.9998,0.9986,0.9691,0.9685,-1.0,-1.0,-1.0,-1.0,1.0,-1.0,-999,-999,925.0,688.0,30.7121,13.8893,0.620013,51.2108,0.377726,-999,-999,-999,-999,-999,573305,47076138
27675,6.4724,LH2,-1.165,37.33,2.806,9.235,PI+SIDIS,0.31,3.1,0.53,2.0,16.796,38.391,16.797,38.393,16.943,38.727,66.649,152.339,16.992,38.839,0.9996,0.9985,0.9685,0.9692,-1.0,-1.0,-1.0,-1.0,1.0,-1.0,-999,-999,304.0,223.462,17.6124,13.7499,1.08372,51.2228,0.38611,-999,-999,-999,-999,-999,188370,15437526
27676,6.4724,LH2,-1.165,37.33,2.806,9.235,HMSDIS,0.31,3.1,-999,-999,41742.109,38.064,41752.608,38.073,42115.494,38.404,165780.247,151.171,42217.682,38.497,0.9998,0.9984,-999,-999,-1.0,-1.0,-1.0,1.0,-1.0,-1.0,-999,-999,-999,-999,-999,7.7455,0.0136295,-999,-999,-999,-999,-999,-999,-999,467033,38391326
27677,6.4724,LH2,-1.165,37.33,2.806,9.235,HMSDIS,0.31,3.1,-999,-999,40901.293,37.764,40915.029,37.776,41107.714,37.954,162908.596,150.412,41133.148,37.978,0.9997,0.9986,-999,-999,-1.0,-1.0,17.0,-1.0,-1.0,-1.0,-999,-999,-999,-999,-999,7.8408,0.0570969,-999,-999,-999,-999,-999,-999,-999,458913,37531846
27678,6.4724,Dummy,-1.165,37.33,2.806,9.235,PI+SIDIS,0.31,3.1,0.53,2.0,85.876,50.147,85.861,50.138,85.971,50.202,259.904,151.769,86.057,50.252,1.0,0.9981,0.9798,0.9797,-1.0,-1.0,-1.0,-1.0,-1.0,1.0,-999,-999,368.0,312.769,19.2937,3.71829,0.22937,51.293,0.362529,-999,-999,-999,-999,-999,332940,19265384
27679,6.4724,Dummy,-1.165,37.33,2.806,9.235,PI+SIDIS,0.31,3.1,0.53,2.0,82.883,49.114,82.847,49.093,83.237,49.324,252.676,149.729,83.514,49.488,0.9996,0.9984,0.984,0.9794,-1.0,-1.0,-1.0,-1.0,-1.0,1.0,-999,-999,338.0,288.538,18.488,3.55746,0.227943,51.2667,0.35892,-999,-999,-999,-999,-999,321033,18663066
27680,6.4724,Dummy,-1.165,37.33,2.806,9.235,HMSDIS,0.31,3.1,-999,-999,58931.02,50.028,58930.914,50.028,59391.634,50.419,178378.539,151.43,59598.614,50.595,0.9998,0.9983,-999,-999,-1.0,-1.0,-1.0,1.0,-1.0,-1.0,-999,-999,-999,-999,-999,2.58993,0.00663159,-999,-999,-999,-999,-999,-999,-999,227807,13310614
27681,6.4724,LD2,-1.165,37.33,2.806,9.235,PI+SIDIS,0.31,3.1,0.53,2.0,32.638,18.069,32.641,18.071,33.023,18.282,186.37,103.178,33.08,18.314,0.9997,0.9982,0.979,0.98,-1.0,-1.0,-1.0,-1.0,-1.0,1.0,-999,-999,1043.0,756.846,32.6345,23.6688,1.02058,51.2662,0.37718,-999,-999,-999,-999,-999,705594,60815129
27682,6.4724,LD2,-1.165,37.33,2.806,9.235,PI+SIDIS,0.31,3.1,0.53,2.0,29.408,17.987,29.42,17.994,29.593,18.1,167.024,102.158,29.597,18.102,0.9998,0.9982,0.9808,0.98,-1.0,-1.0,-1.0,-1.0,-1.0,1.0,-999,-999,1037.0,788.692,32.4977,27.362,1.12744,51.274,0.374064,-999,-999,-999,-999,-999,636764,54525786
27683,6.4724,LD2,-1.165,37.33,2.806,9.235,PI+SIDIS,0.31,3.1,0.53,2.0,32.081,18.03,32.076,18.027,32.166,18.077,181.542,102.028,32.199,18.096,0.9998,0.9979,0.9819,0.9801,-1.0,-1.0,-1.0,-1.0,-1.0,1.0,-999,-999,1098.0,821.692,33.4553,26.1448,1.06449,51.28,0.373323,-999,-999,-999,-999,-999,695579,59256840
27684,6.4724,LD2,-1.165,37.33,2.806,9.235,PI+SIDIS,0.31,3.1,0.53,2.0,33.01,18.094,32.958,18.066,33.208,18.203,187.427,102.739,33.304,18.256,0.9997,0.9981,0.9801,0.9794,-1.0,-1.0,-1.0,-1.0,-1.0,1.0,-999,-999,1069.0,791.923,33.0199,24.5421,1.0233,51.2632,0.376497,-999,-999,-999,-999,-999,713441,61056331
27685,6.4724,LD2,-1.165,37.33,2.806,9.235,PI+SIDIS,0.31,3.1,0.53,2.0,21.546,17.968,21.518,17.944,21.74,18.129,122.698,102.32,21.792,18.173,0.9999,0.9973,0.9854,0.9788,-1.0,-1.0,-1.0,-1.0,-1.0,1.0,-999,-999,592.0,443.846,24.5641,21.0767,1.16647,51.2362,0.377311,-999,-999,-999,-999,-999,466602,32845007
27686,6.4724,LD2,-1.165,37.33,2.806,9.235,PI+SIDIS,0.31,3.1,0.53,2.0,41.548,17.919,41.549,17.92,42.071,18.145,237.434,102.405,42.149,18.179,0.9996,0.998,0.9832,0.9783,-1.0,-1.0,-1.0,-1.0,-1.0,1.0,-999,-999,1359.0,1002.69,37.2345,24.6791,0.916446,51.2291,0.364529,-999,-999,-999,-999,-999,900038,77451831
27687,6.4724,LD2,-1.165,37.33,2.806,9.235,PI+SIDIS,0.31,3.1,0.53,2.0,30.251,17.799,30.256,17.802,30.646,18.032,172.955,101.765,30.694,18.06,0.9997,0.9977,0.9822,0.9791,-1.0,-1.0,-1.0,-1.0,-1.0,1.0,-999,-999,982.0,726.615,31.6488,24.5379,1.06878,51.2216,0.362075,-999,-999,-999,-999,-999,653671,56192836
27688,6.4724,LD2,-1.165,37.33,2.806,9.235,PI+SIDIS,0.31,3.1,0.53,2.0,32.31,18.103,32.272,18.081,32.696,18.319,184.5,103.371,32.746,18.347,0.9997,0.9977,0.9797,0.9792,-1.0,-1.0,-1.0,-1.0,-1.0,1.0,-999,-999,1007.0,737.308,32.0585,23.3404,1.01485,51.2383,0.374957,-999,-999,-999,-999,-999,699437,59958821
27689,6.4724,LD2,-1.165,37.33,2.806,9.235,PI+SIDIS,0.31,3.1,0.53,2.0,31.582,17.997,31.533,17.969,31.953,18.208,180.31,102.75,31.996,18.233,0.9998,0.9978,0.978,0.9792,-1.0,-1.0,-1.0,-1.0,-1.0,1.0,-999,-999,1052.0,781.385,32.7539,25.3133,1.06108,51.2173,0.386289,-999,-999,-999,-999,-999,682973,58589692
27690,6.4724,LD2,-1.165,37.33,2.806,9.235,PI+SIDIS,0.31,3.1,0.53,2.0,31.755,17.894,31.723,17.876,32.149,18.116,181.402,102.218,32.188,18.137,0.9997,0.9982,0.979,0.9784,-1.0,-1.0,-1.0,-1.0,-1.0,1.0,-999,-999,1045.0,782.231,32.6376,25.2114,1.05191,51.2218,0.360496,-999,-999,-999,-999,-999,688563,58958816
27691,6.4724,LH2,-1.165,37.33,2.806,9.235,PI+SIDIS,0.31,3.1,0.53,2.0,60.43,37.206,60.412,37.195,60.511,37.255,241.803,148.874,60.533,37.269,0.9998,0.9978,0.9792,0.9764,-1.0,-1.0,-1.0,-1.0,-1.0,1.0,-999,-999,1113.0,836.538,33.6789,14.1853,0.571096,51.3592,0.437709,-999,-999,-999,-999,-999,678975,55456740
27692,6.4724,LH2,-1.165,37.33,2.806,9.235,PI+SIDIS,0.31,3.1,0.53,2.0,59.122,33.16,59.127,33.162,59.228,33.219,236.501,132.645,59.319,33.27,0.9999,0.9977,0.9774,0.9767,-1.0,-1.0,-1.0,-1.0,-1.0,1.0,-999,-999,1081.0,812.385,33.1913,14.0694,0.574829,51.2715,0.363195,-999,-999,-999,-999,-999,666207,54152639
27693,6.4724,LH2,-1.165,37.33,2.806,9.235,PI+SIDIS,0.31,3.1,0.53,2.0,64.789,38.038,64.739,38.008,65.027,38.178,257.783,151.346,65.211,38.286,0.9999,0.9976,0.9762,0.9771,-1.0,-1.0,-1.0,-1.0,-1.0,1.0,-999,-999,1270.0,965.923,35.9637,15.2721,0.568617,51.2332,0.375691,-999,-999,-999,-999,-999,727546,59514576
27694,6.4724,LH2,-1.165,37.33,2.806,9.235,PI+SIDIS,0.31,3.1,0.53,2.0,68.146,38.198,68.023,38.129,68.517,38.405,270.575,151.665,68.695,38.506,0.9998,0.9981,0.9768,0.9778,-1.0,-1.0,-1.0,-1.0,-1.0,1.0,-999,-999,1249.0,924.231,35.6929,13.8992,0.536773,51.2138,0.374735,-999,-999,-999,-999,-999,763046,62581052
27695,6.4724,LH2,-1.165,37.33,2.806,9.235,PI+SIDIS,0.31,3.1,0.53,2.0,67.838,38.253,67.743,38.199,68.339,38.536,269.189,151.792,68.52,38.637,0.9998,0.998,0.9773,0.9774,-1.0,-1.0,-1.0,-1.0,-1.0,1.0,-999,-999,1193.0,876.308,34.8907,13.2382,0.527088,51.2074,0.387226,-999,-999,-999,-999,-999,759906,62351158
27696,6.4724,LH2,-1.165,37.33,2.806,9.235,PI+SIDIS,0.31,3.1,0.53,2.0,68.378,38.224,68.335,38.2,68.683,38.394,271.413,151.723,68.743,38.428,0.9998,0.9984,0.9823,0.977,-1.0,-1.0,-1.0,-1.0,-1.0,1.0,-999,-999,1283.0,957.615,36.1667,14.3472,0.541858,51.25,0.388023,-999,-999,-999,-999,-999,767907,62827017
27697,6.4724,LH2,-1.165,37.33,2.806,9.235,PI+SIDIS,0.31,3.1,0.53,2.0,71.785,38.408,71.779,38.405,71.742,38.385,284.73,152.343,71.765,38.398,0.9998,0.9978,0.9799,0.9764,-1.0,-1.0,-1.0,-1.0,-1.0,1.0,-999,-999,1305.0,978.538,36.4707,13.9659,0.520517,51.2622,0.379064,-999,-999,-999,-999,-999,804690,65737874
27698,6.4724,LH2,-1.165,37.33,2.806,9.235,PI+SIDIS,0.31,3.1,0.53,2.0,67.821,38.388,67.818,38.387,67.901,38.434,269.147,152.344,68.104,38.549,0.9999,0.9981,0.9781,0.977,-1.0,-1.0,-1.0,-1.0,-1.0,1.0,-999,-999,1200.0,879.692,34.9948,13.279,0.528249,51.2414,0.38064,-999,-999,-999,-999,-999,761915,62165083
27699,6.4724,Dummy,-1.165,37.33,2.806,9.235,PI+SIDIS,0.31,3.1,0.53,2.0,89.483,50.174,89.433,50.145,90.262,50.61,270.534,151.689,90.573,50.785,0.9998,0.9987,0.9845,0.9782,-1.0,-1.0,-1.0,-1.0,-1.0,1.0,-999,-999,389.0,333.154,19.8317,3.80923,0.226753,51.2679,0.391561,-999,-999,-999,-999,-999,346478,20282273
27700,6.4724,Dummy,-1.165,37.33,2.806,9.235,PI+SIDIS,0.31,3.1,0.53,2.0,83.874,48.879,83.841,48.86,84.57,49.285,256.161,149.282,84.73,49.378,0.9998,0.9978,0.983,0.9809,-1.0,-1.0,-1.0,-1.0,-1.0,1.0,-999,-999,322.0,271.154,18.053,3.29784,0.219565,51.2765,0.344948,-999,-999,-999,-999,-999,324811,19013474
27701,6.4724,Dummy,-1.165,37.33,2.806,9.235,PI+SIDIS,0.31,3.1,0.53,2.0,86.243,49.477,86.267,49.491,86.438,49.589,262.127,150.381,86.509,49.629,0.9996,0.9973,0.9802,0.9761,-1.0,-1.0,-1.0,-1.0,-1.0,1.0,-999,-999,376.0,325.923,19.4898,3.8722,0.231553,51.2964,0.357532,-999,-999,-999,-999,-999,334179,19500949
27702,6.4724,Dummy,-1.165,37.33,2.806,9.235,PI+SIDIS,0.31,3.1,0.53,2.0,87.514,49.846,87.59,49.89,87.822,50.022,265.479,151.212,88.097,50.179,0.9996,0.9969,0.9786,0.9763,-1.0,-1.0,-1.0,-1.0,-1.0,1.0,-999,-999,344.0,288.385,18.6622,3.37371,0.218323,51.2858,0.373509,-999,-999,-999,-999,-999,339355,19805643
27703,6.4724,LH2,-1.165,37.33,-2.806,9.235,PI-SIDIS,0.31,3.1,0.53,2.0,69.283,39.842,69.214,39.802,69.693,40.077,261.531,150.395,69.862,40.174,0.9998,0.998,0.9831,0.9723,-1.0,-1.0,-1.0,-1.0,-1.0,1.0,-999,-999,665.0,430.692,26.1347,6.40152,0.388449,51.2135,0.336728,-999,-999,-999,-999,-999,774228,473886000
27704,6.4724,LH2,-1.165,37.33,-2.806,9.235,PI-SIDIS,0.31,3.1,0.53,2.0,67.163,39.918,67.07,39.863,67.176,39.926,253.235,150.511,67.259,39.975,0.9998,0.998,0.9827,0.973,-1.0,-1.0,-1.0,-1.0,-1.0,1.0,-999,-999,667.0,429.462,26.1777,6.58244,0.401231,51.2635,0.355352,-999,-999,-999,-999,-999,753017,458367393
27705,6.4724,LH2,-1.165,37.33,-2.806,9.235,PI-SIDIS,0.31,3.1,0.53,2.0,62.825,40.101,62.761,40.061,62.94,40.175,236.748,151.117,63.151,40.309,1.0,0.9978,0.9817,0.9721,-1.0,-1.0,-1.0,-1.0,-1.0,1.0,-999,-999,651.0,434.769,25.8386,7.12646,0.42353,51.2328,0.350967,-999,-999,-999,-999,-999,703288,429003135
27706,6.4724,LH2,-1.165,37.33,-2.806,9.235,PI-SIDIS,0.31,3.1,0.53,2.0,66.749,39.639,66.727,39.627,67.199,39.907,252.601,150.009,67.462,40.063,0.9999,0.9979,0.9817,0.9729,-1.0,-1.0,-1.0,-1.0,-1.0,1.0,-999,-999,654.0,426.846,25.9128,6.57604,0.399216,51.193,0.358378,-999,-999,-999,-999,-999,747472,456377541
27707,6.4724,LH2,-1.165,37.33,-2.806,9.235,PI-SIDIS,0.31,3.1,0.53,2.0,69.949,39.903,69.977,39.919,70.516,40.226,264.307,150.776,70.688,40.324,0.9997,0.9978,0.9832,0.9725,-1.0,-1.0,-1.0,-1.0,-1.0,1.0,-999,-999,683.0,434.846,26.497,6.39201,0.389491,51.2091,0.338048,-999,-999,-999,-999,-999,782946,478585864
27708,6.4724,LH2,-1.165,37.33,-2.806,9.235,PI-SIDIS,0.31,3.1,0.53,2.0,72.994,40.452,72.98,40.444,73.117,40.521,274.892,152.342,73.168,40.549,0.9997,0.9979,0.9824,0.973,-1.0,-1.0,-1.0,-1.0,-1.0,1.0,-999,-999,703.0,447.231,26.8826,6.30053,0.378719,51.2289,0.359983,-999,-999,-999,-999,-999,818000,498611959
27709,6.4724,LH2,-1.165,37.33,-2.806,9.235,PI-SIDIS,0.31,3.1,0.53,2.0,74.53,40.567,74.418,40.506,74.56,40.584,279.886,152.344,74.777,40.702,0.9997,0.9978,0.9835,0.9728,-1.0,-1.0,-1.0,-1.0,-1.0,1.0,-999,-999,725.0,470.462,27.287,6.50096,0.377058,51.2456,0.358993,-999,-999,-999,-999,-999,833754,508449751
27710,6.4724,LH2,-1.165,37.33,-2.806,9.235,PI-SIDIS,0.31,3.1,0.53,2.0,74.255,40.517,74.164,40.467,74.711,40.765,279.194,152.341,74.997,40.922,0.9997,0.9981,0.9815,0.9707,-1.0,-1.0,-1.0,-1.0,-1.0,1.0,-999,-999,782.0,524.769,28.3158,7.29178,0.393455,51.2179,0.36029,-999,-999,-999,-999,-999,830638,507117891
27711,6.4724,LH2,-1.165,37.33,-2.806,9.235,PI-SIDIS,0.31,3.1,0.53,2.0,72.045,40.311,72.026,40.3,72.61,40.627,271.258,151.774,72.794,40.73,0.9998,0.9975,0.9824,0.9722,-1.0,-1.0,-1.0,-1.0,-1.0,1.0,-999,-999,690.0,445.231,26.6238,6.36017,0.380324,51.2185,0.388738,-999,-999,-999,-999,-999,807103,492609929
27712,6.4724,LH2,-1.165,37.33,-2.806,9.235,PI-SIDIS,0.31,3.1,0.53,2.0,68.105,39.758,68.125,39.769,68.281,39.86,257.525,150.336,68.331,39.89,0.9998,0.9975,0.9827,0.9737,-1.0,-1.0,-1.0,-1.0,-1.0,1.0,-999,-999,683.0,445.385,26.4817,6.71602,0.399321,51.2672,0.365003,-999,-999,-999,-999,-999,763327,465597812
27713,6.4724,LH2,-1.165,37.33,-2.806,9.235,PI-SIDIS,0.31,3.1,0.53,2.0,70.747,40.236,70.748,40.236,70.836,40.286,266.917,151.802,71.051,40.408,0.9996,0.9979,0.9718,0.9611,-1.0,-1.0,-1.0,-1.0,1.0,-1.0,-999,-999,699.0,449.769,26.7987,6.62594,0.394795,51.2547,0.365585,-999,-999,-999,-999,-999,792393,483494133
27714,6.4724,Dummy,-1.165,37.33,-2.806,9.235,PI-SIDIS,0.31,3.1,0.53,2.0,81.744,48.362,81.697,48.334,82.539,48.832,252.028,149.106,82.868,49.027,0.9998,0.9972,0.9855,0.9749,-1.0,-1.0,-1.0,-1.0,-1.0,1.0,-999,-999,222.0,182.615,15.001,2.29333,0.188386,51.2228,0.337435,-999,-999,-999,-999,-999,316674,227659394
27715,6.4724,Dummy,-1.165,37.33,-2.806,9.235,PI-SIDIS,0.31,3.1,0.53,2.0,52.905,49.956,52.896,49.948,53.421,50.443,160.152,151.226,53.53,50.546,0.9991,0.998,0.9871,0.9786,-1.0,-1.0,-1.0,-1.0,-1.0,1.0,-999,-999,144.0,117.0,12.0862,2.26235,0.233703,51.2545,0.350633,-999,-999,-999,-999,-999,203808,147299783
27716,6.4724,Dummy,-1.165,37.33,-2.806,9.235,PI-SIDIS,0.31,3.1,0.53,2.0,85.989,49.893,86.001,49.9,86.923,50.435,260.467,151.13,87.232,50.614,0.9996,0.9968,0.9833,0.9721,-1.0,-1.0,-1.0,-1.0,-1.0,1.0,-999,-999,217.0,175.154,14.8398,2.09598,0.17758,51.2471,0.352818,-999,-999,-999,-999,-999,329765,239882968
27717,6.4724,Dummy,-1.165,37.33,-2.806,9.235,PI-SIDIS,0.31,3.1,0.53,2.0,123.575,49.847,123.527,49.828,124.324,50.15,374.895,151.225,124.483,50.214,0.9996,0.997,0.986,0.9773,-1.0,-1.0,-1.0,-1.0,-1.0,1.0,-999,-999,361.0,301.385,19.1203,2.4975,0.158445,51.2778,0.358073,-999,-999,-999,-999,-999,473740,343940040
27718,6.4724,LH2,-1.165,37.33,-2.806,9.235,PI-SIDIS,0.31,3.1,0.53,2.0,70.759,41.011,70.74,41.0,71.104,41.211,261.135,151.351,71.38,41.371,0.9997,0.9977,0.9814,0.9719,-1.0,-1.0,-1.0,-1.0,-1.0,1.0,-999,-999,712.0,468.385,27.0322,6.81504,0.393321,51.1922,0.39308,-999,-999,-999,-999,-999,798440,483796884
27719,6.4724,LH2,-1.165,37.33,-2.806,9.235,PI-SIDIS,0.31,3.1,0.53,2.0,70.074,40.009,70.078,40.011,70.64,40.332,264.699,151.13,70.885,40.472,0.9999,0.9973,0.9814,0.9714,-1.0,-1.0,-1.0,-1.0,-1.0,1.0,-999,-999,693.0,450.692,26.6766,6.6218,0.391945,51.1765,0.397123,-999,-999,-999,-999,-999,791596,479647623
27720,6.4724,LH2,-1.165,37.33,-2.806,9.235,PI-SIDIS,0.31,3.1,0.53,2.0,64.033,39.125,64.047,39.134,64.656,39.506,243.526,148.799,64.858,39.629,0.9998,0.9971,0.9805,0.9707,-1.0,-1.0,-1.0,-1.0,-1.0,1.0,-999,-999,645.0,432.077,25.7173,6.95171,0.413767,51.1993,0.388807,-999,-999,-999,-999,-999,722964,438586117
27721,6.4724,LH2,-1.165,37.33,-2.806,9.235,PI-SIDIS,0.31,3.1,0.53,2.0,69.305,40.074,69.228,40.029,69.918,40.429,261.572,151.248,70.136,40.555,0.9997,0.9973,0.9813,0.9715,-1.0,-1.0,-1.0,-1.0,-1.0,1.0,-999,-999,697.0,457.077,26.748,6.79865,0.397855,51.201,0.33974,-999,-999,-999,-999,-999,780815,474053624
27722,6.4724,LH2,-1.165,37.33,-2.806,9.235,PI-SIDIS,0.31,3.1,0.53,2.0,69.429,39.823,69.324,39.763,70.016,40.159,262.329,150.465,70.2,40.265,0.9998,0.9972,0.9802,0.9713,-1.0,-1.0,-1.0,-1.0,-1.0,1.0,-999,-999,708.0,473.769,26.9447,7.03788,0.400266,51.1811,0.379012,-999,-999,-999,-999,-999,783789,474635925
27723,6.4724,LH2,-1.165,37.33,-2.806,9.235,PI-SIDIS,0.31,3.1,0.53,2.0,72.639,40.471,72.563,40.429,73.253,40.813,273.422,152.338,73.451,40.924,0.9997,0.997,0.981,0.9699,-1.0,-1.0,-1.0,-1.0,-1.0,1.0,-999,-999,745.0,490.692,27.6507,6.97464,0.393024,51.1785,0.364775,-999,-999,-999,-999,-999,820125,496762861
27724,6.4724,LH2,-1.165,37.33,-2.806,9.235,PI-SIDIS,0.31,3.1,0.53,2.0,56.202,40.098,56.185,40.086,56.703,40.455,212.344,151.5,56.848,40.559,0.9999,0.9968,0.9831,0.9696,-1.0,-1.0,-1.0,-1.0,-1.0,1.0,-999,-999,524.0,329.462,23.2156,6.0486,0.426216,51.2116,0.34886,-999,-999,-999,-999,-999,634438,384649472
27725,6.4724,LH2,-1.165,37.33,-2.806,9.235,PI-SIDIS,0.31,3.1,0.53,2.0,67.93,39.392,67.944,39.4,68.545,39.749,258.055,149.644,68.698,39.838,0.9995,0.9973,0.9832,0.971,-1.0,-1.0,-1.0,-1.0,-1.0,1.0,-999,-999,684.0,448.846,26.497,6.80723,0.401855,51.1851,0.397418,-999,-999,-999,-999,-999,767768,465435497
27726,6.4724,LH2,-1.165,37.33,-2.806,9.235,PI-SIDIS,0.31,3.1,0.53,2.0,64.709,39.539,64.706,39.537,65.266,39.879,245.35,149.913,65.412,39.968,0.9998,0.9967,0.9822,0.9711,-1.0,-1.0,-1.0,-1.0,-1.0,1.0,-999,-999,653.0,433.308,25.8824,6.89758,0.412008,51.1795,0.403324,-999,-999,-999,-999,-999,731031,443163802
27727,6.4724,LH2,-1.165,37.33,-2.806,9.235,PI-SIDIS,0.31,3.1,0.53,2.0,36.05,39.555,36.002,39.503,36.31,39.841,136.556,149.836,36.398,39.937,0.9998,0.9973,0.9816,0.9715,-1.0,-1.0,-1.0,-1.0,-1.0,1.0,-999,-999,399.0,272.231,20.2176,7.7853,0.578187,51.2464,0.40648,-999,-999,-999,-999,-999,408050,246571121
27728,6.4724,LH2,-1.165,37.33,-2.806,9.235,PI-SIDIS,0.31,3.1,0.53,2.0,70.587,39.798,70.496,39.747,71.1,40.088,266.978,150.528,71.259,40.177,0.9998,0.9973,0.9818,0.9714,-1.0,-1.0,-1.0,-1.0,-1.0,1.0,-999,-999,730.0,483.077,27.3678,7.05615,0.399752,51.3565,0.341898,-999,-999,-999,-999,-999,796608,483200944
27730,6.4724,Dummy,-1.165,37.33,-2.806,9.235,PI-SIDIS,0.31,3.1,0.53,2.0,80.835,48.682,80.894,48.718,81.727,49.22,247.622,149.129,81.901,49.325,0.9998,0.9982,0.9808,0.9711,-1.0,-1.0,-1.0,-1.0,-1.0,1.0,-999,-999,219.0,176.385,14.909,2.24582,0.189829,51.2445,0.338498,-999,-999,-999,-999,-999,317273,225569735
27731,6.4724,Dummy,-1.165,37.33,-2.806,9.235,PI-SIDIS,0.31,3.1,0.53,2.0,91.275,50.386,91.372,50.44,92.296,50.949,275.963,152.338,92.51,51.068,1.0,0.9968,0.9874,0.9736,-1.0,-1.0,-1.0,-1.0,-1.0,1.0,-999,-999,235.0,189.692,15.443,2.13237,0.173598,51.2341,0.356627,-999,-999,-999,-999,-999,356793,254599954
27732,6.4724,Dummy,-1.165,37.33,-2.806,9.235,PI-SIDIS,0.31,3.1,0.53,2.0,80.032,48.69,80.039,48.694,80.879,49.205,245.23,149.192,81.077,49.325,0.9998,0.9988,0.9858,0.9755,-1.0,-1.0,-1.0,-1.0,-1.0,1.0,-999,-999,218.0,177.769,14.8693,2.27735,0.190486,51.1871,0.340882,-999,-999,-999,-999,-999,313603,223096319
27733,6.4724,LH2,-3.7,27.0,3.61,27.72,HMSHEEP,-999,-999,-999,-999,103.409,65.212,103.469,65.25,104.756,66.061,232.964,146.911,101.947,64.289,0.9999,0.8182,0.75,0.9759,-1.0,-1.0,-1.0,-1.0,-1.0,1.0,-999,-999,36.0,36.0,6.0,0.356558,0.0594264,53.4315,0.471512,-999,-999,-999,-999,-999,264407,42030
27734,6.4724,LH2,-3.7,27.0,3.61,27.72,HMSHEEP,-999,-999,-999,-999,115.272,66.327,115.378,66.388,116.836,67.227,257.255,148.025,113.537,65.329,0.9999,0.913,0.0,0.9766,-1.0,-1.0,-1.0,-1.0,-1.0,1.0,-999,-999,48.0,48.0,6.9282,0.426035,0.0614928,53.4716,0.503332,-999,-999,-999,-999,-999,294410,46761
27735,6.4724,LH2,-3.7,27.0,3.61,27.72,HMSHEE,1.0,5.2,-999,-999,121684.959,68.173,121819.248,68.248,123292.09,69.074,266460.093,149.283,118768.617,66.539,0.9991,0.635,-999,-999,-1.0,-1.0,-1.0,1.0,-1.0,-1.0,-999,-999,-999,-999,-999,1.17691,0.00311038,-999,-999,-999,-999,-999,-999,-999,308799,49034
27736,6.4724,Dummy,-3.7,27.0,3.61,27.72,HMSHEEP,-999,-999,-999,-999,88.392,50.2,88.32,50.159,88.579,50.306,264.022,149.945,88.591,50.313,1.0,1.0,0.0,0.9768,-1.0,-1.0,-1.0,-1.0,-1.0,1.0,-999,-999,1.0,1.0,1.0,0.0115914,0.0115914,53.0751,0.245959,-999,-999,-999,-999,-999,88316,33901
27737,6.4724,Dummy,-3.7,27.0,3.61,27.72,HMSHEE,1.0,5.2,-999,-999,47244.494,51.503,47202.821,51.458,47396.366,51.669,139746.043,152.343,47520.572,51.804,0.9992,0.9436,-999,-999,-1.0,-1.0,-1.0,1.0,-1.0,-1.0,-999,-999,-999,-999,-999,0.420327,0.00298593,-999,-999,-999,-999,-999,-999,-999,46966,18001
27738,6.4724,LD2,-3.7,27.0,3.61,27.72,HMSHEE,1.0,5.2,-999,-999,124623.865,68.263,124673.763,68.291,125870.443,68.946,271601.884,148.771,120570.716,66.043,0.999,0.8398,-999,-999,-1.0,-1.0,-1.0,1.0,-1.0,-1.0,-999,-999,-999,-999,-999,2.10149,0.00410903,-999,-999,-999,-999,-999,-999,-999,532951,84371
27739,6.4724,LH2,-3.318,30.5,4.01,24.825,HMSHEEP,-999,-999,-999,-999,119.452,68.732,119.62,68.829,120.529,69.352,259.315,149.209,115.486,66.45,0.9998,0.9444,0.0,0.9777,-1.0,-1.0,-1.0,-1.0,-1.0,1.0,-999,-999,31.0,31.0,5.56776,0.265118,0.0476166,52.7598,0.349857,-999,-999,-999,-999,-999,128133,61577
27740,6.4724,LH2,-3.318,30.5,4.01,24.825,HMSHEEP,-999,-999,-999,-999,107.185,66.758,107.278,66.816,107.632,67.037,236.297,147.174,103.644,64.553,0.9998,0.9,1.0,0.9774,-1.0,-1.0,-1.0,-1.0,-1.0,1.0,-999,-999,33.0,33.0,5.74456,0.314788,0.0547975,52.8605,0.317145,-999,-999,-999,-999,-999,115679,55178
27741,6.4724,LH2,-3.318,30.5,4.01,24.825,HMSHEE,1.0,5.9,-999,-999,106505.458,65.291,106468.96,65.269,107326.381,65.794,236696.101,145.102,102940.24,63.105,0.9995,0.8061,-999,-999,-1.0,-1.0,-1.0,1.0,-1.0,-1.0,-999,-999,-999,-999,-999,0.453102,0.00206382,-999,-999,-999,-999,-999,-999,-999,115270,54897
27742,6.4724,Dummy,-3.318,30.5,4.01,24.825,HMSHEEP,-999,-999,-999,-999,91.723,50.32,91.69,50.301,92.759,50.888,273.235,149.898,93.047,51.046,1.0,0.9999,0.0,0.9904,-1.0,-1.0,-1.0,-1.0,-1.0,1.0,-999,-999,1.0,1.0,1.0,0.011012,0.011012,52.575,0.245977,-999,-999,-999,-999,-999,47923,39595
27743,6.4724,Dummy,-3.318,30.5,4.01,24.825,HMSHEE,1.0,5.9,-999,-999,42365.724,49.673,42377.22,49.687,42747.031,50.12,127037.647,148.95,42811.714,50.196,0.9995,0.9726,-999,-999,-1.0,-1.0,-1.0,1.0,-1.0,-1.0,-999,-999,-999,-999,-999,0.168376,0.00199391,-999,-999,-999,-999,-999,-999,-999,22170,18402
27744,6.4724,LD2,-3.318,30.5,4.01,24.825,HMSHEE,1.0,5.9,-999,-999,95423.581,64.552,95538.884,64.63,95946.667,64.906,214540.636,145.132,92530.991,62.595,0.9991,0.9136,-999,-999,-1.0,-1.0,-1.0,1.0,-1.0,-1.0,-999,-999,-999,-999,-999,0.819219,0.00293012,-999,-999,-999,-999,-999,-999,-999,169834,87138
27745,6.4724,LH2,1.165,44.83,2.978,10.25,PI+SIDIS,0.44,4.4,0.56,2.0,91.214,52.615,91.284,52.656,91.673,52.88,262.115,151.198,91.929,53.028,0.998,0.9969,0.9758,0.9744,-1.0,-1.0,-1.0,-1.0,-1.0,1.0,-999,-999,17.0,9.53846,4.19213,0.107458,0.0472275,51.25,0.5,-999,-999,-999,-999,-999,63512,72203221
27746,6.4724,LH2,1.165,44.83,2.978,10.25,PI+SIDIS,0.44,4.4,0.56,2.0,86.13,52.559,86.236,52.624,87.017,53.1,246.662,150.52,87.377,53.32,0.999,0.9973,0.9815,0.9728,-1.0,-1.0,-1.0,-1.0,-1.0,1.0,-999,-999,14.0,7.07692,3.81216,0.0844444,0.045488,51.25,0.5,-999,-999,-999,-999,-999,58897,68166101
27747,6.4724,Cu,1.165,44.83,2.978,10.25,PI+SIDIS,0.44,4.4,0.56,2.0,84.611,48.68,84.632,48.692,85.197,49.017,261.78,150.612,85.313,49.084,0.9983,0.9966,0.9783,0.9717,-1.0,-1.0,-1.0,-1.0,-1.0,1.0,-999,-999,34.0,4.53846,6.02215,0.055283,0.0733558,51.25,0.5,-999,-999,-999,-999,-999,141799,64771043
27748,6.4724,Cu,1.165,44.83,2.978,10.25,PI+SIDIS,0.44,4.4,0.56,2.0,82.894,48.689,82.848,48.662,83.026,48.767,256.217,150.493,83.116,48.82,0.9997,0.9966,0.9792,0.9702,-1.0,-1.0,-1.0,-1.0,-1.0,1.0,-999,-999,40.0,14.0769,6.48028,0.175193,0.0806499,51.25,0.5,-999,-999,-999,-999,-999,138455,62918446
27749,6.4724,LH2,1.165,37.325,-2.806,9.43,PI-SIDIS,0.31,3.1,0.53,2.2,78.108,43.59,78.12,43.597,78.779,43.965,272.976,152.341,79.1,44.144,0.9981,0.9963,0.9835,0.9733,-1.0,-1.0,-1.0,-1.0,-1.0,1.0,-999,-999,52.0,27.3077,7.34162,0.359865,0.0967491,51.25,0.5,-999,-999,-999,-999,-999,162864,497110795
27750,6.4724,LH2,1.165,37.325,-2.806,9.43,PI-SIDIS,0.31,3.1,0.53,2.2,53.336,43.048,53.367,43.074,53.675,43.322,187.725,151.515,53.771,43.399,0.998,0.9962,0.9819,0.9729,-1.0,-1.0,-1.0,-1.0,-1.0,1.0,-999,-999,32.0,15.3846,5.76872,0.296928,0.111338,51.25,0.5,-999,-999,-999,-999,-999,111725,339360916
27751,6.4724,LH2,1.165,37.325,-2.806,9.43,PI-SIDIS,0.31,3.1,0.53,2.2,76.561,42.542,76.538,42.529,76.636,42.583,274.167,152.344,76.785,42.666,0.9981,0.9963,0.9831,0.9732,-1.0,-1.0,-1.0,-1.0,-1.0,1.0,-999,-999,51.0,24.8462,7.28092,0.334232,0.0979433,51.25,0.5,-999,-999,-999,-999,-999,160104,486346961
27752,6.4724,LH2,1.165,37.325,-2.806,9.43,PI-SIDIS,0.31,3.1,0.53,2.2,72.506,42.099,72.41,42.043,72.719,42.222,260.081,151.009,73.016,42.395,0.9983,0.9962,0.9818,0.9724,-1.0,-1.0,-1.0,-1.0,-1.0,1.0,-999,-999,30.0,6.76923,5.63799,0.096309,0.0802144,51.25,0.5,-999,-999,-999,-999,-999,151505,460213370
27753,6.4724,LD2,1.165,37.325,2.806,9.43,PI+SIDIS,0.31,3.1,0.53,2.2,30.068,18.03,30.069,18.031,30.461,18.266,171.97,103.122,30.533,18.309,0.9986,0.9966,0.9796,0.9761,-1.0,-1.0,-1.0,-1.0,-1.0,1.0,-999,-999,41.0,14.1538,6.5624,0.482956,0.223921,51.25,0.5,-999,-999,-999,-999,-999,124994,52706233
27754,6.4724,LD2,1.165,37.325,2.806,9.43,PI+SIDIS,0.31,3.1,0.53,2.2,12.761,17.885,12.765,17.891,12.931,18.122,73.002,102.314,12.959,18.163,0.9982,0.9963,0.9781,0.9767,-1.0,-1.0,-1.0,-1.0,-1.0,1.0,-999,-999,19.0,8.92308,4.44693,0.717011,0.357331,51.25,0.5,-999,-999,-999,-999,-999,52695,22045750
27756,8.5814,LH2,-3.254,13.76,-2.661,10.12,PI-SIDIS,0.16,1.6,0.5,2.0,61.087,37.904,61.098,37.91,61.315,38.046,235.557,146.161,61.53,38.179,0.9991,0.9962,0.9862,0.9839,-1.0,-1.0,-1.0,-1.0,-1.0,1.0,-999,-999,41895.0,27142.2,207.436,452.665,3.45952,51.1936,0.36676,-999,-999,-999,-999,-999,36742383,174549495
27757,8.5814,LH2,-3.254,13.76,-2.661,10.12,PI-SIDIS,0.16,1.6,0.5,2.0,8.548,40.196,8.549,40.203,8.602,40.453,32.186,151.356,8.632,40.591,0.9991,0.9959,0.986,0.9837,-1.0,-1.0,-1.0,-1.0,-1.0,1.0,-999,-999,5872.0,3772.46,77.6756,450.109,9.26783,51.1844,0.376195,-999,-999,-999,-999,-999,5138303,24404972
27758,8.5814,LH2,-3.254,13.76,-2.738,10.12,PI-SIDIS,0.16,1.6,0.51,2.0,57.969,40.118,57.966,40.116,57.839,40.028,211.632,146.462,57.955,40.108,0.9991,0.9963,0.9857,0.9839,-1.0,-1.0,-1.0,-1.0,-1.0,1.0,-999,-999,39282.0,25704.8,200.814,452.405,3.53433,51.241,0.362109,-999,-999,-999,-999,-999,34847015,169473983
27759,8.5814,LH2,-3.254,13.76,-2.738,10.12,PI-SIDIS,0.16,1.6,0.51,2.0,30.301,40.292,30.262,40.24,30.239,40.209,110.799,147.33,30.299,40.289,0.9991,0.9965,0.9847,0.9818,-1.0,-1.0,-1.0,-1.0,-1.0,1.0,-999,-999,20549.0,13515.4,145.224,456.569,4.90588,51.2352,0.361538,-999,-999,-999,-999,-999,18197030,88410212
27760,8.5814,LH2,-3.254,13.76,-2.738,10.12,PI-SIDIS,0.16,1.6,0.51,2.0,70.558,41.102,70.476,41.054,70.45,41.039,256.159,149.221,70.594,41.123,0.999,0.9974,0.9726,0.9682,-1.0,-1.0,-1.0,-1.0,1.0,-1.0,-999,-999,36418.0,23889.2,193.344,471.677,3.81744,51.2294,0.366171,-999,-999,-999,-999,-999,42397048,205602489
27761,8.5814,LH2,-3.254,13.76,-2.738,10.12,HMSDIS,0.16,1.6,-999,-999,26049.032,40.145,26031.694,40.118,26032.837,40.12,95141.238,146.624,26083.719,40.198,0.9991,0.9962,-999,-999,-1.0,-1.0,-1.0,17.0,-1.0,-1.0,-999,-999,-999,-999,-999,382.351,0.500199,-999,-999,-999,-999,-999,-999,-999,15660978,75921481
27762,8.5814,LH2,-3.254,13.76,-2.738,10.12,PI-SIDIS,0.16,1.6,0.51,2.0,17.796,42.321,17.79,42.306,17.788,42.301,64.062,152.345,17.824,42.388,0.999,0.9964,0.9845,0.9815,-1.0,-1.0,-1.0,-1.0,-1.0,1.0,-999,-999,12162.0,7982.92,111.729,459.014,6.42439,51.2343,0.360064,-999,-999,-999,-999,-999,10692658,51902822
27763,8.5814,Dummy,-3.254,13.76,-2.738,10.12,PI-SIDIS,0.16,1.6,0.51,2.0,53.319,49.141,53.379,49.196,53.499,49.307,162.961,150.192,53.609,49.409,0.9994,0.9957,0.9882,0.9862,-1.0,-1.0,-1.0,-1.0,-1.0,1.0,-999,-999,10705.0,8741.15,104.192,166.185,1.98089,51.2609,0.34851,-999,-999,-999,-999,-999,12763793,59513933
27764,8.5814,Dummy,-3.254,13.76,-2.738,10.12,HMSDIS,0.16,1.6,-999,-999,35487.558,47.308,35526.501,47.36,35635.119,47.505,109596.69,146.102,35697.998,47.588,0.9995,0.9966,-999,-999,-1.0,-1.0,-1.0,17.0,-1.0,-1.0,-999,-999,-999,-999,-999,152.245,0.270014,-999,-999,-999,-999,-999,-999,-999,8496807,39573113
27765,8.5814,Dummy,-3.254,13.76,-2.738,8.26,PI-SIDIS,0.16,1.6,0.51,0.1,10.655,47.191,10.655,47.191,10.693,47.362,32.89,145.672,10.715,47.46,0.9993,0.9964,0.9848,0.9824,-1.0,-1.0,-1.0,-1.0,-1.0,1.0,-999,-999,2535.0,1724.77,50.964,164.988,4.8751,51.3919,0.345424,-999,-999,-999,-999,-999,2548910,25368259
27766,8.5814,Dummy,-3.254,13.76,-2.738,8.26,PI-SIDIS,0.16,1.6,0.51,0.1,43.776,49.66,43.775,49.659,43.993,49.906,133.337,151.259,44.077,50.002,0.9994,0.9961,0.9859,0.9825,-1.0,-1.0,-1.0,-1.0,-1.0,1.0,-999,-999,10425.0,7096.15,103.349,165.183,2.40574,51.2254,0.359184,-999,-999,-999,-999,-999,10469118,104293379
27767,8.5814,LH2,-3.254,13.76,-2.738,8.26,PI-SIDIS,0.16,1.6,0.51,0.1,46.083,23.86,46.068,23.853,46.31,23.977,260.964,135.117,46.387,24.017,0.9993,0.9965,0.9842,0.9812,-1.0,-1.0,-1.0,-1.0,-1.0,1.0,-999,-999,32195.0,21157.0,181.78,468.836,4.02823,51.2207,0.366135,-999,-999,-999,-999,-999,27892718,279543301
27768,8.5814,LH2,-3.254,13.76,-2.738,8.26,PI-SIDIS,0.16,1.6,0.51,0.1,36.465,23.939,36.467,23.94,36.671,24.074,206.637,135.653,36.728,24.111,0.9993,0.9968,0.9843,0.9806,-1.0,-1.0,-1.0,-1.0,-1.0,1.0,-999,-999,25584.0,16770.3,162.055,469.746,4.53927,51.2231,0.366819,-999,-999,-999,-999,-999,22075153,221202086
27769,8.5814,LH2,-3.254,13.76,2.738,8.26,PI+SIDIS,0.16,1.6,0.51,0.1,39.746,17.796,39.691,17.772,40.064,17.938,226.062,101.219,40.114,17.961,0.9994,0.9965,0.9809,0.9806,-1.0,-1.0,-1.0,-1.0,-1.0,1.0,-999,-999,40047.0,30622.5,201.921,787.799,5.19464,51.2278,0.372729,-999,-999,-999,-999,-999,24240054,77378817
27770,8.5814,LH2,-3.254,13.76,2.738,8.26,PI+SIDIS,0.16,1.6,0.51,0.1,43.303,18.005,43.272,17.992,43.679,18.161,246.43,102.463,43.735,18.185,0.9995,0.9966,0.981,0.9807,-1.0,-1.0,-1.0,-1.0,-1.0,1.0,-999,-999,43460.0,33143.6,210.365,781.937,4.96302,51.2242,0.368039,-999,-999,-999,-999,-999,26399275,84216869
27771,8.5814,Dummy,-3.254,13.76,2.738,8.26,PI+SIDIS,0.16,1.6,0.51,0.1,118.878,44.378,118.915,44.392,119.685,44.679,402.657,150.315,119.936,44.773,0.9994,0.9959,0.9818,0.9812,-1.0,-1.0,-1.0,-1.0,-1.0,1.0,-999,-999,35735.0,26318.0,190.943,225.805,1.63827,51.2288,0.364917,-999,-999,-999,-999,-999,28483778,67831908
27772,8.5814,LH2,-3.254,13.76,4.929,10.13,PI+SIDIS,0.16,1.6,0.93,2.0,105.508,39.274,105.463,39.258,105.506,39.274,400.818,149.201,105.689,39.342,0.9991,0.9961,0.9897,0.9857,-1.0,-1.0,-1.0,-1.0,-1.0,1.0,-999,-999,80373.0,77159.1,283.937,743.135,2.73466,51.2145,0.484872,-999,-999,-999,-999,-999,63642913,48086218
27773,8.5814,Dummy,-3.254,13.76,4.929,10.13,PI+SIDIS,0.16,1.6,0.93,2.0,21.345,35.583,21.308,35.521,21.359,35.606,83.269,138.814,21.392,35.661,0.999,0.9955,0.9881,0.9883,-1.0,-1.0,-1.0,-1.0,-1.0,1.0,-999,-999,3705.0,3642.23,60.9084,173.139,2.89538,51.2245,0.483911,-999,-999,-999,-999,-999,5124625,2286188
27774,8.5814,LH2,-3.254,13.76,2.738,10.13,PI+SIDIS,0.16,1.6,0.51,2.0,7.82,19.85,7.812,19.829,7.858,19.946,44.327,112.516,7.871,19.978,0.9994,0.9969,0.9857,0.9834,-1.0,-1.0,-1.0,-1.0,-1.0,1.0,-999,-999,7377.0,6064.46,86.4752,790.321,11.2695,51.2194,0.505615,-999,-999,-999,-999,-999,4753502,8552636
27775,8.5814,LH2,-3.254,13.76,2.738,10.13,PI+SIDIS,0.16,1.6,0.51,2.0,4.528,20.019,4.52,19.984,4.564,20.178,25.738,113.798,4.569,20.203,0.9995,0.9965,0.9832,0.9829,-1.0,-1.0,-1.0,-1.0,-1.0,1.0,-999,-999,4192.0,3425.46,65.1994,771.818,14.6906,51.1686,0.374925,-999,-999,-999,-999,-999,2754866,4973516
27776,8.5814,LH2,-3.254,13.76,2.738,10.13,PI+SIDIS,0.16,1.6,0.51,2.0,41.91,24.937,41.904,24.934,42.343,25.195,238.568,141.952,42.393,25.225,0.9993,0.9963,0.9811,0.981,-1.0,-1.0,-1.0,-1.0,-1.0,1.0,-999,-999,40310.0,31635.7,202.428,770.916,4.93289,51.0338,0.4299,-999,-999,-999,-999,-999,25390801,46749367
27777,8.5814,LH2,-3.254,13.76,2.738,10.13,PI+SIDIS,0.16,1.6,0.51,2.0,17.296,24.686,17.289,24.676,17.453,24.91,98.354,140.374,17.465,24.926,0.9992,0.9963,0.9828,0.9812,-1.0,-1.0,-1.0,-1.0,-1.0,1.0,-999,-999,16689.0,13102.4,130.249,773.715,7.69142,51.0787,0.423531,-999,-999,-999,-999,-999,10485005,19224361
27778,8.5814,LH2,-3.254,13.76,2.738,10.13,PI+SIDIS,0.16,1.6,0.51,2.0,43.053,24.948,42.986,24.909,43.128,24.991,243.062,140.844,43.111,24.981,0.9992,0.9974,0.9709,0.9689,-1.0,-1.0,-1.0,-1.0,1.0,-1.0,-999,-999,40586.0,31822.6,203.126,786.935,5.02306,51.1184,0.404875,-999,-999,-999,-999,-999,26081912,47517877
27779,8.5814,LH2,-3.254,13.76,2.738,10.13,HMSDIS,0.16,1.6,-999,-999,22117.571,25.107,22079.951,25.065,22144.749,25.138,124784.701,141.652,22178.383,25.176,0.9993,0.9967,-999,-999,-1.0,-1.0,-1.0,17.0,-1.0,-1.0,-999,-999,-999,-999,-999,386.615,0.545889,-999,-999,-999,-999,-999,-999,-999,13406997,24364394
27780,8.5814,LH2,-3.254,13.76,2.738,10.13,HMSDIS,0.16,1.6,-999,-999,21244.136,24.95,21214.733,24.915,21322.259,25.042,120186.807,141.152,21370.099,25.098,0.9993,0.9976,-999,-999,-1.0,-1.0,33.0,-1.0,-1.0,-1.0,-999,-999,-999,-999,-999,387.398,0.776855,-999,-999,-999,-999,-999,-999,-999,12875514,23433662
27783,8.5814,Dummy,-3.254,13.76,2.738,10.13,PI+SIDIS,0.16,1.6,0.51,2.0,88.96,49.954,88.918,49.93,89.022,49.989,270.131,151.688,89.101,50.033,0.9994,0.9961,0.9845,0.9843,-1.0,-1.0,-1.0,-1.0,-1.0,1.0,-999,-999,24137.0,20092.6,156.359,229.795,1.78824,51.0361,0.433383,-999,-999,-999,-999,-999,21320710,24522492
27786,8.5814,Dummy,-3.254,13.76,2.738,10.13,HMSDIS,0.16,1.6,-999,-999,40525.487,49.51,40521.483,49.505,40690.706,49.712,123543.785,150.933,40807.533,49.854,0.9994,0.9963,-999,-999,-1.0,-1.0,-1.0,3.0,-1.0,-1.0,-999,-999,-999,-999,-999,152.654,0.108336,-999,-999,-999,-999,-999,-999,-999,9710063,11192762
27787,8.5814,LH2,-3.254,16.125,4.978,11.415,PI+SIDIS,0.22,2.2,0.93,2.0,125.838,57.146,126.0,57.22,127.234,57.78,325.884,147.992,127.505,57.903,0.9993,0.9954,0.9891,0.9861,-1.0,-1.0,-1.0,-1.0,-1.0,1.0,-999,-999,42901.0,41642.7,207.359,335.453,1.67038,50.9557,0.460889,-999,-999,-999,-999,-999,36543085,29186664
27788,8.5814,Dummy,-3.254,16.125,4.978,11.415,PI+SIDIS,0.22,2.2,0.93,2.0,31.986,50.252,31.976,50.235,32.271,50.699,96.967,152.339,32.336,50.8,0.9996,0.9943,0.9935,0.9877,-1.0,-1.0,-1.0,-1.0,-1.0,1.0,-999,-999,2211.0,2184.15,47.0432,69.1866,1.49017,51.0595,0.428176,-999,-999,-999,-999,-999,3600228,1829697
27789,8.5814,LH2,-3.254,16.125,2.766,11.415,PI+SIDIS,0.22,2.2,0.52,2.0,42.553,30.018,42.471,29.96,42.825,30.209,215.023,151.682,42.896,30.26,0.9995,0.9959,0.9813,0.984,-1.0,-1.0,-1.0,-1.0,-1.0,1.0,-999,-999,20090.0,16510.5,142.707,395.441,3.41795,51.0028,0.453854,-999,-999,-999,-999,-999,12393247,32062853
27790,8.5814,LH2,-3.254,16.125,2.766,11.415,PI+SIDIS,0.22,2.2,0.52,2.0,48.029,29.576,47.964,29.536,48.361,29.781,243.385,149.876,48.422,29.818,0.9995,0.9958,0.9841,0.9838,-1.0,-1.0,-1.0,-1.0,-1.0,1.0,-999,-999,22883.0,18927.5,152.274,401.47,3.22988,51.0093,0.442795,-999,-999,-999,-999,-999,13998253,36123122
27791,8.5814,LH2,-3.254,16.125,2.766,11.415,PI+SIDIS,0.22,2.2,0.52,2.0,54.069,30.024,54.024,30.0,54.423,30.221,273.15,151.681,54.483,30.255,0.9994,0.9976,0.9731,0.9734,-1.0,-1.0,-1.0,-1.0,1.0,-1.0,-999,-999,25543.0,20971.5,160.918,399.662,3.06668,51.0289,0.398501,-999,-999,-999,-999,-999,15753189,40552038
27792,8.5814,LH2,-3.254,16.125,2.766,11.415,HMSDIS,0.22,2.2,-999,-999,13926.451,28.958,13917.841,28.94,14015.47,29.143,70398.798,146.382,14031.02,29.175,0.9995,0.9962,-999,-999,-1.0,-1.0,-1.0,5.0,-1.0,-1.0,-999,-999,-999,-999,-999,186.558,0.259091,-999,-999,-999,-999,-999,-999,-999,4061991,10439773
27793,8.5814,LH2,-3.254,16.125,2.766,11.415,HMSDIS,0.22,2.2,-999,-999,5615.449,29.372,5612.227,29.355,5648.278,29.543,28353.881,148.306,5653.137,29.569,0.9994,0.9968,-999,-999,-1.0,-1.0,-1.0,5.0,-1.0,-1.0,-999,-999,-999,-999,-999,186.623,0.408094,-999,-999,-999,-999,-999,-999,-999,1637685,4213379
27794,8.5814,LH2,-3.254,16.125,2.766,11.415,HMSDIS,0.22,2.2,-999,-999,27153.005,29.978,27138.103,29.962,27283.649,30.122,136904.304,151.149,27319.633,30.162,0.9995,0.9964,-999,-999,-1.0,-1.0,-1.0,5.0,-1.0,-1.0,-999,-999,-999,-999,-999,186.421,0.185477,-999,-999,-999,-999,-999,-999,-999,7914270,20360526
27795,8.5814,LH2,-3.254,16.125,2.766,11.415,HMSDIS,0.22,2.2,-999,-999,26473.165,29.67,26441.63,29.635,26573.651,29.783,133669.37,149.811,26604.969,29.818,0.9995,0.9978,-999,-999,-1.0,-1.0,17.0,-1.0,-1.0,-1.0,-999,-999,-999,-999,-999,187.414,0.347361,-999,-999,-999,-999,-999,-999,-999,7719685,19822119
27796,8.5814,Dummy,-3.254,16.125,2.766,11.415,PI+SIDIS,0.22,2.2,0.52,2.0,89.132,49.674,89.051,49.629,89.494,49.875,271.103,151.088,89.615,49.943,0.9996,0.9956,0.9861,0.9864,-1.0,-1.0,-1.0,-1.0,-1.0,1.0,-999,-999,11157.0,9870.46,106.094,112.424,1.2084,51.1731,0.389082,-999,-999,-999,-999,-999,10015278,16231142
27798,8.5814,Dummy,-3.254,16.125,2.766,11.415,HMSDIS,0.22,2.2,-999,-999,53602.889,50.067,53589.768,50.055,53711.582,50.168,163033.243,152.278,53787.822,50.24,0.9996,0.9962,-999,-999,-1.0,-1.0,-1.0,3.0,-1.0,-1.0,-999,-999,-999,-999,-999,71.9883,0.0635318,-999,-999,-999,-999,-999,-999,-999,6026185,9803783
27799,8.5814,LH2,-3.254,16.125,2.766,8.405,PI+SIDIS,0.22,2.2,0.52,-1.0,34.743,19.015,34.724,19.004,34.773,19.031,196.247,107.405,34.8,19.046,0.9995,0.9963,0.9829,0.9844,-1.0,-1.0,-1.0,-1.0,-1.0,1.0,-999,-999,17305.0,13217.5,132.738,386.979,3.88629,51.2544,0.366223,-999,-999,-999,-999,-999,10218888,66343271
27800,8.5814,LH2,-3.254,16.125,2.766,8.405,PI+SIDIS,0.22,2.2,0.52,-1.0,33.052,18.922,33.042,18.916,33.039,18.914,186.491,106.763,33.059,18.925,0.9996,0.9958,0.9817,0.9843,-1.0,-1.0,-1.0,-1.0,-1.0,1.0,-999,-999,16607.0,12766.2,130.009,392.802,4.00024,51.2763,0.360685,-999,-999,-999,-999,-999,9720219,63003482
27801,8.5814,LH2,-3.254,16.125,2.766,8.405,PI+SIDIS,0.22,2.2,0.52,-1.0,34.877,18.936,34.863,18.928,34.815,18.903,196.505,106.69,34.833,18.912,0.9996,0.9963,0.9833,0.9844,-1.0,-1.0,-1.0,-1.0,-1.0,1.0,-999,-999,17772.0,13694.1,134.483,399.296,3.9213,51.2705,0.360113,-999,-999,-999,-999,-999,10262157,66443959
27802,8.5814,Dummy,-3.254,16.125,2.766,8.405,PI+SIDIS,0.22,2.2,0.52,-1.0,50.7,38.185,50.607,38.115,50.315,37.895,194.371,146.39,50.365,37.932,0.9996,0.9961,0.9856,0.9863,-1.0,-1.0,-1.0,-1.0,-1.0,1.0,-999,-999,7096.0,5532.23,84.9487,110.9,1.7029,51.2351,0.361157,-999,-999,-999,-999,-999,5704148,27353823
27803,8.5814,LH2,-3.254,16.125,-2.766,8.405,PI-SIDIS,0.22,2.2,0.52,-1.0,45.907,25.933,45.846,25.899,45.781,25.862,258.047,145.773,45.849,25.901,0.9995,0.9962,0.9852,0.9834,-1.0,-1.0,-1.0,-1.0,-1.0,1.0,-999,-999,15386.0,9902.62,125.729,219.846,2.79128,51.1557,0.387594,-999,-999,-999,-999,-999,13402972,264610099
27804,8.5814,LH2,-3.254,16.125,-2.766,8.405,PI-SIDIS,0.22,2.2,0.52,-1.0,48.406,25.662,48.33,25.622,48.315,25.614,272.314,144.367,48.377,25.647,0.9995,0.9964,0.9856,0.9833,-1.0,-1.0,-1.0,-1.0,-1.0,1.0,-999,-999,16271.0,10476.3,129.293,220.647,2.72311,51.1905,0.522193,-999,-999,-999,-999,-999,14133302,278780381
27805,8.5814,LH2,-3.254,16.125,-2.766,8.405,PI-SIDIS,0.22,2.2,0.52,-1.0,49.732,26.084,49.678,26.056,49.678,26.056,279.981,146.85,49.748,26.093,0.9995,0.996,0.9854,0.9829,-1.0,-1.0,-1.0,-1.0,-1.0,1.0,-999,-999,16973.0,11050.5,132.017,226.522,2.70621,51.1269,0.5214,-999,-999,-999,-999,-999,14512788,286452456
27806,8.5814,Dummy,-3.254,16.125,-2.766,8.405,PI-SIDIS,0.22,2.2,0.52,-1.0,67.636,48.538,67.688,48.576,67.776,48.639,207.003,148.553,67.898,48.726,0.9996,0.9962,0.9876,0.9843,-1.0,-1.0,-1.0,-1.0,-1.0,1.0,-999,-999,7419.0,5142.54,87.1442,77.2325,1.30876,51.2332,0.501214,-999,-999,-999,-999,-999,7599053,152983260
27807,8.5814,LH2,-3.254,16.125,-2.766,11.395,PI-SIDIS,0.22,2.2,0.52,2.0,52.41,47.84,52.464,47.89,52.543,47.962,161.458,147.381,52.655,48.064,0.9994,0.9962,0.9866,0.9853,-1.0,-1.0,-1.0,-1.0,-1.0,1.0,-999,-999,15786.0,11129.4,127.06,215.568,2.46106,51.1907,0.501015,-999,-999,-999,-999,-999,15213459,97201981
27809,8.5814,LH2,-3.254,16.125,-2.766,11.395,PI-SIDIS,0.22,2.2,0.52,2.0,34.546,52.209,34.558,52.228,34.722,52.475,93.165,140.8,34.777,52.559,0.9993,0.9962,0.9854,0.9838,-1.0,-1.0,-1.0,-1.0,-1.0,1.0,-999,-999,10983.0,7451.46,106.088,219.566,3.12601,51.1937,0.520983,-999,-999,-999,-999,-999,10027899,64165920
27810,8.5814,LH2,-3.254,16.125,-2.766,11.395,PI-SIDIS,0.22,2.2,0.52,2.0,33.004,38.521,32.956,38.465,33.017,38.536,126.337,147.454,33.077,38.606,0.9994,0.9958,0.9889,0.9866,-1.0,-1.0,-1.0,-1.0,-1.0,1.0,-999,-999,9648.0,7264.77,99.153,223.652,3.05251,51.1694,0.51769,-999,-999,-999,-999,-999,9587247,60760782
27811,8.5814,LH2,-3.254,16.125,-2.766,11.395,PI-SIDIS,0.22,2.2,0.52,2.0,42.301,29.681,42.239,29.637,42.343,29.71,214.062,150.197,42.403,29.752,0.9994,0.9962,0.988,0.9873,-1.0,-1.0,-1.0,-1.0,-1.0,1.0,-999,-999,11577.0,9214.54,108.438,221.133,2.60231,51.2098,0.49378,-999,-999,-999,-999,-999,12319990,77623180
27812,8.5814,LH2,-3.254,16.125,-2.766,11.395,PI-SIDIS,0.22,2.2,0.52,2.0,32.323,19.714,32.297,19.699,32.467,19.802,183.195,111.733,32.497,19.82,0.9995,0.996,0.9892,0.9881,-1.0,-1.0,-1.0,-1.0,-1.0,1.0,-999,-999,8301.0,7068.62,91.6286,221.63,2.87294,51.2321,0.506349,-999,-999,-999,-999,-999,9482587,59324446
27813,8.5814,LH2,-3.254,16.125,-2.766,11.395,PI-SIDIS,0.22,2.2,0.52,2.0,18.174,9.794,18.201,9.809,18.452,9.944,104.606,56.375,18.451,9.944,0.9997,0.9962,0.9925,0.9879,-1.0,-1.0,-1.0,-1.0,-1.0,1.0,-999,-999,4466.0,4099.23,67.0389,228.055,3.72961,51.2337,0.512858,-999,-999,-999,-999,-999,5435321,33655151
27814,8.5814,LH2,-3.254,16.125,-2.766,11.395,PI-SIDIS,0.22,2.2,0.52,2.0,46.193,56.767,46.272,56.864,46.529,57.18,120.468,148.046,46.608,57.277,0.9993,0.9958,0.9853,0.9837,-1.0,-1.0,-1.0,-1.0,-1.0,1.0,-999,-999,14605.0,9796.31,122.372,215.592,2.6931,51.2378,0.509447,-999,-999,-999,-999,-999,13401720,86105197
27815,8.5814,LH2,-3.254,16.125,-2.766,11.395,PI-SIDIS,0.22,2.2,0.52,2.0,48.66,47.684,48.684,47.707,48.91,47.929,150.598,147.578,48.982,47.999,0.9994,0.996,0.9864,0.9847,-1.0,-1.0,-1.0,-1.0,-1.0,1.0,-999,-999,14576.0,10262.1,122.098,214.325,2.55003,51.2248,0.496781,-999,-999,-999,-999,-999,14119423,90172677
27816,8.5814,LH2,-3.254,16.125,-2.766,11.395,PI-SIDIS,0.22,2.2,0.52,2.0,39.648,38.153,39.589,38.097,39.725,38.227,152.155,146.417,39.79,38.29,0.9994,0.9956,0.9876,0.9857,-1.0,-1.0,-1.0,-1.0,-1.0,1.0,-999,-999,11371.0,8505.31,107.664,218.175,2.76174,51.147,0.509581,-999,-999,-999,-999,-999,11509903,73048961
27817,8.5814,LH2,-3.254,16.125,-2.766,11.395,PI-SIDIS,0.22,2.2,0.52,2.0,42.623,29.956,42.553,29.906,42.722,30.025,215.333,151.337,42.778,30.064,0.9995,0.9959,0.9888,0.9861,-1.0,-1.0,-1.0,-1.0,-1.0,1.0,-999,-999,11798.0,9396.23,109.466,224.084,2.61057,51.0614,0.466732,-999,-999,-999,-999,-999,12415022,78246245
27818,8.5814,LH2,-3.254,16.125,-2.766,11.395,PI-SIDIS,0.22,2.2,0.52,2.0,2.045,17.949,2.042,17.93,2.059,18.079,11.621,102.018,2.06,18.083,0.9997,0.9971,0.9886,0.9882,-1.0,-1.0,-1.0,-1.0,-1.0,1.0,-999,-999,515.0,434.538,22.8296,215.421,11.3177,51.033,0.478857,-999,-999,-999,-999,-999,600691,3752909
27819,8.5814,LH2,-3.254,16.125,-2.766,11.395,PI-SIDIS,0.22,2.2,0.52,2.0,34.596,19.861,34.572,19.848,34.813,19.986,196.406,112.754,34.851,20.008,0.9995,0.9956,0.9907,0.9886,-1.0,-1.0,-1.0,-1.0,-1.0,1.0,-999,-999,9062.0,7735.08,95.7292,226.451,2.80255,51.0674,0.477307,-999,-999,-999,-999,-999,10145189,63683439
27820,8.5814,LH2,-3.254,16.125,-2.766,11.395,PI-SIDIS,0.22,2.2,0.52,2.0,22.375,9.814,22.409,9.829,22.772,9.988,129.076,56.617,22.768,9.987,0.9994,0.9955,0.991,0.9882,-1.0,-1.0,-1.0,-1.0,-1.0,1.0,-999,-999,5755.0,5298.31,76.0929,239.407,3.4383,51.0638,0.465861,-999,-999,-999,-999,-999,6682826,41476681
27821,8.5814,LH2,-3.254,16.125,-2.766,11.395,PI-SIDIS,0.22,2.2,0.52,2.0,81.956,58.002,82.086,58.094,82.749,58.563,211.245,149.502,82.889,58.662,0.9992,0.996,0.9845,0.9833,-1.0,-1.0,-1.0,-1.0,-1.0,1.0,-999,-999,25847.0,17246.1,162.815,214.065,2.02092,50.9824,0.483065,-999,-999,-999,-999,-999,23786658,152939479
27822,8.5814,LH2,-3.254,16.125,-2.766,11.395,PI-SIDIS,0.22,2.2,0.52,2.0,96.647,58.756,96.699,58.788,97.56,59.311,247.239,150.309,97.725,59.412,0.9993,0.9959,0.9853,0.9829,-1.0,-1.0,-1.0,-1.0,-1.0,1.0,-999,-999,30786.0,20654.5,177.666,217.688,1.87251,51.1152,0.521567,-999,-999,-999,-999,-999,28027589,179832535
27823,8.5814,LH2,-3.254,16.125,-2.766,11.395,PI-SIDIS,0.22,2.2,0.52,2.0,98.766,59.7,98.787,59.714,99.735,60.287,250.631,151.498,99.888,60.379,0.9992,0.9973,0.974,0.9699,-1.0,-1.0,-1.0,-1.0,1.0,-1.0,-999,-999,30619.0,20377.2,177.22,219.402,1.90813,51.144,0.519613,-999,-999,-999,-999,-999,28640789,183655481
27824,8.5814,LH2,-3.254,16.125,-2.766,11.395,HMSDIS,0.22,2.2,-999,-999,46828.245,58.138,46852.864,58.168,47322.288,58.751,120396.587,149.473,47390.034,58.835,0.9993,0.9958,-999,-999,-1.0,-1.0,-1.0,9.0,-1.0,-1.0,-999,-999,-999,-999,-999,185.305,0.188849,-999,-999,-999,-999,-999,-999,-999,13585277,87114742
27825,8.5814,Dummy,-3.254,16.125,-2.766,11.395,PI-SIDIS,0.22,2.2,0.52,2.0,73.497,48.374,73.526,48.393,74.164,48.813,226.05,148.781,74.281,48.89,0.9995,0.9959,0.9899,0.9876,-1.0,-1.0,-1.0,-1.0,-1.0,1.0,-999,-999,6336.0,5537.85,79.9837,76.3079,1.10212,51.1717,0.469224,-999,-999,-999,-999,-999,8249644,52272711
27826,8.5814,Dummy,-3.254,16.125,-2.766,11.395,HMSDIS,0.22,2.2,-999,-999,40411.989,48.432,40443.427,48.47,40615.036,48.676,124101.748,148.732,40609.602,48.669,0.9996,0.9959,-999,-999,-1.0,-1.0,-1.0,3.0,-1.0,-1.0,-999,-999,-999,-999,-999,71.836,0.0730543,-999,-999,-999,-999,-999,-999,-999,4538649,28757105
27827,8.5814,Dummy,-3.254,16.125,-2.766,11.395,PI-SIDIS,0.22,2.2,0.52,2.0,44.292,50.256,44.335,50.305,44.349,50.321,134.261,152.341,44.331,50.301,0.9996,0.9964,0.991,0.9872,-1.0,-1.0,-1.0,-1.0,-1.0,1.0,-999,-999,3828.0,3342.62,62.1718,76.4078,1.42117,51.1978,0.466892,-999,-999,-999,-999,-999,4967855,31495798
27828,8.5814,LH2,-3.254,19.175,-2.806,12.98,PI-SIDIS,0.31,3.1,0.53,2.0,92.362,57.402,92.427,57.442,92.842,57.7,239.131,148.616,93.092,57.855,0.9995,0.9952,0.9873,0.9847,-1.0,-1.0,-1.0,-1.0,-1.0,1.0,-999,-999,9955.0,7712.15,100.636,84.7933,1.10646,51.1188,0.464098,-999,-999,-999,-999,-999,10820778,100774767
27829,8.5814,LH2,-3.254,19.175,-2.806,12.98,PI-SIDIS,0.31,3.1,0.53,2.0,97.476,58.388,97.491,58.397,98.185,58.813,249.961,149.727,98.411,58.948,0.9995,0.9943,0.9873,0.985,-1.0,-1.0,-1.0,-1.0,-1.0,1.0,-999,-999,10348.0,7975.62,102.618,83.1086,1.06932,51.167,0.502198,-999,-999,-999,-999,-999,11412807,106270317
27830,8.5814,LH2,-3.254,19.175,-2.806,12.98,PI-SIDIS,0.31,3.1,0.53,2.0,105.692,58.428,105.749,58.459,106.558,58.907,270.806,149.705,106.753,59.015,0.9995,0.9944,0.987,0.9841,-1.0,-1.0,-1.0,-1.0,-1.0,1.0,-999,-999,11286.0,8709.15,107.164,83.7448,1.03046,51.1952,0.502247,-999,-999,-999,-999,-999,12376426,115217591
27831,8.5814,LH2,-3.254,19.175,-2.806,12.98,PI-SIDIS,0.31,3.1,0.53,2.0,90.391,57.402,90.49,57.464,91.135,57.874,234.624,148.995,91.292,57.974,0.9995,0.9944,0.9882,0.9846,-1.0,-1.0,-1.0,-1.0,-1.0,1.0,-999,-999,9603.0,7420.08,98.8479,83.3376,1.1102,51.1469,0.473137,-999,-999,-999,-999,-999,10587220,98591736
27832,8.5814,LH2,-3.254,19.175,-2.806,12.98,PI-SIDIS,0.31,3.1,0.53,2.0,101.755,58.524,101.906,58.611,102.549,58.98,260.691,149.935,102.699,59.066,0.9996,0.995,0.9871,0.9838,-1.0,-1.0,-1.0,-1.0,-1.0,1.0,-999,-999,10896.0,8406.15,105.297,83.8948,1.05088,51.1934,0.50232,-999,-999,-999,-999,-999,11924250,111024385
27833,8.5814,LH2,-3.254,19.175,-2.806,12.98,PI-SIDIS,0.31,3.1,0.53,2.0,73.296,59.145,73.408,59.236,73.79,59.544,186.889,150.808,73.906,59.638,0.9995,0.9945,0.9864,0.9846,-1.0,-1.0,-1.0,-1.0,-1.0,1.0,-999,-999,7860.0,6051.54,89.4378,83.7832,1.23826,51.2152,0.501835,-999,-999,-999,-999,-999,8593301,79932965
27834,8.5814,LH2,-3.254,19.175,-2.806,12.98,PI-SIDIS,0.31,3.1,0.53,2.0,103.592,59.911,103.643,59.941,104.12,60.217,262.307,151.702,104.274,60.306,0.9995,0.9967,0.9791,0.9752,-1.0,-1.0,-1.0,-1.0,1.0,-1.0,-999,-999,11267.0,8704.54,107.071,86.2078,1.0604,51.109,0.478346,-999,-999,-999,-999,-999,12139222,112838142
27835,8.5814,LH2,-3.254,19.175,-2.806,12.98,HMSDIS,0.31,3.1,-999,-999,44104.504,57.721,44102.528,57.718,44281.685,57.953,113175.436,148.116,44330.666,58.017,0.9995,0.994,-999,-999,-1.0,-1.0,-1.0,5.0,-1.0,-1.0,-999,-999,-999,-999,-999,75.4323,0.0925373,-999,-999,-999,-999,-999,-999,-999,5168911,48046729
27836,8.5814,Dummy,-3.254,19.175,-2.806,12.98,PI-SIDIS,0.31,3.1,0.53,2.0,85.366,49.466,85.337,49.449,85.428,49.501,259.904,150.602,85.552,49.574,0.9997,0.9957,0.9892,0.9847,-1.0,-1.0,-1.0,-1.0,-1.0,1.0,-999,-999,2527.0,2323.85,50.4245,27.6632,0.600256,51.2217,0.44484,-999,-999,-999,-999,-999,3653409,36209574
27837,8.5814,Dummy,-3.254,19.175,-2.806,12.98,PI-SIDIS,0.31,3.1,0.53,2.0,75.009,44.393,75.024,44.402,75.04,44.412,236.224,139.806,75.124,44.461,0.9998,0.9953,0.9888,0.9868,-1.0,-1.0,-1.0,-1.0,-1.0,1.0,-999,-999,2363.0,2189.69,48.7476,29.5833,0.658593,51.1455,0.454899,-999,-999,-999,-999,-999,3214981,31849680
27838,8.5814,Dummy,-3.254,19.175,-2.806,12.98,PI-SIDIS,0.31,3.1,0.53,2.0,26.538,44.544,26.552,44.566,26.518,44.51,86.648,145.436,26.55,44.563,0.9997,0.9957,0.987,0.9905,-1.0,-1.0,-1.0,-1.0,-1.0,1.0,-999,-999,748.0,686.769,27.4356,26.121,1.0435,51.1452,0.46128,-999,-999,-999,-999,-999,1136361,11279903
27839,8.5814,Dummy,-3.254,19.175,-2.806,12.98,PI-SIDIS,0.31,3.1,0.53,2.0,88.353,49.37,88.417,49.406,88.206,49.288,269.276,150.467,88.322,49.353,0.9997,0.9942,0.9875,0.9876,-1.0,-1.0,-1.0,-1.0,-1.0,1.0,-999,-999,2740.0,2526.85,52.5014,28.9474,0.601452,51.1223,0.463703,-999,-999,-999,-999,-999,3781285,37574972
27840,8.5814,Dummy,-3.254,19.175,-2.806,12.98,HMSDIS,0.31,3.1,-999,-999,48318.938,48.769,48347.013,48.797,48192.843,48.641,148193.34,149.573,48257.462,48.707,0.9997,0.9954,-999,-999,-1.0,-1.0,-1.0,1.0,-1.0,-1.0,-999,-999,-999,-999,-999,27.4468,0.0238809,-999,-999,-999,-999,-999,-999,-999,2066966,20534772
27841,8.5814,LH2,-3.254,19.175,5.051,12.98,PI+SIDIS,0.31,3.1,0.95,2.0,163.801,59.156,163.87,59.18,163.667,59.107,417.408,150.744,163.92,59.199,0.9996,0.992,0.9895,0.986,-1.0,-1.0,-1.0,-1.0,-1.0,1.0,-999,-999,20729.0,20499.4,144.037,126.928,0.89185,51.0438,0.484805,-999,-999,-999,-999,-999,19200307,15174545
27842,8.5814,Dummy,-3.254,19.175,5.051,12.98,PI+SIDIS,0.31,3.1,0.95,2.0,14.58,26.61,14.578,26.608,14.571,26.594,63.335,115.596,14.589,26.627,1.0,1.0,0.9808,0.9859,-1.0,-1.0,-1.0,-1.0,-1.0,1.0,-999,-999,354.0,352.154,18.8187,24.502,1.30936,51.0866,0.495483,-999,-999,-999,-999,-999,631583,366778
27843,8.5814,Dummy,-3.254,19.175,5.051,12.98,PI+SIDIS,0.31,3.1,0.95,2.0,35.023,39.838,35.045,39.862,35.052,39.871,120.176,136.697,35.123,39.952,1.0,0.9946,0.9903,0.9842,-1.0,-1.0,-1.0,-1.0,-1.0,1.0,-999,-999,871.0,867.154,29.5177,25.1412,0.855802,50.9794,0.463507,-999,-999,-999,-999,-999,1503533,884905
27844,8.5814,LH2,-3.254,19.175,2.806,12.98,PI+SIDIS,0.31,3.1,0.53,2.0,77.183,49.915,77.247,49.957,77.376,50.04,232.308,150.237,77.549,50.152,0.9996,0.9945,0.9821,0.9814,-1.0,-1.0,-1.0,-1.0,-1.0,1.0,-999,-999,15352.0,12679.8,124.73,167.373,1.64642,51.1623,0.520673,-999,-999,-999,-999,-999,9059357,37016270
27845,8.5814,LH2,-3.254,19.175,2.806,12.98,PI+SIDIS,0.31,3.1,0.53,2.0,84.829,49.681,84.812,49.671,85.074,49.825,255.26,149.497,85.241,49.922,0.9996,0.9947,0.9815,0.9815,-1.0,-1.0,-1.0,-1.0,-1.0,1.0,-999,-999,17050.0,14124.1,131.435,169.787,1.57999,51.1991,0.514746,-999,-999,-999,-999,-999,9962352,40508852
27846,8.5814,LH2,-3.254,19.175,2.806,12.98,PI+SIDIS,0.31,3.1,0.53,2.0,79.602,49.656,79.578,49.64,79.903,49.843,239.523,149.414,80.041,49.93,0.9995,0.9945,0.9825,0.9815,-1.0,-1.0,-1.0,-1.0,-1.0,1.0,-999,-999,15875.0,13156.8,126.823,168.581,1.625,51.1538,0.518437,-999,-999,-999,-999,-999,9339067,37949046
27847,8.5814,LD2,-3.254,19.175,2.806,12.98,PI+SIDIS,0.31,3.1,0.53,2.0,41.095,28.275,41.069,28.257,41.238,28.374,216.985,149.294,41.3,28.416,0.9995,0.9958,0.983,0.9811,-1.0,-1.0,-1.0,-1.0,-1.0,1.0,-999,-999,14612.0,11690.9,121.806,290.407,3.0257,51.1141,0.537824,-999,-999,-999,-999,-999,8985638,39162164
27848,8.5814,LD2,-3.254,19.175,2.806,12.98,PI+SIDIS,0.31,3.1,0.53,2.0,41.722,27.889,41.714,27.883,41.927,28.026,220.343,147.285,41.988,28.066,0.9995,0.996,0.9836,0.981,-1.0,-1.0,-1.0,-1.0,-1.0,1.0,-999,-999,14424.0,11485.9,121.037,280.919,2.96029,51.0748,0.482926,-999,-999,-999,-999,-999,9122140,39682997
27849,8.5814,LD2,-3.254,19.175,2.806,12.98,PI+SIDIS,0.31,3.1,0.53,2.0,59.59,28.431,59.541,28.407,59.881,28.569,314.099,149.859,59.969,28.611,0.9995,0.9962,0.9819,0.981,-1.0,-1.0,-1.0,-1.0,-1.0,1.0,-999,-999,21030.0,16794.2,146.136,287.775,2.50411,51.0805,0.481891,-999,-999,-999,-999,-999,13034281,56664457
27850,8.5814,LD2,-3.254,19.175,2.806,12.98,HMSDIS,0.31,3.1,-999,-999,26484.261,28.157,26436.95,28.107,26616.789,28.298,139690.09,148.513,26656.398,28.34,0.9996,0.996,-999,-999,-1.0,-1.0,-1.0,5.0,-1.0,-1.0,-999,-999,-999,-999,-999,140.529,0.163125,-999,-999,-999,-999,-999,-999,-999,5783130,25135678
27852,8.5814,Dummy,-3.254,19.175,2.806,12.98,PI+SIDIS,0.31,3.1,0.53,2.0,57.046,51.123,57.033,51.111,57.503,51.533,169.871,152.234,57.607,51.626,0.9997,0.9939,0.9858,0.9845,-1.0,-1.0,-1.0,-1.0,-1.0,1.0,-999,-999,2680.0,2484.23,51.914,44.2573,0.924863,51.2279,0.473939,-999,-999,-999,-999,-999,2443099,6535644
27853,8.5814,Dummy,-3.254,19.175,2.806,12.98,PI+SIDIS,0.31,3.1,0.53,2.0,83.008,49.854,83.052,49.881,83.806,50.334,249.463,149.827,83.954,50.423,0.9996,0.9955,0.9867,0.9841,-1.0,-1.0,-1.0,-1.0,-1.0,1.0,-999,-999,4047.0,3768.62,63.7841,46.1304,0.780761,51.1565,0.466323,-999,-999,-999,-999,-999,3558073,9576082
27854,8.5814,Dummy,-3.254,19.175,2.806,12.98,HMSDIS,0.31,3.1,-999,-999,43706.537,51.214,43739.964,51.253,44146.021,51.729,129872.798,152.18,44227.02,51.824,0.9997,0.9954,-999,-999,-1.0,-1.0,-1.0,2.0,-1.0,-1.0,-999,-999,-999,-999,-999,27.4805,0.0354656,-999,-999,-999,-999,-999,-999,-999,1869466,5048240
27855,8.5814,LH2,-3.254,19.175,2.806,12.98,PI+SIDIS,0.31,3.1,0.53,2.0,82.898,50.545,82.971,50.59,83.769,51.076,247.836,151.112,83.898,51.155,0.9996,0.9969,0.9698,0.9698,-1.0,-1.0,-1.0,-1.0,1.0,-1.0,-999,-999,16621.0,13731.9,129.781,170.861,1.61482,51.0094,0.501252,-999,-999,-999,-999,-999,9725641,39948151
27856,8.5814,LH2,-3.254,19.175,2.806,12.98,HMSDIS,0.31,3.1,-999,-999,41685.333,50.531,41685.649,50.532,41895.452,50.786,124535.222,150.963,41900.606,50.792,0.9996,0.9948,-999,-999,-1.0,-1.0,-1.0,3.0,-1.0,-1.0,-999,-999,-999,-999,-999,75.6203,0.0738295,-999,-999,-999,-999,-999,-999,-999,4890703,19955107
27857,8.5814,LH2,-3.254,19.175,2.806,12.98,HMSDIS,0.31,3.1,-999,-999,45828.382,50.32,45806.23,50.296,45848.46,50.342,137498.355,150.976,45830.677,50.323,0.9996,0.9966,-999,-999,-1.0,-1.0,9.0,-1.0,-1.0,-1.0,-999,-999,-999,-999,-999,75.7566,0.122088,-999,-999,-999,-999,-999,-999,-999,5374442,21830049
27858,8.5814,LH2,-3.254,22.895,5.154,14.79,PI+SIDIS,0.44,4.4,0.97,2.0,146.296,58.583,146.389,58.62,147.375,59.015,371.227,148.655,147.683,59.138,0.9997,0.9859,0.9893,0.9884,-1.0,-1.0,-1.0,-1.0,-1.0,1.0,-999,-999,6062.0,6045.0,77.8672,41.7913,0.538324,51.1144,0.469099,-999,-999,-999,-999,-999,5424908,4037770
27859,8.5814,Dummy,-3.254,22.895,5.154,14.79,PI+SIDIS,0.44,4.4,0.97,2.0,33.132,51.314,33.156,51.353,33.403,51.735,98.36,152.339,33.468,51.835,1.0,0.98,1.0,0.9809,-1.0,-1.0,-1.0,-1.0,-1.0,1.0,-999,-999,223.0,222.692,14.934,6.84728,0.459186,51.1983,0.560775,-999,-999,-999,-999,-999,410168,292974
27860,8.5814,LH2,-3.254,22.895,3.837,14.79,PI+SIDIS,0.44,4.4,0.72,2.0,96.478,58.853,96.61,58.933,97.587,59.529,244.05,148.873,97.739,59.622,0.9997,0.9855,0.99,0.9838,-1.0,-1.0,-1.0,-1.0,-1.0,1.0,-999,-999,5385.0,5253.92,73.4512,55.2965,0.77306,51.2027,0.468182,-999,-999,-999,-999,-999,3575579,16841707
27861,8.5814,LH2,-3.254,22.895,3.837,14.79,PI+SIDIS,0.44,4.4,0.72,2.0,102.498,58.83,102.552,58.861,103.651,59.492,259.262,148.807,103.844,59.602,0.9995,0.9884,0.9902,0.9856,-1.0,-1.0,-1.0,-1.0,-1.0,1.0,-999,-999,5685.0,5543.38,75.4711,54.8731,0.747077,51.2441,0.509647,-999,-999,-999,-999,-999,3798185,17844745
27862,8.5814,LH2,-3.254,22.895,3.837,14.79,PI+SIDIS,0.44,4.4,0.72,2.0,105.113,60.409,105.117,60.412,106.32,61.103,262.801,151.033,106.51,61.212,0.9996,0.9884,0.9842,0.9848,-1.0,-1.0,-1.0,-1.0,-1.0,1.0,-999,-999,5703.0,5556.23,75.5929,53.6959,0.730536,51.2697,0.501226,-999,-999,-999,-999,-999,3893818,18307374
27863,8.5814,LH2,-3.254,22.895,3.837,14.79,PI+SIDIS,0.44,4.4,0.72,2.0,100.263,59.017,100.307,59.043,101.48,59.733,253.795,149.39,101.629,59.821,0.9996,0.9898,0.9896,0.9843,-1.0,-1.0,-1.0,-1.0,-1.0,1.0,-999,-999,5504.0,5362.62,74.2622,54.338,0.75248,51.2397,0.518056,-999,-999,-999,-999,-999,3714173,17463686
27864,8.5814,LH2,-3.254,22.895,3.837,14.79,PI+SIDIS,0.44,4.4,0.72,2.0,101.428,58.478,101.534,58.539,102.482,59.086,257.818,148.644,102.539,59.119,0.9996,0.9893,0.989,0.9822,-1.0,-1.0,-1.0,-1.0,-1.0,1.0,-999,-999,5701.0,5566.69,75.5734,55.8444,0.758143,51.2056,0.461673,-999,-999,-999,-999,-999,3760136,17680006
27865,8.5814,LH2,-3.254,22.895,3.837,14.79,HMSDIS,0.44,4.4,-999,-999,49614.896,59.349,49683.544,59.431,49812.035,59.585,125189.879,149.752,49787.511,59.556,0.9996,0.9904,-999,-999,-1.0,-1.0,-1.0,1.0,-1.0,-1.0,-999,-999,-999,-999,-999,24.0788,0.0220556,-999,-999,-999,-999,-999,-999,-999,1839292,8619665
27867,8.5814,Dummy,-3.254,22.895,3.837,14.79,PI+SIDIS,0.44,4.4,0.72,2.0,102.136,50.95,102.08,50.923,102.968,51.365,304.024,151.662,103.219,51.491,0.9995,0.9873,0.9902,0.983,-1.0,-1.0,-1.0,-1.0,-1.0,1.0,-999,-999,1334.0,1322.0,36.5366,13.1812,0.364293,51.0455,0.467521,-999,-999,-999,-999,-999,1266266,4832475
27868,8.5814,Dummy,-3.254,22.895,3.837,14.79,PI+SIDIS,0.44,4.4,0.72,2.0,52.277,50.742,52.264,50.729,52.788,51.238,155.902,151.324,52.919,51.365,0.9997,0.9836,0.9944,0.9839,-1.0,-1.0,-1.0,-1.0,-1.0,1.0,-999,-999,624.0,618.077,24.9891,12.0232,0.486102,51.0551,0.467688,-999,-999,-999,-999,-999,647119,2469799
27870,8.5814,Dummy,-3.254,22.895,3.837,14.79,HMSDIS,0.44,4.4,-999,-999,46568.527,50.262,46601.057,50.297,46780.064,50.49,141146.298,152.34,46794.37,50.505,0.9997,0.9938,-999,-999,-1.0,-1.0,-1.0,1.0,-1.0,-1.0,-999,-999,-999,-999,-999,7.93712,0.0130571,-999,-999,-999,-999,-999,-999,-999,578050,2207921
27871,8.5814,LH2,-3.254,22.895,3.837,14.79,PI+SIDIS,0.44,4.4,0.72,2.0,104.591,59.021,104.757,59.115,105.197,59.363,267.216,150.79,105.389,59.471,0.9997,0.9854,0.9912,0.9822,-1.0,-1.0,-1.0,-1.0,-1.0,1.0,-999,-999,5789.0,5644.23,76.1586,54.8736,0.74042,51.0174,0.502743,-999,-999,-999,-999,-999,3875517,18277811
27872,8.5814,LH2,-3.254,22.895,3.837,14.79,PI+SIDIS,0.44,4.4,0.72,2.0,93.319,58.211,93.392,58.256,94.178,58.747,239.28,149.259,94.425,58.901,0.9995,0.99,0.9919,0.9819,-1.0,-1.0,-1.0,-1.0,-1.0,1.0,-999,-999,5405.0,5278.92,73.5846,57.5951,0.802837,51.1106,0.492453,-999,-999,-999,-999,-999,3456687,16298588
27873,8.5814,LH2,-3.254,22.895,3.837,14.79,PI+SIDIS,0.44,4.4,0.72,2.0,87.429,58.17,87.428,58.169,88.366,58.793,224.742,149.528,88.589,58.941,0.9995,0.9891,0.9881,0.983,-1.0,-1.0,-1.0,-1.0,-1.0,1.0,-999,-999,4859.0,4742.15,69.771,55.2105,0.812308,51.1391,0.466783,-999,-999,-999,-999,-999,3238441,15232205
27874,8.5814,Dummy,-3.254,22.895,3.837,14.79,PI+SIDIS,0.44,4.4,0.72,2.0,112.093,48.595,112.102,48.599,113.297,49.117,343.581,148.951,113.522,49.215,0.9999,0.986,0.9914,0.9823,-1.0,-1.0,-1.0,-1.0,-1.0,1.0,-999,-999,1407.0,1392.0,37.5254,12.6423,0.340809,51.1319,0.468638,-999,-999,-999,-999,-999,1390366,5296316
27875,8.5814,LD2,-3.254,22.895,2.978,14.79,PI+SIDIS,0.44,4.4,0.56,2.0,22.355,52.662,22.385,52.734,22.66,53.381,60.303,142.059,22.697,53.468,0.9996,0.9934,0.9776,0.9755,-1.0,-1.0,-1.0,-1.0,-1.0,1.0,-999,-999,2152.0,1763.31,46.7108,80.7966,2.14034,51.1631,0.543746,-999,-999,-999,-999,-999,1464067,13389624
27876,8.5814,LD2,-3.254,22.895,2.978,14.79,PI+SIDIS,0.44,4.4,0.56,2.0,84.228,53.771,84.329,53.835,85.253,54.426,234.617,149.78,85.398,54.518,0.9996,0.9928,0.9791,0.9751,-1.0,-1.0,-1.0,-1.0,-1.0,1.0,-999,-999,8499.0,7104.77,92.7699,86.4522,1.12884,51.1884,0.519498,-999,-999,-999,-999,-999,5512648,50095740
27877,8.5814,LD2,-3.254,22.895,2.978,14.79,PI+SIDIS,0.44,4.4,0.56,2.0,91.531,53.025,91.637,53.086,92.573,53.628,255.612,148.078,92.714,53.71,0.9996,0.9931,0.9783,0.9756,-1.0,-1.0,-1.0,-1.0,-1.0,1.0,-999,-999,9196.0,7702.69,96.4928,86.2071,1.07993,51.1886,0.518508,-999,-999,-999,-999,-999,5990258,54139568
27878,8.5814,LD2,-3.254,22.895,2.978,14.79,PI+SIDIS,0.44,4.4,0.56,2.0,85.858,53.789,85.861,53.791,86.683,54.306,239.297,149.917,86.819,54.391,0.9996,0.9938,0.9787,0.9756,-1.0,-1.0,-1.0,-1.0,-1.0,1.0,-999,-999,8644.0,7215.54,93.5622,86.1883,1.11758,51.1304,0.525847,-999,-999,-999,-999,-999,5624187,50689167
27879,8.5814,LD2,-3.254,22.895,2.978,14.79,HMSDIS,0.44,4.4,-999,-999,38752.81,51.827,38738.014,51.807,39096.579,52.287,109551.443,146.512,39163.0,52.376,0.9996,0.9938,-999,-999,-1.0,-1.0,-1.0,2.0,-1.0,-1.0,-999,-999,-999,-999,-999,42.4586,0.0468555,-999,-999,-999,-999,-999,-999,-999,2537044,22841101
27881,8.5814,Dummy,-3.254,22.895,2.978,14.79,PI+SIDIS,0.44,4.4,0.56,2.0,74.673,48.375,74.652,48.362,75.215,48.726,229.227,148.499,75.322,48.795,0.9996,0.9919,0.9814,0.9808,-1.0,-1.0,-1.0,-1.0,-1.0,1.0,-999,-999,990.0,957.385,31.5041,13.0809,0.430446,51.13,0.4591,-999,-999,-999,-999,-999,927426,5497976
27883,8.5814,Dummy,-3.254,22.895,2.978,14.79,PI+SIDIS,0.44,4.4,0.56,2.0,8.977,47.579,8.981,47.6,9.039,47.908,27.772,147.191,9.052,47.973,1.0,1.0,1.0,0.9743,-1.0,-1.0,-1.0,-1.0,-1.0,1.0,-999,-999,113.0,108.615,10.646,12.4129,1.21666,51.1667,0.477826,-999,-999,-999,-999,-999,111200,670185
27884,8.5814,Dummy,-3.254,22.895,2.978,14.79,PI+SIDIS,0.44,4.4,0.56,2.0,82.513,48.025,82.524,48.032,83.056,48.341,254.754,148.275,83.163,48.404,0.9997,0.9938,0.9814,0.9803,-1.0,-1.0,-1.0,-1.0,-1.0,1.0,-999,-999,1009.0,976.462,31.8041,12.0748,0.393286,51.1521,0.470705,-999,-999,-999,-999,-999,1022958,6140744
27885,8.5814,Dummy,-3.254,22.895,2.978,14.79,HMSDIS,0.44,4.4,-999,-999,47523.518,50.171,47483.453,50.129,47791.44,50.454,144127.614,152.157,47868.171,50.535,0.9997,0.9943,-999,-999,-1.0,-1.0,-1.0,1.0,-1.0,-1.0,-999,-999,-999,-999,-999,7.95227,0.0129477,-999,-999,-999,-999,-999,-999,-999,590531,3532945
27886,8.5814,LH2,-3.254,22.895,2.978,14.79,PI+SIDIS,0.44,4.4,0.56,2.0,91.815,58.661,91.816,58.662,92.543,59.126,235.218,150.281,92.685,59.216,0.9996,0.9897,0.9848,0.979,-1.0,-1.0,-1.0,-1.0,-1.0,1.0,-999,-999,5638.0,5134.69,75.344,57.1505,0.838599,51.2079,0.516506,-999,-999,-999,-999,-999,3397164,26771542
27887,8.5814,LH2,-3.254,22.895,2.978,14.79,PI+SIDIS,0.44,4.4,0.56,2.0,80.532,55.627,80.588,55.665,81.213,56.098,211.446,146.055,81.32,56.171,0.9997,0.9923,0.9808,0.9789,-1.0,-1.0,-1.0,-1.0,-1.0,1.0,-999,-999,4826.0,4387.85,69.7116,55.6424,0.884014,51.2577,0.508233,-999,-999,-999,-999,-999,2981855,23421280
27888,8.5814,LH2,-3.254,22.895,2.978,14.79,PI+SIDIS,0.44,4.4,0.56,2.0,62.677,53.826,62.745,53.885,63.234,54.305,166.458,142.953,63.304,54.365,0.9997,0.9909,0.9849,0.9789,-1.0,-1.0,-1.0,-1.0,-1.0,1.0,-999,-999,3921.0,3591.31,62.8201,58.4895,1.02311,51.2512,0.514579,-999,-999,-999,-999,-999,2321635,18216205
27891,8.5814,LH2,-3.254,22.895,2.978,14.79,PI+SIDIS,0.44,4.4,0.56,2.0,101.49,58.943,101.527,58.965,102.346,59.44,259.078,150.466,102.492,59.525,0.9997,0.9892,0.9821,0.98,-1.0,-1.0,-1.0,-1.0,-1.0,1.0,-999,-999,6116.0,5568.46,78.4737,55.9874,0.789003,51.2608,0.504856,-999,-999,-999,-999,-999,3760799,29572215
27892,8.5814,LH2,-3.254,22.895,2.978,14.79,PI+SIDIS,0.44,4.4,0.56,2.0,105.228,59.334,105.211,59.325,106.11,59.832,267.829,151.02,106.267,59.92,0.9997,0.987,0.9831,0.9787,-1.0,-1.0,-1.0,-1.0,-1.0,1.0,-999,-999,6524.0,5951.54,81.0434,57.821,0.787362,51.2702,0.50236,-999,-999,-999,-999,-999,3898685,30534005
27893,8.5814,LH2,-3.254,22.895,2.978,14.79,PI+SIDIS,0.44,4.4,0.56,2.0,82.629,54.399,82.648,54.411,83.372,54.888,220.951,145.463,83.496,54.97,0.9996,0.9948,0.9773,0.9728,-1.0,-1.0,-1.0,-1.0,1.0,-1.0,-999,-999,4854.0,4412.38,69.914,54.9089,0.870029,51.2817,0.500168,-999,-999,-999,-999,-999,3059591,23937658
27894,8.5814,LH2,-3.254,22.895,2.978,14.79,HMSDIS,0.44,4.4,-999,-999,47790.876,57.528,47833.199,57.579,48263.75,58.097,123113.453,148.197,48332.255,58.18,0.9996,0.9902,-999,-999,-1.0,-1.0,-1.0,1.0,-1.0,-1.0,-999,-999,-999,-999,-999,24.1078,0.0224954,-999,-999,-999,-999,-999,-999,-999,1773305,13897800
27895,8.5814,LH2,-3.254,22.895,2.978,14.79,HMSDIS,0.44,4.4,-999,-999,48423.089,57.395,48476.125,57.458,48923.376,57.988,124979.371,148.137,48987.781,58.065,0.9996,0.9948,-999,-999,-1.0,-1.0,3.0,-1.0,-1.0,-1.0,-999,-999,-999,-999,-999,24.0424,0.0385965,-999,-999,-999,-999,-999,-999,-999,1791609,14081504
27896,8.5814,Al,-3.254,22.895,2.978,14.79,HMSDIS,0.44,4.4,-999,-999,41680.356,49.377,41681.913,49.379,42029.73,49.791,126673.515,150.066,42104.52,49.88,0.9997,0.9943,-999,-999,-1.0,-1.0,-1.0,1.0,-1.0,-1.0,-999,-999,-999,-999,-999,8.86451,0.014591,-999,-999,-999,-999,-999,-999,-999,575852,3023385
27897,8.5814,Al,-3.254,22.895,2.978,14.79,HMSDIS,0.44,4.4,-999,-999,45216.514,50.068,45187.06,50.035,45575.153,50.465,136894.738,151.582,45654.393,50.553,0.9997,0.9942,-999,-999,-1.0,-1.0,-1.0,1.0,-1.0,-1.0,-999,-999,-999,-999,-999,8.86805,0.0140167,-999,-999,-999,-999,-999,-999,-999,623188,3273265
27898,8.5814,Cu,-3.254,22.895,2.978,14.79,PI+SIDIS,0.44,4.4,0.56,2.0,45.919,54.802,45.91,54.791,46.404,55.382,120.61,143.943,46.468,55.457,0.9995,0.995,0.9794,0.978,-1.0,-1.0,-1.0,-1.0,-1.0,1.0,-999,-999,1337.0,1115.92,36.7968,24.8682,0.820013,51.2363,0.500152,-999,-999,-999,-999,-999,1465911,14359500
27899,8.5814,Cu,-3.254,22.895,2.978,14.79,PI+SIDIS,0.44,4.4,0.56,2.0,95.636,58.877,95.67,58.897,96.697,59.529,243.474,149.89,96.833,59.613,0.9995,0.996,0.9803,0.9768,-1.0,-1.0,-1.0,-1.0,-1.0,1.0,-999,-999,2874.0,2401.54,53.9476,25.7134,0.577619,51.2551,0.511319,-999,-999,-999,-999,-999,3049625,29884245
27900,8.5814,Cu,-3.254,22.895,2.978,14.79,PI+SIDIS,0.44,4.4,0.56,2.0,103.037,59.242,103.142,59.302,104.251,59.94,261.426,150.309,104.409,60.031,0.9996,0.9961,0.9785,0.9765,-1.0,-1.0,-1.0,-1.0,-1.0,1.0,-999,-999,3120.0,2606.46,56.2095,25.8911,0.558352,51.2521,0.513693,-999,-999,-999,-999,-999,3285636,32093677
27901,8.5814,Cu,-3.254,22.895,2.978,14.79,PI+SIDIS,0.44,4.4,0.56,2.0,102.066,59.362,102.193,59.436,103.314,60.088,258.675,150.447,103.468,60.177,0.9996,0.9954,0.9809,0.9769,-1.0,-1.0,-1.0,-1.0,-1.0,1.0,-999,-999,3117.0,2613.54,56.1759,26.1913,0.562961,51.245,0.5315,-999,-999,-999,-999,-999,3255024,31797918
27902,8.5814,Cu,-3.254,22.895,2.978,14.79,PI+SIDIS,0.44,4.4,0.56,2.0,99.254,58.728,99.388,58.808,100.498,59.464,252.778,149.568,100.659,59.56,0.9997,0.9963,0.9841,0.9766,-1.0,-1.0,-1.0,-1.0,-1.0,1.0,-999,-999,2984.0,2498.54,54.9667,25.752,0.566532,51.2614,0.519731,-999,-999,-999,-999,-999,3165237,30903238
27903,8.5814,Cu,-3.254,22.895,2.978,14.79,HMSDIS,0.44,4.4,-999,-999,35705.199,60.643,35741.675,60.705,36155.961,61.409,89691.046,152.336,36213.988,61.508,0.9996,0.9966,-999,-999,-1.0,-1.0,-1.0,1.0,-1.0,-1.0,-999,-999,-999,-999,-999,20.397,0.0239678,-999,-999,-999,-999,-999,-999,-999,1137854,11131525
27904,8.5814,Cu,-3.254,22.895,2.978,14.79,HMSDIS,0.44,4.4,-999,-999,30855.012,57.126,30866.03,57.146,31240.38,57.84,79609.287,147.391,31288.269,57.928,0.9996,0.9965,-999,-999,-1.0,-1.0,-1.0,1.0,-1.0,-1.0,-999,-999,-999,-999,-999,20.4227,0.0258038,-999,-999,-999,-999,-999,-999,-999,982300,9596375
27905,8.5814,C,-3.254,22.895,2.978,14.79,PI+SIDIS,0.44,4.4,0.56,2.0,85.902,49.567,85.847,49.535,86.376,49.841,260.958,150.579,86.371,49.838,0.9997,0.9938,0.9856,0.979,-1.0,-1.0,-1.0,-1.0,-1.0,1.0,-999,-999,4423.0,3937.15,66.786,46.863,0.794939,51.2923,0.502772,-999,-999,-999,-999,-999,3602715,27429264
27906,8.5814,C,-3.254,22.895,2.978,14.79,PI+SIDIS,0.44,4.4,0.56,2.0,81.546,48.692,81.529,48.682,81.603,48.726,249.058,148.715,81.609,48.729,0.9997,0.9944,0.9835,0.9785,-1.0,-1.0,-1.0,-1.0,-1.0,1.0,-999,-999,4174.0,3716.15,64.8785,46.5974,0.813521,51.3075,0.512088,-999,-999,-999,-999,-999,3415369,25924988
27907,8.5814,C,-3.254,22.895,2.978,14.79,PI+SIDIS,0.44,4.4,0.56,2.0,81.078,49.308,81.105,49.324,81.418,49.514,246.441,149.873,81.621,49.638,0.9997,0.9947,0.9806,0.9798,-1.0,-1.0,-1.0,-1.0,-1.0,1.0,-999,-999,4235.0,3774.38,65.3485,47.5144,0.822649,51.2887,0.510865,-999,-999,-999,-999,-999,3400294,25879974
27908,8.5814,C,-3.254,22.895,2.978,14.79,PI+SIDIS,0.44,4.4,0.56,2.0,84.711,49.603,84.763,49.634,85.34,49.972,256.792,150.367,85.544,50.091,0.9995,0.9955,0.9836,0.9782,-1.0,-1.0,-1.0,-1.0,-1.0,1.0,-999,-999,4426.0,3947.23,66.8044,47.6334,0.806166,51.2816,0.513519,-999,-999,-999,-999,-999,3544744,27086847
27909,8.5814,C,-3.254,22.895,2.978,14.79,PI+SIDIS,0.44,4.4,0.56,2.0,80.76,49.268,80.825,49.308,81.536,49.741,245.541,149.793,81.719,49.853,0.9997,0.9948,0.985,0.9798,-1.0,-1.0,-1.0,-1.0,-1.0,1.0,-999,-999,4335.0,3873.69,66.1096,48.9332,0.835109,51.281,0.502697,-999,-999,-999,-999,-999,3383914,25882854
27910,8.5814,C,-3.254,22.895,2.978,14.79,HMSDIS,0.44,4.4,-999,-999,24023.291,47.269,24035.784,47.294,24269.32,47.753,74225.843,146.049,24326.309,47.865,0.9996,0.9949,-999,-999,-1.0,-1.0,-1.0,1.0,-1.0,-1.0,-999,-999,-999,-999,-999,27.1582,0.0336996,-999,-999,-999,-999,-999,-999,-999,1007906,7701924
27911,8.5814,C,-3.254,22.895,2.978,14.79,HMSDIS,0.44,4.4,-999,-999,28410.88,49.578,28408.418,49.574,28690.913,50.066,86399.292,150.769,28750.005,50.17,0.9996,0.9949,-999,-999,-1.0,-1.0,-1.0,1.0,-1.0,-1.0,-999,-999,-999,-999,-999,27.1549,0.0309981,-999,-999,-999,-999,-999,-999,-999,1190993,9123054
27912,8.5814,LD2,-3.254,22.895,2.978,14.79,PI+SIDIS,0.44,4.4,0.56,2.0,86.978,53.06,86.969,53.054,87.356,53.291,242.595,147.992,87.347,53.285,0.9997,0.9935,0.9803,0.977,-1.0,-1.0,-1.0,-1.0,-1.0,1.0,-999,-999,8676.0,7226.0,93.7419,85.0847,1.10379,51.2848,0.51041,-999,-999,-999,-999,-999,5692392,51390613
27913,8.5814,LD2,-3.254,22.895,2.978,14.79,PI+SIDIS,0.44,4.4,0.56,2.0,85.097,52.704,85.119,52.718,85.319,52.841,238.069,147.445,85.445,52.919,0.9996,0.9929,0.9807,0.9764,-1.0,-1.0,-1.0,-1.0,-1.0,1.0,-999,-999,8485.0,7063.38,92.7057,85.0372,1.1161,51.2466,0.521601,-999,-999,-999,-999,-999,5572252,50055059
27914,8.5814,Dummy,-3.254,22.895,2.978,14.79,PI+SIDIS,0.44,4.4,0.56,2.0,87.443,49.596,87.492,49.624,88.068,49.95,265.155,150.391,88.318,50.092,0.9997,0.9935,0.9816,0.979,-1.0,-1.0,-1.0,-1.0,-1.0,1.0,-999,-999,1107.0,1070.92,33.3133,12.5066,0.389042,51.2669,0.512561,-999,-999,-999,-999,-999,1086081,6458724
27915,8.5814,LH2,-3.254,22.895,2.978,14.79,PI+SIDIS,0.44,4.4,0.56,2.0,104.891,59.361,105.046,59.449,106.147,60.072,265.862,150.461,106.391,60.21,0.9997,0.988,0.9855,0.9798,-1.0,-1.0,-1.0,-1.0,-1.0,1.0,-999,-999,6548.0,5984.69,81.187,58.1683,0.789098,51.2551,0.491628,-999,-999,-999,-999,-999,3881421,30623705
27916,8.5814,LH2,-3.254,22.895,2.978,14.79,PI+SIDIS,0.44,4.4,0.56,2.0,106.944,59.498,107.053,59.558,107.686,59.911,270.954,150.743,107.716,59.927,0.9998,0.9908,0.9801,0.9797,-1.0,-1.0,-1.0,-1.0,-1.0,1.0,-999,-999,6633.0,6053.69,81.7164,57.7349,0.77934,51.262,0.49061,-999,-999,-999,-999,-999,3959907,31053678
27918,8.5814,C,-3.254,22.895,2.978,14.79,PI+SIDIS,0.44,4.4,0.56,2.0,35.542,50.707,35.524,50.681,35.647,50.856,106.776,152.335,35.738,50.987,0.9999,0.9932,0.9823,0.98,-1.0,-1.0,-1.0,-1.0,-1.0,1.0,-999,-999,1838.0,1634.46,43.0541,46.9563,1.2369,51.2703,0.505412,-999,-999,-999,-999,-999,1491487,11361781
27925,8.5814,C,-3.254,22.895,2.978,14.79,PI+SIDIS,0.44,4.4,0.56,2.0,79.108,48.794,79.141,48.814,79.406,48.978,241.4,148.895,79.527,49.052,0.9996,0.9941,0.9863,0.9826,-1.0,-1.0,-1.0,-1.0,-1.0,1.0,-999,-999,4184.0,3738.46,64.9482,48.0961,0.835572,51.2194,0.487723,-999,-999,-999,-999,-999,3308171,25459094
27926,8.5814,C,-3.254,22.895,2.978,14.79,PI+SIDIS,0.44,4.4,0.56,2.0,46.146,49.137,46.174,49.167,46.349,49.354,140.671,149.789,46.44,49.45,0.9995,0.9939,0.986,0.9826,-1.0,-1.0,-1.0,-1.0,-1.0,1.0,-999,-999,2418.0,2145.0,49.3862,47.3042,1.08913,51.2164,0.499704,-999,-999,-999,-999,-999,1931003,14800162
27927,8.5814,Cu,-3.254,22.895,2.978,14.79,PI+SIDIS,0.44,4.4,0.56,2.0,62.747,48.006,62.765,48.019,63.104,48.279,189.191,144.744,63.203,48.355,0.9995,0.9958,0.9829,0.9797,-1.0,-1.0,-1.0,-1.0,-1.0,1.0,-999,-999,1808.0,1546.62,42.7564,25.1656,0.695706,51.1761,0.505907,-999,-999,-999,-999,-999,1998580,19357992
27928,8.5814,Cu,-3.254,22.895,2.978,14.79,PI+SIDIS,0.44,4.4,0.56,2.0,104.223,48.792,104.142,48.754,104.813,49.068,315.738,147.812,104.964,49.139,0.9996,0.9965,0.9828,0.9804,-1.0,-1.0,-1.0,-1.0,-1.0,1.0,-999,-999,3125.0,2692.77,56.1983,26.3862,0.550681,51.1964,0.496726,-999,-999,-999,-999,-999,3319684,32030897
27929,8.5814,Cu,-3.254,22.895,2.978,14.79,PI+SIDIS,0.44,4.4,0.56,2.0,87.715,49.979,87.685,49.962,88.232,50.273,265.341,151.188,88.381,50.358,0.9996,0.9961,0.9852,0.98,-1.0,-1.0,-1.0,-1.0,-1.0,1.0,-999,-999,2634.0,2267.31,51.5966,26.3974,0.600719,51.2007,0.452483,-999,-999,-999,-999,-999,2790709,26876810
27931,8.5814,Cu,-3.254,22.895,2.978,14.79,PI+SIDIS,0.44,4.4,0.56,2.0,85.762,49.299,85.794,49.317,86.348,49.636,260.713,149.866,86.461,49.7,0.9997,0.9957,0.984,0.9807,-1.0,-1.0,-1.0,-1.0,-1.0,1.0,-999,-999,2575.0,2223.0,51.0106,26.4308,0.606499,51.2464,0.485569,-999,-999,-999,-999,-999,2732187,26371629
27932,8.5814,LH2,-3.254,22.895,-3.837,14.79,PI-SIDIS,0.44,4.4,0.72,2.0,98.022,54.212,98.002,54.201,98.754,54.617,273.367,151.189,98.895,54.695,0.9996,0.9919,0.9919,0.9855,-1.0,-1.0,-1.0,-1.0,-1.0,1.0,-999,-999,2278.0,2211.31,47.7821,22.9051,0.494934,51.2331,0.435657,-999,-999,-999,-999,-999,3625990,59493250
27933,8.5814,LH2,-3.254,22.895,-3.837,14.79,PI-SIDIS,0.44,4.4,0.72,2.0,102.309,55.646,102.262,55.62,103.077,56.063,280.085,152.338,103.212,56.137,0.9996,0.9941,0.9931,0.9838,-1.0,-1.0,-1.0,-1.0,-1.0,1.0,-999,-999,2241.0,2172.69,47.3947,21.6052,0.471292,51.2127,0.442293,-999,-999,-999,-999,-999,3786740,62001964
27934,8.5814,LH2,-3.254,22.895,-3.837,14.79,PI-SIDIS,0.44,4.4,0.72,2.0,78.23,53.735,78.242,53.743,78.873,54.177,217.382,149.317,78.959,54.236,0.9994,0.9935,0.9913,0.9827,-1.0,-1.0,-1.0,-1.0,-1.0,1.0,-999,-999,1838.0,1786.85,42.9178,23.2539,0.558529,51.1679,0.447749,-999,-999,-999,-999,-999,2895208,47384240
27935,8.5814,LH2,-3.254,22.895,-3.837,14.79,PI-SIDIS,0.44,4.4,0.72,2.0,93.165,54.513,93.242,54.558,93.993,54.997,257.252,150.524,94.105,55.063,0.9996,0.9943,0.9916,0.984,-1.0,-1.0,-1.0,-1.0,-1.0,1.0,-999,-999,2068.0,1999.31,45.5333,21.7995,0.496474,51.1748,0.446258,-999,-999,-999,-999,-999,3445429,56474122
27936,8.5814,LH2,-3.254,22.895,-3.837,14.79,PI-SIDIS,0.44,4.4,0.72,2.0,89.169,53.995,89.271,54.057,90.006,54.502,245.287,148.53,90.112,54.566,0.9995,0.9909,0.9911,0.9843,-1.0,-1.0,-1.0,-1.0,-1.0,1.0,-999,-999,2077.0,2014.23,45.6271,22.9349,0.519529,51.1729,0.446328,-999,-999,-999,-999,-999,3301203,54080982
27937,8.5814,LH2,-3.254,22.895,-3.837,14.79,PI-SIDIS,0.44,4.4,0.72,2.0,97.714,55.425,97.816,55.483,98.651,55.956,265.463,150.575,98.75,56.012,0.9997,0.9942,0.991,0.9862,-1.0,-1.0,-1.0,-1.0,-1.0,1.0,-999,-999,2144.0,2073.0,46.3623,21.4959,0.480751,51.1594,0.443071,-999,-999,-999,-999,-999,3615452,59244138
27938,8.5814,LH2,-3.254,22.895,-3.837,14.79,PI-SIDIS,0.44,4.4,0.72,2.0,92.957,54.97,92.941,54.96,93.773,55.452,253.251,149.758,93.882,55.516,0.9998,0.9948,0.9906,0.9855,-1.0,-1.0,-1.0,-1.0,-1.0,1.0,-999,-999,2127.0,2058.15,46.1768,22.4755,0.50426,51.1615,0.442169,-999,-999,-999,-999,-999,3440412,56305509
27939,8.5814,LH2,-3.254,22.895,-3.837,14.79,HMSDIS,0.44,4.4,-999,-999,55027.634,55.279,55017.388,55.268,55508.144,55.761,149348.379,150.029,55587.206,55.841,0.9997,0.9906,-999,-999,-1.0,-1.0,-1.0,1.0,-1.0,-1.0,-999,-999,-999,-999,-999,24.0725,0.0209491,-999,-999,-999,-999,-999,-999,-999,2034944,33323350
27940,8.5814,Dummy,-3.254,22.895,-3.837,14.79,PI-SIDIS,0.44,4.4,0.72,2.0,91.907,51.195,91.915,51.199,92.606,51.584,272.341,151.7,92.791,51.687,1.0,0.9937,0.9846,0.9834,-1.0,-1.0,-1.0,-1.0,-1.0,1.0,-999,-999,613.0,605.154,24.771,6.69525,0.27406,51.1415,0.461579,-999,-999,-999,-999,-999,1137679,21849366
27941,8.5814,Dummy,-3.254,22.895,-3.837,14.79,PI-SIDIS,0.44,4.4,0.72,2.0,50.655,50.537,50.687,50.569,51.077,50.959,150.658,150.309,51.178,51.059,0.9985,0.9948,0.9965,0.9809,-1.0,-1.0,-1.0,-1.0,-1.0,1.0,-999,-999,348.0,344.154,18.6627,6.93239,0.375928,51.1451,0.46065,-999,-999,-999,-999,-999,628828,12045201
27942,8.5814,Dummy,-3.254,22.895,-3.837,14.79,PI-SIDIS,0.44,4.4,0.72,2.0,86.152,50.324,86.229,50.37,86.941,50.786,257.336,150.319,87.08,50.866,0.9995,0.9965,0.9856,0.9796,-1.0,-1.0,-1.0,-1.0,-1.0,1.0,-999,-999,571.0,564.308,23.9064,6.68392,0.283158,51.1374,0.4497,-999,-999,-999,-999,-999,1066718,20511450
27943,8.5814,Dummy,-3.254,22.895,-3.837,14.79,HMSDIS,0.44,4.4,-999,-999,47177.081,51.528,47211.93,51.567,47468.105,51.846,139472.056,152.336,47478.432,51.858,0.9997,0.9936,-999,-999,-1.0,-1.0,-1.0,1.0,-1.0,-1.0,-999,-999,-999,-999,-999,7.91552,0.0129554,-999,-999,-999,-999,-999,-999,-999,583034,11233840
27944,8.5814,Dummy,-3.254,22.895,-3.837,14.79,PI-SIDIS,0.44,4.4,0.72,2.0,89.92,50.607,89.886,50.588,89.87,50.579,267.532,150.566,89.85,50.568,0.9991,0.9985,0.9859,0.9821,-1.0,-1.0,-1.0,-1.0,-1.0,1.0,-999,-999,558.0,550.615,23.634,6.24298,0.267967,51.23,0.475771,-999,-999,-999,-999,-999,1114316,21363480
27945,8.5814,Dummy,-3.254,22.895,-3.837,14.79,PI-SIDIS,0.44,4.4,0.72,2.0,43.877,51.563,43.848,51.529,43.843,51.523,129.499,152.184,43.937,51.634,1.0,1.0,0.9892,0.9871,-1.0,-1.0,-1.0,-1.0,-1.0,1.0,-999,-999,294.0,290.154,17.1551,6.70374,0.396352,51.2168,0.401777,-999,-999,-999,-999,-999,542576,10425002
27946,8.5814,Dummy,-3.254,22.895,-3.837,14.79,PI-SIDIS,0.44,4.4,0.72,2.0,90.964,49.916,90.948,49.908,91.321,50.112,275.755,151.321,91.535,50.23,0.9996,0.9952,0.9892,0.9849,-1.0,-1.0,-1.0,-1.0,-1.0,1.0,-999,-999,547.0,539.846,23.3998,6.02918,0.261337,51.152,0.412679,-999,-999,-999,-999,-999,1126159,21649328
27947,8.5814,LH2,-3.254,22.895,-3.837,14.79,PI-SIDIS,0.44,4.4,0.72,2.0,98.264,58.778,98.393,58.855,99.114,59.287,250.32,149.733,99.341,59.422,0.9997,0.9946,0.9915,0.9837,-1.0,-1.0,-1.0,-1.0,-1.0,1.0,-999,-999,2260.0,2185.23,47.5999,22.584,0.491937,51.1736,0.450439,-999,-999,-999,-999,-999,3636727,59620025
27948,8.5814,LH2,-3.254,22.895,-3.837,14.79,PI-SIDIS,0.44,4.4,0.72,2.0,155.796,58.879,155.976,58.947,157.267,59.435,397.128,150.085,157.995,59.71,0.9994,0.9939,0.9914,0.9847,-1.0,-1.0,-1.0,-1.0,-1.0,1.0,-999,-999,3495.0,3376.62,59.1955,21.9983,0.385653,51.162,0.444757,-999,-999,-999,-999,-999,5757657,94481542
27949,8.5814,LH2,-3.254,22.895,-3.837,14.79,PI-SIDIS,0.44,4.4,0.72,2.0,80.68,58.945,80.672,58.939,81.349,59.434,198.641,145.127,81.924,59.854,0.9999,0.9955,0.989,0.9847,-1.0,-1.0,-1.0,-1.0,-1.0,1.0,-999,-999,1814.0,1749.08,42.6497,22.0208,0.536958,51.1742,0.453028,-999,-999,-999,-999,-999,2976935,48813139
27951,8.5814,LH2,-3.254,22.895,-3.837,14.79,PI-SIDIS,0.44,4.4,0.72,2.0,54.635,64.832,54.648,64.848,55.055,65.33,124.848,148.149,54.236,64.359,0.9997,0.9942,0.9899,0.9827,-1.0,-1.0,-1.0,-1.0,-1.0,1.0,-999,-999,1215.0,1167.92,34.9088,21.7545,0.650234,51.1539,0.448513,-999,-999,-999,-999,-999,2013831,33007833
27952,8.5814,LH2,-3.254,22.895,-3.837,14.79,PI-SIDIS,0.44,4.4,0.72,2.0,91.476,65.508,91.563,65.57,92.208,66.032,205.245,146.979,89.774,64.288,0.9996,0.9903,0.9924,0.9823,-1.0,-1.0,-1.0,-1.0,-1.0,1.0,-999,-999,2052.0,1969.62,45.3689,21.9074,0.504624,51.1391,0.445667,-999,-999,-999,-999,-999,3370933,55271988
27953,8.5814,LH2,-3.254,22.895,-3.837,14.79,PI-SIDIS,0.44,4.4,0.72,2.0,185.884,67.457,186.106,67.537,187.334,67.983,410.575,148.996,182.471,66.218,0.9996,0.9944,0.9903,0.9842,-1.0,-1.0,-1.0,-1.0,-1.0,1.0,-999,-999,4239.0,4080.31,65.2013,22.2855,0.356112,51.1823,0.47831,-999,-999,-999,-999,-999,6844358,112276754
27954,8.5814,LH2,-3.254,22.895,-3.837,14.79,PI-SIDIS,0.44,4.4,0.72,2.0,86.73,67.568,86.73,67.568,87.34,68.043,191.387,149.103,85.146,66.334,0.9996,0.9963,0.9905,0.9855,-1.0,-1.0,-1.0,-1.0,-1.0,1.0,-999,-999,2027.0,1950.0,45.0879,22.8244,0.527746,51.3125,0.453271,-999,-999,-999,-999,-999,3193045,52312127
27956,8.5814,LD2,-3.254,22.895,-2.978,14.79,PI-SIDIS,0.44,4.4,0.56,2.0,34.56,54.312,34.544,54.285,34.81,54.703,93.202,146.467,34.48,54.185,0.9996,0.9942,0.9856,0.984,-1.0,-1.0,-1.0,-1.0,-1.0,1.0,-999,-999,2072.0,1635.69,45.8864,48.1481,1.35071,51.2572,0.485157,-999,-999,-999,-999,-999,2254154,46446345
27957,8.5814,LD2,-3.254,22.895,-2.978,14.79,PI-SIDIS,0.44,4.4,0.56,2.0,112.942,65.04,113.007,65.077,113.874,65.577,250.716,144.38,107.606,61.967,0.9995,0.9939,0.9858,0.9828,-1.0,-1.0,-1.0,-1.0,-1.0,1.0,-999,-999,7233.0,5531.23,85.8132,49.8337,0.773135,51.2645,0.48404,-999,-999,-999,-999,-999,7356793,151863651
27958,8.5814,LD2,-3.254,22.895,-2.978,14.79,PI-SIDIS,0.44,4.4,0.56,2.0,86.486,68.941,86.552,68.994,87.0,69.351,182.473,145.457,78.776,62.795,0.9996,0.9932,0.9854,0.9838,-1.0,-1.0,-1.0,-1.0,-1.0,1.0,-999,-999,5594.0,4239.54,75.4864,49.8163,0.886996,51.2306,0.487639,-999,-999,-999,-999,-999,5625757,116179387
27959,8.5814,LD2,-3.254,22.895,-2.978,14.79,HMSDIS,0.44,4.4,-999,-999,41789.602,71.474,41816.309,71.52,41970.722,71.784,84737.154,144.929,36552.691,62.517,0.9996,0.9941,-999,-999,-1.0,-1.0,-1.0,2.0,-1.0,-1.0,-999,-999,-999,-999,-999,42.1715,0.044962,-999,-999,-999,-999,-999,-999,-999,2715003,56067813
27961,8.5814,NONE,-3.254,22.895,-2.978,14.79,BCM,-999,-999,-999,-999,86.063,36.005,86.008,35.981,86.438,36.161,265.615,111.12,83.058,34.747,0.0,0.0,0.0,0.0,-1.0,-1.0,-1.0,-1.0,-1.0,1.0,-999,-999,0.0,0.0,0.0,nan,nan,0.0,0.0,-999,-999,-999,-999,-999,23835,23843
27962,8.5814,LH2,-3.254,22.895,-2.978,14.79,PI-SIDIS,0.44,4.4,0.56,2.0,114.968,68.324,115.055,68.376,115.558,68.675,251.693,149.578,112.555,66.89,0.9996,0.9912,0.9879,0.9862,-1.0,-1.0,-1.0,-1.0,-1.0,1.0,-999,-999,3079.0,2668.0,55.7729,23.5232,0.491738,51.1671,0.458238,-999,-999,-999,-999,-999,4231010,73263106
27963,8.5814,LH2,-3.254,22.895,-2.978,14.79,PI-SIDIS,0.44,4.4,0.56,2.0,121.337,68.536,121.457,68.603,122.002,68.911,265.562,149.999,118.748,67.073,0.9997,0.9903,0.9886,0.9851,-1.0,-1.0,-1.0,-1.0,-1.0,1.0,-999,-999,3237.0,2807.31,57.1844,23.4712,0.478103,51.1805,0.441671,-999,-999,-999,-999,-999,4461419,77275176
27964,8.5814,LH2,-3.254,22.895,-2.978,14.79,PI-SIDIS,0.44,4.4,0.56,2.0,113.28,68.322,113.304,68.337,113.84,68.66,247.97,149.557,110.878,66.874,0.9996,0.9903,0.9883,0.9866,-1.0,-1.0,-1.0,-1.0,-1.0,1.0,-999,-999,3021.0,2618.23,55.2447,23.4332,0.494441,51.1867,0.453301,-999,-999,-999,-999,-999,4170549,72100557
27965,8.5814,LH2,-3.254,22.895,-2.978,14.79,PI-SIDIS,0.44,4.4,0.56,2.0,119.903,68.023,119.825,67.979,120.454,68.336,263.525,149.502,117.433,66.622,0.9997,0.9901,0.9895,0.9853,-1.0,-1.0,-1.0,-1.0,-1.0,1.0,-999,-999,3118.0,2713.0,56.1173,22.9862,0.475461,51.1565,0.449267,-999,-999,-999,-999,-999,4402283,76247397
27966,8.5814,LH2,-3.254,22.895,-2.978,14.79,PI-SIDIS,0.44,4.4,0.56,2.0,107.24,67.562,107.215,67.547,107.774,67.899,236.494,148.994,105.121,66.227,0.9996,0.9932,0.9903,0.9854,-1.0,-1.0,-1.0,-1.0,-1.0,1.0,-999,-999,2911.0,2542.23,54.2159,24.0729,0.513382,51.2407,0.465742,-999,-999,-999,-999,-999,3944845,68253650
27967,8.5814,LH2,-3.254,22.895,-2.978,14.79,PI-SIDIS,0.44,4.4,0.56,2.0,111.538,68.328,111.588,68.359,112.187,68.726,244.918,150.037,109.486,67.071,0.9996,0.9902,0.9884,0.9853,-1.0,-1.0,-1.0,-1.0,-1.0,1.0,-999,-999,2983.0,2584.77,54.8966,23.5187,0.499502,51.2762,0.493316,-999,-999,-999,-999,-999,4103123,71032600
27968,8.5814,LH2,-3.254,22.895,-2.978,14.79,PI-SIDIS,0.44,4.4,0.56,2.0,111.733,69.383,111.827,69.442,112.415,69.807,243.054,150.931,109.65,68.09,0.9997,0.9945,0.9838,0.9801,-1.0,-1.0,-1.0,-1.0,1.0,-1.0,-999,-999,3079.0,2685.46,55.7608,24.5105,0.508936,51.3082,0.470263,-999,-999,-999,-999,-999,4104992,71182131
27969,8.5814,LH2,-3.254,22.895,-2.978,14.79,HMSDIS,0.44,4.4,-999,-999,57771.71,68.434,57830.368,68.504,58155.176,68.888,126656.497,150.032,56653.782,67.11,0.9997,0.9907,-999,-999,-1.0,-1.0,-1.0,1.0,-1.0,-1.0,-999,-999,-999,-999,-999,23.9213,0.0204007,-999,-999,-999,-999,-999,-999,-999,2124696,36814771
27970,8.5814,LH2,-3.254,22.895,-2.978,14.79,HMSDIS,0.44,4.4,-999,-999,58495.416,68.66,58551.631,68.726,58886.85,69.12,128428.928,150.746,57470.878,67.458,0.9997,0.9949,-999,-999,-1.0,-1.0,3.0,-1.0,-1.0,-1.0,-999,-999,-999,-999,-999,23.9829,0.0350784,-999,-999,-999,-999,-999,-999,-999,2153826,37273111
27972,8.5814,Dummy,-3.254,22.895,-2.978,14.79,PI-SIDIS,0.44,4.4,0.56,2.0,86.226,49.642,86.153,49.6,86.656,49.889,261.572,150.592,86.617,49.867,0.9992,0.9923,0.9845,0.9831,-1.0,-1.0,-1.0,-1.0,-1.0,1.0,-999,-999,598.0,571.923,24.495,6.75798,0.289439,51.3524,0.455926,-999,-999,-999,-999,-999,1068316,21735514
27973,8.5814,Dummy,-3.254,22.895,-2.978,14.79,PI-SIDIS,0.44,4.4,0.56,2.0,80.434,48.953,80.357,48.907,80.949,49.267,245.171,149.214,81.416,49.551,0.9997,0.9946,0.9886,0.9818,-1.0,-1.0,-1.0,-1.0,-1.0,1.0,-999,-999,569.0,548.154,23.8873,6.95002,0.302866,51.2247,0.450799,-999,-999,-999,-999,-999,995565,20279949
27974,8.5814,Dummy,-3.254,22.895,-2.978,14.79,PI-SIDIS,0.44,4.4,0.56,2.0,81.37,48.913,81.337,48.893,81.991,49.287,248.238,149.222,82.593,49.649,0.9997,0.9945,0.9895,0.9852,-1.0,-1.0,-1.0,-1.0,-1.0,1.0,-999,-999,621.0,599.692,24.9527,7.48594,0.311484,51.26,0.42242,-999,-999,-999,-999,-999,1007481,20546618
27975,8.5814,Dummy,-3.254,22.895,-2.978,14.79,HMSDIS,0.44,4.4,-999,-999,41875.751,49.425,41879.516,49.43,42140.94,49.738,127395.671,150.362,42176.997,49.781,0.9997,0.9945,-999,-999,-1.0,-1.0,-1.0,1.0,-1.0,-1.0,-999,-999,-999,-999,-999,7.922,0.0137604,-999,-999,-999,-999,-999,-999,-999,517945,10573409
27976,8.5814,LH2,-3.254,22.895,-2.978,14.79,PI-SIDIS,0.44,4.4,0.56,2.0,97.043,66.457,97.145,66.527,97.291,66.627,215.956,147.892,95.156,65.165,0.9995,0.9897,0.9876,0.9848,-1.0,-1.0,-1.0,-1.0,-1.0,1.0,-999,-999,2695.0,2355.38,52.1644,24.6329,0.545541,51.3253,0.481246,-999,-999,-999,-999,-999,3570622,61872266
27977,8.5814,LH2,-3.254,22.895,-2.978,14.79,PI-SIDIS,0.44,4.4,0.56,2.0,113.662,68.925,113.794,69.004,113.894,69.065,248.0,150.386,111.37,67.535,0.9995,0.9899,0.9875,0.9865,-1.0,-1.0,-1.0,-1.0,-1.0,1.0,-999,-999,3038.0,2636.62,55.3974,23.5003,0.49376,51.315,0.469619,-999,-999,-999,-999,-999,4178829,72390881
27978,8.5814,LH2,-3.254,22.895,-2.978,14.79,PI-SIDIS,0.44,4.4,0.56,2.0,98.314,64.669,98.345,64.689,98.859,65.027,221.806,145.9,96.419,63.423,0.9997,0.9925,0.9876,0.985,-1.0,-1.0,-1.0,-1.0,-1.0,1.0,-999,-999,2674.0,2331.62,51.9648,24.0777,0.536621,51.1461,0.445917,-999,-999,-999,-999,-999,3620481,62648362
27979,8.5814,LH2,-3.254,22.895,-2.978,14.79,PI-SIDIS,0.44,4.4,0.56,2.0,124.4,70.309,124.357,70.285,125.355,70.849,268.354,151.67,121.706,68.787,0.9997,0.9888,0.9878,0.9844,-1.0,-1.0,-1.0,-1.0,-1.0,1.0,-999,-999,3368.0,2919.62,58.3309,23.8571,0.47664,51.2167,0.472069,-999,-999,-999,-999,-999,4571711,79194276
27980,8.5814,LH2,-3.254,22.895,-2.978,14.79,PI-SIDIS,0.44,4.4,0.56,2.0,121.705,68.785,121.713,68.789,122.609,69.296,265.356,149.974,119.259,67.403,0.9997,0.9904,0.9897,0.9846,-1.0,-1.0,-1.0,-1.0,-1.0,1.0,-999,-999,3366.0,2950.69,58.2919,24.6306,0.486585,51.3105,0.491754,-999,-999,-999,-999,-999,4477561,77497769
27981,8.5814,LH2,-3.254,22.895,-2.978,14.79,PI-SIDIS,0.44,4.4,0.56,2.0,138.152,70.68,138.247,70.728,138.292,70.752,295.626,151.245,133.616,68.359,0.9996,0.9906,0.9884,0.9853,-1.0,-1.0,-1.0,-1.0,-1.0,1.0,-999,-999,3684.0,3191.0,61.0076,23.4364,0.448072,51.3688,0.476282,-999,-999,-999,-999,-999,5078090,87843219
27982,8.5814,LH2,-3.254,22.895,-2.978,14.79,PI-SIDIS,0.44,4.4,0.56,2.0,132.322,68.626,132.448,68.692,132.702,68.824,287.59,149.154,127.922,66.344,0.9995,0.9896,0.9868,0.984,-1.0,-1.0,-1.0,-1.0,-1.0,1.0,-999,-999,3671.0,3193.54,60.8911,24.5172,0.467468,51.3462,0.472352,-999,-999,-999,-999,-999,4863303,84194296
27983,8.5814,Dummy,-3.254,22.895,-2.978,14.79,PI-SIDIS,0.44,4.4,0.56,2.0,90.993,50.966,91.024,50.983,91.542,51.273,270.935,151.753,91.562,51.284,1.0,0.9966,0.9875,0.9832,-1.0,-1.0,-1.0,-1.0,-1.0,1.0,-999,-999,683.0,655.154,26.1752,7.32058,0.292478,51.3541,0.477701,-999,-999,-999,-999,-999,1125537,22971005
27984,8.5814,Dummy,-3.254,22.895,-2.978,14.79,PI-SIDIS,0.44,4.4,0.56,2.0,80.237,48.364,80.188,48.335,80.848,48.733,242.862,146.389,80.772,48.687,0.9994,0.9945,0.9951,0.9798,-1.0,-1.0,-1.0,-1.0,-1.0,1.0,-999,-999,602.0,579.0,24.5717,7.37382,0.312932,51.3102,0.413798,-999,-999,-999,-999,-999,992869,20252624
27985,8.5814,Dummy,-3.254,22.895,-2.978,14.79,PI-SIDIS,0.44,4.4,0.56,2.0,88.156,50.646,88.101,50.615,88.491,50.839,262.173,150.62,88.285,50.72,1.0,0.9951,0.9857,0.9818,-1.0,-1.0,-1.0,-1.0,-1.0,1.0,-999,-999,656.0,629.692,25.652,7.27989,0.296563,51.3728,0.479876,-999,-999,-999,-999,-999,1090352,22245836
27986,8.5814,Dummy,-3.254,22.895,-2.978,14.79,PI-SIDIS,0.44,4.4,0.56,2.0,75.507,50.715,75.503,50.713,75.438,50.669,224.768,150.968,75.29,50.569,0.9997,0.9956,0.9813,0.9822,-1.0,-1.0,-1.0,-1.0,-1.0,1.0,-999,-999,569.0,547.077,23.889,7.37929,0.322229,51.3883,0.467064,-999,-999,-999,-999,-999,934557,19057692
27987,8.5814,LD2,-3.254,22.895,-2.978,14.79,PI-SIDIS,0.44,4.4,0.56,2.0,113.104,68.576,113.212,68.642,113.528,68.833,245.64,148.934,109.342,66.295,0.9996,0.9934,0.9853,0.9821,-1.0,-1.0,-1.0,-1.0,-1.0,1.0,-999,-999,7102.0,5407.0,85.0434,48.6552,0.765267,51.3083,0.497034,-999,-999,-999,-999,-999,7363098,152103446
27988,8.5814,LD2,-3.254,22.895,-2.978,14.79,PI-SIDIS,0.44,4.4,0.56,2.0,106.791,66.905,106.911,66.98,107.732,67.494,235.628,147.622,103.251,64.687,0.9996,0.9936,0.985,0.982,-1.0,-1.0,-1.0,-1.0,-1.0,1.0,-999,-999,6889.0,5295.69,83.7351,50.4672,0.797984,51.3017,0.483275,-999,-999,-999,-999,-999,6956608,143623740
27989,8.5814,LD2,-3.254,22.895,-2.978,14.79,PI-SIDIS,0.44,4.4,0.56,2.0,100.434,65.935,100.448,65.945,100.952,66.276,223.141,146.494,97.033,63.703,0.9995,0.9941,0.9866,0.982,-1.0,-1.0,-1.0,-1.0,-1.0,1.0,-999,-999,6200.0,4707.15,79.4659,47.7516,0.80614,51.3352,0.471258,-999,-999,-999,-999,-999,6540109,134779992
27990,8.5814,LD2,-3.254,22.895,-2.978,14.79,PI-SIDIS,0.44,4.4,0.56,2.0,29.337,72.123,29.33,72.104,29.402,72.283,61.914,152.21,28.201,69.33,0.9996,0.9935,0.9869,0.9827,-1.0,-1.0,-1.0,-1.0,-1.0,1.0,-999,-999,1926.0,1475.46,44.2793,51.2172,1.53705,51.3233,0.488505,-999,-999,-999,-999,-999,1911335,39331475
27992,8.5814,LD2,-3.254,22.895,-2.978,14.79,PI-SIDIS,0.44,4.4,0.56,2.0,98.151,63.915,98.241,63.974,99.11,64.54,219.917,143.209,96.167,62.623,0.9995,0.9935,0.9859,0.9822,-1.0,-1.0,-1.0,-1.0,-1.0,1.0,-999,-999,6262.0,4808.54,79.8361,49.866,0.827925,51.2751,0.489335,-999,-999,-999,-999,-999,6392428,132138504
27993,8.5814,LD2,-3.254,22.895,-2.978,14.79,PI-SIDIS,0.44,4.4,0.56,2.0,117.748,69.381,117.893,69.466,118.65,69.912,256.197,150.959,115.206,67.883,0.9996,0.9933,0.9849,0.9823,-1.0,-1.0,-1.0,-1.0,-1.0,1.0,-999,-999,7507.0,5757.38,87.4162,49.7423,0.755252,51.315,0.488446,-999,-999,-999,-999,-999,7673055,158239983
27994,8.5814,LD2,-3.254,22.895,-2.978,14.79,PI-SIDIS,0.44,4.4,0.56,2.0,104.828,66.55,104.92,66.609,105.145,66.752,233.231,148.067,102.591,65.13,0.9996,0.994,0.9852,0.9819,-1.0,-1.0,-1.0,-1.0,-1.0,1.0,-999,-999,6773.0,5247.38,83.0082,50.9629,0.80618,51.3315,0.489301,-999,-999,-999,-999,-999,6827153,140609535
27995,8.5814,LD2,-3.254,19.185,-2.978,14.79,HMSDIS,0.31,3.1,-999,-999,47574.562,68.864,47628.338,68.942,47649.995,68.973,100748.079,145.832,43693.094,63.245,0.9993,0.9953,-999,-999,-1.0,-1.0,-1.0,9.0,-1.0,-1.0,-999,-999,-999,-999,-999,138.594,0.161978,-999,-999,-999,-999,-999,-999,-999,10261926,63940878
27996,8.5814,LD2,-3.254,19.185,-2.978,14.79,HMSDIS,0.31,3.1,-999,-999,34018.744,55.785,34059.65,55.852,34036.599,55.815,92900.228,152.342,34002.023,55.758,0.9994,0.9956,-999,-999,-1.0,-1.0,-1.0,5.0,-1.0,-1.0,-999,-999,-999,-999,-999,139.406,0.14322,-999,-999,-999,-999,-999,-999,-999,7373642,45600999
27997,8.5814,LD2,-3.254,19.185,-2.978,14.79,HMSDIS,0.31,3.1,-999,-999,15785.728,34.55,15776.642,34.53,15756.85,34.486,68021.911,148.876,15768.2,34.511,0.9995,0.996,-999,-999,-1.0,-1.0,-1.0,5.0,-1.0,-1.0,-999,-999,-999,-999,-999,139.792,0.210655,-999,-999,-999,-999,-999,-999,-999,3422472,21032515
27998,8.5814,LD2,-3.254,19.185,-2.978,14.79,HMSDIS,0.31,3.1,-999,-999,9839.628,14.937,9833.634,14.928,9904.301,15.035,55994.328,85.003,9917.061,15.055,0.9996,0.9959,-999,-999,-1.0,-1.0,-1.0,5.0,-1.0,-1.0,-999,-999,-999,-999,-999,141.502,0.268321,-999,-999,-999,-999,-999,-999,-999,2167489,13136242
27999,8.5814,LD2,-3.254,19.185,-2.978,14.79,HMSDIS,0.31,3.1,-999,-999,6111.417,9.888,6112.193,9.889,6208.67,10.045,35200.556,56.951,6209.48,10.046,0.9996,0.9956,-999,-999,-1.0,-1.0,-1.0,5.0,-1.0,-1.0,-999,-999,-999,-999,-999,143.239,0.342402,-999,-999,-999,-999,-999,-999,-999,1360117,8213765
28000,8.5814,LH2,-3.254,19.185,-2.978,14.79,HMSDIS,0.31,3.1,-999,-999,37665.5,69.769,37648.833,69.738,38025.887,70.436,79405.311,147.084,34587.919,64.068,0.9995,0.9939,-999,-999,-1.0,-1.0,-1.0,5.0,-1.0,-1.0,-999,-999,-999,-999,-999,74.7304,0.0997042,-999,-999,-999,-999,-999,-999,-999,4363516,23977326
28001,8.5814,LH2,-3.254,19.185,-2.978,14.79,HMSDIS,0.31,3.1,-999,-999,28290.168,52.569,28284.739,52.559,28569.843,53.089,79024.208,146.843,28541.366,53.036,0.9996,0.9941,-999,-999,-1.0,-1.0,-1.0,5.0,-1.0,-1.0,-999,-999,-999,-999,-999,75.2848,0.115424,-999,-999,-999,-999,-999,-999,-999,3298654,18079265
28002,8.5814,LH2,-3.254,19.185,-2.978,14.79,HMSDIS,0.31,3.1,-999,-999,19677.705,34.047,19645.604,33.992,19750.189,34.173,84911.42,146.918,19706.296,34.097,0.9996,0.9948,-999,-999,-1.0,-1.0,-1.0,5.0,-1.0,-1.0,-999,-999,-999,-999,-999,75.8301,0.138971,-999,-999,-999,-999,-999,-999,-999,2304155,12531332
28003,8.5814,LH2,-3.254,19.185,-2.978,14.79,HMSDIS,0.31,3.1,-999,-999,7925.704,15.061,7919.612,15.05,7983.49,15.171,45113.03,85.729,7966.705,15.139,0.9997,0.9943,-999,-999,-1.0,-1.0,-1.0,1.0,-1.0,-1.0,-999,-999,-999,-999,-999,76.5425,0.0984507,-999,-999,-999,-999,-999,-999,-999,943607,5079260
28004,8.5814,LH2,-3.254,19.185,-2.978,14.79,HMSDIS,0.31,3.1,-999,-999,5429.816,9.894,5433.881,9.902,5498.354,10.019,31166.041,56.791,5480.538,9.987,0.9997,0.9946,-999,-999,-1.0,-1.0,-1.0,1.0,-1.0,-1.0,-999,-999,-999,-999,-999,77.5266,0.119546,-999,-999,-999,-999,-999,-999,-999,655454,3509419
28005,8.5814,Dummy,-3.254,19.185,-2.978,14.79,HMSDIS,0.31,3.1,-999,-999,25560.674,35.519,25545.166,35.497,25537.288,35.486,99409.816,138.138,25505.594,35.442,0.9996,0.9951,-999,-999,-1.0,-1.0,-1.0,1.0,-1.0,-1.0,-999,-999,-999,-999,-999,27.3974,0.0327938,-999,-999,-999,-999,-999,-999,-999,1089519,6431321
28006,8.5814,C,-3.254,19.185,-2.978,14.79,HMSDIS,0.31,3.1,-999,-999,29954.273,50.734,29968.22,50.758,30068.636,50.928,89944.325,152.341,30102.391,50.985,0.9995,0.996,-999,-999,-1.0,-1.0,-1.0,3.0,-1.0,-1.0,-999,-999,-999,-999,-999,91.9962,0.0960727,-999,-999,-999,-999,-999,-999,-999,4271735,24946711
28007,8.5814,C,-3.254,19.185,-2.978,14.79,HMSDIS,0.31,3.1,-999,-999,19944.065,35.536,19933.555,35.517,20008.26,35.65,85498.759,152.341,20028.815,35.687,0.9996,0.9959,-999,-999,-1.0,-1.0,-1.0,3.0,-1.0,-1.0,-999,-999,-999,-999,-999,91.9169,0.117701,-999,-999,-999,-999,-999,-999,-999,2839786,16494361
28008,8.5814,C,-3.254,19.185,-2.978,14.79,HMSDIS,0.31,3.1,-999,-999,13151.579,15.09,13155.142,15.094,13300.264,15.261,75176.718,86.257,13309.037,15.271,0.9996,0.9959,-999,-999,-1.0,-1.0,-1.0,3.0,-1.0,-1.0,-999,-999,-999,-999,-999,92.8316,0.145553,-999,-999,-999,-999,-999,-999,-999,1899741,10893298
28010,8.5814,C,-3.254,19.185,-2.978,14.79,HMSDIS,0.31,3.1,-999,-999,9024.339,9.925,9027.794,9.929,9138.296,10.05,51815.523,56.986,9130.948,10.042,0.9996,0.996,-999,-999,-1.0,-1.0,-1.0,1.0,-1.0,-1.0,-999,-999,-999,-999,-999,93.7019,0.102004,-999,-999,-999,-999,-999,-999,-999,1317884,7540205
28012,8.5814,C,-3.254,19.185,-2.978,14.79,HMSDIS,0.31,3.1,-999,-999,6170.722,4.854,6205.263,4.882,6407.168,5.04,36644.389,28.827,6396.258,5.032,0.9997,0.996,-999,-999,-1.0,-1.0,-1.0,1.0,-1.0,-1.0,-999,-999,-999,-999,-999,96.0422,0.124482,-999,-999,-999,-999,-999,-999,-999,934174,5290679
28014,8.5814,Cu,-3.254,19.185,-2.978,14.79,HMSDIS,0.31,3.1,-999,-999,47415.905,71.042,47458.932,71.106,47925.993,71.806,98686.386,147.859,43523.205,65.21,0.9994,0.9963,-999,-999,-1.0,-1.0,-1.0,5.0,-1.0,-1.0,-999,-999,-999,-999,-999,73.3127,0.0879641,-999,-999,-999,-999,-999,-999,-999,5428004,35570775
28015,8.5814,Cu,-3.254,19.185,-2.978,14.79,HMSDIS,0.31,3.1,-999,-999,41654.846,55.765,41706.195,55.834,42077.943,56.332,113789.781,152.335,42011.958,56.243,0.9995,0.9966,-999,-999,-1.0,-1.0,-1.0,3.0,-1.0,-1.0,-999,-999,-999,-999,-999,73.4451,0.0727623,-999,-999,-999,-999,-999,-999,-999,4769276,31112882
28016,8.5814,Cu,-3.254,19.185,-2.978,14.79,HMSDIS,0.31,3.1,-999,-999,30621.354,35.412,30608.642,35.397,30696.663,35.499,131731.0,152.339,30620.171,35.41,0.9995,0.9965,-999,-999,-1.0,-1.0,-1.0,2.0,-1.0,-1.0,-999,-999,-999,-999,-999,73.3525,0.0693033,-999,-999,-999,-999,-999,-999,-999,3499902,22662180
28018,8.5814,Cu,-3.254,19.185,-2.978,14.79,HMSDIS,0.31,3.1,-999,-999,13090.672,14.979,13082.101,14.97,13147.035,15.044,74287.97,85.006,13110.702,15.002,0.9997,0.9965,-999,-999,-1.0,-1.0,-1.0,1.0,-1.0,-1.0,-999,-999,-999,-999,-999,74.2661,0.0754799,-999,-999,-999,-999,-999,-999,-999,1518104,9686799
28019,8.5814,Cu,-3.254,19.185,-2.978,14.79,HMSDIS,0.31,3.1,-999,-999,8768.109,9.97,8769.028,9.971,8839.423,10.051,50113.489,56.984,8809.555,10.017,0.9997,0.9966,-999,-999,-1.0,-1.0,-1.0,1.0,-1.0,-1.0,-999,-999,-999,-999,-999,75.0002,0.0925718,-999,-999,-999,-999,-999,-999,-999,1030118,6535551
28020,8.5814,Cu,-3.254,19.185,-2.978,14.79,HMSDIS,0.31,3.1,-999,-999,9385.254,4.846,9426.788,4.868,9692.142,5.005,55448.611,28.631,9673.072,4.995,0.9997,0.9968,-999,-999,-1.0,-1.0,-1.0,1.0,-1.0,-1.0,-999,-999,-999,-999,-999,77.1228,0.0904979,-999,-999,-999,-999,-999,-999,-999,1147387,7188605
28021,8.5814,LD2,3.254,22.885,-2.978,14.79,PI-SIDIS,0.44,4.4,0.56,2.0,138.126,65.275,138.286,65.35,138.795,65.591,310.536,146.751,135.282,63.931,0.9912,0.9974,0.9837,0.9782,-1.0,-1.0,-1.0,-1.0,-1.0,1.0,-999,-999,4.0,1.69231,2.0439,0.0126222,0.0152445,51.25,0.5,-999,-999,-999,-999,-999,179847,185711740
28022,8.5814,Dummy,3.254,22.885,-2.978,14.79,PI-SIDIS,0.44,4.4,0.56,2.0,115.686,49.847,115.596,49.808,116.488,50.193,349.418,150.558,116.615,50.247,0.9375,0.9973,0.9863,0.9674,-1.0,-1.0,-1.0,-1.0,-1.0,1.0,-999,-999,0.0,-0.0769231,0.0769231,-0.00073373,0.00073373,51.25,0.5,-999,-999,-999,-999,-999,51344,29147126
28023,8.5814,LH2,3.254,22.885,-2.978,14.79,PI-SIDIS,0.44,4.4,0.56,2.0,110.553,68.813,110.585,68.833,111.187,69.207,241.916,150.578,107.979,67.21,0.9802,0.9976,0.9856,0.9783,-1.0,-1.0,-1.0,-1.0,-1.0,1.0,-999,-999,2.0,1.61538,1.42464,0.0152344,0.0134354,51.25,0.5,-999,-999,-999,-999,-999,77024,70450604
28024,8.5814,LH2,3.254,22.885,-2.978,14.79,PI-SIDIS,0.44,4.4,0.56,2.0,102.9,69.231,102.994,69.295,103.302,69.502,223.936,150.664,100.504,67.619,1.0,0.9969,0.9899,0.9761,-1.0,-1.0,-1.0,-1.0,-1.0,1.0,-999,-999,1.0,0.615385,1.01469,0.00612141,0.0100934,51.25,0.5,-999,-999,-999,-999,-999,70889,65562609
28025,8.5814,LH2,3.254,22.885,-3.837,14.79,PI-SIDIS,0.44,4.4,0.72,2.0,121.372,69.571,121.406,69.591,122.524,70.232,263.302,150.927,118.475,67.911,0.9896,0.9981,0.988,0.9707,-1.0,-1.0,-1.0,-1.0,-1.0,1.0,-999,-999,2.0,1.84615,1.41839,0.0158301,0.0121622,51.25,0.5,-999,-999,-999,-999,-999,83692,73113839
28026,8.5814,LH2,3.254,22.885,-3.837,14.79,PI-SIDIS,0.44,4.4,0.72,2.0,104.569,64.104,104.525,64.077,105.083,64.419,238.407,146.15,102.142,62.616,0.9848,0.9974,0.9883,0.9694,-1.0,-1.0,-1.0,-1.0,-1.0,1.0,-999,-999,0.0,0.0,0.0,0.0,0.0,51.25,0.5,-999,-999,-999,-999,-999,73224,62939813
28027,8.5814,LH2,3.254,22.885,3.837,14.79,PI+SIDIS,0.44,4.4,0.72,2.0,176.039,68.379,176.206,68.444,177.598,68.985,385.596,149.779,172.05,66.83,0.9775,0.9976,0.9847,0.9773,-1.0,-1.0,-1.0,-1.0,-1.0,1.0,-999,-999,1.0,0.769231,1.00884,0.00456974,0.00599316,51.25,0.5,-999,-999,-999,-999,-999,121294,30635966
28028,8.5814,LH2,3.254,22.885,2.978,14.79,PI+SIDIS,0.44,4.4,0.56,2.0,172.658,69.05,172.762,69.092,173.672,69.456,377.014,150.777,168.77,67.495,0.9905,0.9975,0.9812,0.9736,-1.0,-1.0,-1.0,-1.0,-1.0,1.0,-999,-999,1.0,0.307692,1.02628,0.00184694,0.0061603,51.25,0.5,-999,-999,-999,-999,-999,119319,50418149
28029,8.5814,LH2,3.254,22.885,2.978,14.79,HMSDIS,0.44,4.4,-999,-999,58387.74,69.625,58364.485,69.598,58452.286,69.702,126720.573,151.11,56959.463,67.922,0.9898,0.9972,-999,-999,-1.0,-1.0,-1.0,1.0,-1.0,-1.0,-999,-999,-999,-999,-999,0.0252681,0.000661751,-999,-999,-999,-999,-999,-999,-999,40335,16961666
28030,8.5814,Dummy,3.254,22.885,2.978,14.79,PI+SIDIS,0.44,4.4,0.56,2.0,85.737,49.929,85.686,49.899,86.159,50.175,258.978,150.817,86.342,50.282,1.0,0.9975,0.9852,0.9734,-1.0,-1.0,-1.0,-1.0,-1.0,1.0,-999,-999,0.0,-0.0769231,0.0769231,-0.000922264,0.000922264,51.25,0.5,-999,-999,-999,-999,-999,37692,6322888
28031,8.5814,Dummy,3.254,22.885,2.978,14.79,HMSDIS,0.44,4.4,-999,-999,44331.812,49.969,44336.169,49.974,44710.462,50.396,134215.637,151.283,44742.652,50.432,0.9826,0.9973,-999,-999,-1.0,-1.0,-1.0,1.0,-1.0,-1.0,-999,-999,-999,-999,-999,0.0119397,0.00052359,-999,-999,-999,-999,-999,-999,-999,19334,3286709
28032,8.5814,C,3.254,22.885,2.978,14.79,PI+SIDIS,0.44,4.4,0.56,2.0,138.739,50.774,138.819,50.803,139.089,50.902,416.266,152.34,138.968,50.858,0.9889,0.9972,0.9785,0.9747,-1.0,-1.0,-1.0,-1.0,-1.0,1.0,-999,-999,3.0,1.15385,1.77257,0.00862384,0.0132482,51.25,0.5,-999,-999,-999,-999,-999,156441,44334429
28033,8.5814,C,3.254,22.885,2.978,14.79,HMSDIS,0.44,4.4,-999,-999,45382.87,50.66,45410.274,50.691,45343.778,50.617,136472.868,152.343,45320.304,50.59,0.9898,0.997,-999,-999,-1.0,-1.0,-1.0,1.0,-1.0,-1.0,-999,-999,-999,-999,-999,0.0553763,0.00111086,-999,-999,-999,-999,-999,-999,-999,51647,14431281
28034,8.5814,Cu,3.254,22.885,2.978,14.79,PI+SIDIS,0.44,4.4,0.56,2.0,109.939,60.931,109.922,60.922,110.543,61.266,274.869,152.34,110.792,61.404,0.9891,0.9968,0.9786,0.9717,-1.0,-1.0,-1.0,-1.0,-1.0,1.0,-999,-999,7.0,3.76923,2.69231,0.0356776,0.025484,51.25,0.5,-999,-999,-999,-999,-999,157907,34186086
28035,8.5814,Cu,3.254,22.885,2.978,14.79,PI+SIDIS,0.44,4.4,0.56,2.0,42.3,60.734,42.289,60.719,42.73,61.352,105.944,152.113,42.804,61.458,0.995,0.9964,0.978,0.9698,-1.0,-1.0,-1.0,-1.0,-1.0,1.0,-999,-999,3.0,2.15385,1.75074,0.0527844,0.0429055,51.25,0.5,-999,-999,-999,-999,-999,60680,13158292
28036,8.5814,Cu,3.254,22.885,2.978,14.79,PI+SIDIS,0.44,4.4,0.56,2.0,74.897,60.862,74.945,60.901,75.189,61.099,187.471,152.34,75.129,61.05,0.9943,0.9966,0.9791,0.9719,-1.0,-1.0,-1.0,-1.0,-1.0,1.0,-999,-999,1.0,-0.692308,1.0631,-0.00955976,0.0146798,51.25,0.5,-999,-999,-999,-999,-999,107999,23329189
28037,8.5814,Cu,3.254,22.885,2.978,14.79,HMSDIS,0.44,4.4,-999,-999,41519.01,59.121,41560.066,59.179,41599.019,59.235,105321.234,149.972,41564.785,59.186,0.9898,0.9965,-999,-999,-1.0,-1.0,-1.0,1.0,-1.0,-1.0,-999,-999,-999,-999,-999,0.100965,0.00157013,-999,-999,-999,-999,-999,-999,-999,60136,12841011
28038,8.5814,Al,3.254,22.885,2.978,14.79,HMSDIS,0.44,4.4,-999,-999,40672.72,45.766,40651.199,45.742,40837.426,45.951,127839.877,143.849,40728.706,45.829,0.9866,0.9978,-999,-999,-1.0,-1.0,-1.0,1.0,-1.0,-1.0,-999,-999,-999,-999,-999,0.0146662,0.000604822,-999,-999,-999,-999,-999,-999,-999,19469,2954365
28039,8.5814,LD2,3.254,22.885,2.978,14.79,PI+SIDIS,0.44,4.4,0.56,2.0,103.334,46.981,103.197,46.919,104.253,47.399,320.026,145.501,103.746,47.169,0.9923,0.9973,0.977,0.9718,-1.0,-1.0,-1.0,-1.0,-1.0,1.0,-999,-999,1.0,-0.846154,1.06865,-0.00850327,0.0107392,51.25,0.5,-999,-999,-999,-999,-999,134747,60594055
28040,8.5814,LD2,3.254,22.885,2.978,14.79,HMSDIS,0.44,4.4,-999,-999,44432.131,47.586,44378.864,47.529,44519.157,47.679,136958.34,146.679,44261.964,47.404,0.9872,0.9976,-999,-999,-1.0,-1.0,-1.0,1.0,-1.0,-1.0,-999,-999,-999,-999,-999,0.0518924,0.0010894,-999,-999,-999,-999,-999,-999,-999,57927,25844751
28042,8.5814,LD2,3.254,19.185,2.806,12.99,PI+SIDIS,0.31,3.1,0.53,2.0,6.74,25.257,6.729,25.218,6.775,25.391,36.405,136.431,6.742,25.267,0.9921,0.9978,0.9788,0.9753,-1.0,-1.0,-1.0,-1.0,-1.0,1.0,-999,-999,4.0,3.07692,2.01767,0.472623,0.309919,51.25,0.5,-999,-999,-999,-999,-999,52127,6358923
28043,8.5814,LD2,3.254,19.185,2.806,12.99,PI+SIDIS,0.31,3.1,0.53,2.0,15.943,27.998,15.924,27.964,15.939,27.99,85.527,150.194,15.857,27.847,0.9984,0.9979,0.9763,0.977,-1.0,-1.0,-1.0,-1.0,-1.0,1.0,-999,-999,6.0,2.69231,2.50089,0.173351,0.161026,51.25,0.5,-999,-999,-999,-999,-999,122976,15002282
28045,8.5814,LD2,3.254,19.185,2.806,12.99,HMSDIS,0.31,3.1,-999,-999,31464.528,26.593,31441.064,26.574,31462.878,26.592,169101.232,142.922,31310.863,26.464,0.9926,0.9979,-999,-999,-1.0,-1.0,-1.0,1.0,-1.0,-1.0,-999,-999,-999,-999,-999,0.392739,0.00371601,-999,-999,-999,-999,-999,-999,-999,242714,29428334
28048,8.5814,Dummy,3.254,19.185,2.806,12.99,PI+SIDIS,0.31,3.1,0.53,2.0,48.484,47.623,48.509,47.648,48.844,47.977,149.454,146.801,48.787,47.921,1.0,0.9974,0.9917,0.9767,-1.0,-1.0,-1.0,-1.0,-1.0,1.0,-999,-999,2.0,1.76923,1.42048,0.0373423,0.0299813,51.25,0.5,-999,-999,-999,-999,-999,71011,5499875
28049,8.5814,Dummy,3.254,19.185,2.806,12.99,HMSDIS,0.31,3.1,-999,-999,35890.457,45.607,35910.498,45.632,36242.94,46.055,112326.562,142.736,36197.535,45.997,0.9909,0.9982,-999,-999,-1.0,-1.0,-1.0,1.0,-1.0,-1.0,-999,-999,-999,-999,-999,0.0687494,0.00139094,-999,-999,-999,-999,-999,-999,-999,52549,4071276
28050,8.5814,LH2,3.254,19.185,2.806,12.99,PI+SIDIS,0.31,3.1,0.53,2.0,24.985,44.398,24.979,44.387,25.241,44.853,79.079,140.523,25.147,44.685,0.9905,0.9979,0.9781,0.9769,-1.0,-1.0,-1.0,-1.0,-1.0,1.0,-999,-999,4.0,2.0,2.0381,0.0827552,0.0843317,51.25,0.5,-999,-999,-999,-999,-999,96850,11856353
28051,8.5814,LH2,3.254,19.185,2.806,12.99,PI+SIDIS,0.31,3.1,0.53,2.0,60.262,50.175,60.252,50.166,60.548,50.413,181.734,151.314,60.456,50.337,0.9933,0.998,0.9767,0.9768,-1.0,-1.0,-1.0,-1.0,-1.0,1.0,-999,-999,6.0,0.692308,2.53146,0.0118441,0.0433084,51.25,0.5,-999,-999,-999,-999,-999,232422,28513240
28052,8.5814,LH2,3.254,19.185,2.806,12.99,HMSDIS,0.31,3.1,-999,-999,35833.787,43.438,35838.431,43.444,36123.267,43.789,113258.943,137.294,36074.929,43.731,0.9932,0.998,-999,-999,-1.0,-1.0,-1.0,2.0,-1.0,-1.0,-999,-999,-999,-999,-999,0.188087,0.00325257,-999,-999,-999,-999,-999,-999,-999,138551,16865046
28053,8.5814,LH2,3.254,19.185,-2.806,12.99,PI-SIDIS,0.31,3.1,0.53,2.0,98.65,48.205,98.635,48.197,99.117,48.433,275.047,134.4,98.86,48.307,0.9965,0.9981,0.9872,0.9818,-1.0,-1.0,-1.0,-1.0,-1.0,1.0,-999,-999,21.0,14.9231,4.6333,0.154658,0.048018,51.25,0.5,-999,-999,-999,-999,-999,382484,106681213
28054,8.5814,Dummy,3.254,19.185,-2.806,12.99,PI-SIDIS,0.31,3.1,0.53,2.0,17.134,42.039,17.122,42.009,17.258,42.344,54.727,134.275,17.244,42.309,1.0,0.9976,0.9891,0.9782,-1.0,-1.0,-1.0,-1.0,-1.0,1.0,-999,-999,0.0,-0.153846,0.108786,-0.00918554,0.00649515,51.25,0.5,-999,-999,-999,-999,-999,25452,7225266
28055,8.5814,Dummy,3.254,19.185,-2.806,12.99,PI-SIDIS,0.31,3.1,0.53,2.0,41.161,45.928,41.188,45.958,41.343,46.131,128.459,143.337,41.195,45.966,1.0,0.9972,0.9903,0.9819,-1.0,-1.0,-1.0,-1.0,-1.0,1.0,-999,-999,3.0,3.0,1.73205,0.0741794,0.0428275,51.25,0.5,-999,-999,-999,-999,-999,60293,17424894
28056,8.5814,Dummy,3.254,16.13,-2.766,8.41,PI-SIDIS,0.22,2.2,0.52,-1.0,58.817,48.684,58.81,48.678,58.91,48.761,179.902,148.908,58.787,48.659,0.9939,0.9982,0.9845,0.9811,-1.0,-1.0,-1.0,-1.0,-1.0,1.0,-999,-999,17.0,9.30769,4.19425,0.162324,0.0731468,51.25,0.5,-999,-999,-999,-999,-999,221369,132477379
28057,8.5814,LH2,3.254,16.13,-2.766,8.41,PI-SIDIS,0.22,2.2,0.52,-1.0,28.48,25.21,28.425,25.161,28.604,25.32,160.752,142.296,28.573,25.292,0.9927,0.9985,0.9833,0.9778,-1.0,-1.0,-1.0,-1.0,-1.0,1.0,-999,-999,31.0,13.7692,5.68555,0.499202,0.206129,51.25,0.5,-999,-999,-999,-999,-999,351958,163665627
28058,8.5814,LH2,3.254,16.13,-2.766,11.41,PI-SIDIS,0.22,2.2,0.52,2.0,119.183,56.353,119.213,56.367,120.551,57.0,309.087,146.146,120.247,56.857,0.9934,0.9979,0.9843,0.98,-1.0,-1.0,-1.0,-1.0,-1.0,1.0,-999,-999,106.0,43.6154,10.5261,0.376073,0.0907612,51.25,0.5,-999,-999,-999,-999,-999,1474712,219827388
28059,8.5814,Dummy,3.254,16.13,-2.766,11.41,PI-SIDIS,0.22,2.2,0.52,2.0,46.086,44.719,46.11,44.742,46.303,44.929,145.592,141.272,46.115,44.747,0.9889,0.9984,0.988,0.9842,-1.0,-1.0,-1.0,-1.0,-1.0,1.0,-999,-999,11.0,8.61538,3.34416,0.191981,0.0745198,51.25,0.5,-999,-999,-999,-999,-999,175069,32487266
28060,8.5814,Dummy,3.254,16.13,2.766,11.41,PI+SIDIS,0.22,2.2,0.52,2.0,32.135,50.731,32.141,50.74,32.252,50.916,96.502,152.346,32.203,50.839,0.9836,0.9983,0.9791,0.9807,-1.0,-1.0,-1.0,-1.0,-1.0,1.0,-999,-999,5.0,3.23077,2.2663,0.104212,0.0731021,51.25,0.5,-999,-999,-999,-999,-999,121046,5871409
28061,8.5814,Dummy,3.254,16.13,2.766,11.41,HMSDIS,0.22,2.2,-999,-999,25971.08,49.843,25962.065,49.826,26117.893,50.125,78294.172,150.26,26089.781,50.071,0.9933,0.9982,-999,-999,-1.0,-1.0,-1.0,2.0,-1.0,-1.0,-999,-999,-999,-999,-999,0.284755,0.00470236,-999,-999,-999,-999,-999,-999,-999,98429,4808185
28062,8.5814,LH2,3.254,16.13,2.766,11.41,PI+SIDIS,0.22,2.2,0.52,2.0,33.453,29.421,33.388,29.364,33.676,29.617,167.713,147.499,33.584,29.536,0.995,0.9982,0.9823,0.9791,-1.0,-1.0,-1.0,-1.0,-1.0,1.0,-999,-999,28.0,13.0769,5.39888,0.402132,0.166023,51.25,0.5,-999,-999,-999,-999,-999,412346,25113657
28063,8.5814,LH2,3.254,16.13,2.766,11.41,HMSDIS,0.22,2.2,-999,-999,20643.102,28.128,20609.813,28.083,20750.431,28.274,103897.071,141.568,20664.899,28.158,0.9927,0.9983,-999,-999,-1.0,-1.0,-1.0,5.0,-1.0,-1.0,-999,-999,-999,-999,-999,0.87805,0.0146545,-999,-999,-999,-999,-999,-999,-999,255719,15438812
28064,8.5814,LH2,3.254,16.13,2.766,11.41,HMSDIS,0.22,2.2,-999,-999,24691.495,29.456,24659.766,29.418,24740.124,29.514,123701.597,147.573,24645.783,29.402,0.9933,0.9983,-999,-999,-1.0,-1.0,-1.0,5.0,-1.0,-1.0,-999,-999,-999,-999,-999,0.874155,0.0133634,-999,-999,-999,-999,-999,-999,-999,305953,18418225
28065,8.5814,LH2,3.254,16.13,2.766,8.405,PI+SIDIS,0.22,2.2,0.52,-1.0,29.371,19.041,29.363,19.036,29.442,19.087,166.061,107.655,29.338,19.019,0.9955,0.9984,0.9794,0.9781,-1.0,-1.0,-1.0,-1.0,-1.0,1.0,-999,-999,18.0,0.615385,4.39742,0.0215286,0.153839,51.25,0.5,-999,-999,-999,-999,-999,370777,55859733
28066,8.5814,Dummy,3.254,16.13,2.766,8.405,PI+SIDIS,0.22,2.2,0.52,-1.0,24.465,45.043,24.478,45.067,24.582,45.259,78.946,145.35,24.57,45.236,0.9961,0.998,0.977,0.979,-1.0,-1.0,-1.0,-1.0,-1.0,1.0,-999,-999,4.0,0.0769231,2.07407,0.00322308,0.0869038,51.25,0.5,-999,-999,-999,-999,-999,93141,13487390
28067,8.5814,Dummy,3.254,13.755,2.738,10.125,PI+SIDIS,0.16,1.6,0.51,2.0,20.589,38.285,20.604,38.312,20.795,38.668,69.517,129.263,20.764,38.61,0.9937,0.9981,0.9783,0.9807,-1.0,-1.0,-1.0,-1.0,-1.0,1.0,-999,-999,13.0,7.07692,3.66819,0.35251,0.182717,51.25,0.5,-999,-999,-999,-999,-999,169537,5627356
28068,8.5814,Dummy,3.254,13.755,2.738,10.125,HMSDIS,0.16,1.6,-999,-999,40870.79,45.823,40874.381,45.827,41311.53,46.317,127820.385,143.308,41189.092,46.18,0.9942,0.9982,-999,-999,-1.0,-1.0,-1.0,1.0,-1.0,-1.0,-999,-999,-999,-999,-999,0.914955,0.0060379,-999,-999,-999,-999,-999,-999,-999,333668,11255771
28069,8.5814,LH2,3.254,13.755,2.738,10.125,PI+SIDIS,0.16,1.6,0.51,2.0,38.323,23.466,38.265,23.43,38.674,23.681,217.943,133.45,38.416,23.523,0.9936,0.9982,0.9806,0.9792,-1.0,-1.0,-1.0,-1.0,-1.0,1.0,-999,-999,122.0,65.7692,11.2395,1.76766,0.302079,51.25,0.5,-999,-999,-999,-999,-999,1115292,42316722
28073,8.5814,LH2,3.254,13.755,2.738,10.125,HMSDIS,0.16,1.6,-999,-999,20322.021,24.803,20295.333,24.771,20351.597,24.84,114677.288,139.966,20230.551,24.692,0.9939,0.9982,-999,-999,-1.0,-1.0,-1.0,5.0,-1.0,-1.0,-999,-999,-999,-999,-999,2.70757,0.0259183,-999,-999,-999,-999,-999,-999,-999,595162,22323243
28074,8.5814,LH2,3.254,13.755,2.738,10.125,HMSDIS,0.16,1.6,-999,-999,21033.539,24.653,21013.425,24.629,21070.837,24.696,118712.34,139.138,20966.516,24.574,0.9943,0.9982,-999,-999,-1.0,-1.0,-1.0,5.0,-1.0,-1.0,-999,-999,-999,-999,-999,2.73535,0.0256065,-999,-999,-999,-999,-999,-999,-999,614511,23091304
28076,8.5814,LH2,3.254,13.755,2.738,8.12,PI+SIDIS,0.16,1.6,0.51,-0.0,27.098,18.106,27.067,18.085,27.37,18.287,154.448,103.195,27.27,18.22,0.9945,0.9984,0.9796,0.9789,-1.0,-1.0,-1.0,-1.0,-1.0,1.0,-999,-999,77.0,32.1538,8.96938,1.22086,0.340562,51.25,0.5,-999,-999,-999,-999,-999,790332,54983246
28077,8.5814,Dummy,3.254,13.755,2.738,8.12,PI+SIDIS,0.16,1.6,0.51,-0.0,36.658,50.518,36.632,50.482,36.995,50.982,110.48,152.25,36.867,50.806,0.9941,0.9983,0.9804,0.9791,-1.0,-1.0,-1.0,-1.0,-1.0,1.0,-999,-999,36.0,17.2308,6.11913,0.483393,0.171667,51.25,0.5,-999,-999,-999,-999,-999,300088,22395736
28078,8.5814,Dummy,3.254,13.755,-2.738,8.12,PI-SIDIS,0.16,1.6,0.51,-0.0,63.672,50.331,63.713,50.364,64.325,50.847,192.454,152.13,64.085,50.658,0.9938,0.9984,0.9852,0.9802,-1.0,-1.0,-1.0,-1.0,-1.0,1.0,-999,-999,50.0,18.1538,7.24222,0.292579,0.11672,51.25,0.5,-999,-999,-999,-999,-999,522948,161736607
28080,8.5814,LH2,3.254,13.755,-2.738,8.12,PI-SIDIS,0.16,1.6,0.51,-0.0,32.99,21.817,32.989,21.816,33.318,22.033,187.815,124.205,33.157,21.927,0.9932,0.9985,0.9843,0.9802,-1.0,-1.0,-1.0,-1.0,-1.0,1.0,-999,-999,109.0,57.0,10.6301,1.77594,0.331201,51.25,0.5,-999,-999,-999,-999,-999,962304,212315490
28081,8.5814,LH2,3.254,13.755,-2.738,10.12,PI-SIDIS,0.16,1.6,0.51,2.0,50.404,41.794,50.353,41.752,50.752,42.083,181.194,150.241,50.55,41.915,0.9929,0.9981,0.9838,0.9805,-1.0,-1.0,-1.0,-1.0,-1.0,1.0,-999,-999,153.0,71.7692,12.6194,1.46635,0.257833,51.25,0.5,-999,-999,-999,-999,-999,1491296,146857280
28082,8.5814,Dummy,3.254,13.755,-2.738,10.12,PI-SIDIS,0.16,1.6,0.51,2.0,34.81,48.171,34.778,48.126,35.112,48.589,107.204,148.351,34.971,48.394,0.9953,0.9988,0.988,0.9846,-1.0,-1.0,-1.0,-1.0,-1.0,1.0,-999,-999,25.0,17.0,5.06116,0.498865,0.14852,51.25,0.5,-999,-999,-999,-999,-999,285438,38746545
28083,8.5814,LH2,2.28,42.005,-7.07,12.455,SHMSHEEP,-999,-999,-999,-999,109.118,65.706,109.287,65.807,109.378,65.862,247.817,149.223,107.229,64.568,1.0,0.999,0.9925,0.6482,-1.0,-1.0,-1.0,-1.0,1.0,-1.0,-999,-999,-999,-999,-999,-999,-999,-999,-999,-999,-999,-999,-999,-999,17919,61521003
28084,8.5814,LH2,2.28,42.005,-7.07,12.455,SHMSHEEP,-999,-999,-999,-999,130.734,65.819,130.932,65.918,131.584,66.247,293.012,147.519,127.832,64.358,1.0,0.9989,0.9924,0.6645,-1.0,-1.0,-1.0,-1.0,1.0,-1.0,-999,-999,-999,-999,-999,-999,-999,-999,-999,-999,-999,-999,-999,-999,21214,73640155
28085,8.5814,LH2,2.28,42.005,-7.07,12.455,SHMSHEE,1.01,2.9,-999,-999,61344.42,64.681,61389.589,64.729,61923.363,65.291,138432.852,145.962,59991.974,63.255,-999,-999,0.9914,0.5153,33.0,-1.0,-1.0,-1.0,-1.0,-1.0,-999,-999,-999,-999,-999,-16815.2,-30.1951,-999,-999,-999,-999,-999,-999,-999,10010,34514558
28086,8.5814,Dummy,2.28,42.005,-7.07,12.455,SHMSHEEP,-999,-999,-999,-999,85.529,49.514,85.483,49.487,86.378,50.005,259.077,149.983,85.986,49.778,0.0,0.9987,0.9919,0.5751,-1.0,-1.0,-1.0,-1.0,1.0,-1.0,-999,-999,-999,-999,-999,-999,-999,-999,-999,-999,-999,-999,-999,-999,18263,16884591
28087,8.5814,Dummy,2.28,42.005,-7.07,12.455,SHMSHEE,1.01,2.9,-999,-999,23937.89,49.244,23929.602,49.227,24127.708,49.634,72680.167,149.513,24041.428,49.457,-999,-999,0.994,0.5335,33.0,-1.0,-1.0,-1.0,-1.0,-1.0,-999,-999,-999,-999,-999,-5648.81,-27.9946,-999,-999,-999,-999,-999,-999,-999,5137,4726935
28088,8.5814,Dummy,2.28,42.005,-7.07,12.455,SHMSHEE,1.01,2.9,-999,-999,38309.257,49.072,38308.525,49.071,38483.966,49.296,116722.265,149.515,38339.605,49.111,-999,-999,0.9936,0.5266,33.0,-1.0,-1.0,-1.0,-1.0,-1.0,-999,-999,-999,-999,-999,-5570.67,-21.9764,-999,-999,-999,-999,-999,-999,-999,8244,7564125
28089,8.5814,LD2,2.28,42.005,-7.07,12.455,SHMSHEE,1.01,2.9,-999,-999,38966.924,48.807,39008.997,48.86,39056.561,48.92,110005.797,137.786,38856.793,48.669,-999,-999,0.9904,0.539,33.0,-1.0,-1.0,-1.0,-1.0,-1.0,-999,-999,-999,-999,-999,-28497.8,-49.3373,-999,-999,-999,-999,-999,-999,-999,8741,38554184
28090,8.5814,LD2,2.28,42.005,-7.07,12.455,SHMSHEE,1.01,2.9,-999,-999,23407.297,29.263,23400.726,29.255,23396.679,29.25,117503.088,146.9,23305.18,29.136,-999,-999,0.9923,0.5404,17.0,-1.0,-1.0,-1.0,-1.0,-1.0,-999,-999,-999,-999,-999,-28698.5,-45.8372,-999,-999,-999,-999,-999,-999,-999,8451,23221991
28091,8.5814,LH2,-5.44,21.03,3.99,28.53,HMSHEEP,-999,-999,-999,-999,110.956,65.555,111.003,65.582,111.269,65.74,248.09,146.575,107.241,63.36,0.9998,0.35,1.0,0.9789,-1.0,-1.0,-1.0,-1.0,1.0,-1.0,-999,-999,41.0,40.9231,6.40359,0.376688,0.0589437,52.9439,0.263027,-999,-999,-999,-999,-999,413793,35221
28092,8.5814,LH2,-5.44,21.03,3.99,28.53,HMSHEEP,-999,-999,-999,-999,118.77,69.668,118.873,69.728,119.64,70.178,255.899,150.105,114.27,67.028,0.9996,0.5926,1.0,0.9754,-1.0,-1.0,-1.0,-1.0,1.0,-1.0,-999,-999,35.0,35.0,5.91608,0.301985,0.0510448,52.9596,0.393143,-999,-999,-999,-999,-999,439276,36915
28093,8.5814,LH2,-5.44,21.03,3.99,28.53,HMSHEEP,-999,-999,-999,-999,113.292,67.701,113.439,67.789,114.559,68.458,247.958,148.175,109.303,65.318,0.9998,0.4138,1.0,0.9791,-1.0,-1.0,-1.0,-1.0,1.0,-1.0,-999,-999,45.0,45.0,6.7082,0.405247,0.0604107,52.9439,0.263027,-999,-999,-999,-999,-999,421487,35570
28094,8.5814,LH2,-5.44,21.03,3.99,28.53,HMSHEE,1.05,6.2,-999,-999,72299.212,72.011,72403.397,72.115,72924.811,72.634,152946.661,152.337,69545.207,69.268,0.9978,0.2242,-999,-999,-1.0,-1.0,-1.0,1.0,-1.0,-1.0,-999,-999,-999,-999,-999,1.36517,0.00435009,-999,-999,-999,-999,-999,-999,-999,266541,22231
28095,8.5814,Dummy,-5.44,21.03,3.99,28.53,HMSHEEP,-999,-999,-999,-999,93.854,51.472,93.887,51.49,93.947,51.523,277.745,152.322,93.533,51.296,1.0,0.2,0.0,0.9805,-1.0,-1.0,-1.0,-1.0,1.0,-1.0,-999,-999,0.0,0.0,0.0,0.0,0.0,0.0,0.0,-999,-999,-999,-999,-999,132365,30734
28098,8.5814,LH2,-5.44,21.03,3.99,28.53,HMSHEEP,-999,-999,-999,-999,112.759,67.79,112.907,67.879,113.201,68.056,246.957,148.469,108.797,65.408,0.9999,0.3846,1.0,0.9771,-1.0,-1.0,-1.0,-1.0,1.0,-1.0,-999,-999,30.0,29.8462,5.47831,0.270565,0.0496626,53.0557,0.420566,-999,-999,-999,-999,-999,418285,35507
28099,8.5814,LH2,-5.44,21.03,3.99,28.53,HMSHEEP,-999,-999,-999,-999,130.676,71.254,130.883,71.367,131.055,71.46,277.915,151.539,125.814,68.603,0.9996,0.3478,1.0,0.9801,-1.0,-1.0,-1.0,-1.0,1.0,-1.0,-999,-999,46.0,46.0,6.78233,0.358746,0.0528942,53.0002,0.490776,-999,-999,-999,-999,-999,483529,40135
28100,8.5814,LH2,-5.44,21.03,3.99,28.53,HMSHEEP,-999,-999,-999,-999,59.295,72.004,59.359,72.083,59.705,72.503,125.263,152.113,57.054,69.283,1.0,0.3333,0.9999,0.9762,-1.0,-1.0,-1.0,-1.0,1.0,-1.0,-999,-999,15.0,15.0,3.87298,0.258861,0.0668375,52.904,0.243327,-999,-999,-999,-999,-999,219658,18272
28101,8.5814,LH2,-5.44,21.03,3.99,28.53,HMSHEEP,-999,-999,-999,-999,132.821,69.652,132.836,69.66,133.876,70.205,288.115,151.089,129.657,67.993,0.9997,0.3636,1.0,0.9776,-1.0,-1.0,-1.0,-1.0,1.0,-1.0,-999,-999,41.0,41.0,6.40312,0.315818,0.0493225,53.0103,0.503563,-999,-999,-999,-999,-999,493890,41225
28102,8.5814,LH2,-5.44,21.03,3.99,28.53,HMSHEEP,-999,-999,-999,-999,127.408,69.498,127.506,69.551,127.811,69.718,276.832,151.005,124.452,67.885,0.9996,0.3784,1.0,0.9758,-1.0,-1.0,-1.0,-1.0,1.0,-1.0,-999,-999,37.0,36.8462,6.08374,0.296267,0.0489172,53.0717,0.377318,-999,-999,-999,-999,-999,471443,39352
28103,8.5814,LH2,-5.44,21.03,3.99,28.53,HMSHEEP,-999,-999,-999,-999,124.286,68.643,124.428,68.721,124.86,68.96,271.699,150.059,121.379,67.038,0.9997,0.3235,0.6666,0.9778,-1.0,-1.0,-1.0,-1.0,1.0,-1.0,-999,-999,38.0,38.0,6.16441,0.312432,0.0506831,53.0097,0.503634,-999,-999,-999,-999,-999,460949,38944
28104,8.5814,LH2,-5.44,21.03,3.99,28.53,HMSHEEP,-999,-999,-999,-999,124.035,70.215,124.203,70.309,125.287,70.923,267.809,151.603,121.189,68.604,0.9997,0.2727,0.9999,0.976,-1.0,-1.0,-1.0,-1.0,1.0,-1.0,-999,-999,34.0,33.9231,5.83146,0.279938,0.0481221,53.0459,0.466019,-999,-999,-999,-999,-999,459083,38564
28105,8.5814,LH2,-5.44,21.03,3.99,28.53,HMSHEEP,-999,-999,-999,-999,108.507,69.101,108.663,69.2,109.715,69.87,236.739,150.763,106.267,67.674,0.9996,0.3448,0.9999,0.9755,-1.0,-1.0,-1.0,-1.0,1.0,-1.0,-999,-999,34.0,34.0,5.83095,0.320881,0.0550306,53.1122,0.598996,-999,-999,-999,-999,-999,403104,33819
28106,8.5814,LH2,-5.44,21.03,3.99,28.53,HMSHEEP,-999,-999,-999,-999,8.82,70.83,8.83,70.91,8.89,71.388,18.961,152.27,8.63,69.303,0.9987,0.9999,0.0,0.9835,-1.0,-1.0,-1.0,-1.0,1.0,-1.0,-999,-999,0.0,-0.461538,0.188422,-0.0532155,0.0217251,62.6837,6.6967,-999,-999,-999,-999,-999,32502,2811
28108,10.6759,LH2,-5.343,13.5,5.051,14.74,PI+SIDIS,0.31,3.2,0.95,1.9,111.826,45.563,111.774,45.542,112.579,45.87,362.635,147.754,113.645,46.304,0.999,0.8175,0.9913,0.9881,-1.0,-1.0,-1.0,-1.0,-1.0,1.0,-999,-999,48245.0,47764.5,219.83,432.946,1.99257,51.2557,0.37909,-999,-999,-999,-999,-999,48530834,6285380
28109,10.6759,Dummy,-5.343,13.5,5.051,14.74,PI+SIDIS,0.31,3.2,0.95,1.9,44.893,45.121,44.861,45.089,44.751,44.978,143.974,144.705,45.105,45.334,0.9999,0.7731,0.992,0.9877,-1.0,-1.0,-1.0,-1.0,-1.0,1.0,-999,-999,3680.0,3653.83,60.6989,82.4704,1.37003,51.3157,0.362508,-999,-999,-999,-999,-999,7129740,822288
28110,10.6759,LH2,-5.343,13.5,2.806,14.74,PI+SIDIS,0.31,3.2,0.53,1.9,87.348,48.202,87.336,48.195,87.473,48.271,274.475,151.465,88.438,48.803,0.999,0.8569,0.9838,0.9833,-1.0,-1.0,-1.0,-1.0,-1.0,1.0,-999,-999,66260.0,50608.8,262.428,590.391,3.06143,51.237,0.383554,-999,-999,-999,-999,-999,37891849,30805001
28111,10.6759,LH2,-5.343,13.5,2.806,14.74,PI+SIDIS,0.31,3.2,0.53,1.9,84.528,47.388,84.541,47.395,85.028,47.668,267.031,149.703,85.94,48.18,0.999,0.8587,0.984,0.9833,-1.0,-1.0,-1.0,-1.0,-1.0,1.0,-999,-999,64339.0,49128.2,258.6,592.058,3.11647,51.2203,0.387775,-999,-999,-999,-999,-999,36669121,29786334
28112,10.6759,LH2,-5.343,13.5,2.806,14.74,PI+SIDIS,0.31,3.2,0.53,1.9,81.036,47.405,81.061,47.42,81.637,47.757,255.873,149.683,82.429,48.22,0.999,0.9144,0.9746,0.9733,-1.0,-1.0,-1.0,-1.0,1.0,-1.0,-999,-999,62254.0,47640.0,254.342,605.203,3.23107,51.2302,0.391172,-999,-999,-999,-999,-999,35174185,28572087
28113,10.6759,LH2,-5.343,13.5,2.806,14.74,HMSDIS,0.31,3.2,-999,-999,44960.817,48.653,44940.413,48.631,45053.796,48.754,140779.034,152.34,45403.19,49.132,0.999,0.8606,-999,-999,-1.0,-1.0,-1.0,9.0,-1.0,-1.0,-999,-999,-999,-999,-999,261.76,0.229204,-999,-999,-999,-999,-999,-999,-999,19514745,15779806
28114,10.6759,LH2,-5.343,13.5,2.806,14.74,HMSDIS,0.31,3.2,-999,-999,43437.14,48.583,43393.563,48.534,43365.378,48.503,135922.112,152.024,43708.038,48.886,0.999,0.9174,-999,-999,-1.0,-1.0,17.0,-1.0,-1.0,-1.0,-999,-999,-999,-999,-999,262.873,0.321189,-999,-999,-999,-999,-999,-999,-999,18865945,15175837
28117,10.6759,Dummy,-5.343,13.5,2.806,14.74,PI+SIDIS,0.31,3.2,0.53,1.9,84.01,47.429,83.964,47.403,84.13,47.497,265.009,149.616,85.075,48.031,0.9993,0.8535,0.9869,0.9851,-1.0,-1.0,-1.0,-1.0,-1.0,1.0,-999,-999,14487.0,12937.2,121.43,156.538,1.46929,51.2656,0.381894,-999,-999,-999,-999,-999,13326415,7731712
28118,10.6759,Dummy,-5.343,13.5,2.806,14.74,HMSDIS,0.31,3.2,-999,-999,36411.255,44.288,36405.057,44.281,36632.877,44.558,117225.34,142.586,37026.661,45.037,0.9994,0.8806,-999,-999,-1.0,-1.0,-1.0,5.0,-1.0,-1.0,-999,-999,-999,-999,-999,94.8757,0.114226,-999,-999,-999,-999,-999,-999,-999,5773202,3363814
28119,10.6759,LD2,-5.343,13.5,2.806,14.74,PI+SIDIS,0.31,3.2,0.53,1.9,52.5,30.016,52.468,29.998,52.747,30.158,247.313,141.399,53.202,30.418,0.9989,0.8913,0.9823,0.9827,-1.0,-1.0,-1.0,-1.0,-1.0,1.0,-999,-999,72948.0,51623.2,276.59,1003.67,5.37755,51.221,0.396048,-999,-999,-999,-999,-999,42857743,37209623
28120,10.6759,LD2,-5.343,13.5,2.806,14.74,PI+SIDIS,0.31,3.2,0.53,1.9,48.365,29.475,48.3,29.435,48.294,29.431,226.461,138.012,48.69,29.673,0.9989,0.8913,0.9834,0.9824,-1.0,-1.0,-1.0,-1.0,-1.0,1.0,-999,-999,66739.0,47143.7,264.584,996.025,5.58999,51.2574,0.382613,-999,-999,-999,-999,-999,39510906,33955006
28122,10.6759,LD2,-5.343,13.5,2.806,14.74,HMSDIS,0.31,3.2,-999,-999,27801.996,30.354,27751.463,30.299,27799.73,30.351,130389.775,142.358,28080.305,30.658,0.9989,0.8973,-999,-999,-1.0,-1.0,-1.0,9.0,-1.0,-1.0,-999,-999,-999,-999,-999,487.306,0.398058,-999,-999,-999,-999,-999,-999,-999,22702173,19520753
28123,10.6759,Dummy,-5.343,13.5,2.806,14.74,PI+SIDIS,0.31,3.2,0.53,1.9,57.536,47.7,57.493,47.665,57.779,47.902,180.396,149.559,58.374,48.395,0.9993,0.8591,0.9843,0.9846,-1.0,-1.0,-1.0,-1.0,-1.0,1.0,-999,-999,9935.0,8878.33,100.554,156.968,1.77779,51.2703,0.383595,-999,-999,-999,-999,-999,9130821,5273014
28124,10.6759,LD2,-5.343,13.5,2.806,11.745,PI+SIDIS,0.31,3.2,0.53,-1.1,19.598,14.755,19.572,14.736,19.788,14.899,93.126,70.115,19.959,15.027,0.9993,0.8963,0.9825,0.9846,-1.0,-1.0,-1.0,-1.0,-1.0,1.0,-999,-999,29573.0,19678.8,176.698,1022.53,9.18139,51.2075,0.404583,-999,-999,-999,-999,-999,16216819,38284597
28125,10.6759,LD2,-5.343,13.5,2.806,11.745,PI+SIDIS,0.31,3.2,0.53,-1.1,25.518,14.866,25.494,14.852,25.775,15.016,121.291,70.66,26.004,15.149,0.9993,0.8938,0.9825,0.9847,-1.0,-1.0,-1.0,-1.0,-1.0,1.0,-999,-999,38456.0,25532.8,201.519,1018.42,8.03793,51.214,0.390954,-999,-999,-999,-999,-999,21112250,49594888
28126,10.6759,LD2,-5.343,13.5,2.806,11.745,PI+SIDIS,0.31,3.2,0.53,-1.1,24.731,14.883,24.722,14.878,25.001,15.046,117.653,70.805,25.221,15.179,0.9993,0.898,0.9842,0.985,-1.0,-1.0,-1.0,-1.0,-1.0,1.0,-999,-999,37881.0,25307.2,199.942,1040.6,8.22132,51.2088,0.393077,-999,-999,-999,-999,-999,20459407,48013036
28127,10.6759,Dummy,-5.343,13.5,2.806,11.745,PI+SIDIS,0.31,3.2,0.53,-1.1,76.847,45.723,76.848,45.724,77.409,46.057,245.657,146.163,78.126,46.484,0.9994,0.8619,0.9867,0.9866,-1.0,-1.0,-1.0,-1.0,-1.0,1.0,-999,-999,15219.0,11961.7,125.546,157.884,1.65711,51.2336,0.390802,-999,-999,-999,-999,-999,12190479,18767537
28128,10.6759,Dummy,-5.343,13.5,2.806,11.745,PI+SIDIS,0.31,3.2,0.53,-1.1,54.228,39.757,54.228,39.756,54.658,40.072,182.221,133.592,55.155,40.436,0.9994,0.8746,0.9861,0.9873,-1.0,-1.0,-1.0,-1.0,-1.0,1.0,-999,-999,10658.0,8456.83,104.999,158.074,1.96264,51.224,0.380062,-999,-999,-999,-999,-999,8609895,13213513
28129,10.6759,LH2,-5.343,13.5,2.806,11.745,PI+SIDIS,0.31,3.2,0.53,-1.1,45.206,28.157,45.123,28.106,45.482,28.329,212.08,132.099,45.886,28.581,0.9992,0.8626,0.9833,0.9846,-1.0,-1.0,-1.0,-1.0,-1.0,1.0,-999,-999,39180.0,27011.2,202.998,608.843,4.57566,51.1945,0.389694,-999,-999,-999,-999,-999,19724655,43712779
28130,10.6759,LH2,-5.343,13.5,2.806,11.745,PI+SIDIS,0.31,3.2,0.53,-1.1,49.946,30.586,49.861,30.535,50.269,30.784,233.001,142.688,50.726,31.064,0.9992,0.8552,0.9838,0.9846,-1.0,-1.0,-1.0,-1.0,-1.0,1.0,-999,-999,43117.0,29111.2,213.193,593.879,4.34922,51.1819,0.398125,-999,-999,-999,-999,-999,21769529,48430876
28131,10.6759,LH2,-5.343,13.5,2.806,11.745,PI+SIDIS,0.31,3.2,0.53,-1.1,50.164,31.085,50.111,31.052,50.246,31.136,233.58,144.741,50.599,31.354,0.9992,0.8654,0.9838,0.9841,-1.0,-1.0,-1.0,-1.0,-1.0,1.0,-999,-999,43418.0,29135.8,214.006,591.727,4.34629,51.2261,0.384765,-999,-999,-999,-999,-999,21873950,48540152
28132,10.6759,LH2,-5.343,13.5,2.806,11.745,PI+SIDIS,0.31,3.2,0.53,-1.1,59.614,33.082,59.577,33.062,59.423,32.977,273.383,151.713,59.902,33.242,0.9992,0.8652,0.9834,0.9839,-1.0,-1.0,-1.0,-1.0,-1.0,1.0,-999,-999,52543.0,35025.2,235.505,598.45,4.0239,51.24,0.384701,-999,-999,-999,-999,-999,25978078,57652550
28133,10.6759,LD2,-5.343,13.5,2.806,11.745,PI+SIDIS,0.31,3.2,0.53,-1.1,27.954,15.6,27.956,15.601,28.157,15.713,132.488,73.936,28.434,15.868,0.9992,0.893,0.9831,0.9844,-1.0,-1.0,-1.0,-1.0,-1.0,1.0,-999,-999,43080.0,28351.8,213.389,1031.69,7.76498,51.2133,0.388889,-999,-999,-999,-999,-999,23116394,54380535
28134,10.6759,LD2,-5.343,13.5,2.806,11.745,PI+SIDIS,0.31,3.2,0.53,-1.1,26.155,15.511,26.136,15.5,26.418,15.667,124.331,73.733,26.671,15.817,0.9992,0.8912,0.9835,0.9848,-1.0,-1.0,-1.0,-1.0,-1.0,1.0,-999,-999,39655.0,25989.5,204.774,1011.17,7.96709,51.1932,0.38958,-999,-999,-999,-999,-999,21633759,50936692
28135,10.6759,LD2,-5.343,13.5,2.806,11.745,PI+SIDIS,0.31,3.2,0.53,-1.1,16.993,15.197,16.973,15.179,17.193,15.376,80.903,72.354,17.343,15.51,0.9992,0.8943,0.9833,0.9847,-1.0,-1.0,-1.0,-1.0,-1.0,1.0,-999,-999,26081.0,17317.5,165.957,1037.67,9.94417,51.1837,0.394253,-999,-999,-999,-999,-999,14057336,33181012
28136,10.6759,LH2,-5.343,13.5,-2.806,11.745,PI-SIDIS,0.31,3.2,0.53,-1.1,89.163,49.412,89.2,49.432,89.171,49.416,274.905,152.344,90.075,49.917,0.999,0.863,0.9858,0.9859,-1.0,-1.0,-1.0,-1.0,-1.0,1.0,-999,-999,52977.0,27335.5,239.271,311.414,2.72585,51.2292,0.374635,-999,-999,-999,-999,-999,38680082,122815468
28137,10.6759,LH2,-5.343,13.5,-2.806,11.745,PI-SIDIS,0.31,3.2,0.53,-1.1,86.829,49.417,86.881,49.447,87.328,49.701,267.471,152.226,88.291,50.249,0.999,0.8585,0.9864,0.9864,-1.0,-1.0,-1.0,-1.0,-1.0,1.0,-999,-999,51619.0,26667.2,236.173,311.747,2.76093,51.1994,0.38162,-999,-999,-999,-999,-999,37649553,119708844
28138,10.6759,LH2,-5.343,13.5,-2.806,11.745,PI-SIDIS,0.31,3.2,0.53,-1.1,85.944,49.021,85.924,49.01,86.631,49.413,265.558,151.47,87.521,49.921,0.999,0.8677,0.9859,0.9864,-1.0,-1.0,-1.0,-1.0,-1.0,1.0,-999,-999,51447.0,26832.8,235.689,317.172,2.78591,51.1912,0.381945,-999,-999,-999,-999,-999,37288123,118517132
28139,10.6759,LH2,-5.343,13.5,-2.806,11.745,PI-SIDIS,0.31,3.2,0.53,-1.1,39.1,49.507,39.067,49.464,39.264,49.714,120.268,152.277,39.601,50.14,0.999,0.865,0.9858,0.9861,-1.0,-1.0,-1.0,-1.0,-1.0,1.0,-999,-999,23451.0,12194.8,159.145,317.123,4.13851,51.2216,0.37447,-999,-999,-999,-999,-999,16965544,53811089
28140,10.6759,Dummy,-5.343,13.5,-2.806,11.745,PI-SIDIS,0.31,3.2,0.53,-1.1,86.142,48.237,86.121,48.225,86.08,48.202,270.43,151.433,86.895,48.659,0.9994,0.8837,0.9905,0.9882,-1.0,-1.0,-1.0,-1.0,-1.0,1.0,-999,-999,11748.0,8875.17,110.575,104.354,1.30013,51.2818,0.368927,-999,-999,-999,-999,-999,13646652,42899240
28141,10.6759,Dummy,-5.343,13.5,-2.806,11.745,PI-SIDIS,0.31,3.2,0.53,-1.1,53.179,47.356,53.186,47.363,53.375,47.531,167.753,149.386,53.973,48.064,0.9995,0.8807,0.9868,0.9882,-1.0,-1.0,-1.0,-1.0,-1.0,1.0,-999,-999,7326.0,5582.33,87.2732,106.275,1.66149,51.241,0.369608,-999,-999,-999,-999,-999,8423374,26513907
28142,10.6759,LH2,-5.343,13.5,-2.806,14.74,PI-SIDIS,0.31,3.2,0.53,1.9,77.077,46.972,77.104,46.989,77.752,47.383,244.075,148.743,78.587,47.892,0.9989,0.8585,0.9893,0.9886,-1.0,-1.0,-1.0,-1.0,-1.0,1.0,-999,-999,31127.0,22846.7,180.297,300.142,2.36861,51.2237,0.381483,-999,-999,-999,-999,-999,33449906,38014431
28143,10.6759,LH2,-5.343,13.5,-2.806,14.74,PI-SIDIS,0.31,3.2,0.53,1.9,74.99,48.117,75.012,48.132,75.752,48.607,235.832,151.322,76.536,49.11,0.999,0.8518,0.9891,0.9886,-1.0,-1.0,-1.0,-1.0,-1.0,1.0,-999,-999,30133.0,22047.0,177.428,297.681,2.39565,51.2293,0.379031,-999,-999,-999,-999,-999,32547660,36993221
28144,10.6759,LH2,-5.343,13.5,-2.806,14.74,PI-SIDIS,0.31,3.2,0.53,1.9,63.092,45.396,63.036,45.356,63.298,45.544,201.465,144.958,63.786,45.895,0.999,0.8587,0.9902,0.9886,-1.0,-1.0,-1.0,-1.0,-1.0,1.0,-999,-999,25345.0,18590.5,162.698,298.713,2.61425,51.2727,0.369837,-999,-999,-999,-999,-999,27395181,31030290
28145,10.6759,LH2,-5.343,13.5,-2.806,14.74,PI-SIDIS,0.31,3.2,0.53,1.9,80.675,47.319,80.609,47.28,80.728,47.349,254.697,149.387,81.498,47.801,0.9988,0.9168,0.9838,0.9823,-1.0,-1.0,-1.0,-1.0,1.0,-1.0,-999,-999,32600.0,23812.2,184.566,301.219,2.33472,51.2802,0.370157,-999,-999,-999,-999,-999,35037523,39606253
28148,10.6759,LH2,-5.343,13.5,-2.806,14.74,HMSDIS,0.31,3.2,-999,-999,41239.392,48.117,41222.65,48.098,41386.342,48.289,129914.249,151.581,41828.811,48.805,0.999,0.8623,-999,-999,-1.0,-1.0,-1.0,9.0,-1.0,-1.0,-999,-999,-999,-999,-999,262.081,0.23946,-999,-999,-999,-999,-999,-999,-999,17903054,20277013
28149,10.6759,Dummy,-5.343,13.5,-2.806,14.74,PI-SIDIS,0.31,3.2,0.53,1.9,72.994,46.767,72.99,46.764,73.428,47.045,231.578,148.372,74.167,47.519,0.9993,0.8651,0.989,0.988,-1.0,-1.0,-1.0,-1.0,-1.0,1.0,-999,-999,8014.0,7019.33,90.4421,97.4068,1.25506,51.2586,0.370611,-999,-999,-999,-999,-999,11565361,13740030
28150,10.6759,Dummy,-5.343,13.5,-2.806,14.74,HMSDIS,0.31,3.2,-999,-999,41669.619,47.835,41672.593,47.839,41952.346,48.16,131353.94,150.789,42366.706,48.635,0.9994,0.8816,-999,-999,-1.0,-1.0,-1.0,3.0,-1.0,-1.0,-999,-999,-999,-999,-999,94.6005,0.0826037,-999,-999,-999,-999,-999,-999,-999,6600800,7848937
28152,10.6759,Dummy,-5.343,13.5,-2.806,14.74,PI-SIDIS,0.31,3.2,0.53,1.9,83.194,47.176,83.222,47.192,83.801,47.52,263.422,149.376,84.619,47.984,0.9993,0.8605,0.9898,0.9893,-1.0,-1.0,-1.0,-1.0,-1.0,1.0,-999,-999,9286.0,8162.0,97.3311,99.2085,1.18305,51.2666,0.368555,-999,-999,-999,-999,-999,13183207,15682119
28154,10.6759,LH2,-5.343,13.5,-2.806,14.74,PI-SIDIS,0.31,3.2,0.53,1.9,111.399,47.66,111.285,47.612,112.097,47.959,351.239,150.272,113.192,48.427,0.9989,0.8536,0.989,0.9881,-1.0,-1.0,-1.0,-1.0,-1.0,1.0,-999,-999,45043.0,32964.3,216.924,300.201,1.97549,51.2461,0.379242,-999,-999,-999,-999,-999,48388324,54966583
28155,10.6759,LH2,-5.343,15.97,5.154,16.875,PI+SIDIS,0.44,4.4,0.97,2.0,60.449,51.315,60.497,51.356,60.994,51.778,163.021,138.388,61.16,51.919,0.9994,0.6767,0.987,0.9877,-1.0,-1.0,-1.0,-1.0,-1.0,1.0,-999,-999,8356.0,8326.33,91.4382,139.432,1.53121,51.2712,0.373836,-999,-999,-999,-999,-999,8626049,847091
28156,10.6759,LH2,-5.343,15.97,5.154,16.875,PI+SIDIS,0.44,4.4,0.97,2.0,35.29,53.658,35.306,53.682,35.59,54.114,87.868,133.603,34.96,53.157,0.9993,0.6711,0.9912,0.9865,-1.0,-1.0,-1.0,-1.0,-1.0,1.0,-999,-999,4985.0,4965.67,70.6273,142.678,2.02933,51.2624,0.376128,-999,-999,-999,-999,-999,5033008,493697
28157,10.6759,LH2,-5.343,15.97,3.837,16.875,PI+SIDIS,0.44,4.4,0.72,2.0,57.385,61.637,57.336,61.585,57.778,62.059,128.954,138.509,53.471,57.433,0.9992,0.7271,0.9904,0.9858,-1.0,-1.0,-1.0,-1.0,-1.0,1.0,-999,-999,11691.0,11320.8,108.41,200.463,1.91966,51.2943,0.38625,-999,-999,-999,-999,-999,8152444,5767843
28158,10.6759,LH2,-5.343,15.97,3.837,16.875,PI+SIDIS,0.44,4.4,0.72,2.0,110.459,57.236,110.468,57.24,111.309,57.676,267.758,138.742,109.166,56.565,0.9993,0.7171,0.9904,0.9866,-1.0,-1.0,-1.0,-1.0,-1.0,1.0,-999,-999,22693.0,22058.5,150.993,202.554,1.3865,51.3013,0.392193,-999,-999,-999,-999,-999,15729914,11101903
28159,10.6759,LH2,-5.343,15.97,3.837,16.875,PI+SIDIS,0.44,4.4,0.72,2.0,135.233,67.252,135.336,67.303,136.309,67.787,298.463,148.427,132.631,65.958,0.9992,0.7163,0.9902,0.9854,-1.0,-1.0,-1.0,-1.0,-1.0,1.0,-999,-999,27552.0,26714.0,166.408,200.496,1.24894,51.2956,0.387954,-999,-999,-999,-999,-999,19210977,13596468
28160,10.6759,LH2,-5.343,15.97,3.837,16.875,PI+SIDIS,0.44,4.4,0.72,2.0,145.553,70.086,145.68,70.147,146.719,70.648,314.948,151.653,142.754,68.738,0.9993,0.7064,0.9894,0.9859,-1.0,-1.0,-1.0,-1.0,-1.0,1.0,-999,-999,29612.0,28694.5,172.525,199.947,1.20218,51.3043,0.391374,-999,-999,-999,-999,-999,20678903,14622642
28161,10.6759,LH2,-5.343,15.97,3.837,16.875,PI+SIDIS,0.44,4.4,0.72,2.0,64.555,66.47,64.559,66.473,65.046,66.975,143.202,147.449,63.268,65.144,0.9991,0.7187,0.9884,0.9858,-1.0,-1.0,-1.0,-1.0,-1.0,1.0,-999,-999,13105.0,12696.3,114.774,199.692,1.8052,51.3037,0.395572,-999,-999,-999,-999,-999,9179074,6477148
28162,10.6759,LH2,-5.343,15.97,3.837,16.875,PI+SIDIS,0.44,4.4,0.72,2.0,122.509,67.011,122.449,66.979,123.411,67.505,270.841,148.147,120.086,65.686,0.9993,0.8448,0.99,0.9845,-1.0,-1.0,-1.0,-1.0,1.0,-1.0,-999,-999,25208.0,24447.3,159.169,202.964,1.32144,51.2963,0.394501,-999,-999,-999,-999,-999,17416792,12299701
28163,10.6759,LH2,-5.343,15.97,3.837,16.875,HMSDIS,0.44,4.4,-999,-999,61172.593,66.177,61165.604,66.17,61647.636,66.691,136089.733,147.224,59994.588,64.903,0.9993,0.7631,-999,-999,-1.0,-1.0,-1.0,5.0,-1.0,-1.0,-999,-999,-999,-999,-999,87.8849,0.0848335,-999,-999,-999,-999,-999,-999,-999,8697632,6136706
28164,10.6759,LH2,-5.343,15.97,3.837,16.875,HMSDIS,0.44,4.4,-999,-999,55484.305,63.667,55501.438,63.686,55941.177,64.191,125890.279,144.456,54584.814,62.635,0.9992,0.8651,-999,-999,-1.0,-1.0,5.0,-1.0,-1.0,-1.0,-999,-999,-999,-999,-999,87.7951,0.0890238,-999,-999,-999,-999,-999,-999,-999,7888029,5567140
28165,10.6759,Dummy,-5.343,15.97,3.837,16.875,PI+SIDIS,0.44,4.4,0.72,2.0,76.604,49.257,76.613,49.263,77.144,49.604,232.521,149.513,77.879,50.077,0.9995,0.6853,0.9949,0.9886,-1.0,-1.0,-1.0,-1.0,-1.0,1.0,-999,-999,3705.0,3667.5,60.92,48.4467,0.804737,51.3065,0.409968,-999,-999,-999,-999,-999,3728320,2400212
28166,10.6759,Dummy,-5.343,15.97,3.837,16.875,PI+SIDIS,0.44,4.4,0.72,2.0,83.188,48.897,83.222,48.917,83.822,49.27,253.653,149.095,84.625,49.742,0.9993,0.7167,0.9954,0.9862,-1.0,-1.0,-1.0,-1.0,-1.0,1.0,-999,-999,4015.0,3969.33,63.4241,48.397,0.773312,51.3089,0.44675,-999,-999,-999,-999,-999,4047982,2608595
28167,10.6759,Dummy,-5.343,15.97,3.837,16.875,PI+SIDIS,0.44,4.4,0.72,2.0,87.412,48.927,87.404,48.922,88.1,49.312,265.89,148.826,88.963,49.795,0.9995,0.7258,0.9827,0.9848,-1.0,-1.0,-1.0,-1.0,-1.0,1.0,-999,-999,4129.0,4085.0,64.3143,47.483,0.747573,51.3181,0.433087,-999,-999,-999,-999,-999,4255741,2749779
28168,10.6759,Dummy,-5.343,15.97,3.837,16.875,PI+SIDIS,0.44,4.4,0.72,2.0,28.213,45.834,28.185,45.787,28.439,46.2,87.905,142.806,28.717,46.652,0.9992,0.6667,0.9925,0.9857,-1.0,-1.0,-1.0,-1.0,-1.0,1.0,-999,-999,1304.0,1285.83,36.1528,46.3201,1.30235,51.322,0.44389,-999,-999,-999,-999,-999,1374671,886770
28169,10.6759,Dummy,-5.343,15.97,3.837,16.875,PI+SIDIS,0.44,4.4,0.72,2.0,55.395,49.889,55.346,49.844,55.883,50.328,167.418,150.776,56.434,50.824,0.9993,0.7273,0.9948,0.986,-1.0,-1.0,-1.0,-1.0,-1.0,1.0,-999,-999,2602.0,2572.33,51.0582,47.1716,0.93631,51.3051,0.443868,-999,-999,-999,-999,-999,2699087,1743714
28170,10.6759,Dummy,-5.343,15.97,3.837,16.875,HMSDIS,0.44,4.4,-999,-999,48642.661,49.837,48610.257,49.804,49107.097,50.313,147147.696,150.76,49584.729,50.802,0.9995,0.83,-999,-999,-1.0,-1.0,-1.0,1.0,-1.0,-1.0,-999,-999,-999,-999,-999,29.5231,0.0246965,-999,-999,-999,-999,-999,-999,-999,2366639,1532600
28171,10.6759,Dummy,-5.343,15.97,5.154,16.875,PI+SIDIS,0.44,4.4,0.97,2.0,59.045,50.007,59.041,50.004,59.368,50.281,178.311,151.018,59.831,50.673,0.9998,0.7222,0.9965,0.9882,-1.0,-1.0,-1.0,-1.0,-1.0,1.0,-999,-999,1356.0,1352.17,36.8326,23.1803,0.631423,51.2914,0.383406,-999,-999,-999,-999,-999,2876412,330082
28172,10.6759,Dummy,-5.343,15.97,3.837,14.875,PI+SIDIS,0.44,4.4,0.72,0.0,79.081,50.096,79.124,50.123,79.07,50.089,238.833,151.295,79.691,50.482,0.9994,0.7874,0.9881,0.986,-1.0,-1.0,-1.0,-1.0,-1.0,1.0,-999,-999,4142.0,4044.67,64.4843,51.875,0.827045,51.3381,0.392027,-999,-999,-999,-999,-999,3849220,5455177
28173,10.6759,Dummy,-5.343,15.97,3.837,14.875,PI+SIDIS,0.44,4.4,0.72,0.0,86.473,49.738,86.528,49.769,86.706,49.872,261.822,150.596,87.609,50.391,0.9994,0.7354,0.9876,0.9883,-1.0,-1.0,-1.0,-1.0,-1.0,1.0,-999,-999,4359.0,4255.83,66.1528,49.7974,0.774052,51.3126,0.384443,-999,-999,-999,-999,-999,4209554,5963806
28174,10.6759,Dummy,-5.343,15.97,3.837,14.875,PI+SIDIS,0.44,4.4,0.72,0.0,91.529,50.197,91.53,50.197,92.116,50.519,276.279,151.518,93.114,51.066,0.9992,0.7838,0.9837,0.9857,-1.0,-1.0,-1.0,-1.0,-1.0,1.0,-999,-999,4663.0,4554.5,68.4184,50.5219,0.758949,51.2876,0.378222,-999,-999,-999,-999,-999,4459603,6325273
28175,10.6759,Dummy,-5.343,15.97,3.837,14.875,PI+SIDIS,0.44,4.4,0.72,0.0,37.953,47.492,37.92,47.452,38.269,47.888,116.41,145.669,38.679,48.401,0.9988,0.7674,0.9941,0.987,-1.0,-1.0,-1.0,-1.0,-1.0,1.0,-999,-999,2001.0,1951.5,44.8247,52.2041,1.19909,51.2733,0.382691,-999,-999,-999,-999,-999,1849267,2622357
28176,10.6759,LH2,-5.343,15.97,3.837,14.875,PI+SIDIS,0.44,4.4,0.72,0.0,107.881,65.184,107.873,65.179,108.871,65.782,242.505,146.527,106.054,64.08,0.9993,0.7044,0.9873,0.9844,-1.0,-1.0,-1.0,-1.0,-1.0,1.0,-999,-999,25148.0,23375.7,159.51,220.314,1.50337,51.2835,0.395573,-999,-999,-999,-999,-999,15347224,26262171
28177,10.6759,LH2,-5.343,15.97,3.837,14.875,PI+SIDIS,0.44,4.4,0.72,0.0,119.799,69.111,119.883,69.16,120.203,69.345,260.246,150.135,117.153,67.585,0.9993,0.7493,0.9882,0.9852,-1.0,-1.0,-1.0,-1.0,-1.0,1.0,-999,-999,27877.0,25904.5,167.946,219.515,1.42317,51.3105,0.389508,-999,-999,-999,-999,-999,17024490,29022604
28178,10.6759,LH2,-5.343,15.97,3.837,14.875,PI+SIDIS,0.44,4.4,0.72,0.0,119.127,70.031,119.263,70.111,119.663,70.346,257.53,151.394,116.601,68.546,0.9991,0.7058,0.9887,0.9849,-1.0,-1.0,-1.0,-1.0,-1.0,1.0,-999,-999,27533.0,25549.7,166.924,217.736,1.42254,51.2979,0.393311,-999,-999,-999,-999,-999,16941199,28878089
28179,10.6759,LH2,-5.343,15.97,3.837,14.875,PI+SIDIS,0.44,4.4,0.72,0.0,122.595,70.073,122.752,70.163,123.679,70.692,265.104,151.528,120.085,68.638,0.9993,0.7365,0.9867,0.9847,-1.0,-1.0,-1.0,-1.0,-1.0,1.0,-999,-999,28733.0,26704.3,170.503,221.11,1.41175,51.2741,0.398458,-999,-999,-999,-999,-999,17421910,29767379
28180,10.6759,LH2,-5.343,15.97,3.837,12.87,PI+SIDIS,0.44,4.4,0.72,-2.0,126.04,71.008,126.065,71.023,127.241,71.685,270.397,152.336,123.151,69.381,0.9992,0.7312,0.9859,0.9828,-1.0,-1.0,-1.0,-1.0,-1.0,1.0,-999,-999,30981.0,25888.3,178.409,209.175,1.44153,51.2534,0.403825,-999,-999,-999,-999,-999,17921799,71164107
28181,10.6759,LH2,-5.343,15.97,3.837,12.87,PI+SIDIS,0.44,4.4,0.72,-2.0,118.019,69.305,118.022,69.307,118.326,69.485,256.286,150.5,115.362,67.745,0.9993,0.7379,0.9865,0.9832,-1.0,-1.0,-1.0,-1.0,-1.0,1.0,-999,-999,28949.0,24146.0,172.48,208.288,1.48785,51.295,0.401439,-999,-999,-999,-999,-999,16791409,66260344
28182,10.6759,LH2,-5.343,15.97,3.837,12.87,PI+SIDIS,0.44,4.4,0.72,-2.0,94.277,63.303,94.324,63.334,94.501,63.453,214.6,144.094,92.46,62.083,0.9993,0.7284,0.9864,0.9831,-1.0,-1.0,-1.0,-1.0,-1.0,1.0,-999,-999,22936.0,19197.3,153.49,207.219,1.65679,51.2853,0.407021,-999,-999,-999,-999,-999,13420708,52810024
28183,10.6759,LH2,-5.343,15.97,3.837,12.87,PI+SIDIS,0.44,4.4,0.72,-2.0,127.001,64.175,127.136,64.243,128.087,64.723,286.935,144.991,124.788,63.057,0.9992,0.7307,0.9862,0.9829,-1.0,-1.0,-1.0,-1.0,-1.0,1.0,-999,-999,31456.0,26424.3,179.707,211.681,1.4396,51.251,0.401204,-999,-999,-999,-999,-999,18072471,71440790
28184,10.6759,Dummy,-5.343,15.97,3.837,12.87,PI+SIDIS,0.44,4.4,0.72,-2.0,67.67,46.87,67.721,46.905,68.331,47.328,208.669,144.528,69.039,47.818,0.9995,0.7764,0.9836,0.9849,-1.0,-1.0,-1.0,-1.0,-1.0,1.0,-999,-999,3541.0,3361.83,59.7567,50.4287,0.896372,51.2831,0.392793,-999,-999,-999,-999,-999,3295120,9991738
28185,10.6759,Dummy,-5.343,15.97,3.837,12.87,PI+SIDIS,0.44,4.4,0.72,-2.0,78.302,50.707,78.297,50.704,78.544,50.864,235.245,152.34,79.203,51.29,0.9994,0.8138,0.989,0.9865,-1.0,-1.0,-1.0,-1.0,-1.0,1.0,-999,-999,4016.0,3800.5,63.6547,49.2353,0.824643,51.2986,0.397411,-999,-999,-999,-999,-999,3813006,11575620
28186,10.6759,Dummy,-5.343,15.97,3.837,12.87,PI+SIDIS,0.44,4.4,0.72,-2.0,72.985,49.731,72.943,49.703,72.936,49.698,220.524,150.263,73.588,50.142,0.9993,0.7575,0.9933,0.9841,-1.0,-1.0,-1.0,-1.0,-1.0,1.0,-999,-999,3832.0,3626.33,62.1794,50.5539,0.86683,51.3221,0.405295,-999,-999,-999,-999,-999,3555899,10774852
28187,10.6759,LH2,-5.343,15.97,2.978,12.87,PI+SIDIS,0.44,4.4,0.56,-2.0,84.508,49.704,84.5,49.699,85.017,50.003,255.296,150.153,85.957,50.556,0.9993,0.7495,0.9816,0.9801,-1.0,-1.0,-1.0,-1.0,-1.0,1.0,-999,-999,23304.0,16478.8,156.338,199.179,1.88965,51.2193,0.423858,-999,-999,-999,-999,-999,12065823,66364480
28188,10.6759,LH2,-5.343,15.97,2.978,12.87,PI+SIDIS,0.44,4.4,0.56,-2.0,92.062,50.636,92.107,50.661,93.002,51.154,276.965,152.338,94.019,51.713,0.9992,0.7535,0.9808,0.9796,-1.0,-1.0,-1.0,-1.0,-1.0,1.0,-999,-999,25544.0,18064.8,163.678,200.43,1.81602,51.2081,0.415209,-999,-999,-999,-999,-999,13134578,72419237
28189,10.6759,LH2,-5.343,15.97,2.978,12.87,PI+SIDIS,0.44,4.4,0.56,-2.0,86.991,48.966,87.058,49.003,87.548,49.28,264.614,148.947,88.29,49.697,0.9993,0.7533,0.9812,0.9797,-1.0,-1.0,-1.0,-1.0,-1.0,1.0,-999,-999,24009.0,17054.3,158.645,200.155,1.8619,51.2496,0.413944,-999,-999,-999,-999,-999,12418187,68332224
28190,10.6759,LH2,-5.343,15.97,2.978,12.87,PI+SIDIS,0.44,4.4,0.56,-2.0,92.03,50.047,92.011,50.036,92.27,50.177,277.978,151.166,93.182,50.673,0.9993,0.7414,0.9805,0.9797,-1.0,-1.0,-1.0,-1.0,-1.0,1.0,-999,-999,25530.0,18059.7,163.631,200.55,1.81709,51.2587,0.402194,-999,-999,-999,-999,-999,13133574,71880656
28191,10.6759,Dummy,-5.343,15.97,2.978,12.87,PI+SIDIS,0.44,4.4,0.56,-2.0,89.334,49.092,89.279,49.062,89.858,49.38,270.994,148.921,90.816,49.907,0.9994,0.7861,0.9864,0.9829,-1.0,-1.0,-1.0,-1.0,-1.0,1.0,-999,-999,4820.0,4123.83,70.2569,47.0232,0.801124,51.2756,0.395658,-999,-999,-999,-999,-999,4352326,17658783
28192,10.6759,Dummy,-5.343,15.97,2.978,12.87,PI+SIDIS,0.44,4.4,0.56,-2.0,61.817,48.533,61.812,48.529,62.312,48.921,187.736,147.392,62.95,49.422,0.9993,0.816,0.9862,0.9837,-1.0,-1.0,-1.0,-1.0,-1.0,1.0,-999,-999,3333.0,2880.67,58.3814,47.411,0.960861,51.2798,0.404587,-999,-999,-999,-999,-999,3008090,12266971
28193,10.6759,C,-5.343,15.97,2.978,12.87,PI+SIDIS,0.44,4.4,0.56,-2.0,64.807,40.085,64.789,40.074,65.263,40.368,240.344,148.661,65.936,40.784,0.9994,0.8463,0.9815,0.9794,-1.0,-1.0,-1.0,-1.0,-1.0,1.0,-999,-999,15905.0,10721.5,129.495,169.113,2.04255,51.2239,0.422889,-999,-999,-999,-999,-999,10346836,56002209
28194,10.6759,C,-5.343,15.97,2.978,12.87,PI+SIDIS,0.44,4.4,0.56,-2.0,67.621,39.83,67.616,39.828,68.154,40.145,250.942,147.811,68.824,40.539,0.9993,0.8487,0.9816,0.9788,-1.0,-1.0,-1.0,-1.0,-1.0,1.0,-999,-999,16701.0,11333.5,132.648,171.416,2.00627,51.2237,0.416565,-999,-999,-999,-999,-999,10797662,58311175
28195,10.6759,C,-5.343,15.97,2.978,12.87,PI+SIDIS,0.44,4.4,0.56,-2.0,76.762,41.021,76.697,40.987,77.315,41.317,283.398,151.447,78.1,41.737,0.9993,0.8496,0.9813,0.9789,-1.0,-1.0,-1.0,-1.0,-1.0,1.0,-999,-999,19225.0,13086.5,142.296,174.468,1.89708,51.2212,0.408936,-999,-999,-999,-999,-999,12256548,66212584
28196,10.6759,Cu,-5.343,15.97,2.978,12.87,PI+SIDIS,0.44,4.4,0.56,-2.0,70.159,40.736,70.048,40.672,70.672,41.034,258.907,150.328,71.366,41.437,0.9993,0.8867,0.9797,0.9773,-1.0,-1.0,-1.0,-1.0,-1.0,1.0,-999,-999,9991.0,6048.0,103.19,88.4266,1.50872,51.21,0.416779,-999,-999,-999,-999,-999,8475750,57242282
28197,10.6759,Cu,-5.343,15.97,2.978,12.87,PI+SIDIS,0.44,4.4,0.56,-2.0,70.675,39.632,70.604,39.592,71.226,39.941,262.758,147.345,71.934,40.338,0.9993,0.8981,0.9828,0.9773,-1.0,-1.0,-1.0,-1.0,-1.0,1.0,-999,-999,10144.0,6270.17,103.873,90.9521,1.50674,51.2151,0.413075,-999,-999,-999,-999,-999,8529865,57620855
28198,10.6759,Cu,-5.343,15.97,2.978,12.87,PI+SIDIS,0.44,4.4,0.56,-2.0,75.255,41.271,75.216,41.25,75.844,41.594,277.745,152.321,76.6,42.009,0.9993,0.8926,0.9803,0.9771,-1.0,-1.0,-1.0,-1.0,-1.0,1.0,-999,-999,10814.0,6603.83,107.311,89.9383,1.46148,51.2191,0.417617,-999,-999,-999,-999,-999,9090700,61477601
28199,10.6759,LD2,-5.343,15.97,2.978,12.87,PI+SIDIS,0.44,4.4,0.56,-2.0,42.617,25.226,42.594,25.213,43.007,25.457,201.693,119.387,43.402,25.691,0.9992,0.8087,0.9825,0.9791,-1.0,-1.0,-1.0,-1.0,-1.0,1.0,-999,-999,19320.0,13159.3,142.642,315.885,3.42408,51.2245,0.408236,-999,-999,-999,-999,-999,10911460,66876066
28200,10.6759,LD2,-5.343,15.97,2.978,12.87,PI+SIDIS,0.44,4.4,0.56,-2.0,46.643,25.549,46.563,25.505,47.024,25.757,220.546,120.804,47.46,25.996,0.9993,0.8049,0.9804,0.9798,-1.0,-1.0,-1.0,-1.0,-1.0,1.0,-999,-999,20848.0,14051.3,148.259,308.301,3.25296,51.2173,0.411435,-999,-999,-999,-999,-999,11939337,73010589
28201,10.6759,LD2,-5.343,15.97,2.978,12.87,PI+SIDIS,0.44,4.4,0.56,-2.0,46.268,25.676,46.178,25.626,46.644,25.885,218.731,121.383,47.074,26.123,0.9994,0.8112,0.9819,0.9796,-1.0,-1.0,-1.0,-1.0,-1.0,1.0,-999,-999,21131.0,14395.3,149.176,318.514,3.30071,51.2171,0.416187,-999,-999,-999,-999,-999,11842806,72343843
28202,10.6759,LD2,-5.343,15.97,2.978,12.87,PI+SIDIS,0.44,4.4,0.56,-2.0,44.415,25.67,44.356,25.637,44.801,25.893,210.117,121.441,45.213,26.131,0.9994,0.8153,0.9808,0.9793,-1.0,-1.0,-1.0,-1.0,-1.0,1.0,-999,-999,20047.0,13577.5,145.345,312.853,3.34905,51.22,0.418291,-999,-999,-999,-999,-999,11365591,69505960
28203,10.6759,LD2,-5.343,15.97,2.978,12.87,PI+SIDIS,0.44,4.4,0.56,-2.0,42.322,25.295,42.29,25.276,42.714,25.529,200.342,119.739,43.113,25.768,0.9994,0.8082,0.981,0.9792,-1.0,-1.0,-1.0,-1.0,-1.0,1.0,-999,-999,18959.0,12849.0,141.341,310.565,3.41627,51.2213,0.403009,-999,-999,-999,-999,-999,10831643,66338963
28204,10.6759,LD2,-5.343,15.97,2.978,12.87,PI+SIDIS,0.44,4.4,0.56,-2.0,28.065,24.431,28.052,24.42,28.345,24.675,132.955,115.74,28.604,24.9,0.9993,0.8135,0.9807,0.9799,-1.0,-1.0,-1.0,-1.0,-1.0,1.0,-999,-999,12758.0,8722.17,115.891,317.619,4.22017,51.2117,0.408663,-999,-999,-999,-999,-999,7191273,44071575
28205,10.6759,LD2,-5.343,15.97,2.978,12.87,PI+SIDIS,0.44,4.4,0.56,-2.0,59.272,25.736,59.169,25.691,59.783,25.957,280.401,121.749,60.335,26.197,0.9994,0.8208,0.982,0.9801,-1.0,-1.0,-1.0,-1.0,-1.0,1.0,-999,-999,27179.0,18625.2,169.129,321.453,2.91901,51.2077,0.422131,-999,-999,-999,-999,-999,15181177,92925362
28206,10.6759,Dummy,-5.343,15.97,2.978,12.87,PI+SIDIS,0.44,4.4,0.56,-2.0,90.915,49.703,90.877,49.682,91.495,50.02,272.29,148.861,92.232,50.423,0.9994,0.8023,0.9849,0.9823,-1.0,-1.0,-1.0,-1.0,-1.0,1.0,-999,-999,4811.0,4118.83,70.188,46.17,0.786772,51.2852,0.38804,-999,-999,-999,-999,-999,4427388,18095219
28207,10.6759,C,-5.343,15.97,2.978,12.87,PI+SIDIS,0.44,4.4,0.56,-2.0,72.526,40.312,72.496,40.295,72.614,40.361,272.689,151.567,73.36,40.775,0.9993,0.8527,0.9816,0.9798,-1.0,-1.0,-1.0,-1.0,-1.0,1.0,-999,-999,17725.0,12038.0,136.649,169.636,1.92562,51.2481,0.405263,-999,-999,-999,-999,-999,11577789,62597008
28208,10.6759,Cu,-5.343,15.97,2.978,12.87,PI+SIDIS,0.44,4.4,0.56,-2.0,63.641,39.541,63.608,39.52,63.887,39.693,240.012,149.121,64.546,40.103,0.9993,0.8935,0.9822,0.9786,-1.0,-1.0,-1.0,-1.0,-1.0,1.0,-999,-999,9117.0,5608.17,98.4977,90.1771,1.5838,51.2275,0.4123,-999,-999,-999,-999,-999,7691398,52110553
28209,10.6759,Cu,-5.343,15.97,2.978,12.87,PI+SIDIS,0.44,4.4,0.56,-2.0,93.958,39.964,93.79,39.892,94.431,40.165,353.409,150.317,95.407,40.58,0.9993,0.891,0.9807,0.9781,-1.0,-1.0,-1.0,-1.0,-1.0,1.0,-999,-999,13360.0,8216.33,119.236,89.6438,1.30092,51.2172,0.413501,-999,-999,-999,-999,-999,11366537,76824435
28210,10.6759,LH2,-5.343,15.97,2.978,12.87,PI+SIDIS,0.44,4.4,0.56,-2.0,81.796,49.404,81.77,49.389,82.636,49.911,248.123,149.864,83.476,50.419,0.9993,0.7448,0.9811,0.9796,-1.0,-1.0,-1.0,-1.0,-1.0,1.0,-999,-999,22438.0,15880.8,153.398,198.459,1.91698,51.1999,0.416615,-999,-999,-999,-999,-999,11673058,64619933
28211,10.6759,LH2,-5.343,15.97,2.978,12.87,PI+SIDIS,0.44,4.4,0.56,-2.0,45.785,39.759,45.749,39.729,46.058,39.996,172.395,149.707,46.458,40.344,0.9994,0.758,0.9838,0.9811,-1.0,-1.0,-1.0,-1.0,-1.0,1.0,-999,-999,12284.0,9330.17,113.032,208.037,2.52032,51.2424,0.403881,-999,-999,-999,-999,-999,6537239,35454610
28212,10.6759,LH2,-5.343,15.97,2.978,12.87,PI+SIDIS,0.44,4.4,0.56,-2.0,46.531,30.009,46.503,29.99,46.537,30.012,218.102,140.657,46.87,30.227,0.9995,0.7468,0.9822,0.9821,-1.0,-1.0,-1.0,-1.0,-1.0,1.0,-999,-999,11674.0,9320.83,109.846,204.216,2.40669,51.2914,0.384393,-999,-999,-999,-999,-999,6668354,35325633
28213,10.6759,LH2,-5.343,15.97,2.978,12.87,PI+SIDIS,0.44,4.4,0.56,-2.0,28.942,20.019,28.931,20.012,28.981,20.046,136.107,94.144,29.241,20.225,0.9996,0.7095,0.9857,0.9835,-1.0,-1.0,-1.0,-1.0,-1.0,1.0,-999,-999,6904.0,5913.5,84.0778,207.923,2.95624,51.307,0.378164,-999,-999,-999,-999,-999,4179585,21575052
28214,10.6759,LH2,-5.343,15.97,2.978,12.87,PI+SIDIS,0.44,4.4,0.56,-2.0,20.076,9.976,20.079,9.977,20.37,10.122,96.173,47.788,20.563,10.218,0.9993,0.7576,0.9878,0.9843,-1.0,-1.0,-1.0,-1.0,-1.0,1.0,-999,-999,4576.0,4214.17,68.0904,213.379,3.44767,51.2799,0.381174,-999,-999,-999,-999,-999,2961807,14828594
28215,10.6759,LH2,-5.343,15.97,2.978,12.87,PI+SIDIS,0.44,4.4,0.56,-2.0,54.531,49.404,54.487,49.364,54.954,49.787,165.171,149.642,55.536,50.314,0.9994,0.7582,0.9795,0.979,-1.0,-1.0,-1.0,-1.0,-1.0,1.0,-999,-999,15016.0,10673.8,125.458,200.283,2.35409,51.2001,0.411087,-999,-999,-999,-999,-999,7783978,43110492
28216,10.6759,LH2,-5.343,15.97,2.978,12.87,PI+SIDIS,0.44,4.4,0.56,-2.0,50.098,40.212,50.029,40.157,50.457,40.501,188.19,151.055,50.979,40.92,0.9994,0.7374,0.983,0.9802,-1.0,-1.0,-1.0,-1.0,-1.0,1.0,-999,-999,13125.0,9821.17,116.943,200.43,2.38657,51.2131,0.400793,-999,-999,-999,-999,-999,7153397,38900578
28217,10.6759,LH2,-5.343,15.97,2.978,12.87,PI+SIDIS,0.44,4.4,0.56,-2.0,42.394,29.812,42.351,29.782,42.645,29.989,199.881,140.559,43.011,30.246,0.9994,0.7432,0.9841,0.9822,-1.0,-1.0,-1.0,-1.0,-1.0,1.0,-999,-999,10740.0,8652.17,105.299,208.144,2.53318,51.2603,0.390756,-999,-999,-999,-999,-999,6076803,32300867
28218,10.6759,LH2,-5.343,15.97,2.978,12.87,PI+SIDIS,0.44,4.4,0.56,-2.0,30.731,20.177,30.715,20.167,30.809,20.228,144.602,94.942,31.022,20.368,0.9994,0.7526,0.9837,0.9839,-1.0,-1.0,-1.0,-1.0,-1.0,1.0,-999,-999,7256.0,6223.33,86.1865,206.067,2.85381,51.2983,0.385375,-999,-999,-999,-999,-999,4436445,22933837
28219,10.6759,LH2,-5.343,15.97,2.978,12.87,PI+SIDIS,0.44,4.4,0.56,-2.0,17.927,9.934,17.954,9.95,18.142,10.053,85.627,47.451,18.292,10.137,0.9995,0.75,0.9865,0.9828,-1.0,-1.0,-1.0,-1.0,-1.0,1.0,-999,-999,4053.0,3753.5,64.054,212.832,3.63201,51.2958,0.38777,-999,-999,-999,-999,-999,2642100,13211177
28220,10.6759,LH2,-5.343,15.97,2.978,14.875,PI+SIDIS,0.44,4.4,0.56,0.0,105.723,65.686,105.712,65.679,106.694,66.29,235.905,146.569,103.552,64.337,0.9993,0.7463,0.983,0.9801,-1.0,-1.0,-1.0,-1.0,-1.0,1.0,-999,-999,28003.0,21738.5,170.432,210.043,1.64676,51.2174,0.408161,-999,-999,-999,-999,-999,15044709,41872838
28221,10.6759,LH2,-5.343,15.97,2.978,14.875,PI+SIDIS,0.44,4.4,0.56,0.0,122.988,69.427,122.965,69.414,124.259,70.144,266.956,150.697,120.301,67.91,0.9993,0.7408,0.9837,0.98,-1.0,-1.0,-1.0,-1.0,-1.0,1.0,-999,-999,32489.0,25167.5,183.601,209.074,1.52523,51.2271,0.404464,-999,-999,-999,-999,-999,17500699,48650186
28222,10.6759,LH2,-5.343,15.97,2.978,14.875,PI+SIDIS,0.44,4.4,0.56,0.0,120.694,70.138,120.75,70.17,121.245,70.458,260.592,151.435,118.009,68.578,0.9993,0.7537,0.9813,0.9791,-1.0,-1.0,-1.0,-1.0,-1.0,1.0,-999,-999,31983.0,24791.3,182.158,209.918,1.54241,51.2665,0.397853,-999,-999,-999,-999,-999,17169325,47537207
28223,10.6759,LH2,-5.343,15.97,2.978,14.875,PI+SIDIS,0.44,4.4,0.56,0.0,120.534,69.256,120.641,69.318,120.95,69.495,261.808,150.428,117.896,67.74,0.9992,0.8567,0.9716,0.9689,-1.0,-1.0,-1.0,-1.0,1.0,-1.0,-999,-999,31585.0,24290.8,181.11,208.101,1.55157,51.2664,0.390902,-999,-999,-999,-999,-999,17154734,47433723
28224,10.6759,LH2,-5.343,15.97,2.978,14.875,HMSDIS,0.44,4.4,-999,-999,51982.869,67.076,52038.449,67.148,52354.909,67.556,114724.002,148.034,50976.002,65.777,0.9992,0.7577,-999,-999,-1.0,-1.0,-1.0,5.0,-1.0,-1.0,-999,-999,-999,-999,-999,88.0262,0.0920537,-999,-999,-999,-999,-999,-999,-999,7399534,20496238
28225,10.6759,LH2,-5.343,15.97,2.978,14.875,HMSDIS,0.44,4.4,-999,-999,55427.709,67.39,55491.322,67.467,55963.64,68.041,122380.161,148.791,54425.873,66.171,0.9992,0.8665,-999,-999,-1.0,-1.0,9.0,-1.0,-1.0,-1.0,-999,-999,-999,-999,-999,87.7709,0.119391,-999,-999,-999,-999,-999,-999,-999,7879382,21877247
28226,10.6759,Dummy,-5.343,15.97,2.978,14.875,PI+SIDIS,0.44,4.4,0.56,0.0,88.697,50.243,88.69,50.239,89.565,50.735,267.353,151.443,90.457,51.24,0.9994,0.7821,0.9897,0.9834,-1.0,-1.0,-1.0,-1.0,-1.0,1.0,-999,-999,4778.0,4399.67,69.5777,50.4786,0.798284,51.2599,0.38846,-999,-999,-999,-999,-999,4323058,9186353
28227,10.6759,Dummy,-5.343,15.97,2.978,14.875,PI+SIDIS,0.44,4.4,0.56,0.0,72.789,48.102,72.734,48.066,72.994,48.238,222.359,146.944,73.571,48.619,0.9993,0.7955,0.9875,0.9825,-1.0,-1.0,-1.0,-1.0,-1.0,1.0,-999,-999,3950.0,3653.83,63.2405,51.1684,0.885621,51.3026,0.369528,-999,-999,-999,-999,-999,3549552,7537450
28228,10.6759,Dummy,-5.343,15.97,2.978,14.875,PI+SIDIS,0.44,4.4,0.56,0.0,85.423,49.784,85.387,49.763,85.457,49.804,258.285,150.526,86.246,50.263,0.9994,0.7823,0.988,0.9834,-1.0,-1.0,-1.0,-1.0,-1.0,1.0,-999,-999,4484.0,4128.17,67.404,49.1931,0.803217,51.3052,0.382097,-999,-999,-999,-999,-999,4159172,8827350
28229,10.6759,Dummy,-5.343,15.97,2.978,14.875,HMSDIS,0.44,4.4,-999,-999,44450.193,49.761,44445.02,49.756,44644.952,49.98,134705.416,150.801,45125.934,50.518,0.9994,0.8356,-999,-999,-1.0,-1.0,-1.0,5.0,-1.0,-1.0,-999,-999,-999,-999,-999,29.4421,0.0575727,-999,-999,-999,-999,-999,-999,-999,2158561,4607662
28230,10.6759,C,-5.343,15.97,2.978,14.875,PI+SIDIS,0.44,4.4,0.56,0.0,86.219,49.413,86.226,49.417,86.947,49.83,261.638,149.946,87.878,50.364,0.9993,0.8434,0.9842,0.9801,-1.0,-1.0,-1.0,-1.0,-1.0,1.0,-999,-999,19452.0,14829.8,142.205,175.652,1.68435,51.2314,0.404547,-999,-999,-999,-999,-999,13776472,38342970
28231,10.6759,C,-5.343,15.97,2.978,14.875,PI+SIDIS,0.44,4.4,0.56,0.0,73.358,50.59,73.38,50.605,74.06,51.074,220.779,152.257,74.793,51.58,0.9993,0.8417,0.9839,0.9799,-1.0,-1.0,-1.0,-1.0,-1.0,1.0,-999,-999,16498.0,12508.7,131.007,174.121,1.82363,51.2403,0.402074,-999,-999,-999,-999,-999,11710218,32591121
28232,10.6759,C,-5.343,15.97,2.978,14.875,HMSDIS,0.44,4.4,-999,-999,43275.948,49.662,43267.86,49.652,43282.56,49.669,131050.247,150.388,43635.85,50.075,0.9992,0.8497,-999,-999,-1.0,-1.0,-1.0,5.0,-1.0,-1.0,-999,-999,-999,-999,-999,97.1667,0.10605,-999,-999,-999,-999,-999,-999,-999,6919358,19193488
28233,10.6759,Cu,-5.343,15.97,2.978,14.875,PI+SIDIS,0.44,4.4,0.56,0.0,106.518,64.7,106.501,64.689,107.092,65.048,243.013,147.608,106.963,64.97,0.9992,0.8934,0.9824,0.9746,-1.0,-1.0,-1.0,-1.0,-1.0,1.0,-999,-999,15093.0,9664.5,126.482,93.222,1.22002,51.2251,0.413243,-999,-999,-999,-999,-999,12887700,46932771
28234,10.6759,Cu,-5.343,15.97,2.978,14.875,PI+SIDIS,0.44,4.4,0.56,0.0,108.762,64.802,108.786,64.816,109.76,65.397,248.051,147.793,109.396,65.18,0.9992,0.8975,0.9783,0.9748,-1.0,-1.0,-1.0,-1.0,-1.0,1.0,-999,-999,15365.0,9826.67,127.625,92.7737,1.20491,51.2153,0.411167,-999,-999,-999,-999,-999,13158238,47948521
28235,10.6759,Cu,-5.343,15.97,2.978,14.875,PI+SIDIS,0.44,4.4,0.56,0.0,90.042,64.649,90.098,64.689,91.002,65.338,207.493,148.977,90.573,65.03,0.9992,0.8949,0.9812,0.9743,-1.0,-1.0,-1.0,-1.0,-1.0,1.0,-999,-999,12585.0,7998.67,115.54,91.23,1.3178,51.2074,0.417081,-999,-999,-999,-999,-999,10884839,39683815
28236,10.6759,Cu,-5.343,15.97,2.978,14.875,HMSDIS,0.44,4.4,-999,-999,57412.981,64.075,57468.257,64.137,58072.825,64.811,131458.942,146.713,57764.047,64.467,0.9992,0.8965,-999,-999,-1.0,-1.0,-1.0,5.0,-1.0,-1.0,-999,-999,-999,-999,-999,71.7428,0.0790736,-999,-999,-999,-999,-999,-999,-999,6941516,15345564
28237,10.6759,Cu,-5.343,15.97,2.978,14.875,PI+SIDIS,0.44,4.4,0.56,0.0,42.654,65.604,42.696,65.67,43.142,66.356,97.216,149.525,42.941,66.046,0.9992,0.8944,0.9814,0.9745,-1.0,-1.0,-1.0,-1.0,-1.0,1.0,-999,-999,5971.0,3765.83,79.6149,90.6152,1.91573,51.2137,0.41743,-999,-999,-999,-999,-999,5157666,18842596
28239,10.6759,Al,-5.343,15.97,2.978,14.875,HMSDIS,0.44,4.4,-999,-999,60210.379,49.585,60234.356,49.605,60778.678,50.053,182656.98,150.424,61389.194,50.556,0.9994,0.8296,-999,-999,-1.0,-1.0,-1.0,5.0,-1.0,-1.0,-999,-999,-999,-999,-999,31.8356,0.0514259,-999,-999,-999,-999,-999,-999,-999,3146763,6010256
28240,10.6759,LD2,-5.343,15.97,2.978,14.875,PI+SIDIS,0.44,4.4,0.56,0.0,71.869,41.557,71.778,41.504,72.339,41.829,257.786,149.059,73.044,42.236,0.9993,0.8145,0.9802,0.9771,-1.0,-1.0,-1.0,-1.0,-1.0,1.0,-999,-999,31619.0,22707.0,181.946,324.16,2.59742,51.2278,0.409622,-999,-999,-999,-999,-999,18311229,56711222
28241,10.6759,LD2,-5.343,15.97,2.978,14.875,PI+SIDIS,0.44,4.4,0.56,0.0,63.928,40.476,63.817,40.406,64.329,40.73,231.168,146.364,64.938,41.116,0.9992,0.8257,0.9796,0.9768,-1.0,-1.0,-1.0,-1.0,-1.0,1.0,-999,-999,28081.0,20227.2,171.435,324.916,2.75382,51.2362,0.412521,-999,-999,-999,-999,-999,16283497,50246779
28242,10.6759,LD2,-5.343,15.97,2.978,14.875,PI+SIDIS,0.44,4.4,0.56,0.0,77.469,43.158,77.38,43.108,77.936,43.418,273.45,152.339,78.681,43.833,0.9992,0.8189,0.981,0.9769,-1.0,-1.0,-1.0,-1.0,-1.0,1.0,-999,-999,34787.0,25072.2,190.804,332.11,2.52742,51.2363,0.405647,-999,-999,-999,-999,-999,19723761,61043393
28243,10.6759,LD2,-5.343,15.97,2.978,14.875,PI+SIDIS,0.44,4.4,0.56,0.0,74.82,42.722,74.771,42.694,75.279,42.984,263.579,150.502,75.993,43.392,0.9992,0.8227,0.9789,0.9766,-1.0,-1.0,-1.0,-1.0,-1.0,1.0,-999,-999,32985.0,23618.5,185.866,323.881,2.54878,51.2361,0.408365,-999,-999,-999,-999,-999,19039074,58968367
28244,10.6759,LD2,-5.343,15.97,2.978,14.875,HMSDIS,0.44,4.4,-999,-999,48982.607,42.279,48959.957,42.259,49273.097,42.53,172895.385,149.233,49730.346,42.924,0.9992,0.8221,-999,-999,-1.0,-1.0,-1.0,5.0,-1.0,-1.0,-999,-999,-999,-999,-999,155.704,0.126215,-999,-999,-999,-999,-999,-999,-999,12473142,35560127
28245,10.6759,LD2,-5.343,15.97,2.978,16.87,PI+SIDIS,0.44,4.4,0.56,2.0,70.771,43.392,70.748,43.378,71.155,43.627,248.461,152.339,71.826,44.039,0.9991,0.8076,0.9846,0.9791,-1.0,-1.0,-1.0,-1.0,-1.0,1.0,-999,-999,26327.0,21659.8,164.636,313.063,2.37958,51.2677,0.402762,-999,-999,-999,-999,-999,18014236,26186215
28246,10.6759,LD2,-5.343,15.97,2.978,16.87,PI+SIDIS,0.44,4.4,0.56,2.0,120.507,68.802,120.532,68.817,121.513,69.376,265.295,151.468,118.032,67.389,0.999,0.8173,0.9803,0.9762,-1.0,-1.0,-1.0,-1.0,-1.0,1.0,-999,-999,49374.0,36912.7,226.828,314.322,1.93151,51.2409,0.41585,-999,-999,-999,-999,-999,30623613,46626167
28247,10.6759,LD2,-5.343,15.97,2.978,16.87,HMSDIS,0.44,4.4,-999,-999,47926.089,65.338,47898.51,65.3,48299.981,65.848,106099.293,144.646,46386.944,63.24,0.999,0.8229,-999,-999,-1.0,-1.0,-1.0,5.0,-1.0,-1.0,-999,-999,-999,-999,-999,155.386,0.127548,-999,-999,-999,-999,-999,-999,-999,12184588,18496930
28248,10.6759,Dummy,-5.343,15.97,2.978,16.87,PI+SIDIS,0.44,4.4,0.56,2.0,80.634,48.212,80.572,48.175,81.204,48.553,244.227,146.027,81.976,49.015,0.9992,0.7889,0.9875,0.981,-1.0,-1.0,-1.0,-1.0,-1.0,1.0,-999,-999,4011.0,3831.17,63.5686,48.5124,0.804941,51.2992,0.414646,-999,-999,-999,-999,-999,3929822,4259614
28249,10.6759,Dummy,-5.343,15.97,2.978,16.87,PI+SIDIS,0.44,4.4,0.56,2.0,83.8,49.9,83.787,49.893,84.441,50.282,250.698,149.282,85.256,50.767,0.9995,0.7874,0.9863,0.9805,-1.0,-1.0,-1.0,-1.0,-1.0,1.0,-999,-999,4013.0,3827.83,63.5914,46.6172,0.774446,51.3076,0.413928,-999,-999,-999,-999,-999,4076452,4450567
28250,10.6759,Dummy,-5.343,15.97,2.978,16.87,PI+SIDIS,0.44,4.4,0.56,2.0,89.475,50.413,89.495,50.424,90.205,50.825,267.001,150.437,91.077,51.316,0.9995,0.785,0.9762,0.9822,-1.0,-1.0,-1.0,-1.0,-1.0,1.0,-999,-999,4401.0,4202.67,66.5887,47.8353,0.757921,51.2847,0.381162,-999,-999,-999,-999,-999,4352371,4763493
28251,10.6759,Dummy,-5.343,15.97,2.978,16.87,HMSDIS,0.44,4.4,-999,-999,48134.07,49.777,48153.276,49.797,48547.84,50.205,144591.489,149.528,49014.721,50.688,0.9994,0.8289,-999,-999,-1.0,-1.0,-1.0,1.0,-1.0,-1.0,-999,-999,-999,-999,-999,29.5091,0.0248093,-999,-999,-999,-999,-999,-999,-999,2343280,2566460
28252,10.6759,C,-5.343,15.97,2.978,16.87,PI+SIDIS,0.44,4.4,0.56,2.0,80.822,49.065,80.83,49.07,81.526,49.492,243.542,147.847,82.309,49.967,0.9992,0.8466,0.9856,0.9811,-1.0,-1.0,-1.0,-1.0,-1.0,1.0,-999,-999,15733.0,13448.7,126.94,169.752,1.60227,51.2714,0.437877,-999,-999,-999,-999,-999,12923091,17818210
28253,10.6759,C,-5.343,15.97,2.978,16.87,PI+SIDIS,0.44,4.4,0.56,2.0,87.195,49.269,87.109,49.22,87.897,49.665,264.554,149.484,88.746,50.145,0.9992,0.8322,0.9879,0.9823,-1.0,-1.0,-1.0,-1.0,-1.0,1.0,-999,-999,17077.0,14596.2,132.252,170.743,1.54705,51.2873,0.494479,-999,-999,-999,-999,-999,13941069,19145086
28254,10.6759,C,-5.343,15.97,2.978,16.87,HMSDIS,0.44,4.4,-999,-999,-999,-999,-999,-999,-999,-999,-999,-999,-999,-999,-999,-999,-999,-999,-999,-999,-999,-999,-999,-999,-999,-999,-999,-999,-999,-999,-999,-999,-999,-999,-999,-999,-999,-999,-999,-999
28255,10.6759,C,-5.343,15.97,2.978,16.87,HMSDIS,0.44,4.4,-999,-999,42143.477,48.841,42123.833,48.818,42513.26,49.269,128335.152,148.73,42926.109,49.748,0.9993,0.8523,-999,-999,-1.0,-1.0,-1.0,3.0,-1.0,-1.0,-999,-999,-999,-999,-999,97.3029,0.0833336,-999,-999,-999,-999,-999,-999,-999,6741377,9253647
28256,10.6759,Cu,-5.343,15.97,2.978,16.87,PI+SIDIS,0.44,4.4,0.56,2.0,109.142,66.426,109.204,66.464,110.317,67.141,243.112,147.962,107.012,65.129,0.9992,0.8898,0.9831,0.9782,-1.0,-1.0,-1.0,-1.0,-1.0,1.0,-999,-999,12759.0,9581.5,115.276,89.7882,1.08025,51.2573,0.447008,-999,-999,-999,-999,-999,13192503,24671867
28257,10.6759,Cu,-5.343,15.97,2.978,16.87,PI+SIDIS,0.44,4.4,0.56,2.0,100.806,64.011,100.89,64.064,101.892,64.7,228.546,145.125,98.932,62.821,0.9992,0.8903,0.9836,0.9785,-1.0,-1.0,-1.0,-1.0,-1.0,1.0,-999,-999,11867.0,8975.5,111.126,91.0111,1.12681,51.2528,0.428618,-999,-999,-999,-999,-999,12182550,22697234
28258,10.6759,Cu,-5.343,15.97,2.978,16.87,PI+SIDIS,0.44,4.4,0.56,2.0,94.744,61.972,94.789,62.002,95.757,62.635,218.571,142.969,93.255,60.999,0.9991,0.8883,0.9835,0.9791,-1.0,-1.0,-1.0,-1.0,-1.0,1.0,-999,-999,11246.0,8543.83,108.15,92.1647,1.16664,51.2483,0.442996,-999,-999,-999,-999,-999,11453707,21309674
28259,10.6759,Cu,-5.343,15.97,2.978,16.87,HMSDIS,0.44,4.4,-999,-999,61813.227,69.386,61790.75,69.361,62469.32,70.122,134247.342,150.694,60496.646,67.908,0.9992,0.8932,-999,-999,-1.0,-1.0,-1.0,3.0,-1.0,-1.0,-999,-999,-999,-999,-999,71.9799,0.0591876,-999,-999,-999,-999,-999,-999,-999,7475642,13942211
28260,10.6759,LH2,-5.343,15.97,2.978,16.87,PI+SIDIS,0.44,4.4,0.56,2.0,95.073,57.624,95.042,57.606,96.202,58.309,244.08,147.939,97.12,58.866,0.9993,0.732,0.9866,0.9825,-1.0,-1.0,-1.0,-1.0,-1.0,1.0,-999,-999,21894.0,19395.0,149.367,207.884,1.60098,51.2595,0.403247,-999,-999,-999,-999,-999,13568114,17835803
28261,10.6759,LH2,-5.343,15.97,2.978,16.87,PI+SIDIS,0.44,4.4,0.56,2.0,90.974,57.867,90.996,57.88,91.916,58.465,233.234,148.355,92.71,58.971,0.9992,0.7298,0.9852,0.9818,-1.0,-1.0,-1.0,-1.0,-1.0,1.0,-999,-999,20742.0,18326.3,145.412,205.334,1.62924,51.2731,0.40162,-999,-999,-999,-999,-999,12987863,17071206
28262,10.6759,LH2,-5.343,15.97,2.978,16.87,PI+SIDIS,0.44,4.4,0.56,2.0,104.725,59.528,104.799,59.57,105.149,59.769,265.379,150.847,105.957,60.228,0.9993,0.7473,0.9859,0.9822,-1.0,-1.0,-1.0,-1.0,-1.0,1.0,-999,-999,24227.0,21392.3,157.161,208.006,1.52813,51.3144,0.39771,-999,-999,-999,-999,-999,14943759,19566192
28263,10.6759,LH2,-5.343,15.97,2.978,16.87,PI+SIDIS,0.44,4.4,0.56,2.0,113.881,60.137,113.992,60.196,114.33,60.374,287.152,151.635,115.427,60.953,0.9993,0.7432,0.9862,0.9823,-1.0,-1.0,-1.0,-1.0,-1.0,1.0,-999,-999,25861.0,22839.8,162.372,204.157,1.45138,51.3023,0.413809,-999,-999,-999,-999,-999,16244350,21279679
28264,10.6759,LH2,-5.343,15.97,2.978,16.87,PI+SIDIS,0.44,4.4,0.56,2.0,105.709,58.901,105.759,58.93,106.602,59.399,268.876,149.819,107.73,60.028,0.9993,0.8581,0.9787,0.9768,-1.0,-1.0,-1.0,-1.0,1.0,-1.0,-999,-999,24328.0,21517.0,157.469,208.487,1.52578,51.2749,0.461267,-999,-999,-999,-999,-999,15083990,19844805
28265,10.6759,LH2,-5.343,15.97,2.978,16.87,HMSDIS,0.44,4.4,-999,-999,44344.415,58.053,44327.331,58.031,44807.831,58.66,113521.653,148.616,45269.18,59.264,0.9993,0.753,-999,-999,-1.0,-1.0,-1.0,1.0,-1.0,-1.0,-999,-999,-999,-999,-999,88.3318,0.0562133,-999,-999,-999,-999,-999,-999,-999,6328214,8330122
28266,10.6759,LH2,-5.343,15.97,2.978,16.87,HMSDIS,0.44,4.4,-999,-999,59802.97,55.714,59786.061,55.699,60483.933,56.349,155696.869,145.052,61051.829,56.878,0.9992,0.8644,-999,-999,-1.0,-1.0,5.0,-1.0,-1.0,-1.0,-999,-999,-999,-999,-999,88.4946,0.0861053,-999,-999,-999,-999,-999,-999,-999,8544730,11258936
28267,10.6759,LD2,-5.343,15.97,2.978,16.87,PI+SIDIS,0.44,4.4,0.56,2.0,114.852,68.359,114.899,68.387,115.32,68.638,251.536,149.712,112.602,67.02,0.999,0.8083,0.98,0.978,-1.0,-1.0,-1.0,-1.0,-1.0,1.0,-999,-999,46684.0,34606.2,220.674,308.549,1.96753,51.2969,0.495788,-999,-999,-999,-999,-999,29200763,44615260
28268,10.6759,LH2,-5.343,15.97,-5.154,16.87,PI-SIDIS,0.44,4.4,0.97,2.0,-999,-999,-999,-999,-999,-999,-999,-999,-999,-999,-999,-999,-999,-999,-999,-999,-999,-999,-999,-999,-999,-999,-999,-999,-999,-999,-999,-999,-999,-999,-999,-999,-999,-999,-999,-999
28269,10.6759,Dummy,-5.343,15.97,-5.154,16.87,PI-SIDIS,0.44,4.4,0.97,2.0,58.03,49.872,58.002,49.847,58.007,49.852,175.747,151.039,58.461,50.242,0.9995,0.8857,0.9879,0.9874,-1.0,-1.0,-1.0,-1.0,-1.0,1.0,-999,-999,537.0,534.5,23.1822,9.33746,0.404983,51.3442,0.459033,-999,-999,-999,-999,-999,2822196,2438908
28270,10.6759,LD2,-5.343,15.97,-5.154,16.87,PI-SIDIS,0.44,4.4,0.97,2.0,126.33,69.929,126.408,69.972,127.071,70.339,273.782,151.549,123.989,68.633,0.9989,0.8718,0.9916,0.9662,-1.0,-1.0,-1.0,-1.0,-1.0,1.0,-999,-999,9230.0,8978.17,96.2911,73.5947,0.789305,51.2854,0.444155,-999,-999,-999,-999,-999,32060342,26446515
28276,10.6759,LH2,-5.343,15.97,-3.837,16.87,HMSDIS,0.44,4.4,-999,-999,53291.807,69.128,53323.319,69.169,53912.933,69.933,115999.457,150.469,52177.329,67.682,0.9993,0.7569,-999,-999,-1.0,-1.0,-1.0,5.0,-1.0,-1.0,-999,-999,-999,-999,-999,87.7082,0.0907672,-999,-999,-999,-999,-999,-999,-999,7567094,13702584
28277,10.6759,LH2,-5.343,15.97,-3.837,16.87,HMSDIS,0.44,4.4,-999,-999,9028.46,70.109,9035.258,70.162,9122.818,70.842,19477.685,151.252,8869.461,68.875,0.9993,0.8676,-999,-999,-1.0,-1.0,5.0,-1.0,-1.0,-1.0,-999,-999,-999,-999,-999,87.7367,0.220562,-999,-999,-999,-999,-999,-999,-999,1282941,2323077
28278,10.6759,LH2,-5.343,15.97,-3.837,16.87,HMSDIS,0.44,4.4,-999,-999,27539.484,67.356,27566.213,67.422,27702.478,67.755,60707.04,148.477,26982.042,65.993,0.9992,0.8636,-999,-999,-1.0,-1.0,5.0,-1.0,-1.0,-1.0,-999,-999,-999,-999,-999,87.5237,0.126126,-999,-999,-999,-999,-999,-999,-999,3909993,7089871
28280,10.6759,Dummy,-5.343,15.97,-3.837,16.87,PI-SIDIS,0.44,4.4,0.72,2.0,40.884,49.48,40.906,49.506,40.934,49.54,124.04,150.119,41.295,49.977,0.9997,0.8333,0.991,0.9849,-1.0,-1.0,-1.0,-1.0,-1.0,1.0,-999,-999,994.0,976.167,31.5749,24.2368,0.783958,51.3779,0.482464,-999,-999,-999,-999,-999,1988312,3365173
28281,10.6759,Dummy,-5.343,15.97,-3.837,16.87,PI-SIDIS,0.44,4.4,0.72,2.0,77.783,48.229,77.697,48.176,78.457,48.647,238.025,147.587,79.164,49.085,0.9995,0.8354,0.9872,0.9872,-1.0,-1.0,-1.0,-1.0,-1.0,1.0,-999,-999,1915.0,1883.67,43.8203,24.5704,0.571589,51.2805,0.409821,-999,-999,-999,-999,-999,3791551,6427855
28282,10.6759,Dummy,-5.343,15.97,-3.837,16.87,PI-SIDIS,0.44,4.4,0.72,2.0,91.739,50.236,91.676,50.202,92.458,50.63,276.589,151.46,93.276,51.078,0.9991,0.8737,0.9912,0.9882,-1.0,-1.0,-1.0,-1.0,-1.0,1.0,-999,-999,2232.0,2191.83,47.3148,24.2158,0.522743,51.2848,0.410161,-999,-999,-999,-999,-999,4465915,7577131
28283,10.6759,Dummy,-5.343,15.97,-3.837,16.87,PI-SIDIS,0.44,4.4,0.72,2.0,30.243,48.384,30.234,48.37,30.461,48.733,92.377,147.787,30.734,49.17,0.9991,0.9091,0.9836,0.9874,-1.0,-1.0,-1.0,-1.0,-1.0,1.0,-999,-999,743.0,731.333,27.2937,24.5198,0.915091,51.3157,0.462488,-999,-999,-999,-999,-999,1471451,2497770
28284,10.6759,Dummy,-5.343,15.97,-3.837,16.87,HMSDIS,0.44,4.4,-999,-999,45459.225,49.735,45462.711,49.739,45762.167,50.066,137670.038,150.619,46159.263,50.501,0.9993,0.8321,-999,-999,-1.0,-1.0,-1.0,3.0,-1.0,-1.0,-999,-999,-999,-999,-999,29.4349,0.0440938,-999,-999,-999,-999,-999,-999,-999,2213017,3756965
28285,10.6759,Dummy,-5.343,15.97,-3.837,16.87,PI-SIDIS,0.44,4.4,0.72,2.0,87.5,49.722,87.52,49.733,88.039,50.028,264.989,150.579,88.802,50.462,0.9998,0.8889,0.994,0.987,-1.0,-1.0,-1.0,-1.0,-1.0,1.0,-999,-999,2083.0,2050.5,45.6992,23.7423,0.52914,51.3208,0.503027,-999,-999,-999,-999,-999,4253571,7238259
28286,10.6759,Dummy,-5.343,15.97,-3.837,16.87,PI-SIDIS,0.44,4.4,0.72,2.0,63.489,49.245,63.487,49.243,63.842,49.519,192.701,149.467,64.397,49.949,0.9998,0.8971,0.992,0.9865,-1.0,-1.0,-1.0,-1.0,-1.0,1.0,-999,-999,1483.0,1455.33,38.5696,23.2417,0.615956,51.3314,0.486469,-999,-999,-999,-999,-999,3090295,5241428
28287,10.6759,LH2,-5.343,15.97,-3.837,16.87,PI-SIDIS,0.44,4.4,0.72,2.0,111.684,67.179,111.623,67.142,112.378,67.596,246.372,148.195,109.497,65.864,0.9992,0.7724,0.9898,0.9855,-1.0,-1.0,-1.0,-1.0,-1.0,1.0,-999,-999,9299.0,8867.5,96.8035,80.6768,0.880722,51.322,0.50287,-999,-999,-999,-999,-999,15883322,23359127
28288,10.6759,LH2,-5.343,15.97,-3.837,16.87,PI-SIDIS,0.44,4.4,0.72,2.0,96.169,66.126,96.14,66.105,96.739,66.517,214.068,147.192,94.206,64.776,0.9991,0.8213,0.9909,0.9863,-1.0,-1.0,-1.0,-1.0,-1.0,1.0,-999,-999,8078.0,7712.67,90.2158,81.4131,0.952296,51.3328,0.489486,-999,-999,-999,-999,-999,13676624,20097521
28289,10.6759,LH2,-5.343,15.97,-3.837,16.87,PI-SIDIS,0.44,4.4,0.72,2.0,133.191,70.112,133.232,70.134,134.048,70.563,287.808,151.503,130.384,68.635,0.9991,0.8024,0.9928,0.9869,-1.0,-1.0,-1.0,-1.0,-1.0,1.0,-999,-999,11095.0,10587.3,105.734,80.5944,0.804881,51.3195,0.48896,-999,-999,-999,-999,-999,18928698,27827549
28290,10.6759,LH2,-5.343,15.97,-3.837,16.87,PI-SIDIS,0.44,4.4,0.72,2.0,63.64,63.17,63.672,63.201,64.071,63.598,145.575,144.499,62.526,62.064,0.9991,0.7786,0.9912,0.989,-1.0,-1.0,-1.0,-1.0,-1.0,1.0,-999,-999,5274.0,5042.33,72.8877,80.1487,1.15856,51.3149,0.495674,-999,-999,-999,-999,-999,9049339,13303643
28291,10.6759,LH2,-5.343,15.97,-3.837,16.87,PI-SIDIS,0.44,4.4,0.72,2.0,107.164,64.434,107.119,64.408,107.887,64.87,241.043,144.932,105.068,63.174,0.9991,0.8778,0.9898,0.9851,-1.0,-1.0,-1.0,-1.0,1.0,-1.0,-999,-999,8823.0,8398.33,94.3068,79.6631,0.894556,51.285,0.367449,-999,-999,-999,-999,-999,15236640,22400431
28292,10.6759,LH2,-5.343,15.97,-3.837,16.87,PI-SIDIS,0.44,4.4,0.72,2.0,115.12,67.57,115.121,67.571,116.015,68.096,253.606,148.855,112.842,66.234,0.9991,0.8135,0.9908,0.9868,-1.0,-1.0,-1.0,-1.0,-1.0,1.0,-999,-999,9659.0,9203.5,98.6657,81.0899,0.869321,51.3001,0.401119,-999,-999,-999,-999,-999,16357515,24060350
28293,10.6759,LH2,-5.343,15.97,-3.837,16.87,PI-SIDIS,0.44,4.4,0.72,2.0,116.398,68.232,116.459,68.267,117.42,68.831,255.219,149.607,114.263,66.98,0.999,0.7682,0.9916,0.9882,-1.0,-1.0,-1.0,-1.0,-1.0,1.0,-999,-999,9576.0,9139.5,98.2281,79.4968,0.854403,51.2811,0.369903,-999,-999,-999,-999,-999,16530288,24309653
28294,10.6759,LH2,-5.343,15.97,-3.837,16.87,PI-SIDIS,0.44,4.4,0.72,2.0,57.121,67.254,57.159,67.298,57.645,67.871,126.063,148.425,56.114,66.068,0.9992,0.7658,0.9913,0.9856,-1.0,-1.0,-1.0,-1.0,-1.0,1.0,-999,-999,4755.0,4526.83,69.2317,80.4212,1.22993,51.2843,0.366651,-999,-999,-999,-999,-999,8109189,11932638
28295,10.6759,LH2,-5.343,15.97,-3.837,14.875,PI-SIDIS,0.44,4.4,0.72,0.0,118.036,68.033,118.152,68.1,119.224,68.718,259.682,149.674,115.917,66.812,0.9991,0.7948,0.9903,0.9848,-1.0,-1.0,-1.0,-1.0,-1.0,1.0,-999,-999,11991.0,10816.3,110.394,93.0432,0.949619,51.2813,0.364539,-999,-999,-999,-999,-999,16767562,51009040
28296,10.6759,LH2,-5.343,15.97,-3.837,14.875,PI-SIDIS,0.44,4.4,0.72,0.0,49.682,66.726,49.721,66.778,50.205,67.428,110.054,147.809,48.792,65.531,0.9992,0.7859,0.9909,0.985,-1.0,-1.0,-1.0,-1.0,-1.0,1.0,-999,-999,5043.0,4538.17,71.604,92.7426,1.46331,51.2798,0.374159,-999,-999,-999,-999,-999,7062857,21442184
28298,10.6759,LH2,-5.343,15.97,-3.837,14.875,PI-SIDIS,0.44,4.4,0.72,0.0,116.446,67.65,116.425,67.638,117.199,68.087,256.401,148.957,114.05,66.258,0.9992,0.7964,0.9899,0.9859,-1.0,-1.0,-1.0,-1.0,-1.0,1.0,-999,-999,11787.0,10623.7,109.457,92.635,0.954432,51.2946,0.363272,-999,-999,-999,-999,-999,16551643,50246996
28299,10.6759,LH2,-5.343,15.97,-3.837,14.875,PI-SIDIS,0.44,4.4,0.72,0.0,116.224,68.921,116.258,68.941,116.503,69.086,253.585,150.375,114.047,67.63,0.9994,0.7896,0.9913,0.9863,-1.0,-1.0,-1.0,-1.0,-1.0,1.0,-999,-999,11596.0,10449.0,108.569,91.1863,0.947457,51.3108,0.361387,-999,-999,-999,-999,-999,16506812,50017325
28300,10.6759,Dummy,-5.343,15.97,-3.837,14.875,PI-SIDIS,0.44,4.4,0.72,0.0,84.279,49.768,84.291,49.775,84.761,50.053,254.865,150.5,85.62,50.56,0.9996,0.9236,0.9923,0.9881,-1.0,-1.0,-1.0,-1.0,-1.0,1.0,-999,-999,2361.0,2274.33,48.7385,27.3178,0.585415,51.2776,0.375771,-999,-999,-999,-999,-999,4098344,14226447
28301,10.6759,Dummy,-5.343,15.97,-3.837,14.875,PI-SIDIS,0.44,4.4,0.72,0.0,88.013,49.694,88.035,49.706,88.773,50.123,266.826,150.655,89.65,50.618,0.9989,0.8571,0.9887,0.9885,-1.0,-1.0,-1.0,-1.0,-1.0,1.0,-999,-999,2516.0,2426.33,50.3085,27.9124,0.578745,51.2739,0.37352,-999,-999,-999,-999,-999,4278212,14869117
28302,10.6759,Dummy,-5.343,15.97,-3.837,14.875,PI-SIDIS,0.44,4.4,0.72,0.0,88.084,49.289,88.119,49.308,88.961,49.78,267.712,149.803,89.78,50.238,0.9999,0.8406,0.9891,0.9878,-1.0,-1.0,-1.0,-1.0,-1.0,1.0,-999,-999,2551.0,2468.67,50.6431,28.364,0.581869,51.2768,0.368929,-999,-999,-999,-999,-999,4283239,14895485
28303,10.6759,Dummy,-5.343,15.97,-3.837,14.875,PI-SIDIS,0.44,4.4,0.72,0.0,110.129,50.221,110.077,50.197,110.448,50.367,332.565,151.656,111.256,50.735,0.9993,0.84,0.992,0.9885,-1.0,-1.0,-1.0,-1.0,-1.0,1.0,-999,-999,3100.0,2991.5,55.8398,27.5119,0.513541,51.3188,0.37133,-999,-999,-999,-999,-999,5356347,18588830
28304,10.6759,LH2,-5.343,15.97,-3.837,14.875,PI-SIDIS,0.44,4.4,0.72,0.0,107.163,68.842,107.172,68.848,107.496,69.056,233.582,150.054,104.997,67.451,0.9991,0.7867,0.9923,0.9863,-1.0,-1.0,-1.0,-1.0,-1.0,1.0,-999,-999,11089.0,10025.3,106.143,94.9348,1.00512,51.2977,0.380017,-999,-999,-999,-999,-999,15214419,46146884
28305,10.6759,LH2,-5.343,15.97,-3.837,14.875,PI-SIDIS,0.44,4.4,0.72,0.0,115.763,70.716,115.825,70.753,116.626,71.243,249.189,152.221,113.457,69.307,0.9993,0.7987,0.9914,0.9859,-1.0,-1.0,-1.0,-1.0,-1.0,1.0,-999,-999,11852.0,10711.7,109.736,93.8746,0.961704,51.2682,0.377003,-999,-999,-999,-999,-999,16436515,49843359
28306,10.6759,LH2,-5.343,15.97,-3.837,12.875,PI-SIDIS,0.44,4.4,0.72,-2.0,100.703,66.062,100.797,66.124,101.771,66.763,224.441,147.236,98.925,64.896,0.9991,0.7703,0.9892,0.9848,-1.0,-1.0,-1.0,-1.0,-1.0,1.0,-999,-999,11657.0,9236.17,109.82,93.1458,1.10753,51.253,0.385658,-999,-999,-999,-999,-999,14299974,90906371
28307,10.6759,LH2,-5.343,15.97,-3.837,12.875,PI-SIDIS,0.44,4.4,0.72,-2.0,72.326,59.151,72.402,59.212,73.106,59.789,175.824,143.795,71.429,58.417,0.9992,0.7771,0.9896,0.9837,-1.0,-1.0,-1.0,-1.0,-1.0,1.0,-999,-999,8427.0,6771.67,93.2893,95.168,1.31107,51.2664,0.384996,-999,-999,-999,-999,-999,10282970,65285594
28308,10.6759,LH2,-5.343,15.97,-3.837,12.875,PI-SIDIS,0.44,4.4,0.72,-2.0,102.461,67.373,102.46,67.372,103.376,67.974,226.178,148.722,100.413,66.026,0.9992,0.7666,0.9885,0.9847,-1.0,-1.0,-1.0,-1.0,-1.0,1.0,-999,-999,11838.0,9395.17,110.658,93.2069,1.09781,51.2656,0.379835,-999,-999,-999,-999,-999,14558917,92360927
28309,10.6759,LH2,-5.343,15.97,-3.837,12.875,PI-SIDIS,0.44,4.4,0.72,-2.0,87.287,62.819,87.25,62.792,87.989,63.324,199.692,143.714,85.716,61.688,0.9992,0.7635,0.9887,0.9846,-1.0,-1.0,-1.0,-1.0,-1.0,1.0,-999,-999,10053.0,8015.83,101.944,93.3959,1.18779,51.2645,0.373118,-999,-999,-999,-999,-999,12411226,78557118
28310,10.6759,Dummy,-5.343,15.97,-3.837,12.875,PI-SIDIS,0.44,4.4,0.72,-2.0,83.754,49.299,83.734,49.288,84.194,49.559,254.331,149.705,84.928,49.991,0.9996,0.877,0.9915,0.9871,-1.0,-1.0,-1.0,-1.0,-1.0,1.0,-999,-999,2558.0,2387.33,50.8571,28.8957,0.615561,51.3023,0.375807,-999,-999,-999,-999,-999,4074415,29199187
28311,10.6759,Dummy,-5.343,15.97,-3.837,12.875,PI-SIDIS,0.44,4.4,0.72,-2.0,84.652,49.36,84.657,49.363,85.033,49.582,256.515,149.573,85.767,50.01,0.9995,0.8972,0.9898,0.9852,-1.0,-1.0,-1.0,-1.0,-1.0,1.0,-999,-999,2457.0,2285.33,49.8559,27.4144,0.598062,51.3117,0.383783,-999,-999,-999,-999,-999,4116091,29532470
28312,10.6759,Dummy,-5.343,15.97,-3.837,12.875,PI-SIDIS,0.44,4.4,0.72,-2.0,77.962,47.892,77.988,47.908,78.247,48.067,239.015,146.827,78.92,48.48,0.9994,0.8609,0.993,0.9857,-1.0,-1.0,-1.0,-1.0,-1.0,1.0,-999,-999,2372.0,2206.33,48.9858,28.7183,0.637615,51.3004,0.372799,-999,-999,-999,-999,-999,3792426,27236037
28313,10.6759,Dummy,-5.343,15.97,-3.837,12.875,PI-SIDIS,0.44,4.4,0.72,-2.0,100.044,48.477,100.057,48.484,100.277,48.59,305.747,148.153,101.1,48.989,0.9995,0.8459,0.9895,0.9861,-1.0,-1.0,-1.0,-1.0,-1.0,1.0,-999,-999,3022.0,2818.5,55.2803,28.5808,0.560566,51.3183,0.377302,-999,-999,-999,-999,-999,4869910,34944905
28314,10.6759,LH2,-5.343,15.97,-3.837,12.875,PI-SIDIS,0.44,4.4,0.72,-2.0,25.794,51.248,25.779,51.218,25.852,51.364,65.546,130.229,25.465,50.595,0.999,0.8123,0.9846,0.9846,-1.0,-1.0,-1.0,-1.0,-1.0,1.0,-999,-999,2937.0,2372.5,55.0553,93.5752,2.17147,51.3053,0.390467,-999,-999,-999,-999,-999,3676038,23252788
28315,10.6759,LH2,-5.343,15.97,-3.837,12.875,PI-SIDIS,0.44,4.4,0.72,-2.0,87.057,59.497,87.096,59.524,87.083,59.515,210.925,144.152,87.443,59.761,0.9991,0.7724,0.9896,0.9843,-1.0,-1.0,-1.0,-1.0,-1.0,1.0,-999,-999,9919.0,7976.0,101.207,93.1319,1.18174,51.3015,0.371947,-999,-999,-999,-999,-999,12398993,78578464
28317,10.6759,LH2,-5.343,15.97,-3.837,12.875,PI-SIDIS,0.44,4.4,0.72,-2.0,92.908,61.09,92.973,61.132,92.918,61.096,222.996,146.625,93.707,61.615,0.9992,0.7557,0.9902,0.9849,-1.0,-1.0,-1.0,-1.0,-1.0,1.0,-999,-999,10561.0,8487.0,104.435,92.7667,1.14152,51.3061,0.372083,-999,-999,-999,-999,-999,13235378,83777640
28318,10.6759,LH2,-5.343,15.97,-3.837,12.875,PI-SIDIS,0.44,4.4,0.72,-2.0,109.971,63.731,110.053,63.779,110.103,63.808,258.377,149.737,111.082,64.375,0.9992,0.7637,0.9892,0.9847,-1.0,-1.0,-1.0,-1.0,-1.0,1.0,-999,-999,12886.0,10429.3,115.306,96.3254,1.06497,51.2981,0.374887,-999,-999,-999,-999,-999,15659145,99105382
28319,10.6759,LH2,-5.343,15.97,-2.978,12.875,PI-SIDIS,0.44,4.4,0.56,-2.0,96.92,60.351,96.887,60.331,97.031,60.42,234.193,145.83,97.843,60.926,0.9992,0.7602,0.9867,0.9854,-1.0,-1.0,-1.0,-1.0,-1.0,1.0,-999,-999,15216.0,9000.5,127.483,94.3695,1.33665,51.2752,0.370437,-999,-999,-999,-999,-999,13811309,97071008
28321,10.6759,LH2,-5.343,15.97,-2.978,12.875,PI-SIDIS,0.44,4.4,0.56,-2.0,76.677,55.962,76.606,55.911,76.713,55.989,191.263,139.593,77.33,56.439,0.9992,0.7657,0.9863,0.9853,-1.0,-1.0,-1.0,-1.0,-1.0,1.0,-999,-999,12015.0,7196.5,113.217,95.4392,1.50147,51.2697,0.382264,-999,-999,-999,-999,-999,10932227,76652962
28322,10.6759,LH2,-5.343,15.97,-2.978,12.875,PI-SIDIS,0.44,4.4,0.56,-2.0,107.215,62.99,107.169,62.963,107.295,63.037,253.117,148.708,108.19,63.563,0.9992,0.7628,0.9854,0.9851,-1.0,-1.0,-1.0,-1.0,-1.0,1.0,-999,-999,16993.0,9989.0,134.76,94.7133,1.27776,51.2663,0.382991,-999,-999,-999,-999,-999,15272167,107241636
28323,10.6759,LH2,-5.343,15.97,-2.978,12.875,PI-SIDIS,0.44,4.4,0.56,-2.0,102.988,61.368,102.985,61.366,103.153,61.466,245.256,146.143,104.009,61.977,0.9993,0.7602,0.9858,0.9858,-1.0,-1.0,-1.0,-1.0,-1.0,1.0,-999,-999,16079.0,9371.5,131.137,92.3951,1.2929,51.2699,0.379759,-999,-999,-999,-999,-999,14665501,103027548
28324,10.6759,Dummy,-5.343,15.97,-2.978,12.875,PI-SIDIS,0.44,4.4,0.56,-2.0,80.02,47.714,79.99,47.695,80.116,47.771,244.228,145.626,80.802,48.18,0.999,0.8607,0.9916,0.9882,-1.0,-1.0,-1.0,-1.0,-1.0,1.0,-999,-999,2728.0,2260.5,52.9709,28.6259,0.670797,51.299,0.368331,-999,-999,-999,-999,-999,3893003,29465149
28325,10.6759,Dummy,-5.343,15.97,-2.978,12.875,PI-SIDIS,0.44,4.4,0.56,-2.0,90.255,50.837,90.212,50.813,90.415,50.927,269.162,151.609,91.209,51.375,0.9995,0.8505,0.9875,0.988,-1.0,-1.0,-1.0,-1.0,-1.0,1.0,-999,-999,3183.0,2654.33,57.1936,29.7967,0.642036,51.2941,0.367078,-999,-999,-999,-999,-999,4392873,33269379
28326,10.6759,Dummy,-5.343,15.97,-2.978,12.875,PI-SIDIS,0.44,4.4,0.56,-2.0,81.145,49.029,81.038,48.964,81.291,49.117,244.783,147.902,82.009,49.551,0.9993,0.8121,0.9905,0.9882,-1.0,-1.0,-1.0,-1.0,-1.0,1.0,-999,-999,2867.0,2388.0,54.2847,29.8408,0.67835,51.2847,0.380441,-999,-999,-999,-999,-999,3951005,29923495
28327,10.6759,Dummy,-5.343,15.97,-2.978,12.875,PI-SIDIS,0.44,4.4,0.56,-2.0,91.555,50.868,91.44,50.804,91.809,51.01,272.723,151.526,92.593,51.445,0.9993,0.838,0.9856,0.9875,-1.0,-1.0,-1.0,-1.0,-1.0,1.0,-999,-999,3158.0,2615.67,56.9946,28.9884,0.631649,51.2786,0.38352,-999,-999,-999,-999,-999,4456032,33811289
28328,10.6759,LD2,-5.343,15.97,-2.978,12.875,PI-SIDIS,0.44,4.4,0.56,-2.0,81.279,44.786,81.179,44.731,81.442,44.876,271.993,149.874,82.126,45.253,0.9992,0.8326,0.9826,0.984,-1.0,-1.0,-1.0,-1.0,-1.0,1.0,-999,-999,31025.0,15730.8,183.232,197.199,2.29697,51.2305,0.385127,-999,-999,-999,-999,-999,20678716,181049517
28330,10.6759,LD2,-5.343,15.97,-2.978,12.875,PI-SIDIS,0.44,4.4,0.56,-2.0,12.592,39.609,12.58,39.571,12.629,39.725,44.003,138.417,12.735,40.059,0.9993,0.8382,0.9843,0.9845,-1.0,-1.0,-1.0,-1.0,-1.0,1.0,-999,-999,4747.0,2482.17,71.5854,200.66,5.787,51.2297,0.390975,-999,-999,-999,-999,-999,3207453,28051930
28331,10.6759,LD2,-5.343,15.97,-2.978,12.875,PI-SIDIS,0.44,4.4,0.56,-2.0,79.632,42.012,79.516,41.951,79.882,42.145,273.58,144.337,80.565,42.505,0.9992,0.8181,0.9841,0.9842,-1.0,-1.0,-1.0,-1.0,-1.0,1.0,-999,-999,30087.0,15521.7,180.318,198.593,2.30709,51.2276,0.388019,-999,-999,-999,-999,-999,20265002,177147846
28332,10.6759,LD2,-5.343,15.97,-2.978,12.875,PI-SIDIS,0.44,4.4,0.56,-2.0,74.136,44.457,73.976,44.362,74.37,44.598,250.98,150.506,75.011,44.982,0.9992,0.8212,0.9836,0.9841,-1.0,-1.0,-1.0,-1.0,-1.0,1.0,-999,-999,28147.0,14371.8,174.479,197.672,2.39981,51.2163,0.38598,-999,-999,-999,-999,-999,18859702,164713879
28333,10.6759,LD2,-5.343,15.97,-2.978,12.875,PI-SIDIS,0.44,4.4,0.56,-2.0,44.24,42.844,44.157,42.763,44.409,43.008,151.027,146.261,44.789,43.376,0.9992,0.8268,0.9838,0.9841,-1.0,-1.0,-1.0,-1.0,-1.0,1.0,-999,-999,16689.0,8551.67,134.333,197.035,3.09509,51.2094,0.390684,-999,-999,-999,-999,-999,11259331,98309318
28334,10.6759,LH2,-5.343,15.97,-2.978,12.875,PI-SIDIS,0.44,4.4,0.56,-2.0,104.241,60.634,104.223,60.623,105.083,61.123,242.998,141.344,102.124,59.402,0.9993,0.7631,0.9861,0.9854,-1.0,-1.0,-1.0,-1.0,-1.0,1.0,-999,-999,16605.0,9639.0,133.289,93.9425,1.29905,51.2326,0.381724,-999,-999,-999,-999,-999,14826579,104533114
28335,10.6759,LH2,-5.343,15.97,-2.978,12.875,PI-SIDIS,0.44,4.4,0.56,-2.0,106.044,67.649,106.057,67.658,106.961,68.234,232.05,148.033,103.09,65.765,0.9992,0.7546,0.9859,0.9852,-1.0,-1.0,-1.0,-1.0,-1.0,1.0,-999,-999,16863.0,9436.83,134.539,90.411,1.28897,51.2296,0.390695,-999,-999,-999,-999,-999,15066092,106436244
28336,10.6759,LH2,-5.343,15.97,-2.978,12.875,PI-SIDIS,0.44,4.4,0.56,-2.0,86.328,70.218,86.353,70.239,87.085,70.834,185.825,151.148,83.96,68.292,0.9993,0.7423,0.9858,0.9848,-1.0,-1.0,-1.0,-1.0,-1.0,1.0,-999,-999,13934.0,7800.17,122.296,91.8087,1.43943,51.2248,0.385378,-999,-999,-999,-999,-999,12252233,86621998
28337,10.6759,LH2,-5.343,15.97,-2.978,14.88,PI-SIDIS,0.44,4.4,0.56,0.0,105.885,66.25,105.794,66.193,106.798,66.821,235.05,147.067,103.105,64.511,0.9992,0.7758,0.9886,0.9873,-1.0,-1.0,-1.0,-1.0,-1.0,1.0,-999,-999,13366.0,9616.5,118.283,92.1541,1.1335,51.2451,0.383426,-999,-999,-999,-999,-999,15054448,53400644
28338,10.6759,LH2,-5.343,15.97,-2.978,14.88,PI-SIDIS,0.44,4.4,0.56,0.0,111.363,66.652,111.28,66.602,112.366,67.252,246.732,147.671,108.561,64.974,0.9991,0.7645,0.9876,0.9875,-1.0,-1.0,-1.0,-1.0,-1.0,1.0,-999,-999,14195.0,10336.5,121.812,94.1616,1.10966,51.2422,0.379724,-999,-999,-999,-999,-999,15829338,56258151
28339,10.6759,LH2,-5.343,15.97,-2.978,14.88,PI-SIDIS,0.44,4.4,0.56,0.0,106.221,66.223,106.175,66.195,107.244,66.861,235.142,146.599,103.188,64.332,0.9992,0.7616,0.9889,0.987,-1.0,-1.0,-1.0,-1.0,-1.0,1.0,-999,-999,13593.0,9907.5,119.194,94.6315,1.13848,51.2531,0.374795,-999,-999,-999,-999,-999,15103851,53685034
28340,10.6759,LH2,-5.343,15.97,-2.978,14.88,PI-SIDIS,0.44,4.4,0.56,0.0,118.866,69.713,118.851,69.704,120.062,70.414,256.535,150.453,115.532,67.758,0.9992,0.7723,0.9881,0.9873,-1.0,-1.0,-1.0,-1.0,-1.0,1.0,-999,-999,15055.0,10812.3,125.547,92.2318,1.07095,51.247,0.382424,-999,-999,-999,-999,-999,16876801,60119217
28341,10.6759,LH2,-5.343,15.97,-2.978,14.88,PI-SIDIS,0.44,4.4,0.56,0.0,111.96,66.85,111.972,66.857,113.159,67.566,247.494,147.777,109.123,65.156,0.9991,0.8662,0.9823,0.9808,-1.0,-1.0,-1.0,-1.0,1.0,-1.0,-999,-999,14055.0,10063.7,121.327,91.7373,1.10598,51.2453,0.379812,-999,-999,-999,-999,-999,15907324,56700227
28343,10.6759,LH2,-5.343,15.97,-2.978,14.88,HMSDIS,0.44,4.4,-999,-999,57936.846,66.541,57946.967,66.553,58363.584,67.032,128075.17,147.097,56373.214,64.746,0.9992,0.76,-999,-999,-1.0,-1.0,-1.0,3.0,-1.0,-1.0,-999,-999,-999,-999,-999,87.7516,0.0674889,-999,-999,-999,-999,-999,-999,-999,8240996,29352392
28344,10.6759,LH2,-5.343,15.97,-2.978,14.88,HMSDIS,0.44,4.4,-999,-999,57462.385,69.724,57455.821,69.716,57632.803,69.931,124186.051,150.685,55890.785,67.817,0.9992,0.8633,-999,-999,-1.0,-1.0,5.0,-1.0,-1.0,-1.0,-999,-999,-999,-999,-999,87.6779,0.0874416,-999,-999,-999,-999,-999,-999,-999,8171566,29051954
28345,10.6759,Dummy,-5.343,15.97,-2.978,14.88,PI-SIDIS,0.44,4.4,0.56,0.0,78.492,49.338,78.389,49.273,78.412,49.288,236.149,148.437,79.049,49.688,0.9995,0.871,0.9927,0.9889,-1.0,-1.0,-1.0,-1.0,-1.0,1.0,-999,-999,2469.0,2223.5,50.0991,28.6977,0.646605,51.2982,0.363984,-999,-999,-999,-999,-999,3823384,15090905
28346,10.6759,Dummy,-5.343,15.97,-2.978,14.88,PI-SIDIS,0.44,4.4,0.56,0.0,94.316,50.122,94.207,50.064,94.598,50.272,282.576,150.168,95.49,50.746,0.9993,0.8599,0.9887,0.9883,-1.0,-1.0,-1.0,-1.0,-1.0,1.0,-999,-999,2978.0,2693.5,55.0038,28.9505,0.591197,51.2911,0.367951,-999,-999,-999,-999,-999,4589477,18170975
28347,10.6759,Dummy,-5.343,15.97,-2.978,14.88,PI-SIDIS,0.44,4.4,0.56,0.0,91.591,49.548,91.516,49.507,92.133,49.841,275.658,149.123,92.984,50.302,0.9992,0.8216,0.9862,0.9891,-1.0,-1.0,-1.0,-1.0,-1.0,1.0,-999,-999,2917.0,2638.33,54.4375,29.1707,0.601889,51.2801,0.36808,-999,-999,-999,-999,-999,4452344,17677506
28348,10.6759,Dummy,-5.343,15.97,-2.978,14.88,PI-SIDIS,0.44,4.4,0.56,0.0,93.976,50.817,93.935,50.795,94.726,51.223,280.199,151.516,95.586,51.687,0.9994,0.8226,0.9901,0.9881,-1.0,-1.0,-1.0,-1.0,-1.0,1.0,-999,-999,2929.0,2637.67,54.567,28.4349,0.58825,51.2598,0.379725,-999,-999,-999,-999,-999,4568269,18168895
28349,10.6759,Dummy,-5.343,15.97,-2.978,14.88,HMSDIS,0.44,4.4,-999,-999,24280.787,51.171,24274.054,51.157,24499.077,51.631,72179.821,152.116,24724.406,52.106,0.9994,0.8275,-999,-999,-1.0,-1.0,-1.0,3.0,-1.0,-1.0,-999,-999,-999,-999,-999,29.3782,0.0602826,-999,-999,-999,-999,-999,-999,-999,1178834,4693243
28350,10.6759,Dummy,-5.343,15.97,-2.978,14.88,HMSDIS,0.44,4.4,-999,-999,42597.716,50.519,42568.34,50.485,42740.174,50.688,128451.899,152.339,43035.082,51.038,0.9994,0.8285,-999,-999,-1.0,-1.0,-1.0,3.0,-1.0,-1.0,-999,-999,-999,-999,-999,29.4113,0.0455467,-999,-999,-999,-999,-999,-999,-999,2072358,8250451
28351,10.6759,LD2,-5.343,15.97,-2.978,14.88,PI-SIDIS,0.44,4.4,0.56,0.0,107.943,68.208,107.86,68.155,107.994,68.24,236.849,149.662,105.801,66.854,0.999,0.8239,0.9845,0.9839,-1.0,-1.0,-1.0,-1.0,-1.0,1.0,-999,-999,36753.0,20831.3,198.511,196.626,1.87374,51.266,0.377137,-999,-999,-999,-999,-999,27436440,122118375
28352,10.6759,LD2,-5.343,15.97,-2.978,14.88,PI-SIDIS,0.44,4.4,0.56,0.0,122.554,69.152,122.482,69.111,123.1,69.46,266.88,150.59,120.168,67.806,0.999,0.8244,0.9836,0.9834,-1.0,-1.0,-1.0,-1.0,-1.0,1.0,-999,-999,41791.0,23727.8,211.664,197.336,1.76033,51.2354,0.388558,-999,-999,-999,-999,-999,31142526,138536928
28353,10.6759,LD2,-5.343,15.97,-2.978,14.88,PI-SIDIS,0.44,4.4,0.56,0.0,-999,-999,-999,-999,-999,-999,-999,-999,-999,-999,-999,-999,-999,-999,-999,-999,-999,-999,-999,-999,-999,-999,-999,-999,-999,-999,-999,-999,-999,-999,-999,-999,-999,-999,-999,-999
28354,10.6759,LD2,-5.343,15.97,-2.978,14.88,HMSDIS,0.44,4.4,-999,-999,51417.967,64.9,51420.984,64.904,51853.588,65.45,116150.639,146.606,50616.537,63.889,0.999,0.826,-999,-999,-1.0,-1.0,-1.0,9.0,-1.0,-1.0,-999,-999,-999,-999,-999,155.031,0.164895,-999,-999,-999,-999,-999,-999,-999,13066564,25691382
28356,10.6759,LH2,-5.343,15.97,-2.978,14.88,PI-SIDIS,0.44,4.4,0.56,0.0,113.854,66.617,113.885,66.635,114.873,67.213,252.634,147.819,111.744,65.383,0.9992,0.7677,0.9873,0.9862,-1.0,-1.0,-1.0,-1.0,-1.0,1.0,-999,-999,14405.0,10408.7,122.764,92.7612,1.09406,51.2596,0.374234,-999,-999,-999,-999,-999,16184524,57630419
28357,10.6759,LH2,-5.343,15.97,-2.978,16.875,PI-SIDIS,0.44,4.4,0.56,2.0,115.988,61.191,115.982,61.187,116.787,61.612,273.25,144.156,114.069,60.179,0.9992,0.7555,0.9889,0.9874,-1.0,-1.0,-1.0,-1.0,-1.0,1.0,-999,-999,11969.0,10028.8,110.871,87.6477,0.968964,51.28,0.372754,-999,-999,-999,-999,-999,16530783,30632953
28358,10.6759,LH2,-5.343,15.97,-2.978,16.875,PI-SIDIS,0.44,4.4,0.56,2.0,107.712,66.666,107.722,66.672,108.382,67.08,240.351,148.759,105.763,65.459,0.9991,0.765,0.9885,0.9876,-1.0,-1.0,-1.0,-1.0,-1.0,1.0,-999,-999,11262.0,9397.83,107.576,88.4225,1.01217,51.2839,0.374882,-999,-999,-999,-999,-999,15340243,28396657
28359,10.6759,LH2,-5.343,15.97,-2.978,16.875,PI-SIDIS,0.44,4.4,0.56,2.0,114.196,67.521,114.119,67.476,114.79,67.872,251.495,148.703,111.885,66.155,0.9992,0.777,0.9886,0.987,-1.0,-1.0,-1.0,-1.0,-1.0,1.0,-999,-999,11710.0,9664.17,109.777,85.8781,0.975504,51.2818,0.368631,-999,-999,-999,-999,-999,16263872,30118270
28360,10.6759,LH2,-5.343,15.97,-2.978,16.875,PI-SIDIS,0.44,4.4,0.56,2.0,107.44,68.059,107.345,67.999,107.946,68.38,235.93,149.454,104.934,66.472,0.9993,0.7668,0.9901,0.9878,-1.0,-1.0,-1.0,-1.0,-1.0,1.0,-999,-999,11058.0,9140.17,106.666,86.2667,1.00674,51.2884,0.367956,-999,-999,-999,-999,-999,15307343,28308418
28361,10.6759,Dummy,-5.343,15.97,-2.978,16.875,PI-SIDIS,0.44,4.4,0.56,2.0,74.015,48.342,73.944,48.296,74.21,48.469,225.895,147.54,74.796,48.852,0.9993,0.8417,0.9859,0.9858,-1.0,-1.0,-1.0,-1.0,-1.0,1.0,-999,-999,2064.0,1944.67,45.6496,26.6967,0.626685,51.2927,0.347117,-999,-999,-999,-999,-999,3609598,7655470
28362,10.6759,Dummy,-5.343,15.97,-2.978,16.875,PI-SIDIS,0.44,4.4,0.56,2.0,84.294,49.128,84.24,49.096,84.492,49.244,256.154,149.291,85.171,49.639,0.9996,0.7639,0.9939,0.9886,-1.0,-1.0,-1.0,-1.0,-1.0,1.0,-999,-999,2358.0,2215.17,48.8037,26.6098,0.586257,51.2955,0.351499,-999,-999,-999,-999,-999,4108028,8717678
28363,10.6759,Dummy,-5.343,15.97,-2.978,16.875,PI-SIDIS,0.44,4.4,0.56,2.0,90.485,49.39,90.436,49.363,90.637,49.473,274.671,149.926,91.376,49.877,0.9997,0.8156,0.9917,0.9844,-1.0,-1.0,-1.0,-1.0,-1.0,1.0,-999,-999,2622.0,2482.0,51.4328,27.8881,0.577906,51.3078,0.354175,-999,-999,-999,-999,-999,4413321,9362006
28364,10.6759,Dummy,-5.343,15.97,-2.978,16.875,PI-SIDIS,0.44,4.4,0.56,2.0,67.41,50.663,67.337,50.607,67.483,50.717,202.675,152.322,68.037,51.134,0.9997,0.8033,0.9858,0.9861,-1.0,-1.0,-1.0,-1.0,-1.0,1.0,-999,-999,1905.0,1794.5,43.8568,27.0333,0.660682,51.3046,0.345259,-999,-999,-999,-999,-999,3282462,6986235
28365,10.6759,Dummy,-5.343,15.97,-2.978,16.875,PI-SIDIS,0.44,4.4,0.56,2.0,44.829,49.467,44.754,49.385,44.866,49.508,136.176,150.267,45.231,49.911,0.9995,0.875,0.9885,0.9892,-1.0,-1.0,-1.0,-1.0,-1.0,1.0,-999,-999,1247.0,1171.0,35.4918,26.4642,0.802101,51.304,0.356493,-999,-999,-999,-999,-999,2181996,4641384
28373,10.6759,LD2,-5.343,15.97,-2.978,16.875,PI-SIDIS,0.44,4.4,0.56,2.0,120.141,68.388,120.095,68.362,120.544,68.618,262.813,149.602,117.648,66.97,0.999,0.8269,0.9867,0.9859,-1.0,-1.0,-1.0,-1.0,-1.0,1.0,-999,-999,31040.0,21746.3,180.524,183.918,1.52677,51.2653,0.369384,-999,-999,-999,-999,-999,30526332,70112581
28374,10.6759,LD2,-5.343,15.97,-2.978,16.875,PI-SIDIS,0.44,4.4,0.56,2.0,103.177,63.757,103.169,63.751,103.575,64.003,234.113,144.666,101.308,62.602,0.999,0.8212,0.9868,0.9864,-1.0,-1.0,-1.0,-1.0,-1.0,1.0,-999,-999,26559.0,18744.0,166.918,184.437,1.64244,51.2659,0.369439,-999,-999,-999,-999,-999,26221346,60130571
28375,10.6759,LD2,-5.343,15.97,-2.978,16.875,PI-SIDIS,0.44,4.4,0.56,2.0,22.22,66.759,22.221,66.763,22.315,67.044,49.238,147.931,21.766,65.396,0.9989,0.8195,0.986,0.9865,-1.0,-1.0,-1.0,-1.0,-1.0,1.0,-999,-999,5904.0,4047.83,78.8249,184.918,3.60098,51.257,0.360532,-999,-999,-999,-999,-999,5644197,13001302
28376,10.6759,LD2,-5.343,15.97,-2.978,16.875,PI-SIDIS,0.44,4.4,0.56,2.0,85.707,66.657,85.613,66.584,86.053,66.927,190.201,147.926,83.948,65.289,0.9991,0.8248,0.9878,0.9862,-1.0,-1.0,-1.0,-1.0,-1.0,1.0,-999,-999,22344.0,15754.7,153.109,186.828,1.81565,51.2503,0.370688,-999,-999,-999,-999,-999,21783821,50006304
28377,10.6759,LH2,-5.343,15.97,-2.978,16.875,PI-SIDIS,0.44,4.4,0.56,2.0,108.077,66.28,107.997,66.231,108.612,66.608,240.115,147.255,105.935,64.967,0.9992,0.7826,0.9889,0.9873,-1.0,-1.0,-1.0,-1.0,-1.0,1.0,-999,-999,11232.0,9329.67,107.467,87.5762,1.00877,51.2702,0.362272,-999,-999,-999,-999,-999,15371260,28456240
28378,10.6759,LH2,-5.343,15.97,-2.978,16.875,PI-SIDIS,0.44,4.4,0.56,2.0,130.918,70.757,130.899,70.747,131.722,71.192,281.86,152.337,128.307,69.346,0.9992,0.7623,0.9894,0.9878,-1.0,-1.0,-1.0,-1.0,-1.0,1.0,-999,-999,13715.0,11361.5,118.774,87.944,0.919373,51.2635,0.366315,-999,-999,-999,-999,-999,18603365,34516704
28379,10.6759,LD2,-5.343,15.97,5.154,16.875,PI+SIDIS,0.44,4.4,0.97,2.0,190.594,69.597,190.583,69.593,191.993,70.108,414.189,151.245,187.122,68.329,0.999,0.7766,0.9949,0.9853,-1.0,-1.0,-1.0,-1.0,-1.0,1.0,-999,-999,34973.0,34577.7,187.187,184.333,0.997889,51.2511,0.367124,-999,-999,-999,-999,-999,48467287,5302247
28380,10.6759,LH2,-5.38,23.985,6.163,20.79,HMSHEE,1.0,9.9,-999,-999,155059.015,69.541,154936.517,69.486,156332.625,70.113,336809.185,151.053,152014.329,68.176,0.9982,0.348,-999,-999,-1.0,-1.0,-1.0,1.0,-1.0,-1.0,-999,-999,-999,-999,-999,0.240663,0.00124811,-999,-999,-999,-999,-999,-999,-999,121128,222251
28381,10.6759,LH2,-5.38,23.985,6.163,20.79,HMSHEE,1.0,9.9,-999,-999,97480.75,67.06,97445.187,67.036,98327.214,67.643,215968.715,148.572,95755.654,65.874,0.9984,0.3761,-999,-999,-1.0,-1.0,-1.0,1.0,-1.0,-1.0,-999,-999,-999,-999,-999,0.241721,0.00157712,-999,-999,-999,-999,-999,-999,-999,77042,31533
28382,10.6759,LH2,-5.38,23.985,6.163,20.79,HMSHEE,1.0,9.9,-999,-999,114475.28,69.891,114451.789,69.877,115495.404,70.514,247930.489,151.37,112220.664,68.515,0.9979,0.3459,-999,-999,-1.0,-1.0,-1.0,1.0,-1.0,-1.0,-999,-999,-999,-999,-999,0.240575,0.00145207,-999,-999,-999,-999,-999,-999,-999,89261,36211
28383,10.6759,LH2,-5.38,23.985,6.163,20.79,HMSHEE,1.0,9.9,-999,-999,128739.437,70.487,128735.469,70.485,129925.425,71.137,278209.118,152.325,126275.609,69.138,0.998,0.35,-999,-999,-1.0,-1.0,-1.0,1.0,-1.0,-1.0,-999,-999,-999,-999,-999,0.241361,0.00137135,-999,-999,-999,-999,-999,-999,-999,99941,40720
28384,10.6759,Dummy,-5.38,23.985,6.163,20.79,HMSHEE,1.0,9.9,-999,-999,129521.926,49.218,129389.95,49.168,130504.513,49.591,393880.178,149.672,131592.599,50.005,0.9983,0.7134,-999,-999,-1.0,-1.0,-1.0,1.0,-1.0,-1.0,-999,-999,-999,-999,-999,0.1015,0.000886712,-999,-999,-999,-999,-999,-999,-999,56880,35581
28385,10.6759,LH2,5.343,15.965,6.163,20.79,HMSDIS,0.44,4.4,-999,-999,91882.824,66.312,91861.686,66.297,92055.592,66.437,204262.883,147.417,90086.842,65.016,0.9988,0.9964,-999,-999,-1.0,-1.0,-1.0,1.0,-1.0,-1.0,-999,-999,-999,-999,-999,0.211824,0.00152042,-999,-999,-999,-999,-999,-999,-999,437655,30169
28386,10.6759,Dummy,5.343,15.965,6.163,20.79,HMSDIS,0.44,4.4,-999,-999,55986.089,49.268,55949.184,49.236,56003.49,49.284,170150.235,149.734,56494.732,49.716,0.9988,0.9972,-999,-999,-1.0,-1.0,-1.0,1.0,-1.0,-1.0,-999,-999,-999,-999,-999,0.0943274,0.00129949,-999,-999,-999,-999,-999,-999,-999,125057,15446
28387,10.6759,Dummy,5.343,15.965,6.163,20.79,HMSDIS,0.44,4.4,-999,-999,44581.822,49.707,44551.088,49.672,44703.68,49.842,135310.588,150.865,45108.148,50.293,0.9988,0.9971,-999,-999,-1.0,-1.0,-1.0,1.0,-1.0,-1.0,-999,-999,-999,-999,-999,0.0939127,0.00145309,-999,-999,-999,-999,-999,-999,-999,99134,12235
28388,10.6759,C,5.343,15.965,6.163,20.79,HMSDIS,0.44,4.4,-999,-999,52022.182,49.792,51987.24,49.758,52270.0,50.029,157349.617,150.603,52742.388,50.481,0.9987,0.9966,-999,-999,-1.0,-1.0,-1.0,1.0,-1.0,-1.0,-999,-999,-999,-999,-999,0.355631,0.00261983,-999,-999,-999,-999,-999,-999,-999,404015,24004
28390,10.6759,C,5.343,15.965,2.978,16.87,HMSDIS,0.44,4.4,-999,-999,23041.817,50.636,23008.014,50.562,23217.749,51.022,69320.866,152.337,23410.313,51.446,0.9986,0.9956,-999,-999,-1.0,-1.0,-1.0,1.0,-1.0,-1.0,-999,-999,-999,-999,-999,0.347914,0.00389516,-999,-999,-999,-999,-999,-999,-999,177757,5008303
28391,10.6759,C,5.343,15.965,2.978,16.87,HMSDIS,0.44,4.4,-999,-999,60241.191,49.65,60164.361,49.587,60730.789,50.054,182306.872,150.256,61230.583,50.466,0.9985,0.996,-999,-999,-1.0,-1.0,-1.0,1.0,-1.0,-1.0,-999,-999,-999,-999,-999,0.331401,0.00235101,-999,-999,-999,-999,-999,-999,-999,463568,13009199
28392,10.6759,Cu,5.343,15.965,2.978,16.87,PI+SIDIS,0.44,4.4,0.56,2.0,75.416,65.501,75.407,65.493,76.188,66.172,169.288,147.032,74.274,64.509,0.9993,0.996,0.9811,0.9767,-1.0,-1.0,-1.0,-1.0,-1.0,1.0,-999,-999,17.0,5.33333,4.35252,0.0724702,0.0591428,51.25,0.5,-999,-999,-999,-999,-999,684073,16765306
28393,10.6759,Cu,5.343,15.965,2.978,16.87,PI+SIDIS,0.44,4.4,0.56,2.0,12.249,16.416,12.25,16.418,12.388,16.603,45.031,60.354,12.315,16.506,1.0,0.994,0.9869,0.976,-1.0,-1.0,-1.0,-1.0,-1.0,1.0,-999,-999,2.0,1.16667,1.46249,0.09758,0.122323,51.25,0.5,-999,-999,-999,-999,-999,117675,2574445
28394,10.6759,Cu,5.343,15.965,2.978,16.87,PI+SIDIS,0.44,4.4,0.56,2.0,48.883,36.985,48.865,36.971,48.957,37.041,146.331,110.714,49.361,37.346,0.9994,0.996,0.9864,0.9771,-1.0,-1.0,-1.0,-1.0,-1.0,1.0,-999,-999,5.0,-0.166667,2.42097,-0.00349302,0.050739,51.25,0.5,-999,-999,-999,-999,-999,451855,10559064
28397,10.6759,Cu,5.343,15.965,2.978,16.87,HMSDIS,0.44,4.4,-999,-999,9315.358,14.813,9300.989,14.79,9376.557,14.91,44068.372,70.074,9436.499,15.005,0.9985,0.9967,-999,-999,-1.0,-1.0,-1.0,1.0,-1.0,-1.0,-999,-999,-999,-999,-999,0.421098,0.00673607,-999,-999,-999,-999,-999,-999,-999,88357,1940266
28398,10.6759,Cu,5.343,15.965,2.978,16.87,HMSDIS,0.44,4.4,-999,-999,20143.183,13.551,20131.147,13.543,20295.348,13.653,95529.66,64.266,20425.078,13.741,0.9985,0.9964,-999,-999,-1.0,-1.0,-1.0,1.0,-1.0,-1.0,-999,-999,-999,-999,-999,0.398463,0.00445384,-999,-999,-999,-999,-999,-999,-999,191490,4181364
28399,10.6759,Cu,5.343,15.965,2.978,16.87,HMSDIS,0.44,4.4,-999,-999,20654.759,25.475,20649.889,25.469,20721.128,25.557,78077.362,96.298,20869.784,25.74,0.9988,0.9961,-999,-999,-1.0,-1.0,-1.0,1.0,-1.0,-1.0,-999,-999,-999,-999,-999,0.389998,0.00435243,-999,-999,-999,-999,-999,-999,-999,188582,4417387
28400,10.6759,Cu,5.343,15.965,2.978,16.87,HMSDIS,0.44,4.4,-999,-999,3382.647,40.079,3379.464,40.041,3380.14,40.049,12723.385,150.752,3406.119,40.357,0.9984,0.9958,-999,-999,-1.0,-1.0,-1.0,1.0,-1.0,-1.0,-999,-999,-999,-999,-999,0.406508,0.0109867,-999,-999,-999,-999,-999,-999,-999,30380,723480
28402,10.6759,Al,5.343,15.965,2.978,16.87,HMSDIS,0.44,4.4,-999,-999,83380.152,47.251,83299.604,47.205,83414.083,47.27,258129.643,146.281,84093.781,47.656,0.999,0.9969,-999,-999,-1.0,-1.0,-1.0,1.0,-1.0,-1.0,-999,-999,-999,-999,-999,0.0906078,0.00104368,-999,-999,-999,-999,-999,-999,-999,191377,4227689
28403,10.6759,LD2,5.343,15.965,2.978,16.87,HMSDIS,0.44,4.4,-999,-999,53875.267,49.328,53816.41,49.274,53870.052,49.323,163224.259,149.448,54299.989,49.717,0.9986,0.9961,-999,-999,-1.0,-1.0,-1.0,1.0,-1.0,-1.0,-999,-999,-999,-999,-999,0.370818,0.00263025,-999,-999,-999,-999,-999,-999,-999,484070,19939152
28404,10.6759,LD2,5.343,15.965,2.978,16.87,PI+SIDIS,0.44,4.4,0.56,2.0,72.108,56.924,72.096,56.915,72.256,57.041,181.879,143.581,72.224,57.016,0.9986,0.9963,0.9834,0.976,-1.0,-1.0,-1.0,-1.0,-1.0,1.0,-999,-999,23.0,7.0,5.06623,0.0996299,0.0721068,51.25,0.5,-999,-999,-999,-999,-999,645245,27058263
28405,10.6759,LD2,5.343,15.965,2.978,16.87,PI+SIDIS,0.44,4.4,0.56,2.0,21.915,50.113,21.919,50.121,21.963,50.221,54.807,125.326,21.623,49.445,1.0,0.9957,0.9842,0.9771,-1.0,-1.0,-1.0,-1.0,-1.0,1.0,-999,-999,6.0,1.0,2.61406,0.0466931,0.122059,51.25,0.5,-999,-999,-999,-999,-999,196907,8228218
28406,10.6759,LD2,5.343,15.965,2.978,16.87,PI+SIDIS,0.44,4.4,0.56,2.0,57.218,62.788,57.252,62.825,57.312,62.891,131.234,144.009,56.208,61.68,0.9984,0.9963,0.9833,0.9757,-1.0,-1.0,-1.0,-1.0,-1.0,1.0,-999,-999,13.0,1.5,3.86221,0.0268985,0.0692586,51.25,0.5,-999,-999,-999,-999,-999,510142,21673812
28408,10.6759,LD2,5.343,13.5,2.806,14.735,PI+SIDIS,0.31,3.2,0.53,1.9,46.099,34.482,46.051,34.447,45.973,34.388,203.664,152.343,46.348,34.669,0.9987,0.9966,0.9817,0.9784,-1.0,-1.0,-1.0,-1.0,-1.0,1.0,-999,-999,145.0,44.1667,12.7203,0.981855,0.282781,51.25,0.5,-999,-999,-999,-999,-999,2342062,32701247
28409,10.6759,LD2,5.343,13.5,2.806,14.735,PI+SIDIS,0.31,3.2,0.53,1.9,40.77,33.814,40.691,33.749,40.658,33.721,180.275,149.518,40.984,33.992,0.9982,0.9964,0.9816,0.9788,-1.0,-1.0,-1.0,-1.0,-1.0,1.0,-999,-999,111.0,22.8333,11.2114,0.5745,0.282084,51.25,0.5,-999,-999,-999,-999,-999,2068663,28918514
28410,10.6759,LD2,5.343,13.5,2.806,14.735,HMSDIS,0.31,3.2,-999,-999,33417.92,32.384,33341.687,32.31,33346.88,32.315,147893.702,143.318,33607.312,32.568,0.9987,0.9963,-999,-999,-1.0,-1.0,-1.0,3.0,-1.0,-1.0,-999,-999,-999,-999,-999,2.24266,0.0142232,-999,-999,-999,-999,-999,-999,-999,1699787,23711274
28411,10.6759,LD2,5.343,13.5,2.806,14.735,HMSDIS,0.31,3.2,-999,-999,41436.942,34.195,41349.508,34.123,41350.555,34.124,182792.756,150.848,41680.685,34.397,0.9986,0.9965,-999,-999,-1.0,-1.0,-1.0,3.0,-1.0,-1.0,-999,-999,-999,-999,-999,2.24512,0.0127795,-999,-999,-999,-999,-999,-999,-999,2106708,29458578
28412,10.6759,Dummy,5.343,13.5,2.806,14.735,HMSDIS,0.31,3.2,-999,-999,41301.95,44.638,41286.723,44.622,41389.424,44.733,129147.579,139.58,41721.867,45.092,0.9987,0.9971,-999,-999,-1.0,-1.0,-1.0,1.0,-1.0,-1.0,-999,-999,-999,-999,-999,0.416723,0.00318239,-999,-999,-999,-999,-999,-999,-999,374952,3760598
28413,10.6759,Dummy,5.343,13.5,2.806,14.735,HMSDIS,0.31,3.2,-999,-999,62052.639,49.389,62055.473,49.391,62183.753,49.493,188934.841,150.376,62709.818,49.912,0.9992,0.9968,-999,-999,-1.0,-1.0,-1.0,1.0,-1.0,-1.0,-999,-999,-999,-999,-999,0.414618,0.00258873,-999,-999,-999,-999,-999,-999,-999,561400,5672283
28415,10.6759,LH2,5.343,13.5,2.806,14.735,HMSDIS,0.31,3.2,-999,-999,74557.137,64.987,74631.217,65.052,74913.918,65.298,170042.195,148.216,75218.473,65.564,0.999,0.9962,-999,-999,-1.0,-1.0,-1.0,3.0,-1.0,-1.0,-999,-999,-999,-999,-999,1.13872,0.00677305,-999,-999,-999,-999,-999,-999,-999,1922577,27064775
28416,10.6759,LH2,5.343,13.5,2.806,14.735,HMSDIS,0.31,3.2,-999,-999,81595.112,65.97,81659.724,66.022,82004.355,66.301,184981.848,149.559,82291.367,66.533,0.9988,0.9961,-999,-999,-1.0,-1.0,-1.0,3.0,-1.0,-1.0,-999,-999,-999,-999,-999,1.14008,0.00647962,-999,-999,-999,-999,-999,-999,-999,2107717,29594190
28417,10.6759,LD2,-5.343,13.5,5.051,14.735,PI+SIDIS,0.31,3.2,0.95,1.9,120.464,69.678,120.478,69.686,121.162,70.082,261.905,151.49,118.366,68.465,0.998,0.88,0.9897,0.9826,-1.0,-1.0,-1.0,-1.0,-1.0,1.0,-999,-999,79683.0,76809.0,283.129,650.44,2.39762,51.2333,0.387339,-999,-999,-999,-999,-999,97718883,13463846
28418,10.6759,LD2,-5.343,13.5,5.051,14.735,PI+SIDIS,0.31,3.2,0.95,1.9,121.593,68.43,121.678,68.478,122.415,68.893,266.597,150.035,119.571,67.292,0.998,0.8776,0.9911,0.9833,-1.0,-1.0,-1.0,-1.0,-1.0,1.0,-999,-999,80668.0,77778.3,284.868,651.7,2.38689,51.2331,0.387363,-999,-999,-999,-999,-999,98671857,13569760
28419,10.6759,LD2,-5.343,13.5,-5.051,14.735,PI-SIDIS,0.31,3.2,0.95,1.9,128.147,69.877,128.102,69.853,128.986,70.335,277.607,151.377,125.791,68.593,0.998,0.906,0.9919,0.9732,-1.0,-1.0,-1.0,-1.0,-1.0,1.0,-999,-999,45591.0,42856.0,214.585,344.576,1.72533,51.2254,0.389017,-999,-999,-999,-999,-999,103795673,75278483
28420,10.6759,LD2,-5.343,13.5,-5.051,14.735,PI-SIDIS,0.31,3.2,0.95,1.9,27.836,67.029,27.825,67.001,28.03,67.496,61.517,148.132,27.361,65.884,0.9978,0.9129,0.9919,0.9717,-1.0,-1.0,-1.0,-1.0,-1.0,1.0,-999,-999,9918.0,9329.17,100.081,345.946,3.71121,51.2279,0.386013,-999,-999,-999,-999,-999,22566898,16356545
28421,10.6759,Dummy,-5.343,13.5,-5.051,14.735,PI-SIDIS,0.31,3.2,0.95,1.9,86.903,49.712,86.861,49.688,87.574,50.096,263.327,150.633,88.328,50.527,0.9995,0.8904,0.9941,0.9844,-1.0,-1.0,-1.0,-1.0,-1.0,1.0,-999,-999,3929.0,3881.67,62.7446,45.4192,0.734171,51.2245,0.384857,-999,-999,-999,-999,-999,13779124,10268397
28422,10.6759,Dummy,-5.343,13.5,-5.051,14.735,PI-SIDIS,0.31,3.2,0.95,1.9,84.212,47.534,84.129,47.487,84.891,47.917,258.749,146.05,85.61,48.323,0.999,0.9028,0.9922,0.9842,-1.0,-1.0,-1.0,-1.0,-1.0,1.0,-999,-999,3644.0,3602.17,60.4233,43.5481,0.730482,51.2121,0.397438,-999,-999,-999,-999,-999,13352981,9944912
28423,10.6759,LH2,-5.343,13.5,-5.051,14.735,PI-SIDIS,0.31,3.2,0.95,1.9,125.632,68.176,125.639,68.179,126.947,68.889,274.813,149.13,122.57,66.514,0.9987,0.8742,0.9935,0.9714,-1.0,-1.0,-1.0,-1.0,-1.0,1.0,-999,-999,12381.0,11800.7,111.704,96.8248,0.916532,51.2229,0.389037,-999,-999,-999,-999,-999,54211185,38574335
28424,10.6759,LH2,-5.343,13.5,-5.051,14.735,PI-SIDIS,0.31,3.2,0.95,1.9,118.049,66.553,118.122,66.594,118.881,67.022,260.589,146.913,114.767,64.702,0.9989,0.8724,0.9933,0.9717,-1.0,-1.0,-1.0,-1.0,-1.0,1.0,-999,-999,11872.0,11323.0,109.378,98.7676,0.954075,51.2602,0.38229,-999,-999,-999,-999,-999,51004088,36253554
28425,10.6759,LH2,-3.642,16.75,3.632,13.505,PI+SIDIS,0.25,3.3,0.52,5.2,129.411,70.132,129.347,70.098,130.194,70.557,278.254,150.796,125.438,67.979,0.9993,0.9955,0.9853,0.9801,-1.0,-1.0,-1.0,-1.0,-1.0,1.0,-999,-999,33332.0,28091.0,184.947,221.83,1.4605,51.2213,0.403697,-999,-999,-999,-999,-999,18335264,67704964
28426,10.6759,LH2,-3.642,16.75,3.632,13.505,PI+SIDIS,0.25,3.3,0.52,5.2,124.779,69.015,124.775,69.013,125.802,69.581,270.538,149.634,120.814,66.822,0.9993,0.9955,0.9846,0.9796,-1.0,-1.0,-1.0,-1.0,-1.0,1.0,-999,-999,32342.0,27236.8,182.189,223.071,1.49214,51.2235,0.396918,-999,-999,-999,-999,-999,17679010,65061301
28427,10.6759,LH2,-3.642,16.75,3.632,13.505,HMSDIS,0.25,3.3,-999,-999,56966.233,69.749,56993.458,69.782,57457.117,70.35,122814.316,150.373,55293.917,67.701,0.9993,0.996,-999,-999,-1.0,-1.0,-1.0,9.0,-1.0,-1.0,-999,-999,-999,-999,-999,89.1271,0.118721,-999,-999,-999,-999,-999,-999,-999,8073568,29665709
28428,10.6759,LH2,-3.642,16.75,3.632,13.505,HMSDIS,0.25,3.3,-999,-999,53751.654,67.835,53787.555,67.88,54212.327,68.416,117166.576,147.864,52060.497,65.7,0.9994,0.9972,-999,-999,-1.0,-1.0,17.0,-1.0,-1.0,-1.0,-999,-999,-999,-999,-999,89.262,0.168106,-999,-999,-999,-999,-999,-999,-999,7624556,28011245
28429,10.6759,Dummy,-3.642,16.75,3.632,13.505,PI+SIDIS,0.25,3.3,0.52,5.2,88.759,49.906,88.792,49.925,89.318,50.221,264.964,148.982,90.061,50.639,0.9997,0.9935,0.9883,0.9829,-1.0,-1.0,-1.0,-1.0,-1.0,1.0,-999,-999,5838.0,5553.67,76.7163,63.6573,0.879338,51.2684,0.392535,-999,-999,-999,-999,-999,4791742,12241257
28431,10.6759,Dummy,-3.642,16.75,3.632,13.505,PI+SIDIS,0.25,3.3,0.52,5.2,89.622,50.473,89.6,50.46,90.068,50.724,266.016,149.813,90.828,51.151,0.9997,0.995,0.9849,0.9828,-1.0,-1.0,-1.0,-1.0,-1.0,1.0,-999,-999,5950.0,5673.33,77.4346,64.4496,0.879664,51.2656,0.38446,-999,-999,-999,-999,-999,4839153,12380642
28432,10.6759,Dummy,-3.642,16.75,3.632,13.505,PI+SIDIS,0.25,3.3,0.52,5.2,48.084,50.842,48.035,50.79,48.299,51.07,142.254,150.413,48.679,51.471,0.9995,0.9959,0.9884,0.9829,-1.0,-1.0,-1.0,-1.0,-1.0,1.0,-999,-999,3247.0,3092.17,57.2084,65.5289,1.21236,51.2778,0.378182,-999,-999,-999,-999,-999,2592247,6648199
28435,10.6759,LH2,-3.642,16.75,3.632,13.505,BCM,-999,-999,-999,-999,98.586,37.883,98.602,37.889,98.895,38.002,299.041,114.911,97.527,37.476,0.9994,0.9951,0.9851,0.9812,-1.0,-1.0,-1.0,-1.0,-1.0,1.0,-999,-999,24581.0,21527.8,158.398,222.716,1.6387,51.2676,0.39086,-999,-999,-999,-999,-999,14059451,50852827
28437,10.6759,Dummy,-3.642,16.75,3.632,13.505,HMSDIS,0.25,3.3,-999,-999,528.163,50.834,527.67,50.787,527.825,50.802,1582.837,152.344,532.119,51.215,0.9995,0.996,-999,-999,-1.0,-1.0,-1.0,1.0,-1.0,-1.0,-999,-999,-999,-999,-999,33.5607,0.255297,-999,-999,-999,-999,-999,-999,-999,28334,73435
28440,10.6759,LD2,-3.642,16.75,3.632,13.505,PI+SIDIS,0.25,3.3,0.52,5.2,56.378,51.806,56.349,51.779,56.372,51.801,150.075,137.904,56.811,52.204,0.9992,0.9964,0.9821,0.9771,-1.0,-1.0,-1.0,-1.0,-1.0,1.0,-999,-999,28020.0,21023.2,170.84,382.771,3.11049,51.2634,0.403676,-999,-999,-999,-999,-999,15322896,59463237
28441,10.6759,LD2,-3.642,16.75,3.632,13.505,PI+SIDIS,0.25,3.3,0.52,5.2,69.599,56.674,69.564,56.645,69.582,56.66,179.341,146.035,70.14,57.114,0.9991,0.9963,0.9812,0.9769,-1.0,-1.0,-1.0,-1.0,-1.0,1.0,-999,-999,34803.0,26020.5,190.438,383.901,2.80968,51.2557,0.39736,-999,-999,-999,-999,-999,18899413,73427004
28443,10.6759,LD2,-3.642,16.75,3.632,13.505,HMSDIS,0.25,3.3,-999,-999,48031.11,56.854,48027.018,56.849,48036.777,56.86,123621.821,146.329,48417.768,57.311,0.9992,0.9966,-999,-999,-1.0,-1.0,-1.0,9.0,-1.0,-1.0,-999,-999,-999,-999,-999,169.882,0.178631,-999,-999,-999,-999,-999,-999,-999,13046802,50554439
28444,10.6759,LD2,-3.642,16.75,3.632,20.005,PI+SIDIS,0.25,3.3,0.52,11.7,95.15,60.175,95.204,60.209,95.186,60.198,228.514,144.518,94.471,59.746,0.9991,0.9962,0.988,0.9822,-1.0,-1.0,-1.0,-1.0,-1.0,1.0,-999,-999,8518.0,7836.17,92.9066,83.885,0.994552,51.2974,0.386647,-999,-999,-999,-999,-999,25813524,6059917
28445,10.6759,LD2,-3.642,16.75,3.632,20.005,PI+SIDIS,0.25,3.3,0.52,11.7,124.353,68.429,124.449,68.482,124.402,68.456,271.68,149.501,121.753,66.999,0.999,0.9961,0.99,0.9819,-1.0,-1.0,-1.0,-1.0,-1.0,1.0,-999,-999,11206.0,10233.8,106.621,83.8474,0.873562,51.2911,0.37879,-999,-999,-999,-999,-999,33710640,8002424
28446,10.6759,LD2,-3.642,16.75,3.632,20.005,PI+SIDIS,0.25,3.3,0.52,11.7,129.682,70.258,129.752,70.296,129.737,70.287,279.653,151.508,126.717,68.651,0.9989,0.9959,0.9913,0.9822,-1.0,-1.0,-1.0,-1.0,-1.0,1.0,-999,-999,11727.0,10678.3,109.095,83.8945,0.857109,51.3031,0.375308,-999,-999,-999,-999,-999,35151055,8369146
28447,10.6759,LD2,-3.642,16.75,3.632,20.005,PI+SIDIS,0.25,3.3,0.52,11.7,120.458,67.78,120.391,67.742,120.481,67.793,264.706,148.947,117.614,66.18,0.999,0.9963,0.9891,0.9831,-1.0,-1.0,-1.0,-1.0,-1.0,1.0,-999,-999,10891.0,9928.67,105.126,83.9878,0.88927,51.2978,0.383019,-999,-999,-999,-999,-999,32645476,7775312
28448,10.6759,LD2,-3.642,16.75,3.632,20.005,PI+SIDIS,0.25,3.3,0.52,11.7,127.221,67.769,127.178,67.746,127.333,67.828,278.613,148.413,124.48,66.308,0.9989,0.9963,0.991,0.9827,-1.0,-1.0,-1.0,-1.0,-1.0,1.0,-999,-999,11426.0,10424.3,107.671,83.5013,0.862466,51.2905,0.379714,-999,-999,-999,-999,-999,34488150,8226982
28450,10.6759,Dummy,-3.642,16.75,3.632,20.005,PI+SIDIS,0.25,3.3,0.52,11.7,93.812,50.157,93.796,50.148,93.843,50.174,283.237,151.434,94.632,50.596,0.9996,0.9944,0.9897,0.9854,-1.0,-1.0,-1.0,-1.0,-1.0,1.0,-999,-999,1330.0,1305.17,36.5259,14.1271,0.395356,51.279,0.389341,-999,-999,-999,-999,-999,5062406,1113620
28451,10.6759,Dummy,-3.642,16.75,3.632,20.005,PI+SIDIS,0.25,3.3,0.52,11.7,149.064,49.807,149.082,49.813,149.248,49.868,451.514,150.865,150.473,50.278,0.9995,0.9943,0.9937,0.9858,-1.0,-1.0,-1.0,-1.0,-1.0,1.0,-999,-999,2151.0,2119.17,46.436,14.4267,0.316125,51.2918,0.390448,-999,-999,-999,-999,-999,8044992,1774792
28452,10.6759,Dummy,-3.642,16.75,3.632,20.005,PI+SIDIS,0.25,3.3,0.52,11.7,126.396,48.741,126.273,48.694,126.587,48.815,385.38,148.611,127.626,49.216,0.9995,0.9927,0.9962,0.9844,-1.0,-1.0,-1.0,-1.0,-1.0,1.0,-999,-999,1897.0,1866.67,43.6126,15.0251,0.351045,51.2612,0.384512,-999,-999,-999,-999,-999,6824778,1507073
28453,10.6759,LH2,-3.642,16.75,3.632,20.005,PI+SIDIS,0.25,3.3,0.52,11.7,104.492,64.827,104.465,64.81,104.934,65.101,235.53,146.123,102.724,63.73,0.9993,0.9955,0.9909,0.9835,-1.0,-1.0,-1.0,-1.0,-1.0,1.0,-999,-999,5262.0,5042.5,72.7914,49.1149,0.709002,51.2784,0.382556,-999,-999,-999,-999,-999,14825000,3438706
28454,10.6759,LH2,-3.642,16.75,3.632,20.005,PI+SIDIS,0.25,3.3,0.52,11.7,118.603,69.894,118.641,69.917,119.219,70.257,257.141,151.536,116.472,68.638,0.9994,0.9951,0.9877,0.9832,-1.0,-1.0,-1.0,-1.0,-1.0,1.0,-999,-999,5924.0,5683.5,77.2275,48.7545,0.662477,51.2618,0.373307,-999,-999,-999,-999,-999,16814010,3890013
28455,10.6759,LH2,-3.642,16.75,3.632,20.005,PI+SIDIS,0.25,3.3,0.52,11.7,128.013,68.27,128.104,68.318,128.8,68.689,280.626,149.658,125.852,67.117,0.9993,0.9947,0.9902,0.9846,-1.0,-1.0,-1.0,-1.0,-1.0,1.0,-999,-999,6356.0,6083.33,80.009,48.2669,0.634814,51.2703,0.387689,-999,-999,-999,-999,-999,18153486,4199986
28456,10.6759,LH2,-3.642,16.75,3.632,20.005,PI+SIDIS,0.25,3.3,0.52,11.7,108.871,68.032,108.941,68.076,109.601,68.488,239.198,149.471,106.995,66.86,0.9994,0.9959,0.9876,0.9846,-1.0,-1.0,-1.0,-1.0,-1.0,1.0,-999,-999,5418.0,5188.0,73.867,48.3978,0.689091,51.2658,0.379213,-999,-999,-999,-999,-999,15443949,3574114
28457,10.6759,LH2,-3.642,16.75,3.632,20.005,PI+SIDIS,0.25,3.3,0.52,11.7,123.355,67.808,123.303,67.779,124.177,68.26,271.752,149.381,121.18,66.613,0.9993,0.9953,0.9911,0.985,-1.0,-1.0,-1.0,-1.0,-1.0,1.0,-999,-999,6185.0,5916.0,78.9293,48.7469,0.650364,51.2648,0.379708,-999,-999,-999,-999,-999,17494624,4046367
28458,10.6759,LH2,-3.642,16.75,3.632,20.005,PI+SIDIS,0.25,3.3,0.52,11.7,124.956,68.946,124.913,68.922,125.851,69.44,273.085,150.678,122.725,67.715,0.9992,0.9947,0.9918,0.9848,-1.0,-1.0,-1.0,-1.0,-1.0,1.0,-999,-999,6408.0,6148.33,80.3198,50.0237,0.653493,51.2606,0.380528,-999,-999,-999,-999,-999,17715719,4095632
28459,10.6759,C,-5.343,15.97,2.978,12.865,PI+SIDIS,0.44,4.4,0.56,-2.0,66.908,38.97,66.854,38.938,67.219,39.151,253.64,147.73,67.772,39.473,0.9993,0.8365,0.982,0.9792,-1.0,-1.0,-1.0,-1.0,-1.0,1.0,-999,-999,16024.0,10771.3,129.998,164.694,1.98768,51.2084,0.397272,-999,-999,-999,-999,-999,10690272,57682186
28460,10.6759,C,-5.343,15.97,2.978,14.865,PI+SIDIS,0.44,4.4,0.56,0.0,92.078,50.508,92.102,50.522,92.799,50.904,277.711,152.335,93.575,51.329,0.9993,0.8421,0.9856,0.9801,-1.0,-1.0,-1.0,-1.0,-1.0,1.0,-999,-999,20967.0,15998.7,147.631,177.408,1.63708,51.2155,0.396612,-999,-999,-999,-999,-999,14725857,40504347
28461,10.6759,C,-5.343,15.97,2.978,14.865,PI+SIDIS,0.44,4.4,0.56,0.0,87.277,49.69,87.21,49.652,87.942,50.069,264.532,150.609,88.677,50.488,0.9993,0.8454,0.9841,0.98,-1.0,-1.0,-1.0,-1.0,-1.0,1.0,-999,-999,19797.0,15106.5,143.453,176.928,1.68013,51.2117,0.399822,-999,-999,-999,-999,-999,13953786,38292483
28462,10.6759,C,-5.343,15.97,2.978,14.865,PI+SIDIS,0.44,4.4,0.56,0.0,94.409,50.484,94.334,50.444,95.143,50.876,284.877,152.334,95.923,51.293,0.9993,0.8396,0.9843,0.9801,-1.0,-1.0,-1.0,-1.0,-1.0,1.0,-999,-999,21401.0,16315.2,149.16,176.629,1.61482,51.2133,0.395013,-999,-999,-999,-999,-999,15093542,41403452
28463,10.6759,C,-5.343,15.97,2.978,16.865,PI+SIDIS,0.44,4.4,0.56,2.0,84.191,49.219,84.174,49.209,84.284,49.274,255.914,149.611,84.806,49.579,0.9994,0.8322,0.9879,0.9818,-1.0,-1.0,-1.0,-1.0,-1.0,1.0,-999,-999,16674.0,14240.5,130.689,172.447,1.5826,51.2849,0.371792,-999,-999,-999,-999,-999,13460060,18139080
28464,10.6759,C,-5.343,15.97,2.978,16.865,PI+SIDIS,0.44,4.4,0.56,2.0,73.948,47.604,73.96,47.611,73.959,47.611,227.264,146.299,74.577,48.008,0.9992,0.833,0.986,0.9816,-1.0,-1.0,-1.0,-1.0,-1.0,1.0,-999,-999,14463.0,12380.0,121.697,170.688,1.67789,51.2788,0.381962,-999,-999,-999,-999,-999,11824884,15937763
28465,10.6759,C,-5.343,15.97,2.978,16.865,PI+SIDIS,0.44,4.4,0.56,2.0,111.3,48.491,111.31,48.495,111.788,48.704,339.979,148.121,112.81,49.149,0.9992,0.8424,0.9878,0.982,-1.0,-1.0,-1.0,-1.0,-1.0,1.0,-999,-999,22170.0,18982.0,150.67,173.829,1.37977,51.2426,0.38253,-999,-999,-999,-999,-999,17796580,24072668
28466,10.6759,C,-5.343,15.97,2.978,16.865,PI+SIDIS,0.44,4.4,0.56,2.0,56.832,49.307,56.779,49.261,57.169,49.6,172.608,149.755,57.685,50.048,0.9992,0.826,0.9864,0.9812,-1.0,-1.0,-1.0,-1.0,-1.0,1.0,-999,-999,11110.0,9490.67,106.677,170.519,1.91666,51.2229,0.379871,-999,-999,-999,-999,-999,9089512,12312743
28467,10.6759,C,-5.343,15.97,2.978,16.865,PI+SIDIS,0.44,4.4,0.56,2.0,71.248,50.08,71.187,50.037,71.759,50.44,215.234,151.288,72.398,50.889,0.9993,0.8424,0.9865,0.9821,-1.0,-1.0,-1.0,-1.0,-1.0,1.0,-999,-999,14205.0,12166.7,120.602,174.181,1.72656,51.2213,0.392945,-999,-999,-999,-999,-999,11386698,15426356
28468,10.6759,C,-5.343,15.97,2.978,14.865,PI+SIDIS,0.44,4.4,0.56,0.0,86.136,49.174,86.138,49.175,86.16,49.188,261.907,149.52,86.693,49.492,0.9993,0.8411,0.9844,0.979,-1.0,-1.0,-1.0,-1.0,-1.0,1.0,-999,-999,19379.0,14753.5,141.95,175.123,1.68495,51.2725,0.376922,-999,-999,-999,-999,-999,13782090,37701172
28469,10.6759,C,-5.343,15.97,2.978,14.865,PI+SIDIS,0.44,4.4,0.56,0.0,83.102,48.641,83.117,48.65,83.212,48.705,254.072,148.713,83.946,49.135,0.9992,0.8477,0.9839,0.9791,-1.0,-1.0,-1.0,-1.0,-1.0,1.0,-999,-999,18803.0,14349.0,139.805,176.502,1.71969,51.2551,0.379083,-999,-999,-999,-999,-999,13286375,36271823
28470,10.6759,C,-5.343,15.97,2.978,12.86,PI+SIDIS,0.44,4.4,0.56,-2.0,72.651,41.898,72.546,41.838,72.718,41.937,260.99,150.515,73.338,42.295,0.9993,0.8338,0.9815,0.9772,-1.0,-1.0,-1.0,-1.0,-1.0,1.0,-999,-999,17795.0,11715.5,137.143,165.424,1.93647,51.2259,0.394582,-999,-999,-999,-999,-999,11614197,62595939
28471,10.6759,C,-5.343,15.97,2.978,12.86,PI+SIDIS,0.44,4.4,0.56,-2.0,71.676,41.271,71.544,41.195,71.737,41.306,257.703,148.383,72.331,41.648,0.9992,0.8476,0.9819,0.9774,-1.0,-1.0,-1.0,-1.0,-1.0,1.0,-999,-999,17685.0,11747.2,136.655,168.172,1.95635,51.2212,0.394952,-999,-999,-999,-999,-999,11458492,61543300
